"PLAYER_ID","PLAYER_NAME","TEAM_ID","TEAM_NAME","SEASON","GAME_ID","GAME_DATE","LOC_X","LOC_Y","SHOT_MADE"
203110,"Draymond Green","1610612744","Golden State Warriors",2015,"0021400014","20141029",5.4,8.65,FALSE
203110,"Draymond Green","1610612744","Golden State Warriors",2015,"0021400014","20141029",-1.3,5.55,TRUE
203110,"Draymond Green","1610612744","Golden State Warriors",2015,"0021400014","20141029",4.9,26.35,FALSE
203110,"Draymond Green","1610612744","Golden State Warriors",2015,"0021400014","20141029",-0.9,5.35,TRUE
203110,"Draymond Green","1610612744","Golden State Warriors",2015,"0021400014","20141029",-15.9,6.65,FALSE
203110,"Draymond Green","1610612744","Golden State Warriors",2015,"0021400014","20141029",-14.9,25.55,TRUE
203110,"Draymond Green","1610612744","Golden State Warriors",2015,"0021400014","20141029",12.2,26.85,TRUE
203110,"Draymond Green","1610612744","Golden State Warriors",2015,"0021400038","20141101",1.5,14.65,FALSE
203110,"Draymond Green","1610612744","Golden State Warriors",2015,"0021400038","20141101",0,14.85,FALSE
203110,"Draymond Green","1610612744","Golden State Warriors",2015,"0021400038","20141101",1.6,7.25,FALSE
203110,"Draymond Green","1610612744","Golden State Warriors",2015,"0021400038","20141101",-20.9,19.05,TRUE
203110,"Draymond Green","1610612744","Golden State Warriors",2015,"0021400038","20141101",23.2,10.55,FALSE
203110,"Draymond Green","1610612744","Golden State Warriors",2015,"0021400038","20141101",6,9.35,FALSE
203110,"Draymond Green","1610612744","Golden State Warriors",2015,"0021400038","20141101",0,5.35,TRUE
203110,"Draymond Green","1610612744","Golden State Warriors",2015,"0021400038","20141101",0,5.35,TRUE
203110,"Draymond Green","1610612744","Golden State Warriors",2015,"0021400038","20141101",2.1,6.75,FALSE
203110,"Draymond Green","1610612744","Golden State Warriors",2015,"0021400042","20141102",2.6,5.55,FALSE
203110,"Draymond Green","1610612744","Golden State Warriors",2015,"0021400042","20141102",1.1,4.95,FALSE
203110,"Draymond Green","1610612744","Golden State Warriors",2015,"0021400042","20141102",-14,25.25,FALSE
203110,"Draymond Green","1610612744","Golden State Warriors",2015,"0021400042","20141102",1.3,5.35,TRUE
203110,"Draymond Green","1610612744","Golden State Warriors",2015,"0021400042","20141102",0,5.35,TRUE
203110,"Draymond Green","1610612744","Golden State Warriors",2015,"0021400042","20141102",17.1,14.95,FALSE
203110,"Draymond Green","1610612744","Golden State Warriors",2015,"0021400042","20141102",-2.6,29.45,FALSE
203110,"Draymond Green","1610612744","Golden State Warriors",2015,"0021400068","20141105",-11.1,14.05,TRUE
203110,"Draymond Green","1610612744","Golden State Warriors",2015,"0021400068","20141105",7.1,29.95,TRUE
203110,"Draymond Green","1610612744","Golden State Warriors",2015,"0021400068","20141105",3.7,32.05,TRUE
203110,"Draymond Green","1610612744","Golden State Warriors",2015,"0021400068","20141105",15,27.95,FALSE
203110,"Draymond Green","1610612744","Golden State Warriors",2015,"0021400068","20141105",-9.9,20.15,TRUE
203110,"Draymond Green","1610612744","Golden State Warriors",2015,"0021400068","20141105",-0.6,13.85,TRUE
203110,"Draymond Green","1610612744","Golden State Warriors",2015,"0021400068","20141105",-22.6,7.25,TRUE
203110,"Draymond Green","1610612744","Golden State Warriors",2015,"0021400068","20141105",-14.6,26.35,TRUE
203110,"Draymond Green","1610612744","Golden State Warriors",2015,"0021400068","20141105",-7.3,29.95,FALSE
203110,"Draymond Green","1610612744","Golden State Warriors",2015,"0021400068","20141105",6.7,31.35,FALSE
203110,"Draymond Green","1610612744","Golden State Warriors",2015,"0021400068","20141105",0,5.35,TRUE
203110,"Draymond Green","1610612744","Golden State Warriors",2015,"0021400068","20141105",-0.1,31.85,FALSE
203110,"Draymond Green","1610612744","Golden State Warriors",2015,"0021400068","20141105",-3.7,13.45,FALSE
203110,"Draymond Green","1610612744","Golden State Warriors",2015,"0021400087","20141108",0,4.25,TRUE
203110,"Draymond Green","1610612744","Golden State Warriors",2015,"0021400087","20141108",-0.1,4.25,TRUE
203110,"Draymond Green","1610612744","Golden State Warriors",2015,"0021400087","20141108",-0.1,5.55,TRUE
203110,"Draymond Green","1610612744","Golden State Warriors",2015,"0021400087","20141108",22.9,8.65,FALSE
203110,"Draymond Green","1610612744","Golden State Warriors",2015,"0021400087","20141108",10.8,27.65,TRUE
203110,"Draymond Green","1610612744","Golden State Warriors",2015,"0021400087","20141108",-10.6,27.75,FALSE
203110,"Draymond Green","1610612744","Golden State Warriors",2015,"0021400087","20141108",-0.6,6.15,FALSE
203110,"Draymond Green","1610612744","Golden State Warriors",2015,"0021400087","20141108",-16,10.45,FALSE
203110,"Draymond Green","1610612744","Golden State Warriors",2015,"0021400087","20141108",4.1,13.05,FALSE
203110,"Draymond Green","1610612744","Golden State Warriors",2015,"0021400087","20141108",-1.7,5.05,TRUE
203110,"Draymond Green","1610612744","Golden State Warriors",2015,"0021400087","20141108",-11.8,26.85,FALSE
203110,"Draymond Green","1610612744","Golden State Warriors",2015,"0021400087","20141108",0.4,5.05,TRUE
203110,"Draymond Green","1610612744","Golden State Warriors",2015,"0021400087","20141108",23.2,13.05,FALSE
203110,"Draymond Green","1610612744","Golden State Warriors",2015,"0021400095","20141109",-18.1,7.55,TRUE
203110,"Draymond Green","1610612744","Golden State Warriors",2015,"0021400095","20141109",21.8,17.95,FALSE
203110,"Draymond Green","1610612744","Golden State Warriors",2015,"0021400095","20141109",1.8,12.75,FALSE
203110,"Draymond Green","1610612744","Golden State Warriors",2015,"0021400095","20141109",-0.6,5.95,TRUE
203110,"Draymond Green","1610612744","Golden State Warriors",2015,"0021400095","20141109",-4.8,30.25,FALSE
203110,"Draymond Green","1610612744","Golden State Warriors",2015,"0021400095","20141109",-2.3,29.95,TRUE
203110,"Draymond Green","1610612744","Golden State Warriors",2015,"0021400095","20141109",-7,29.05,TRUE
203110,"Draymond Green","1610612744","Golden State Warriors",2015,"0021400095","20141109",-0.1,7.45,TRUE
203110,"Draymond Green","1610612744","Golden State Warriors",2015,"0021400095","20141109",6.2,30.45,FALSE
203110,"Draymond Green","1610612744","Golden State Warriors",2015,"0021400095","20141109",-8.6,7.85,TRUE
203110,"Draymond Green","1610612744","Golden State Warriors",2015,"0021400095","20141109",19.6,20.65,TRUE
203110,"Draymond Green","1610612744","Golden State Warriors",2015,"0021400095","20141109",-7.3,9.45,FALSE
203110,"Draymond Green","1610612744","Golden State Warriors",2015,"0021400095","20141109",-7.5,29.45,FALSE
203110,"Draymond Green","1610612744","Golden State Warriors",2015,"0021400095","20141109",4.9,15.45,FALSE
203110,"Draymond Green","1610612744","Golden State Warriors",2015,"0021400108","20141111",0.2,28.25,FALSE
203110,"Draymond Green","1610612744","Golden State Warriors",2015,"0021400108","20141111",8.7,20.95,FALSE
203110,"Draymond Green","1610612744","Golden State Warriors",2015,"0021400108","20141111",2.3,31.35,TRUE
203110,"Draymond Green","1610612744","Golden State Warriors",2015,"0021400108","20141111",2.6,32.85,FALSE
203110,"Draymond Green","1610612744","Golden State Warriors",2015,"0021400108","20141111",-2,6.35,FALSE
203110,"Draymond Green","1610612744","Golden State Warriors",2015,"0021400108","20141111",0,5.35,TRUE
203110,"Draymond Green","1610612744","Golden State Warriors",2015,"0021400108","20141111",-0.4,7.45,FALSE
203110,"Draymond Green","1610612744","Golden State Warriors",2015,"0021400121","20141113",18.5,25.85,TRUE
203110,"Draymond Green","1610612744","Golden State Warriors",2015,"0021400121","20141113",15.8,27.15,TRUE
203110,"Draymond Green","1610612744","Golden State Warriors",2015,"0021400121","20141113",18.8,23.55,FALSE
203110,"Draymond Green","1610612744","Golden State Warriors",2015,"0021400121","20141113",4.5,13.05,FALSE
203110,"Draymond Green","1610612744","Golden State Warriors",2015,"0021400121","20141113",17.7,28.85,FALSE
203110,"Draymond Green","1610612744","Golden State Warriors",2015,"0021400121","20141113",0.7,6.35,TRUE
203110,"Draymond Green","1610612744","Golden State Warriors",2015,"0021400121","20141113",-10.6,29.05,FALSE
203110,"Draymond Green","1610612744","Golden State Warriors",2015,"0021400121","20141113",0.4,17.65,TRUE
203110,"Draymond Green","1610612744","Golden State Warriors",2015,"0021400121","20141113",-0.2,7.25,TRUE
203110,"Draymond Green","1610612744","Golden State Warriors",2015,"0021400121","20141113",8.7,31.25,TRUE
203110,"Draymond Green","1610612744","Golden State Warriors",2015,"0021400121","20141113",-2.1,6.75,TRUE
203110,"Draymond Green","1610612744","Golden State Warriors",2015,"0021400121","20141113",6.8,31.35,FALSE
203110,"Draymond Green","1610612744","Golden State Warriors",2015,"0021400121","20141113",-11.4,29.85,FALSE
203110,"Draymond Green","1610612744","Golden State Warriors",2015,"0021400121","20141113",1.4,6.65,FALSE
203110,"Draymond Green","1610612744","Golden State Warriors",2015,"0021400140","20141115",-1.7,7.15,FALSE
203110,"Draymond Green","1610612744","Golden State Warriors",2015,"0021400140","20141115",-1.5,6.65,TRUE
203110,"Draymond Green","1610612744","Golden State Warriors",2015,"0021400140","20141115",-0.1,5.95,TRUE
203110,"Draymond Green","1610612744","Golden State Warriors",2015,"0021400140","20141115",-14,27.25,FALSE
203110,"Draymond Green","1610612744","Golden State Warriors",2015,"0021400140","20141115",-13.5,27.75,FALSE
203110,"Draymond Green","1610612744","Golden State Warriors",2015,"0021400140","20141115",-8,31.05,FALSE
203110,"Draymond Green","1610612744","Golden State Warriors",2015,"0021400140","20141115",-15.1,26.15,TRUE
203110,"Draymond Green","1610612744","Golden State Warriors",2015,"0021400140","20141115",4.6,31.35,FALSE
203110,"Draymond Green","1610612744","Golden State Warriors",2015,"0021400145","20141116",-1.8,6.35,TRUE
203110,"Draymond Green","1610612744","Golden State Warriors",2015,"0021400145","20141116",-2.8,7.25,TRUE
203110,"Draymond Green","1610612744","Golden State Warriors",2015,"0021400145","20141116",-13.6,28.35,TRUE
203110,"Draymond Green","1610612744","Golden State Warriors",2015,"0021400145","20141116",10.3,29.85,TRUE
203110,"Draymond Green","1610612744","Golden State Warriors",2015,"0021400145","20141116",-2.3,9.15,FALSE
203110,"Draymond Green","1610612744","Golden State Warriors",2015,"0021400182","20141121",0,5.35,TRUE
203110,"Draymond Green","1610612744","Golden State Warriors",2015,"0021400182","20141121",-17.4,25.55,FALSE
203110,"Draymond Green","1610612744","Golden State Warriors",2015,"0021400182","20141121",-14.3,26.85,FALSE
203110,"Draymond Green","1610612744","Golden State Warriors",2015,"0021400182","20141121",0.4,31.25,TRUE
203110,"Draymond Green","1610612744","Golden State Warriors",2015,"0021400182","20141121",-14.3,28.55,FALSE
203110,"Draymond Green","1610612744","Golden State Warriors",2015,"0021400182","20141121",23.4,10.45,FALSE
203110,"Draymond Green","1610612744","Golden State Warriors",2015,"0021400182","20141121",-1,6.65,TRUE
203110,"Draymond Green","1610612744","Golden State Warriors",2015,"0021400182","20141121",0,5.35,TRUE
203110,"Draymond Green","1610612744","Golden State Warriors",2015,"0021400196","20141123",2.3,5.95,FALSE
203110,"Draymond Green","1610612744","Golden State Warriors",2015,"0021400196","20141123",13,26.95,TRUE
203110,"Draymond Green","1610612744","Golden State Warriors",2015,"0021400196","20141123",19,20.85,FALSE
203110,"Draymond Green","1610612744","Golden State Warriors",2015,"0021400196","20141123",-3.6,29.35,FALSE
203110,"Draymond Green","1610612744","Golden State Warriors",2015,"0021400196","20141123",0.7,5.25,FALSE
203110,"Draymond Green","1610612744","Golden State Warriors",2015,"0021400196","20141123",2.1,6.15,FALSE
203110,"Draymond Green","1610612744","Golden State Warriors",2015,"0021400196","20141123",0,5.35,FALSE
203110,"Draymond Green","1610612744","Golden State Warriors",2015,"0021400196","20141123",5.2,29.05,FALSE
203110,"Draymond Green","1610612744","Golden State Warriors",2015,"0021400196","20141123",-1.5,5.35,TRUE
203110,"Draymond Green","1610612744","Golden State Warriors",2015,"0021400196","20141123",-22.8,6.45,FALSE
203110,"Draymond Green","1610612744","Golden State Warriors",2015,"0021400196","20141123",-1,6.15,TRUE
203110,"Draymond Green","1610612744","Golden State Warriors",2015,"0021400206","20141125",-2.3,5.05,TRUE
203110,"Draymond Green","1610612744","Golden State Warriors",2015,"0021400206","20141125",-1,5.65,FALSE
203110,"Draymond Green","1610612744","Golden State Warriors",2015,"0021400206","20141125",-1.8,5.35,FALSE
203110,"Draymond Green","1610612744","Golden State Warriors",2015,"0021400206","20141125",2.1,26.05,TRUE
203110,"Draymond Green","1610612744","Golden State Warriors",2015,"0021400206","20141125",22.9,12.15,FALSE
203110,"Draymond Green","1610612744","Golden State Warriors",2015,"0021400206","20141125",17.2,22.85,FALSE
203110,"Draymond Green","1610612744","Golden State Warriors",2015,"0021400206","20141125",-19.8,20.95,FALSE
203110,"Draymond Green","1610612744","Golden State Warriors",2015,"0021400206","20141125",0,5.35,TRUE
203110,"Draymond Green","1610612744","Golden State Warriors",2015,"0021400212","20141126",0,5.35,TRUE
203110,"Draymond Green","1610612744","Golden State Warriors",2015,"0021400212","20141126",6.4,31.25,FALSE
203110,"Draymond Green","1610612744","Golden State Warriors",2015,"0021400212","20141126",2.1,30.65,FALSE
203110,"Draymond Green","1610612744","Golden State Warriors",2015,"0021400212","20141126",9.3,28.85,FALSE
203110,"Draymond Green","1610612744","Golden State Warriors",2015,"0021400212","20141126",-1.7,7.15,TRUE
203110,"Draymond Green","1610612744","Golden State Warriors",2015,"0021400212","20141126",-9.9,29.65,TRUE
203110,"Draymond Green","1610612744","Golden State Warriors",2015,"0021400212","20141126",-12.2,28.35,TRUE
203110,"Draymond Green","1610612744","Golden State Warriors",2015,"0021400212","20141126",-8.8,29.95,FALSE
203110,"Draymond Green","1610612744","Golden State Warriors",2015,"0021400224","20141128",1.1,6.75,TRUE
203110,"Draymond Green","1610612744","Golden State Warriors",2015,"0021400224","20141128",0,7.85,TRUE
203110,"Draymond Green","1610612744","Golden State Warriors",2015,"0021400224","20141128",-0.4,6.65,TRUE
203110,"Draymond Green","1610612744","Golden State Warriors",2015,"0021400224","20141128",-2.4,30.95,FALSE
203110,"Draymond Green","1610612744","Golden State Warriors",2015,"0021400224","20141128",-15.5,13.55,FALSE
203110,"Draymond Green","1610612744","Golden State Warriors",2015,"0021400224","20141128",0,6.75,TRUE
203110,"Draymond Green","1610612744","Golden State Warriors",2015,"0021400224","20141128",17.4,25.05,FALSE
203110,"Draymond Green","1610612744","Golden State Warriors",2015,"0021400224","20141128",-0.6,16.05,FALSE
203110,"Draymond Green","1610612744","Golden State Warriors",2015,"0021400224","20141128",-4.3,8.35,FALSE
203110,"Draymond Green","1610612744","Golden State Warriors",2015,"0021400243","20141130",3.7,7.55,FALSE
203110,"Draymond Green","1610612744","Golden State Warriors",2015,"0021400243","20141130",14.2,27.45,TRUE
203110,"Draymond Green","1610612744","Golden State Warriors",2015,"0021400243","20141130",19,20.65,FALSE
203110,"Draymond Green","1610612744","Golden State Warriors",2015,"0021400243","20141130",-0.6,6.15,FALSE
203110,"Draymond Green","1610612744","Golden State Warriors",2015,"0021400243","20141130",0,5.85,TRUE
203110,"Draymond Green","1610612744","Golden State Warriors",2015,"0021400243","20141130",-2.8,6.75,FALSE
203110,"Draymond Green","1610612744","Golden State Warriors",2015,"0021400243","20141130",-4.7,30.45,TRUE
203110,"Draymond Green","1610612744","Golden State Warriors",2015,"0021400243","20141130",19,23.95,TRUE
203110,"Draymond Green","1610612744","Golden State Warriors",2015,"0021400243","20141130",-0.4,12.95,TRUE
203110,"Draymond Green","1610612744","Golden State Warriors",2015,"0021400243","20141130",11.6,29.65,TRUE
203110,"Draymond Green","1610612744","Golden State Warriors",2015,"0021400243","20141130",7.6,29.85,FALSE
203110,"Draymond Green","1610612744","Golden State Warriors",2015,"0021400243","20141130",-10.6,29.65,TRUE
203110,"Draymond Green","1610612744","Golden State Warriors",2015,"0021400243","20141130",-6.1,31.25,FALSE
203110,"Draymond Green","1610612744","Golden State Warriors",2015,"0021400262","20141202",23.4,5.25,FALSE
203110,"Draymond Green","1610612744","Golden State Warriors",2015,"0021400262","20141202",17.9,25.55,FALSE
203110,"Draymond Green","1610612744","Golden State Warriors",2015,"0021400262","20141202",0,5.35,TRUE
203110,"Draymond Green","1610612744","Golden State Warriors",2015,"0021400262","20141202",22.3,6.65,FALSE
203110,"Draymond Green","1610612744","Golden State Warriors",2015,"0021400262","20141202",-1,5.35,FALSE
203110,"Draymond Green","1610612744","Golden State Warriors",2015,"0021400262","20141202",-0.2,6.45,TRUE
203110,"Draymond Green","1610612744","Golden State Warriors",2015,"0021400262","20141202",1.1,6.65,TRUE
203110,"Draymond Green","1610612744","Golden State Warriors",2015,"0021400262","20141202",-1.5,5.95,TRUE
203110,"Draymond Green","1610612744","Golden State Warriors",2015,"0021400262","20141202",1.3,30.95,FALSE
203110,"Draymond Green","1610612744","Golden State Warriors",2015,"0021400262","20141202",-0.2,30.95,FALSE
203110,"Draymond Green","1610612744","Golden State Warriors",2015,"0021400262","20141202",-0.4,8.05,FALSE
203110,"Draymond Green","1610612744","Golden State Warriors",2015,"0021400262","20141202",1.3,6.65,FALSE
203110,"Draymond Green","1610612744","Golden State Warriors",2015,"0021400275","20141204",22.8,7.25,FALSE
203110,"Draymond Green","1610612744","Golden State Warriors",2015,"0021400275","20141204",22.9,9.35,FALSE
203110,"Draymond Green","1610612744","Golden State Warriors",2015,"0021400275","20141204",1.4,6.35,FALSE
203110,"Draymond Green","1610612744","Golden State Warriors",2015,"0021400275","20141204",0.8,6.65,TRUE
203110,"Draymond Green","1610612744","Golden State Warriors",2015,"0021400275","20141204",-8.1,21.95,FALSE
203110,"Draymond Green","1610612744","Golden State Warriors",2015,"0021400275","20141204",-6.1,16.25,TRUE
203110,"Draymond Green","1610612744","Golden State Warriors",2015,"0021400275","20141204",-23.7,7.55,FALSE
203110,"Draymond Green","1610612744","Golden State Warriors",2015,"0021400275","20141204",0,5.35,FALSE
203110,"Draymond Green","1610612744","Golden State Warriors",2015,"0021400275","20141204",0,6.65,TRUE
203110,"Draymond Green","1610612744","Golden State Warriors",2015,"0021400275","20141204",18.3,23.15,TRUE
203110,"Draymond Green","1610612744","Golden State Warriors",2015,"0021400275","20141204",1.3,6.75,TRUE
203110,"Draymond Green","1610612744","Golden State Warriors",2015,"0021400275","20141204",0.2,6.35,FALSE
203110,"Draymond Green","1610612744","Golden State Warriors",2015,"0021400275","20141204",2.3,31.05,TRUE
203110,"Draymond Green","1610612744","Golden State Warriors",2015,"0021400289","20141206",17.2,23.55,FALSE
203110,"Draymond Green","1610612744","Golden State Warriors",2015,"0021400289","20141206",-10,28.05,TRUE
203110,"Draymond Green","1610612744","Golden State Warriors",2015,"0021400289","20141206",14.6,25.85,TRUE
203110,"Draymond Green","1610612744","Golden State Warriors",2015,"0021400289","20141206",-1.8,29.85,TRUE
203110,"Draymond Green","1610612744","Golden State Warriors",2015,"0021400289","20141206",0,5.35,TRUE
203110,"Draymond Green","1610612744","Golden State Warriors",2015,"0021400289","20141206",5.1,28.55,FALSE
203110,"Draymond Green","1610612744","Golden State Warriors",2015,"0021400289","20141206",17.9,5.05,FALSE
203110,"Draymond Green","1610612744","Golden State Warriors",2015,"0021400289","20141206",7.8,22.05,FALSE
203110,"Draymond Green","1610612744","Golden State Warriors",2015,"0021400289","20141206",-1,5.95,TRUE
203110,"Draymond Green","1610612744","Golden State Warriors",2015,"0021400289","20141206",15.5,24.75,TRUE
203110,"Draymond Green","1610612744","Golden State Warriors",2015,"0021400289","20141206",-14.1,26.55,FALSE
203110,"Draymond Green","1610612744","Golden State Warriors",2015,"0021400289","20141206",-1.3,5.85,TRUE
203110,"Draymond Green","1610612744","Golden State Warriors",2015,"0021400289","20141206",-12.4,27.75,TRUE
203110,"Draymond Green","1610612744","Golden State Warriors",2015,"0021400289","20141206",2.7,6.35,FALSE
203110,"Draymond Green","1610612744","Golden State Warriors",2015,"0021400289","20141206",-1.3,30.45,FALSE
203110,"Draymond Green","1610612744","Golden State Warriors",2015,"0021400289","20141206",7.1,29.15,FALSE
203110,"Draymond Green","1610612744","Golden State Warriors",2015,"0021400289","20141206",-5.6,30.75,TRUE
203110,"Draymond Green","1610612744","Golden State Warriors",2015,"0021400289","20141206",12.2,26.95,TRUE
203110,"Draymond Green","1610612744","Golden State Warriors",2015,"0021400289","20141206",-2.6,9.15,TRUE
203110,"Draymond Green","1610612744","Golden State Warriors",2015,"0021400289","20141206",-18.4,24.25,FALSE
203110,"Draymond Green","1610612744","Golden State Warriors",2015,"0021400305","20141208",-8.6,29.15,FALSE
203110,"Draymond Green","1610612744","Golden State Warriors",2015,"0021400305","20141208",-2.3,9.65,FALSE
203110,"Draymond Green","1610612744","Golden State Warriors",2015,"0021400305","20141208",0,5.35,TRUE
203110,"Draymond Green","1610612744","Golden State Warriors",2015,"0021400305","20141208",-1.2,29.95,FALSE
203110,"Draymond Green","1610612744","Golden State Warriors",2015,"0021400305","20141208",-1.8,4.95,TRUE
203110,"Draymond Green","1610612744","Golden State Warriors",2015,"0021400305","20141208",-3.1,14.95,FALSE
203110,"Draymond Green","1610612744","Golden State Warriors",2015,"0021400305","20141208",0.6,7.65,FALSE
203110,"Draymond Green","1610612744","Golden State Warriors",2015,"0021400305","20141208",-6.8,9.55,FALSE
203110,"Draymond Green","1610612744","Golden State Warriors",2015,"0021400305","20141208",-1.1,6.45,TRUE
203110,"Draymond Green","1610612744","Golden State Warriors",2015,"0021400305","20141208",17.8,24.65,FALSE
203110,"Draymond Green","1610612744","Golden State Warriors",2015,"0021400324","20141210",16,26.05,TRUE
203110,"Draymond Green","1610612744","Golden State Warriors",2015,"0021400324","20141210",-23.9,6.15,FALSE
203110,"Draymond Green","1610612744","Golden State Warriors",2015,"0021400324","20141210",17.7,23.95,FALSE
203110,"Draymond Green","1610612744","Golden State Warriors",2015,"0021400324","20141210",0,5.35,TRUE
203110,"Draymond Green","1610612744","Golden State Warriors",2015,"0021400324","20141210",-15.5,27.15,FALSE
203110,"Draymond Green","1610612744","Golden State Warriors",2015,"0021400324","20141210",4.8,8.85,FALSE
203110,"Draymond Green","1610612744","Golden State Warriors",2015,"0021400324","20141210",1.5,6.45,TRUE
203110,"Draymond Green","1610612744","Golden State Warriors",2015,"0021400324","20141210",0,5.35,TRUE
203110,"Draymond Green","1610612744","Golden State Warriors",2015,"0021400340","20141213",2.3,19.55,TRUE
203110,"Draymond Green","1610612744","Golden State Warriors",2015,"0021400340","20141213",-4.5,5.55,FALSE
203110,"Draymond Green","1610612744","Golden State Warriors",2015,"0021400340","20141213",3.7,29.85,TRUE
203110,"Draymond Green","1610612744","Golden State Warriors",2015,"0021400340","20141213",14.5,25.15,FALSE
203110,"Draymond Green","1610612744","Golden State Warriors",2015,"0021400340","20141213",0,5.35,TRUE
203110,"Draymond Green","1610612744","Golden State Warriors",2015,"0021400340","20141213",-5,29.65,TRUE
203110,"Draymond Green","1610612744","Golden State Warriors",2015,"0021400340","20141213",5.9,6.75,TRUE
203110,"Draymond Green","1610612744","Golden State Warriors",2015,"0021400340","20141213",-9.2,28.05,FALSE
203110,"Draymond Green","1610612744","Golden State Warriors",2015,"0021400348","20141214",3.2,5.25,FALSE
203110,"Draymond Green","1610612744","Golden State Warriors",2015,"0021400348","20141214",-2,30.25,FALSE
203110,"Draymond Green","1610612744","Golden State Warriors",2015,"0021400348","20141214",-7.7,7.15,FALSE
203110,"Draymond Green","1610612744","Golden State Warriors",2015,"0021400348","20141214",0,8.55,FALSE
203110,"Draymond Green","1610612744","Golden State Warriors",2015,"0021400348","20141214",-1.7,7.45,FALSE
203110,"Draymond Green","1610612744","Golden State Warriors",2015,"0021400348","20141214",0,5.35,TRUE
203110,"Draymond Green","1610612744","Golden State Warriors",2015,"0021400348","20141214",-1.3,6.15,TRUE
203110,"Draymond Green","1610612744","Golden State Warriors",2015,"0021400348","20141214",-2.1,5.85,TRUE
203110,"Draymond Green","1610612744","Golden State Warriors",2015,"0021400348","20141214",-2.4,5.55,FALSE
203110,"Draymond Green","1610612744","Golden State Warriors",2015,"0021400348","20141214",-2.4,5.55,TRUE
203110,"Draymond Green","1610612744","Golden State Warriors",2015,"0021400348","20141214",-2.1,5.85,TRUE
203110,"Draymond Green","1610612744","Golden State Warriors",2015,"0021400365","20141216",-8.6,26.05,FALSE
203110,"Draymond Green","1610612744","Golden State Warriors",2015,"0021400365","20141216",4.5,25.85,FALSE
203110,"Draymond Green","1610612744","Golden State Warriors",2015,"0021400365","20141216",0.2,6.15,FALSE
203110,"Draymond Green","1610612744","Golden State Warriors",2015,"0021400365","20141216",11.1,28.55,FALSE
203110,"Draymond Green","1610612744","Golden State Warriors",2015,"0021400365","20141216",-0.9,18.45,TRUE
203110,"Draymond Green","1610612744","Golden State Warriors",2015,"0021400365","20141216",4.3,30.65,FALSE
203110,"Draymond Green","1610612744","Golden State Warriors",2015,"0021400365","20141216",-0.2,4.75,FALSE
203110,"Draymond Green","1610612744","Golden State Warriors",2015,"0021400365","20141216",9.5,29.85,FALSE
203110,"Draymond Green","1610612744","Golden State Warriors",2015,"0021400365","20141216",0.8,6.15,FALSE
203110,"Draymond Green","1610612744","Golden State Warriors",2015,"0021400365","20141216",-22,18.95,FALSE
203110,"Draymond Green","1610612744","Golden State Warriors",2015,"0021400365","20141216",0,5.35,TRUE
203110,"Draymond Green","1610612744","Golden State Warriors",2015,"0021400382","20141218",5.9,30.15,FALSE
203110,"Draymond Green","1610612744","Golden State Warriors",2015,"0021400382","20141218",-5.9,17.85,TRUE
203110,"Draymond Green","1610612744","Golden State Warriors",2015,"0021400382","20141218",0,5.35,TRUE
203110,"Draymond Green","1610612744","Golden State Warriors",2015,"0021400382","20141218",-4.8,13.45,TRUE
203110,"Draymond Green","1610612744","Golden State Warriors",2015,"0021400382","20141218",0,11.55,TRUE
203110,"Draymond Green","1610612744","Golden State Warriors",2015,"0021400382","20141218",0,5.35,FALSE
203110,"Draymond Green","1610612744","Golden State Warriors",2015,"0021400382","20141218",16.8,25.25,TRUE
203110,"Draymond Green","1610612744","Golden State Warriors",2015,"0021400382","20141218",-16.5,25.55,FALSE
203110,"Draymond Green","1610612744","Golden State Warriors",2015,"0021400382","20141218",-0.7,9.15,FALSE
203110,"Draymond Green","1610612744","Golden State Warriors",2015,"0021400382","20141218",-0.6,5.55,TRUE
203110,"Draymond Green","1610612744","Golden State Warriors",2015,"0021400382","20141218",20.9,21.15,FALSE
203110,"Draymond Green","1610612744","Golden State Warriors",2015,"0021400382","20141218",6.7,31.35,FALSE
203110,"Draymond Green","1610612744","Golden State Warriors",2015,"0021400382","20141218",-1.2,21.75,FALSE
203110,"Draymond Green","1610612744","Golden State Warriors",2015,"0021400382","20141218",1.6,6.35,TRUE
203110,"Draymond Green","1610612744","Golden State Warriors",2015,"0021400415","20141222",-8.9,17.85,FALSE
203110,"Draymond Green","1610612744","Golden State Warriors",2015,"0021400415","20141222",14.6,27.95,FALSE
203110,"Draymond Green","1610612744","Golden State Warriors",2015,"0021400415","20141222",-4.2,8.05,TRUE
203110,"Draymond Green","1610612744","Golden State Warriors",2015,"0021400415","20141222",-17.7,25.35,FALSE
203110,"Draymond Green","1610612744","Golden State Warriors",2015,"0021400415","20141222",0,5.35,TRUE
203110,"Draymond Green","1610612744","Golden State Warriors",2015,"0021400426","20141223",14.2,14.95,FALSE
203110,"Draymond Green","1610612744","Golden State Warriors",2015,"0021400426","20141223",-4.3,23.05,FALSE
203110,"Draymond Green","1610612744","Golden State Warriors",2015,"0021400426","20141223",-14.9,5.65,FALSE
203110,"Draymond Green","1610612744","Golden State Warriors",2015,"0021400426","20141223",-5.8,7.15,FALSE
203110,"Draymond Green","1610612744","Golden State Warriors",2015,"0021400426","20141223",-4.2,7.45,FALSE
203110,"Draymond Green","1610612744","Golden State Warriors",2015,"0021400426","20141223",-2.3,5.35,TRUE
203110,"Draymond Green","1610612744","Golden State Warriors",2015,"0021400431","20141225",16.6,24.45,TRUE
203110,"Draymond Green","1610612744","Golden State Warriors",2015,"0021400431","20141225",15.2,25.35,FALSE
203110,"Draymond Green","1610612744","Golden State Warriors",2015,"0021400431","20141225",-14.7,27.45,FALSE
203110,"Draymond Green","1610612744","Golden State Warriors",2015,"0021400431","20141225",7.1,26.15,TRUE
203110,"Draymond Green","1610612744","Golden State Warriors",2015,"0021400431","20141225",0.5,3.95,FALSE
203110,"Draymond Green","1610612744","Golden State Warriors",2015,"0021400431","20141225",0,30.65,TRUE
203110,"Draymond Green","1610612744","Golden State Warriors",2015,"0021400431","20141225",-14.5,14.55,TRUE
203110,"Draymond Green","1610612744","Golden State Warriors",2015,"0021400431","20141225",8.9,30.75,FALSE
203110,"Draymond Green","1610612744","Golden State Warriors",2015,"0021400431","20141225",-0.6,5.25,FALSE
203110,"Draymond Green","1610612744","Golden State Warriors",2015,"0021400431","20141225",-9.7,18.65,FALSE
203110,"Draymond Green","1610612744","Golden State Warriors",2015,"0021400452","20141227",0.5,8.35,FALSE
203110,"Draymond Green","1610612744","Golden State Warriors",2015,"0021400452","20141227",0,5.35,TRUE
203110,"Draymond Green","1610612744","Golden State Warriors",2015,"0021400452","20141227",-6.1,19.75,FALSE
203110,"Draymond Green","1610612744","Golden State Warriors",2015,"0021400452","20141227",0,5.35,TRUE
203110,"Draymond Green","1610612744","Golden State Warriors",2015,"0021400452","20141227",11.9,26.85,FALSE
203110,"Draymond Green","1610612744","Golden State Warriors",2015,"0021400474","20141230",-10,22.55,FALSE
203110,"Draymond Green","1610612744","Golden State Warriors",2015,"0021400474","20141230",2.6,31.35,TRUE
203110,"Draymond Green","1610612744","Golden State Warriors",2015,"0021400474","20141230",-8.4,11.35,FALSE
203110,"Draymond Green","1610612744","Golden State Warriors",2015,"0021400474","20141230",-1.8,5.95,TRUE
203110,"Draymond Green","1610612744","Golden State Warriors",2015,"0021400474","20141230",-15.1,26.85,FALSE
203110,"Draymond Green","1610612744","Golden State Warriors",2015,"0021400474","20141230",17.4,5.95,FALSE
203110,"Draymond Green","1610612744","Golden State Warriors",2015,"0021400474","20141230",12.3,9.15,TRUE
203110,"Draymond Green","1610612744","Golden State Warriors",2015,"0021400493","20150102",13.8,27.95,TRUE
203110,"Draymond Green","1610612744","Golden State Warriors",2015,"0021400493","20150102",-1.5,5.35,TRUE
203110,"Draymond Green","1610612744","Golden State Warriors",2015,"0021400493","20150102",-6.4,30.15,TRUE
203110,"Draymond Green","1610612744","Golden State Warriors",2015,"0021400493","20150102",4,30.65,FALSE
203110,"Draymond Green","1610612744","Golden State Warriors",2015,"0021400493","20150102",-3.2,7.45,TRUE
203110,"Draymond Green","1610612744","Golden State Warriors",2015,"0021400493","20150102",0,5.35,TRUE
203110,"Draymond Green","1610612744","Golden State Warriors",2015,"0021400493","20150102",-10.3,19.85,TRUE
203110,"Draymond Green","1610612744","Golden State Warriors",2015,"0021400493","20150102",10.9,28.35,FALSE
203110,"Draymond Green","1610612744","Golden State Warriors",2015,"0021400493","20150102",-0.6,31.35,FALSE
203110,"Draymond Green","1610612744","Golden State Warriors",2015,"0021400493","20150102",1.3,31.05,FALSE
203110,"Draymond Green","1610612744","Golden State Warriors",2015,"0021400493","20150102",0.8,13.55,FALSE
203110,"Draymond Green","1610612744","Golden State Warriors",2015,"0021400493","20150102",1.1,5.65,FALSE
203110,"Draymond Green","1610612744","Golden State Warriors",2015,"0021400518","20150105",-8.3,28.35,FALSE
203110,"Draymond Green","1610612744","Golden State Warriors",2015,"0021400518","20150105",2.7,30.45,TRUE
203110,"Draymond Green","1610612744","Golden State Warriors",2015,"0021400518","20150105",8.7,29.65,TRUE
203110,"Draymond Green","1610612744","Golden State Warriors",2015,"0021400518","20150105",19.8,23.65,FALSE
203110,"Draymond Green","1610612744","Golden State Warriors",2015,"0021400518","20150105",0.8,5.55,TRUE
203110,"Draymond Green","1610612744","Golden State Warriors",2015,"0021400518","20150105",15.7,27.75,FALSE
203110,"Draymond Green","1610612744","Golden State Warriors",2015,"0021400518","20150105",-18.5,22.45,TRUE
203110,"Draymond Green","1610612744","Golden State Warriors",2015,"0021400518","20150105",1.6,4.45,FALSE
203110,"Draymond Green","1610612744","Golden State Warriors",2015,"0021400518","20150105",0.8,30.95,FALSE
203110,"Draymond Green","1610612744","Golden State Warriors",2015,"0021400518","20150105",-0.7,7.15,FALSE
203110,"Draymond Green","1610612744","Golden State Warriors",2015,"0021400533","20150107",1,29.85,TRUE
203110,"Draymond Green","1610612744","Golden State Warriors",2015,"0021400533","20150107",20.1,19.45,FALSE
203110,"Draymond Green","1610612744","Golden State Warriors",2015,"0021400533","20150107",-1,6.35,TRUE
203110,"Draymond Green","1610612744","Golden State Warriors",2015,"0021400533","20150107",-0.2,30.25,FALSE
203110,"Draymond Green","1610612744","Golden State Warriors",2015,"0021400533","20150107",-0.9,13.45,FALSE
203110,"Draymond Green","1610612744","Golden State Warriors",2015,"0021400533","20150107",-1.2,30.95,FALSE
203110,"Draymond Green","1610612744","Golden State Warriors",2015,"0021400533","20150107",-16.6,26.35,FALSE
203110,"Draymond Green","1610612744","Golden State Warriors",2015,"0021400533","20150107",-2.9,15.15,FALSE
203110,"Draymond Green","1610612744","Golden State Warriors",2015,"0021400547","20150109",14.7,27.25,FALSE
203110,"Draymond Green","1610612744","Golden State Warriors",2015,"0021400547","20150109",2.1,25.85,FALSE
203110,"Draymond Green","1610612744","Golden State Warriors",2015,"0021400547","20150109",2.6,14.35,FALSE
203110,"Draymond Green","1610612744","Golden State Warriors",2015,"0021400547","20150109",19.4,22.05,FALSE
203110,"Draymond Green","1610612744","Golden State Warriors",2015,"0021400547","20150109",-1.7,5.25,TRUE
203110,"Draymond Green","1610612744","Golden State Warriors",2015,"0021400547","20150109",12.2,29.15,FALSE
203110,"Draymond Green","1610612744","Golden State Warriors",2015,"0021400547","20150109",-3.9,31.25,FALSE
203110,"Draymond Green","1610612744","Golden State Warriors",2015,"0021400547","20150109",-14.9,28.35,FALSE
203110,"Draymond Green","1610612744","Golden State Warriors",2015,"0021400547","20150109",0,5.95,TRUE
203110,"Draymond Green","1610612744","Golden State Warriors",2015,"0021400547","20150109",23.2,9.15,FALSE
203110,"Draymond Green","1610612744","Golden State Warriors",2015,"0021400547","20150109",-1.5,15.15,TRUE
203110,"Draymond Green","1610612744","Golden State Warriors",2015,"0021400547","20150109",-1.3,6.65,TRUE
203110,"Draymond Green","1610612744","Golden State Warriors",2015,"0021400547","20150109",-1.3,23.15,TRUE
203110,"Draymond Green","1610612744","Golden State Warriors",2015,"0021400571","20150113",-5.1,7.15,FALSE
203110,"Draymond Green","1610612744","Golden State Warriors",2015,"0021400571","20150113",5.4,23.55,TRUE
203110,"Draymond Green","1610612744","Golden State Warriors",2015,"0021400571","20150113",1.8,5.65,TRUE
203110,"Draymond Green","1610612744","Golden State Warriors",2015,"0021400571","20150113",-16.2,14.35,FALSE
203110,"Draymond Green","1610612744","Golden State Warriors",2015,"0021400571","20150113",8.9,27.95,FALSE
203110,"Draymond Green","1610612744","Golden State Warriors",2015,"0021400571","20150113",-6.5,28.85,TRUE
203110,"Draymond Green","1610612744","Golden State Warriors",2015,"0021400571","20150113",1.5,5.25,TRUE
203110,"Draymond Green","1610612744","Golden State Warriors",2015,"0021400571","20150113",10.1,30.45,TRUE
203110,"Draymond Green","1610612744","Golden State Warriors",2015,"0021400571","20150113",-2,30.75,TRUE
203110,"Draymond Green","1610612744","Golden State Warriors",2015,"0021400582","20150114",-0.4,5.35,TRUE
203110,"Draymond Green","1610612744","Golden State Warriors",2015,"0021400582","20150114",-0.4,6.35,TRUE
203110,"Draymond Green","1610612744","Golden State Warriors",2015,"0021400582","20150114",-0.2,33.55,FALSE
203110,"Draymond Green","1610612744","Golden State Warriors",2015,"0021400582","20150114",0.5,8.35,FALSE
203110,"Draymond Green","1610612744","Golden State Warriors",2015,"0021400582","20150114",-9.7,17.35,FALSE
203110,"Draymond Green","1610612744","Golden State Warriors",2015,"0021400582","20150114",-5.9,30.25,FALSE
203110,"Draymond Green","1610612744","Golden State Warriors",2015,"0021400582","20150114",-10.6,8.85,FALSE
203110,"Draymond Green","1610612744","Golden State Warriors",2015,"0021400593","20150116",4.1,30.15,FALSE
203110,"Draymond Green","1610612744","Golden State Warriors",2015,"0021400593","20150116",0.8,25.25,TRUE
203110,"Draymond Green","1610612744","Golden State Warriors",2015,"0021400593","20150116",0,6.45,FALSE
203110,"Draymond Green","1610612744","Golden State Warriors",2015,"0021400593","20150116",-0.4,5.25,FALSE
203110,"Draymond Green","1610612744","Golden State Warriors",2015,"0021400593","20150116",-0.1,6.15,FALSE
203110,"Draymond Green","1610612744","Golden State Warriors",2015,"0021400593","20150116",1,5.25,TRUE
203110,"Draymond Green","1610612744","Golden State Warriors",2015,"0021400603","20150117",-14.4,26.05,FALSE
203110,"Draymond Green","1610612744","Golden State Warriors",2015,"0021400603","20150117",1,5.55,TRUE
203110,"Draymond Green","1610612744","Golden State Warriors",2015,"0021400603","20150117",0,5.35,TRUE
203110,"Draymond Green","1610612744","Golden State Warriors",2015,"0021400603","20150117",-8.6,29.65,TRUE
203110,"Draymond Green","1610612744","Golden State Warriors",2015,"0021400603","20150117",0,31.55,FALSE
203110,"Draymond Green","1610612744","Golden State Warriors",2015,"0021400603","20150117",6.7,30.65,FALSE
203110,"Draymond Green","1610612744","Golden State Warriors",2015,"0021400615","20150119",17.4,26.05,FALSE
203110,"Draymond Green","1610612744","Golden State Warriors",2015,"0021400615","20150119",22.8,8.85,TRUE
203110,"Draymond Green","1610612744","Golden State Warriors",2015,"0021400615","20150119",6.4,32.15,TRUE
203110,"Draymond Green","1610612744","Golden State Warriors",2015,"0021400615","20150119",-6.5,12.15,FALSE
203110,"Draymond Green","1610612744","Golden State Warriors",2015,"0021400636","20150121",0.7,11.95,FALSE
203110,"Draymond Green","1610612744","Golden State Warriors",2015,"0021400636","20150121",-0.1,5.25,TRUE
203110,"Draymond Green","1610612744","Golden State Warriors",2015,"0021400636","20150121",1.3,32.15,FALSE
203110,"Draymond Green","1610612744","Golden State Warriors",2015,"0021400636","20150121",0.8,20.95,TRUE
203110,"Draymond Green","1610612744","Golden State Warriors",2015,"0021400636","20150121",12.7,27.75,TRUE
203110,"Draymond Green","1610612744","Golden State Warriors",2015,"0021400636","20150121",-1.3,5.95,TRUE
203110,"Draymond Green","1610612744","Golden State Warriors",2015,"0021400636","20150121",-21.2,9.45,TRUE
203110,"Draymond Green","1610612744","Golden State Warriors",2015,"0021400636","20150121",-2.4,7.25,FALSE
203110,"Draymond Green","1610612744","Golden State Warriors",2015,"0021400636","20150121",7.8,29.45,TRUE
203110,"Draymond Green","1610612744","Golden State Warriors",2015,"0021400636","20150121",19.3,22.55,TRUE
203110,"Draymond Green","1610612744","Golden State Warriors",2015,"0021400636","20150121",18.2,23.85,FALSE
203110,"Draymond Green","1610612744","Golden State Warriors",2015,"0021400636","20150121",-0.4,6.95,FALSE
203110,"Draymond Green","1610612744","Golden State Warriors",2015,"0021400651","20150123",10.5,29.05,TRUE
203110,"Draymond Green","1610612744","Golden State Warriors",2015,"0021400651","20150123",-8.3,29.05,TRUE
203110,"Draymond Green","1610612744","Golden State Warriors",2015,"0021400651","20150123",6.8,29.85,FALSE
203110,"Draymond Green","1610612744","Golden State Warriors",2015,"0021400651","20150123",-0.2,30.15,TRUE
203110,"Draymond Green","1610612744","Golden State Warriors",2015,"0021400651","20150123",-9.1,29.45,FALSE
203110,"Draymond Green","1610612744","Golden State Warriors",2015,"0021400651","20150123",-19.8,22.05,FALSE
203110,"Draymond Green","1610612744","Golden State Warriors",2015,"0021400651","20150123",0,5.85,TRUE
203110,"Draymond Green","1610612744","Golden State Warriors",2015,"0021400665","20150125",1.3,6.45,TRUE
203110,"Draymond Green","1610612744","Golden State Warriors",2015,"0021400665","20150125",0.8,31.05,FALSE
203110,"Draymond Green","1610612744","Golden State Warriors",2015,"0021400665","20150125",1.6,31.25,FALSE
203110,"Draymond Green","1610612744","Golden State Warriors",2015,"0021400665","20150125",-0.2,7.55,TRUE
203110,"Draymond Green","1610612744","Golden State Warriors",2015,"0021400665","20150125",7.5,29.45,TRUE
203110,"Draymond Green","1610612744","Golden State Warriors",2015,"0021400665","20150125",-2.4,30.65,FALSE
203110,"Draymond Green","1610612744","Golden State Warriors",2015,"0021400665","20150125",-1.8,30.45,FALSE
203110,"Draymond Green","1610612744","Golden State Warriors",2015,"0021400665","20150125",0,16.45,FALSE
203110,"Draymond Green","1610612744","Golden State Warriors",2015,"0021400665","20150125",1.8,6.35,TRUE
203110,"Draymond Green","1610612744","Golden State Warriors",2015,"0021400665","20150125",-1,6.35,TRUE
203110,"Draymond Green","1610612744","Golden State Warriors",2015,"0021400665","20150125",18.8,21.95,FALSE
203110,"Draymond Green","1610612744","Golden State Warriors",2015,"0021400665","20150125",0.2,11.05,FALSE
203110,"Draymond Green","1610612744","Golden State Warriors",2015,"0021400679","20150127",15.2,24.95,FALSE
203110,"Draymond Green","1610612744","Golden State Warriors",2015,"0021400679","20150127",17.7,25.55,FALSE
203110,"Draymond Green","1610612744","Golden State Warriors",2015,"0021400679","20150127",2.9,30.65,TRUE
203110,"Draymond Green","1610612744","Golden State Warriors",2015,"0021400679","20150127",18.2,22.85,FALSE
203110,"Draymond Green","1610612744","Golden State Warriors",2015,"0021400679","20150127",-0.6,5.85,FALSE
203110,"Draymond Green","1610612744","Golden State Warriors",2015,"0021400679","20150127",0.5,32.05,FALSE
203110,"Draymond Green","1610612744","Golden State Warriors",2015,"0021400679","20150127",1.1,7.45,TRUE
203110,"Draymond Green","1610612744","Golden State Warriors",2015,"0021400679","20150127",1.1,7.15,TRUE
203110,"Draymond Green","1610612744","Golden State Warriors",2015,"0021400679","20150127",0.7,5.85,FALSE
203110,"Draymond Green","1610612744","Golden State Warriors",2015,"0021400679","20150127",1.1,6.35,TRUE
203110,"Draymond Green","1610612744","Golden State Warriors",2015,"0021400679","20150127",0.8,6.65,FALSE
203110,"Draymond Green","1610612744","Golden State Warriors",2015,"0021400679","20150127",13.8,15.75,FALSE
203110,"Draymond Green","1610612744","Golden State Warriors",2015,"0021400679","20150127",-6.7,10.25,FALSE
203110,"Draymond Green","1610612744","Golden State Warriors",2015,"0021400679","20150127",-23.1,5.85,FALSE
203110,"Draymond Green","1610612744","Golden State Warriors",2015,"0021400703","20150130",-2.4,5.25,TRUE
203110,"Draymond Green","1610612744","Golden State Warriors",2015,"0021400703","20150130",-9.7,27.65,FALSE
203110,"Draymond Green","1610612744","Golden State Warriors",2015,"0021400703","20150130",22.1,16.85,FALSE
203110,"Draymond Green","1610612744","Golden State Warriors",2015,"0021400703","20150130",0.8,6.35,FALSE
203110,"Draymond Green","1610612744","Golden State Warriors",2015,"0021400703","20150130",0.4,4.95,TRUE
203110,"Draymond Green","1610612744","Golden State Warriors",2015,"0021400703","20150130",7.5,17.05,FALSE
203110,"Draymond Green","1610612744","Golden State Warriors",2015,"0021400715","20150131",-0.2,5.25,FALSE
203110,"Draymond Green","1610612744","Golden State Warriors",2015,"0021400715","20150131",13.4,27.45,TRUE
203110,"Draymond Green","1610612744","Golden State Warriors",2015,"0021400715","20150131",-3.7,30.25,FALSE
203110,"Draymond Green","1610612744","Golden State Warriors",2015,"0021400715","20150131",18.2,25.25,TRUE
203110,"Draymond Green","1610612744","Golden State Warriors",2015,"0021400715","20150131",16,25.75,FALSE
203110,"Draymond Green","1610612744","Golden State Warriors",2015,"0021400715","20150131",-9.1,29.45,FALSE
203110,"Draymond Green","1610612744","Golden State Warriors",2015,"0021400715","20150131",-3.7,7.25,FALSE
203110,"Draymond Green","1610612744","Golden State Warriors",2015,"0021400715","20150131",-2.1,8.85,FALSE
203110,"Draymond Green","1610612744","Golden State Warriors",2015,"0021400715","20150131",1,5.55,FALSE
203110,"Draymond Green","1610612744","Golden State Warriors",2015,"0021400730","20150203",7.5,6.95,FALSE
203110,"Draymond Green","1610612744","Golden State Warriors",2015,"0021400730","20150203",18.7,17.15,TRUE
203110,"Draymond Green","1610612744","Golden State Warriors",2015,"0021400730","20150203",-4.7,7.75,FALSE
203110,"Draymond Green","1610612744","Golden State Warriors",2015,"0021400730","20150203",5.4,7.15,TRUE
203110,"Draymond Green","1610612744","Golden State Warriors",2015,"0021400730","20150203",17.2,23.35,TRUE
203110,"Draymond Green","1610612744","Golden State Warriors",2015,"0021400730","20150203",9.8,14.85,FALSE
203110,"Draymond Green","1610612744","Golden State Warriors",2015,"0021400741","20150204",11.4,30.15,FALSE
203110,"Draymond Green","1610612744","Golden State Warriors",2015,"0021400741","20150204",-0.9,6.45,FALSE
203110,"Draymond Green","1610612744","Golden State Warriors",2015,"0021400741","20150204",12.7,29.45,FALSE
203110,"Draymond Green","1610612744","Golden State Warriors",2015,"0021400741","20150204",13.9,27.75,FALSE
203110,"Draymond Green","1610612744","Golden State Warriors",2015,"0021400741","20150204",-1.3,7.85,TRUE
203110,"Draymond Green","1610612744","Golden State Warriors",2015,"0021400741","20150204",3.8,31.25,FALSE
203110,"Draymond Green","1610612744","Golden State Warriors",2015,"0021400749","20150206",12.8,27.15,FALSE
203110,"Draymond Green","1610612744","Golden State Warriors",2015,"0021400749","20150206",-2.1,6.35,FALSE
203110,"Draymond Green","1610612744","Golden State Warriors",2015,"0021400749","20150206",-1.8,5.35,TRUE
203110,"Draymond Green","1610612744","Golden State Warriors",2015,"0021400749","20150206",-0.2,6.65,FALSE
203110,"Draymond Green","1610612744","Golden State Warriors",2015,"0021400749","20150206",-0.4,15.45,TRUE
203110,"Draymond Green","1610612744","Golden State Warriors",2015,"0021400749","20150206",-20.7,18.75,FALSE
203110,"Draymond Green","1610612744","Golden State Warriors",2015,"0021400749","20150206",0.4,5.55,FALSE
203110,"Draymond Green","1610612744","Golden State Warriors",2015,"0021400749","20150206",-5.8,11.65,FALSE
203110,"Draymond Green","1610612744","Golden State Warriors",2015,"0021400749","20150206",-0.6,5.05,TRUE
203110,"Draymond Green","1610612744","Golden State Warriors",2015,"0021400749","20150206",0,5.35,TRUE
203110,"Draymond Green","1610612744","Golden State Warriors",2015,"0021400749","20150206",0.5,5.25,TRUE
203110,"Draymond Green","1610612744","Golden State Warriors",2015,"0021400749","20150206",-1,5.35,TRUE
203110,"Draymond Green","1610612744","Golden State Warriors",2015,"0021400749","20150206",-1,6.15,FALSE
203110,"Draymond Green","1610612744","Golden State Warriors",2015,"0021400749","20150206",-0.6,6.65,FALSE
203110,"Draymond Green","1610612744","Golden State Warriors",2015,"0021400760","20150207",20.1,10.75,FALSE
203110,"Draymond Green","1610612744","Golden State Warriors",2015,"0021400760","20150207",23.2,3.55,FALSE
203110,"Draymond Green","1610612744","Golden State Warriors",2015,"0021400760","20150207",-3.4,30.75,TRUE
203110,"Draymond Green","1610612744","Golden State Warriors",2015,"0021400760","20150207",10.5,28.75,TRUE
203110,"Draymond Green","1610612744","Golden State Warriors",2015,"0021400760","20150207",-0.4,5.05,TRUE
203110,"Draymond Green","1610612744","Golden State Warriors",2015,"0021400760","20150207",-10.5,29.35,TRUE
203110,"Draymond Green","1610612744","Golden State Warriors",2015,"0021400760","20150207",14.1,26.55,FALSE
203110,"Draymond Green","1610612744","Golden State Warriors",2015,"0021400760","20150207",-17.9,9.15,TRUE
203110,"Draymond Green","1610612744","Golden State Warriors",2015,"0021400760","20150207",1.6,7.55,TRUE
203110,"Draymond Green","1610612744","Golden State Warriors",2015,"0021400760","20150207",0.4,7.15,FALSE
203110,"Draymond Green","1610612744","Golden State Warriors",2015,"0021400760","20150207",12,6.15,TRUE
203110,"Draymond Green","1610612744","Golden State Warriors",2015,"0021400760","20150207",0.2,6.45,TRUE
203110,"Draymond Green","1610612744","Golden State Warriors",2015,"0021400775","20150209",-2,26.55,FALSE
203110,"Draymond Green","1610612744","Golden State Warriors",2015,"0021400775","20150209",14.9,25.85,FALSE
203110,"Draymond Green","1610612744","Golden State Warriors",2015,"0021400775","20150209",0,5.35,TRUE
203110,"Draymond Green","1610612744","Golden State Warriors",2015,"0021400775","20150209",-3.7,7.15,FALSE
203110,"Draymond Green","1610612744","Golden State Warriors",2015,"0021400775","20150209",-0.1,7.75,FALSE
203110,"Draymond Green","1610612744","Golden State Warriors",2015,"0021400775","20150209",-16.5,1.95,TRUE
203110,"Draymond Green","1610612744","Golden State Warriors",2015,"0021400793","20150211",10.5,28.25,FALSE
203110,"Draymond Green","1610612744","Golden State Warriors",2015,"0021400793","20150211",-5.6,8.05,TRUE
203110,"Draymond Green","1610612744","Golden State Warriors",2015,"0021400793","20150211",-2.9,7.75,FALSE
203110,"Draymond Green","1610612744","Golden State Warriors",2015,"0021400793","20150211",-9.1,22.55,FALSE
203110,"Draymond Green","1610612744","Golden State Warriors",2015,"0021400793","20150211",17.5,22.05,FALSE
203110,"Draymond Green","1610612744","Golden State Warriors",2015,"0021400793","20150211",-0.1,8.65,FALSE
203110,"Draymond Green","1610612744","Golden State Warriors",2015,"0021400814","20150220",14.7,26.35,TRUE
203110,"Draymond Green","1610612744","Golden State Warriors",2015,"0021400814","20150220",-3.1,7.15,FALSE
203110,"Draymond Green","1610612744","Golden State Warriors",2015,"0021400814","20150220",-17.9,25.05,FALSE
203110,"Draymond Green","1610612744","Golden State Warriors",2015,"0021400814","20150220",-9.2,6.35,FALSE
203110,"Draymond Green","1610612744","Golden State Warriors",2015,"0021400814","20150220",3.2,7.15,FALSE
203110,"Draymond Green","1610612744","Golden State Warriors",2015,"0021400814","20150220",1.9,6.45,FALSE
203110,"Draymond Green","1610612744","Golden State Warriors",2015,"0021400814","20150220",0,7.25,TRUE
203110,"Draymond Green","1610612744","Golden State Warriors",2015,"0021400814","20150220",-10.2,28.25,TRUE
203110,"Draymond Green","1610612744","Golden State Warriors",2015,"0021400814","20150220",23.7,8.65,FALSE
203110,"Draymond Green","1610612744","Golden State Warriors",2015,"0021400814","20150220",2.1,30.95,TRUE
203110,"Draymond Green","1610612744","Golden State Warriors",2015,"0021400814","20150220",-13.3,27.15,FALSE
203110,"Draymond Green","1610612744","Golden State Warriors",2015,"0021400824","20150222",-3.7,30.75,FALSE
203110,"Draymond Green","1610612744","Golden State Warriors",2015,"0021400824","20150222",-0.1,31.55,TRUE
203110,"Draymond Green","1610612744","Golden State Warriors",2015,"0021400824","20150222",-5.4,31.05,FALSE
203110,"Draymond Green","1610612744","Golden State Warriors",2015,"0021400824","20150222",12.5,28.25,FALSE
203110,"Draymond Green","1610612744","Golden State Warriors",2015,"0021400824","20150222",17.9,5.25,FALSE
203110,"Draymond Green","1610612744","Golden State Warriors",2015,"0021400824","20150222",-2.3,7.75,FALSE
203110,"Draymond Green","1610612744","Golden State Warriors",2015,"0021400838","20150224",12.7,18.15,FALSE
203110,"Draymond Green","1610612744","Golden State Warriors",2015,"0021400838","20150224",-6,10.55,FALSE
203110,"Draymond Green","1610612744","Golden State Warriors",2015,"0021400838","20150224",-14.3,16.55,TRUE
203110,"Draymond Green","1610612744","Golden State Warriors",2015,"0021400838","20150224",-19.5,22.25,TRUE
203110,"Draymond Green","1610612744","Golden State Warriors",2015,"0021400838","20150224",0,6.35,TRUE
203110,"Draymond Green","1610612744","Golden State Warriors",2015,"0021400838","20150224",13.1,27.45,FALSE
203110,"Draymond Green","1610612744","Golden State Warriors",2015,"0021400838","20150224",-24.4,6.75,TRUE
203110,"Draymond Green","1610612744","Golden State Warriors",2015,"0021400838","20150224",14.4,29.05,TRUE
203110,"Draymond Green","1610612744","Golden State Warriors",2015,"0021400838","20150224",-0.2,5.35,FALSE
203110,"Draymond Green","1610612744","Golden State Warriors",2015,"0021400854","20150226",3.8,21.15,FALSE
203110,"Draymond Green","1610612744","Golden State Warriors",2015,"0021400854","20150226",10.9,28.35,FALSE
203110,"Draymond Green","1610612744","Golden State Warriors",2015,"0021400854","20150226",0,5.35,TRUE
203110,"Draymond Green","1610612744","Golden State Warriors",2015,"0021400854","20150226",-18.9,21.75,FALSE
203110,"Draymond Green","1610612744","Golden State Warriors",2015,"0021400854","20150226",0,4.75,TRUE
203110,"Draymond Green","1610612744","Golden State Warriors",2015,"0021400854","20150226",10.9,27.25,FALSE
203110,"Draymond Green","1610612744","Golden State Warriors",2015,"0021400854","20150226",9.8,12.35,TRUE
203110,"Draymond Green","1610612744","Golden State Warriors",2015,"0021400854","20150226",0,5.35,TRUE
203110,"Draymond Green","1610612744","Golden State Warriors",2015,"0021400854","20150226",-0.1,5.35,TRUE
203110,"Draymond Green","1610612744","Golden State Warriors",2015,"0021400854","20150226",14.6,24.65,FALSE
203110,"Draymond Green","1610612744","Golden State Warriors",2015,"0021400854","20150226",0.4,10.75,FALSE
203110,"Draymond Green","1610612744","Golden State Warriors",2015,"0021400854","20150226",0.4,4.45,TRUE
203110,"Draymond Green","1610612744","Golden State Warriors",2015,"0021400854","20150226",1.1,4.75,TRUE
203110,"Draymond Green","1610612744","Golden State Warriors",2015,"0021400861","20150227",-1.2,11.95,FALSE
203110,"Draymond Green","1610612744","Golden State Warriors",2015,"0021400861","20150227",-1,4.75,TRUE
203110,"Draymond Green","1610612744","Golden State Warriors",2015,"0021400861","20150227",-0.2,30.75,TRUE
203110,"Draymond Green","1610612744","Golden State Warriors",2015,"0021400861","20150227",8.9,29.35,TRUE
203110,"Draymond Green","1610612744","Golden State Warriors",2015,"0021400861","20150227",4.9,30.15,FALSE
203110,"Draymond Green","1610612744","Golden State Warriors",2015,"0021400861","20150227",3.4,31.55,TRUE
203110,"Draymond Green","1610612744","Golden State Warriors",2015,"0021400861","20150227",-1.8,6.35,TRUE
203110,"Draymond Green","1610612744","Golden State Warriors",2015,"0021400861","20150227",5.4,9.15,TRUE
203110,"Draymond Green","1610612744","Golden State Warriors",2015,"0021400861","20150227",20.9,19.85,FALSE
203110,"Draymond Green","1610612744","Golden State Warriors",2015,"0021400880","20150301",14.6,26.65,FALSE
203110,"Draymond Green","1610612744","Golden State Warriors",2015,"0021400880","20150301",-1.7,5.95,FALSE
203110,"Draymond Green","1610612744","Golden State Warriors",2015,"0021400880","20150301",-2.6,8.25,FALSE
203110,"Draymond Green","1610612744","Golden State Warriors",2015,"0021400880","20150301",0.5,31.25,FALSE
203110,"Draymond Green","1610612744","Golden State Warriors",2015,"0021400880","20150301",-0.9,8.95,FALSE
203110,"Draymond Green","1610612744","Golden State Warriors",2015,"0021400880","20150301",18.7,22.85,FALSE
203110,"Draymond Green","1610612744","Golden State Warriors",2015,"0021400880","20150301",6,31.85,TRUE
203110,"Draymond Green","1610612744","Golden State Warriors",2015,"0021400880","20150301",0,8.55,FALSE
203110,"Draymond Green","1610612744","Golden State Warriors",2015,"0021400880","20150301",1,32.05,TRUE
203110,"Draymond Green","1610612744","Golden State Warriors",2015,"0021400880","20150301",9,30.25,FALSE
203110,"Draymond Green","1610612744","Golden State Warriors",2015,"0021400880","20150301",0,5.35,TRUE
203110,"Draymond Green","1610612744","Golden State Warriors",2015,"0021400880","20150301",-0.2,7.45,FALSE
203110,"Draymond Green","1610612744","Golden State Warriors",2015,"0021400880","20150301",-0.1,5.25,TRUE
203110,"Draymond Green","1610612744","Golden State Warriors",2015,"0021400886","20150302",-7,29.05,FALSE
203110,"Draymond Green","1610612744","Golden State Warriors",2015,"0021400886","20150302",-0.9,9.45,FALSE
203110,"Draymond Green","1610612744","Golden State Warriors",2015,"0021400886","20150302",-12.1,26.55,FALSE
203110,"Draymond Green","1610612744","Golden State Warriors",2015,"0021400886","20150302",1.6,4.95,TRUE
203110,"Draymond Green","1610612744","Golden State Warriors",2015,"0021400886","20150302",0.5,5.25,FALSE
203110,"Draymond Green","1610612744","Golden State Warriors",2015,"0021400907","20150304",18,22.25,FALSE
203110,"Draymond Green","1610612744","Golden State Warriors",2015,"0021400907","20150304",-2.1,5.95,TRUE
203110,"Draymond Green","1610612744","Golden State Warriors",2015,"0021400907","20150304",0,5.35,TRUE
203110,"Draymond Green","1610612744","Golden State Warriors",2015,"0021400907","20150304",-24.2,5.95,TRUE
203110,"Draymond Green","1610612744","Golden State Warriors",2015,"0021400907","20150304",-6.4,29.85,TRUE
203110,"Draymond Green","1610612744","Golden State Warriors",2015,"0021400907","20150304",19.3,22.05,FALSE
203110,"Draymond Green","1610612744","Golden State Warriors",2015,"0021400907","20150304",-23.7,5.25,TRUE
203110,"Draymond Green","1610612744","Golden State Warriors",2015,"0021400907","20150304",-10.5,32.15,FALSE
203110,"Draymond Green","1610612744","Golden State Warriors",2015,"0021400907","20150304",-7.2,30.15,FALSE
203110,"Draymond Green","1610612744","Golden State Warriors",2015,"0021400907","20150304",-17.1,25.05,FALSE
203110,"Draymond Green","1610612744","Golden State Warriors",2015,"0021400907","20150304",-1.3,6.95,TRUE
203110,"Draymond Green","1610612744","Golden State Warriors",2015,"0021400907","20150304",1.5,30.45,TRUE
203110,"Draymond Green","1610612744","Golden State Warriors",2015,"0021400907","20150304",0,5.35,TRUE
203110,"Draymond Green","1610612744","Golden State Warriors",2015,"0021400907","20150304",-0.4,6.35,TRUE
203110,"Draymond Green","1610612744","Golden State Warriors",2015,"0021400922","20150306",-14.4,18.75,FALSE
203110,"Draymond Green","1610612744","Golden State Warriors",2015,"0021400922","20150306",-1.3,6.15,TRUE
203110,"Draymond Green","1610612744","Golden State Warriors",2015,"0021400922","20150306",23.1,8.55,FALSE
203110,"Draymond Green","1610612744","Golden State Warriors",2015,"0021400922","20150306",-0.1,5.55,FALSE
203110,"Draymond Green","1610612744","Golden State Warriors",2015,"0021400922","20150306",0,6.95,TRUE
203110,"Draymond Green","1610612744","Golden State Warriors",2015,"0021400922","20150306",0,7.15,TRUE
203110,"Draymond Green","1610612744","Golden State Warriors",2015,"0021400922","20150306",10.9,31.35,TRUE
203110,"Draymond Green","1610612744","Golden State Warriors",2015,"0021400922","20150306",23.1,10.25,FALSE
203110,"Draymond Green","1610612744","Golden State Warriors",2015,"0021400922","20150306",10.6,12.75,FALSE
203110,"Draymond Green","1610612744","Golden State Warriors",2015,"0021400922","20150306",11.2,29.65,TRUE
203110,"Draymond Green","1610612744","Golden State Warriors",2015,"0021400922","20150306",0,6.65,TRUE
203110,"Draymond Green","1610612744","Golden State Warriors",2015,"0021400922","20150306",0.8,5.65,TRUE
203110,"Draymond Green","1610612744","Golden State Warriors",2015,"0021400922","20150306",0.2,7.75,TRUE
203110,"Draymond Green","1610612744","Golden State Warriors",2015,"0021400922","20150306",11.2,28.75,FALSE
203110,"Draymond Green","1610612744","Golden State Warriors",2015,"0021400932","20150308",15.8,26.65,TRUE
203110,"Draymond Green","1610612744","Golden State Warriors",2015,"0021400932","20150308",13.1,29.35,FALSE
203110,"Draymond Green","1610612744","Golden State Warriors",2015,"0021400932","20150308",1.5,5.85,TRUE
203110,"Draymond Green","1610612744","Golden State Warriors",2015,"0021400932","20150308",4.9,30.45,TRUE
203110,"Draymond Green","1610612744","Golden State Warriors",2015,"0021400932","20150308",22.8,6.45,TRUE
203110,"Draymond Green","1610612744","Golden State Warriors",2015,"0021400932","20150308",10.3,28.75,FALSE
203110,"Draymond Green","1610612744","Golden State Warriors",2015,"0021400932","20150308",1.9,6.15,TRUE
203110,"Draymond Green","1610612744","Golden State Warriors",2015,"0021400932","20150308",9,30.65,FALSE
203110,"Draymond Green","1610612744","Golden State Warriors",2015,"0021400932","20150308",-1,30.45,FALSE
203110,"Draymond Green","1610612744","Golden State Warriors",2015,"0021400932","20150308",12.7,8.05,TRUE
203110,"Draymond Green","1610612744","Golden State Warriors",2015,"0021400932","20150308",-8.6,20.15,FALSE
203110,"Draymond Green","1610612744","Golden State Warriors",2015,"0021400932","20150308",-5.1,14.85,TRUE
203110,"Draymond Green","1610612744","Golden State Warriors",2015,"0021400932","20150308",5.1,10.55,FALSE
203110,"Draymond Green","1610612744","Golden State Warriors",2015,"0021400932","20150308",0.4,5.25,FALSE
203110,"Draymond Green","1610612744","Golden State Warriors",2015,"0021400932","20150308",0,5.35,TRUE
203110,"Draymond Green","1610612744","Golden State Warriors",2015,"0021400944","20150309",3.4,29.85,FALSE
203110,"Draymond Green","1610612744","Golden State Warriors",2015,"0021400944","20150309",-6.1,29.45,FALSE
203110,"Draymond Green","1610612744","Golden State Warriors",2015,"0021400944","20150309",-16,24.45,FALSE
203110,"Draymond Green","1610612744","Golden State Warriors",2015,"0021400944","20150309",1.8,9.15,FALSE
203110,"Draymond Green","1610612744","Golden State Warriors",2015,"0021400944","20150309",13.9,8.25,TRUE
203110,"Draymond Green","1610612744","Golden State Warriors",2015,"0021400944","20150309",15.7,25.25,FALSE
203110,"Draymond Green","1610612744","Golden State Warriors",2015,"0021400944","20150309",-3.6,6.95,FALSE
203110,"Draymond Green","1610612744","Golden State Warriors",2015,"0021400944","20150309",2.3,5.25,FALSE
203110,"Draymond Green","1610612744","Golden State Warriors",2015,"0021400944","20150309",-3.6,29.45,TRUE
203110,"Draymond Green","1610612744","Golden State Warriors",2015,"0021400944","20150309",-4.2,30.25,TRUE
203110,"Draymond Green","1610612744","Golden State Warriors",2015,"0021400944","20150309",1.5,7.75,FALSE
203110,"Draymond Green","1610612744","Golden State Warriors",2015,"0021400944","20150309",-17.6,12.65,FALSE
203110,"Draymond Green","1610612744","Golden State Warriors",2015,"0021400944","20150309",1.1,5.35,FALSE
203110,"Draymond Green","1610612744","Golden State Warriors",2015,"0021400960","20150311",-2.4,6.95,FALSE
203110,"Draymond Green","1610612744","Golden State Warriors",2015,"0021400960","20150311",-12.2,19.75,TRUE
203110,"Draymond Green","1610612744","Golden State Warriors",2015,"0021400960","20150311",0.2,5.35,TRUE
203110,"Draymond Green","1610612744","Golden State Warriors",2015,"0021400960","20150311",-2.6,30.25,FALSE
203110,"Draymond Green","1610612744","Golden State Warriors",2015,"0021400960","20150311",1,6.75,FALSE
203110,"Draymond Green","1610612744","Golden State Warriors",2015,"0021400960","20150311",1.9,7.85,TRUE
203110,"Draymond Green","1610612744","Golden State Warriors",2015,"0021400960","20150311",13.3,28.25,FALSE
203110,"Draymond Green","1610612744","Golden State Warriors",2015,"0021400960","20150311",-2.3,9.45,FALSE
203110,"Draymond Green","1610612744","Golden State Warriors",2015,"0021400960","20150311",14.6,7.15,FALSE
203110,"Draymond Green","1610612744","Golden State Warriors",2015,"0021400960","20150311",0,5.35,TRUE
203110,"Draymond Green","1610612744","Golden State Warriors",2015,"0021400960","20150311",-5.6,31.75,FALSE
203110,"Draymond Green","1610612744","Golden State Warriors",2015,"0021400973","20150313",-0.1,6.35,TRUE
203110,"Draymond Green","1610612744","Golden State Warriors",2015,"0021400973","20150313",14.6,26.35,FALSE
203110,"Draymond Green","1610612744","Golden State Warriors",2015,"0021400973","20150313",-0.2,8.25,TRUE
203110,"Draymond Green","1610612744","Golden State Warriors",2015,"0021400973","20150313",6.4,9.65,TRUE
203110,"Draymond Green","1610612744","Golden State Warriors",2015,"0021400973","20150313",23.1,5.85,FALSE
203110,"Draymond Green","1610612744","Golden State Warriors",2015,"0021400973","20150313",-6.7,20.95,FALSE
203110,"Draymond Green","1610612744","Golden State Warriors",2015,"0021400973","20150313",10.1,6.65,FALSE
203110,"Draymond Green","1610612744","Golden State Warriors",2015,"0021400973","20150313",-0.6,6.15,TRUE
203110,"Draymond Green","1610612744","Golden State Warriors",2015,"0021400973","20150313",-1.5,5.55,TRUE
203110,"Draymond Green","1610612744","Golden State Warriors",2015,"0021400973","20150313",-1.2,31.05,FALSE
203110,"Draymond Green","1610612744","Golden State Warriors",2015,"0021400981","20150314",16.8,26.35,TRUE
203110,"Draymond Green","1610612744","Golden State Warriors",2015,"0021400981","20150314",2.1,7.55,FALSE
203110,"Draymond Green","1610612744","Golden State Warriors",2015,"0021400981","20150314",8.4,30.75,FALSE
203110,"Draymond Green","1610612744","Golden State Warriors",2015,"0021400981","20150314",0,5.95,TRUE
203110,"Draymond Green","1610612744","Golden State Warriors",2015,"0021400981","20150314",-7.3,30.75,TRUE
203110,"Draymond Green","1610612744","Golden State Warriors",2015,"0021400981","20150314",0,5.35,TRUE
203110,"Draymond Green","1610612744","Golden State Warriors",2015,"0021400981","20150314",0,6.45,TRUE
203110,"Draymond Green","1610612744","Golden State Warriors",2015,"0021400999","20150316",-0.2,6.35,TRUE
203110,"Draymond Green","1610612744","Golden State Warriors",2015,"0021400999","20150316",2.9,30.95,TRUE
203110,"Draymond Green","1610612744","Golden State Warriors",2015,"0021400999","20150316",0,5.35,TRUE
203110,"Draymond Green","1610612744","Golden State Warriors",2015,"0021400999","20150316",23.2,8.55,FALSE
203110,"Draymond Green","1610612744","Golden State Warriors",2015,"0021400999","20150316",1.3,6.35,FALSE
203110,"Draymond Green","1610612744","Golden State Warriors",2015,"0021400999","20150316",0,5.55,TRUE
203110,"Draymond Green","1610612744","Golden State Warriors",2015,"0021400999","20150316",-0.6,31.05,FALSE
203110,"Draymond Green","1610612744","Golden State Warriors",2015,"0021400999","20150316",0.8,6.35,TRUE
203110,"Draymond Green","1610612744","Golden State Warriors",2015,"0021400999","20150316",9.7,28.85,FALSE
203110,"Draymond Green","1610612744","Golden State Warriors",2015,"0021400999","20150316",0.4,5.85,TRUE
203110,"Draymond Green","1610612744","Golden State Warriors",2015,"0021400999","20150316",1,30.45,FALSE
203110,"Draymond Green","1610612744","Golden State Warriors",2015,"0021400999","20150316",-0.7,5.55,TRUE
203110,"Draymond Green","1610612744","Golden State Warriors",2015,"0021400999","20150316",-0.7,5.95,FALSE
203110,"Draymond Green","1610612744","Golden State Warriors",2015,"0021400999","20150316",0.7,6.95,FALSE
203110,"Draymond Green","1610612744","Golden State Warriors",2015,"0021401014","20150318",0.7,32.15,TRUE
203110,"Draymond Green","1610612744","Golden State Warriors",2015,"0021401014","20150318",12.8,28.75,FALSE
203110,"Draymond Green","1610612744","Golden State Warriors",2015,"0021401014","20150318",-18.7,5.35,TRUE
203110,"Draymond Green","1610612744","Golden State Warriors",2015,"0021401014","20150318",-1.2,30.65,TRUE
203110,"Draymond Green","1610612744","Golden State Warriors",2015,"0021401014","20150318",-0.7,11.85,FALSE
203110,"Draymond Green","1610612744","Golden State Warriors",2015,"0021401014","20150318",-9.5,29.15,TRUE
203110,"Draymond Green","1610612744","Golden State Warriors",2015,"0021401014","20150318",-2.4,7.55,FALSE
203110,"Draymond Green","1610612744","Golden State Warriors",2015,"0021401014","20150318",5.5,30.15,FALSE
203110,"Draymond Green","1610612744","Golden State Warriors",2015,"0021401014","20150318",-0.4,7.55,FALSE
203110,"Draymond Green","1610612744","Golden State Warriors",2015,"0021401014","20150318",17.1,25.35,TRUE
203110,"Draymond Green","1610612744","Golden State Warriors",2015,"0021401014","20150318",-23,11.55,TRUE
203110,"Draymond Green","1610612744","Golden State Warriors",2015,"0021401030","20150320",1.3,5.25,TRUE
203110,"Draymond Green","1610612744","Golden State Warriors",2015,"0021401030","20150320",0.4,11.05,TRUE
203110,"Draymond Green","1610612744","Golden State Warriors",2015,"0021401030","20150320",-0.7,6.65,FALSE
203110,"Draymond Green","1610612744","Golden State Warriors",2015,"0021401030","20150320",0.2,32.15,FALSE
203110,"Draymond Green","1610612744","Golden State Warriors",2015,"0021401030","20150320",0,11.35,TRUE
203110,"Draymond Green","1610612744","Golden State Warriors",2015,"0021401030","20150320",13.6,17.35,FALSE
203110,"Draymond Green","1610612744","Golden State Warriors",2015,"0021401036","20150321",-15.1,19.45,FALSE
203110,"Draymond Green","1610612744","Golden State Warriors",2015,"0021401036","20150321",-0.4,6.65,TRUE
203110,"Draymond Green","1610612744","Golden State Warriors",2015,"0021401036","20150321",1.9,10.45,FALSE
203110,"Draymond Green","1610612744","Golden State Warriors",2015,"0021401036","20150321",0.8,7.25,FALSE
203110,"Draymond Green","1610612744","Golden State Warriors",2015,"0021401036","20150321",4.9,10.05,FALSE
203110,"Draymond Green","1610612744","Golden State Warriors",2015,"0021401036","20150321",2.1,31.35,FALSE
203110,"Draymond Green","1610612744","Golden State Warriors",2015,"0021401036","20150321",13.8,30.25,FALSE
203110,"Draymond Green","1610612744","Golden State Warriors",2015,"0021401036","20150321",-1.3,6.75,TRUE
203110,"Draymond Green","1610612744","Golden State Warriors",2015,"0021401036","20150321",11.7,30.75,FALSE
203110,"Draymond Green","1610612744","Golden State Warriors",2015,"0021401036","20150321",-1.2,13.75,FALSE
203110,"Draymond Green","1610612744","Golden State Warriors",2015,"0021401053","20150323",19.9,20.15,FALSE
203110,"Draymond Green","1610612744","Golden State Warriors",2015,"0021401053","20150323",-11.1,28.85,FALSE
203110,"Draymond Green","1610612744","Golden State Warriors",2015,"0021401053","20150323",1.3,5.35,TRUE
203110,"Draymond Green","1610612744","Golden State Warriors",2015,"0021401053","20150323",6.2,15.15,FALSE
203110,"Draymond Green","1610612744","Golden State Warriors",2015,"0021401053","20150323",-3.6,16.25,TRUE
203110,"Draymond Green","1610612744","Golden State Warriors",2015,"0021401053","20150323",-14.4,26.55,FALSE
203110,"Draymond Green","1610612744","Golden State Warriors",2015,"0021401053","20150323",7,30.15,TRUE
203110,"Draymond Green","1610612744","Golden State Warriors",2015,"0021401053","20150323",2.1,30.25,TRUE
203110,"Draymond Green","1610612744","Golden State Warriors",2015,"0021401053","20150323",17.4,24.25,FALSE
203110,"Draymond Green","1610612744","Golden State Warriors",2015,"0021401053","20150323",0,29.95,TRUE
203110,"Draymond Green","1610612744","Golden State Warriors",2015,"0021401053","20150323",4.3,30.45,FALSE
203110,"Draymond Green","1610612744","Golden State Warriors",2015,"0021401059","20150324",-0.6,31.25,FALSE
203110,"Draymond Green","1610612744","Golden State Warriors",2015,"0021401059","20150324",-2,5.25,TRUE
203110,"Draymond Green","1610612744","Golden State Warriors",2015,"0021401059","20150324",-1.3,4.95,TRUE
203110,"Draymond Green","1610612744","Golden State Warriors",2015,"0021401059","20150324",16.8,8.35,TRUE
203110,"Draymond Green","1610612744","Golden State Warriors",2015,"0021401059","20150324",1.5,4.45,FALSE
203110,"Draymond Green","1610612744","Golden State Warriors",2015,"0021401059","20150324",-3.2,30.65,TRUE
203110,"Draymond Green","1610612744","Golden State Warriors",2015,"0021401059","20150324",0,5.35,TRUE
203110,"Draymond Green","1610612744","Golden State Warriors",2015,"0021401059","20150324",21.5,18.45,FALSE
203110,"Draymond Green","1610612744","Golden State Warriors",2015,"0021401059","20150324",17.2,28.25,FALSE
203110,"Draymond Green","1610612744","Golden State Warriors",2015,"0021401059","20150324",1.5,5.05,TRUE
203110,"Draymond Green","1610612744","Golden State Warriors",2015,"0021401082","20150327",6.2,29.95,FALSE
203110,"Draymond Green","1610612744","Golden State Warriors",2015,"0021401082","20150327",0.8,5.65,TRUE
203110,"Draymond Green","1610612744","Golden State Warriors",2015,"0021401082","20150327",-1.2,5.05,TRUE
203110,"Draymond Green","1610612744","Golden State Warriors",2015,"0021401082","20150327",-0.1,5.25,TRUE
203110,"Draymond Green","1610612744","Golden State Warriors",2015,"0021401082","20150327",1.3,11.95,FALSE
203110,"Draymond Green","1610612744","Golden State Warriors",2015,"0021401082","20150327",0.4,5.25,TRUE
203110,"Draymond Green","1610612744","Golden State Warriors",2015,"0021401082","20150327",-0.1,5.25,TRUE
203110,"Draymond Green","1610612744","Golden State Warriors",2015,"0021401082","20150327",9.7,11.25,FALSE
203110,"Draymond Green","1610612744","Golden State Warriors",2015,"0021401082","20150327",-0.4,5.95,FALSE
203110,"Draymond Green","1610612744","Golden State Warriors",2015,"0021401142","20150404",8.6,28.35,FALSE
203110,"Draymond Green","1610612744","Golden State Warriors",2015,"0021401142","20150404",8.4,20.05,FALSE
203110,"Draymond Green","1610612744","Golden State Warriors",2015,"0021401142","20150404",1.5,5.35,TRUE
203110,"Draymond Green","1610612744","Golden State Warriors",2015,"0021401142","20150404",6,28.55,TRUE
203110,"Draymond Green","1610612744","Golden State Warriors",2015,"0021401142","20150404",-10.8,7.85,FALSE
203110,"Draymond Green","1610612744","Golden State Warriors",2015,"0021401142","20150404",2.1,6.95,FALSE
203110,"Draymond Green","1610612744","Golden State Warriors",2015,"0021401142","20150404",-7,29.05,FALSE
203110,"Draymond Green","1610612744","Golden State Warriors",2015,"0021401150","20150405",-2.8,29.45,FALSE
203110,"Draymond Green","1610612744","Golden State Warriors",2015,"0021401150","20150405",-3.4,7.85,FALSE
203110,"Draymond Green","1610612744","Golden State Warriors",2015,"0021401150","20150405",1,6.15,FALSE
203110,"Draymond Green","1610612744","Golden State Warriors",2015,"0021401150","20150405",23.4,9.35,FALSE
203110,"Draymond Green","1610612744","Golden State Warriors",2015,"0021401150","20150405",1.1,5.55,FALSE
203110,"Draymond Green","1610612744","Golden State Warriors",2015,"0021401150","20150405",1.6,5.25,TRUE
203110,"Draymond Green","1610612744","Golden State Warriors",2015,"0021401150","20150405",-0.4,11.95,FALSE
203110,"Draymond Green","1610612744","Golden State Warriors",2015,"0021401150","20150405",0.5,7.55,TRUE
203110,"Draymond Green","1610612744","Golden State Warriors",2015,"0021401150","20150405",-8.3,7.55,FALSE
203110,"Draymond Green","1610612744","Golden State Warriors",2015,"0021401150","20150405",11.2,26.85,FALSE
203110,"Draymond Green","1610612744","Golden State Warriors",2015,"0021401150","20150405",-8.1,7.15,FALSE
203110,"Draymond Green","1610612744","Golden State Warriors",2015,"0021401156","20150407",12.3,28.35,TRUE
203110,"Draymond Green","1610612744","Golden State Warriors",2015,"0021401156","20150407",10.1,28.25,FALSE
203110,"Draymond Green","1610612744","Golden State Warriors",2015,"0021401156","20150407",-1.8,6.65,TRUE
203110,"Draymond Green","1610612744","Golden State Warriors",2015,"0021401156","20150407",0.4,4.95,FALSE
203110,"Draymond Green","1610612744","Golden State Warriors",2015,"0021401156","20150407",1.6,5.25,TRUE
203110,"Draymond Green","1610612744","Golden State Warriors",2015,"0021401156","20150407",24.5,6.65,TRUE
203110,"Draymond Green","1610612744","Golden State Warriors",2015,"0021401156","20150407",16,14.55,FALSE
203110,"Draymond Green","1610612744","Golden State Warriors",2015,"0021401156","20150407",-2.9,9.25,FALSE
203110,"Draymond Green","1610612744","Golden State Warriors",2015,"0021401156","20150407",-1.3,11.25,FALSE
203110,"Draymond Green","1610612744","Golden State Warriors",2015,"0021401156","20150407",-1.8,6.15,TRUE
203110,"Draymond Green","1610612744","Golden State Warriors",2015,"0021401156","20150407",19,22.45,TRUE
203110,"Draymond Green","1610612744","Golden State Warriors",2015,"0021401156","20150407",-0.6,7.45,TRUE
203110,"Draymond Green","1610612744","Golden State Warriors",2015,"0021401156","20150407",-13.6,32.65,FALSE
203110,"Draymond Green","1610612744","Golden State Warriors",2015,"0021401156","20150407",2.3,17.85,TRUE
203110,"Draymond Green","1610612744","Golden State Warriors",2015,"0021401156","20150407",0,5.35,TRUE
203110,"Draymond Green","1610612744","Golden State Warriors",2015,"0021401156","20150407",16.3,25.35,FALSE
203110,"Draymond Green","1610612744","Golden State Warriors",2015,"0021401156","20150407",-9.2,29.35,FALSE
203110,"Draymond Green","1610612744","Golden State Warriors",2015,"0021401156","20150407",-1.5,5.25,TRUE
203110,"Draymond Green","1610612744","Golden State Warriors",2015,"0021401174","20150409",-10.2,24.95,FALSE
203110,"Draymond Green","1610612744","Golden State Warriors",2015,"0021401174","20150409",-0.9,7.45,TRUE
203110,"Draymond Green","1610612744","Golden State Warriors",2015,"0021401174","20150409",1.1,30.45,FALSE
203110,"Draymond Green","1610612744","Golden State Warriors",2015,"0021401174","20150409",3.7,8.35,FALSE
203110,"Draymond Green","1610612744","Golden State Warriors",2015,"0021401174","20150409",-6.2,30.45,TRUE
203110,"Draymond Green","1610612744","Golden State Warriors",2015,"0021401174","20150409",0,5.35,TRUE
203110,"Draymond Green","1610612744","Golden State Warriors",2015,"0021401174","20150409",-1.5,7.25,TRUE
203110,"Draymond Green","1610612744","Golden State Warriors",2015,"0021401174","20150409",8.9,28.85,FALSE
203110,"Draymond Green","1610612744","Golden State Warriors",2015,"0021401174","20150409",0.4,7.15,FALSE
203110,"Draymond Green","1610612744","Golden State Warriors",2015,"0021401174","20150409",-5.9,30.45,FALSE
203110,"Draymond Green","1610612744","Golden State Warriors",2015,"0021401174","20150409",1,7.45,TRUE
203110,"Draymond Green","1610612744","Golden State Warriors",2015,"0021401192","20150411",-0.6,16.75,TRUE
203110,"Draymond Green","1610612744","Golden State Warriors",2015,"0021401192","20150411",15.8,25.05,FALSE
203110,"Draymond Green","1610612744","Golden State Warriors",2015,"0021401192","20150411",-2,7.25,TRUE
203110,"Draymond Green","1610612744","Golden State Warriors",2015,"0021401192","20150411",0,12.75,FALSE
203110,"Draymond Green","1610612744","Golden State Warriors",2015,"0021401192","20150411",1,6.45,TRUE
203110,"Draymond Green","1610612744","Golden State Warriors",2015,"0021401192","20150411",-16.8,26.65,TRUE
203110,"Draymond Green","1610612744","Golden State Warriors",2015,"0021401192","20150411",15.8,28.05,FALSE
203110,"Draymond Green","1610612744","Golden State Warriors",2015,"0021401192","20150411",-0.4,5.55,FALSE
203110,"Draymond Green","1610612744","Golden State Warriors",2015,"0021401192","20150411",-0.6,6.75,TRUE
203110,"Draymond Green","1610612744","Golden State Warriors",2015,"0021401212","20150413",2.4,31.05,TRUE
203110,"Draymond Green","1610612744","Golden State Warriors",2015,"0021401212","20150413",14.9,7.25,FALSE
203110,"Draymond Green","1610612744","Golden State Warriors",2015,"0021401212","20150413",-1.5,5.65,TRUE
203110,"Draymond Green","1610612744","Golden State Warriors",2015,"0021401212","20150413",-3.9,29.35,FALSE
203110,"Draymond Green","1610612744","Golden State Warriors",2015,"0021401229","20150415",13.4,16.25,TRUE
203110,"Draymond Green","1610612744","Golden State Warriors",2015,"0021401229","20150415",18.5,24.75,FALSE
203110,"Draymond Green","1610612744","Golden State Warriors",2015,"0021401229","20150415",-11.6,27.95,FALSE
203110,"Draymond Green","1610612744","Golden State Warriors",2015,"0021401229","20150415",-1.3,5.95,FALSE
203110,"Draymond Green","1610612744","Golden State Warriors",2015,"0021401229","20150415",0,6.75,TRUE
203110,"Draymond Green","1610612744","Golden State Warriors",2016,"0021500003","20151027",21.7,20.15,TRUE
203110,"Draymond Green","1610612744","Golden State Warriors",2016,"0021500003","20151027",0.6,22.75,TRUE
203110,"Draymond Green","1610612744","Golden State Warriors",2016,"0021500003","20151027",-1.9,30.95,TRUE
203110,"Draymond Green","1610612744","Golden State Warriors",2016,"0021500003","20151027",14,27.55,FALSE
203110,"Draymond Green","1610612744","Golden State Warriors",2016,"0021500003","20151027",-18.9,24.05,FALSE
203110,"Draymond Green","1610612744","Golden State Warriors",2016,"0021500003","20151027",-6.1,8.85,FALSE
203110,"Draymond Green","1610612744","Golden State Warriors",2016,"0021500003","20151027",4.3,11.75,FALSE
203110,"Draymond Green","1610612744","Golden State Warriors",2016,"0021500003","20151027",-0.9,6.85,FALSE
203110,"Draymond Green","1610612744","Golden State Warriors",2016,"0021500003","20151027",0,8.85,FALSE
203110,"Draymond Green","1610612744","Golden State Warriors",2016,"0021500003","20151027",0.4,6.55,FALSE
203110,"Draymond Green","1610612744","Golden State Warriors",2016,"0021500003","20151027",0.2,29.95,FALSE
203110,"Draymond Green","1610612744","Golden State Warriors",2016,"0021500003","20151027",-12.7,18.65,FALSE
203110,"Draymond Green","1610612744","Golden State Warriors",2016,"0021500030","20151030",-2.7,5.95,FALSE
203110,"Draymond Green","1610612744","Golden State Warriors",2016,"0021500030","20151030",4.7,29.15,FALSE
203110,"Draymond Green","1610612744","Golden State Warriors",2016,"0021500030","20151030",-23.2,5.25,TRUE
203110,"Draymond Green","1610612744","Golden State Warriors",2016,"0021500030","20151030",-1.4,5.25,FALSE
203110,"Draymond Green","1610612744","Golden State Warriors",2016,"0021500030","20151030",-5.5,8.85,FALSE
203110,"Draymond Green","1610612744","Golden State Warriors",2016,"0021500030","20151030",-2.5,6.05,TRUE
203110,"Draymond Green","1610612744","Golden State Warriors",2016,"0021500030","20151030",-6.3,14.75,TRUE
203110,"Draymond Green","1610612744","Golden State Warriors",2016,"0021500030","20151030",7.1,8.35,FALSE
203110,"Draymond Green","1610612744","Golden State Warriors",2016,"0021500035","20151031",3.4,13.25,TRUE
203110,"Draymond Green","1610612744","Golden State Warriors",2016,"0021500035","20151031",-17.9,7.85,FALSE
203110,"Draymond Green","1610612744","Golden State Warriors",2016,"0021500035","20151031",-11.4,28.45,TRUE
203110,"Draymond Green","1610612744","Golden State Warriors",2016,"0021500035","20151031",-2.2,5.95,TRUE
203110,"Draymond Green","1610612744","Golden State Warriors",2016,"0021500035","20151031",7.4,30.65,TRUE
203110,"Draymond Green","1610612744","Golden State Warriors",2016,"0021500035","20151031",16.3,24.25,FALSE
203110,"Draymond Green","1610612744","Golden State Warriors",2016,"0021500035","20151031",2.4,5.95,FALSE
203110,"Draymond Green","1610612744","Golden State Warriors",2016,"0021500035","20151031",9.2,28.65,TRUE
203110,"Draymond Green","1610612744","Golden State Warriors",2016,"0021500035","20151031",-1,7.35,FALSE
203110,"Draymond Green","1610612744","Golden State Warriors",2016,"0021500035","20151031",-8.2,8.05,FALSE
203110,"Draymond Green","1610612744","Golden State Warriors",2016,"0021500035","20151031",13,27.05,TRUE
203110,"Draymond Green","1610612744","Golden State Warriors",2016,"0021500035","20151031",-2,7.35,TRUE
203110,"Draymond Green","1610612744","Golden State Warriors",2016,"0021500051","20151102",17.3,25.55,TRUE
203110,"Draymond Green","1610612744","Golden State Warriors",2016,"0021500051","20151102",0.7,12.75,FALSE
203110,"Draymond Green","1610612744","Golden State Warriors",2016,"0021500051","20151102",-2.8,7.35,TRUE
203110,"Draymond Green","1610612744","Golden State Warriors",2016,"0021500051","20151102",8.4,30.15,TRUE
203110,"Draymond Green","1610612744","Golden State Warriors",2016,"0021500051","20151102",3.2,9.95,FALSE
203110,"Draymond Green","1610612744","Golden State Warriors",2016,"0021500051","20151102",17.1,24.75,FALSE
203110,"Draymond Green","1610612744","Golden State Warriors",2016,"0021500051","20151102",0,31.45,TRUE
203110,"Draymond Green","1610612744","Golden State Warriors",2016,"0021500069","20151104",-10.7,27.55,FALSE
203110,"Draymond Green","1610612744","Golden State Warriors",2016,"0021500069","20151104",-5,29.65,FALSE
203110,"Draymond Green","1610612744","Golden State Warriors",2016,"0021500069","20151104",-0.2,11.35,TRUE
203110,"Draymond Green","1610612744","Golden State Warriors",2016,"0021500069","20151104",-6.6,29.95,FALSE
203110,"Draymond Green","1610612744","Golden State Warriors",2016,"0021500069","20151104",12.4,12.75,FALSE
203110,"Draymond Green","1610612744","Golden State Warriors",2016,"0021500069","20151104",-0.9,7.05,FALSE
203110,"Draymond Green","1610612744","Golden State Warriors",2016,"0021500069","20151104",9.1,29.65,TRUE
203110,"Draymond Green","1610612744","Golden State Warriors",2016,"0021500069","20151104",0.1,5.25,FALSE
203110,"Draymond Green","1610612744","Golden State Warriors",2016,"0021500069","20151104",-1,6.05,TRUE
203110,"Draymond Green","1610612744","Golden State Warriors",2016,"0021500069","20151104",0,30.45,FALSE
203110,"Draymond Green","1610612744","Golden State Warriors",2016,"0021500069","20151104",-4.6,30.15,FALSE
203110,"Draymond Green","1610612744","Golden State Warriors",2016,"0021500083","20151106",-0.1,5.55,TRUE
203110,"Draymond Green","1610612744","Golden State Warriors",2016,"0021500083","20151106",0.2,5.95,TRUE
203110,"Draymond Green","1610612744","Golden State Warriors",2016,"0021500083","20151106",2,30.95,TRUE
203110,"Draymond Green","1610612744","Golden State Warriors",2016,"0021500083","20151106",6.8,9.35,FALSE
203110,"Draymond Green","1610612744","Golden State Warriors",2016,"0021500083","20151106",-3.5,9.35,FALSE
203110,"Draymond Green","1610612744","Golden State Warriors",2016,"0021500083","20151106",0.9,30.15,FALSE
203110,"Draymond Green","1610612744","Golden State Warriors",2016,"0021500083","20151106",-22.8,5.45,TRUE
203110,"Draymond Green","1610612744","Golden State Warriors",2016,"0021500083","20151106",0.1,10.35,TRUE
203110,"Draymond Green","1610612744","Golden State Warriors",2016,"0021500083","20151106",1.4,6.35,FALSE
203110,"Draymond Green","1610612744","Golden State Warriors",2016,"0021500092","20151107",23.2,5.45,FALSE
203110,"Draymond Green","1610612744","Golden State Warriors",2016,"0021500092","20151107",19.1,22.25,FALSE
203110,"Draymond Green","1610612744","Golden State Warriors",2016,"0021500092","20151107",2.7,6.55,TRUE
203110,"Draymond Green","1610612744","Golden State Warriors",2016,"0021500092","20151107",6.1,30.15,FALSE
203110,"Draymond Green","1610612744","Golden State Warriors",2016,"0021500092","20151107",3,6.65,FALSE
203110,"Draymond Green","1610612744","Golden State Warriors",2016,"0021500092","20151107",0,5.35,TRUE
203110,"Draymond Green","1610612744","Golden State Warriors",2016,"0021500092","20151107",0.4,9.85,TRUE
203110,"Draymond Green","1610612744","Golden State Warriors",2016,"0021500092","20151107",-7.1,6.85,FALSE
203110,"Draymond Green","1610612744","Golden State Warriors",2016,"0021500104","20151109",4.5,29.45,FALSE
203110,"Draymond Green","1610612744","Golden State Warriors",2016,"0021500104","20151109",-2.4,6.35,FALSE
203110,"Draymond Green","1610612744","Golden State Warriors",2016,"0021500104","20151109",-0.4,5.95,TRUE
203110,"Draymond Green","1610612744","Golden State Warriors",2016,"0021500104","20151109",4.7,12.45,FALSE
203110,"Draymond Green","1610612744","Golden State Warriors",2016,"0021500104","20151109",0,5.35,TRUE
203110,"Draymond Green","1610612744","Golden State Warriors",2016,"0021500104","20151109",-0.6,7.05,FALSE
203110,"Draymond Green","1610612744","Golden State Warriors",2016,"0021500104","20151109",-12.3,20.15,FALSE
203110,"Draymond Green","1610612744","Golden State Warriors",2016,"0021500104","20151109",0,13.25,TRUE
203110,"Draymond Green","1610612744","Golden State Warriors",2016,"0021500104","20151109",0.7,6.35,FALSE
203110,"Draymond Green","1610612744","Golden State Warriors",2016,"0021500104","20151109",0.6,5.65,FALSE
203110,"Draymond Green","1610612744","Golden State Warriors",2016,"0021500120","20151111",-19.5,3.15,TRUE
203110,"Draymond Green","1610612744","Golden State Warriors",2016,"0021500120","20151111",2.7,30.15,FALSE
203110,"Draymond Green","1610612744","Golden State Warriors",2016,"0021500120","20151111",-1.9,5.15,FALSE
203110,"Draymond Green","1610612744","Golden State Warriors",2016,"0021500120","20151111",-0.6,5.95,TRUE
203110,"Draymond Green","1610612744","Golden State Warriors",2016,"0021500120","20151111",-15.6,25.05,TRUE
203110,"Draymond Green","1610612744","Golden State Warriors",2016,"0021500120","20151111",3.2,30.45,FALSE
203110,"Draymond Green","1610612744","Golden State Warriors",2016,"0021500120","20151111",-0.9,30.65,FALSE
203110,"Draymond Green","1610612744","Golden State Warriors",2016,"0021500125","20151112",1.4,19.85,TRUE
203110,"Draymond Green","1610612744","Golden State Warriors",2016,"0021500125","20151112",-23.2,6.35,FALSE
203110,"Draymond Green","1610612744","Golden State Warriors",2016,"0021500125","20151112",-1,5.45,TRUE
203110,"Draymond Green","1610612744","Golden State Warriors",2016,"0021500125","20151112",-10.4,21.15,TRUE
203110,"Draymond Green","1610612744","Golden State Warriors",2016,"0021500125","20151112",-0.2,30.45,TRUE
203110,"Draymond Green","1610612744","Golden State Warriors",2016,"0021500125","20151112",-0.1,5.25,TRUE
203110,"Draymond Green","1610612744","Golden State Warriors",2016,"0021500125","20151112",1.9,8.85,FALSE
203110,"Draymond Green","1610612744","Golden State Warriors",2016,"0021500125","20151112",3.7,8.65,TRUE
203110,"Draymond Green","1610612744","Golden State Warriors",2016,"0021500125","20151112",1.2,30.95,TRUE
203110,"Draymond Green","1610612744","Golden State Warriors",2016,"0021500125","20151112",-0.2,6.05,TRUE
203110,"Draymond Green","1610612744","Golden State Warriors",2016,"0021500144","20151114",-18.7,23.55,FALSE
203110,"Draymond Green","1610612744","Golden State Warriors",2016,"0021500144","20151114",7.4,30.95,TRUE
203110,"Draymond Green","1610612744","Golden State Warriors",2016,"0021500144","20151114",0.9,7.85,FALSE
203110,"Draymond Green","1610612744","Golden State Warriors",2016,"0021500144","20151114",14.5,13.75,TRUE
203110,"Draymond Green","1610612744","Golden State Warriors",2016,"0021500144","20151114",-0.9,5.15,FALSE
203110,"Draymond Green","1610612744","Golden State Warriors",2016,"0021500144","20151114",0.7,5.45,FALSE
203110,"Draymond Green","1610612744","Golden State Warriors",2016,"0021500144","20151114",23.7,7.55,TRUE
203110,"Draymond Green","1610612744","Golden State Warriors",2016,"0021500144","20151114",14.3,27.55,FALSE
203110,"Draymond Green","1610612744","Golden State Warriors",2016,"0021500144","20151114",23.5,7.35,FALSE
203110,"Draymond Green","1610612744","Golden State Warriors",2016,"0021500144","20151114",24.3,6.85,FALSE
203110,"Draymond Green","1610612744","Golden State Warriors",2016,"0021500144","20151114",-1.5,6.55,TRUE
203110,"Draymond Green","1610612744","Golden State Warriors",2016,"0021500144","20151114",-2.4,5.45,TRUE
203110,"Draymond Green","1610612744","Golden State Warriors",2016,"0021500144","20151114",6.8,29.65,FALSE
203110,"Draymond Green","1610612744","Golden State Warriors",2016,"0021500144","20151114",-3.5,9.05,FALSE
203110,"Draymond Green","1610612744","Golden State Warriors",2016,"0021500144","20151114",-2.5,6.35,FALSE
203110,"Draymond Green","1610612744","Golden State Warriors",2016,"0021500144","20151114",-0.9,7.05,TRUE
203110,"Draymond Green","1610612744","Golden State Warriors",2016,"0021500144","20151114",1.1,7.05,FALSE
203110,"Draymond Green","1610612744","Golden State Warriors",2016,"0021500144","20151114",0,13.25,TRUE
203110,"Draymond Green","1610612744","Golden State Warriors",2016,"0021500164","20151117",0.9,7.35,TRUE
203110,"Draymond Green","1610612744","Golden State Warriors",2016,"0021500164","20151117",4.2,29.95,FALSE
203110,"Draymond Green","1610612744","Golden State Warriors",2016,"0021500164","20151117",4.8,30.15,TRUE
203110,"Draymond Green","1610612744","Golden State Warriors",2016,"0021500164","20151117",-18.2,23.55,FALSE
203110,"Draymond Green","1610612744","Golden State Warriors",2016,"0021500164","20151117",23.5,7.55,FALSE
203110,"Draymond Green","1610612744","Golden State Warriors",2016,"0021500164","20151117",-0.6,11.75,TRUE
203110,"Draymond Green","1610612744","Golden State Warriors",2016,"0021500177","20151119",11.7,7.55,TRUE
203110,"Draymond Green","1610612744","Golden State Warriors",2016,"0021500177","20151119",-1,6.35,FALSE
203110,"Draymond Green","1610612744","Golden State Warriors",2016,"0021500177","20151119",-11.4,28.45,TRUE
203110,"Draymond Green","1610612744","Golden State Warriors",2016,"0021500177","20151119",-0.6,5.65,FALSE
203110,"Draymond Green","1610612744","Golden State Warriors",2016,"0021500177","20151119",13.2,28.15,TRUE
203110,"Draymond Green","1610612744","Golden State Warriors",2016,"0021500177","20151119",0.4,7.55,TRUE
203110,"Draymond Green","1610612744","Golden State Warriors",2016,"0021500177","20151119",23.7,3.35,TRUE
203110,"Draymond Green","1610612744","Golden State Warriors",2016,"0021500177","20151119",-1,5.45,TRUE
203110,"Draymond Green","1610612744","Golden State Warriors",2016,"0021500177","20151119",-0.6,6.05,TRUE
203110,"Draymond Green","1610612744","Golden State Warriors",2016,"0021500187","20151120",-14.1,25.75,FALSE
203110,"Draymond Green","1610612744","Golden State Warriors",2016,"0021500187","20151120",-15.3,27.05,FALSE
203110,"Draymond Green","1610612744","Golden State Warriors",2016,"0021500187","20151120",5.7,12.75,TRUE
203110,"Draymond Green","1610612744","Golden State Warriors",2016,"0021500187","20151120",-0.6,7.05,FALSE
203110,"Draymond Green","1610612744","Golden State Warriors",2016,"0021500187","20151120",-0.6,6.85,TRUE
203110,"Draymond Green","1610612744","Golden State Warriors",2016,"0021500187","20151120",-6.3,10.95,FALSE
203110,"Draymond Green","1610612744","Golden State Warriors",2016,"0021500187","20151120",-2,9.35,FALSE
203110,"Draymond Green","1610612744","Golden State Warriors",2016,"0021500187","20151120",0.4,7.35,TRUE
203110,"Draymond Green","1610612744","Golden State Warriors",2016,"0021500200","20151122",22.5,20.35,TRUE
203110,"Draymond Green","1610612744","Golden State Warriors",2016,"0021500200","20151122",14.2,25.55,FALSE
203110,"Draymond Green","1610612744","Golden State Warriors",2016,"0021500200","20151122",23.8,6.85,TRUE
203110,"Draymond Green","1610612744","Golden State Warriors",2016,"0021500200","20151122",8.3,28.65,TRUE
203110,"Draymond Green","1610612744","Golden State Warriors",2016,"0021500200","20151122",1.2,5.95,TRUE
203110,"Draymond Green","1610612744","Golden State Warriors",2016,"0021500200","20151122",-10.5,28.45,FALSE
203110,"Draymond Green","1610612744","Golden State Warriors",2016,"0021500200","20151122",0,5.35,TRUE
203110,"Draymond Green","1610612744","Golden State Warriors",2016,"0021500214","20151124",3.5,30.65,TRUE
203110,"Draymond Green","1610612744","Golden State Warriors",2016,"0021500214","20151124",-14.8,27.05,FALSE
203110,"Draymond Green","1610612744","Golden State Warriors",2016,"0021500214","20151124",1.9,5.55,TRUE
203110,"Draymond Green","1610612744","Golden State Warriors",2016,"0021500214","20151124",0.9,6.85,TRUE
203110,"Draymond Green","1610612744","Golden State Warriors",2016,"0021500214","20151124",-22.8,7.35,TRUE
203110,"Draymond Green","1610612744","Golden State Warriors",2016,"0021500214","20151124",-1.7,6.05,TRUE
203110,"Draymond Green","1610612744","Golden State Warriors",2016,"0021500214","20151124",15.8,24.05,FALSE
203110,"Draymond Green","1610612744","Golden State Warriors",2016,"0021500214","20151124",0.7,6.85,TRUE
203110,"Draymond Green","1610612744","Golden State Warriors",2016,"0021500214","20151124",0.9,7.35,FALSE
203110,"Draymond Green","1610612744","Golden State Warriors",2016,"0021500214","20151124",1,5.65,TRUE
203110,"Draymond Green","1610612744","Golden State Warriors",2016,"0021500214","20151124",9.7,27.55,FALSE
203110,"Draymond Green","1610612744","Golden State Warriors",2016,"0021500236","20151127",-13,27.05,TRUE
203110,"Draymond Green","1610612744","Golden State Warriors",2016,"0021500236","20151127",-12.8,25.55,TRUE
203110,"Draymond Green","1610612744","Golden State Warriors",2016,"0021500236","20151127",-2.4,5.45,TRUE
203110,"Draymond Green","1610612744","Golden State Warriors",2016,"0021500236","20151127",0.9,5.45,TRUE
203110,"Draymond Green","1610612744","Golden State Warriors",2016,"0021500245","20151128",16.9,12.25,FALSE
203110,"Draymond Green","1610612744","Golden State Warriors",2016,"0021500245","20151128",17.1,24.55,FALSE
203110,"Draymond Green","1610612744","Golden State Warriors",2016,"0021500245","20151128",-7.1,21.65,FALSE
203110,"Draymond Green","1610612744","Golden State Warriors",2016,"0021500245","20151128",23,10.45,FALSE
203110,"Draymond Green","1610612744","Golden State Warriors",2016,"0021500245","20151128",0.4,9.35,TRUE
203110,"Draymond Green","1610612744","Golden State Warriors",2016,"0021500245","20151128",-1.4,7.35,TRUE
203110,"Draymond Green","1610612744","Golden State Warriors",2016,"0021500245","20151128",-8.4,28.95,FALSE
203110,"Draymond Green","1610612744","Golden State Warriors",2016,"0021500245","20151128",-1,9.85,TRUE
203110,"Draymond Green","1610612744","Golden State Warriors",2016,"0021500245","20151128",1.1,6.85,FALSE
203110,"Draymond Green","1610612744","Golden State Warriors",2016,"0021500245","20151128",-0.1,6.15,FALSE
203110,"Draymond Green","1610612744","Golden State Warriors",2016,"0021500245","20151128",-1.1,5.75,FALSE
203110,"Draymond Green","1610612744","Golden State Warriors",2016,"0021500245","20151128",1.7,29.95,FALSE
203110,"Draymond Green","1610612744","Golden State Warriors",2016,"0021500245","20151128",-0.2,7.35,TRUE
203110,"Draymond Green","1610612744","Golden State Warriors",2016,"0021500259","20151130",-13.5,25.75,FALSE
203110,"Draymond Green","1610612744","Golden State Warriors",2016,"0021500259","20151130",-1,6.85,FALSE
203110,"Draymond Green","1610612744","Golden State Warriors",2016,"0021500259","20151130",6,12.45,FALSE
203110,"Draymond Green","1610612744","Golden State Warriors",2016,"0021500259","20151130",4.5,5.55,FALSE
203110,"Draymond Green","1610612744","Golden State Warriors",2016,"0021500259","20151130",13.5,25.55,FALSE
203110,"Draymond Green","1610612744","Golden State Warriors",2016,"0021500259","20151130",0,5.55,FALSE
203110,"Draymond Green","1610612744","Golden State Warriors",2016,"0021500259","20151130",0.2,5.95,FALSE
203110,"Draymond Green","1610612744","Golden State Warriors",2016,"0021500259","20151130",0.2,6.05,TRUE
203110,"Draymond Green","1610612744","Golden State Warriors",2016,"0021500259","20151130",1.9,4.15,TRUE
203110,"Draymond Green","1610612744","Golden State Warriors",2016,"0021500259","20151130",-3.5,6.35,TRUE
203110,"Draymond Green","1610612744","Golden State Warriors",2016,"0021500259","20151130",-2.8,5.45,FALSE
203110,"Draymond Green","1610612744","Golden State Warriors",2016,"0021500259","20151130",0,5.35,FALSE
203110,"Draymond Green","1610612744","Golden State Warriors",2016,"0021500259","20151130",0.4,9.35,FALSE
203110,"Draymond Green","1610612744","Golden State Warriors",2016,"0021500259","20151130",1.7,5.45,TRUE
203110,"Draymond Green","1610612744","Golden State Warriors",2016,"0021500259","20151130",-10.5,27.15,FALSE
203110,"Draymond Green","1610612744","Golden State Warriors",2016,"0021500259","20151130",-2.2,5.45,TRUE
203110,"Draymond Green","1610612744","Golden State Warriors",2016,"0021500259","20151130",-1.9,5.55,TRUE
203110,"Draymond Green","1610612744","Golden State Warriors",2016,"0021500259","20151130",1.9,4.65,TRUE
203110,"Draymond Green","1610612744","Golden State Warriors",2016,"0021500259","20151130",2.5,9.85,FALSE
203110,"Draymond Green","1610612744","Golden State Warriors",2016,"0021500259","20151130",-22.8,14.75,FALSE
203110,"Draymond Green","1610612744","Golden State Warriors",2016,"0021500259","20151130",-0.1,6.35,TRUE
203110,"Draymond Green","1610612744","Golden State Warriors",2016,"0021500268","20151202",0.7,6.35,TRUE
203110,"Draymond Green","1610612744","Golden State Warriors",2016,"0021500268","20151202",-23,8.05,FALSE
203110,"Draymond Green","1610612744","Golden State Warriors",2016,"0021500268","20151202",2.2,13.75,FALSE
203110,"Draymond Green","1610612744","Golden State Warriors",2016,"0021500268","20151202",-3.5,6.85,FALSE
203110,"Draymond Green","1610612744","Golden State Warriors",2016,"0021500268","20151202",0.6,6.05,TRUE
203110,"Draymond Green","1610612744","Golden State Warriors",2016,"0021500268","20151202",9.4,29.15,FALSE
203110,"Draymond Green","1610612744","Golden State Warriors",2016,"0021500268","20151202",-0.9,6.35,FALSE
203110,"Draymond Green","1610612744","Golden State Warriors",2016,"0021500268","20151202",14.8,25.55,FALSE
203110,"Draymond Green","1610612744","Golden State Warriors",2016,"0021500268","20151202",16.9,24.55,FALSE
203110,"Draymond Green","1610612744","Golden State Warriors",2016,"0021500290","20151205",-0.9,14.95,FALSE
203110,"Draymond Green","1610612744","Golden State Warriors",2016,"0021500290","20151205",-0.2,7.85,TRUE
203110,"Draymond Green","1610612744","Golden State Warriors",2016,"0021500290","20151205",-0.4,29.65,FALSE
203110,"Draymond Green","1610612744","Golden State Warriors",2016,"0021500290","20151205",2.5,5.95,TRUE
203110,"Draymond Green","1610612744","Golden State Warriors",2016,"0021500290","20151205",-0.6,13.75,FALSE
203110,"Draymond Green","1610612744","Golden State Warriors",2016,"0021500290","20151205",-3.3,29.15,FALSE
203110,"Draymond Green","1610612744","Golden State Warriors",2016,"0021500290","20151205",2.2,6.55,TRUE
203110,"Draymond Green","1610612744","Golden State Warriors",2016,"0021500290","20151205",-15.5,12.95,FALSE
203110,"Draymond Green","1610612744","Golden State Warriors",2016,"0021500290","20151205",3.7,10.85,FALSE
203110,"Draymond Green","1610612744","Golden State Warriors",2016,"0021500290","20151205",-2.4,6.35,TRUE
203110,"Draymond Green","1610612744","Golden State Warriors",2016,"0021500290","20151205",-0.4,11.75,TRUE
203110,"Draymond Green","1610612744","Golden State Warriors",2016,"0021500290","20151205",-5.1,9.85,FALSE
203110,"Draymond Green","1610612744","Golden State Warriors",2016,"0021500300","20151206",0,5.35,TRUE
203110,"Draymond Green","1610612744","Golden State Warriors",2016,"0021500300","20151206",-3.8,5.55,FALSE
203110,"Draymond Green","1610612744","Golden State Warriors",2016,"0021500300","20151206",7.4,10.85,TRUE
203110,"Draymond Green","1610612744","Golden State Warriors",2016,"0021500300","20151206",2.2,5.45,FALSE
203110,"Draymond Green","1610612744","Golden State Warriors",2016,"0021500300","20151206",1.4,6.05,TRUE
203110,"Draymond Green","1610612744","Golden State Warriors",2016,"0021500300","20151206",-0.4,29.65,TRUE
203110,"Draymond Green","1610612744","Golden State Warriors",2016,"0021500300","20151206",2.2,5.15,FALSE
203110,"Draymond Green","1610612744","Golden State Warriors",2016,"0021500300","20151206",0.2,6.35,TRUE
203110,"Draymond Green","1610612744","Golden State Warriors",2016,"0021500300","20151206",1.7,5.15,TRUE
203110,"Draymond Green","1610612744","Golden State Warriors",2016,"0021500300","20151206",20.5,18.85,TRUE
203110,"Draymond Green","1610612744","Golden State Warriors",2016,"0021500314","20151208",8.1,30.45,FALSE
203110,"Draymond Green","1610612744","Golden State Warriors",2016,"0021500314","20151208",2.5,4.65,FALSE
203110,"Draymond Green","1610612744","Golden State Warriors",2016,"0021500314","20151208",0,5.35,TRUE
203110,"Draymond Green","1610612744","Golden State Warriors",2016,"0021500314","20151208",0,14.75,FALSE
203110,"Draymond Green","1610612744","Golden State Warriors",2016,"0021500314","20151208",11.5,28.95,FALSE
203110,"Draymond Green","1610612744","Golden State Warriors",2016,"0021500314","20151208",0.1,21.25,FALSE
203110,"Draymond Green","1610612744","Golden State Warriors",2016,"0021500314","20151208",1.1,5.45,TRUE
203110,"Draymond Green","1610612744","Golden State Warriors",2016,"0021500314","20151208",11.4,16.75,FALSE
203110,"Draymond Green","1610612744","Golden State Warriors",2016,"0021500314","20151208",1.1,10.85,FALSE
203110,"Draymond Green","1610612744","Golden State Warriors",2016,"0021500314","20151208",1.1,6.85,TRUE
203110,"Draymond Green","1610612744","Golden State Warriors",2016,"0021500314","20151208",3,5.95,FALSE
203110,"Draymond Green","1610612744","Golden State Warriors",2016,"0021500314","20151208",1.2,5.55,TRUE
203110,"Draymond Green","1610612744","Golden State Warriors",2016,"0021500314","20151208",0.7,5.45,FALSE
203110,"Draymond Green","1610612744","Golden State Warriors",2016,"0021500336","20151211",-3,13.75,FALSE
203110,"Draymond Green","1610612744","Golden State Warriors",2016,"0021500336","20151211",0,5.45,TRUE
203110,"Draymond Green","1610612744","Golden State Warriors",2016,"0021500336","20151211",-7.8,30.15,TRUE
203110,"Draymond Green","1610612744","Golden State Warriors",2016,"0021500336","20151211",12.2,27.65,FALSE
203110,"Draymond Green","1610612744","Golden State Warriors",2016,"0021500336","20151211",-4.8,9.35,FALSE
203110,"Draymond Green","1610612744","Golden State Warriors",2016,"0021500336","20151211",9.9,27.55,TRUE
203110,"Draymond Green","1610612744","Golden State Warriors",2016,"0021500336","20151211",8.3,28.05,FALSE
203110,"Draymond Green","1610612744","Golden State Warriors",2016,"0021500336","20151211",-0.2,11.75,TRUE
203110,"Draymond Green","1610612744","Golden State Warriors",2016,"0021500336","20151211",0.9,5.55,TRUE
203110,"Draymond Green","1610612744","Golden State Warriors",2016,"0021500336","20151211",-3.3,31.95,FALSE
203110,"Draymond Green","1610612744","Golden State Warriors",2016,"0021500336","20151211",22.8,14.75,FALSE
203110,"Draymond Green","1610612744","Golden State Warriors",2016,"0021500336","20151211",-7.4,14.45,TRUE
203110,"Draymond Green","1610612744","Golden State Warriors",2016,"0021500336","20151211",7.6,28.65,FALSE
203110,"Draymond Green","1610612744","Golden State Warriors",2016,"0021500336","20151211",4.5,11.35,FALSE
203110,"Draymond Green","1610612744","Golden State Warriors",2016,"0021500336","20151211",0,5.35,TRUE
203110,"Draymond Green","1610612744","Golden State Warriors",2016,"0021500336","20151211",8.8,30.45,FALSE
203110,"Draymond Green","1610612744","Golden State Warriors",2016,"0021500336","20151211",0.1,5.25,FALSE
203110,"Draymond Green","1610612744","Golden State Warriors",2016,"0021500336","20151211",-12,28.45,FALSE
203110,"Draymond Green","1610612744","Golden State Warriors",2016,"0021500336","20151211",-1.7,5.95,FALSE
203110,"Draymond Green","1610612744","Golden State Warriors",2016,"0021500336","20151211",-1.7,5.55,TRUE
203110,"Draymond Green","1610612744","Golden State Warriors",2016,"0021500351","20151212",5.2,30.95,FALSE
203110,"Draymond Green","1610612744","Golden State Warriors",2016,"0021500351","20151212",6.3,7.35,FALSE
203110,"Draymond Green","1610612744","Golden State Warriors",2016,"0021500351","20151212",0.9,5.95,FALSE
203110,"Draymond Green","1610612744","Golden State Warriors",2016,"0021500351","20151212",1.2,5.45,TRUE
203110,"Draymond Green","1610612744","Golden State Warriors",2016,"0021500351","20151212",0,5.35,TRUE
203110,"Draymond Green","1610612744","Golden State Warriors",2016,"0021500351","20151212",1.1,5.25,TRUE
203110,"Draymond Green","1610612744","Golden State Warriors",2016,"0021500351","20151212",2.7,5.95,TRUE
203110,"Draymond Green","1610612744","Golden State Warriors",2016,"0021500351","20151212",0.1,5.55,TRUE
203110,"Draymond Green","1610612744","Golden State Warriors",2016,"0021500351","20151212",4.8,6.55,FALSE
203110,"Draymond Green","1610612744","Golden State Warriors",2016,"0021500351","20151212",0.1,5.15,TRUE
203110,"Draymond Green","1610612744","Golden State Warriors",2016,"0021500351","20151212",0.4,5.15,TRUE
203110,"Draymond Green","1610612744","Golden State Warriors",2016,"0021500351","20151212",-0.9,6.85,FALSE
203110,"Draymond Green","1610612744","Golden State Warriors",2016,"0021500351","20151212",0.9,5.45,TRUE
203110,"Draymond Green","1610612744","Golden State Warriors",2016,"0021500351","20151212",23.7,19.85,TRUE
203110,"Draymond Green","1610612744","Golden State Warriors",2016,"0021500381","20151216",-11,28.95,TRUE
203110,"Draymond Green","1610612744","Golden State Warriors",2016,"0021500381","20151216",-1.2,7.55,FALSE
203110,"Draymond Green","1610612744","Golden State Warriors",2016,"0021500381","20151216",-1.9,7.85,FALSE
203110,"Draymond Green","1610612744","Golden State Warriors",2016,"0021500381","20151216",1,6.15,FALSE
203110,"Draymond Green","1610612744","Golden State Warriors",2016,"0021500381","20151216",0.9,6.55,TRUE
203110,"Draymond Green","1610612744","Golden State Warriors",2016,"0021500381","20151216",0.9,6.35,TRUE
203110,"Draymond Green","1610612744","Golden State Warriors",2016,"0021500381","20151216",-7.8,31.65,TRUE
203110,"Draymond Green","1610612744","Golden State Warriors",2016,"0021500381","20151216",0.7,6.35,FALSE
203110,"Draymond Green","1610612744","Golden State Warriors",2016,"0021500381","20151216",-0.6,6.65,FALSE
203110,"Draymond Green","1610612744","Golden State Warriors",2016,"0021500381","20151216",0.3,5.75,FALSE
203110,"Draymond Green","1610612744","Golden State Warriors",2016,"0021500381","20151216",-18.7,24.05,FALSE
203110,"Draymond Green","1610612744","Golden State Warriors",2016,"0021500381","20151216",2.2,14.25,FALSE
203110,"Draymond Green","1610612744","Golden State Warriors",2016,"0021500381","20151216",1.4,15.75,FALSE
203110,"Draymond Green","1610612744","Golden State Warriors",2016,"0021500381","20151216",0,5.35,TRUE
203110,"Draymond Green","1610612744","Golden State Warriors",2016,"0021500397","20151218",14,26.65,FALSE
203110,"Draymond Green","1610612744","Golden State Warriors",2016,"0021500397","20151218",-0.1,6.05,TRUE
203110,"Draymond Green","1610612744","Golden State Warriors",2016,"0021500397","20151218",-0.9,6.35,TRUE
203110,"Draymond Green","1610612744","Golden State Warriors",2016,"0021500397","20151218",10.1,7.85,FALSE
203110,"Draymond Green","1610612744","Golden State Warriors",2016,"0021500397","20151218",1.1,11.75,FALSE
203110,"Draymond Green","1610612744","Golden State Warriors",2016,"0021500397","20151218",0.7,6.55,FALSE
203110,"Draymond Green","1610612744","Golden State Warriors",2016,"0021500397","20151218",-1.4,7.55,FALSE
203110,"Draymond Green","1610612744","Golden State Warriors",2016,"0021500397","20151218",1.2,6.35,TRUE
203110,"Draymond Green","1610612744","Golden State Warriors",2016,"0021500397","20151218",-9.1,28.05,TRUE
203110,"Draymond Green","1610612744","Golden State Warriors",2016,"0021500397","20151218",0.7,8.35,FALSE
203110,"Draymond Green","1610612744","Golden State Warriors",2016,"0021500397","20151218",-2.7,7.85,TRUE
203110,"Draymond Green","1610612744","Golden State Warriors",2016,"0021500397","20151218",-0.2,6.55,TRUE
203110,"Draymond Green","1610612744","Golden State Warriors",2016,"0021500397","20151218",-0.6,31.15,TRUE
203110,"Draymond Green","1610612744","Golden State Warriors",2016,"0021500397","20151218",-2,7.35,FALSE
203110,"Draymond Green","1610612744","Golden State Warriors",2016,"0021500397","20151218",-2.2,8.35,FALSE
203110,"Draymond Green","1610612744","Golden State Warriors",2016,"0021500434","20151223",11.5,28.95,FALSE
203110,"Draymond Green","1610612744","Golden State Warriors",2016,"0021500434","20151223",0,5.35,TRUE
203110,"Draymond Green","1610612744","Golden State Warriors",2016,"0021500434","20151223",0.9,5.95,FALSE
203110,"Draymond Green","1610612744","Golden State Warriors",2016,"0021500434","20151223",-6,29.65,FALSE
203110,"Draymond Green","1610612744","Golden State Warriors",2016,"0021500434","20151223",-1,6.35,TRUE
203110,"Draymond Green","1610612744","Golden State Warriors",2016,"0021500434","20151223",0,5.35,TRUE
203110,"Draymond Green","1610612744","Golden State Warriors",2016,"0021500434","20151223",1.4,5.25,TRUE
203110,"Draymond Green","1610612744","Golden State Warriors",2016,"0021500434","20151223",15.5,26.05,FALSE
203110,"Draymond Green","1610612744","Golden State Warriors",2016,"0021500434","20151223",-4.5,21.25,FALSE
203110,"Draymond Green","1610612744","Golden State Warriors",2016,"0021500434","20151223",1.6,6.35,FALSE
203110,"Draymond Green","1610612744","Golden State Warriors",2016,"0021500434","20151223",-0.1,6.85,FALSE
203110,"Draymond Green","1610612744","Golden State Warriors",2016,"0021500434","20151223",5,16.25,TRUE
203110,"Draymond Green","1610612744","Golden State Warriors",2016,"0021500434","20151223",0.1,16.35,FALSE
203110,"Draymond Green","1610612744","Golden State Warriors",2016,"0021500434","20151223",0.2,7.35,TRUE
203110,"Draymond Green","1610612744","Golden State Warriors",2016,"0021500434","20151223",-6.9,28.95,TRUE
203110,"Draymond Green","1610612744","Golden State Warriors",2016,"0021500438","20151225",4.5,29.95,TRUE
203110,"Draymond Green","1610612744","Golden State Warriors",2016,"0021500438","20151225",-0.6,6.05,FALSE
203110,"Draymond Green","1610612744","Golden State Warriors",2016,"0021500438","20151225",-9.1,28.65,TRUE
203110,"Draymond Green","1610612744","Golden State Warriors",2016,"0021500438","20151225",3.4,5.55,FALSE
203110,"Draymond Green","1610612744","Golden State Warriors",2016,"0021500438","20151225",0,7.35,TRUE
203110,"Draymond Green","1610612744","Golden State Warriors",2016,"0021500438","20151225",-2.8,12.25,FALSE
203110,"Draymond Green","1610612744","Golden State Warriors",2016,"0021500438","20151225",1.1,6.35,TRUE
203110,"Draymond Green","1610612744","Golden State Warriors",2016,"0021500438","20151225",-1,16.85,FALSE
203110,"Draymond Green","1610612744","Golden State Warriors",2016,"0021500438","20151225",16.6,25.75,FALSE
203110,"Draymond Green","1610612744","Golden State Warriors",2016,"0021500438","20151225",0,5.35,TRUE
203110,"Draymond Green","1610612744","Golden State Warriors",2016,"0021500438","20151225",1.7,7.85,FALSE
203110,"Draymond Green","1610612744","Golden State Warriors",2016,"0021500438","20151225",1.2,7.85,TRUE
203110,"Draymond Green","1610612744","Golden State Warriors",2016,"0021500438","20151225",-1,7.55,TRUE
203110,"Draymond Green","1610612744","Golden State Warriors",2016,"0021500438","20151225",2.7,7.35,FALSE
203110,"Draymond Green","1610612744","Golden State Warriors",2016,"0021500438","20151225",0.7,6.35,FALSE
203110,"Draymond Green","1610612744","Golden State Warriors",2016,"0021500438","20151225",-0.1,6.35,TRUE
203110,"Draymond Green","1610612744","Golden State Warriors",2016,"0021500438","20151225",0.1,7.05,FALSE
203110,"Draymond Green","1610612744","Golden State Warriors",2016,"0021500468","20151228",1.9,5.95,TRUE
203110,"Draymond Green","1610612744","Golden State Warriors",2016,"0021500468","20151228",11.2,28.95,TRUE
203110,"Draymond Green","1610612744","Golden State Warriors",2016,"0021500468","20151228",23,5.55,TRUE
203110,"Draymond Green","1610612744","Golden State Warriors",2016,"0021500468","20151228",-9.9,28.95,FALSE
203110,"Draymond Green","1610612744","Golden State Warriors",2016,"0021500468","20151228",19.7,22.75,FALSE
203110,"Draymond Green","1610612744","Golden State Warriors",2016,"0021500468","20151228",20.9,18.65,TRUE
203110,"Draymond Green","1610612744","Golden State Warriors",2016,"0021500468","20151228",0.7,7.35,TRUE
203110,"Draymond Green","1610612744","Golden State Warriors",2016,"0021500468","20151228",-0.9,7.35,FALSE
203110,"Draymond Green","1610612744","Golden State Warriors",2016,"0021500468","20151228",-8.7,28.95,TRUE
203110,"Draymond Green","1610612744","Golden State Warriors",2016,"0021500468","20151228",1,6.25,FALSE
203110,"Draymond Green","1610612744","Golden State Warriors",2016,"0021500468","20151228",0.2,6.85,FALSE
203110,"Draymond Green","1610612744","Golden State Warriors",2016,"0021500468","20151228",0,7.35,FALSE
203110,"Draymond Green","1610612744","Golden State Warriors",2016,"0021500468","20151228",-20.5,23.55,TRUE
203110,"Draymond Green","1610612744","Golden State Warriors",2016,"0021500468","20151228",0.6,6.35,FALSE
203110,"Draymond Green","1610612744","Golden State Warriors",2016,"0021500480","20151230",-20,19.65,FALSE
203110,"Draymond Green","1610612744","Golden State Warriors",2016,"0021500480","20151230",-2.7,6.85,FALSE
203110,"Draymond Green","1610612744","Golden State Warriors",2016,"0021500480","20151230",-0.4,24.25,FALSE
203110,"Draymond Green","1610612744","Golden State Warriors",2016,"0021500480","20151230",11.2,27.15,FALSE
203110,"Draymond Green","1610612744","Golden State Warriors",2016,"0021500480","20151230",-15.1,11.45,TRUE
203110,"Draymond Green","1610612744","Golden State Warriors",2016,"0021500480","20151230",-12.7,7.05,FALSE
203110,"Draymond Green","1610612744","Golden State Warriors",2016,"0021500480","20151230",1.6,6.35,FALSE
203110,"Draymond Green","1610612744","Golden State Warriors",2016,"0021500480","20151230",3,23.25,FALSE
203110,"Draymond Green","1610612744","Golden State Warriors",2016,"0021500480","20151230",8.4,29.65,TRUE
203110,"Draymond Green","1610612744","Golden State Warriors",2016,"0021500480","20151230",-0.2,6.35,TRUE
203110,"Draymond Green","1610612744","Golden State Warriors",2016,"0021500480","20151230",23.5,13.75,FALSE
203110,"Draymond Green","1610612744","Golden State Warriors",2016,"0021500480","20151230",5.2,6.35,FALSE
203110,"Draymond Green","1610612744","Golden State Warriors",2016,"0021500480","20151230",1.9,9.35,TRUE
203110,"Draymond Green","1610612744","Golden State Warriors",2016,"0021500480","20151230",1.7,5.95,FALSE
203110,"Draymond Green","1610612744","Golden State Warriors",2016,"0021500480","20151230",1.9,5.45,FALSE
203110,"Draymond Green","1610612744","Golden State Warriors",2016,"0021500485","20151231",-0.6,6.35,FALSE
203110,"Draymond Green","1610612744","Golden State Warriors",2016,"0021500485","20151231",-0.9,4.25,TRUE
203110,"Draymond Green","1610612744","Golden State Warriors",2016,"0021500485","20151231",-9.6,28.15,TRUE
203110,"Draymond Green","1610612744","Golden State Warriors",2016,"0021500485","20151231",-0.9,5.45,FALSE
203110,"Draymond Green","1610612744","Golden State Warriors",2016,"0021500485","20151231",-13.8,19.15,FALSE
203110,"Draymond Green","1610612744","Golden State Warriors",2016,"0021500485","20151231",0.6,4.15,TRUE
203110,"Draymond Green","1610612744","Golden State Warriors",2016,"0021500485","20151231",19.2,20.35,FALSE
203110,"Draymond Green","1610612744","Golden State Warriors",2016,"0021500504","20160102",7.6,30.95,TRUE
203110,"Draymond Green","1610612744","Golden State Warriors",2016,"0021500504","20160102",11.4,28.45,TRUE
203110,"Draymond Green","1610612744","Golden State Warriors",2016,"0021500504","20160102",-18.4,22.65,TRUE
203110,"Draymond Green","1610612744","Golden State Warriors",2016,"0021500504","20160102",6,29.15,TRUE
203110,"Draymond Green","1610612744","Golden State Warriors",2016,"0021500504","20160102",-21.8,16.75,FALSE
203110,"Draymond Green","1610612744","Golden State Warriors",2016,"0021500504","20160102",0,5.35,TRUE
203110,"Draymond Green","1610612744","Golden State Warriors",2016,"0021500504","20160102",-1.2,6.35,TRUE
203110,"Draymond Green","1610612744","Golden State Warriors",2016,"0021500504","20160102",-14.1,26.25,TRUE
203110,"Draymond Green","1610612744","Golden State Warriors",2016,"0021500504","20160102",0.9,7.35,TRUE
203110,"Draymond Green","1610612744","Golden State Warriors",2016,"0021500504","20160102",6.1,29.95,FALSE
203110,"Draymond Green","1610612744","Golden State Warriors",2016,"0021500504","20160102",0.8,5.65,FALSE
203110,"Draymond Green","1610612744","Golden State Warriors",2016,"0021500504","20160102",0.6,5.15,FALSE
203110,"Draymond Green","1610612744","Golden State Warriors",2016,"0021500504","20160102",0.2,7.35,TRUE
203110,"Draymond Green","1610612744","Golden State Warriors",2016,"0021500504","20160102",-17.9,23.55,FALSE
203110,"Draymond Green","1610612744","Golden State Warriors",2016,"0021500504","20160102",1.2,6.85,TRUE
203110,"Draymond Green","1610612744","Golden State Warriors",2016,"0021500504","20160102",18.4,22.65,FALSE
203110,"Draymond Green","1610612744","Golden State Warriors",2016,"0021500520","20160104",-1.9,7.05,FALSE
203110,"Draymond Green","1610612744","Golden State Warriors",2016,"0021500520","20160104",4.3,29.65,TRUE
203110,"Draymond Green","1610612744","Golden State Warriors",2016,"0021500520","20160104",18.6,21.75,FALSE
203110,"Draymond Green","1610612744","Golden State Warriors",2016,"0021500520","20160104",-4,11.35,TRUE
203110,"Draymond Green","1610612744","Golden State Warriors",2016,"0021500520","20160104",0.9,4.15,TRUE
203110,"Draymond Green","1610612744","Golden State Warriors",2016,"0021500520","20160104",-2.5,5.95,FALSE
203110,"Draymond Green","1610612744","Golden State Warriors",2016,"0021500520","20160104",0.1,7.85,TRUE
203110,"Draymond Green","1610612744","Golden State Warriors",2016,"0021500520","20160104",0,5.35,TRUE
203110,"Draymond Green","1610612744","Golden State Warriors",2016,"0021500524","20160105",-23,8.85,FALSE
203110,"Draymond Green","1610612744","Golden State Warriors",2016,"0021500524","20160105",-0.9,7.85,FALSE
203110,"Draymond Green","1610612744","Golden State Warriors",2016,"0021500524","20160105",18.1,24.05,TRUE
203110,"Draymond Green","1610612744","Golden State Warriors",2016,"0021500524","20160105",2,5.55,TRUE
203110,"Draymond Green","1610612744","Golden State Warriors",2016,"0021500524","20160105",-0.1,6.65,FALSE
203110,"Draymond Green","1610612744","Golden State Warriors",2016,"0021500548","20160108",-0.9,8.05,TRUE
203110,"Draymond Green","1610612744","Golden State Warriors",2016,"0021500548","20160108",0,5.35,TRUE
203110,"Draymond Green","1610612744","Golden State Warriors",2016,"0021500548","20160108",-2.2,5.45,TRUE
203110,"Draymond Green","1610612744","Golden State Warriors",2016,"0021500548","20160108",0,5.35,TRUE
203110,"Draymond Green","1610612744","Golden State Warriors",2016,"0021500548","20160108",23.2,14.25,FALSE
203110,"Draymond Green","1610612744","Golden State Warriors",2016,"0021500548","20160108",11.4,27.55,FALSE
203110,"Draymond Green","1610612744","Golden State Warriors",2016,"0021500556","20160109",2.5,6.55,FALSE
203110,"Draymond Green","1610612744","Golden State Warriors",2016,"0021500556","20160109",16.5,24.25,TRUE
203110,"Draymond Green","1610612744","Golden State Warriors",2016,"0021500556","20160109",2.5,6.55,FALSE
203110,"Draymond Green","1610612744","Golden State Warriors",2016,"0021500556","20160109",21.4,18.15,TRUE
203110,"Draymond Green","1610612744","Golden State Warriors",2016,"0021500556","20160109",7.8,29.65,TRUE
203110,"Draymond Green","1610612744","Golden State Warriors",2016,"0021500556","20160109",-1.9,7.35,FALSE
203110,"Draymond Green","1610612744","Golden State Warriors",2016,"0021500556","20160109",3,6.55,TRUE
203110,"Draymond Green","1610612744","Golden State Warriors",2016,"0021500556","20160109",0,30.15,FALSE
203110,"Draymond Green","1610612744","Golden State Warriors",2016,"0021500556","20160109",17.4,27.55,TRUE
203110,"Draymond Green","1610612744","Golden State Warriors",2016,"0021500556","20160109",-1.2,6.35,TRUE
203110,"Draymond Green","1610612744","Golden State Warriors",2016,"0021500556","20160109",0,5.35,TRUE
203110,"Draymond Green","1610612744","Golden State Warriors",2016,"0021500556","20160109",-18.1,22.75,TRUE
203110,"Draymond Green","1610612744","Golden State Warriors",2016,"0021500568","20160111",2.2,6.05,FALSE
203110,"Draymond Green","1610612744","Golden State Warriors",2016,"0021500568","20160111",-0.9,7.35,TRUE
203110,"Draymond Green","1610612744","Golden State Warriors",2016,"0021500568","20160111",0.7,6.05,TRUE
203110,"Draymond Green","1610612744","Golden State Warriors",2016,"0021500568","20160111",0,5.35,TRUE
203110,"Draymond Green","1610612744","Golden State Warriors",2016,"0021500568","20160111",1.2,6.55,TRUE
203110,"Draymond Green","1610612744","Golden State Warriors",2016,"0021500568","20160111",13.2,28.05,FALSE
203110,"Draymond Green","1610612744","Golden State Warriors",2016,"0021500568","20160111",-9.7,9.95,FALSE
203110,"Draymond Green","1610612744","Golden State Warriors",2016,"0021500568","20160111",2,6.05,TRUE
203110,"Draymond Green","1610612744","Golden State Warriors",2016,"0021500568","20160111",8.9,7.85,FALSE
203110,"Draymond Green","1610612744","Golden State Warriors",2016,"0021500568","20160111",0.6,6.35,FALSE
203110,"Draymond Green","1610612744","Golden State Warriors",2016,"0021500568","20160111",0.9,7.05,TRUE
203110,"Draymond Green","1610612744","Golden State Warriors",2016,"0021500568","20160111",-1,6.35,TRUE
203110,"Draymond Green","1610612744","Golden State Warriors",2016,"0021500568","20160111",-1.9,29.65,FALSE
203110,"Draymond Green","1610612744","Golden State Warriors",2016,"0021500568","20160111",0,5.35,TRUE
203110,"Draymond Green","1610612744","Golden State Warriors",2016,"0021500592","20160114",21.2,19.35,FALSE
203110,"Draymond Green","1610612744","Golden State Warriors",2016,"0021500592","20160114",-1.2,5.55,FALSE
203110,"Draymond Green","1610612744","Golden State Warriors",2016,"0021500592","20160114",1.6,8.35,TRUE
203110,"Draymond Green","1610612744","Golden State Warriors",2016,"0021500592","20160114",1.7,9.05,FALSE
203110,"Draymond Green","1610612744","Golden State Warriors",2016,"0021500592","20160114",0.9,8.85,FALSE
203110,"Draymond Green","1610612744","Golden State Warriors",2016,"0021500592","20160114",20.9,19.65,FALSE
203110,"Draymond Green","1610612744","Golden State Warriors",2016,"0021500592","20160114",0,5.35,TRUE
203110,"Draymond Green","1610612744","Golden State Warriors",2016,"0021500605","20160116",11,28.95,TRUE
203110,"Draymond Green","1610612744","Golden State Warriors",2016,"0021500605","20160116",0.4,5.25,FALSE
203110,"Draymond Green","1610612744","Golden State Warriors",2016,"0021500605","20160116",0.9,5.45,FALSE
203110,"Draymond Green","1610612744","Golden State Warriors",2016,"0021500605","20160116",-4.2,6.35,FALSE
203110,"Draymond Green","1610612744","Golden State Warriors",2016,"0021500605","20160116",-1,5.15,FALSE
203110,"Draymond Green","1610612744","Golden State Warriors",2016,"0021500605","20160116",-0.1,5.15,FALSE
203110,"Draymond Green","1610612744","Golden State Warriors",2016,"0021500605","20160116",0.7,4.65,FALSE
203110,"Draymond Green","1610612744","Golden State Warriors",2016,"0021500622","20160118",13.5,26.65,FALSE
203110,"Draymond Green","1610612744","Golden State Warriors",2016,"0021500622","20160118",0.9,5.95,FALSE
203110,"Draymond Green","1610612744","Golden State Warriors",2016,"0021500622","20160118",8.6,28.05,TRUE
203110,"Draymond Green","1610612744","Golden State Warriors",2016,"0021500622","20160118",-1.7,9.35,TRUE
203110,"Draymond Green","1610612744","Golden State Warriors",2016,"0021500622","20160118",-20.4,18.65,TRUE
203110,"Draymond Green","1610612744","Golden State Warriors",2016,"0021500622","20160118",16.9,28.15,FALSE
203110,"Draymond Green","1610612744","Golden State Warriors",2016,"0021500622","20160118",-2.4,8.55,FALSE
203110,"Draymond Green","1610612744","Golden State Warriors",2016,"0021500622","20160118",1.2,10.45,TRUE
203110,"Draymond Green","1610612744","Golden State Warriors",2016,"0021500622","20160118",-1,5.55,FALSE
203110,"Draymond Green","1610612744","Golden State Warriors",2016,"0021500622","20160118",1.2,6.05,TRUE
203110,"Draymond Green","1610612744","Golden State Warriors",2016,"0021500634","20160120",23.5,3.65,FALSE
203110,"Draymond Green","1610612744","Golden State Warriors",2016,"0021500634","20160120",1.2,5.45,TRUE
203110,"Draymond Green","1610612744","Golden State Warriors",2016,"0021500634","20160120",0,5.35,TRUE
203110,"Draymond Green","1610612744","Golden State Warriors",2016,"0021500634","20160120",-2.2,5.25,FALSE
203110,"Draymond Green","1610612744","Golden State Warriors",2016,"0021500634","20160120",0.1,5.95,TRUE
203110,"Draymond Green","1610612744","Golden State Warriors",2016,"0021500634","20160120",4.7,29.45,FALSE
203110,"Draymond Green","1610612744","Golden State Warriors",2016,"0021500634","20160120",3.4,30.95,FALSE
203110,"Draymond Green","1610612744","Golden State Warriors",2016,"0021500634","20160120",-0.4,6.35,FALSE
203110,"Draymond Green","1610612744","Golden State Warriors",2016,"0021500652","20160122",0.6,5.55,TRUE
203110,"Draymond Green","1610612744","Golden State Warriors",2016,"0021500652","20160122",-0.4,5.55,TRUE
203110,"Draymond Green","1610612744","Golden State Warriors",2016,"0021500652","20160122",-6,30.95,FALSE
203110,"Draymond Green","1610612744","Golden State Warriors",2016,"0021500652","20160122",-0.1,6.85,TRUE
203110,"Draymond Green","1610612744","Golden State Warriors",2016,"0021500652","20160122",0,5.35,TRUE
203110,"Draymond Green","1610612744","Golden State Warriors",2016,"0021500652","20160122",-1.4,5.95,TRUE
203110,"Draymond Green","1610612744","Golden State Warriors",2016,"0021500652","20160122",0,5.35,TRUE
203110,"Draymond Green","1610612744","Golden State Warriors",2016,"0021500652","20160122",3.2,33.95,FALSE
203110,"Draymond Green","1610612744","Golden State Warriors",2016,"0021500652","20160122",0.9,6.55,FALSE
203110,"Draymond Green","1610612744","Golden State Warriors",2016,"0021500652","20160122",-0.6,5.25,TRUE
203110,"Draymond Green","1610612744","Golden State Warriors",2016,"0021500652","20160122",1.6,7.35,FALSE
203110,"Draymond Green","1610612744","Golden State Warriors",2016,"0021500652","20160122",0.7,6.05,TRUE
203110,"Draymond Green","1610612744","Golden State Warriors",2016,"0021500652","20160122",0.4,7.55,TRUE
203110,"Draymond Green","1610612744","Golden State Warriors",2016,"0021500652","20160122",0.1,5.25,FALSE
203110,"Draymond Green","1610612744","Golden State Warriors",2016,"0021500652","20160122",0,5.35,TRUE
203110,"Draymond Green","1610612744","Golden State Warriors",2016,"0021500675","20160125",-1,30.95,FALSE
203110,"Draymond Green","1610612744","Golden State Warriors",2016,"0021500675","20160125",0.4,6.85,FALSE
203110,"Draymond Green","1610612744","Golden State Warriors",2016,"0021500675","20160125",0,5.35,TRUE
203110,"Draymond Green","1610612744","Golden State Warriors",2016,"0021500675","20160125",1.1,8.85,FALSE
203110,"Draymond Green","1610612744","Golden State Warriors",2016,"0021500675","20160125",0.1,5.95,TRUE
203110,"Draymond Green","1610612744","Golden State Warriors",2016,"0021500675","20160125",3.2,13.95,TRUE
203110,"Draymond Green","1610612744","Golden State Warriors",2016,"0021500675","20160125",-0.9,6.85,FALSE
203110,"Draymond Green","1610612744","Golden State Warriors",2016,"0021500675","20160125",-1,6.35,FALSE
203110,"Draymond Green","1610612744","Golden State Warriors",2016,"0021500691","20160127",2,30.45,TRUE
203110,"Draymond Green","1610612744","Golden State Warriors",2016,"0021500691","20160127",-0.1,6.05,TRUE
203110,"Draymond Green","1610612744","Golden State Warriors",2016,"0021500691","20160127",-0.9,6.35,TRUE
203110,"Draymond Green","1610612744","Golden State Warriors",2016,"0021500691","20160127",-11.9,28.05,TRUE
203110,"Draymond Green","1610612744","Golden State Warriors",2016,"0021500707","20160130",2.4,5.55,FALSE
203110,"Draymond Green","1610612744","Golden State Warriors",2016,"0021500707","20160130",-0.9,6.35,TRUE
203110,"Draymond Green","1610612744","Golden State Warriors",2016,"0021500707","20160130",0,5.35,TRUE
203110,"Draymond Green","1610612744","Golden State Warriors",2016,"0021500707","20160130",-0.2,5.95,TRUE
203110,"Draymond Green","1610612744","Golden State Warriors",2016,"0021500707","20160130",-1.9,5.95,TRUE
203110,"Draymond Green","1610612744","Golden State Warriors",2016,"0021500707","20160130",-1.4,5.55,TRUE
203110,"Draymond Green","1610612744","Golden State Warriors",2016,"0021500707","20160130",-1.2,7.35,FALSE
203110,"Draymond Green","1610612744","Golden State Warriors",2016,"0021500718","20160131",7.3,9.55,TRUE
203110,"Draymond Green","1610612744","Golden State Warriors",2016,"0021500718","20160131",-3.2,29.45,TRUE
203110,"Draymond Green","1610612744","Golden State Warriors",2016,"0021500718","20160131",0,5.35,TRUE
203110,"Draymond Green","1610612744","Golden State Warriors",2016,"0021500718","20160131",0.7,6.85,TRUE
203110,"Draymond Green","1610612744","Golden State Warriors",2016,"0021500718","20160131",12.5,21.65,TRUE
203110,"Draymond Green","1610612744","Golden State Warriors",2016,"0021500718","20160131",-9.2,27.65,TRUE
203110,"Draymond Green","1610612744","Golden State Warriors",2016,"0021500718","20160131",-1.5,5.55,TRUE
203110,"Draymond Green","1610612744","Golden State Warriors",2016,"0021500718","20160131",0,5.35,TRUE
203110,"Draymond Green","1610612744","Golden State Warriors",2016,"0021500718","20160131",-0.6,7.55,TRUE
203110,"Draymond Green","1610612744","Golden State Warriors",2016,"0021500739","20160203",-0.6,5.15,TRUE
203110,"Draymond Green","1610612744","Golden State Warriors",2016,"0021500739","20160203",8.4,6.85,TRUE
203110,"Draymond Green","1610612744","Golden State Warriors",2016,"0021500739","20160203",-19.5,22.75,FALSE
203110,"Draymond Green","1610612744","Golden State Warriors",2016,"0021500739","20160203",0,6.85,FALSE
203110,"Draymond Green","1610612744","Golden State Warriors",2016,"0021500739","20160203",0.4,4.25,TRUE
203110,"Draymond Green","1610612744","Golden State Warriors",2016,"0021500769","20160206",-1.4,8.05,FALSE
203110,"Draymond Green","1610612744","Golden State Warriors",2016,"0021500769","20160206",0.7,6.55,FALSE
203110,"Draymond Green","1610612744","Golden State Warriors",2016,"0021500769","20160206",0.4,5.95,TRUE
203110,"Draymond Green","1610612744","Golden State Warriors",2016,"0021500769","20160206",0.7,6.05,TRUE
203110,"Draymond Green","1610612744","Golden State Warriors",2016,"0021500769","20160206",-0.9,7.35,FALSE
203110,"Draymond Green","1610612744","Golden State Warriors",2016,"0021500769","20160206",-15.3,5.95,FALSE
203110,"Draymond Green","1610612744","Golden State Warriors",2016,"0021500769","20160206",-1.4,9.05,FALSE
203110,"Draymond Green","1610612744","Golden State Warriors",2016,"0021500769","20160206",-3.3,10.95,FALSE
203110,"Draymond Green","1610612744","Golden State Warriors",2016,"0021500769","20160206",1.4,6.85,TRUE
203110,"Draymond Green","1610612744","Golden State Warriors",2016,"0021500788","20160209",-1.5,8.05,FALSE
203110,"Draymond Green","1610612744","Golden State Warriors",2016,"0021500788","20160209",0.2,5.95,TRUE
203110,"Draymond Green","1610612744","Golden State Warriors",2016,"0021500788","20160209",-0.9,5.95,TRUE
203110,"Draymond Green","1610612744","Golden State Warriors",2016,"0021500799","20160210",-7.8,29.45,TRUE
203110,"Draymond Green","1610612744","Golden State Warriors",2016,"0021500799","20160210",0.7,5.95,FALSE
203110,"Draymond Green","1610612744","Golden State Warriors",2016,"0021500799","20160210",11.7,28.65,FALSE
203110,"Draymond Green","1610612744","Golden State Warriors",2016,"0021500799","20160210",-0.6,6.85,FALSE
203110,"Draymond Green","1610612744","Golden State Warriors",2016,"0021500799","20160210",-3.3,7.85,FALSE
203110,"Draymond Green","1610612744","Golden State Warriors",2016,"0021500815","20160219",1.1,7.05,FALSE
203110,"Draymond Green","1610612744","Golden State Warriors",2016,"0021500815","20160219",-1.7,30.65,TRUE
203110,"Draymond Green","1610612744","Golden State Warriors",2016,"0021500815","20160219",-17.4,22.65,TRUE
203110,"Draymond Green","1610612744","Golden State Warriors",2016,"0021500815","20160219",-2,5.55,TRUE
203110,"Draymond Green","1610612744","Golden State Warriors",2016,"0021500815","20160219",6.5,5.45,FALSE
203110,"Draymond Green","1610612744","Golden State Warriors",2016,"0021500815","20160219",-0.6,7.85,TRUE
203110,"Draymond Green","1610612744","Golden State Warriors",2016,"0021500815","20160219",-2.2,5.95,TRUE
203110,"Draymond Green","1610612744","Golden State Warriors",2016,"0021500822","20160220",16.6,27.65,FALSE
203110,"Draymond Green","1610612744","Golden State Warriors",2016,"0021500822","20160220",-2.7,6.05,TRUE
203110,"Draymond Green","1610612744","Golden State Warriors",2016,"0021500822","20160220",0.1,7.85,TRUE
203110,"Draymond Green","1610612744","Golden State Warriors",2016,"0021500822","20160220",-1.2,6.55,TRUE
203110,"Draymond Green","1610612744","Golden State Warriors",2016,"0021500822","20160220",-0.6,9.35,TRUE
203110,"Draymond Green","1610612744","Golden State Warriors",2016,"0021500822","20160220",-1,7.85,TRUE
203110,"Draymond Green","1610612744","Golden State Warriors",2016,"0021500822","20160220",-13,27.05,FALSE
203110,"Draymond Green","1610612744","Golden State Warriors",2016,"0021500822","20160220",2,10.35,FALSE
203110,"Draymond Green","1610612744","Golden State Warriors",2016,"0021500822","20160220",23.5,4.25,FALSE
203110,"Draymond Green","1610612744","Golden State Warriors",2016,"0021500822","20160220",2,6.55,TRUE
203110,"Draymond Green","1610612744","Golden State Warriors",2016,"0021500822","20160220",1.1,6.85,TRUE
203110,"Draymond Green","1610612744","Golden State Warriors",2016,"0021500822","20160220",0.2,6.85,TRUE
203110,"Draymond Green","1610612744","Golden State Warriors",2016,"0021500822","20160220",2.2,6.05,TRUE
203110,"Draymond Green","1610612744","Golden State Warriors",2016,"0021500822","20160220",-1.5,7.35,FALSE
203110,"Draymond Green","1610612744","Golden State Warriors",2016,"0021500836","20160222",-4.8,29.45,FALSE
203110,"Draymond Green","1610612744","Golden State Warriors",2016,"0021500836","20160222",1.7,4.65,FALSE
203110,"Draymond Green","1610612744","Golden State Warriors",2016,"0021500836","20160222",-2.2,5.25,TRUE
203110,"Draymond Green","1610612744","Golden State Warriors",2016,"0021500836","20160222",-0.1,4.65,FALSE
203110,"Draymond Green","1610612744","Golden State Warriors",2016,"0021500836","20160222",0,5.35,TRUE
203110,"Draymond Green","1610612744","Golden State Warriors",2016,"0021500836","20160222",-21.3,19.15,FALSE
203110,"Draymond Green","1610612744","Golden State Warriors",2016,"0021500836","20160222",1.2,4.75,FALSE
203110,"Draymond Green","1610612744","Golden State Warriors",2016,"0021500836","20160222",-15.8,24.55,FALSE
203110,"Draymond Green","1610612744","Golden State Warriors",2016,"0021500836","20160222",-1,5.45,FALSE
203110,"Draymond Green","1610612744","Golden State Warriors",2016,"0021500836","20160222",-1,31.45,FALSE
203110,"Draymond Green","1610612744","Golden State Warriors",2016,"0021500848","20160224",23.2,14.75,FALSE
203110,"Draymond Green","1610612744","Golden State Warriors",2016,"0021500848","20160224",-1.4,6.85,TRUE
203110,"Draymond Green","1610612744","Golden State Warriors",2016,"0021500848","20160224",1.5,5.65,FALSE
203110,"Draymond Green","1610612744","Golden State Warriors",2016,"0021500848","20160224",-2.5,6.35,TRUE
203110,"Draymond Green","1610612744","Golden State Warriors",2016,"0021500848","20160224",-0.2,8.85,FALSE
203110,"Draymond Green","1610612744","Golden State Warriors",2016,"0021500848","20160224",-2,6.35,TRUE
203110,"Draymond Green","1610612744","Golden State Warriors",2016,"0021500848","20160224",11.5,26.55,FALSE
203110,"Draymond Green","1610612744","Golden State Warriors",2016,"0021500855","20160225",-0.2,9.85,FALSE
203110,"Draymond Green","1610612744","Golden State Warriors",2016,"0021500855","20160225",7.8,10.45,FALSE
203110,"Draymond Green","1610612744","Golden State Warriors",2016,"0021500855","20160225",0.5,5.25,TRUE
203110,"Draymond Green","1610612744","Golden State Warriors",2016,"0021500855","20160225",15.8,26.55,FALSE
203110,"Draymond Green","1610612744","Golden State Warriors",2016,"0021500855","20160225",2.7,4.65,TRUE
203110,"Draymond Green","1610612744","Golden State Warriors",2016,"0021500855","20160225",-1.9,5.15,TRUE
203110,"Draymond Green","1610612744","Golden State Warriors",2016,"0021500855","20160225",-1.9,5.45,TRUE
203110,"Draymond Green","1610612744","Golden State Warriors",2016,"0021500874","20160227",-0.1,5.25,FALSE
203110,"Draymond Green","1610612744","Golden State Warriors",2016,"0021500874","20160227",-2.4,5.15,FALSE
203110,"Draymond Green","1610612744","Golden State Warriors",2016,"0021500874","20160227",0.2,31.45,FALSE
203110,"Draymond Green","1610612744","Golden State Warriors",2016,"0021500874","20160227",4.7,28.65,FALSE
203110,"Draymond Green","1610612744","Golden State Warriors",2016,"0021500874","20160227",0.6,5.45,FALSE
203110,"Draymond Green","1610612744","Golden State Warriors",2016,"0021500874","20160227",3.4,6.55,FALSE
203110,"Draymond Green","1610612744","Golden State Warriors",2016,"0021500874","20160227",-0.9,5.95,FALSE
203110,"Draymond Green","1610612744","Golden State Warriors",2016,"0021500874","20160227",-1,6.35,FALSE
203110,"Draymond Green","1610612744","Golden State Warriors",2016,"0021500895","20160301",8.4,28.65,TRUE
203110,"Draymond Green","1610612744","Golden State Warriors",2016,"0021500895","20160301",-3.8,31.45,FALSE
203110,"Draymond Green","1610612744","Golden State Warriors",2016,"0021500895","20160301",0.9,6.85,TRUE
203110,"Draymond Green","1610612744","Golden State Warriors",2016,"0021500895","20160301",0,5.35,TRUE
203110,"Draymond Green","1610612744","Golden State Warriors",2016,"0021500895","20160301",-0.2,23.25,FALSE
203110,"Draymond Green","1610612744","Golden State Warriors",2016,"0021500895","20160301",10.4,19.35,FALSE
203110,"Draymond Green","1610612744","Golden State Warriors",2016,"0021500895","20160301",-0.4,7.35,TRUE
203110,"Draymond Green","1610612744","Golden State Warriors",2016,"0021500895","20160301",-9.9,21.25,FALSE
203110,"Draymond Green","1610612744","Golden State Warriors",2016,"0021500895","20160301",7,30.95,FALSE
203110,"Draymond Green","1610612744","Golden State Warriors",2016,"0021500895","20160301",0,5.35,FALSE
203110,"Draymond Green","1610612744","Golden State Warriors",2016,"0021500895","20160301",-7.1,29.15,FALSE
203110,"Draymond Green","1610612744","Golden State Warriors",2016,"0021500895","20160301",-0.1,6.05,TRUE
203110,"Draymond Green","1610612744","Golden State Warriors",2016,"0021500895","20160301",17.4,25.05,FALSE
203110,"Draymond Green","1610612744","Golden State Warriors",2016,"0021500895","20160301",-0.1,15.75,FALSE
203110,"Draymond Green","1610612744","Golden State Warriors",2016,"0021500895","20160301",-16.4,25.25,TRUE
203110,"Draymond Green","1610612744","Golden State Warriors",2016,"0021500911","20160303",20.5,20.85,TRUE
203110,"Draymond Green","1610612744","Golden State Warriors",2016,"0021500911","20160303",0,5.35,FALSE
203110,"Draymond Green","1610612744","Golden State Warriors",2016,"0021500911","20160303",-1.4,7.35,TRUE
203110,"Draymond Green","1610612744","Golden State Warriors",2016,"0021500911","20160303",-7.4,30.15,FALSE
203110,"Draymond Green","1610612744","Golden State Warriors",2016,"0021500911","20160303",-2,7.35,TRUE
203110,"Draymond Green","1610612744","Golden State Warriors",2016,"0021500911","20160303",0.7,7.05,FALSE
203110,"Draymond Green","1610612744","Golden State Warriors",2016,"0021500911","20160303",0.1,7.35,TRUE
203110,"Draymond Green","1610612744","Golden State Warriors",2016,"0021500911","20160303",0,5.35,TRUE
203110,"Draymond Green","1610612744","Golden State Warriors",2016,"0021500911","20160303",0.6,9.05,TRUE
203110,"Draymond Green","1610612744","Golden State Warriors",2016,"0021500911","20160303",-18.2,22.15,FALSE
203110,"Draymond Green","1610612744","Golden State Warriors",2016,"0021500931","20160306",-0.4,5.95,FALSE
203110,"Draymond Green","1610612744","Golden State Warriors",2016,"0021500931","20160306",15.3,28.45,TRUE
203110,"Draymond Green","1610612744","Golden State Warriors",2016,"0021500931","20160306",-1.2,6.35,FALSE
203110,"Draymond Green","1610612744","Golden State Warriors",2016,"0021500931","20160306",14.8,27.15,FALSE
203110,"Draymond Green","1610612744","Golden State Warriors",2016,"0021500931","20160306",-0.4,7.05,FALSE
203110,"Draymond Green","1610612744","Golden State Warriors",2016,"0021500931","20160306",0,29.65,FALSE
203110,"Draymond Green","1610612744","Golden State Warriors",2016,"0021500931","20160306",0.4,5.95,TRUE
203110,"Draymond Green","1610612744","Golden State Warriors",2016,"0021500943","20160307",9.7,6.85,FALSE
203110,"Draymond Green","1610612744","Golden State Warriors",2016,"0021500943","20160307",-1.7,9.55,FALSE
203110,"Draymond Green","1610612744","Golden State Warriors",2016,"0021500943","20160307",-0.9,6.85,FALSE
203110,"Draymond Green","1610612744","Golden State Warriors",2016,"0021500958","20160309",0,5.35,TRUE
203110,"Draymond Green","1610612744","Golden State Warriors",2016,"0021500958","20160309",6.8,29.45,TRUE
203110,"Draymond Green","1610612744","Golden State Warriors",2016,"0021500958","20160309",-0.1,7.85,FALSE
203110,"Draymond Green","1610612744","Golden State Warriors",2016,"0021500958","20160309",-0.1,7.05,TRUE
203110,"Draymond Green","1610612744","Golden State Warriors",2016,"0021500958","20160309",-1.4,7.85,FALSE
203110,"Draymond Green","1610612744","Golden State Warriors",2016,"0021500958","20160309",-17.7,24.75,FALSE
203110,"Draymond Green","1610612744","Golden State Warriors",2016,"0021500958","20160309",-0.6,5.95,TRUE
203110,"Draymond Green","1610612744","Golden State Warriors",2016,"0021500958","20160309",0.7,6.05,FALSE
203110,"Draymond Green","1610612744","Golden State Warriors",2016,"0021500958","20160309",5.6,17.25,TRUE
203110,"Draymond Green","1610612744","Golden State Warriors",2016,"0021500958","20160309",-0.9,8.35,FALSE
203110,"Draymond Green","1610612744","Golden State Warriors",2016,"0021500958","20160309",15.6,26.65,FALSE
203110,"Draymond Green","1610612744","Golden State Warriors",2016,"0021500958","20160309",0,5.35,TRUE
203110,"Draymond Green","1610612744","Golden State Warriors",2016,"0021500958","20160309",7.6,30.65,TRUE
203110,"Draymond Green","1610612744","Golden State Warriors",2016,"0021500971","20160311",9.9,28.65,FALSE
203110,"Draymond Green","1610612744","Golden State Warriors",2016,"0021500971","20160311",-3.3,7.85,TRUE
203110,"Draymond Green","1610612744","Golden State Warriors",2016,"0021500971","20160311",5,21.15,TRUE
203110,"Draymond Green","1610612744","Golden State Warriors",2016,"0021500971","20160311",6.6,30.45,FALSE
203110,"Draymond Green","1610612744","Golden State Warriors",2016,"0021500971","20160311",-23.6,5.15,FALSE
203110,"Draymond Green","1610612744","Golden State Warriors",2016,"0021500971","20160311",0.4,10.85,FALSE
203110,"Draymond Green","1610612744","Golden State Warriors",2016,"0021500971","20160311",0.2,11.95,FALSE
203110,"Draymond Green","1610612744","Golden State Warriors",2016,"0021500971","20160311",2.4,6.05,TRUE
203110,"Draymond Green","1610612744","Golden State Warriors",2016,"0021500971","20160311",-16.1,28.95,FALSE
203110,"Draymond Green","1610612744","Golden State Warriors",2016,"0021500971","20160311",-2.2,7.05,TRUE
203110,"Draymond Green","1610612744","Golden State Warriors",2016,"0021500971","20160311",-4,8.85,FALSE
203110,"Draymond Green","1610612744","Golden State Warriors",2016,"0021500981","20160312",-4,29.95,FALSE
203110,"Draymond Green","1610612744","Golden State Warriors",2016,"0021500981","20160312",9.9,28.05,TRUE
203110,"Draymond Green","1610612744","Golden State Warriors",2016,"0021500981","20160312",-11.9,27.15,FALSE
203110,"Draymond Green","1610612744","Golden State Warriors",2016,"0021500981","20160312",1.9,6.85,FALSE
203110,"Draymond Green","1610612744","Golden State Warriors",2016,"0021500981","20160312",-2.2,6.35,TRUE
203110,"Draymond Green","1610612744","Golden State Warriors",2016,"0021500981","20160312",9.1,11.35,TRUE
203110,"Draymond Green","1610612744","Golden State Warriors",2016,"0021500981","20160312",-1.4,6.55,TRUE
203110,"Draymond Green","1610612744","Golden State Warriors",2016,"0021500981","20160312",-0.2,30.95,FALSE
203110,"Draymond Green","1610612744","Golden State Warriors",2016,"0021500981","20160312",-1,7.55,FALSE
203110,"Draymond Green","1610612744","Golden State Warriors",2016,"0021500981","20160312",4.3,14.25,FALSE
203110,"Draymond Green","1610612744","Golden State Warriors",2016,"0021500981","20160312",2,6.05,TRUE
203110,"Draymond Green","1610612744","Golden State Warriors",2016,"0021500981","20160312",1.4,29.45,FALSE
203110,"Draymond Green","1610612744","Golden State Warriors",2016,"0021500996","20160314",2.4,9.55,TRUE
203110,"Draymond Green","1610612744","Golden State Warriors",2016,"0021500996","20160314",0,5.95,TRUE
203110,"Draymond Green","1610612744","Golden State Warriors",2016,"0021500996","20160314",13,20.85,FALSE
203110,"Draymond Green","1610612744","Golden State Warriors",2016,"0021500996","20160314",1.9,5.55,FALSE
203110,"Draymond Green","1610612744","Golden State Warriors",2016,"0021500996","20160314",16.9,26.55,FALSE
203110,"Draymond Green","1610612744","Golden State Warriors",2016,"0021500996","20160314",-1.2,7.55,TRUE
203110,"Draymond Green","1610612744","Golden State Warriors",2016,"0021500996","20160314",5.6,7.85,FALSE
203110,"Draymond Green","1610612744","Golden State Warriors",2016,"0021500996","20160314",-20.4,22.75,TRUE
203110,"Draymond Green","1610612744","Golden State Warriors",2016,"0021500996","20160314",-1.2,9.85,TRUE
203110,"Draymond Green","1610612744","Golden State Warriors",2016,"0021500996","20160314",-15.6,28.05,FALSE
203110,"Draymond Green","1610612744","Golden State Warriors",2016,"0021501011","20160316",20.7,26.05,FALSE
203110,"Draymond Green","1610612744","Golden State Warriors",2016,"0021501011","20160316",0.4,6.35,TRUE
203110,"Draymond Green","1610612744","Golden State Warriors",2016,"0021501011","20160316",-1.4,11.45,FALSE
203110,"Draymond Green","1610612744","Golden State Warriors",2016,"0021501011","20160316",1.6,6.55,FALSE
203110,"Draymond Green","1610612744","Golden State Warriors",2016,"0021501011","20160316",-0.4,5.55,TRUE
203110,"Draymond Green","1610612744","Golden State Warriors",2016,"0021501011","20160316",0.1,7.35,TRUE
203110,"Draymond Green","1610612744","Golden State Warriors",2016,"0021501011","20160316",0,6.85,FALSE
203110,"Draymond Green","1610612744","Golden State Warriors",2016,"0021501011","20160316",-0.9,74.15,FALSE
203110,"Draymond Green","1610612744","Golden State Warriors",2016,"0021501026","20160318",-1.4,4.65,TRUE
203110,"Draymond Green","1610612744","Golden State Warriors",2016,"0021501026","20160318",-0.6,10.85,FALSE
203110,"Draymond Green","1610612744","Golden State Warriors",2016,"0021501026","20160318",3.5,5.95,FALSE
203110,"Draymond Green","1610612744","Golden State Warriors",2016,"0021501026","20160318",-4.2,9.35,TRUE
203110,"Draymond Green","1610612744","Golden State Warriors",2016,"0021501026","20160318",-4.8,28.65,TRUE
203110,"Draymond Green","1610612744","Golden State Warriors",2016,"0021501026","20160318",-5,28.65,TRUE
203110,"Draymond Green","1610612744","Golden State Warriors",2016,"0021501026","20160318",-2.2,5.95,FALSE
203110,"Draymond Green","1610612744","Golden State Warriors",2016,"0021501026","20160318",-5.1,5.45,TRUE
203110,"Draymond Green","1610612744","Golden State Warriors",2016,"0021501036","20160319",-5.6,8.85,TRUE
203110,"Draymond Green","1610612744","Golden State Warriors",2016,"0021501036","20160319",-1.5,31.45,FALSE
203110,"Draymond Green","1610612744","Golden State Warriors",2016,"0021501036","20160319",2.7,6.05,TRUE
203110,"Draymond Green","1610612744","Golden State Warriors",2016,"0021501036","20160319",0,5.35,TRUE
203110,"Draymond Green","1610612744","Golden State Warriors",2016,"0021501036","20160319",0.2,7.35,FALSE
203110,"Draymond Green","1610612744","Golden State Warriors",2016,"0021501036","20160319",10.1,28.95,TRUE
203110,"Draymond Green","1610612744","Golden State Warriors",2016,"0021501036","20160319",0,5.35,TRUE
203110,"Draymond Green","1610612744","Golden State Warriors",2016,"0021501036","20160319",-8.9,27.65,FALSE
203110,"Draymond Green","1610612744","Golden State Warriors",2016,"0021501036","20160319",24.5,4.25,FALSE
203110,"Draymond Green","1610612744","Golden State Warriors",2016,"0021501036","20160319",-15.8,27.05,FALSE
203110,"Draymond Green","1610612744","Golden State Warriors",2016,"0021501050","20160321",-2,6.55,TRUE
203110,"Draymond Green","1610612744","Golden State Warriors",2016,"0021501050","20160321",-1.7,6.55,TRUE
203110,"Draymond Green","1610612744","Golden State Warriors",2016,"0021501050","20160321",-2.2,5.65,FALSE
203110,"Draymond Green","1610612744","Golden State Warriors",2016,"0021501050","20160321",-2.7,6.35,FALSE
203110,"Draymond Green","1610612744","Golden State Warriors",2016,"0021501050","20160321",1.2,6.85,TRUE
203110,"Draymond Green","1610612744","Golden State Warriors",2016,"0021501050","20160321",1.7,6.25,TRUE
203110,"Draymond Green","1610612744","Golden State Warriors",2016,"0021501050","20160321",-0.2,5.55,TRUE
203110,"Draymond Green","1610612744","Golden State Warriors",2016,"0021501050","20160321",-2.7,6.55,TRUE
203110,"Draymond Green","1610612744","Golden State Warriors",2016,"0021501050","20160321",-1.5,5.95,TRUE
203110,"Draymond Green","1610612744","Golden State Warriors",2016,"0021501050","20160321",2.3,6.15,TRUE
203110,"Draymond Green","1610612744","Golden State Warriors",2016,"0021501050","20160321",0,5.35,TRUE
203110,"Draymond Green","1610612744","Golden State Warriors",2016,"0021501050","20160321",0.1,7.05,TRUE
203110,"Draymond Green","1610612744","Golden State Warriors",2016,"0021501050","20160321",-18.1,27.55,FALSE
203110,"Draymond Green","1610612744","Golden State Warriors",2016,"0021501066","20160323",16.9,24.75,FALSE
203110,"Draymond Green","1610612744","Golden State Warriors",2016,"0021501066","20160323",0,7.55,TRUE
203110,"Draymond Green","1610612744","Golden State Warriors",2016,"0021501066","20160323",-0.9,7.85,FALSE
203110,"Draymond Green","1610612744","Golden State Warriors",2016,"0021501066","20160323",2.5,12.25,FALSE
203110,"Draymond Green","1610612744","Golden State Warriors",2016,"0021501066","20160323",0,5.35,TRUE
203110,"Draymond Green","1610612744","Golden State Warriors",2016,"0021501066","20160323",-3.8,31.95,FALSE
203110,"Draymond Green","1610612744","Golden State Warriors",2016,"0021501066","20160323",0.9,6.35,TRUE
203110,"Draymond Green","1610612744","Golden State Warriors",2016,"0021501066","20160323",0.4,5.55,TRUE
203110,"Draymond Green","1610612744","Golden State Warriors",2016,"0021501080","20160325",2.4,6.35,FALSE
203110,"Draymond Green","1610612744","Golden State Warriors",2016,"0021501080","20160325",10.6,29.15,TRUE
203110,"Draymond Green","1610612744","Golden State Warriors",2016,"0021501080","20160325",7.1,29.65,TRUE
203110,"Draymond Green","1610612744","Golden State Warriors",2016,"0021501080","20160325",11.2,28.45,FALSE
203110,"Draymond Green","1610612744","Golden State Warriors",2016,"0021501080","20160325",16.5,27.55,FALSE
203110,"Draymond Green","1610612744","Golden State Warriors",2016,"0021501080","20160325",0.2,5.95,TRUE
203110,"Draymond Green","1610612744","Golden State Warriors",2016,"0021501080","20160325",-1.5,7.05,TRUE
203110,"Draymond Green","1610612744","Golden State Warriors",2016,"0021501080","20160325",17.3,23.75,TRUE
203110,"Draymond Green","1610612744","Golden State Warriors",2016,"0021501080","20160325",-2,6.85,TRUE
203110,"Draymond Green","1610612744","Golden State Warriors",2016,"0021501080","20160325",0.2,11.75,FALSE
203110,"Draymond Green","1610612744","Golden State Warriors",2016,"0021501080","20160325",0,5.35,TRUE
203110,"Draymond Green","1610612744","Golden State Warriors",2016,"0021501094","20160327",-2,7.35,TRUE
203110,"Draymond Green","1610612744","Golden State Warriors",2016,"0021501094","20160327",17.8,23.55,TRUE
203110,"Draymond Green","1610612744","Golden State Warriors",2016,"0021501094","20160327",18.3,24.55,TRUE
203110,"Draymond Green","1610612744","Golden State Warriors",2016,"0021501094","20160327",-0.9,6.35,FALSE
203110,"Draymond Green","1610612744","Golden State Warriors",2016,"0021501094","20160327",0.7,7.55,TRUE
203110,"Draymond Green","1610612744","Golden State Warriors",2016,"0021501094","20160327",2,7.05,FALSE
203110,"Draymond Green","1610612744","Golden State Warriors",2016,"0021501094","20160327",6,30.45,FALSE
203110,"Draymond Green","1610612744","Golden State Warriors",2016,"0021501112","20160329",3.7,32.15,FALSE
203110,"Draymond Green","1610612744","Golden State Warriors",2016,"0021501112","20160329",-1.2,5.95,FALSE
203110,"Draymond Green","1610612744","Golden State Warriors",2016,"0021501112","20160329",1.7,6.35,TRUE
203110,"Draymond Green","1610612744","Golden State Warriors",2016,"0021501112","20160329",9.2,28.45,TRUE
203110,"Draymond Green","1610612744","Golden State Warriors",2016,"0021501112","20160329",2.9,31.45,TRUE
203110,"Draymond Green","1610612744","Golden State Warriors",2016,"0021501112","20160329",-5.3,30.95,TRUE
203110,"Draymond Green","1610612744","Golden State Warriors",2016,"0021501119","20160330",-11.5,26.65,FALSE
203110,"Draymond Green","1610612744","Golden State Warriors",2016,"0021501119","20160330",-6.6,11.35,TRUE
203110,"Draymond Green","1610612744","Golden State Warriors",2016,"0021501119","20160330",11.9,28.05,FALSE
203110,"Draymond Green","1610612744","Golden State Warriors",2016,"0021501119","20160330",0.6,6.05,FALSE
203110,"Draymond Green","1610612744","Golden State Warriors",2016,"0021501119","20160330",-3,6.05,FALSE
203110,"Draymond Green","1610612744","Golden State Warriors",2016,"0021501119","20160330",-22.3,5.25,TRUE
203110,"Draymond Green","1610612744","Golden State Warriors",2016,"0021501119","20160330",-0.1,19.35,FALSE
203110,"Draymond Green","1610612744","Golden State Warriors",2016,"0021501119","20160330",-1.9,5.55,TRUE
203110,"Draymond Green","1610612744","Golden State Warriors",2016,"0021501119","20160330",-0.2,6.55,TRUE
203110,"Draymond Green","1610612744","Golden State Warriors",2016,"0021501119","20160330",0,5.35,TRUE
203110,"Draymond Green","1610612744","Golden State Warriors",2016,"0021501136","20160401",13.8,27.05,TRUE
203110,"Draymond Green","1610612744","Golden State Warriors",2016,"0021501136","20160401",23,9.85,TRUE
203110,"Draymond Green","1610612744","Golden State Warriors",2016,"0021501136","20160401",0.7,33.45,FALSE
203110,"Draymond Green","1610612744","Golden State Warriors",2016,"0021501136","20160401",12.2,28.45,FALSE
203110,"Draymond Green","1610612744","Golden State Warriors",2016,"0021501136","20160401",-0.2,14.75,FALSE
203110,"Draymond Green","1610612744","Golden State Warriors",2016,"0021501136","20160401",-23.3,11.35,FALSE
203110,"Draymond Green","1610612744","Golden State Warriors",2016,"0021501136","20160401",0.7,7.05,FALSE
203110,"Draymond Green","1610612744","Golden State Warriors",2016,"0021501136","20160401",18.3,26.05,FALSE
203110,"Draymond Green","1610612744","Golden State Warriors",2016,"0021501136","20160401",-2.2,6.35,TRUE
203110,"Draymond Green","1610612744","Golden State Warriors",2016,"0021501136","20160401",11.7,28.95,TRUE
203110,"Draymond Green","1610612744","Golden State Warriors",2016,"0021501136","20160401",15.8,28.15,FALSE
203110,"Draymond Green","1610612744","Golden State Warriors",2016,"0021501136","20160401",0.6,6.85,TRUE
203110,"Draymond Green","1610612744","Golden State Warriors",2016,"0021501136","20160401",0.6,7.55,FALSE
203110,"Draymond Green","1610612744","Golden State Warriors",2016,"0021501152","20160403",0.4,7.05,TRUE
203110,"Draymond Green","1610612744","Golden State Warriors",2016,"0021501152","20160403",-18.6,21.25,FALSE
203110,"Draymond Green","1610612744","Golden State Warriors",2016,"0021501152","20160403",7.3,6.35,FALSE
203110,"Draymond Green","1610612744","Golden State Warriors",2016,"0021501152","20160403",0.7,6.55,TRUE
203110,"Draymond Green","1610612744","Golden State Warriors",2016,"0021501152","20160403",14,13.95,FALSE
203110,"Draymond Green","1610612744","Golden State Warriors",2016,"0021501152","20160403",2,7.85,FALSE
203110,"Draymond Green","1610612744","Golden State Warriors",2016,"0021501152","20160403",0.6,5.65,FALSE
203110,"Draymond Green","1610612744","Golden State Warriors",2016,"0021501152","20160403",1.2,5.65,FALSE
203110,"Draymond Green","1610612744","Golden State Warriors",2016,"0021501152","20160403",1,6.15,FALSE
203110,"Draymond Green","1610612744","Golden State Warriors",2016,"0021501152","20160403",-2.7,29.95,FALSE
203110,"Draymond Green","1610612744","Golden State Warriors",2016,"0021501152","20160403",1.6,6.55,FALSE
203110,"Draymond Green","1610612744","Golden State Warriors",2016,"0021501152","20160403",-1,7.55,TRUE
203110,"Draymond Green","1610612744","Golden State Warriors",2016,"0021501152","20160403",4.5,13.95,TRUE
203110,"Draymond Green","1610612744","Golden State Warriors",2016,"0021501152","20160403",-1,6.35,TRUE
203110,"Draymond Green","1610612744","Golden State Warriors",2016,"0021501152","20160403",0.9,6.35,TRUE
203110,"Draymond Green","1610612744","Golden State Warriors",2016,"0021501152","20160403",-1.7,7.35,TRUE
203110,"Draymond Green","1610612744","Golden State Warriors",2016,"0021501152","20160403",-1.5,6.05,FALSE
203110,"Draymond Green","1610612744","Golden State Warriors",2016,"0021501163","20160405",0.9,6.85,TRUE
203110,"Draymond Green","1610612744","Golden State Warriors",2016,"0021501163","20160405",-1,5.95,TRUE
203110,"Draymond Green","1610612744","Golden State Warriors",2016,"0021501163","20160405",0.8,19.85,FALSE
203110,"Draymond Green","1610612744","Golden State Warriors",2016,"0021501163","20160405",15.8,29.15,FALSE
203110,"Draymond Green","1610612744","Golden State Warriors",2016,"0021501163","20160405",0,7.05,TRUE
203110,"Draymond Green","1610612744","Golden State Warriors",2016,"0021501163","20160405",0.9,8.85,FALSE
203110,"Draymond Green","1610612744","Golden State Warriors",2016,"0021501163","20160405",6.8,29.95,FALSE
203110,"Draymond Green","1610612744","Golden State Warriors",2016,"0021501163","20160405",-0.2,6.35,FALSE
203110,"Draymond Green","1610612744","Golden State Warriors",2016,"0021501163","20160405",0,5.35,TRUE
203110,"Draymond Green","1610612744","Golden State Warriors",2016,"0021501163","20160405",-0.4,6.05,TRUE
203110,"Draymond Green","1610612744","Golden State Warriors",2016,"0021501163","20160405",23.3,4.15,FALSE
203110,"Draymond Green","1610612744","Golden State Warriors",2016,"0021501177","20160407",-15.6,5.95,FALSE
203110,"Draymond Green","1610612744","Golden State Warriors",2016,"0021501177","20160407",-0.8,6.15,FALSE
203110,"Draymond Green","1610612744","Golden State Warriors",2016,"0021501177","20160407",1.9,7.05,FALSE
203110,"Draymond Green","1610612744","Golden State Warriors",2016,"0021501177","20160407",0,5.35,TRUE
203110,"Draymond Green","1610612744","Golden State Warriors",2016,"0021501177","20160407",-16.6,25.25,TRUE
203110,"Draymond Green","1610612744","Golden State Warriors",2016,"0021501177","20160407",-0.4,6.85,TRUE
203110,"Draymond Green","1610612744","Golden State Warriors",2016,"0021501177","20160407",9.1,29.45,FALSE
203110,"Draymond Green","1610612744","Golden State Warriors",2016,"0021501177","20160407",0,5.35,TRUE
203110,"Draymond Green","1610612744","Golden State Warriors",2016,"0021501177","20160407",3,12.25,FALSE
203110,"Draymond Green","1610612744","Golden State Warriors",2016,"0021501177","20160407",-1.7,5.45,TRUE
203110,"Draymond Green","1610612744","Golden State Warriors",2016,"0021501177","20160407",0.6,29.95,TRUE
203110,"Draymond Green","1610612744","Golden State Warriors",2016,"0021501177","20160407",0.6,5.95,TRUE
203110,"Draymond Green","1610612744","Golden State Warriors",2016,"0021501190","20160409",22.7,4.75,TRUE
203110,"Draymond Green","1610612744","Golden State Warriors",2016,"0021501190","20160409",13.7,28.05,FALSE
203110,"Draymond Green","1610612744","Golden State Warriors",2016,"0021501190","20160409",0,5.35,TRUE
203110,"Draymond Green","1610612744","Golden State Warriors",2016,"0021501190","20160409",-7.4,30.45,TRUE
203110,"Draymond Green","1610612744","Golden State Warriors",2016,"0021501190","20160409",5,6.05,TRUE
203110,"Draymond Green","1610612744","Golden State Warriors",2016,"0021501190","20160409",-9.2,28.05,FALSE
203110,"Draymond Green","1610612744","Golden State Warriors",2016,"0021501190","20160409",-3.7,5.55,TRUE
203110,"Draymond Green","1610612744","Golden State Warriors",2016,"0021501190","20160409",-17.1,24.75,FALSE
203110,"Draymond Green","1610612744","Golden State Warriors",2016,"0021501190","20160409",0,5.35,TRUE
203110,"Draymond Green","1610612744","Golden State Warriors",2016,"0021501190","20160409",-0.1,5.95,FALSE
203110,"Draymond Green","1610612744","Golden State Warriors",2016,"0021501190","20160409",0,5.35,TRUE
203110,"Draymond Green","1610612744","Golden State Warriors",2016,"0021501190","20160409",0.7,5.15,TRUE
203110,"Draymond Green","1610612744","Golden State Warriors",2016,"0021501190","20160409",-1.7,6.35,TRUE
203110,"Draymond Green","1610612744","Golden State Warriors",2016,"0021501190","20160409",-0.6,5.75,TRUE
203110,"Draymond Green","1610612744","Golden State Warriors",2016,"0021501201","20160410",0.6,9.35,TRUE
203110,"Draymond Green","1610612744","Golden State Warriors",2016,"0021501201","20160410",-1.5,5.45,TRUE
203110,"Draymond Green","1610612744","Golden State Warriors",2016,"0021501201","20160410",6.6,28.45,TRUE
203110,"Draymond Green","1610612744","Golden State Warriors",2016,"0021501201","20160410",19.2,20.85,FALSE
203110,"Draymond Green","1610612744","Golden State Warriors",2016,"0021501201","20160410",-0.9,5.15,TRUE
203110,"Draymond Green","1610612744","Golden State Warriors",2016,"0021501227","20160413",-3,30.65,FALSE
203110,"Draymond Green","1610612744","Golden State Warriors",2016,"0021501227","20160413",-0.4,7.35,FALSE
203110,"Draymond Green","1610612744","Golden State Warriors",2016,"0021501227","20160413",0,5.95,FALSE
203110,"Draymond Green","1610612744","Golden State Warriors",2016,"0021501227","20160413",7.1,30.45,FALSE
203110,"Draymond Green","1610612744","Golden State Warriors",2016,"0021501227","20160413",0.6,7.55,TRUE
203110,"Draymond Green","1610612744","Golden State Warriors",2016,"0021501227","20160413",18.9,26.55,TRUE
203110,"Draymond Green","1610612744","Golden State Warriors",2016,"0021501227","20160413",-0.4,6.55,TRUE
203110,"Draymond Green","1610612744","Golden State Warriors",2016,"0021501227","20160413",-7.6,33.05,TRUE
203110,"Draymond Green","1610612744","Golden State Warriors",2017,"0021600003","20161025",15.8,24.55,FALSE
203110,"Draymond Green","1610612744","Golden State Warriors",2017,"0021600003","20161025",1.9,5.55,FALSE
203110,"Draymond Green","1610612744","Golden State Warriors",2017,"0021600003","20161025",1.6,6.35,TRUE
203110,"Draymond Green","1610612744","Golden State Warriors",2017,"0021600003","20161025",-20,20.15,FALSE
203110,"Draymond Green","1610612744","Golden State Warriors",2017,"0021600003","20161025",0.1,11.35,FALSE
203110,"Draymond Green","1610612744","Golden State Warriors",2017,"0021600003","20161025",-0.4,6.85,TRUE
203110,"Draymond Green","1610612744","Golden State Warriors",2017,"0021600003","20161025",0.6,7.35,TRUE
203110,"Draymond Green","1610612744","Golden State Warriors",2017,"0021600003","20161025",-0.2,5.95,TRUE
203110,"Draymond Green","1610612744","Golden State Warriors",2017,"0021600003","20161025",0,5.35,TRUE
203110,"Draymond Green","1610612744","Golden State Warriors",2017,"0021600003","20161025",0,5.95,FALSE
203110,"Draymond Green","1610612744","Golden State Warriors",2017,"0021600003","20161025",-23.3,8.85,TRUE
203110,"Draymond Green","1610612744","Golden State Warriors",2017,"0021600003","20161025",18.1,26.05,FALSE
203110,"Draymond Green","1610612744","Golden State Warriors",2017,"0021600003","20161025",0.8,6.75,FALSE
203110,"Draymond Green","1610612744","Golden State Warriors",2017,"0021600003","20161025",-3.3,29.95,TRUE
203110,"Draymond Green","1610612744","Golden State Warriors",2017,"0021600025","20161028",0.8,6.65,FALSE
203110,"Draymond Green","1610612744","Golden State Warriors",2017,"0021600025","20161028",-1.9,30.45,FALSE
203110,"Draymond Green","1610612744","Golden State Warriors",2017,"0021600025","20161028",2.2,5.55,TRUE
203110,"Draymond Green","1610612744","Golden State Warriors",2017,"0021600025","20161028",-0.1,8.85,FALSE
203110,"Draymond Green","1610612744","Golden State Warriors",2017,"0021600025","20161028",-0.3,6.65,FALSE
203110,"Draymond Green","1610612744","Golden State Warriors",2017,"0021600025","20161028",-0.9,7.55,TRUE
203110,"Draymond Green","1610612744","Golden State Warriors",2017,"0021600025","20161028",0.4,6.85,FALSE
203110,"Draymond Green","1610612744","Golden State Warriors",2017,"0021600025","20161028",3.5,8.55,FALSE
203110,"Draymond Green","1610612744","Golden State Warriors",2017,"0021600025","20161028",4.2,30.95,TRUE
203110,"Draymond Green","1610612744","Golden State Warriors",2017,"0021600025","20161028",-1.9,6.85,FALSE
203110,"Draymond Green","1610612744","Golden State Warriors",2017,"0021600036","20161030",-18.7,23.75,FALSE
203110,"Draymond Green","1610612744","Golden State Warriors",2017,"0021600036","20161030",0,5.35,TRUE
203110,"Draymond Green","1610612744","Golden State Warriors",2017,"0021600036","20161030",-15.1,26.55,FALSE
203110,"Draymond Green","1610612744","Golden State Warriors",2017,"0021600036","20161030",-4.2,8.85,FALSE
203110,"Draymond Green","1610612744","Golden State Warriors",2017,"0021600036","20161030",-0.4,6.85,FALSE
203110,"Draymond Green","1610612744","Golden State Warriors",2017,"0021600036","20161030",0.4,31.45,FALSE
203110,"Draymond Green","1610612744","Golden State Warriors",2017,"0021600036","20161030",0.4,5.45,TRUE
203110,"Draymond Green","1610612744","Golden State Warriors",2017,"0021600036","20161030",-1,10.35,FALSE
203110,"Draymond Green","1610612744","Golden State Warriors",2017,"0021600036","20161030",20.2,22.65,FALSE
203110,"Draymond Green","1610612744","Golden State Warriors",2017,"0021600054","20161101",1.6,6.85,TRUE
203110,"Draymond Green","1610612744","Golden State Warriors",2017,"0021600054","20161101",-16.1,24.75,TRUE
203110,"Draymond Green","1610612744","Golden State Warriors",2017,"0021600054","20161101",-0.2,29.45,FALSE
203110,"Draymond Green","1610612744","Golden State Warriors",2017,"0021600069","20161103",5.5,30.95,FALSE
203110,"Draymond Green","1610612744","Golden State Warriors",2017,"0021600069","20161103",2,7.55,FALSE
203110,"Draymond Green","1610612744","Golden State Warriors",2017,"0021600069","20161103",0,8.55,FALSE
203110,"Draymond Green","1610612744","Golden State Warriors",2017,"0021600069","20161103",0.2,5.95,TRUE
203110,"Draymond Green","1610612744","Golden State Warriors",2017,"0021600069","20161103",0,5.35,TRUE
203110,"Draymond Green","1610612744","Golden State Warriors",2017,"0021600069","20161103",0.1,6.35,FALSE
203110,"Draymond Green","1610612744","Golden State Warriors",2017,"0021600069","20161103",0.4,6.35,FALSE
203110,"Draymond Green","1610612744","Golden State Warriors",2017,"0021600069","20161103",1.2,7.05,FALSE
203110,"Draymond Green","1610612744","Golden State Warriors",2017,"0021600069","20161103",2.7,31.45,FALSE
203110,"Draymond Green","1610612744","Golden State Warriors",2017,"0021600078","20161104",-3.7,29.35,FALSE
203110,"Draymond Green","1610612744","Golden State Warriors",2017,"0021600078","20161104",5.9,8.45,TRUE
203110,"Draymond Green","1610612744","Golden State Warriors",2017,"0021600078","20161104",1.5,5.35,TRUE
203110,"Draymond Green","1610612744","Golden State Warriors",2017,"0021600078","20161104",0,5.35,TRUE
203110,"Draymond Green","1610612744","Golden State Warriors",2017,"0021600078","20161104",0.8,5.35,TRUE
203110,"Draymond Green","1610612744","Golden State Warriors",2017,"0021600078","20161104",-1.8,46.05,FALSE
203110,"Draymond Green","1610612744","Golden State Warriors",2017,"0021600078","20161104",-8.6,29.05,FALSE
203110,"Draymond Green","1610612744","Golden State Warriors",2017,"0021600078","20161104",-0.5,5.25,TRUE
203110,"Draymond Green","1610612744","Golden State Warriors",2017,"0021600078","20161104",0,7.35,FALSE
203110,"Draymond Green","1610612744","Golden State Warriors",2017,"0021600078","20161104",0,5.35,TRUE
203110,"Draymond Green","1610612744","Golden State Warriors",2017,"0021600099","20161107",-2.2,8.35,FALSE
203110,"Draymond Green","1610612744","Golden State Warriors",2017,"0021600099","20161107",-0.1,6.85,TRUE
203110,"Draymond Green","1610612744","Golden State Warriors",2017,"0021600099","20161107",-0.1,8.85,FALSE
203110,"Draymond Green","1610612744","Golden State Warriors",2017,"0021600099","20161107",-24,8.85,FALSE
203110,"Draymond Green","1610612744","Golden State Warriors",2017,"0021600099","20161107",-1.2,12.95,TRUE
203110,"Draymond Green","1610612744","Golden State Warriors",2017,"0021600099","20161107",-8.9,9.15,FALSE
203110,"Draymond Green","1610612744","Golden State Warriors",2017,"0021600099","20161107",-0.5,6.65,FALSE
203110,"Draymond Green","1610612744","Golden State Warriors",2017,"0021600116","20161109",0.1,14.95,FALSE
203110,"Draymond Green","1610612744","Golden State Warriors",2017,"0021600116","20161109",16.5,26.25,TRUE
203110,"Draymond Green","1610612744","Golden State Warriors",2017,"0021600116","20161109",1.9,8.05,FALSE
203110,"Draymond Green","1610612744","Golden State Warriors",2017,"0021600116","20161109",-8.7,31.45,TRUE
203110,"Draymond Green","1610612744","Golden State Warriors",2017,"0021600116","20161109",20.1,22.75,FALSE
203110,"Draymond Green","1610612744","Golden State Warriors",2017,"0021600116","20161109",-0.1,6.35,TRUE
203110,"Draymond Green","1610612744","Golden State Warriors",2017,"0021600116","20161109",-23,5.15,TRUE
203110,"Draymond Green","1610612744","Golden State Warriors",2017,"0021600116","20161109",2.4,30.45,TRUE
203110,"Draymond Green","1610612744","Golden State Warriors",2017,"0021600116","20161109",-12.8,12.45,FALSE
203110,"Draymond Green","1610612744","Golden State Warriors",2017,"0021600116","20161109",-10.7,28.95,FALSE
203110,"Draymond Green","1610612744","Golden State Warriors",2017,"0021600116","20161109",0,5.35,TRUE
203110,"Draymond Green","1610612744","Golden State Warriors",2017,"0021600119","20161110",15.5,24.55,TRUE
203110,"Draymond Green","1610612744","Golden State Warriors",2017,"0021600119","20161110",14.3,27.05,FALSE
203110,"Draymond Green","1610612744","Golden State Warriors",2017,"0021600119","20161110",16.6,24.25,TRUE
203110,"Draymond Green","1610612744","Golden State Warriors",2017,"0021600119","20161110",1.7,6.35,FALSE
203110,"Draymond Green","1610612744","Golden State Warriors",2017,"0021600119","20161110",10.1,28.05,TRUE
203110,"Draymond Green","1610612744","Golden State Warriors",2017,"0021600119","20161110",-0.9,5.95,TRUE
203110,"Draymond Green","1610612744","Golden State Warriors",2017,"0021600119","20161110",-0.1,7.85,FALSE
203110,"Draymond Green","1610612744","Golden State Warriors",2017,"0021600143","20161113",-1.9,32.15,FALSE
203110,"Draymond Green","1610612744","Golden State Warriors",2017,"0021600143","20161113",-0.2,19.65,FALSE
203110,"Draymond Green","1610612744","Golden State Warriors",2017,"0021600143","20161113",-0.4,13.45,TRUE
203110,"Draymond Green","1610612744","Golden State Warriors",2017,"0021600143","20161113",-5.3,9.55,FALSE
203110,"Draymond Green","1610612744","Golden State Warriors",2017,"0021600143","20161113",0.9,7.05,TRUE
203110,"Draymond Green","1610612744","Golden State Warriors",2017,"0021600143","20161113",-17.6,25.05,FALSE
203110,"Draymond Green","1610612744","Golden State Warriors",2017,"0021600143","20161113",17.4,23.55,FALSE
203110,"Draymond Green","1610612744","Golden State Warriors",2017,"0021600143","20161113",16.1,26.55,TRUE
203110,"Draymond Green","1610612744","Golden State Warriors",2017,"0021600143","20161113",-9.9,28.95,FALSE
203110,"Draymond Green","1610612744","Golden State Warriors",2017,"0021600143","20161113",-0.1,6.05,TRUE
203110,"Draymond Green","1610612744","Golden State Warriors",2017,"0021600165","20161116",-3.2,9.05,TRUE
203110,"Draymond Green","1610612744","Golden State Warriors",2017,"0021600165","20161116",-2.5,30.95,TRUE
203110,"Draymond Green","1610612744","Golden State Warriors",2017,"0021600165","20161116",-19.4,26.05,FALSE
203110,"Draymond Green","1610612744","Golden State Warriors",2017,"0021600165","20161116",-2.2,4.65,TRUE
203110,"Draymond Green","1610612744","Golden State Warriors",2017,"0021600165","20161116",17.3,25.05,FALSE
203110,"Draymond Green","1610612744","Golden State Warriors",2017,"0021600165","20161116",0,5.35,TRUE
203110,"Draymond Green","1610612744","Golden State Warriors",2017,"0021600165","20161116",-1.5,6.35,TRUE
203110,"Draymond Green","1610612744","Golden State Warriors",2017,"0021600165","20161116",2,7.05,FALSE
203110,"Draymond Green","1610612744","Golden State Warriors",2017,"0021600165","20161116",2.2,6.05,FALSE
203110,"Draymond Green","1610612744","Golden State Warriors",2017,"0021600165","20161116",2.9,10.35,FALSE
203110,"Draymond Green","1610612744","Golden State Warriors",2017,"0021600165","20161116",0.2,31.45,FALSE
203110,"Draymond Green","1610612744","Golden State Warriors",2017,"0021600165","20161116",-0.9,11.35,FALSE
203110,"Draymond Green","1610612744","Golden State Warriors",2017,"0021600165","20161116",1.4,10.85,FALSE
203110,"Draymond Green","1610612744","Golden State Warriors",2017,"0021600179","20161118",1.6,5.55,TRUE
203110,"Draymond Green","1610612744","Golden State Warriors",2017,"0021600179","20161118",7.3,28.95,FALSE
203110,"Draymond Green","1610612744","Golden State Warriors",2017,"0021600179","20161118",0.6,13.45,FALSE
203110,"Draymond Green","1610612744","Golden State Warriors",2017,"0021600179","20161118",0.1,6.35,FALSE
203110,"Draymond Green","1610612744","Golden State Warriors",2017,"0021600179","20161118",4.5,30.65,FALSE
203110,"Draymond Green","1610612744","Golden State Warriors",2017,"0021600179","20161118",-3.5,30.15,TRUE
203110,"Draymond Green","1610612744","Golden State Warriors",2017,"0021600179","20161118",16.1,24.75,TRUE
203110,"Draymond Green","1610612744","Golden State Warriors",2017,"0021600179","20161118",11.9,7.35,FALSE
203110,"Draymond Green","1610612744","Golden State Warriors",2017,"0021600179","20161118",-0.9,31.95,FALSE
203110,"Draymond Green","1610612744","Golden State Warriors",2017,"0021600179","20161118",11.9,28.45,FALSE
203110,"Draymond Green","1610612744","Golden State Warriors",2017,"0021600179","20161118",1.4,6.35,FALSE
203110,"Draymond Green","1610612744","Golden State Warriors",2017,"0021600191","20161119",5.6,8.55,FALSE
203110,"Draymond Green","1610612744","Golden State Warriors",2017,"0021600191","20161119",0,5.35,TRUE
203110,"Draymond Green","1610612744","Golden State Warriors",2017,"0021600191","20161119",0,5.35,TRUE
203110,"Draymond Green","1610612744","Golden State Warriors",2017,"0021600191","20161119",6.3,32.45,FALSE
203110,"Draymond Green","1610612744","Golden State Warriors",2017,"0021600191","20161119",1.1,6.05,TRUE
203110,"Draymond Green","1610612744","Golden State Warriors",2017,"0021600191","20161119",0.4,5.15,FALSE
203110,"Draymond Green","1610612744","Golden State Warriors",2017,"0021600191","20161119",0.6,6.55,FALSE
203110,"Draymond Green","1610612744","Golden State Warriors",2017,"0021600202","20161121",0,5.35,TRUE
203110,"Draymond Green","1610612744","Golden State Warriors",2017,"0021600202","20161121",-0.9,31.45,FALSE
203110,"Draymond Green","1610612744","Golden State Warriors",2017,"0021600202","20161121",16.1,26.25,FALSE
203110,"Draymond Green","1610612744","Golden State Warriors",2017,"0021600202","20161121",-1,5.15,TRUE
203110,"Draymond Green","1610612744","Golden State Warriors",2017,"0021600202","20161121",-0.1,5.95,TRUE
203110,"Draymond Green","1610612744","Golden State Warriors",2017,"0021600202","20161121",-1.2,6.85,TRUE
203110,"Draymond Green","1610612744","Golden State Warriors",2017,"0021600202","20161121",-0.5,6.65,FALSE
203110,"Draymond Green","1610612744","Golden State Warriors",2017,"0021600223","20161123",5.5,29.65,FALSE
203110,"Draymond Green","1610612744","Golden State Warriors",2017,"0021600223","20161123",-0.6,6.35,FALSE
203110,"Draymond Green","1610612744","Golden State Warriors",2017,"0021600223","20161123",0.6,6.85,FALSE
203110,"Draymond Green","1610612744","Golden State Warriors",2017,"0021600223","20161123",4,31.95,FALSE
203110,"Draymond Green","1610612744","Golden State Warriors",2017,"0021600223","20161123",0,5.35,TRUE
203110,"Draymond Green","1610612744","Golden State Warriors",2017,"0021600223","20161123",14.3,26.55,FALSE
203110,"Draymond Green","1610612744","Golden State Warriors",2017,"0021600238","20161125",1.6,5.35,TRUE
203110,"Draymond Green","1610612744","Golden State Warriors",2017,"0021600238","20161125",2.1,5.05,TRUE
203110,"Draymond Green","1610612744","Golden State Warriors",2017,"0021600238","20161125",-0.1,7.35,FALSE
203110,"Draymond Green","1610612744","Golden State Warriors",2017,"0021600238","20161125",1.5,29.55,FALSE
203110,"Draymond Green","1610612744","Golden State Warriors",2017,"0021600238","20161125",5.5,29.85,TRUE
203110,"Draymond Green","1610612744","Golden State Warriors",2017,"0021600238","20161125",0,5.35,TRUE
203110,"Draymond Green","1610612744","Golden State Warriors",2017,"0021600238","20161125",-1.8,5.05,TRUE
203110,"Draymond Green","1610612744","Golden State Warriors",2017,"0021600259","20161128",-10.9,28.05,FALSE
203110,"Draymond Green","1610612744","Golden State Warriors",2017,"0021600259","20161128",12.5,7.85,FALSE
203110,"Draymond Green","1610612744","Golden State Warriors",2017,"0021600259","20161128",0,5.35,TRUE
203110,"Draymond Green","1610612744","Golden State Warriors",2017,"0021600259","20161128",-9.2,29.95,FALSE
203110,"Draymond Green","1610612744","Golden State Warriors",2017,"0021600259","20161128",-0.1,5.95,FALSE
203110,"Draymond Green","1610612744","Golden State Warriors",2017,"0021600259","20161128",13.7,18.15,TRUE
203110,"Draymond Green","1610612744","Golden State Warriors",2017,"0021600259","20161128",0.1,9.95,FALSE
203110,"Draymond Green","1610612744","Golden State Warriors",2017,"0021600259","20161128",-0.6,6.55,FALSE
203110,"Draymond Green","1610612744","Golden State Warriors",2017,"0021600259","20161128",17.3,23.75,FALSE
203110,"Draymond Green","1610612744","Golden State Warriors",2017,"0021600281","20161201",-6.6,28.65,FALSE
203110,"Draymond Green","1610612744","Golden State Warriors",2017,"0021600281","20161201",-0.6,7.35,TRUE
203110,"Draymond Green","1610612744","Golden State Warriors",2017,"0021600281","20161201",0.7,6.55,TRUE
203110,"Draymond Green","1610612744","Golden State Warriors",2017,"0021600281","20161201",-0.9,6.85,TRUE
203110,"Draymond Green","1610612744","Golden State Warriors",2017,"0021600281","20161201",3.5,30.45,FALSE
203110,"Draymond Green","1610612744","Golden State Warriors",2017,"0021600281","20161201",-1,5.95,TRUE
203110,"Draymond Green","1610612744","Golden State Warriors",2017,"0021600281","20161201",0,5.55,TRUE
203110,"Draymond Green","1610612744","Golden State Warriors",2017,"0021600281","20161201",1.4,9.85,FALSE
203110,"Draymond Green","1610612744","Golden State Warriors",2017,"0021600281","20161201",5.2,7.35,FALSE
203110,"Draymond Green","1610612744","Golden State Warriors",2017,"0021600281","20161201",6.3,14.25,FALSE
203110,"Draymond Green","1610612744","Golden State Warriors",2017,"0021600281","20161201",0.2,7.85,FALSE
203110,"Draymond Green","1610612744","Golden State Warriors",2017,"0021600281","20161201",0,5.95,TRUE
203110,"Draymond Green","1610612744","Golden State Warriors",2017,"0021600281","20161201",-0.4,6.35,TRUE
203110,"Draymond Green","1610612744","Golden State Warriors",2017,"0021600281","20161201",0,5.35,TRUE
203110,"Draymond Green","1610612744","Golden State Warriors",2017,"0021600281","20161201",0.7,6.85,TRUE
203110,"Draymond Green","1610612744","Golden State Warriors",2017,"0021600299","20161203",10.1,9.35,TRUE
203110,"Draymond Green","1610612744","Golden State Warriors",2017,"0021600299","20161203",-0.6,7.55,FALSE
203110,"Draymond Green","1610612744","Golden State Warriors",2017,"0021600299","20161203",-1,8.35,FALSE
203110,"Draymond Green","1610612744","Golden State Warriors",2017,"0021600299","20161203",-2.5,30.45,TRUE
203110,"Draymond Green","1610612744","Golden State Warriors",2017,"0021600299","20161203",14.2,27.55,FALSE
203110,"Draymond Green","1610612744","Golden State Warriors",2017,"0021600299","20161203",20.7,22.25,FALSE
203110,"Draymond Green","1610612744","Golden State Warriors",2017,"0021600314","20161205",-2.2,7.05,FALSE
203110,"Draymond Green","1610612744","Golden State Warriors",2017,"0021600314","20161205",-11.7,27.55,FALSE
203110,"Draymond Green","1610612744","Golden State Warriors",2017,"0021600314","20161205",4.8,29.45,FALSE
203110,"Draymond Green","1610612744","Golden State Warriors",2017,"0021600314","20161205",0.1,6.85,FALSE
203110,"Draymond Green","1610612744","Golden State Warriors",2017,"0021600314","20161205",0.2,6.55,TRUE
203110,"Draymond Green","1610612744","Golden State Warriors",2017,"0021600314","20161205",-14.3,14.75,FALSE
203110,"Draymond Green","1610612744","Golden State Warriors",2017,"0021600330","20161207",0,5.35,TRUE
203110,"Draymond Green","1610612744","Golden State Warriors",2017,"0021600330","20161207",-2.8,31.45,TRUE
203110,"Draymond Green","1610612744","Golden State Warriors",2017,"0021600330","20161207",-2,31.65,TRUE
203110,"Draymond Green","1610612744","Golden State Warriors",2017,"0021600330","20161207",0.1,7.35,TRUE
203110,"Draymond Green","1610612744","Golden State Warriors",2017,"0021600330","20161207",1.4,31.45,FALSE
203110,"Draymond Green","1610612744","Golden State Warriors",2017,"0021600330","20161207",0,5.35,TRUE
203110,"Draymond Green","1610612744","Golden State Warriors",2017,"0021600330","20161207",-19.5,23.25,TRUE
203110,"Draymond Green","1610612744","Golden State Warriors",2017,"0021600330","20161207",-1.2,6.85,TRUE
203110,"Draymond Green","1610612744","Golden State Warriors",2017,"0021600330","20161207",0,5.35,TRUE
203110,"Draymond Green","1610612744","Golden State Warriors",2017,"0021600330","20161207",0.9,32.15,FALSE
203110,"Draymond Green","1610612744","Golden State Warriors",2017,"0021600335","20161208",19.4,21.15,FALSE
203110,"Draymond Green","1610612744","Golden State Warriors",2017,"0021600335","20161208",-2.7,5.95,FALSE
203110,"Draymond Green","1610612744","Golden State Warriors",2017,"0021600335","20161208",2.9,5.45,FALSE
203110,"Draymond Green","1610612744","Golden State Warriors",2017,"0021600335","20161208",11.2,26.65,TRUE
203110,"Draymond Green","1610612744","Golden State Warriors",2017,"0021600335","20161208",-14.8,24.75,TRUE
203110,"Draymond Green","1610612744","Golden State Warriors",2017,"0021600335","20161208",-16.6,24.55,TRUE
203110,"Draymond Green","1610612744","Golden State Warriors",2017,"0021600335","20161208",22.8,18.35,TRUE
203110,"Draymond Green","1610612744","Golden State Warriors",2017,"0021600335","20161208",-3.7,30.15,FALSE
203110,"Draymond Green","1610612744","Golden State Warriors",2017,"0021600335","20161208",-3.2,6.05,FALSE
203110,"Draymond Green","1610612744","Golden State Warriors",2017,"0021600351","20161210",15.6,24.75,FALSE
203110,"Draymond Green","1610612744","Golden State Warriors",2017,"0021600351","20161210",0.4,9.55,FALSE
203110,"Draymond Green","1610612744","Golden State Warriors",2017,"0021600351","20161210",-0.4,6.55,TRUE
203110,"Draymond Green","1610612744","Golden State Warriors",2017,"0021600351","20161210",0.1,6.85,FALSE
203110,"Draymond Green","1610612744","Golden State Warriors",2017,"0021600351","20161210",-4.2,10.35,FALSE
203110,"Draymond Green","1610612744","Golden State Warriors",2017,"0021600351","20161210",0.7,6.35,TRUE
203110,"Draymond Green","1610612744","Golden State Warriors",2017,"0021600351","20161210",0,5.35,TRUE
203110,"Draymond Green","1610612744","Golden State Warriors",2017,"0021600358","20161211",15,25.55,TRUE
203110,"Draymond Green","1610612744","Golden State Warriors",2017,"0021600358","20161211",-0.1,6.05,TRUE
203110,"Draymond Green","1610612744","Golden State Warriors",2017,"0021600358","20161211",-0.9,30.95,FALSE
203110,"Draymond Green","1610612744","Golden State Warriors",2017,"0021600358","20161211",1.6,29.95,TRUE
203110,"Draymond Green","1610612744","Golden State Warriors",2017,"0021600358","20161211",20.1,19.65,TRUE
203110,"Draymond Green","1610612744","Golden State Warriors",2017,"0021600358","20161211",-0.9,30.45,TRUE
203110,"Draymond Green","1610612744","Golden State Warriors",2017,"0021600358","20161211",-23.8,7.35,FALSE
203110,"Draymond Green","1610612744","Golden State Warriors",2017,"0021600358","20161211",6.5,29.15,TRUE
203110,"Draymond Green","1610612744","Golden State Warriors",2017,"0021600358","20161211",13.7,27.05,FALSE
203110,"Draymond Green","1610612744","Golden State Warriors",2017,"0021600371","20161213",-23.8,5.25,FALSE
203110,"Draymond Green","1610612744","Golden State Warriors",2017,"0021600371","20161213",5.8,29.95,TRUE
203110,"Draymond Green","1610612744","Golden State Warriors",2017,"0021600371","20161213",0.6,4.65,TRUE
203110,"Draymond Green","1610612744","Golden State Warriors",2017,"0021600371","20161213",5,30.45,FALSE
203110,"Draymond Green","1610612744","Golden State Warriors",2017,"0021600371","20161213",1.2,6.05,FALSE
203110,"Draymond Green","1610612744","Golden State Warriors",2017,"0021600371","20161213",0.2,7.35,TRUE
203110,"Draymond Green","1610612744","Golden State Warriors",2017,"0021600371","20161213",-1.7,6.35,FALSE
203110,"Draymond Green","1610612744","Golden State Warriors",2017,"0021600371","20161213",-1,33.95,FALSE
203110,"Draymond Green","1610612744","Golden State Warriors",2017,"0021600371","20161213",-2.2,6.35,FALSE
203110,"Draymond Green","1610612744","Golden State Warriors",2017,"0021600371","20161213",15.8,27.05,TRUE
203110,"Draymond Green","1610612744","Golden State Warriors",2017,"0021600371","20161213",5.6,8.35,FALSE
203110,"Draymond Green","1610612744","Golden State Warriors",2017,"0021600388","20161215",12.2,27.65,FALSE
203110,"Draymond Green","1610612744","Golden State Warriors",2017,"0021600388","20161215",-3.5,30.95,TRUE
203110,"Draymond Green","1610612744","Golden State Warriors",2017,"0021600388","20161215",17.8,12.75,FALSE
203110,"Draymond Green","1610612744","Golden State Warriors",2017,"0021600388","20161215",2,6.35,FALSE
203110,"Draymond Green","1610612744","Golden State Warriors",2017,"0021600388","20161215",-9.4,28.45,FALSE
203110,"Draymond Green","1610612744","Golden State Warriors",2017,"0021600388","20161215",14.3,28.05,FALSE
203110,"Draymond Green","1610612744","Golden State Warriors",2017,"0021600388","20161215",0,6.55,TRUE
203110,"Draymond Green","1610612744","Golden State Warriors",2017,"0021600388","20161215",-0.1,6.05,FALSE
203110,"Draymond Green","1610612744","Golden State Warriors",2017,"0021600388","20161215",0.1,6.15,FALSE
203110,"Draymond Green","1610612744","Golden State Warriors",2017,"0021600388","20161215",1.1,10.85,FALSE
203110,"Draymond Green","1610612744","Golden State Warriors",2017,"0021600388","20161215",-3.5,32.45,FALSE
203110,"Draymond Green","1610612744","Golden State Warriors",2017,"0021600388","20161215",0,7.05,FALSE
203110,"Draymond Green","1610612744","Golden State Warriors",2017,"0021600405","20161217",-3,30.95,FALSE
203110,"Draymond Green","1610612744","Golden State Warriors",2017,"0021600405","20161217",-1.7,8.35,FALSE
203110,"Draymond Green","1610612744","Golden State Warriors",2017,"0021600405","20161217",1.4,5.95,TRUE
203110,"Draymond Green","1610612744","Golden State Warriors",2017,"0021600405","20161217",13.8,29.65,FALSE
203110,"Draymond Green","1610612744","Golden State Warriors",2017,"0021600427","20161220",-22.3,7.55,FALSE
203110,"Draymond Green","1610612744","Golden State Warriors",2017,"0021600427","20161220",-1.5,31.15,FALSE
203110,"Draymond Green","1610612744","Golden State Warriors",2017,"0021600427","20161220",-0.4,6.55,FALSE
203110,"Draymond Green","1610612744","Golden State Warriors",2017,"0021600427","20161220",-9.2,9.85,FALSE
203110,"Draymond Green","1610612744","Golden State Warriors",2017,"0021600427","20161220",-0.2,17.25,TRUE
203110,"Draymond Green","1610612744","Golden State Warriors",2017,"0021600427","20161220",0,5.35,TRUE
203110,"Draymond Green","1610612744","Golden State Warriors",2017,"0021600427","20161220",-11.2,28.45,FALSE
203110,"Draymond Green","1610612744","Golden State Warriors",2017,"0021600427","20161220",0,5.35,TRUE
203110,"Draymond Green","1610612744","Golden State Warriors",2017,"0021600427","20161220",0,5.35,TRUE
203110,"Draymond Green","1610612744","Golden State Warriors",2017,"0021600427","20161220",-8.1,29.65,TRUE
203110,"Draymond Green","1610612744","Golden State Warriors",2017,"0021600427","20161220",12,29.65,TRUE
203110,"Draymond Green","1610612744","Golden State Warriors",2017,"0021600446","20161223",-7.6,30.45,FALSE
203110,"Draymond Green","1610612744","Golden State Warriors",2017,"0021600446","20161223",19.2,22.15,FALSE
203110,"Draymond Green","1610612744","Golden State Warriors",2017,"0021600446","20161223",17.4,25.55,FALSE
203110,"Draymond Green","1610612744","Golden State Warriors",2017,"0021600446","20161223",3.4,32.15,FALSE
203110,"Draymond Green","1610612744","Golden State Warriors",2017,"0021600446","20161223",0.4,22.15,FALSE
203110,"Draymond Green","1610612744","Golden State Warriors",2017,"0021600446","20161223",-21.5,18.65,FALSE
203110,"Draymond Green","1610612744","Golden State Warriors",2017,"0021600446","20161223",0,5.35,TRUE
203110,"Draymond Green","1610612744","Golden State Warriors",2017,"0021600457","20161225",13.3,27.65,FALSE
203110,"Draymond Green","1610612744","Golden State Warriors",2017,"0021600457","20161225",0.6,5.95,TRUE
203110,"Draymond Green","1610612744","Golden State Warriors",2017,"0021600457","20161225",0.7,3.65,TRUE
203110,"Draymond Green","1610612744","Golden State Warriors",2017,"0021600457","20161225",0.4,4.75,TRUE
203110,"Draymond Green","1610612744","Golden State Warriors",2017,"0021600457","20161225",0,5.35,TRUE
203110,"Draymond Green","1610612744","Golden State Warriors",2017,"0021600457","20161225",0,5.35,TRUE
203110,"Draymond Green","1610612744","Golden State Warriors",2017,"0021600457","20161225",5.8,9.35,TRUE
203110,"Draymond Green","1610612744","Golden State Warriors",2017,"0021600457","20161225",24.8,5.25,FALSE
203110,"Draymond Green","1610612744","Golden State Warriors",2017,"0021600457","20161225",0,5.35,TRUE
203110,"Draymond Green","1610612744","Golden State Warriors",2017,"0021600485","20161228",-0.4,5.95,TRUE
203110,"Draymond Green","1610612744","Golden State Warriors",2017,"0021600485","20161228",19.2,23.05,TRUE
203110,"Draymond Green","1610612744","Golden State Warriors",2017,"0021600485","20161228",11.9,28.05,TRUE
203110,"Draymond Green","1610612744","Golden State Warriors",2017,"0021600485","20161228",0.6,5.95,TRUE
203110,"Draymond Green","1610612744","Golden State Warriors",2017,"0021600485","20161228",8.9,29.45,FALSE
203110,"Draymond Green","1610612744","Golden State Warriors",2017,"0021600485","20161228",-0.4,6.05,TRUE
203110,"Draymond Green","1610612744","Golden State Warriors",2017,"0021600485","20161228",2.5,7.35,FALSE
203110,"Draymond Green","1610612744","Golden State Warriors",2017,"0021600485","20161228",0.1,5.45,TRUE
203110,"Draymond Green","1610612744","Golden State Warriors",2017,"0021600501","20161230",2.2,14.25,FALSE
203110,"Draymond Green","1610612744","Golden State Warriors",2017,"0021600501","20161230",0,5.35,TRUE
203110,"Draymond Green","1610612744","Golden State Warriors",2017,"0021600501","20161230",0.9,8.35,TRUE
203110,"Draymond Green","1610612744","Golden State Warriors",2017,"0021600501","20161230",19.4,24.05,FALSE
203110,"Draymond Green","1610612744","Golden State Warriors",2017,"0021600501","20161230",14.3,25.75,TRUE
203110,"Draymond Green","1610612744","Golden State Warriors",2017,"0021600501","20161230",-0.4,5.55,TRUE
203110,"Draymond Green","1610612744","Golden State Warriors",2017,"0021600501","20161230",15.8,25.55,FALSE
203110,"Draymond Green","1610612744","Golden State Warriors",2017,"0021600501","20161230",-0.9,5.95,TRUE
203110,"Draymond Green","1610612744","Golden State Warriors",2017,"0021600501","20161230",0,5.35,TRUE
203110,"Draymond Green","1610612744","Golden State Warriors",2017,"0021600501","20161230",1.7,5.55,FALSE
203110,"Draymond Green","1610612744","Golden State Warriors",2017,"0021600520","20170102",0,5.35,TRUE
203110,"Draymond Green","1610612744","Golden State Warriors",2017,"0021600520","20170102",0,5.35,TRUE
203110,"Draymond Green","1610612744","Golden State Warriors",2017,"0021600520","20170102",17.6,28.95,FALSE
203110,"Draymond Green","1610612744","Golden State Warriors",2017,"0021600520","20170102",-2.7,10.35,FALSE
203110,"Draymond Green","1610612744","Golden State Warriors",2017,"0021600520","20170102",-0.2,6.55,FALSE
203110,"Draymond Green","1610612744","Golden State Warriors",2017,"0021600520","20170102",7.9,30.95,TRUE
203110,"Draymond Green","1610612744","Golden State Warriors",2017,"0021600520","20170102",-0.6,7.35,TRUE
203110,"Draymond Green","1610612744","Golden State Warriors",2017,"0021600520","20170102",0.4,7.35,TRUE
203110,"Draymond Green","1610612744","Golden State Warriors",2017,"0021600534","20170104",17.3,26.55,TRUE
203110,"Draymond Green","1610612744","Golden State Warriors",2017,"0021600534","20170104",18.6,24.25,FALSE
203110,"Draymond Green","1610612744","Golden State Warriors",2017,"0021600534","20170104",1.2,5.45,FALSE
203110,"Draymond Green","1610612744","Golden State Warriors",2017,"0021600534","20170104",4.7,8.55,TRUE
203110,"Draymond Green","1610612744","Golden State Warriors",2017,"0021600534","20170104",8.9,29.95,TRUE
203110,"Draymond Green","1610612744","Golden State Warriors",2017,"0021600534","20170104",7.6,30.45,FALSE
203110,"Draymond Green","1610612744","Golden State Warriors",2017,"0021600550","20170106",-11.2,29.95,FALSE
203110,"Draymond Green","1610612744","Golden State Warriors",2017,"0021600550","20170106",-9.1,14.25,TRUE
203110,"Draymond Green","1610612744","Golden State Warriors",2017,"0021600550","20170106",1.7,7.35,FALSE
203110,"Draymond Green","1610612744","Golden State Warriors",2017,"0021600550","20170106",12.7,28.15,FALSE
203110,"Draymond Green","1610612744","Golden State Warriors",2017,"0021600550","20170106",1.1,7.35,TRUE
203110,"Draymond Green","1610612744","Golden State Warriors",2017,"0021600550","20170106",-20.4,22.65,TRUE
203110,"Draymond Green","1610612744","Golden State Warriors",2017,"0021600566","20170108",-6.9,28.95,FALSE
203110,"Draymond Green","1610612744","Golden State Warriors",2017,"0021600566","20170108",2.7,6.55,FALSE
203110,"Draymond Green","1610612744","Golden State Warriors",2017,"0021600566","20170108",-2,5.95,TRUE
203110,"Draymond Green","1610612744","Golden State Warriors",2017,"0021600566","20170108",-0.9,8.85,FALSE
203110,"Draymond Green","1610612744","Golden State Warriors",2017,"0021600566","20170108",-23.8,7.85,FALSE
203110,"Draymond Green","1610612744","Golden State Warriors",2017,"0021600566","20170108",1.7,6.85,TRUE
203110,"Draymond Green","1610612744","Golden State Warriors",2017,"0021600566","20170108",-23.2,6.05,TRUE
203110,"Draymond Green","1610612744","Golden State Warriors",2017,"0021600566","20170108",-1,6.35,TRUE
203110,"Draymond Green","1610612744","Golden State Warriors",2017,"0021600566","20170108",1.6,30.45,FALSE
203110,"Draymond Green","1610612744","Golden State Warriors",2017,"0021600578","20170110",-1.2,6.85,TRUE
203110,"Draymond Green","1610612744","Golden State Warriors",2017,"0021600578","20170110",16,13.75,FALSE
203110,"Draymond Green","1610612744","Golden State Warriors",2017,"0021600578","20170110",-11.2,28.15,FALSE
203110,"Draymond Green","1610612744","Golden State Warriors",2017,"0021600578","20170110",-0.2,8.35,TRUE
203110,"Draymond Green","1610612744","Golden State Warriors",2017,"0021600578","20170110",18.6,27.05,FALSE
203110,"Draymond Green","1610612744","Golden State Warriors",2017,"0021600578","20170110",-1.2,6.35,TRUE
203110,"Draymond Green","1610612744","Golden State Warriors",2017,"0021600578","20170110",-1,6.85,FALSE
203110,"Draymond Green","1610612744","Golden State Warriors",2017,"0021600578","20170110",-17.1,23.75,FALSE
203110,"Draymond Green","1610612744","Golden State Warriors",2017,"0021600578","20170110",0,5.35,TRUE
203110,"Draymond Green","1610612744","Golden State Warriors",2017,"0021600578","20170110",2.9,12.75,FALSE
203110,"Draymond Green","1610612744","Golden State Warriors",2017,"0021600578","20170110",-0.2,5.15,FALSE
203110,"Draymond Green","1610612744","Golden State Warriors",2017,"0021600590","20170112",-10.9,28.05,FALSE
203110,"Draymond Green","1610612744","Golden State Warriors",2017,"0021600590","20170112",6.4,7.85,FALSE
203110,"Draymond Green","1610612744","Golden State Warriors",2017,"0021600590","20170112",0.1,6.85,FALSE
203110,"Draymond Green","1610612744","Golden State Warriors",2017,"0021600590","20170112",12.7,26.25,FALSE
203110,"Draymond Green","1610612744","Golden State Warriors",2017,"0021600619","20170116",-0.4,6.35,TRUE
203110,"Draymond Green","1610612744","Golden State Warriors",2017,"0021600619","20170116",0.4,6.35,TRUE
203110,"Draymond Green","1610612744","Golden State Warriors",2017,"0021600619","20170116",-0.2,6.55,TRUE
203110,"Draymond Green","1610612744","Golden State Warriors",2017,"0021600619","20170116",3,22.25,TRUE
203110,"Draymond Green","1610612744","Golden State Warriors",2017,"0021600619","20170116",7.1,7.55,FALSE
203110,"Draymond Green","1610612744","Golden State Warriors",2017,"0021600619","20170116",0,5.35,FALSE
203110,"Draymond Green","1610612744","Golden State Warriors",2017,"0021600634","20170118",0,5.35,TRUE
203110,"Draymond Green","1610612744","Golden State Warriors",2017,"0021600634","20170118",1.6,7.35,FALSE
203110,"Draymond Green","1610612744","Golden State Warriors",2017,"0021600634","20170118",-9.4,21.15,FALSE
203110,"Draymond Green","1610612744","Golden State Warriors",2017,"0021600634","20170118",0.4,5.55,TRUE
203110,"Draymond Green","1610612744","Golden State Warriors",2017,"0021600634","20170118",0,5.35,TRUE
203110,"Draymond Green","1610612744","Golden State Warriors",2017,"0021600634","20170118",0.7,8.35,TRUE
203110,"Draymond Green","1610612744","Golden State Warriors",2017,"0021600634","20170118",0.2,8.85,FALSE
203110,"Draymond Green","1610612744","Golden State Warriors",2017,"0021600634","20170118",0,5.35,TRUE
203110,"Draymond Green","1610612744","Golden State Warriors",2017,"0021600634","20170118",-13.2,28.95,FALSE
203110,"Draymond Green","1610612744","Golden State Warriors",2017,"0021600646","20170120",-14.3,25.55,TRUE
203110,"Draymond Green","1610612744","Golden State Warriors",2017,"0021600646","20170120",14.7,58.75,FALSE
203110,"Draymond Green","1610612744","Golden State Warriors",2017,"0021600646","20170120",-3.2,11.75,FALSE
203110,"Draymond Green","1610612744","Golden State Warriors",2017,"0021600646","20170120",5.5,9.35,FALSE
203110,"Draymond Green","1610612744","Golden State Warriors",2017,"0021600646","20170120",4,30.95,TRUE
203110,"Draymond Green","1610612744","Golden State Warriors",2017,"0021600646","20170120",0,5.35,TRUE
203110,"Draymond Green","1610612744","Golden State Warriors",2017,"0021600646","20170120",3.8,6.35,TRUE
203110,"Draymond Green","1610612744","Golden State Warriors",2017,"0021600646","20170120",0.4,29.95,TRUE
203110,"Draymond Green","1610612744","Golden State Warriors",2017,"0021600646","20170120",-10.5,5.55,FALSE
203110,"Draymond Green","1610612744","Golden State Warriors",2017,"0021600646","20170120",-7.9,31.15,FALSE
203110,"Draymond Green","1610612744","Golden State Warriors",2017,"0021600646","20170120",-0.1,8.85,FALSE
203110,"Draymond Green","1610612744","Golden State Warriors",2017,"0021600646","20170120",-0.6,5.55,TRUE
203110,"Draymond Green","1610612744","Golden State Warriors",2017,"0021600661","20170122",18.3,23.75,FALSE
203110,"Draymond Green","1610612744","Golden State Warriors",2017,"0021600661","20170122",0.6,5.75,FALSE
203110,"Draymond Green","1610612744","Golden State Warriors",2017,"0021600661","20170122",23.8,5.15,FALSE
203110,"Draymond Green","1610612744","Golden State Warriors",2017,"0021600661","20170122",0,5.35,TRUE
203110,"Draymond Green","1610612744","Golden State Warriors",2017,"0021600661","20170122",-0.9,8.05,FALSE
203110,"Draymond Green","1610612744","Golden State Warriors",2017,"0021600661","20170122",23.7,8.35,FALSE
203110,"Draymond Green","1610612744","Golden State Warriors",2017,"0021600661","20170122",2.2,30.95,FALSE
203110,"Draymond Green","1610612744","Golden State Warriors",2017,"0021600668","20170123",15.5,24.75,FALSE
203110,"Draymond Green","1610612744","Golden State Warriors",2017,"0021600668","20170123",-1.5,6.05,TRUE
203110,"Draymond Green","1610612744","Golden State Warriors",2017,"0021600668","20170123",17.9,23.75,FALSE
203110,"Draymond Green","1610612744","Golden State Warriors",2017,"0021600668","20170123",-2.7,6.55,TRUE
203110,"Draymond Green","1610612744","Golden State Warriors",2017,"0021600668","20170123",-9.6,19.65,TRUE
203110,"Draymond Green","1610612744","Golden State Warriors",2017,"0021600668","20170123",12.9,25.75,FALSE
203110,"Draymond Green","1610612744","Golden State Warriors",2017,"0021600668","20170123",-5,8.35,FALSE
203110,"Draymond Green","1610612744","Golden State Warriors",2017,"0021600668","20170123",-1.9,6.35,FALSE
203110,"Draymond Green","1610612744","Golden State Warriors",2017,"0021600687","20170125",-14.8,25.25,TRUE
203110,"Draymond Green","1610612744","Golden State Warriors",2017,"0021600687","20170125",0,5.95,FALSE
203110,"Draymond Green","1610612744","Golden State Warriors",2017,"0021600687","20170125",-17.6,22.25,TRUE
203110,"Draymond Green","1610612744","Golden State Warriors",2017,"0021600687","20170125",8.1,32.45,FALSE
203110,"Draymond Green","1610612744","Golden State Warriors",2017,"0021600687","20170125",1.7,5.45,TRUE
203110,"Draymond Green","1610612744","Golden State Warriors",2017,"0021600687","20170125",-0.1,6.35,FALSE
203110,"Draymond Green","1610612744","Golden State Warriors",2017,"0021600687","20170125",0,5.35,TRUE
203110,"Draymond Green","1610612744","Golden State Warriors",2017,"0021600707","20170128",-1,7.05,FALSE
203110,"Draymond Green","1610612744","Golden State Warriors",2017,"0021600707","20170128",-0.6,15.75,FALSE
203110,"Draymond Green","1610612744","Golden State Warriors",2017,"0021600707","20170128",0,5.35,TRUE
203110,"Draymond Green","1610612744","Golden State Warriors",2017,"0021600707","20170128",-4.8,29.65,FALSE
203110,"Draymond Green","1610612744","Golden State Warriors",2017,"0021600718","20170129",1.5,5.15,TRUE
203110,"Draymond Green","1610612744","Golden State Warriors",2017,"0021600718","20170129",9.9,27.55,TRUE
203110,"Draymond Green","1610612744","Golden State Warriors",2017,"0021600718","20170129",-0.9,33.45,FALSE
203110,"Draymond Green","1610612744","Golden State Warriors",2017,"0021600718","20170129",15.3,25.05,FALSE
203110,"Draymond Green","1610612744","Golden State Warriors",2017,"0021600718","20170129",-13.3,26.05,FALSE
203110,"Draymond Green","1610612744","Golden State Warriors",2017,"0021600718","20170129",1.9,30.95,FALSE
203110,"Draymond Green","1610612744","Golden State Warriors",2017,"0021600718","20170129",-2.5,6.55,FALSE
203110,"Draymond Green","1610612744","Golden State Warriors",2017,"0021600718","20170129",4.7,28.95,FALSE
203110,"Draymond Green","1610612744","Golden State Warriors",2017,"0021600741","20170201",12.9,30.45,TRUE
203110,"Draymond Green","1610612744","Golden State Warriors",2017,"0021600741","20170201",17.6,25.05,FALSE
203110,"Draymond Green","1610612744","Golden State Warriors",2017,"0021600741","20170201",20.4,21.65,FALSE
203110,"Draymond Green","1610612744","Golden State Warriors",2017,"0021600741","20170201",12.9,29.45,FALSE
203110,"Draymond Green","1610612744","Golden State Warriors",2017,"0021600741","20170201",9.8,17.95,FALSE
203110,"Draymond Green","1610612744","Golden State Warriors",2017,"0021600741","20170201",-0.1,6.35,TRUE
203110,"Draymond Green","1610612744","Golden State Warriors",2017,"0021600741","20170201",-23.2,6.05,TRUE
203110,"Draymond Green","1610612744","Golden State Warriors",2017,"0021600741","20170201",-0.9,31.45,FALSE
203110,"Draymond Green","1610612744","Golden State Warriors",2017,"0021600741","20170201",-21.2,20.85,FALSE
203110,"Draymond Green","1610612744","Golden State Warriors",2017,"0021600741","20170201",-6.4,9.05,FALSE
203110,"Draymond Green","1610612744","Golden State Warriors",2017,"0021600764","20170204",7.4,29.45,TRUE
203110,"Draymond Green","1610612744","Golden State Warriors",2017,"0021600764","20170204",-2.5,7.55,FALSE
203110,"Draymond Green","1610612744","Golden State Warriors",2017,"0021600764","20170204",-7.1,29.95,TRUE
203110,"Draymond Green","1610612744","Golden State Warriors",2017,"0021600764","20170204",-7.3,31.45,FALSE
203110,"Draymond Green","1610612744","Golden State Warriors",2017,"0021600764","20170204",-3.3,5.45,FALSE
203110,"Draymond Green","1610612744","Golden State Warriors",2017,"0021600764","20170204",-0.4,30.45,FALSE
203110,"Draymond Green","1610612744","Golden State Warriors",2017,"0021600764","20170204",-3,8.85,FALSE
203110,"Draymond Green","1610612744","Golden State Warriors",2017,"0021600764","20170204",13,26.65,TRUE
203110,"Draymond Green","1610612744","Golden State Warriors",2017,"0021600764","20170204",-22,20.85,FALSE
203110,"Draymond Green","1610612744","Golden State Warriors",2017,"0021600764","20170204",0,5.35,TRUE
203110,"Draymond Green","1610612744","Golden State Warriors",2017,"0021600764","20170204",-1.5,31.95,FALSE
203110,"Draymond Green","1610612744","Golden State Warriors",2017,"0021600764","20170204",11.9,19.15,FALSE
203110,"Draymond Green","1610612744","Golden State Warriors",2017,"0021600764","20170204",0,5.35,TRUE
203110,"Draymond Green","1610612744","Golden State Warriors",2017,"0021600764","20170204",0,5.35,TRUE
203110,"Draymond Green","1610612744","Golden State Warriors",2017,"0021600764","20170204",-2.5,31.95,FALSE
203110,"Draymond Green","1610612744","Golden State Warriors",2017,"0021600792","20170208",-16.2,18.85,FALSE
203110,"Draymond Green","1610612744","Golden State Warriors",2017,"0021600792","20170208",-17.4,26.05,TRUE
203110,"Draymond Green","1610612744","Golden State Warriors",2017,"0021600792","20170208",3.7,33.05,TRUE
203110,"Draymond Green","1610612744","Golden State Warriors",2017,"0021600792","20170208",0,5.35,TRUE
203110,"Draymond Green","1610612744","Golden State Warriors",2017,"0021600792","20170208",-4.3,29.95,TRUE
203110,"Draymond Green","1610612744","Golden State Warriors",2017,"0021600792","20170208",15.3,27.55,TRUE
203110,"Draymond Green","1610612744","Golden State Warriors",2017,"0021600792","20170208",23,6.35,FALSE
203110,"Draymond Green","1610612744","Golden State Warriors",2017,"0021600792","20170208",4.7,32.45,TRUE
203110,"Draymond Green","1610612744","Golden State Warriors",2017,"0021600803","20170210",12.9,29.45,FALSE
203110,"Draymond Green","1610612744","Golden State Warriors",2017,"0021600803","20170210",0.9,5.45,TRUE
203110,"Draymond Green","1610612744","Golden State Warriors",2017,"0021600803","20170210",0,5.35,TRUE
203110,"Draymond Green","1610612744","Golden State Warriors",2017,"0021600803","20170210",4.5,30.45,FALSE
203110,"Draymond Green","1610612744","Golden State Warriors",2017,"0021600803","20170210",-0.4,5.45,FALSE
203110,"Draymond Green","1610612744","Golden State Warriors",2017,"0021600803","20170210",8.8,29.45,FALSE
203110,"Draymond Green","1610612744","Golden State Warriors",2017,"0021600813","20170211",12.2,27.55,FALSE
203110,"Draymond Green","1610612744","Golden State Warriors",2017,"0021600813","20170211",1.9,4.65,TRUE
203110,"Draymond Green","1610612744","Golden State Warriors",2017,"0021600813","20170211",-2.8,5.55,FALSE
203110,"Draymond Green","1610612744","Golden State Warriors",2017,"0021600813","20170211",0.9,12.25,FALSE
203110,"Draymond Green","1610612744","Golden State Warriors",2017,"0021600813","20170211",0,5.35,FALSE
203110,"Draymond Green","1610612744","Golden State Warriors",2017,"0021600813","20170211",-0.1,4.65,FALSE
203110,"Draymond Green","1610612744","Golden State Warriors",2017,"0021600813","20170211",2.2,5.25,TRUE
203110,"Draymond Green","1610612744","Golden State Warriors",2017,"0021600827","20170213",22.3,15.25,FALSE
203110,"Draymond Green","1610612744","Golden State Warriors",2017,"0021600827","20170213",12.4,26.55,FALSE
203110,"Draymond Green","1610612744","Golden State Warriors",2017,"0021600827","20170213",3,5.45,FALSE
203110,"Draymond Green","1610612744","Golden State Warriors",2017,"0021600827","20170213",-2.2,6.85,FALSE
203110,"Draymond Green","1610612744","Golden State Warriors",2017,"0021600827","20170213",0.6,6.85,TRUE
203110,"Draymond Green","1610612744","Golden State Warriors",2017,"0021600847","20170215",-9.9,30.15,FALSE
203110,"Draymond Green","1610612744","Golden State Warriors",2017,"0021600847","20170215",-23.2,6.35,FALSE
203110,"Draymond Green","1610612744","Golden State Warriors",2017,"0021600847","20170215",5.8,10.45,FALSE
203110,"Draymond Green","1610612744","Golden State Warriors",2017,"0021600854","20170223",7.3,9.85,FALSE
203110,"Draymond Green","1610612744","Golden State Warriors",2017,"0021600854","20170223",-1.7,6.85,FALSE
203110,"Draymond Green","1610612744","Golden State Warriors",2017,"0021600854","20170223",16.1,26.55,TRUE
203110,"Draymond Green","1610612744","Golden State Warriors",2017,"0021600854","20170223",0,5.35,TRUE
203110,"Draymond Green","1610612744","Golden State Warriors",2017,"0021600873","20170225",1.6,7.35,FALSE
203110,"Draymond Green","1610612744","Golden State Warriors",2017,"0021600873","20170225",-1.7,10.95,FALSE
203110,"Draymond Green","1610612744","Golden State Warriors",2017,"0021600873","20170225",4.5,9.35,FALSE
203110,"Draymond Green","1610612744","Golden State Warriors",2017,"0021600873","20170225",-22.8,7.55,FALSE
203110,"Draymond Green","1610612744","Golden State Warriors",2017,"0021600873","20170225",-11.7,29.95,TRUE
203110,"Draymond Green","1610612744","Golden State Warriors",2017,"0021600873","20170225",-12.8,17.35,FALSE
203110,"Draymond Green","1610612744","Golden State Warriors",2017,"0021600873","20170225",-2.5,6.05,FALSE
203110,"Draymond Green","1610612744","Golden State Warriors",2017,"0021600873","20170225",-14.8,26.55,FALSE
203110,"Draymond Green","1610612744","Golden State Warriors",2017,"0021600873","20170225",18.1,24.05,FALSE
203110,"Draymond Green","1610612744","Golden State Warriors",2017,"0021600873","20170225",1.2,14.45,FALSE
203110,"Draymond Green","1610612744","Golden State Warriors",2017,"0021600883","20170227",-15,26.05,FALSE
203110,"Draymond Green","1610612744","Golden State Warriors",2017,"0021600883","20170227",0,5.35,TRUE
203110,"Draymond Green","1610612744","Golden State Warriors",2017,"0021600883","20170227",0.6,7.35,TRUE
203110,"Draymond Green","1610612744","Golden State Warriors",2017,"0021600883","20170227",4,5.45,FALSE
203110,"Draymond Green","1610612744","Golden State Warriors",2017,"0021600883","20170227",0,5.35,FALSE
203110,"Draymond Green","1610612744","Golden State Warriors",2017,"0021600883","20170227",-0.6,6.05,FALSE
203110,"Draymond Green","1610612744","Golden State Warriors",2017,"0021600883","20170227",-0.1,6.05,TRUE
203110,"Draymond Green","1610612744","Golden State Warriors",2017,"0021600883","20170227",0.7,30.95,FALSE
203110,"Draymond Green","1610612744","Golden State Warriors",2017,"0021600883","20170227",24.1,4.65,TRUE
203110,"Draymond Green","1610612744","Golden State Warriors",2017,"0021600883","20170227",0,5.35,TRUE
203110,"Draymond Green","1610612744","Golden State Warriors",2017,"0021600889","20170228",-7.8,9.35,FALSE
203110,"Draymond Green","1610612744","Golden State Warriors",2017,"0021600889","20170228",-2.7,4.15,FALSE
203110,"Draymond Green","1610612744","Golden State Warriors",2017,"0021600889","20170228",0.7,35.05,FALSE
203110,"Draymond Green","1610612744","Golden State Warriors",2017,"0021600889","20170228",0,5.35,TRUE
203110,"Draymond Green","1610612744","Golden State Warriors",2017,"0021600889","20170228",-6.4,23.55,FALSE
203110,"Draymond Green","1610612744","Golden State Warriors",2017,"0021600889","20170228",-0.6,5.45,TRUE
203110,"Draymond Green","1610612744","Golden State Warriors",2017,"0021600889","20170228",0,5.35,TRUE
203110,"Draymond Green","1610612744","Golden State Warriors",2017,"0021600889","20170228",-7.4,23.25,FALSE
203110,"Draymond Green","1610612744","Golden State Warriors",2017,"0021600889","20170228",0.9,6.05,TRUE
203110,"Draymond Green","1610612744","Golden State Warriors",2017,"0021600889","20170228",23.2,7.85,TRUE
203110,"Draymond Green","1610612744","Golden State Warriors",2017,"0021600889","20170228",-11.2,29.65,TRUE
203110,"Draymond Green","1610612744","Golden State Warriors",2017,"0021600906","20170302",2.7,6.35,FALSE
203110,"Draymond Green","1610612744","Golden State Warriors",2017,"0021600906","20170302",-2.2,6.85,FALSE
203110,"Draymond Green","1610612744","Golden State Warriors",2017,"0021600906","20170302",2.2,30.65,FALSE
203110,"Draymond Green","1610612744","Golden State Warriors",2017,"0021600906","20170302",1.9,29.45,TRUE
203110,"Draymond Green","1610612744","Golden State Warriors",2017,"0021600906","20170302",3.7,30.45,TRUE
203110,"Draymond Green","1610612744","Golden State Warriors",2017,"0021600906","20170302",-13.8,28.95,FALSE
203110,"Draymond Green","1610612744","Golden State Warriors",2017,"0021600906","20170302",-1.9,16.35,TRUE
203110,"Draymond Green","1610612744","Golden State Warriors",2017,"0021600906","20170302",-0.2,5.95,TRUE
203110,"Draymond Green","1610612744","Golden State Warriors",2017,"0021600906","20170302",-14.1,26.55,FALSE
203110,"Draymond Green","1610612744","Golden State Warriors",2017,"0021600928","20170305",1.6,5.15,FALSE
203110,"Draymond Green","1610612744","Golden State Warriors",2017,"0021600928","20170305",23.3,2.15,TRUE
203110,"Draymond Green","1610612744","Golden State Warriors",2017,"0021600928","20170305",6,11.95,FALSE
203110,"Draymond Green","1610612744","Golden State Warriors",2017,"0021600928","20170305",-21,16.35,FALSE
203110,"Draymond Green","1610612744","Golden State Warriors",2017,"0021600928","20170305",-1,5.15,TRUE
203110,"Draymond Green","1610612744","Golden State Warriors",2017,"0021600928","20170305",17.6,23.05,FALSE
203110,"Draymond Green","1610612744","Golden State Warriors",2017,"0021600928","20170305",-1.7,5.45,TRUE
203110,"Draymond Green","1610612744","Golden State Warriors",2017,"0021600928","20170305",1.9,5.55,TRUE
203110,"Draymond Green","1610612744","Golden State Warriors",2017,"0021600928","20170305",-7.6,28.15,FALSE
203110,"Draymond Green","1610612744","Golden State Warriors",2017,"0021600937","20170306",1.7,29.95,TRUE
203110,"Draymond Green","1610612744","Golden State Warriors",2017,"0021600937","20170306",-1.9,5.95,TRUE
203110,"Draymond Green","1610612744","Golden State Warriors",2017,"0021600937","20170306",-1.9,5.15,TRUE
203110,"Draymond Green","1610612744","Golden State Warriors",2017,"0021600937","20170306",-0.1,5.55,FALSE
203110,"Draymond Green","1610612744","Golden State Warriors",2017,"0021600937","20170306",1.4,29.45,TRUE
203110,"Draymond Green","1610612744","Golden State Warriors",2017,"0021600937","20170306",-3.2,28.95,FALSE
203110,"Draymond Green","1610612744","Golden State Warriors",2017,"0021600937","20170306",-3.3,6.55,FALSE
203110,"Draymond Green","1610612744","Golden State Warriors",2017,"0021600937","20170306",14.3,26.55,FALSE
203110,"Draymond Green","1610612744","Golden State Warriors",2017,"0021600937","20170306",2.9,9.35,FALSE
203110,"Draymond Green","1610612744","Golden State Warriors",2017,"0021600937","20170306",-2.5,30.45,FALSE
203110,"Draymond Green","1610612744","Golden State Warriors",2017,"0021600959","20170308",-13.2,31.65,FALSE
203110,"Draymond Green","1610612744","Golden State Warriors",2017,"0021600959","20170308",-1.5,31.65,FALSE
203110,"Draymond Green","1610612744","Golden State Warriors",2017,"0021600959","20170308",0,5.35,FALSE
203110,"Draymond Green","1610612744","Golden State Warriors",2017,"0021600959","20170308",14.5,17.35,FALSE
203110,"Draymond Green","1610612744","Golden State Warriors",2017,"0021600959","20170308",-4.2,10.35,TRUE
203110,"Draymond Green","1610612744","Golden State Warriors",2017,"0021600959","20170308",-14,28.05,FALSE
203110,"Draymond Green","1610612744","Golden State Warriors",2017,"0021600959","20170308",0,5.35,TRUE
203110,"Draymond Green","1610612744","Golden State Warriors",2017,"0021600959","20170308",-0.2,13.75,TRUE
203110,"Draymond Green","1610612744","Golden State Warriors",2017,"0021600959","20170308",-6.1,31.65,FALSE
203110,"Draymond Green","1610612744","Golden State Warriors",2017,"0021600959","20170308",2,13.75,FALSE
203110,"Draymond Green","1610612744","Golden State Warriors",2017,"0021600959","20170308",-4.3,30.65,FALSE
203110,"Draymond Green","1610612744","Golden State Warriors",2017,"0021600959","20170308",3.2,12.25,FALSE
203110,"Draymond Green","1610612744","Golden State Warriors",2017,"0021600959","20170308",0,5.35,TRUE
203110,"Draymond Green","1610612744","Golden State Warriors",2017,"0021600959","20170308",0,5.35,TRUE
203110,"Draymond Green","1610612744","Golden State Warriors",2017,"0021600959","20170308",-1.5,31.15,TRUE
203110,"Draymond Green","1610612744","Golden State Warriors",2017,"0021600968","20170310",6.1,29.45,FALSE
203110,"Draymond Green","1610612744","Golden State Warriors",2017,"0021600968","20170310",19.4,21.15,FALSE
203110,"Draymond Green","1610612744","Golden State Warriors",2017,"0021600968","20170310",-0.1,5.45,FALSE
203110,"Draymond Green","1610612744","Golden State Warriors",2017,"0021600968","20170310",1.1,5.15,TRUE
203110,"Draymond Green","1610612744","Golden State Warriors",2017,"0021600968","20170310",1.2,16.85,FALSE
203110,"Draymond Green","1610612744","Golden State Warriors",2017,"0021600968","20170310",-1.1,5.65,FALSE
203110,"Draymond Green","1610612744","Golden State Warriors",2017,"0021600968","20170310",3.5,7.05,FALSE
203110,"Draymond Green","1610612744","Golden State Warriors",2017,"0021600968","20170310",-0.6,29.95,FALSE
203110,"Draymond Green","1610612744","Golden State Warriors",2017,"0021601003","20170314",15.3,26.65,FALSE
203110,"Draymond Green","1610612744","Golden State Warriors",2017,"0021601003","20170314",-11.4,13.25,FALSE
203110,"Draymond Green","1610612744","Golden State Warriors",2017,"0021601003","20170314",-0.2,6.05,TRUE
203110,"Draymond Green","1610612744","Golden State Warriors",2017,"0021601003","20170314",0,5.35,TRUE
203110,"Draymond Green","1610612744","Golden State Warriors",2017,"0021601003","20170314",-11.4,28.45,FALSE
203110,"Draymond Green","1610612744","Golden State Warriors",2017,"0021601003","20170314",1.2,6.15,FALSE
203110,"Draymond Green","1610612744","Golden State Warriors",2017,"0021601003","20170314",10.7,28.15,FALSE
203110,"Draymond Green","1610612744","Golden State Warriors",2017,"0021601003","20170314",-2,6.65,TRUE
203110,"Draymond Green","1610612744","Golden State Warriors",2017,"0021601003","20170314",0.9,11.95,FALSE
203110,"Draymond Green","1610612744","Golden State Warriors",2017,"0021601003","20170314",10.2,28.95,TRUE
203110,"Draymond Green","1610612744","Golden State Warriors",2017,"0021601003","20170314",-6.1,14.75,FALSE
203110,"Draymond Green","1610612744","Golden State Warriors",2017,"0021601003","20170314",-1.4,6.55,FALSE
203110,"Draymond Green","1610612744","Golden State Warriors",2017,"0021601003","20170314",-0.5,7.35,FALSE
203110,"Draymond Green","1610612744","Golden State Warriors",2017,"0021601019","20170316",19.2,24.05,FALSE
203110,"Draymond Green","1610612744","Golden State Warriors",2017,"0021601019","20170316",-0.6,7.35,FALSE
203110,"Draymond Green","1610612744","Golden State Warriors",2017,"0021601019","20170316",0,5.35,TRUE
203110,"Draymond Green","1610612744","Golden State Warriors",2017,"0021601019","20170316",15.8,29.45,FALSE
203110,"Draymond Green","1610612744","Golden State Warriors",2017,"0021601019","20170316",-0.4,13.25,TRUE
203110,"Draymond Green","1610612744","Golden State Warriors",2017,"0021601019","20170316",-0.1,5.55,TRUE
203110,"Draymond Green","1610612744","Golden State Warriors",2017,"0021601019","20170316",-0.1,8.35,FALSE
203110,"Draymond Green","1610612744","Golden State Warriors",2017,"0021601019","20170316",0,5.35,TRUE
203110,"Draymond Green","1610612744","Golden State Warriors",2017,"0021601035","20170318",-4.2,14.45,FALSE
203110,"Draymond Green","1610612744","Golden State Warriors",2017,"0021601035","20170318",6,15.75,FALSE
203110,"Draymond Green","1610612744","Golden State Warriors",2017,"0021601035","20170318",0,5.35,TRUE
203110,"Draymond Green","1610612744","Golden State Warriors",2017,"0021601035","20170318",0,5.35,TRUE
203110,"Draymond Green","1610612744","Golden State Warriors",2017,"0021601035","20170318",-0.6,7.35,FALSE
203110,"Draymond Green","1610612744","Golden State Warriors",2017,"0021601035","20170318",1.2,7.35,FALSE
203110,"Draymond Green","1610612744","Golden State Warriors",2017,"0021601049","20170320",15.5,4.15,FALSE
203110,"Draymond Green","1610612744","Golden State Warriors",2017,"0021601049","20170320",-6.9,28.45,FALSE
203110,"Draymond Green","1610612744","Golden State Warriors",2017,"0021601049","20170320",0,5.35,FALSE
203110,"Draymond Green","1610612744","Golden State Warriors",2017,"0021601049","20170320",-5.6,12.95,FALSE
203110,"Draymond Green","1610612744","Golden State Warriors",2017,"0021601055","20170321",16,23.05,FALSE
203110,"Draymond Green","1610612744","Golden State Warriors",2017,"0021601055","20170321",-6.6,28.45,TRUE
203110,"Draymond Green","1610612744","Golden State Warriors",2017,"0021601055","20170321",0,5.35,TRUE
203110,"Draymond Green","1610612744","Golden State Warriors",2017,"0021601055","20170321",-9.7,21.65,FALSE
203110,"Draymond Green","1610612744","Golden State Warriors",2017,"0021601055","20170321",-9.6,27.15,FALSE
203110,"Draymond Green","1610612744","Golden State Warriors",2017,"0021601055","20170321",-2,29.45,FALSE
203110,"Draymond Green","1610612744","Golden State Warriors",2017,"0021601081","20170324",0.1,31.15,FALSE
203110,"Draymond Green","1610612744","Golden State Warriors",2017,"0021601081","20170324",-0.9,5.55,TRUE
203110,"Draymond Green","1610612744","Golden State Warriors",2017,"0021601081","20170324",1.1,11.75,FALSE
203110,"Draymond Green","1610612744","Golden State Warriors",2017,"0021601081","20170324",0,5.35,TRUE
203110,"Draymond Green","1610612744","Golden State Warriors",2017,"0021601081","20170324",23.3,6.05,FALSE
203110,"Draymond Green","1610612744","Golden State Warriors",2017,"0021601081","20170324",0,5.35,TRUE
203110,"Draymond Green","1610612744","Golden State Warriors",2017,"0021601081","20170324",-0.2,11.75,TRUE
203110,"Draymond Green","1610612744","Golden State Warriors",2017,"0021601081","20170324",1.9,7.55,TRUE
203110,"Draymond Green","1610612744","Golden State Warriors",2017,"0021601081","20170324",-2.2,31.45,FALSE
203110,"Draymond Green","1610612744","Golden State Warriors",2017,"0021601081","20170324",-18.1,22.75,TRUE
203110,"Draymond Green","1610612744","Golden State Warriors",2017,"0021601081","20170324",16.1,27.05,TRUE
203110,"Draymond Green","1610612744","Golden State Warriors",2017,"0021601081","20170324",-12.5,27.15,FALSE
203110,"Draymond Green","1610612744","Golden State Warriors",2017,"0021601081","20170324",-6,30.95,TRUE
203110,"Draymond Green","1610612744","Golden State Warriors",2017,"0021601081","20170324",1.9,30.95,FALSE
203110,"Draymond Green","1610612744","Golden State Warriors",2017,"0021601081","20170324",18.7,25.25,FALSE
203110,"Draymond Green","1610612744","Golden State Warriors",2017,"0021601081","20170324",0.6,6.85,FALSE
203110,"Draymond Green","1610612744","Golden State Warriors",2017,"0021601081","20170324",-0.1,6.55,FALSE
203110,"Draymond Green","1610612744","Golden State Warriors",2017,"0021601094","20170326",6.6,31.45,TRUE
203110,"Draymond Green","1610612744","Golden State Warriors",2017,"0021601094","20170326",12.5,28.95,FALSE
203110,"Draymond Green","1610612744","Golden State Warriors",2017,"0021601094","20170326",0,5.35,TRUE
203110,"Draymond Green","1610612744","Golden State Warriors",2017,"0021601094","20170326",0.7,10.35,FALSE
203110,"Draymond Green","1610612744","Golden State Warriors",2017,"0021601094","20170326",-13.8,17.35,TRUE
203110,"Draymond Green","1610612744","Golden State Warriors",2017,"0021601094","20170326",9.1,10.35,FALSE
203110,"Draymond Green","1610612744","Golden State Warriors",2017,"0021601094","20170326",-3.7,9.35,FALSE
203110,"Draymond Green","1610612744","Golden State Warriors",2017,"0021601094","20170326",1,6.65,FALSE
203110,"Draymond Green","1610612744","Golden State Warriors",2017,"0021601108","20170328",-0.2,4.75,TRUE
203110,"Draymond Green","1610612744","Golden State Warriors",2017,"0021601108","20170328",0,5.35,TRUE
203110,"Draymond Green","1610612744","Golden State Warriors",2017,"0021601108","20170328",-13.8,26.25,TRUE
203110,"Draymond Green","1610612744","Golden State Warriors",2017,"0021601108","20170328",-9.2,28.45,FALSE
203110,"Draymond Green","1610612744","Golden State Warriors",2017,"0021601108","20170328",-10.7,27.65,FALSE
203110,"Draymond Green","1610612744","Golden State Warriors",2017,"0021601108","20170328",0,5.35,TRUE
203110,"Draymond Green","1610612744","Golden State Warriors",2017,"0021601108","20170328",-0.3,6.15,FALSE
203110,"Draymond Green","1610612744","Golden State Warriors",2017,"0021601108","20170328",0.2,5.55,TRUE
203110,"Draymond Green","1610612744","Golden State Warriors",2017,"0021601108","20170328",7.8,38.35,FALSE
203110,"Draymond Green","1610612744","Golden State Warriors",2017,"0021601108","20170328",-2,5.95,TRUE
203110,"Draymond Green","1610612744","Golden State Warriors",2017,"0021601108","20170328",-18.1,22.15,FALSE
203110,"Draymond Green","1610612744","Golden State Warriors",2017,"0021601108","20170328",-1.9,14.25,TRUE
203110,"Draymond Green","1610612744","Golden State Warriors",2017,"0021601108","20170328",-0.9,4.75,TRUE
203110,"Draymond Green","1610612744","Golden State Warriors",2017,"0021601108","20170328",16.1,9.05,TRUE
203110,"Draymond Green","1610612744","Golden State Warriors",2017,"0021601108","20170328",-5.1,29.45,FALSE
203110,"Draymond Green","1610612744","Golden State Warriors",2017,"0021601118","20170329",-0.6,5.15,FALSE
203110,"Draymond Green","1610612744","Golden State Warriors",2017,"0021601118","20170329",-7.9,29.95,FALSE
203110,"Draymond Green","1610612744","Golden State Warriors",2017,"0021601118","20170329",-1.5,10.45,TRUE
203110,"Draymond Green","1610612744","Golden State Warriors",2017,"0021601118","20170329",4.5,5.55,TRUE
203110,"Draymond Green","1610612744","Golden State Warriors",2017,"0021601136","20170331",0,5.35,TRUE
203110,"Draymond Green","1610612744","Golden State Warriors",2017,"0021601136","20170331",-4.6,16.35,FALSE
203110,"Draymond Green","1610612744","Golden State Warriors",2017,"0021601136","20170331",-10.7,18.65,FALSE
203110,"Draymond Green","1610612744","Golden State Warriors",2017,"0021601136","20170331",0.9,9.85,TRUE
203110,"Draymond Green","1610612744","Golden State Warriors",2017,"0021601136","20170331",0.9,8.05,FALSE
203110,"Draymond Green","1610612744","Golden State Warriors",2017,"0021601136","20170331",-6.9,31.45,FALSE
203110,"Draymond Green","1610612744","Golden State Warriors",2017,"0021601136","20170331",-0.4,8.85,FALSE
203110,"Draymond Green","1610612744","Golden State Warriors",2017,"0021601136","20170331",-7.8,30.65,FALSE
203110,"Draymond Green","1610612744","Golden State Warriors",2017,"0021601136","20170331",2.7,31.45,FALSE
203110,"Draymond Green","1610612744","Golden State Warriors",2017,"0021601136","20170331",-9.4,8.85,FALSE
203110,"Draymond Green","1610612744","Golden State Warriors",2017,"0021601136","20170331",4.8,9.95,FALSE
203110,"Draymond Green","1610612744","Golden State Warriors",2017,"0021601152","20170402",0,6.85,FALSE
203110,"Draymond Green","1610612744","Golden State Warriors",2017,"0021601152","20170402",0.9,7.35,TRUE
203110,"Draymond Green","1610612744","Golden State Warriors",2017,"0021601152","20170402",0,6.55,TRUE
203110,"Draymond Green","1610612744","Golden State Warriors",2017,"0021601152","20170402",0.6,9.85,FALSE
203110,"Draymond Green","1610612744","Golden State Warriors",2017,"0021601152","20170402",-15.5,26.65,FALSE
203110,"Draymond Green","1610612744","Golden State Warriors",2017,"0021601152","20170402",-16.8,26.55,FALSE
203110,"Draymond Green","1610612744","Golden State Warriors",2017,"0021601152","20170402",-1.9,7.55,FALSE
203110,"Draymond Green","1610612744","Golden State Warriors",2017,"0021601152","20170402",-1.9,31.45,TRUE
203110,"Draymond Green","1610612744","Golden State Warriors",2017,"0021601162","20170404",-4.2,30.45,FALSE
203110,"Draymond Green","1610612744","Golden State Warriors",2017,"0021601162","20170404",0.9,11.95,FALSE
203110,"Draymond Green","1610612744","Golden State Warriors",2017,"0021601162","20170404",-2.7,30.95,FALSE
203110,"Draymond Green","1610612744","Golden State Warriors",2017,"0021601162","20170404",0,5.35,TRUE
203110,"Draymond Green","1610612744","Golden State Warriors",2017,"0021601162","20170404",0.7,7.35,TRUE
203110,"Draymond Green","1610612744","Golden State Warriors",2017,"0021601162","20170404",1.9,6.35,FALSE
203110,"Draymond Green","1610612744","Golden State Warriors",2017,"0021601195","20170408",-10.2,28.45,FALSE
203110,"Draymond Green","1610612744","Golden State Warriors",2017,"0021601195","20170408",0.4,7.85,FALSE
203110,"Draymond Green","1610612744","Golden State Warriors",2017,"0021601195","20170408",-0.2,6.35,TRUE
203110,"Draymond Green","1610612744","Golden State Warriors",2017,"0021601195","20170408",14,28.95,TRUE
203110,"Draymond Green","1610612744","Golden State Warriors",2017,"0021601195","20170408",19.4,21.65,TRUE
203110,"Draymond Green","1610612744","Golden State Warriors",2017,"0021601195","20170408",19.4,26.05,FALSE
203110,"Draymond Green","1610612744","Golden State Warriors",2017,"0021601195","20170408",-16.1,26.55,TRUE
203110,"Draymond Green","1610612744","Golden State Warriors",2017,"0021601195","20170408",-5.3,30.45,FALSE
203110,"Draymond Green","1610612744","Golden State Warriors",2017,"0021601211","20170410",-16.3,27.15,TRUE
203110,"Draymond Green","1610612744","Golden State Warriors",2017,"0021601211","20170410",0,5.35,TRUE
203110,"Draymond Green","1610612744","Golden State Warriors",2017,"0021601211","20170410",-11,8.55,FALSE
203110,"Draymond Green","1610612744","Golden State Warriors",2017,"0021601211","20170410",-16.8,25.05,FALSE
203110,"Draymond Green","1610612744","Golden State Warriors",2017,"0021601211","20170410",-0.2,30.45,FALSE
203110,"Draymond Green","1610612744","Golden State Warriors",2017,"0021601211","20170410",5.2,30.65,FALSE
203110,"Draymond Green","1610612744","Golden State Warriors",2017,"0021601211","20170410",-9.9,10.45,FALSE
203110,"Draymond Green","1610612744","Golden State Warriors",2018,"0021700002","20171017",-0.9,30.65,FALSE
203110,"Draymond Green","1610612744","Golden State Warriors",2018,"0021700002","20171017",0.7,7.05,FALSE
203110,"Draymond Green","1610612744","Golden State Warriors",2018,"0021700002","20171017",0.5,6.75,TRUE
203110,"Draymond Green","1610612744","Golden State Warriors",2018,"0021700002","20171017",-22.7,7.05,TRUE
203110,"Draymond Green","1610612744","Golden State Warriors",2018,"0021700002","20171017",0.7,13.35,FALSE
203110,"Draymond Green","1610612744","Golden State Warriors",2018,"0021700002","20171017",0.6,9.25,FALSE
203110,"Draymond Green","1610612744","Golden State Warriors",2018,"0021700025","20171020",-6.7,30.35,FALSE
203110,"Draymond Green","1610612744","Golden State Warriors",2018,"0021700025","20171020",-2.4,7.55,TRUE
203110,"Draymond Green","1610612744","Golden State Warriors",2018,"0021700025","20171020",-3.5,8.55,FALSE
203110,"Draymond Green","1610612744","Golden State Warriors",2018,"0021700025","20171020",14.3,26.45,FALSE
203110,"Draymond Green","1610612744","Golden State Warriors",2018,"0021700025","20171020",-15,31.25,TRUE
203110,"Draymond Green","1610612744","Golden State Warriors",2018,"0021700025","20171020",-6.9,12.05,FALSE
203110,"Draymond Green","1610612744","Golden State Warriors",2018,"0021700025","20171020",-1.4,30.95,TRUE
203110,"Draymond Green","1610612744","Golden State Warriors",2018,"0021700025","20171020",-4.1,8.65,FALSE
203110,"Draymond Green","1610612744","Golden State Warriors",2018,"0021700025","20171020",9.3,29.35,FALSE
203110,"Draymond Green","1610612744","Golden State Warriors",2018,"0021700025","20171020",10.9,28.35,FALSE
203110,"Draymond Green","1610612744","Golden State Warriors",2018,"0021700025","20171020",6,30.35,FALSE
203110,"Draymond Green","1610612744","Golden State Warriors",2018,"0021700033","20171021",22.6,7.55,FALSE
203110,"Draymond Green","1610612744","Golden State Warriors",2018,"0021700033","20171021",-0.6,31.25,FALSE
203110,"Draymond Green","1610612744","Golden State Warriors",2018,"0021700033","20171021",-9,29.35,FALSE
203110,"Draymond Green","1610612744","Golden State Warriors",2018,"0021700033","20171021",2.7,30.85,FALSE
203110,"Draymond Green","1610612744","Golden State Warriors",2018,"0021700033","20171021",-0.5,5.85,TRUE
203110,"Draymond Green","1610612744","Golden State Warriors",2018,"0021700033","20171021",-6.1,29.95,FALSE
203110,"Draymond Green","1610612744","Golden State Warriors",2018,"0021700045","20171023",-2.3,6.35,TRUE
203110,"Draymond Green","1610612744","Golden State Warriors",2018,"0021700045","20171023",2,29.55,FALSE
203110,"Draymond Green","1610612744","Golden State Warriors",2018,"0021700045","20171023",-2.5,6.25,FALSE
203110,"Draymond Green","1610612744","Golden State Warriors",2018,"0021700045","20171023",-9.8,28.45,FALSE
203110,"Draymond Green","1610612744","Golden State Warriors",2018,"0021700045","20171023",1.6,6.55,TRUE
203110,"Draymond Green","1610612744","Golden State Warriors",2018,"0021700045","20171023",1.1,6.85,TRUE
203110,"Draymond Green","1610612744","Golden State Warriors",2018,"0021700045","20171023",-12,17.75,FALSE
203110,"Draymond Green","1610612744","Golden State Warriors",2018,"0021700045","20171023",-11.8,26.65,TRUE
203110,"Draymond Green","1610612744","Golden State Warriors",2018,"0021700063","20171025",-14.7,25.95,TRUE
203110,"Draymond Green","1610612744","Golden State Warriors",2018,"0021700063","20171025",-0.6,7.05,TRUE
203110,"Draymond Green","1610612744","Golden State Warriors",2018,"0021700063","20171025",2.5,12.75,FALSE
203110,"Draymond Green","1610612744","Golden State Warriors",2018,"0021700063","20171025",13.6,31.45,FALSE
203110,"Draymond Green","1610612744","Golden State Warriors",2018,"0021700063","20171025",0,4.65,TRUE
203110,"Draymond Green","1610612744","Golden State Warriors",2018,"0021700063","20171025",3,14.95,TRUE
203110,"Draymond Green","1610612744","Golden State Warriors",2018,"0021700063","20171025",-1.1,13.25,FALSE
203110,"Draymond Green","1610612744","Golden State Warriors",2018,"0021700075","20171027",-0.2,6.25,TRUE
203110,"Draymond Green","1610612744","Golden State Warriors",2018,"0021700075","20171027",0.7,32.65,FALSE
203110,"Draymond Green","1610612744","Golden State Warriors",2018,"0021700091","20171029",18.7,23.65,FALSE
203110,"Draymond Green","1610612744","Golden State Warriors",2018,"0021700091","20171029",8.5,30.35,FALSE
203110,"Draymond Green","1610612744","Golden State Warriors",2018,"0021700091","20171029",-0.2,13.25,TRUE
203110,"Draymond Green","1610612744","Golden State Warriors",2018,"0021700091","20171029",-0.2,31.25,FALSE
203110,"Draymond Green","1610612744","Golden State Warriors",2018,"0021700100","20171030",-15,12.75,FALSE
203110,"Draymond Green","1610612744","Golden State Warriors",2018,"0021700100","20171030",1.2,7.05,TRUE
203110,"Draymond Green","1610612744","Golden State Warriors",2018,"0021700100","20171030",1.2,6.95,TRUE
203110,"Draymond Green","1610612744","Golden State Warriors",2018,"0021700100","20171030",1.2,6.45,TRUE
203110,"Draymond Green","1610612744","Golden State Warriors",2018,"0021700100","20171030",1.6,7.85,TRUE
203110,"Draymond Green","1610612744","Golden State Warriors",2018,"0021700100","20171030",11.4,28.25,FALSE
203110,"Draymond Green","1610612744","Golden State Warriors",2018,"0021700100","20171030",10.5,31.55,TRUE
203110,"Draymond Green","1610612744","Golden State Warriors",2018,"0021700100","20171030",-1.4,10.75,FALSE
203110,"Draymond Green","1610612744","Golden State Warriors",2018,"0021700117","20171102",0.5,4.55,TRUE
203110,"Draymond Green","1610612744","Golden State Warriors",2018,"0021700117","20171102",0,4.65,TRUE
203110,"Draymond Green","1610612744","Golden State Warriors",2018,"0021700117","20171102",-0.1,7.15,TRUE
203110,"Draymond Green","1610612744","Golden State Warriors",2018,"0021700117","20171102",0.8,30.65,TRUE
203110,"Draymond Green","1610612744","Golden State Warriors",2018,"0021700117","20171102",1.1,30.55,FALSE
203110,"Draymond Green","1610612744","Golden State Warriors",2018,"0021700117","20171102",-0.3,6.35,TRUE
203110,"Draymond Green","1610612744","Golden State Warriors",2018,"0021700117","20171102",0,5.75,TRUE
203110,"Draymond Green","1610612744","Golden State Warriors",2018,"0021700117","20171102",-0.5,5.85,TRUE
203110,"Draymond Green","1610612744","Golden State Warriors",2018,"0021700135","20171104",7.6,29.45,TRUE
203110,"Draymond Green","1610612744","Golden State Warriors",2018,"0021700135","20171104",-2.7,5.75,TRUE
203110,"Draymond Green","1610612744","Golden State Warriors",2018,"0021700135","20171104",0,7.35,FALSE
203110,"Draymond Green","1610612744","Golden State Warriors",2018,"0021700135","20171104",12.9,28.15,FALSE
203110,"Draymond Green","1610612744","Golden State Warriors",2018,"0021700135","20171104",-17.2,24.75,TRUE
203110,"Draymond Green","1610612744","Golden State Warriors",2018,"0021700135","20171104",2.3,7.75,TRUE
203110,"Draymond Green","1610612744","Golden State Warriors",2018,"0021700135","20171104",13.6,27.55,TRUE
203110,"Draymond Green","1610612744","Golden State Warriors",2018,"0021700135","20171104",2.9,6.95,TRUE
203110,"Draymond Green","1610612744","Golden State Warriors",2018,"0021700148","20171106",-8.5,29.35,TRUE
203110,"Draymond Green","1610612744","Golden State Warriors",2018,"0021700148","20171106",-2.2,15.15,FALSE
203110,"Draymond Green","1610612744","Golden State Warriors",2018,"0021700148","20171106",-12,28.85,TRUE
203110,"Draymond Green","1610612744","Golden State Warriors",2018,"0021700148","20171106",1.6,32.05,FALSE
203110,"Draymond Green","1610612744","Golden State Warriors",2018,"0021700148","20171106",-1.1,5.35,FALSE
203110,"Draymond Green","1610612744","Golden State Warriors",2018,"0021700148","20171106",5.5,9.35,FALSE
203110,"Draymond Green","1610612744","Golden State Warriors",2018,"0021700148","20171106",0,4.65,TRUE
203110,"Draymond Green","1610612744","Golden State Warriors",2018,"0021700148","20171106",7.8,29.65,TRUE
203110,"Draymond Green","1610612744","Golden State Warriors",2018,"0021700148","20171106",1.9,29.55,TRUE
203110,"Draymond Green","1610612744","Golden State Warriors",2018,"0021700148","20171106",19.2,23.15,FALSE
203110,"Draymond Green","1610612744","Golden State Warriors",2018,"0021700163","20171108",0.1,7.85,TRUE
203110,"Draymond Green","1610612744","Golden State Warriors",2018,"0021700163","20171108",0.8,16.25,FALSE
203110,"Draymond Green","1610612744","Golden State Warriors",2018,"0021700163","20171108",0.1,30.85,FALSE
203110,"Draymond Green","1610612744","Golden State Warriors",2018,"0021700163","20171108",-14.1,15.75,TRUE
203110,"Draymond Green","1610612744","Golden State Warriors",2018,"0021700163","20171108",0.3,7.35,TRUE
203110,"Draymond Green","1610612744","Golden State Warriors",2018,"0021700163","20171108",9.2,28.85,FALSE
203110,"Draymond Green","1610612744","Golden State Warriors",2018,"0021700184","20171111",16.9,23.75,FALSE
203110,"Draymond Green","1610612744","Golden State Warriors",2018,"0021700184","20171111",17.6,22.45,TRUE
203110,"Draymond Green","1610612744","Golden State Warriors",2018,"0021700184","20171111",-1,6.35,FALSE
203110,"Draymond Green","1610612744","Golden State Warriors",2018,"0021700184","20171111",-14.6,26.25,FALSE
203110,"Draymond Green","1610612744","Golden State Warriors",2018,"0021700184","20171111",-0.6,6.45,TRUE
203110,"Draymond Green","1610612744","Golden State Warriors",2018,"0021700184","20171111",-0.4,20.45,FALSE
203110,"Draymond Green","1610612744","Golden State Warriors",2018,"0021700184","20171111",1.7,6.25,TRUE
203110,"Draymond Green","1610612744","Golden State Warriors",2018,"0021700199","20171113",-18,23.35,TRUE
203110,"Draymond Green","1610612744","Golden State Warriors",2018,"0021700199","20171113",13.6,27.55,FALSE
203110,"Draymond Green","1610612744","Golden State Warriors",2018,"0021700199","20171113",0,4.65,TRUE
203110,"Draymond Green","1610612744","Golden State Warriors",2018,"0021700199","20171113",0.6,10.95,TRUE
203110,"Draymond Green","1610612744","Golden State Warriors",2018,"0021700199","20171113",-0.7,6.75,FALSE
203110,"Draymond Green","1610612744","Golden State Warriors",2018,"0021700199","20171113",-6.3,5.05,TRUE
203110,"Draymond Green","1610612744","Golden State Warriors",2018,"0021700199","20171113",0.8,6.55,TRUE
203110,"Draymond Green","1610612744","Golden State Warriors",2018,"0021700199","20171113",-15.8,25.65,FALSE
203110,"Draymond Green","1610612744","Golden State Warriors",2018,"0021700199","20171113",0.8,31.95,TRUE
203110,"Draymond Green","1610612744","Golden State Warriors",2018,"0021700199","20171113",1,31.35,TRUE
203110,"Draymond Green","1610612744","Golden State Warriors",2018,"0021700199","20171113",-0.5,6.95,TRUE
203110,"Draymond Green","1610612744","Golden State Warriors",2018,"0021700215","20171116",0.9,8.85,FALSE
203110,"Draymond Green","1610612744","Golden State Warriors",2018,"0021700215","20171116",-1.1,6.25,TRUE
203110,"Draymond Green","1610612744","Golden State Warriors",2018,"0021700215","20171116",-4.7,31.85,FALSE
203110,"Draymond Green","1610612744","Golden State Warriors",2018,"0021700215","20171116",16,27.15,FALSE
203110,"Draymond Green","1610612744","Golden State Warriors",2018,"0021700215","20171116",0.1,4.25,FALSE
203110,"Draymond Green","1610612744","Golden State Warriors",2018,"0021700215","20171116",13.2,26.35,TRUE
203110,"Draymond Green","1610612744","Golden State Warriors",2018,"0021700215","20171116",3.2,6.55,FALSE
203110,"Draymond Green","1610612744","Golden State Warriors",2018,"0021700215","20171116",9.4,20.95,FALSE
203110,"Draymond Green","1610612744","Golden State Warriors",2018,"0021700215","20171116",0.3,5.15,TRUE
203110,"Draymond Green","1610612744","Golden State Warriors",2018,"0021700215","20171116",-4.7,13.55,FALSE
203110,"Draymond Green","1610612744","Golden State Warriors",2018,"0021700215","20171116",8.7,28.75,FALSE
203110,"Draymond Green","1610612744","Golden State Warriors",2018,"0021700231","20171118",-14.9,27.35,FALSE
203110,"Draymond Green","1610612744","Golden State Warriors",2018,"0021700231","20171118",2,6.05,TRUE
203110,"Draymond Green","1610612744","Golden State Warriors",2018,"0021700231","20171118",-4,5.75,TRUE
203110,"Draymond Green","1610612744","Golden State Warriors",2018,"0021700231","20171118",0.3,5.05,TRUE
203110,"Draymond Green","1610612744","Golden State Warriors",2018,"0021700231","20171118",-0.1,5.55,TRUE
203110,"Draymond Green","1610612744","Golden State Warriors",2018,"0021700231","20171118",-8.4,20.05,FALSE
203110,"Draymond Green","1610612744","Golden State Warriors",2018,"0021700236","20171119",-22.8,14.05,FALSE
203110,"Draymond Green","1610612744","Golden State Warriors",2018,"0021700236","20171119",-4.1,7.45,FALSE
203110,"Draymond Green","1610612744","Golden State Warriors",2018,"0021700236","20171119",6,29.75,FALSE
203110,"Draymond Green","1610612744","Golden State Warriors",2018,"0021700236","20171119",-14.7,24.55,FALSE
203110,"Draymond Green","1610612744","Golden State Warriors",2018,"0021700236","20171119",8.8,14.35,FALSE
203110,"Draymond Green","1610612744","Golden State Warriors",2018,"0021700236","20171119",17,24.25,TRUE
203110,"Draymond Green","1610612744","Golden State Warriors",2018,"0021700236","20171119",0,18.55,FALSE
203110,"Draymond Green","1610612744","Golden State Warriors",2018,"0021700236","20171119",-22.8,4.85,FALSE
203110,"Draymond Green","1610612744","Golden State Warriors",2018,"0021700263","20171122",-7,30.65,FALSE
203110,"Draymond Green","1610612744","Golden State Warriors",2018,"0021700263","20171122",-1.3,11.95,FALSE
203110,"Draymond Green","1610612744","Golden State Warriors",2018,"0021700263","20171122",15.8,32.45,FALSE
203110,"Draymond Green","1610612744","Golden State Warriors",2018,"0021700263","20171122",6.1,30.55,FALSE
203110,"Draymond Green","1610612744","Golden State Warriors",2018,"0021700263","20171122",1.9,14.45,FALSE
203110,"Draymond Green","1610612744","Golden State Warriors",2018,"0021700263","20171122",0.3,5.35,TRUE
203110,"Draymond Green","1610612744","Golden State Warriors",2018,"0021700284","20171125",0.7,6.95,TRUE
203110,"Draymond Green","1610612744","Golden State Warriors",2018,"0021700284","20171125",15.4,27.45,FALSE
203110,"Draymond Green","1610612744","Golden State Warriors",2018,"0021700284","20171125",3.8,30.25,FALSE
203110,"Draymond Green","1610612744","Golden State Warriors",2018,"0021700284","20171125",13.3,11.65,TRUE
203110,"Draymond Green","1610612744","Golden State Warriors",2018,"0021700296","20171127",11.5,28.05,TRUE
203110,"Draymond Green","1610612744","Golden State Warriors",2018,"0021700296","20171127",-16.7,25.65,TRUE
203110,"Draymond Green","1610612744","Golden State Warriors",2018,"0021700296","20171127",-5.2,31.25,FALSE
203110,"Draymond Green","1610612744","Golden State Warriors",2018,"0021700296","20171127",0.7,32.25,FALSE
203110,"Draymond Green","1610612744","Golden State Warriors",2018,"0021700296","20171127",-0.9,8.35,FALSE
203110,"Draymond Green","1610612744","Golden State Warriors",2018,"0021700296","20171127",1,14.15,FALSE
203110,"Draymond Green","1610612744","Golden State Warriors",2018,"0021700296","20171127",16.9,24.95,FALSE
203110,"Draymond Green","1610612744","Golden State Warriors",2018,"0021700296","20171127",0.2,31.95,TRUE
203110,"Draymond Green","1610612744","Golden State Warriors",2018,"0021700296","20171127",-2,6.65,FALSE
203110,"Draymond Green","1610612744","Golden State Warriors",2018,"0021700296","20171127",-18.3,22.85,TRUE
203110,"Draymond Green","1610612744","Golden State Warriors",2018,"0021700296","20171127",-1.2,6.25,FALSE
203110,"Draymond Green","1610612744","Golden State Warriors",2018,"0021700296","20171127",-13.1,29.85,FALSE
203110,"Draymond Green","1610612744","Golden State Warriors",2018,"0021700296","20171127",-11.7,34.95,FALSE
203110,"Draymond Green","1610612744","Golden State Warriors",2018,"0021700296","20171127",1.8,31.05,FALSE
203110,"Draymond Green","1610612744","Golden State Warriors",2018,"0021700296","20171127",18.7,22.65,FALSE
203110,"Draymond Green","1610612744","Golden State Warriors",2018,"0021700312","20171129",-1.8,7.45,TRUE
203110,"Draymond Green","1610612744","Golden State Warriors",2018,"0021700312","20171129",-1,6.35,TRUE
203110,"Draymond Green","1610612744","Golden State Warriors",2018,"0021700312","20171129",2.4,32.25,FALSE
203110,"Draymond Green","1610612744","Golden State Warriors",2018,"0021700312","20171129",-1.3,6.75,FALSE
203110,"Draymond Green","1610612744","Golden State Warriors",2018,"0021700312","20171129",13.5,26.65,FALSE
203110,"Draymond Green","1610612744","Golden State Warriors",2018,"0021700312","20171129",5.5,29.75,TRUE
203110,"Draymond Green","1610612744","Golden State Warriors",2018,"0021700312","20171129",-1.1,7.65,TRUE
203110,"Draymond Green","1610612744","Golden State Warriors",2018,"0021700312","20171129",-2.2,11.45,FALSE
203110,"Draymond Green","1610612744","Golden State Warriors",2018,"0021700312","20171129",0,4.65,TRUE
203110,"Draymond Green","1610612744","Golden State Warriors",2018,"0021700312","20171129",0,4.65,FALSE
203110,"Draymond Green","1610612744","Golden State Warriors",2018,"0021700318","20171201",10.6,14.05,FALSE
203110,"Draymond Green","1610612744","Golden State Warriors",2018,"0021700318","20171201",2.7,8.15,FALSE
203110,"Draymond Green","1610612744","Golden State Warriors",2018,"0021700318","20171201",-7.9,29.85,TRUE
203110,"Draymond Green","1610612744","Golden State Warriors",2018,"0021700318","20171201",8.4,29.35,TRUE
203110,"Draymond Green","1610612744","Golden State Warriors",2018,"0021700318","20171201",0,6.75,TRUE
203110,"Draymond Green","1610612744","Golden State Warriors",2018,"0021700318","20171201",0.5,31.35,FALSE
203110,"Draymond Green","1610612744","Golden State Warriors",2018,"0021700318","20171201",0,6.95,TRUE
203110,"Draymond Green","1610612744","Golden State Warriors",2018,"0021700318","20171201",0,6.75,TRUE
203110,"Draymond Green","1610612744","Golden State Warriors",2018,"0021700335","20171203",-0.4,31.55,FALSE
203110,"Draymond Green","1610612744","Golden State Warriors",2018,"0021700335","20171203",12.6,27.75,FALSE
203110,"Draymond Green","1610612744","Golden State Warriors",2018,"0021700335","20171203",-0.5,5.75,TRUE
203110,"Draymond Green","1610612744","Golden State Warriors",2018,"0021700335","20171203",18.1,7.55,FALSE
203110,"Draymond Green","1610612744","Golden State Warriors",2018,"0021700335","20171203",-0.3,5.65,TRUE
203110,"Draymond Green","1610612744","Golden State Warriors",2018,"0021700346","20171204",0.9,6.85,FALSE
203110,"Draymond Green","1610612744","Golden State Warriors",2018,"0021700346","20171204",-1.4,6.35,FALSE
203110,"Draymond Green","1610612744","Golden State Warriors",2018,"0021700346","20171204",0.3,5.55,TRUE
203110,"Draymond Green","1610612744","Golden State Warriors",2018,"0021700346","20171204",-1.2,6.05,TRUE
203110,"Draymond Green","1610612744","Golden State Warriors",2018,"0021700346","20171204",14.1,26.25,FALSE
203110,"Draymond Green","1610612744","Golden State Warriors",2018,"0021700346","20171204",-1.6,4.25,TRUE
203110,"Draymond Green","1610612744","Golden State Warriors",2018,"0021700346","20171204",-1.8,5.55,FALSE
203110,"Draymond Green","1610612744","Golden State Warriors",2018,"0021700346","20171204",17.9,23.55,TRUE
203110,"Draymond Green","1610612744","Golden State Warriors",2018,"0021700346","20171204",19.6,24.85,FALSE
203110,"Draymond Green","1610612744","Golden State Warriors",2018,"0021700346","20171204",1.1,32.15,TRUE
203110,"Draymond Green","1610612744","Golden State Warriors",2018,"0021700346","20171204",-0.3,5.95,FALSE
203110,"Draymond Green","1610612744","Golden State Warriors",2018,"0021700346","20171204",-10.3,29.05,TRUE
203110,"Draymond Green","1610612744","Golden State Warriors",2018,"0021700368","20171208",-1.3,6.55,TRUE
203110,"Draymond Green","1610612744","Golden State Warriors",2018,"0021700368","20171208",-17.7,25.05,FALSE
203110,"Draymond Green","1610612744","Golden State Warriors",2018,"0021700368","20171208",6.7,30.05,FALSE
203110,"Draymond Green","1610612744","Golden State Warriors",2018,"0021700368","20171208",23,12.55,FALSE
203110,"Draymond Green","1610612744","Golden State Warriors",2018,"0021700368","20171208",10.1,32.05,FALSE
203110,"Draymond Green","1610612744","Golden State Warriors",2018,"0021700368","20171208",8.9,35.35,FALSE
203110,"Draymond Green","1610612744","Golden State Warriors",2018,"0021700479","20171222",7.8,30.85,TRUE
203110,"Draymond Green","1610612744","Golden State Warriors",2018,"0021700479","20171222",0.7,6.95,FALSE
203110,"Draymond Green","1610612744","Golden State Warriors",2018,"0021700479","20171222",-1.3,32.65,FALSE
203110,"Draymond Green","1610612744","Golden State Warriors",2018,"0021700479","20171222",1.6,11.75,TRUE
203110,"Draymond Green","1610612744","Golden State Warriors",2018,"0021700479","20171222",-0.1,9.35,TRUE
203110,"Draymond Green","1610612744","Golden State Warriors",2018,"0021700479","20171222",1,5.15,TRUE
203110,"Draymond Green","1610612744","Golden State Warriors",2018,"0021700479","20171222",15.2,25.75,FALSE
203110,"Draymond Green","1610612744","Golden State Warriors",2018,"0021700479","20171222",-0.2,10.85,FALSE
203110,"Draymond Green","1610612744","Golden State Warriors",2018,"0021700479","20171222",0,4.65,FALSE
203110,"Draymond Green","1610612744","Golden State Warriors",2018,"0021700489","20171223",-9.7,29.35,TRUE
203110,"Draymond Green","1610612744","Golden State Warriors",2018,"0021700489","20171223",-22.3,10.75,FALSE
203110,"Draymond Green","1610612744","Golden State Warriors",2018,"0021700489","20171223",23.2,8.45,FALSE
203110,"Draymond Green","1610612744","Golden State Warriors",2018,"0021700489","20171223",-8.5,25.45,FALSE
203110,"Draymond Green","1610612744","Golden State Warriors",2018,"0021700489","20171223",0,4.65,FALSE
203110,"Draymond Green","1610612744","Golden State Warriors",2018,"0021700489","20171223",1.4,5.55,TRUE
203110,"Draymond Green","1610612744","Golden State Warriors",2018,"0021700489","20171223",-0.2,30.55,FALSE
203110,"Draymond Green","1610612744","Golden State Warriors",2018,"0021700489","20171223",-0.5,6.25,TRUE
203110,"Draymond Green","1610612744","Golden State Warriors",2018,"0021700489","20171223",0,4.65,TRUE
203110,"Draymond Green","1610612744","Golden State Warriors",2018,"0021700489","20171223",-2,6.15,FALSE
203110,"Draymond Green","1610612744","Golden State Warriors",2018,"0021700494","20171225",9.8,8.85,TRUE
203110,"Draymond Green","1610612744","Golden State Warriors",2018,"0021700494","20171225",1.2,14.35,TRUE
203110,"Draymond Green","1610612744","Golden State Warriors",2018,"0021700494","20171225",8.5,29.95,FALSE
203110,"Draymond Green","1610612744","Golden State Warriors",2018,"0021700494","20171225",15.5,26.15,FALSE
203110,"Draymond Green","1610612744","Golden State Warriors",2018,"0021700494","20171225",11.7,27.95,FALSE
203110,"Draymond Green","1610612744","Golden State Warriors",2018,"0021700494","20171225",-23,5.15,FALSE
203110,"Draymond Green","1610612744","Golden State Warriors",2018,"0021700494","20171225",0.2,30.85,TRUE
203110,"Draymond Green","1610612744","Golden State Warriors",2018,"0021700494","20171225",8.6,29.75,TRUE
203110,"Draymond Green","1610612744","Golden State Warriors",2018,"0021700494","20171225",7,30.35,FALSE
203110,"Draymond Green","1610612744","Golden State Warriors",2018,"0021700494","20171225",0,7.25,TRUE
203110,"Draymond Green","1610612744","Golden State Warriors",2018,"0021700494","20171225",22.1,10.05,FALSE
203110,"Draymond Green","1610612744","Golden State Warriors",2018,"0021700514","20171227",4.8,18.25,TRUE
203110,"Draymond Green","1610612744","Golden State Warriors",2018,"0021700514","20171227",-15,27.65,TRUE
203110,"Draymond Green","1610612744","Golden State Warriors",2018,"0021700514","20171227",10.1,28.75,FALSE
203110,"Draymond Green","1610612744","Golden State Warriors",2018,"0021700514","20171227",9.8,27.75,FALSE
203110,"Draymond Green","1610612744","Golden State Warriors",2018,"0021700514","20171227",2.4,6.15,TRUE
203110,"Draymond Green","1610612744","Golden State Warriors",2018,"0021700514","20171227",-5.7,12.05,FALSE
203110,"Draymond Green","1610612744","Golden State Warriors",2018,"0021700514","20171227",6.9,29.15,TRUE
203110,"Draymond Green","1610612744","Golden State Warriors",2018,"0021700514","20171227",6.5,17.55,TRUE
203110,"Draymond Green","1610612744","Golden State Warriors",2018,"0021700514","20171227",10.6,29.05,FALSE
203110,"Draymond Green","1610612744","Golden State Warriors",2018,"0021700514","20171227",0.6,6.85,TRUE
203110,"Draymond Green","1610612744","Golden State Warriors",2018,"0021700528","20171229",-18.2,23.15,FALSE
203110,"Draymond Green","1610612744","Golden State Warriors",2018,"0021700528","20171229",0.3,6.35,TRUE
203110,"Draymond Green","1610612744","Golden State Warriors",2018,"0021700528","20171229",11.7,8.65,FALSE
203110,"Draymond Green","1610612744","Golden State Warriors",2018,"0021700528","20171229",0.3,31.95,FALSE
203110,"Draymond Green","1610612744","Golden State Warriors",2018,"0021700528","20171229",10,11.85,FALSE
203110,"Draymond Green","1610612744","Golden State Warriors",2018,"0021700528","20171229",0,4.65,FALSE
203110,"Draymond Green","1610612744","Golden State Warriors",2018,"0021700528","20171229",-1.2,6.15,FALSE
203110,"Draymond Green","1610612744","Golden State Warriors",2018,"0021700528","20171229",-0.9,7.05,FALSE
203110,"Draymond Green","1610612744","Golden State Warriors",2018,"0021700528","20171229",0,4.65,TRUE
203110,"Draymond Green","1610612744","Golden State Warriors",2018,"0021700528","20171229",-0.2,7.15,TRUE
203110,"Draymond Green","1610612744","Golden State Warriors",2018,"0021700528","20171229",-1.4,15.15,TRUE
203110,"Draymond Green","1610612744","Golden State Warriors",2018,"0021700535","20171230",7.2,25.85,FALSE
203110,"Draymond Green","1610612744","Golden State Warriors",2018,"0021700535","20171230",17.1,25.25,TRUE
203110,"Draymond Green","1610612744","Golden State Warriors",2018,"0021700562","20180103",-20.4,19.85,FALSE
203110,"Draymond Green","1610612744","Golden State Warriors",2018,"0021700562","20180103",6.3,29.15,TRUE
203110,"Draymond Green","1610612744","Golden State Warriors",2018,"0021700562","20180103",10.7,29.25,FALSE
203110,"Draymond Green","1610612744","Golden State Warriors",2018,"0021700562","20180103",-5.7,29.15,TRUE
203110,"Draymond Green","1610612744","Golden State Warriors",2018,"0021700562","20180103",1.4,6.05,TRUE
203110,"Draymond Green","1610612744","Golden State Warriors",2018,"0021700562","20180103",1.7,5.85,TRUE
203110,"Draymond Green","1610612744","Golden State Warriors",2018,"0021700562","20180103",1.1,6.75,TRUE
203110,"Draymond Green","1610612744","Golden State Warriors",2018,"0021700562","20180103",7.7,25.75,FALSE
203110,"Draymond Green","1610612744","Golden State Warriors",2018,"0021700562","20180103",-1.1,5.95,TRUE
203110,"Draymond Green","1610612744","Golden State Warriors",2018,"0021700562","20180103",3.5,30.85,TRUE
203110,"Draymond Green","1610612744","Golden State Warriors",2018,"0021700562","20180103",-5.3,5.75,FALSE
203110,"Draymond Green","1610612744","Golden State Warriors",2018,"0021700566","20180104",10.9,28.45,FALSE
203110,"Draymond Green","1610612744","Golden State Warriors",2018,"0021700566","20180104",0,6.65,TRUE
203110,"Draymond Green","1610612744","Golden State Warriors",2018,"0021700566","20180104",0.3,6.05,FALSE
203110,"Draymond Green","1610612744","Golden State Warriors",2018,"0021700566","20180104",-14.5,26.65,FALSE
203110,"Draymond Green","1610612744","Golden State Warriors",2018,"0021700566","20180104",-23.1,7.15,FALSE
203110,"Draymond Green","1610612744","Golden State Warriors",2018,"0021700566","20180104",0.5,6.75,TRUE
203110,"Draymond Green","1610612744","Golden State Warriors",2018,"0021700566","20180104",1.3,6.25,TRUE
203110,"Draymond Green","1610612744","Golden State Warriors",2018,"0021700566","20180104",-1.5,6.75,TRUE
203110,"Draymond Green","1610612744","Golden State Warriors",2018,"0021700566","20180104",4.7,26.45,TRUE
203110,"Draymond Green","1610612744","Golden State Warriors",2018,"0021700578","20180106",-0.5,5.25,TRUE
203110,"Draymond Green","1610612744","Golden State Warriors",2018,"0021700578","20180106",9.6,29.35,TRUE
203110,"Draymond Green","1610612744","Golden State Warriors",2018,"0021700578","20180106",-3.8,16.85,FALSE
203110,"Draymond Green","1610612744","Golden State Warriors",2018,"0021700578","20180106",0,7.45,FALSE
203110,"Draymond Green","1610612744","Golden State Warriors",2018,"0021700578","20180106",0,4.65,FALSE
203110,"Draymond Green","1610612744","Golden State Warriors",2018,"0021700578","20180106",0.2,6.35,FALSE
203110,"Draymond Green","1610612744","Golden State Warriors",2018,"0021700578","20180106",0,4.65,FALSE
203110,"Draymond Green","1610612744","Golden State Warriors",2018,"0021700578","20180106",23.5,10.05,FALSE
203110,"Draymond Green","1610612744","Golden State Warriors",2018,"0021700578","20180106",2.9,5.65,TRUE
203110,"Draymond Green","1610612744","Golden State Warriors",2018,"0021700578","20180106",0,4.65,FALSE
203110,"Draymond Green","1610612744","Golden State Warriors",2018,"0021700578","20180106",0.2,7.15,TRUE
203110,"Draymond Green","1610612744","Golden State Warriors",2018,"0021700597","20180108",1.9,32.45,TRUE
203110,"Draymond Green","1610612744","Golden State Warriors",2018,"0021700597","20180108",1.7,15.85,TRUE
203110,"Draymond Green","1610612744","Golden State Warriors",2018,"0021700597","20180108",-0.8,7.35,TRUE
203110,"Draymond Green","1610612744","Golden State Warriors",2018,"0021700597","20180108",12.5,30.15,FALSE
203110,"Draymond Green","1610612744","Golden State Warriors",2018,"0021700597","20180108",-17.9,22.55,FALSE
203110,"Draymond Green","1610612744","Golden State Warriors",2018,"0021700597","20180108",11.9,23.75,TRUE
203110,"Draymond Green","1610612744","Golden State Warriors",2018,"0021700597","20180108",-14.4,29.05,TRUE
203110,"Draymond Green","1610612744","Golden State Warriors",2018,"0021700597","20180108",3.6,29.75,FALSE
203110,"Draymond Green","1610612744","Golden State Warriors",2018,"0021700597","20180108",0.4,16.65,TRUE
203110,"Draymond Green","1610612744","Golden State Warriors",2018,"0021700597","20180108",-11,18.45,TRUE
203110,"Draymond Green","1610612744","Golden State Warriors",2018,"0021700597","20180108",-16.5,25.75,FALSE
203110,"Draymond Green","1610612744","Golden State Warriors",2018,"0021700597","20180108",-1.1,6.75,TRUE
203110,"Draymond Green","1610612744","Golden State Warriors",2018,"0021700613","20180110",-0.3,33.25,FALSE
203110,"Draymond Green","1610612744","Golden State Warriors",2018,"0021700613","20180110",11.7,20.55,FALSE
203110,"Draymond Green","1610612744","Golden State Warriors",2018,"0021700613","20180110",0.5,32.15,FALSE
203110,"Draymond Green","1610612744","Golden State Warriors",2018,"0021700613","20180110",12.6,29.15,FALSE
203110,"Draymond Green","1610612744","Golden State Warriors",2018,"0021700613","20180110",12,28.15,FALSE
203110,"Draymond Green","1610612744","Golden State Warriors",2018,"0021700613","20180110",-14.2,9.05,TRUE
203110,"Draymond Green","1610612744","Golden State Warriors",2018,"0021700613","20180110",-3.9,33.05,FALSE
203110,"Draymond Green","1610612744","Golden State Warriors",2018,"0021700613","20180110",1.1,16.15,FALSE
203110,"Draymond Green","1610612744","Golden State Warriors",2018,"0021700613","20180110",0.3,30.55,FALSE
203110,"Draymond Green","1610612744","Golden State Warriors",2018,"0021700622","20180112",-14.7,29.95,FALSE
203110,"Draymond Green","1610612744","Golden State Warriors",2018,"0021700622","20180112",13.5,13.75,FALSE
203110,"Draymond Green","1610612744","Golden State Warriors",2018,"0021700622","20180112",-0.2,8.45,FALSE
203110,"Draymond Green","1610612744","Golden State Warriors",2018,"0021700622","20180112",0.8,6.25,TRUE
203110,"Draymond Green","1610612744","Golden State Warriors",2018,"0021700622","20180112",-0.9,15.05,FALSE
203110,"Draymond Green","1610612744","Golden State Warriors",2018,"0021700622","20180112",14.1,27.85,FALSE
203110,"Draymond Green","1610612744","Golden State Warriors",2018,"0021700622","20180112",0.2,6.25,TRUE
203110,"Draymond Green","1610612744","Golden State Warriors",2018,"0021700622","20180112",0.6,6.85,TRUE
203110,"Draymond Green","1610612744","Golden State Warriors",2018,"0021700622","20180112",0,17.35,FALSE
203110,"Draymond Green","1610612744","Golden State Warriors",2018,"0021700622","20180112",0.3,5.95,TRUE
203110,"Draymond Green","1610612744","Golden State Warriors",2018,"0021700622","20180112",12.1,8.35,FALSE
203110,"Draymond Green","1610612744","Golden State Warriors",2018,"0021700622","20180112",-0.2,10.95,TRUE
203110,"Draymond Green","1610612744","Golden State Warriors",2018,"0021700622","20180112",-0.3,5.85,TRUE
203110,"Draymond Green","1610612744","Golden State Warriors",2018,"0021700622","20180112",-11.9,4.95,FALSE
203110,"Draymond Green","1610612744","Golden State Warriors",2018,"0021700622","20180112",19.1,25.95,FALSE
203110,"Draymond Green","1610612744","Golden State Warriors",2018,"0021700622","20180112",0.2,6.05,TRUE
203110,"Draymond Green","1610612744","Golden State Warriors",2018,"0021700622","20180112",21.3,23.05,TRUE
203110,"Draymond Green","1610612744","Golden State Warriors",2018,"0021700631","20180113",-9.6,28.75,TRUE
203110,"Draymond Green","1610612744","Golden State Warriors",2018,"0021700631","20180113",-9.3,6.15,TRUE
203110,"Draymond Green","1610612744","Golden State Warriors",2018,"0021700631","20180113",2.2,30.55,TRUE
203110,"Draymond Green","1610612744","Golden State Warriors",2018,"0021700631","20180113",0.4,6.25,TRUE
203110,"Draymond Green","1610612744","Golden State Warriors",2018,"0021700631","20180113",12,27.15,FALSE
203110,"Draymond Green","1610612744","Golden State Warriors",2018,"0021700631","20180113",16.8,23.85,FALSE
203110,"Draymond Green","1610612744","Golden State Warriors",2018,"0021700631","20180113",-4.1,7.05,TRUE
203110,"Draymond Green","1610612744","Golden State Warriors",2018,"0021700631","20180113",-20.9,18.35,FALSE
203110,"Draymond Green","1610612744","Golden State Warriors",2018,"0021700631","20180113",-16.1,24.25,FALSE
203110,"Draymond Green","1610612744","Golden State Warriors",2018,"0021700631","20180113",8.9,7.75,FALSE
203110,"Draymond Green","1610612744","Golden State Warriors",2018,"0021700646","20180115",12,28.15,FALSE
203110,"Draymond Green","1610612744","Golden State Warriors",2018,"0021700646","20180115",-0.5,7.65,TRUE
203110,"Draymond Green","1610612744","Golden State Warriors",2018,"0021700646","20180115",-0.7,7.95,FALSE
203110,"Draymond Green","1610612744","Golden State Warriors",2018,"0021700646","20180115",4.3,6.55,FALSE
203110,"Draymond Green","1610612744","Golden State Warriors",2018,"0021700646","20180115",-9.5,29.55,FALSE
203110,"Draymond Green","1610612744","Golden State Warriors",2018,"0021700646","20180115",-8.2,40.35,FALSE
203110,"Draymond Green","1610612744","Golden State Warriors",2018,"0021700646","20180115",9.8,17.45,FALSE
203110,"Draymond Green","1610612744","Golden State Warriors",2018,"0021700646","20180115",-7.1,29.85,FALSE
203110,"Draymond Green","1610612744","Golden State Warriors",2018,"0021700646","20180115",-0.8,6.45,TRUE
203110,"Draymond Green","1610612744","Golden State Warriors",2018,"0021700646","20180115",0.9,5.85,TRUE
203110,"Draymond Green","1610612744","Golden State Warriors",2018,"0021700646","20180115",23.1,6.95,FALSE
203110,"Draymond Green","1610612744","Golden State Warriors",2018,"0021700646","20180115",0.9,5.85,TRUE
203110,"Draymond Green","1610612744","Golden State Warriors",2018,"0021700646","20180115",0.7,6.35,TRUE
203110,"Draymond Green","1610612744","Golden State Warriors",2018,"0021700646","20180115",-0.8,7.55,FALSE
203110,"Draymond Green","1610612744","Golden State Warriors",2018,"0021700679","20180120",0.2,6.25,TRUE
203110,"Draymond Green","1610612744","Golden State Warriors",2018,"0021700679","20180120",-0.2,6.05,TRUE
203110,"Draymond Green","1610612744","Golden State Warriors",2018,"0021700679","20180120",1.6,32.55,FALSE
203110,"Draymond Green","1610612744","Golden State Warriors",2018,"0021700679","20180120",-0.6,6.25,TRUE
203110,"Draymond Green","1610612744","Golden State Warriors",2018,"0021700679","20180120",0.8,7.35,TRUE
203110,"Draymond Green","1610612744","Golden State Warriors",2018,"0021700679","20180120",6.5,31.65,TRUE
203110,"Draymond Green","1610612744","Golden State Warriors",2018,"0021700679","20180120",14.3,26.45,TRUE
203110,"Draymond Green","1610612744","Golden State Warriors",2018,"0021700679","20180120",1.2,7.65,FALSE
203110,"Draymond Green","1610612744","Golden State Warriors",2018,"0021700679","20180120",0.8,7.25,TRUE
203110,"Draymond Green","1610612744","Golden State Warriors",2018,"0021700699","20180123",-0.6,31.25,FALSE
203110,"Draymond Green","1610612744","Golden State Warriors",2018,"0021700699","20180123",11.4,18.95,TRUE
203110,"Draymond Green","1610612744","Golden State Warriors",2018,"0021700699","20180123",-2,6.55,TRUE
203110,"Draymond Green","1610612744","Golden State Warriors",2018,"0021700699","20180123",11.9,10.35,FALSE
203110,"Draymond Green","1610612744","Golden State Warriors",2018,"0021700699","20180123",10,12.15,TRUE
203110,"Draymond Green","1610612744","Golden State Warriors",2018,"0021700699","20180123",13.3,8.95,FALSE
203110,"Draymond Green","1610612744","Golden State Warriors",2018,"0021700699","20180123",16.6,26.15,TRUE
203110,"Draymond Green","1610612744","Golden State Warriors",2018,"0021700699","20180123",-0.7,6.95,FALSE
203110,"Draymond Green","1610612744","Golden State Warriors",2018,"0021700699","20180123",-15.4,26.25,TRUE
203110,"Draymond Green","1610612744","Golden State Warriors",2018,"0021700713","20180125",-0.3,16.45,TRUE
203110,"Draymond Green","1610612744","Golden State Warriors",2018,"0021700713","20180125",-9.3,9.75,TRUE
203110,"Draymond Green","1610612744","Golden State Warriors",2018,"0021700713","20180125",14.4,27.35,FALSE
203110,"Draymond Green","1610612744","Golden State Warriors",2018,"0021700713","20180125",-13.8,30.55,FALSE
203110,"Draymond Green","1610612744","Golden State Warriors",2018,"0021700713","20180125",0.6,33.75,FALSE
203110,"Draymond Green","1610612744","Golden State Warriors",2018,"0021700713","20180125",-0.3,7.15,TRUE
203110,"Draymond Green","1610612744","Golden State Warriors",2018,"0021700713","20180125",-15.7,33.35,FALSE
203110,"Draymond Green","1610612744","Golden State Warriors",2018,"0021700728","20180127",-0.6,6.35,FALSE
203110,"Draymond Green","1610612744","Golden State Warriors",2018,"0021700728","20180127",-0.1,30.75,TRUE
203110,"Draymond Green","1610612744","Golden State Warriors",2018,"0021700728","20180127",1,30.85,FALSE
203110,"Draymond Green","1610612744","Golden State Warriors",2018,"0021700728","20180127",1.4,11.05,TRUE
203110,"Draymond Green","1610612744","Golden State Warriors",2018,"0021700728","20180127",4.1,16.15,FALSE
203110,"Draymond Green","1610612744","Golden State Warriors",2018,"0021700728","20180127",16.9,24.55,FALSE
203110,"Draymond Green","1610612744","Golden State Warriors",2018,"0021700728","20180127",-0.7,15.65,FALSE
203110,"Draymond Green","1610612744","Golden State Warriors",2018,"0021700728","20180127",-0.2,10.75,TRUE
203110,"Draymond Green","1610612744","Golden State Warriors",2018,"0021700728","20180127",1.2,31.55,FALSE
203110,"Draymond Green","1610612744","Golden State Warriors",2018,"0021700728","20180127",0,4.65,FALSE
203110,"Draymond Green","1610612744","Golden State Warriors",2018,"0021700728","20180127",-1.4,7.15,TRUE
203110,"Draymond Green","1610612744","Golden State Warriors",2018,"0021700751","20180130",4.1,17.85,FALSE
203110,"Draymond Green","1610612744","Golden State Warriors",2018,"0021700751","20180130",1.6,6.75,FALSE
203110,"Draymond Green","1610612744","Golden State Warriors",2018,"0021700751","20180130",0,4.65,FALSE
203110,"Draymond Green","1610612744","Golden State Warriors",2018,"0021700751","20180130",1.6,5.85,TRUE
203110,"Draymond Green","1610612744","Golden State Warriors",2018,"0021700751","20180130",2.4,5.25,TRUE
203110,"Draymond Green","1610612744","Golden State Warriors",2018,"0021700751","20180130",-15.3,25.55,FALSE
203110,"Draymond Green","1610612744","Golden State Warriors",2018,"0021700751","20180130",6.5,12.15,FALSE
203110,"Draymond Green","1610612744","Golden State Warriors",2018,"0021700751","20180130",1.1,8.25,FALSE
203110,"Draymond Green","1610612744","Golden State Warriors",2018,"0021700751","20180130",15.4,24.85,TRUE
203110,"Draymond Green","1610612744","Golden State Warriors",2018,"0021700751","20180130",5.1,6.35,FALSE
203110,"Draymond Green","1610612744","Golden State Warriors",2018,"0021700751","20180130",13.6,30.55,FALSE
203110,"Draymond Green","1610612744","Golden State Warriors",2018,"0021700774","20180202",-13.5,9.05,TRUE
203110,"Draymond Green","1610612744","Golden State Warriors",2018,"0021700774","20180202",0.8,16.95,FALSE
203110,"Draymond Green","1610612744","Golden State Warriors",2018,"0021700774","20180202",-1.1,6.95,FALSE
203110,"Draymond Green","1610612744","Golden State Warriors",2018,"0021700774","20180202",0.1,18.45,FALSE
203110,"Draymond Green","1610612744","Golden State Warriors",2018,"0021700774","20180202",-0.8,30.35,FALSE
203110,"Draymond Green","1610612744","Golden State Warriors",2018,"0021700774","20180202",2.6,15.55,FALSE
203110,"Draymond Green","1610612744","Golden State Warriors",2018,"0021700774","20180202",1.4,5.85,TRUE
203110,"Draymond Green","1610612744","Golden State Warriors",2018,"0021700774","20180202",-1.1,6.95,TRUE
203110,"Draymond Green","1610612744","Golden State Warriors",2018,"0021700774","20180202",-0.7,6.85,TRUE
203110,"Draymond Green","1610612744","Golden State Warriors",2018,"0021700782","20180203",16.8,22.55,FALSE
203110,"Draymond Green","1610612744","Golden State Warriors",2018,"0021700782","20180203",3.5,12.15,FALSE
203110,"Draymond Green","1610612744","Golden State Warriors",2018,"0021700782","20180203",3.6,29.75,FALSE
203110,"Draymond Green","1610612744","Golden State Warriors",2018,"0021700782","20180203",-4.3,10.25,TRUE
203110,"Draymond Green","1610612744","Golden State Warriors",2018,"0021700782","20180203",-3.5,12.75,FALSE
203110,"Draymond Green","1610612744","Golden State Warriors",2018,"0021700782","20180203",1.4,6.45,TRUE
203110,"Draymond Green","1610612744","Golden State Warriors",2018,"0021700782","20180203",2.4,6.85,TRUE
203110,"Draymond Green","1610612744","Golden State Warriors",2018,"0021700782","20180203",-13.4,17.25,FALSE
203110,"Draymond Green","1610612744","Golden State Warriors",2018,"0021700782","20180203",-0.3,8.35,FALSE
203110,"Draymond Green","1610612744","Golden State Warriors",2018,"0021700782","20180203",14.9,25.25,FALSE
203110,"Draymond Green","1610612744","Golden State Warriors",2018,"0021700782","20180203",15.5,24.75,FALSE
203110,"Draymond Green","1610612744","Golden State Warriors",2018,"0021700782","20180203",-0.8,7.55,TRUE
203110,"Draymond Green","1610612744","Golden State Warriors",2018,"0021700803","20180206",-0.3,5.95,TRUE
203110,"Draymond Green","1610612744","Golden State Warriors",2018,"0021700803","20180206",-9.7,21.75,FALSE
203110,"Draymond Green","1610612744","Golden State Warriors",2018,"0021700803","20180206",-1.3,6.75,TRUE
203110,"Draymond Green","1610612744","Golden State Warriors",2018,"0021700803","20180206",-2.3,6.95,FALSE
203110,"Draymond Green","1610612744","Golden State Warriors",2018,"0021700815","20180208",-1,6.35,FALSE
203110,"Draymond Green","1610612744","Golden State Warriors",2018,"0021700815","20180208",-3.7,14.25,FALSE
203110,"Draymond Green","1610612744","Golden State Warriors",2018,"0021700815","20180208",0.9,9.95,FALSE
203110,"Draymond Green","1610612744","Golden State Warriors",2018,"0021700815","20180208",1.7,6.75,FALSE
203110,"Draymond Green","1610612744","Golden State Warriors",2018,"0021700815","20180208",-1.4,6.25,TRUE
203110,"Draymond Green","1610612744","Golden State Warriors",2018,"0021700815","20180208",0.2,7.05,TRUE
203110,"Draymond Green","1610612744","Golden State Warriors",2018,"0021700815","20180208",-10.7,28.55,FALSE
203110,"Draymond Green","1610612744","Golden State Warriors",2018,"0021700815","20180208",11.4,27.65,TRUE
203110,"Draymond Green","1610612744","Golden State Warriors",2018,"0021700815","20180208",1.6,12.15,FALSE
203110,"Draymond Green","1610612744","Golden State Warriors",2018,"0021700815","20180208",0.6,9.95,FALSE
203110,"Draymond Green","1610612744","Golden State Warriors",2018,"0021700815","20180208",1.9,6.75,FALSE
203110,"Draymond Green","1610612744","Golden State Warriors",2018,"0021700815","20180208",0,4.65,FALSE
203110,"Draymond Green","1610612744","Golden State Warriors",2018,"0021700815","20180208",16.6,26.05,FALSE
203110,"Draymond Green","1610612744","Golden State Warriors",2018,"0021700815","20180208",1.9,6.05,FALSE
203110,"Draymond Green","1610612744","Golden State Warriors",2018,"0021700815","20180208",0,4.65,FALSE
203110,"Draymond Green","1610612744","Golden State Warriors",2018,"0021700815","20180208",0.4,7.85,FALSE
203110,"Draymond Green","1610612744","Golden State Warriors",2018,"0021700815","20180208",-1.2,6.05,TRUE
203110,"Draymond Green","1610612744","Golden State Warriors",2018,"0021700831","20180210",0.5,6.05,FALSE
203110,"Draymond Green","1610612744","Golden State Warriors",2018,"0021700831","20180210",-23.2,9.95,FALSE
203110,"Draymond Green","1610612744","Golden State Warriors",2018,"0021700831","20180210",0.9,6.15,TRUE
203110,"Draymond Green","1610612744","Golden State Warriors",2018,"0021700831","20180210",0.2,6.95,FALSE
203110,"Draymond Green","1610612744","Golden State Warriors",2018,"0021700831","20180210",1.1,6.55,TRUE
203110,"Draymond Green","1610612744","Golden State Warriors",2018,"0021700831","20180210",0.9,6.05,FALSE
203110,"Draymond Green","1610612744","Golden State Warriors",2018,"0021700831","20180210",0.8,6.85,TRUE
203110,"Draymond Green","1610612744","Golden State Warriors",2018,"0021700831","20180210",-0.7,5.85,TRUE
203110,"Draymond Green","1610612744","Golden State Warriors",2018,"0021700831","20180210",-3.5,30.85,TRUE
203110,"Draymond Green","1610612744","Golden State Warriors",2018,"0021700831","20180210",-15.6,25.85,FALSE
203110,"Draymond Green","1610612744","Golden State Warriors",2018,"0021700831","20180210",-5.3,30.55,FALSE
203110,"Draymond Green","1610612744","Golden State Warriors",2018,"0021700831","20180210",0.3,5.65,TRUE
203110,"Draymond Green","1610612744","Golden State Warriors",2018,"0021700831","20180210",0,4.65,TRUE
203110,"Draymond Green","1610612744","Golden State Warriors",2018,"0021700831","20180210",-13.1,6.05,FALSE
203110,"Draymond Green","1610612744","Golden State Warriors",2018,"0021700831","20180210",13.8,26.15,FALSE
203110,"Draymond Green","1610612744","Golden State Warriors",2018,"0021700831","20180210",1.9,16.25,TRUE
203110,"Draymond Green","1610612744","Golden State Warriors",2018,"0021700864","20180214",-0.9,8.25,FALSE
203110,"Draymond Green","1610612744","Golden State Warriors",2018,"0021700864","20180214",0,4.65,TRUE
203110,"Draymond Green","1610612744","Golden State Warriors",2018,"0021700864","20180214",0,4.65,FALSE
203110,"Draymond Green","1610612744","Golden State Warriors",2018,"0021700864","20180214",19,21.45,FALSE
203110,"Draymond Green","1610612744","Golden State Warriors",2018,"0021700864","20180214",-0.8,7.15,TRUE
203110,"Draymond Green","1610612744","Golden State Warriors",2018,"0021700864","20180214",-1,5.75,TRUE
203110,"Draymond Green","1610612744","Golden State Warriors",2018,"0021700864","20180214",-2.4,6.55,FALSE
203110,"Draymond Green","1610612744","Golden State Warriors",2018,"0021700864","20180214",0.2,5.75,TRUE
203110,"Draymond Green","1610612744","Golden State Warriors",2018,"0021700864","20180214",-19.5,20.45,TRUE
203110,"Draymond Green","1610612744","Golden State Warriors",2018,"0021700864","20180214",-1,7.25,FALSE
203110,"Draymond Green","1610612744","Golden State Warriors",2018,"0021700864","20180214",-5.9,15.95,FALSE
203110,"Draymond Green","1610612744","Golden State Warriors",2018,"0021700864","20180214",-20.5,18.65,FALSE
203110,"Draymond Green","1610612744","Golden State Warriors",2018,"0021700864","20180214",0.5,5.65,TRUE
203110,"Draymond Green","1610612744","Golden State Warriors",2018,"0021700872","20180222",12.7,28.45,TRUE
203110,"Draymond Green","1610612744","Golden State Warriors",2018,"0021700872","20180222",-1.3,7.05,TRUE
203110,"Draymond Green","1610612744","Golden State Warriors",2018,"0021700872","20180222",-0.5,6.95,TRUE
203110,"Draymond Green","1610612744","Golden State Warriors",2018,"0021700872","20180222",1.6,5.75,TRUE
203110,"Draymond Green","1610612744","Golden State Warriors",2018,"0021700872","20180222",-0.6,8.85,FALSE
203110,"Draymond Green","1610612744","Golden State Warriors",2018,"0021700872","20180222",17.9,23.65,FALSE
203110,"Draymond Green","1610612744","Golden State Warriors",2018,"0021700872","20180222",-13.7,15.65,FALSE
203110,"Draymond Green","1610612744","Golden State Warriors",2018,"0021700872","20180222",-0.8,6.55,TRUE
203110,"Draymond Green","1610612744","Golden State Warriors",2018,"0021700887","20180224",0.9,11.15,FALSE
203110,"Draymond Green","1610612744","Golden State Warriors",2018,"0021700887","20180224",0,4.65,FALSE
203110,"Draymond Green","1610612744","Golden State Warriors",2018,"0021700887","20180224",0,4.65,TRUE
203110,"Draymond Green","1610612744","Golden State Warriors",2018,"0021700887","20180224",-0.3,6.55,TRUE
203110,"Draymond Green","1610612744","Golden State Warriors",2018,"0021700887","20180224",-0.3,7.35,TRUE
203110,"Draymond Green","1610612744","Golden State Warriors",2018,"0021700887","20180224",-0.1,6.95,TRUE
203110,"Draymond Green","1610612744","Golden State Warriors",2018,"0021700887","20180224",-0.7,7.45,TRUE
203110,"Draymond Green","1610612744","Golden State Warriors",2018,"0021700887","20180224",1.8,7.85,FALSE
203110,"Draymond Green","1610612744","Golden State Warriors",2018,"0021700900","20180226",13.5,25.75,FALSE
203110,"Draymond Green","1610612744","Golden State Warriors",2018,"0021700900","20180226",-0.2,6.75,TRUE
203110,"Draymond Green","1610612744","Golden State Warriors",2018,"0021700900","20180226",14.5,49.15,FALSE
203110,"Draymond Green","1610612744","Golden State Warriors",2018,"0021700900","20180226",0.8,6.35,TRUE
203110,"Draymond Green","1610612744","Golden State Warriors",2018,"0021700900","20180226",2,16.05,FALSE
203110,"Draymond Green","1610612744","Golden State Warriors",2018,"0021700900","20180226",0,4.65,FALSE
203110,"Draymond Green","1610612744","Golden State Warriors",2018,"0021700900","20180226",12.3,28.45,TRUE
203110,"Draymond Green","1610612744","Golden State Warriors",2018,"0021700900","20180226",-23.2,7.05,FALSE
203110,"Draymond Green","1610612744","Golden State Warriors",2018,"0021700917","20180228",5.3,31.85,FALSE
203110,"Draymond Green","1610612744","Golden State Warriors",2018,"0021700917","20180228",-0.9,6.75,TRUE
203110,"Draymond Green","1610612744","Golden State Warriors",2018,"0021700917","20180228",-0.1,7.65,TRUE
203110,"Draymond Green","1610612744","Golden State Warriors",2018,"0021700917","20180228",2.2,6.45,TRUE
203110,"Draymond Green","1610612744","Golden State Warriors",2018,"0021700917","20180228",-0.4,5.15,TRUE
203110,"Draymond Green","1610612744","Golden State Warriors",2018,"0021700917","20180228",-1.6,7.85,TRUE
203110,"Draymond Green","1610612744","Golden State Warriors",2018,"0021700928","20180302",1.4,29.95,FALSE
203110,"Draymond Green","1610612744","Golden State Warriors",2018,"0021700928","20180302",-15.9,29.35,FALSE
203110,"Draymond Green","1610612744","Golden State Warriors",2018,"0021700928","20180302",-0.1,5.85,TRUE
203110,"Draymond Green","1610612744","Golden State Warriors",2018,"0021700963","20180306",-13.4,17.95,TRUE
203110,"Draymond Green","1610612744","Golden State Warriors",2018,"0021700963","20180306",0.6,6.65,FALSE
203110,"Draymond Green","1610612744","Golden State Warriors",2018,"0021700963","20180306",12.7,27.45,FALSE
203110,"Draymond Green","1610612744","Golden State Warriors",2018,"0021700963","20180306",2.8,7.55,TRUE
203110,"Draymond Green","1610612744","Golden State Warriors",2018,"0021700963","20180306",1.3,7.05,TRUE
203110,"Draymond Green","1610612744","Golden State Warriors",2018,"0021700963","20180306",1.6,7.05,FALSE
203110,"Draymond Green","1610612744","Golden State Warriors",2018,"0021700963","20180306",0,6.55,TRUE
203110,"Draymond Green","1610612744","Golden State Warriors",2018,"0021700963","20180306",0.5,17.85,TRUE
203110,"Draymond Green","1610612744","Golden State Warriors",2018,"0021700963","20180306",-11.4,28.45,TRUE
203110,"Draymond Green","1610612744","Golden State Warriors",2018,"0021700963","20180306",3.4,6.55,TRUE
203110,"Draymond Green","1610612744","Golden State Warriors",2018,"0021700976","20180308",-2.9,31.95,FALSE
203110,"Draymond Green","1610612744","Golden State Warriors",2018,"0021700976","20180308",-23.5,11.15,FALSE
203110,"Draymond Green","1610612744","Golden State Warriors",2018,"0021700976","20180308",0.8,6.25,TRUE
203110,"Draymond Green","1610612744","Golden State Warriors",2018,"0021700976","20180308",0.2,6.25,TRUE
203110,"Draymond Green","1610612744","Golden State Warriors",2018,"0021700976","20180308",15.8,24.95,FALSE
203110,"Draymond Green","1610612744","Golden State Warriors",2018,"0021700976","20180308",19.6,25.35,FALSE
203110,"Draymond Green","1610612744","Golden State Warriors",2018,"0021700976","20180308",13.6,29.35,TRUE
203110,"Draymond Green","1610612744","Golden State Warriors",2018,"0021700976","20180308",-9.1,29.45,FALSE
203110,"Draymond Green","1610612744","Golden State Warriors",2018,"0021700976","20180308",11.9,28.95,FALSE
203110,"Draymond Green","1610612744","Golden State Warriors",2018,"0021700976","20180308",2.3,6.85,FALSE
203110,"Draymond Green","1610612744","Golden State Warriors",2018,"0021700976","20180308",0.7,10.75,TRUE
203110,"Draymond Green","1610612744","Golden State Warriors",2018,"0021700984","20180309",13.6,13.75,FALSE
203110,"Draymond Green","1610612744","Golden State Warriors",2018,"0021700984","20180309",15.2,25.05,FALSE
203110,"Draymond Green","1610612744","Golden State Warriors",2018,"0021700984","20180309",-0.7,5.85,TRUE
203110,"Draymond Green","1610612744","Golden State Warriors",2018,"0021700984","20180309",0,4.65,FALSE
203110,"Draymond Green","1610612744","Golden State Warriors",2018,"0021700984","20180309",-0.8,7.15,FALSE
203110,"Draymond Green","1610612744","Golden State Warriors",2018,"0021700984","20180309",13.7,27.75,TRUE
203110,"Draymond Green","1610612744","Golden State Warriors",2018,"0021700984","20180309",16,26.95,FALSE
203110,"Draymond Green","1610612744","Golden State Warriors",2018,"0021700994","20180311",9.6,28.85,FALSE
203110,"Draymond Green","1610612744","Golden State Warriors",2018,"0021700994","20180311",-10.8,27.45,TRUE
203110,"Draymond Green","1610612744","Golden State Warriors",2018,"0021700994","20180311",1.9,30.95,TRUE
203110,"Draymond Green","1610612744","Golden State Warriors",2018,"0021700994","20180311",0.3,6.05,TRUE
203110,"Draymond Green","1610612744","Golden State Warriors",2018,"0021700994","20180311",4.3,66.85,FALSE
203110,"Draymond Green","1610612744","Golden State Warriors",2018,"0021700994","20180311",2.4,7.35,FALSE
203110,"Draymond Green","1610612744","Golden State Warriors",2018,"0021700994","20180311",-21.8,16.95,FALSE
203110,"Draymond Green","1610612744","Golden State Warriors",2018,"0021700994","20180311",-5.6,31.95,FALSE
203110,"Draymond Green","1610612744","Golden State Warriors",2018,"0021700994","20180311",-0.3,6.95,TRUE
203110,"Draymond Green","1610612744","Golden State Warriors",2018,"0021701033","20180316",18.3,25.65,FALSE
203110,"Draymond Green","1610612744","Golden State Warriors",2018,"0021701033","20180316",1.4,7.05,TRUE
203110,"Draymond Green","1610612744","Golden State Warriors",2018,"0021701033","20180316",-13.4,28.45,TRUE
203110,"Draymond Green","1610612744","Golden State Warriors",2018,"0021701033","20180316",-16.9,23.75,FALSE
203110,"Draymond Green","1610612744","Golden State Warriors",2018,"0021701033","20180316",1.1,33.85,FALSE
203110,"Draymond Green","1610612744","Golden State Warriors",2018,"0021701033","20180316",-17.6,26.05,FALSE
203110,"Draymond Green","1610612744","Golden State Warriors",2018,"0021701033","20180316",6.3,21.65,FALSE
203110,"Draymond Green","1610612744","Golden State Warriors",2018,"0021701033","20180316",-23.2,12.15,TRUE
203110,"Draymond Green","1610612744","Golden State Warriors",2018,"0021701033","20180316",-1.3,6.55,TRUE
203110,"Draymond Green","1610612744","Golden State Warriors",2018,"0021701033","20180316",-12.3,16.25,FALSE
203110,"Draymond Green","1610612744","Golden State Warriors",2018,"0021701033","20180316",1.1,6.65,FALSE
203110,"Draymond Green","1610612744","Golden State Warriors",2018,"0021701033","20180316",0.6,33.55,TRUE
203110,"Draymond Green","1610612744","Golden State Warriors",2018,"0021701033","20180316",-13,32.55,FALSE
203110,"Draymond Green","1610612744","Golden State Warriors",2018,"0021701033","20180316",-22.8,17.65,FALSE
203110,"Draymond Green","1610612744","Golden State Warriors",2018,"0021701044","20180317",15.5,24.05,TRUE
203110,"Draymond Green","1610612744","Golden State Warriors",2018,"0021701044","20180317",-15,25.75,FALSE
203110,"Draymond Green","1610612744","Golden State Warriors",2018,"0021701044","20180317",-0.5,6.15,TRUE
203110,"Draymond Green","1610612744","Golden State Warriors",2018,"0021701044","20180317",10.7,19.25,FALSE
203110,"Draymond Green","1610612744","Golden State Warriors",2018,"0021701044","20180317",-0.5,26.05,FALSE
203110,"Draymond Green","1610612744","Golden State Warriors",2018,"0021701044","20180317",6.6,11.95,TRUE
203110,"Draymond Green","1610612744","Golden State Warriors",2018,"0021701044","20180317",-6.7,30.95,FALSE
203110,"Draymond Green","1610612744","Golden State Warriors",2018,"0021701044","20180317",0.3,5.65,FALSE
203110,"Draymond Green","1610612744","Golden State Warriors",2018,"0021701044","20180317",1.8,31.05,TRUE
203110,"Draymond Green","1610612744","Golden State Warriors",2018,"0021701044","20180317",-0.5,6.45,TRUE
203110,"Draymond Green","1610612744","Golden State Warriors",2018,"0021701044","20180317",0.1,6.35,FALSE
203110,"Draymond Green","1610612744","Golden State Warriors",2018,"0021701044","20180317",7.1,30.55,FALSE
203110,"Draymond Green","1610612744","Golden State Warriors",2018,"0021701044","20180317",-1,5.85,TRUE
203110,"Draymond Green","1610612744","Golden State Warriors",2018,"0021701044","20180317",9.5,15.85,FALSE
203110,"Draymond Green","1610612744","Golden State Warriors",2018,"0021701044","20180317",10.1,29.35,FALSE
203110,"Draymond Green","1610612744","Golden State Warriors",2018,"0021701044","20180317",0,5.75,TRUE
203110,"Draymond Green","1610612744","Golden State Warriors",2018,"0021701044","20180317",0.7,5.45,FALSE
203110,"Draymond Green","1610612744","Golden State Warriors",2018,"0021701044","20180317",2.4,31.05,TRUE
203110,"Draymond Green","1610612744","Golden State Warriors",2018,"0021701044","20180317",1.4,10.65,TRUE
203110,"Draymond Green","1610612744","Golden State Warriors",2018,"0021701044","20180317",-7.9,29.15,TRUE
203110,"Draymond Green","1610612744","Golden State Warriors",2018,"0021701056","20180319",-7.6,30.55,FALSE
203110,"Draymond Green","1610612744","Golden State Warriors",2018,"0021701056","20180319",-0.3,18.65,FALSE
203110,"Draymond Green","1610612744","Golden State Warriors",2018,"0021701056","20180319",-2.4,30.45,FALSE
203110,"Draymond Green","1610612744","Golden State Warriors",2018,"0021701056","20180319",-0.5,5.55,FALSE
203110,"Draymond Green","1610612744","Golden State Warriors",2018,"0021701128","20180329",1.2,34.65,TRUE
203110,"Draymond Green","1610612744","Golden State Warriors",2018,"0021701128","20180329",2.9,23.25,FALSE
203110,"Draymond Green","1610612744","Golden State Warriors",2018,"0021701128","20180329",12.2,27.85,FALSE
203110,"Draymond Green","1610612744","Golden State Warriors",2018,"0021701128","20180329",-0.5,15.75,TRUE
203110,"Draymond Green","1610612744","Golden State Warriors",2018,"0021701128","20180329",9.3,21.05,FALSE
203110,"Draymond Green","1610612744","Golden State Warriors",2018,"0021701128","20180329",-1.1,5.25,TRUE
203110,"Draymond Green","1610612744","Golden State Warriors",2018,"0021701128","20180329",-2.2,14.45,TRUE
203110,"Draymond Green","1610612744","Golden State Warriors",2018,"0021701142","20180331",1.9,6.25,FALSE
203110,"Draymond Green","1610612744","Golden State Warriors",2018,"0021701142","20180331",-18.8,22.05,FALSE
203110,"Draymond Green","1610612744","Golden State Warriors",2018,"0021701142","20180331",3.4,9.55,TRUE
203110,"Draymond Green","1610612744","Golden State Warriors",2018,"0021701142","20180331",-2.2,6.15,TRUE
203110,"Draymond Green","1610612744","Golden State Warriors",2018,"0021701142","20180331",-12.7,5.05,TRUE
203110,"Draymond Green","1610612744","Golden State Warriors",2018,"0021701153","20180401",-9.2,31.45,FALSE
203110,"Draymond Green","1610612744","Golden State Warriors",2018,"0021701153","20180401",1.1,6.75,TRUE
203110,"Draymond Green","1610612744","Golden State Warriors",2018,"0021701153","20180401",14.7,29.45,TRUE
203110,"Draymond Green","1610612744","Golden State Warriors",2018,"0021701153","20180401",-14,28.85,TRUE
203110,"Draymond Green","1610612744","Golden State Warriors",2018,"0021701153","20180401",-0.9,7.95,TRUE
203110,"Draymond Green","1610612744","Golden State Warriors",2018,"0021701153","20180401",1.2,34.85,TRUE
203110,"Draymond Green","1610612744","Golden State Warriors",2018,"0021701153","20180401",-0.9,34.15,FALSE
203110,"Draymond Green","1610612744","Golden State Warriors",2018,"0021701153","20180401",1.7,6.95,FALSE
203110,"Draymond Green","1610612744","Golden State Warriors",2018,"0021701163","20180403",-11.1,8.35,FALSE
203110,"Draymond Green","1610612744","Golden State Warriors",2018,"0021701163","20180403",-23.1,2.05,FALSE
203110,"Draymond Green","1610612744","Golden State Warriors",2018,"0021701163","20180403",-0.7,29.95,FALSE
203110,"Draymond Green","1610612744","Golden State Warriors",2018,"0021701163","20180403",15.7,24.65,FALSE
203110,"Draymond Green","1610612744","Golden State Warriors",2018,"0021701175","20180405",1,6.85,TRUE
203110,"Draymond Green","1610612744","Golden State Warriors",2018,"0021701175","20180405",0.6,6.75,TRUE
203110,"Draymond Green","1610612744","Golden State Warriors",2018,"0021701175","20180405",14.7,27.95,TRUE
203110,"Draymond Green","1610612744","Golden State Warriors",2018,"0021701195","20180407",0.7,30.95,FALSE
203110,"Draymond Green","1610612744","Golden State Warriors",2018,"0021701195","20180407",0.2,9.15,FALSE
203110,"Draymond Green","1610612744","Golden State Warriors",2018,"0021701195","20180407",0.9,7.75,TRUE
203110,"Draymond Green","1610612744","Golden State Warriors",2018,"0021701195","20180407",-9.7,30.85,FALSE
203110,"Draymond Green","1610612744","Golden State Warriors",2018,"0021701195","20180407",-6.7,32.45,FALSE
203110,"Draymond Green","1610612744","Golden State Warriors",2018,"0021701195","20180407",0.6,6.55,TRUE
203110,"Draymond Green","1610612744","Golden State Warriors",2018,"0021701195","20180407",-0.5,6.75,TRUE
203110,"Draymond Green","1610612744","Golden State Warriors",2018,"0021701195","20180407",15.8,29.35,TRUE
203110,"Draymond Green","1610612744","Golden State Warriors",2018,"0021701195","20180407",14.9,27.35,FALSE
203110,"Draymond Green","1610612744","Golden State Warriors",2018,"0021701195","20180407",16.3,11.15,FALSE
203110,"Draymond Green","1610612744","Golden State Warriors",2018,"0021701195","20180407",4.9,29.85,FALSE
203110,"Draymond Green","1610612744","Golden State Warriors",2018,"0021701195","20180407",-0.9,6.95,TRUE
203110,"Draymond Green","1610612744","Golden State Warriors",2018,"0021701203","20180408",15,26.15,FALSE
203110,"Draymond Green","1610612744","Golden State Warriors",2018,"0021701203","20180408",2.4,32.55,TRUE
203110,"Draymond Green","1610612744","Golden State Warriors",2018,"0021701203","20180408",1.9,31.85,FALSE
203110,"Draymond Green","1610612744","Golden State Warriors",2018,"0021701203","20180408",-14.5,7.85,TRUE
203110,"Draymond Green","1610612744","Golden State Warriors",2018,"0021701203","20180408",-21.7,50.25,FALSE
203110,"Draymond Green","1610612744","Golden State Warriors",2018,"0021701203","20180408",-5.1,22.65,TRUE
203110,"Draymond Green","1610612744","Golden State Warriors",2018,"0021701203","20180408",19.8,23.15,FALSE
203110,"Draymond Green","1610612744","Golden State Warriors",2018,"0021701203","20180408",-11.9,28.85,TRUE
203110,"Draymond Green","1610612744","Golden State Warriors",2018,"0021701203","20180408",19,28.35,FALSE
203110,"Draymond Green","1610612744","Golden State Warriors",2018,"0021701203","20180408",0.9,5.45,FALSE
203110,"Draymond Green","1610612744","Golden State Warriors",2018,"0021701217","20180410",1,5.65,TRUE
203110,"Draymond Green","1610612744","Golden State Warriors",2018,"0021701217","20180410",-5.1,15.85,FALSE
203110,"Draymond Green","1610612744","Golden State Warriors",2018,"0021701217","20180410",-5.1,8.95,FALSE
203110,"Draymond Green","1610612744","Golden State Warriors",2018,"0021701217","20180410",22.7,5.75,FALSE
203110,"Draymond Green","1610612744","Golden State Warriors",2018,"0021701217","20180410",-5.2,11.65,TRUE
203110,"Draymond Green","1610612744","Golden State Warriors",2019,"0021800002","20181016",16.6,28.35,FALSE
203110,"Draymond Green","1610612744","Golden State Warriors",2019,"0021800002","20181016",-0.4,11.15,FALSE
203110,"Draymond Green","1610612744","Golden State Warriors",2019,"0021800002","20181016",4.9,11.15,TRUE
203110,"Draymond Green","1610612744","Golden State Warriors",2019,"0021800002","20181016",0.4,16.05,FALSE
203110,"Draymond Green","1610612744","Golden State Warriors",2019,"0021800002","20181016",-13.3,9.85,FALSE
203110,"Draymond Green","1610612744","Golden State Warriors",2019,"0021800002","20181016",0,4.65,FALSE
203110,"Draymond Green","1610612744","Golden State Warriors",2019,"0021800024","20181019",-6.7,29.35,FALSE
203110,"Draymond Green","1610612744","Golden State Warriors",2019,"0021800024","20181019",12.2,26.55,FALSE
203110,"Draymond Green","1610612744","Golden State Warriors",2019,"0021800024","20181019",-6.5,11.65,FALSE
203110,"Draymond Green","1610612744","Golden State Warriors",2019,"0021800024","20181019",-1.2,5.35,TRUE
203110,"Draymond Green","1610612744","Golden State Warriors",2019,"0021800024","20181019",-3.9,6.05,TRUE
203110,"Draymond Green","1610612744","Golden State Warriors",2019,"0021800024","20181019",-1.7,7.15,TRUE
203110,"Draymond Green","1610612744","Golden State Warriors",2019,"0021800024","20181019",1.5,6.05,FALSE
203110,"Draymond Green","1610612744","Golden State Warriors",2019,"0021800024","20181019",-2.5,6.95,FALSE
203110,"Draymond Green","1610612744","Golden State Warriors",2019,"0021800024","20181019",2.2,11.65,TRUE
203110,"Draymond Green","1610612744","Golden State Warriors",2019,"0021800024","20181019",2,5.95,TRUE
203110,"Draymond Green","1610612744","Golden State Warriors",2019,"0021800024","20181019",13,27.25,TRUE
203110,"Draymond Green","1610612744","Golden State Warriors",2019,"0021800024","20181019",3.2,6.55,FALSE
203110,"Draymond Green","1610612744","Golden State Warriors",2019,"0021800038","20181021",6.3,16.25,TRUE
203110,"Draymond Green","1610612744","Golden State Warriors",2019,"0021800038","20181021",-10.2,28.35,FALSE
203110,"Draymond Green","1610612744","Golden State Warriors",2019,"0021800038","20181021",11.7,21.05,FALSE
203110,"Draymond Green","1610612744","Golden State Warriors",2019,"0021800038","20181021",1.2,11.45,FALSE
203110,"Draymond Green","1610612744","Golden State Warriors",2019,"0021800047","20181022",-6.8,30.85,FALSE
203110,"Draymond Green","1610612744","Golden State Warriors",2019,"0021800047","20181022",0.9,5.65,TRUE
203110,"Draymond Green","1610612744","Golden State Warriors",2019,"0021800047","20181022",0.5,30.75,FALSE
203110,"Draymond Green","1610612744","Golden State Warriors",2019,"0021800047","20181022",2.1,6.65,FALSE
203110,"Draymond Green","1610612744","Golden State Warriors",2019,"0021800062","20181024",0.1,7.25,TRUE
203110,"Draymond Green","1610612744","Golden State Warriors",2019,"0021800062","20181024",-14.3,27.25,FALSE
203110,"Draymond Green","1610612744","Golden State Warriors",2019,"0021800062","20181024",-11.7,30.35,TRUE
203110,"Draymond Green","1610612744","Golden State Warriors",2019,"0021800068","20181026",16.8,2.95,TRUE
203110,"Draymond Green","1610612744","Golden State Warriors",2019,"0021800068","20181026",3.1,30.35,TRUE
203110,"Draymond Green","1610612744","Golden State Warriors",2019,"0021800068","20181026",6.9,29.85,FALSE
203110,"Draymond Green","1610612744","Golden State Warriors",2019,"0021800068","20181026",-0.2,5.15,TRUE
203110,"Draymond Green","1610612744","Golden State Warriors",2019,"0021800068","20181026",0.1,5.85,TRUE
203110,"Draymond Green","1610612744","Golden State Warriors",2019,"0021800068","20181026",-0.5,6.45,TRUE
203110,"Draymond Green","1610612744","Golden State Warriors",2019,"0021800068","20181026",0,4.65,TRUE
203110,"Draymond Green","1610612744","Golden State Warriors",2019,"0021800068","20181026",20.1,20.95,TRUE
203110,"Draymond Green","1610612744","Golden State Warriors",2019,"0021800083","20181028",3.6,30.05,FALSE
203110,"Draymond Green","1610612744","Golden State Warriors",2019,"0021800083","20181028",-2.8,11.35,TRUE
203110,"Draymond Green","1610612744","Golden State Warriors",2019,"0021800083","20181028",6.9,19.55,TRUE
203110,"Draymond Green","1610612744","Golden State Warriors",2019,"0021800083","20181028",3.2,10.25,TRUE
203110,"Draymond Green","1610612744","Golden State Warriors",2019,"0021800083","20181028",-2,4.65,TRUE
203110,"Draymond Green","1610612744","Golden State Warriors",2019,"0021800083","20181028",1.6,29.85,FALSE
203110,"Draymond Green","1610612744","Golden State Warriors",2019,"0021800083","20181028",4.9,12.85,FALSE
203110,"Draymond Green","1610612744","Golden State Warriors",2019,"0021800083","20181028",1.2,14.85,FALSE
203110,"Draymond Green","1610612744","Golden State Warriors",2019,"0021800083","20181028",-18.8,21.05,FALSE
203110,"Draymond Green","1610612744","Golden State Warriors",2019,"0021800091","20181029",6,29.95,FALSE
203110,"Draymond Green","1610612744","Golden State Warriors",2019,"0021800091","20181029",-0.2,12.05,FALSE
203110,"Draymond Green","1610612744","Golden State Warriors",2019,"0021800091","20181029",-1.3,5.45,FALSE
203110,"Draymond Green","1610612744","Golden State Warriors",2019,"0021800091","20181029",0,4.65,FALSE
203110,"Draymond Green","1610612744","Golden State Warriors",2019,"0021800091","20181029",2.2,5.15,TRUE
203110,"Draymond Green","1610612744","Golden State Warriors",2019,"0021800108","20181031",0.5,11.05,FALSE
203110,"Draymond Green","1610612744","Golden State Warriors",2019,"0021800108","20181031",4.7,32.75,TRUE
203110,"Draymond Green","1610612744","Golden State Warriors",2019,"0021800108","20181031",0.8,7.85,TRUE
203110,"Draymond Green","1610612744","Golden State Warriors",2019,"0021800108","20181031",6.3,14.85,TRUE
203110,"Draymond Green","1610612744","Golden State Warriors",2019,"0021800108","20181031",16.9,24.45,TRUE
203110,"Draymond Green","1610612744","Golden State Warriors",2019,"0021800108","20181031",20,23.25,FALSE
203110,"Draymond Green","1610612744","Golden State Warriors",2019,"0021800108","20181031",-7,31.85,FALSE
203110,"Draymond Green","1610612744","Golden State Warriors",2019,"0021800108","20181031",11.1,13.95,TRUE
203110,"Draymond Green","1610612744","Golden State Warriors",2019,"0021800108","20181031",23.1,5.55,FALSE
203110,"Draymond Green","1610612744","Golden State Warriors",2019,"0021800108","20181031",-2.2,7.25,TRUE
203110,"Draymond Green","1610612744","Golden State Warriors",2019,"0021800124","20181102",-16.2,25.25,FALSE
203110,"Draymond Green","1610612744","Golden State Warriors",2019,"0021800124","20181102",1.9,7.75,FALSE
203110,"Draymond Green","1610612744","Golden State Warriors",2019,"0021800124","20181102",0,4.65,TRUE
203110,"Draymond Green","1610612744","Golden State Warriors",2019,"0021800124","20181102",0.4,6.05,TRUE
203110,"Draymond Green","1610612744","Golden State Warriors",2019,"0021800124","20181102",-23.4,7.15,FALSE
203110,"Draymond Green","1610612744","Golden State Warriors",2019,"0021800124","20181102",1.1,6.65,TRUE
203110,"Draymond Green","1610612744","Golden State Warriors",2019,"0021800124","20181102",-0.1,7.85,TRUE
203110,"Draymond Green","1610612744","Golden State Warriors",2019,"0021800147","20181105",-0.4,6.35,FALSE
203110,"Draymond Green","1610612744","Golden State Warriors",2019,"0021800198","20181112",-3.3,31.15,FALSE
203110,"Draymond Green","1610612744","Golden State Warriors",2019,"0021800198","20181112",2.5,6.05,TRUE
203110,"Draymond Green","1610612744","Golden State Warriors",2019,"0021800198","20181112",-2.5,10.75,FALSE
203110,"Draymond Green","1610612744","Golden State Warriors",2019,"0021800198","20181112",1.8,5.65,TRUE
203110,"Draymond Green","1610612744","Golden State Warriors",2019,"0021800198","20181112",14.2,26.25,FALSE
203110,"Draymond Green","1610612744","Golden State Warriors",2019,"0021800198","20181112",-0.6,19.05,TRUE
203110,"Draymond Green","1610612744","Golden State Warriors",2019,"0021800198","20181112",1.5,7.15,FALSE
203110,"Draymond Green","1610612744","Golden State Warriors",2019,"0021800198","20181112",2.1,9.05,FALSE
203110,"Draymond Green","1610612744","Golden State Warriors",2019,"0021800198","20181112",1.1,7.75,FALSE
203110,"Draymond Green","1610612744","Golden State Warriors",2019,"0021800213","20181115",13,28.35,FALSE
203110,"Draymond Green","1610612744","Golden State Warriors",2019,"0021800213","20181115",11.1,19.85,FALSE
203110,"Draymond Green","1610612744","Golden State Warriors",2019,"0021800213","20181115",0.7,30.55,FALSE
203110,"Draymond Green","1610612744","Golden State Warriors",2019,"0021800400","20181210",-11.9,26.85,TRUE
203110,"Draymond Green","1610612744","Golden State Warriors",2019,"0021800400","20181210",17,15.15,FALSE
203110,"Draymond Green","1610612744","Golden State Warriors",2019,"0021800400","20181210",-1.9,7.55,TRUE
203110,"Draymond Green","1610612744","Golden State Warriors",2019,"0021800400","20181210",4.9,33.65,FALSE
203110,"Draymond Green","1610612744","Golden State Warriors",2019,"0021800400","20181210",0.3,7.75,TRUE
203110,"Draymond Green","1610612744","Golden State Warriors",2019,"0021800400","20181210",15.4,26.35,FALSE
203110,"Draymond Green","1610612744","Golden State Warriors",2019,"0021800400","20181210",-3.2,9.75,FALSE
203110,"Draymond Green","1610612744","Golden State Warriors",2019,"0021800400","20181210",22.8,5.05,FALSE
203110,"Draymond Green","1610612744","Golden State Warriors",2019,"0021800415","20181212",10.3,29.05,FALSE
203110,"Draymond Green","1610612744","Golden State Warriors",2019,"0021800415","20181212",12.6,29.05,FALSE
203110,"Draymond Green","1610612744","Golden State Warriors",2019,"0021800415","20181212",1.4,7.65,TRUE
203110,"Draymond Green","1610612744","Golden State Warriors",2019,"0021800415","20181212",18.5,23.45,FALSE
203110,"Draymond Green","1610612744","Golden State Warriors",2019,"0021800415","20181212",-0.1,9.05,FALSE
203110,"Draymond Green","1610612744","Golden State Warriors",2019,"0021800428","20181214",-1.4,6.35,TRUE
203110,"Draymond Green","1610612744","Golden State Warriors",2019,"0021800428","20181214",-1.4,6.55,FALSE
203110,"Draymond Green","1610612744","Golden State Warriors",2019,"0021800428","20181214",5.3,27.15,FALSE
203110,"Draymond Green","1610612744","Golden State Warriors",2019,"0021800449","20181217",22.4,7.05,FALSE
203110,"Draymond Green","1610612744","Golden State Warriors",2019,"0021800449","20181217",-8.7,7.75,FALSE
203110,"Draymond Green","1610612744","Golden State Warriors",2019,"0021800449","20181217",1.3,8.35,FALSE
203110,"Draymond Green","1610612744","Golden State Warriors",2019,"0021800449","20181217",5.2,12.75,FALSE
203110,"Draymond Green","1610612744","Golden State Warriors",2019,"0021800449","20181217",-0.4,6.45,TRUE
203110,"Draymond Green","1610612744","Golden State Warriors",2019,"0021800449","20181217",1.7,7.25,TRUE
203110,"Draymond Green","1610612744","Golden State Warriors",2019,"0021800449","20181217",-2.3,15.35,FALSE
203110,"Draymond Green","1610612744","Golden State Warriors",2019,"0021800449","20181217",-1.1,15.25,FALSE
203110,"Draymond Green","1610612744","Golden State Warriors",2019,"0021800464","20181219",2.2,4.85,TRUE
203110,"Draymond Green","1610612744","Golden State Warriors",2019,"0021800464","20181219",12.7,26.05,FALSE
203110,"Draymond Green","1610612744","Golden State Warriors",2019,"0021800464","20181219",-1.9,6.65,TRUE
203110,"Draymond Green","1610612744","Golden State Warriors",2019,"0021800464","20181219",-2.5,5.55,TRUE
203110,"Draymond Green","1610612744","Golden State Warriors",2019,"0021800464","20181219",-2.2,5.25,TRUE
203110,"Draymond Green","1610612744","Golden State Warriors",2019,"0021800464","20181219",-23.2,8.45,FALSE
203110,"Draymond Green","1610612744","Golden State Warriors",2019,"0021800464","20181219",-2.6,6.35,FALSE
203110,"Draymond Green","1610612744","Golden State Warriors",2019,"0021800464","20181219",1.8,7.25,FALSE
203110,"Draymond Green","1610612744","Golden State Warriors",2019,"0021800464","20181219",3.4,8.45,FALSE
203110,"Draymond Green","1610612744","Golden State Warriors",2019,"0021800464","20181219",-1.9,6.95,FALSE
203110,"Draymond Green","1610612744","Golden State Warriors",2019,"0021800484","20181222",16.8,25.35,TRUE
203110,"Draymond Green","1610612744","Golden State Warriors",2019,"0021800484","20181222",-2.7,14.95,FALSE
203110,"Draymond Green","1610612744","Golden State Warriors",2019,"0021800484","20181222",1.7,31.75,TRUE
203110,"Draymond Green","1610612744","Golden State Warriors",2019,"0021800484","20181222",-19,23.85,FALSE
203110,"Draymond Green","1610612744","Golden State Warriors",2019,"0021800484","20181222",-1,11.45,TRUE
203110,"Draymond Green","1610612744","Golden State Warriors",2019,"0021800484","20181222",0.6,18.05,FALSE
203110,"Draymond Green","1610612744","Golden State Warriors",2019,"0021800484","20181222",1.3,7.85,TRUE
203110,"Draymond Green","1610612744","Golden State Warriors",2019,"0021800484","20181222",-0.4,7.25,TRUE
203110,"Draymond Green","1610612744","Golden State Warriors",2019,"0021800484","20181222",16.7,12.65,FALSE
203110,"Draymond Green","1610612744","Golden State Warriors",2019,"0021800484","20181222",0,4.65,TRUE
203110,"Draymond Green","1610612744","Golden State Warriors",2019,"0021800484","20181222",-0.2,31.35,FALSE
203110,"Draymond Green","1610612744","Golden State Warriors",2019,"0021800494","20181223",1.3,31.45,TRUE
203110,"Draymond Green","1610612744","Golden State Warriors",2019,"0021800494","20181223",17.6,25.65,FALSE
203110,"Draymond Green","1610612744","Golden State Warriors",2019,"0021800494","20181223",1.8,6.85,FALSE
203110,"Draymond Green","1610612744","Golden State Warriors",2019,"0021800494","20181223",0.8,7.75,TRUE
203110,"Draymond Green","1610612744","Golden State Warriors",2019,"0021800494","20181223",-0.8,5.25,FALSE
203110,"Draymond Green","1610612744","Golden State Warriors",2019,"0021800494","20181223",0,7.45,FALSE
203110,"Draymond Green","1610612744","Golden State Warriors",2019,"0021800494","20181223",0,4.65,FALSE
203110,"Draymond Green","1610612744","Golden State Warriors",2019,"0021800494","20181223",1.8,6.05,TRUE
203110,"Draymond Green","1610612744","Golden State Warriors",2019,"0021800494","20181223",-7.6,30.75,FALSE
203110,"Draymond Green","1610612744","Golden State Warriors",2019,"0021800494","20181223",-1.8,6.75,FALSE
203110,"Draymond Green","1610612744","Golden State Warriors",2019,"0021800494","20181223",12.9,27.45,TRUE
203110,"Draymond Green","1610612744","Golden State Warriors",2019,"0021800494","20181223",18.9,23.25,FALSE
203110,"Draymond Green","1610612744","Golden State Warriors",2019,"0021800500","20181225",3.3,32.45,FALSE
203110,"Draymond Green","1610612744","Golden State Warriors",2019,"0021800500","20181225",14.9,27.35,FALSE
203110,"Draymond Green","1610612744","Golden State Warriors",2019,"0021800500","20181225",8.5,30.35,FALSE
203110,"Draymond Green","1610612744","Golden State Warriors",2019,"0021800500","20181225",2.3,7.55,TRUE
203110,"Draymond Green","1610612744","Golden State Warriors",2019,"0021800500","20181225",-1.3,6.85,TRUE
203110,"Draymond Green","1610612744","Golden State Warriors",2019,"0021800500","20181225",0,19.55,FALSE
203110,"Draymond Green","1610612744","Golden State Warriors",2019,"0021800500","20181225",-0.8,7.95,FALSE
203110,"Draymond Green","1610612744","Golden State Warriors",2019,"0021800516","20181227",1.3,6.75,FALSE
203110,"Draymond Green","1610612744","Golden State Warriors",2019,"0021800516","20181227",-0.5,31.55,FALSE
203110,"Draymond Green","1610612744","Golden State Warriors",2019,"0021800516","20181227",10.3,13.45,TRUE
203110,"Draymond Green","1610612744","Golden State Warriors",2019,"0021800516","20181227",-0.7,16.15,FALSE
203110,"Draymond Green","1610612744","Golden State Warriors",2019,"0021800516","20181227",-15.8,27.75,FALSE
203110,"Draymond Green","1610612744","Golden State Warriors",2019,"0021800516","20181227",0.7,7.55,TRUE
203110,"Draymond Green","1610612744","Golden State Warriors",2019,"0021800516","20181227",1.6,7.95,FALSE
203110,"Draymond Green","1610612744","Golden State Warriors",2019,"0021800516","20181227",14.8,15.35,TRUE
203110,"Draymond Green","1610612744","Golden State Warriors",2019,"0021800516","20181227",0,4.65,TRUE
203110,"Draymond Green","1610612744","Golden State Warriors",2019,"0021800516","20181227",-14.4,19.65,FALSE
203110,"Draymond Green","1610612744","Golden State Warriors",2019,"0021800516","20181227",0.7,10.25,FALSE
203110,"Draymond Green","1610612744","Golden State Warriors",2019,"0021800516","20181227",0,4.65,TRUE
203110,"Draymond Green","1610612744","Golden State Warriors",2019,"0021800516","20181227",-0.4,6.75,TRUE
203110,"Draymond Green","1610612744","Golden State Warriors",2019,"0021800516","20181227",16.6,26.25,FALSE
203110,"Draymond Green","1610612744","Golden State Warriors",2019,"0021800516","20181227",-23.2,11.05,TRUE
203110,"Draymond Green","1610612744","Golden State Warriors",2019,"0021800534","20181229",-10.9,26.85,FALSE
203110,"Draymond Green","1610612744","Golden State Warriors",2019,"0021800534","20181229",-0.5,27.95,FALSE
203110,"Draymond Green","1610612744","Golden State Warriors",2019,"0021800534","20181229",-1.9,7.25,FALSE
203110,"Draymond Green","1610612744","Golden State Warriors",2019,"0021800534","20181229",1.3,6.05,FALSE
203110,"Draymond Green","1610612744","Golden State Warriors",2019,"0021800534","20181229",0,18.45,FALSE
203110,"Draymond Green","1610612744","Golden State Warriors",2019,"0021800534","20181229",-10.5,28.05,TRUE
203110,"Draymond Green","1610612744","Golden State Warriors",2019,"0021800548","20181231",23.3,3.05,FALSE
203110,"Draymond Green","1610612744","Golden State Warriors",2019,"0021800548","20181231",1.6,10.45,TRUE
203110,"Draymond Green","1610612744","Golden State Warriors",2019,"0021800548","20181231",-0.7,8.85,FALSE
203110,"Draymond Green","1610612744","Golden State Warriors",2019,"0021800548","20181231",23.1,3.95,TRUE
203110,"Draymond Green","1610612744","Golden State Warriors",2019,"0021800565","20190103",-0.9,7.45,TRUE
203110,"Draymond Green","1610612744","Golden State Warriors",2019,"0021800565","20190103",15.3,27.05,FALSE
203110,"Draymond Green","1610612744","Golden State Warriors",2019,"0021800565","20190103",-3.2,12.75,FALSE
203110,"Draymond Green","1610612744","Golden State Warriors",2019,"0021800565","20190103",19.4,22.85,FALSE
203110,"Draymond Green","1610612744","Golden State Warriors",2019,"0021800565","20190103",0.8,5.55,TRUE
203110,"Draymond Green","1610612744","Golden State Warriors",2019,"0021800565","20190103",0.8,5.15,TRUE
203110,"Draymond Green","1610612744","Golden State Warriors",2019,"0021800565","20190103",-5.1,16.35,TRUE
203110,"Draymond Green","1610612744","Golden State Warriors",2019,"0021800583","20190105",1.2,6.05,FALSE
203110,"Draymond Green","1610612744","Golden State Warriors",2019,"0021800583","20190105",1.2,6.55,TRUE
203110,"Draymond Green","1610612744","Golden State Warriors",2019,"0021800583","20190105",1.3,6.05,TRUE
203110,"Draymond Green","1610612744","Golden State Warriors",2019,"0021800583","20190105",-0.6,5.65,TRUE
203110,"Draymond Green","1610612744","Golden State Warriors",2019,"0021800583","20190105",5.5,29.95,FALSE
203110,"Draymond Green","1610612744","Golden State Warriors",2019,"0021800583","20190105",-1.3,5.85,TRUE
203110,"Draymond Green","1610612744","Golden State Warriors",2019,"0021800583","20190105",5.3,29.75,TRUE
203110,"Draymond Green","1610612744","Golden State Warriors",2019,"0021800605","20190108",-1.4,13.65,TRUE
203110,"Draymond Green","1610612744","Golden State Warriors",2019,"0021800605","20190108",0,4.65,FALSE
203110,"Draymond Green","1610612744","Golden State Warriors",2019,"0021800605","20190108",0,4.65,FALSE
203110,"Draymond Green","1610612744","Golden State Warriors",2019,"0021800605","20190108",-0.9,6.55,FALSE
203110,"Draymond Green","1610612744","Golden State Warriors",2019,"0021800605","20190108",-2.3,31.95,FALSE
203110,"Draymond Green","1610612744","Golden State Warriors",2019,"0021800629","20190111",11.2,19.35,FALSE
203110,"Draymond Green","1610612744","Golden State Warriors",2019,"0021800642","20190113",-13.6,27.05,FALSE
203110,"Draymond Green","1610612744","Golden State Warriors",2019,"0021800642","20190113",7.1,28.95,FALSE
203110,"Draymond Green","1610612744","Golden State Warriors",2019,"0021800642","20190113",0.9,4.85,TRUE
203110,"Draymond Green","1610612744","Golden State Warriors",2019,"0021800642","20190113",0.4,4.85,FALSE
203110,"Draymond Green","1610612744","Golden State Warriors",2019,"0021800642","20190113",0,4.65,TRUE
203110,"Draymond Green","1610612744","Golden State Warriors",2019,"0021800642","20190113",-0.3,69.25,FALSE
203110,"Draymond Green","1610612744","Golden State Warriors",2019,"0021800655","20190115",-1.2,5.15,FALSE
203110,"Draymond Green","1610612744","Golden State Warriors",2019,"0021800655","20190115",-10,27.25,FALSE
203110,"Draymond Green","1610612744","Golden State Warriors",2019,"0021800655","20190115",14.1,14.75,FALSE
203110,"Draymond Green","1610612744","Golden State Warriors",2019,"0021800655","20190115",0.7,6.05,FALSE
203110,"Draymond Green","1610612744","Golden State Warriors",2019,"0021800655","20190115",-6.3,30.85,TRUE
203110,"Draymond Green","1610612744","Golden State Warriors",2019,"0021800663","20190116",2.9,31.55,TRUE
203110,"Draymond Green","1610612744","Golden State Warriors",2019,"0021800663","20190116",15.8,27.35,FALSE
203110,"Draymond Green","1610612744","Golden State Warriors",2019,"0021800663","20190116",-10.1,30.65,FALSE
203110,"Draymond Green","1610612744","Golden State Warriors",2019,"0021800663","20190116",-12.4,10.25,TRUE
203110,"Draymond Green","1610612744","Golden State Warriors",2019,"0021800663","20190116",14.5,27.15,TRUE
203110,"Draymond Green","1610612744","Golden State Warriors",2019,"0021800663","20190116",-0.3,7.95,TRUE
203110,"Draymond Green","1610612744","Golden State Warriors",2019,"0021800663","20190116",-11.7,30.45,FALSE
203110,"Draymond Green","1610612744","Golden State Warriors",2019,"0021800663","20190116",-23.4,6.95,TRUE
203110,"Draymond Green","1610612744","Golden State Warriors",2019,"0021800663","20190116",22.3,5.55,TRUE
203110,"Draymond Green","1610612744","Golden State Warriors",2019,"0021800676","20190118",-1.9,30.15,FALSE
203110,"Draymond Green","1610612744","Golden State Warriors",2019,"0021800676","20190118",-11.6,27.55,FALSE
203110,"Draymond Green","1610612744","Golden State Warriors",2019,"0021800676","20190118",8.8,28.85,FALSE
203110,"Draymond Green","1610612744","Golden State Warriors",2019,"0021800676","20190118",-0.3,5.75,TRUE
203110,"Draymond Green","1610612744","Golden State Warriors",2019,"0021800676","20190118",-1.3,6.55,TRUE
203110,"Draymond Green","1610612744","Golden State Warriors",2019,"0021800676","20190118",-15.5,14.75,TRUE
203110,"Draymond Green","1610612744","Golden State Warriors",2019,"0021800676","20190118",13.5,25.65,FALSE
203110,"Draymond Green","1610612744","Golden State Warriors",2019,"0021800701","20190121",-2,7.25,FALSE
203110,"Draymond Green","1610612744","Golden State Warriors",2019,"0021800701","20190121",12,29.05,FALSE
203110,"Draymond Green","1610612744","Golden State Warriors",2019,"0021800701","20190121",-12.9,27.05,FALSE
203110,"Draymond Green","1610612744","Golden State Warriors",2019,"0021800701","20190121",-1.4,5.15,TRUE
203110,"Draymond Green","1610612744","Golden State Warriors",2019,"0021800716","20190124",-2.7,7.45,TRUE
203110,"Draymond Green","1610612744","Golden State Warriors",2019,"0021800716","20190124",12.4,28.75,TRUE
203110,"Draymond Green","1610612744","Golden State Warriors",2019,"0021800716","20190124",-2.4,8.25,FALSE
203110,"Draymond Green","1610612744","Golden State Warriors",2019,"0021800716","20190124",2.4,5.85,TRUE
203110,"Draymond Green","1610612744","Golden State Warriors",2019,"0021800716","20190124",0.2,6.55,FALSE
203110,"Draymond Green","1610612744","Golden State Warriors",2019,"0021800716","20190124",-13.8,26.95,FALSE
203110,"Draymond Green","1610612744","Golden State Warriors",2019,"0021800732","20190126",8.7,30.35,TRUE
203110,"Draymond Green","1610612744","Golden State Warriors",2019,"0021800732","20190126",16.3,26.85,FALSE
203110,"Draymond Green","1610612744","Golden State Warriors",2019,"0021800732","20190126",-9.8,8.85,FALSE
203110,"Draymond Green","1610612744","Golden State Warriors",2019,"0021800768","20190131",0.8,6.95,TRUE
203110,"Draymond Green","1610612744","Golden State Warriors",2019,"0021800768","20190131",4.7,34.15,FALSE
203110,"Draymond Green","1610612744","Golden State Warriors",2019,"0021800768","20190131",-14.7,12.85,FALSE
203110,"Draymond Green","1610612744","Golden State Warriors",2019,"0021800768","20190131",7.8,33.35,FALSE
203110,"Draymond Green","1610612744","Golden State Warriors",2019,"0021800768","20190131",-1.2,33.05,FALSE
203110,"Draymond Green","1610612744","Golden State Warriors",2019,"0021800768","20190131",-12,30.35,FALSE
203110,"Draymond Green","1610612744","Golden State Warriors",2019,"0021800782","20190202",-0.5,7.75,TRUE
203110,"Draymond Green","1610612744","Golden State Warriors",2019,"0021800782","20190202",-0.3,6.95,TRUE
203110,"Draymond Green","1610612744","Golden State Warriors",2019,"0021800782","20190202",0.2,6.35,FALSE
203110,"Draymond Green","1610612744","Golden State Warriors",2019,"0021800782","20190202",0,4.65,FALSE
203110,"Draymond Green","1610612744","Golden State Warriors",2019,"0021800782","20190202",-2.8,32.45,FALSE
203110,"Draymond Green","1610612744","Golden State Warriors",2019,"0021800810","20190206",23.2,5.15,FALSE
203110,"Draymond Green","1610612744","Golden State Warriors",2019,"0021800810","20190206",-14.1,28.25,TRUE
203110,"Draymond Green","1610612744","Golden State Warriors",2019,"0021800810","20190206",4.4,10.75,FALSE
203110,"Draymond Green","1610612744","Golden State Warriors",2019,"0021800810","20190206",0.5,7.75,TRUE
203110,"Draymond Green","1610612744","Golden State Warriors",2019,"0021800810","20190206",0.8,6.45,TRUE
203110,"Draymond Green","1610612744","Golden State Warriors",2019,"0021800810","20190206",15.4,27.55,FALSE
203110,"Draymond Green","1610612744","Golden State Warriors",2019,"0021800822","20190208",2,5.65,TRUE
203110,"Draymond Green","1610612744","Golden State Warriors",2019,"0021800822","20190208",2.4,6.75,TRUE
203110,"Draymond Green","1610612744","Golden State Warriors",2019,"0021800822","20190208",-0.9,5.75,TRUE
203110,"Draymond Green","1610612744","Golden State Warriors",2019,"0021800822","20190208",-0.8,30.35,FALSE
203110,"Draymond Green","1610612744","Golden State Warriors",2019,"0021800822","20190208",-0.2,5.05,TRUE
203110,"Draymond Green","1610612744","Golden State Warriors",2019,"0021800822","20190208",5.4,31.05,FALSE
203110,"Draymond Green","1610612744","Golden State Warriors",2019,"0021800822","20190208",1.3,6.35,TRUE
203110,"Draymond Green","1610612744","Golden State Warriors",2019,"0021800838","20190210",-18.6,23.45,FALSE
203110,"Draymond Green","1610612744","Golden State Warriors",2019,"0021800838","20190210",-0.2,6.65,FALSE
203110,"Draymond Green","1610612744","Golden State Warriors",2019,"0021800838","20190210",-0.3,6.05,TRUE
203110,"Draymond Green","1610612744","Golden State Warriors",2019,"0021800852","20190212",14.3,26.25,FALSE
203110,"Draymond Green","1610612744","Golden State Warriors",2019,"0021800852","20190212",0.2,6.05,TRUE
203110,"Draymond Green","1610612744","Golden State Warriors",2019,"0021800852","20190212",-14.4,28.95,FALSE
203110,"Draymond Green","1610612744","Golden State Warriors",2019,"0021800852","20190212",-0.1,5.75,TRUE
203110,"Draymond Green","1610612744","Golden State Warriors",2019,"0021800852","20190212",-12.4,28.55,FALSE
203110,"Draymond Green","1610612744","Golden State Warriors",2019,"0021800852","20190212",9,30.85,FALSE
203110,"Draymond Green","1610612744","Golden State Warriors",2019,"0021800852","20190212",1.7,7.35,TRUE
203110,"Draymond Green","1610612744","Golden State Warriors",2019,"0021800862","20190213",16,25.05,TRUE
203110,"Draymond Green","1610612744","Golden State Warriors",2019,"0021800862","20190213",7.1,26.75,TRUE
203110,"Draymond Green","1610612744","Golden State Warriors",2019,"0021800862","20190213",1.5,23.05,TRUE
203110,"Draymond Green","1610612744","Golden State Warriors",2019,"0021800862","20190213",-12.5,14.55,TRUE
203110,"Draymond Green","1610612744","Golden State Warriors",2019,"0021800862","20190213",16.2,23.65,FALSE
203110,"Draymond Green","1610612744","Golden State Warriors",2019,"0021800862","20190213",16.3,24.95,FALSE
203110,"Draymond Green","1610612744","Golden State Warriors",2019,"0021800862","20190213",-0.3,30.35,FALSE
203110,"Draymond Green","1610612744","Golden State Warriors",2019,"0021800871","20190221",16.5,26.85,FALSE
203110,"Draymond Green","1610612744","Golden State Warriors",2019,"0021800871","20190221",11.6,31.15,TRUE
203110,"Draymond Green","1610612744","Golden State Warriors",2019,"0021800871","20190221",8.5,23.55,FALSE
203110,"Draymond Green","1610612744","Golden State Warriors",2019,"0021800871","20190221",-17.9,25.15,FALSE
203110,"Draymond Green","1610612744","Golden State Warriors",2019,"0021800871","20190221",0.4,31.45,TRUE
203110,"Draymond Green","1610612744","Golden State Warriors",2019,"0021800871","20190221",-18.6,25.35,TRUE
203110,"Draymond Green","1610612744","Golden State Warriors",2019,"0021800892","20190223",-22.6,8.95,FALSE
203110,"Draymond Green","1610612744","Golden State Warriors",2019,"0021800892","20190223",-6,31.05,FALSE
203110,"Draymond Green","1610612744","Golden State Warriors",2019,"0021800892","20190223",-11.2,8.15,FALSE
203110,"Draymond Green","1610612744","Golden State Warriors",2019,"0021800892","20190223",-1.1,6.35,TRUE
203110,"Draymond Green","1610612744","Golden State Warriors",2019,"0021800892","20190223",1.8,7.35,FALSE
203110,"Draymond Green","1610612744","Golden State Warriors",2019,"0021800892","20190223",-2.8,12.65,TRUE
203110,"Draymond Green","1610612744","Golden State Warriors",2019,"0021800897","20190225",0,6.35,TRUE
203110,"Draymond Green","1610612744","Golden State Warriors",2019,"0021800897","20190225",-1.8,6.55,TRUE
203110,"Draymond Green","1610612744","Golden State Warriors",2019,"0021800897","20190225",2.5,32.55,FALSE
203110,"Draymond Green","1610612744","Golden State Warriors",2019,"0021800897","20190225",-0.7,7.35,TRUE
203110,"Draymond Green","1610612744","Golden State Warriors",2019,"0021800897","20190225",-0.8,6.25,TRUE
203110,"Draymond Green","1610612744","Golden State Warriors",2019,"0021800897","20190225",23.6,6.85,TRUE
203110,"Draymond Green","1610612744","Golden State Warriors",2019,"0021800897","20190225",19.2,22.45,FALSE
203110,"Draymond Green","1610612744","Golden State Warriors",2019,"0021800897","20190225",0.5,6.95,TRUE
203110,"Draymond Green","1610612744","Golden State Warriors",2019,"0021800915","20190227",1.1,6.85,TRUE
203110,"Draymond Green","1610612744","Golden State Warriors",2019,"0021800915","20190227",-20.7,19.55,FALSE
203110,"Draymond Green","1610612744","Golden State Warriors",2019,"0021800915","20190227",-1.1,5.75,FALSE
203110,"Draymond Green","1610612744","Golden State Warriors",2019,"0021800915","20190227",-23.1,5.85,TRUE
203110,"Draymond Green","1610612744","Golden State Warriors",2019,"0021800923","20190228",9.5,30.85,FALSE
203110,"Draymond Green","1610612744","Golden State Warriors",2019,"0021800923","20190228",-3.2,8.65,FALSE
203110,"Draymond Green","1610612744","Golden State Warriors",2019,"0021800923","20190228",-6,30.45,TRUE
203110,"Draymond Green","1610612744","Golden State Warriors",2019,"0021800923","20190228",-0.9,5.65,TRUE
203110,"Draymond Green","1610612744","Golden State Warriors",2019,"0021800938","20190302",2,7.05,TRUE
203110,"Draymond Green","1610612744","Golden State Warriors",2019,"0021800938","20190302",0.9,5.55,TRUE
203110,"Draymond Green","1610612744","Golden State Warriors",2019,"0021800938","20190302",5.5,20.35,FALSE
203110,"Draymond Green","1610612744","Golden State Warriors",2019,"0021800938","20190302",1.1,19.95,FALSE
203110,"Draymond Green","1610612744","Golden State Warriors",2019,"0021800964","20190305",4.8,31.05,TRUE
203110,"Draymond Green","1610612744","Golden State Warriors",2019,"0021800964","20190305",14.9,27.15,FALSE
203110,"Draymond Green","1610612744","Golden State Warriors",2019,"0021800964","20190305",0,4.65,TRUE
203110,"Draymond Green","1610612744","Golden State Warriors",2019,"0021800984","20190308",0.8,14.95,FALSE
203110,"Draymond Green","1610612744","Golden State Warriors",2019,"0021800984","20190308",0.8,7.35,TRUE
203110,"Draymond Green","1610612744","Golden State Warriors",2019,"0021800984","20190308",19.5,23.15,FALSE
203110,"Draymond Green","1610612744","Golden State Warriors",2019,"0021800984","20190308",17.1,25.05,FALSE
203110,"Draymond Green","1610612744","Golden State Warriors",2019,"0021801000","20190310",0.5,7.55,FALSE
203110,"Draymond Green","1610612744","Golden State Warriors",2019,"0021801000","20190310",-1.8,7.35,FALSE
203110,"Draymond Green","1610612744","Golden State Warriors",2019,"0021801000","20190310",22.9,8.35,FALSE
203110,"Draymond Green","1610612744","Golden State Warriors",2019,"0021801000","20190310",1.1,10.55,TRUE
203110,"Draymond Green","1610612744","Golden State Warriors",2019,"0021801000","20190310",17.7,24.65,FALSE
203110,"Draymond Green","1610612744","Golden State Warriors",2019,"0021801000","20190310",-15,30.35,FALSE
203110,"Draymond Green","1610612744","Golden State Warriors",2019,"0021801000","20190310",1.2,6.45,TRUE
203110,"Draymond Green","1610612744","Golden State Warriors",2019,"0021801000","20190310",-0.8,7.85,FALSE
203110,"Draymond Green","1610612744","Golden State Warriors",2019,"0021801000","20190310",1.5,7.35,TRUE
203110,"Draymond Green","1610612744","Golden State Warriors",2019,"0021801018","20190313",5.2,10.35,FALSE
203110,"Draymond Green","1610612744","Golden State Warriors",2019,"0021801018","20190313",-23.6,10.55,FALSE
203110,"Draymond Green","1610612744","Golden State Warriors",2019,"0021801018","20190313",-3,7.75,FALSE
203110,"Draymond Green","1610612744","Golden State Warriors",2019,"0021801018","20190313",0.3,6.05,TRUE
203110,"Draymond Green","1610612744","Golden State Warriors",2019,"0021801018","20190313",2.4,29.95,FALSE
203110,"Draymond Green","1610612744","Golden State Warriors",2019,"0021801038","20190316",0.3,6.55,FALSE
203110,"Draymond Green","1610612744","Golden State Warriors",2019,"0021801038","20190316",10.4,29.35,TRUE
203110,"Draymond Green","1610612744","Golden State Warriors",2019,"0021801038","20190316",0.9,30.55,TRUE
203110,"Draymond Green","1610612744","Golden State Warriors",2019,"0021801038","20190316",-1.2,29.95,FALSE
203110,"Draymond Green","1610612744","Golden State Warriors",2019,"0021801038","20190316",-1.8,7.25,FALSE
203110,"Draymond Green","1610612744","Golden State Warriors",2019,"0021801038","20190316",-17.1,24.05,TRUE
203110,"Draymond Green","1610612744","Golden State Warriors",2019,"0021801055","20190318",-7.9,29.55,TRUE
203110,"Draymond Green","1610612744","Golden State Warriors",2019,"0021801055","20190318",-8.4,28.45,FALSE
203110,"Draymond Green","1610612744","Golden State Warriors",2019,"0021801055","20190318",12.5,10.25,FALSE
203110,"Draymond Green","1610612744","Golden State Warriors",2019,"0021801055","20190318",0.6,11.25,FALSE
203110,"Draymond Green","1610612744","Golden State Warriors",2019,"0021801055","20190318",-15.4,24.85,TRUE
203110,"Draymond Green","1610612744","Golden State Warriors",2019,"0021801055","20190318",0.1,5.85,TRUE
203110,"Draymond Green","1610612744","Golden State Warriors",2019,"0021801055","20190318",1.2,5.35,TRUE
203110,"Draymond Green","1610612744","Golden State Warriors",2019,"0021801055","20190318",-12.7,26.85,FALSE
203110,"Draymond Green","1610612744","Golden State Warriors",2019,"0021801062","20190319",13.8,26.65,FALSE
203110,"Draymond Green","1610612744","Golden State Warriors",2019,"0021801062","20190319",2,29.85,FALSE
203110,"Draymond Green","1610612744","Golden State Warriors",2019,"0021801062","20190319",0.7,13.05,FALSE
203110,"Draymond Green","1610612744","Golden State Warriors",2019,"0021801062","20190319",-0.3,5.15,TRUE
203110,"Draymond Green","1610612744","Golden State Warriors",2019,"0021801062","20190319",0,6.75,TRUE
203110,"Draymond Green","1610612744","Golden State Warriors",2019,"0021801079","20190321",-0.5,6.45,TRUE
203110,"Draymond Green","1610612744","Golden State Warriors",2019,"0021801079","20190321",3.9,17.45,FALSE
203110,"Draymond Green","1610612744","Golden State Warriors",2019,"0021801079","20190321",0.8,6.15,TRUE
203110,"Draymond Green","1610612744","Golden State Warriors",2019,"0021801079","20190321",8.5,29.35,TRUE
203110,"Draymond Green","1610612744","Golden State Warriors",2019,"0021801079","20190321",-0.2,6.35,TRUE
203110,"Draymond Green","1610612744","Golden State Warriors",2019,"0021801092","20190323",1.8,22.75,FALSE
203110,"Draymond Green","1610612744","Golden State Warriors",2019,"0021801092","20190323",11,28.45,FALSE
203110,"Draymond Green","1610612744","Golden State Warriors",2019,"0021801092","20190323",0.6,12.65,TRUE
203110,"Draymond Green","1610612744","Golden State Warriors",2019,"0021801092","20190323",16.5,26.15,TRUE
203110,"Draymond Green","1610612744","Golden State Warriors",2019,"0021801101","20190324",5,12.35,FALSE
203110,"Draymond Green","1610612744","Golden State Warriors",2019,"0021801101","20190324",-10,20.65,FALSE
203110,"Draymond Green","1610612744","Golden State Warriors",2019,"0021801101","20190324",0.5,13.85,TRUE
203110,"Draymond Green","1610612744","Golden State Warriors",2019,"0021801101","20190324",-0.2,5.65,TRUE
203110,"Draymond Green","1610612744","Golden State Warriors",2019,"0021801101","20190324",12.6,8.55,FALSE
203110,"Draymond Green","1610612744","Golden State Warriors",2019,"0021801101","20190324",6.8,14.55,TRUE
203110,"Draymond Green","1610612744","Golden State Warriors",2019,"0021801101","20190324",-17.3,25.15,TRUE
203110,"Draymond Green","1610612744","Golden State Warriors",2019,"0021801101","20190324",1.3,6.55,TRUE
203110,"Draymond Green","1610612744","Golden State Warriors",2019,"0021801101","20190324",13.5,28.95,FALSE
203110,"Draymond Green","1610612744","Golden State Warriors",2019,"0021801101","20190324",-1.8,6.95,FALSE
203110,"Draymond Green","1610612744","Golden State Warriors",2019,"0021801101","20190324",15.5,25.85,FALSE
203110,"Draymond Green","1610612744","Golden State Warriors",2019,"0021801118","20190327",-22.7,3.55,TRUE
203110,"Draymond Green","1610612744","Golden State Warriors",2019,"0021801118","20190327",1.4,31.45,FALSE
203110,"Draymond Green","1610612744","Golden State Warriors",2019,"0021801118","20190327",23.3,8.15,FALSE
203110,"Draymond Green","1610612744","Golden State Warriors",2019,"0021801118","20190327",0.5,5.15,FALSE
203110,"Draymond Green","1610612744","Golden State Warriors",2019,"0021801118","20190327",0.4,31.25,FALSE
203110,"Draymond Green","1610612744","Golden State Warriors",2019,"0021801118","20190327",4.9,14.65,FALSE
203110,"Draymond Green","1610612744","Golden State Warriors",2019,"0021801118","20190327",-1.6,6.05,TRUE
203110,"Draymond Green","1610612744","Golden State Warriors",2019,"0021801132","20190329",0,4.65,TRUE
203110,"Draymond Green","1610612744","Golden State Warriors",2019,"0021801132","20190329",-8.1,8.15,FALSE
203110,"Draymond Green","1610612744","Golden State Warriors",2019,"0021801132","20190329",1.4,25.65,TRUE
203110,"Draymond Green","1610612744","Golden State Warriors",2019,"0021801132","20190329",-0.2,30.55,FALSE
203110,"Draymond Green","1610612744","Golden State Warriors",2019,"0021801132","20190329",-0.6,30.45,FALSE
203110,"Draymond Green","1610612744","Golden State Warriors",2019,"0021801132","20190329",10.5,16.65,FALSE
203110,"Draymond Green","1610612744","Golden State Warriors",2019,"0021801132","20190329",0,4.65,TRUE
203110,"Draymond Green","1610612744","Golden State Warriors",2019,"0021801150","20190331",0.8,7.55,TRUE
203110,"Draymond Green","1610612744","Golden State Warriors",2019,"0021801150","20190331",6.8,32.45,FALSE
203110,"Draymond Green","1610612744","Golden State Warriors",2019,"0021801150","20190331",-1,8.15,TRUE
203110,"Draymond Green","1610612744","Golden State Warriors",2019,"0021801150","20190331",-22.8,9.25,TRUE
203110,"Draymond Green","1610612744","Golden State Warriors",2019,"0021801150","20190331",-23.5,9.45,TRUE
203110,"Draymond Green","1610612744","Golden State Warriors",2019,"0021801150","20190331",17.2,24.45,FALSE
203110,"Draymond Green","1610612744","Golden State Warriors",2019,"0021801164","20190402",4.3,12.85,FALSE
203110,"Draymond Green","1610612744","Golden State Warriors",2019,"0021801164","20190402",12.5,29.05,FALSE
203110,"Draymond Green","1610612744","Golden State Warriors",2019,"0021801164","20190402",-0.6,7.35,TRUE
203110,"Draymond Green","1610612744","Golden State Warriors",2019,"0021801164","20190402",14.1,10.05,TRUE
203110,"Draymond Green","1610612744","Golden State Warriors",2019,"0021801164","20190402",0.3,6.75,TRUE
203110,"Draymond Green","1610612744","Golden State Warriors",2019,"0021801164","20190402",-12.3,29.75,FALSE
203110,"Draymond Green","1610612744","Golden State Warriors",2019,"0021801179","20190404",0.2,5.85,TRUE
203110,"Draymond Green","1610612744","Golden State Warriors",2019,"0021801179","20190404",5.1,29.45,TRUE
203110,"Draymond Green","1610612744","Golden State Warriors",2019,"0021801179","20190404",-1.6,6.25,FALSE
203110,"Draymond Green","1610612744","Golden State Warriors",2019,"0021801179","20190404",8.8,29.65,FALSE
203110,"Draymond Green","1610612744","Golden State Warriors",2019,"0021801179","20190404",1.9,6.75,FALSE
203110,"Draymond Green","1610612744","Golden State Warriors",2019,"0021801179","20190404",1.5,8.25,TRUE
203110,"Draymond Green","1610612744","Golden State Warriors",2019,"0021801179","20190404",0.3,31.85,TRUE
203110,"Draymond Green","1610612744","Golden State Warriors",2019,"0021801179","20190404",1.1,5.65,TRUE
203110,"Draymond Green","1610612744","Golden State Warriors",2019,"0021801191","20190405",-8.8,31.05,TRUE
203110,"Draymond Green","1610612744","Golden State Warriors",2019,"0021801191","20190405",-23.1,6.65,TRUE
203110,"Draymond Green","1610612744","Golden State Warriors",2019,"0021801191","20190405",-18.1,27.05,FALSE
203110,"Draymond Green","1610612744","Golden State Warriors",2019,"0021801191","20190405",-0.1,12.55,FALSE
203110,"Draymond Green","1610612744","Golden State Warriors",2019,"0021801191","20190405",22.6,4.55,FALSE
203110,"Draymond Green","1610612744","Golden State Warriors",2019,"0021801191","20190405",-0.9,11.15,TRUE
203110,"Draymond Green","1610612744","Golden State Warriors",2019,"0021801191","20190405",-16.9,26.75,TRUE
203110,"Draymond Green","1610612744","Golden State Warriors",2019,"0021801191","20190405",19.5,24.65,FALSE
203110,"Draymond Green","1610612744","Golden State Warriors",2019,"0021801191","20190405",2.2,10.45,TRUE
203110,"Draymond Green","1610612744","Golden State Warriors",2019,"0021801191","20190405",-1.4,6.95,TRUE
203110,"Draymond Green","1610612744","Golden State Warriors",2019,"0021801191","20190405",-1.1,7.45,TRUE
203110,"Draymond Green","1610612744","Golden State Warriors",2019,"0021801191","20190405",-0.6,6.55,TRUE
203110,"Draymond Green","1610612744","Golden State Warriors",2019,"0021801191","20190405",1.1,33.25,FALSE
203110,"Draymond Green","1610612744","Golden State Warriors",2019,"0021801191","20190405",-0.5,13.05,FALSE
203110,"Draymond Green","1610612744","Golden State Warriors",2019,"0021801205","20190407",0.1,14.95,FALSE
203110,"Draymond Green","1610612744","Golden State Warriors",2019,"0021801205","20190407",16.1,28.55,FALSE
203110,"Draymond Green","1610612744","Golden State Warriors",2019,"0021801205","20190407",5.1,23.35,FALSE
203110,"Draymond Green","1610612744","Golden State Warriors",2019,"0021801205","20190407",-1.6,10.55,FALSE
203110,"Draymond Green","1610612744","Golden State Warriors",2019,"0021801205","20190407",1.1,6.35,TRUE
203110,"Draymond Green","1610612744","Golden State Warriors",2019,"0021801205","20190407",0.6,6.65,TRUE
203110,"Draymond Green","1610612744","Golden State Warriors",2019,"0021801205","20190407",-1.3,9.75,FALSE
203110,"Draymond Green","1610612744","Golden State Warriors",2019,"0021801205","20190407",0.9,5.35,TRUE
203110,"Draymond Green","1610612744","Golden State Warriors",2019,"0021801205","20190407",0.3,6.15,TRUE
203110,"Draymond Green","1610612744","Golden State Warriors",2019,"0021801215","20190409",-1.9,4.75,FALSE
203110,"Draymond Green","1610612744","Golden State Warriors",2019,"0021801215","20190409",-2.9,13.05,FALSE
203110,"Draymond Green","1610612744","Golden State Warriors",2020,"0021900016","20191024",1.2,13.35,TRUE
203110,"Draymond Green","1610612744","Golden State Warriors",2020,"0021900016","20191024",9.4,19.15,FALSE
203110,"Draymond Green","1610612744","Golden State Warriors",2020,"0021900016","20191024",2,32.05,FALSE
203110,"Draymond Green","1610612744","Golden State Warriors",2020,"0021900016","20191024",13,21.25,FALSE
203110,"Draymond Green","1610612744","Golden State Warriors",2020,"0021900016","20191024",-10.3,14.45,TRUE
203110,"Draymond Green","1610612744","Golden State Warriors",2020,"0021900016","20191024",1,30.45,TRUE
203110,"Draymond Green","1610612744","Golden State Warriors",2020,"0021900036","20191027",10.5,29.65,FALSE
203110,"Draymond Green","1610612744","Golden State Warriors",2020,"0021900036","20191027",-2.9,31.95,FALSE
203110,"Draymond Green","1610612744","Golden State Warriors",2020,"0021900036","20191027",-6.9,8.15,TRUE
203110,"Draymond Green","1610612744","Golden State Warriors",2020,"0021900036","20191027",7.9,9.35,FALSE
203110,"Draymond Green","1610612744","Golden State Warriors",2020,"0021900036","20191027",12.1,28.45,TRUE
203110,"Draymond Green","1610612744","Golden State Warriors",2020,"0021900036","20191027",1.1,11.65,FALSE
203110,"Draymond Green","1610612744","Golden State Warriors",2020,"0021900036","20191027",-23.4,6.75,FALSE
203110,"Draymond Green","1610612744","Golden State Warriors",2020,"0021900036","20191027",0,7.45,TRUE
203110,"Draymond Green","1610612744","Golden State Warriors",2020,"0021900036","20191027",1.5,5.35,TRUE
203110,"Draymond Green","1610612744","Golden State Warriors",2020,"0021900047","20191028",-1.4,6.05,TRUE
203110,"Draymond Green","1610612744","Golden State Warriors",2020,"0021900047","20191028",1.5,5.65,FALSE
203110,"Draymond Green","1610612744","Golden State Warriors",2020,"0021900047","20191028",2,4.85,FALSE
203110,"Draymond Green","1610612744","Golden State Warriors",2020,"0021900047","20191028",-2.2,4.85,TRUE
203110,"Draymond Green","1610612744","Golden State Warriors",2020,"0021900047","20191028",0.5,4.85,TRUE
203110,"Draymond Green","1610612744","Golden State Warriors",2020,"0021900047","20191028",-1.1,5.65,TRUE
203110,"Draymond Green","1610612744","Golden State Warriors",2020,"0021900047","20191028",-2,5.75,FALSE
203110,"Draymond Green","1610612744","Golden State Warriors",2020,"0021900047","20191028",1.3,32.15,FALSE
203110,"Draymond Green","1610612744","Golden State Warriors",2020,"0021900047","20191028",0,4.65,FALSE
203110,"Draymond Green","1610612744","Golden State Warriors",2020,"0021900047","20191028",0,4.65,TRUE
203110,"Draymond Green","1610612744","Golden State Warriors",2020,"0021900047","20191028",-1.1,6.35,TRUE
203110,"Draymond Green","1610612744","Golden State Warriors",2020,"0021900047","20191028",-1.5,6.35,TRUE
203110,"Draymond Green","1610612744","Golden State Warriors",2020,"0021900065","20191030",9.8,6.25,FALSE
203110,"Draymond Green","1610612744","Golden State Warriors",2020,"0021900065","20191030",6,15.05,TRUE
203110,"Draymond Green","1610612744","Golden State Warriors",2020,"0021900065","20191030",0.6,31.65,FALSE
203110,"Draymond Green","1610612744","Golden State Warriors",2020,"0021900065","20191030",4.3,24.75,FALSE
203110,"Draymond Green","1610612744","Golden State Warriors",2020,"0021900065","20191030",0.5,6.45,TRUE
203110,"Draymond Green","1610612744","Golden State Warriors",2020,"0021900065","20191030",0.6,6.25,FALSE
203110,"Draymond Green","1610612744","Golden State Warriors",2020,"0021900065","20191030",-0.5,6.35,FALSE
203110,"Draymond Green","1610612744","Golden State Warriors",2020,"0021900065","20191030",-9.7,29.35,FALSE
203110,"Draymond Green","1610612744","Golden State Warriors",2020,"0021900076","20191101",-16.6,26.85,TRUE
203110,"Draymond Green","1610612744","Golden State Warriors",2020,"0021900076","20191101",0,29.85,FALSE
203110,"Draymond Green","1610612744","Golden State Warriors",2020,"0021900076","20191101",-22.5,8.25,FALSE
203110,"Draymond Green","1610612744","Golden State Warriors",2020,"0021900076","20191101",-1.3,7.95,FALSE
203110,"Draymond Green","1610612744","Golden State Warriors",2020,"0021900076","20191101",3,6.75,FALSE
203110,"Draymond Green","1610612744","Golden State Warriors",2020,"0021900076","20191101",-8.9,30.85,TRUE
203110,"Draymond Green","1610612744","Golden State Warriors",2020,"0021900076","20191101",5.4,17.55,FALSE
203110,"Draymond Green","1610612744","Golden State Warriors",2020,"0021900144","20191111",-1.6,7.75,TRUE
203110,"Draymond Green","1610612744","Golden State Warriors",2020,"0021900144","20191111",0,31.65,FALSE
203110,"Draymond Green","1610612744","Golden State Warriors",2020,"0021900144","20191111",18.5,23.65,FALSE
203110,"Draymond Green","1610612744","Golden State Warriors",2020,"0021900144","20191111",-1.8,11.65,TRUE
203110,"Draymond Green","1610612744","Golden State Warriors",2020,"0021900144","20191111",-0.3,41.55,FALSE
203110,"Draymond Green","1610612744","Golden State Warriors",2020,"0021900144","20191111",-16.1,25.35,FALSE
203110,"Draymond Green","1610612744","Golden State Warriors",2020,"0021900144","20191111",2.7,12.15,FALSE
203110,"Draymond Green","1610612744","Golden State Warriors",2020,"0021900159","20191113",6.7,29.85,FALSE
203110,"Draymond Green","1610612744","Golden State Warriors",2020,"0021900159","20191113",-0.3,6.75,TRUE
203110,"Draymond Green","1610612744","Golden State Warriors",2020,"0021900159","20191113",1.9,6.95,FALSE
203110,"Draymond Green","1610612744","Golden State Warriors",2020,"0021900159","20191113",-1,6.45,TRUE
203110,"Draymond Green","1610612744","Golden State Warriors",2020,"0021900159","20191113",15.5,13.15,FALSE
203110,"Draymond Green","1610612744","Golden State Warriors",2020,"0021900159","20191113",22.7,4.45,FALSE
203110,"Draymond Green","1610612744","Golden State Warriors",2020,"0021900159","20191113",-0.9,10.25,FALSE
203110,"Draymond Green","1610612744","Golden State Warriors",2020,"0021900159","20191113",-13.1,26.75,TRUE
203110,"Draymond Green","1610612744","Golden State Warriors",2020,"0021900159","20191113",10.1,28.15,TRUE
203110,"Draymond Green","1610612744","Golden State Warriors",2020,"0021900159","20191113",0.2,7.25,FALSE
203110,"Draymond Green","1610612744","Golden State Warriors",2020,"0021900173","20191115",-1.3,31.05,TRUE
203110,"Draymond Green","1610612744","Golden State Warriors",2020,"0021900173","20191115",0.6,12.65,TRUE
203110,"Draymond Green","1610612744","Golden State Warriors",2020,"0021900173","20191115",2.5,31.95,FALSE
203110,"Draymond Green","1610612744","Golden State Warriors",2020,"0021900173","20191115",-0.9,8.45,TRUE
203110,"Draymond Green","1610612744","Golden State Warriors",2020,"0021900173","20191115",7.6,30.85,FALSE
203110,"Draymond Green","1610612744","Golden State Warriors",2020,"0021900173","20191115",5.4,34.15,FALSE
203110,"Draymond Green","1610612744","Golden State Warriors",2020,"0021900187","20191117",-0.8,29.95,FALSE
203110,"Draymond Green","1610612744","Golden State Warriors",2020,"0021900187","20191117",-0.7,14.85,FALSE
203110,"Draymond Green","1610612744","Golden State Warriors",2020,"0021900187","20191117",-12.5,13.95,FALSE
203110,"Draymond Green","1610612744","Golden State Warriors",2020,"0021900187","20191117",0.4,31.55,TRUE
203110,"Draymond Green","1610612744","Golden State Warriors",2020,"0021900187","20191117",2.9,5.95,FALSE
203110,"Draymond Green","1610612744","Golden State Warriors",2020,"0021900187","20191117",-0.3,30.95,FALSE
203110,"Draymond Green","1610612744","Golden State Warriors",2020,"0021900187","20191117",11.9,10.25,FALSE
203110,"Draymond Green","1610612744","Golden State Warriors",2020,"0021900187","20191117",-9,21.05,FALSE
203110,"Draymond Green","1610612744","Golden State Warriors",2020,"0021900187","20191117",-3.3,6.75,FALSE
203110,"Draymond Green","1610612744","Golden State Warriors",2020,"0021900187","20191117",-0.4,6.45,TRUE
203110,"Draymond Green","1610612744","Golden State Warriors",2020,"0021900198","20191119",-20.5,19.15,FALSE
203110,"Draymond Green","1610612744","Golden State Warriors",2020,"0021900198","20191119",0,4.65,FALSE
203110,"Draymond Green","1610612744","Golden State Warriors",2020,"0021900198","20191119",-0.5,5.15,TRUE
203110,"Draymond Green","1610612744","Golden State Warriors",2020,"0021900198","20191119",13.3,15.95,FALSE
203110,"Draymond Green","1610612744","Golden State Warriors",2020,"0021900198","20191119",13.6,25.75,FALSE
203110,"Draymond Green","1610612744","Golden State Warriors",2020,"0021900198","20191119",0.6,5.15,TRUE
203110,"Draymond Green","1610612744","Golden State Warriors",2020,"0021900198","20191119",4.2,23.65,TRUE
203110,"Draymond Green","1610612744","Golden State Warriors",2020,"0021900198","20191119",0.9,16.55,FALSE
203110,"Draymond Green","1610612744","Golden State Warriors",2020,"0021900198","20191119",-4.9,21.95,FALSE
203110,"Draymond Green","1610612744","Golden State Warriors",2020,"0021900198","20191119",-0.7,6.15,FALSE
203110,"Draymond Green","1610612744","Golden State Warriors",2020,"0021900198","20191119",1.6,5.55,TRUE
203110,"Draymond Green","1610612744","Golden State Warriors",2020,"0021900198","20191119",-6.3,15.75,FALSE
203110,"Draymond Green","1610612744","Golden State Warriors",2020,"0021900266","20191127",0.9,15.45,TRUE
203110,"Draymond Green","1610612744","Golden State Warriors",2020,"0021900266","20191127",1.8,16.15,FALSE
203110,"Draymond Green","1610612744","Golden State Warriors",2020,"0021900266","20191127",-22.5,7.25,TRUE
203110,"Draymond Green","1610612744","Golden State Warriors",2020,"0021900273","20191129",-9.2,21.55,TRUE
203110,"Draymond Green","1610612744","Golden State Warriors",2020,"0021900273","20191129",13.2,27.75,FALSE
203110,"Draymond Green","1610612744","Golden State Warriors",2020,"0021900273","20191129",1.4,6.45,FALSE
203110,"Draymond Green","1610612744","Golden State Warriors",2020,"0021900273","20191129",-0.8,6.35,TRUE
203110,"Draymond Green","1610612744","Golden State Warriors",2020,"0021900273","20191129",23.4,6.35,FALSE
203110,"Draymond Green","1610612744","Golden State Warriors",2020,"0021900290","20191201",-3.1,10.25,TRUE
203110,"Draymond Green","1610612744","Golden State Warriors",2020,"0021900290","20191201",-0.3,17.55,FALSE
203110,"Draymond Green","1610612744","Golden State Warriors",2020,"0021900290","20191201",-0.4,12.25,TRUE
203110,"Draymond Green","1610612744","Golden State Warriors",2020,"0021900290","20191201",-14.8,26.55,TRUE
203110,"Draymond Green","1610612744","Golden State Warriors",2020,"0021900290","20191201",0.9,6.15,TRUE
203110,"Draymond Green","1610612744","Golden State Warriors",2020,"0021900290","20191201",1.1,22.45,FALSE
203110,"Draymond Green","1610612744","Golden State Warriors",2020,"0021900306","20191204",-9.8,28.65,FALSE
203110,"Draymond Green","1610612744","Golden State Warriors",2020,"0021900306","20191204",-13.9,11.75,FALSE
203110,"Draymond Green","1610612744","Golden State Warriors",2020,"0021900306","20191204",8.2,30.15,FALSE
203110,"Draymond Green","1610612744","Golden State Warriors",2020,"0021900306","20191204",1.6,7.05,TRUE
203110,"Draymond Green","1610612744","Golden State Warriors",2020,"0021900306","20191204",-5.1,14.25,FALSE
203110,"Draymond Green","1610612744","Golden State Warriors",2020,"0021900306","20191204",-0.6,6.45,TRUE
203110,"Draymond Green","1610612744","Golden State Warriors",2020,"0021900325","20191206",1.2,13.55,TRUE
203110,"Draymond Green","1610612744","Golden State Warriors",2020,"0021900325","20191206",-10.6,10.55,FALSE
203110,"Draymond Green","1610612744","Golden State Warriors",2020,"0021900325","20191206",-12.1,27.65,FALSE
203110,"Draymond Green","1610612744","Golden State Warriors",2020,"0021900325","20191206",1.9,7.65,FALSE
203110,"Draymond Green","1610612744","Golden State Warriors",2020,"0021900325","20191206",-1.2,10.95,FALSE
203110,"Draymond Green","1610612744","Golden State Warriors",2020,"0021900325","20191206",-0.9,10.85,TRUE
203110,"Draymond Green","1610612744","Golden State Warriors",2020,"0021900351","20191209",-0.5,7.15,TRUE
203110,"Draymond Green","1610612744","Golden State Warriors",2020,"0021900351","20191209",-3.3,7.25,FALSE
203110,"Draymond Green","1610612744","Golden State Warriors",2020,"0021900351","20191209",18.8,22.15,TRUE
203110,"Draymond Green","1610612744","Golden State Warriors",2020,"0021900351","20191209",1.9,6.15,TRUE
203110,"Draymond Green","1610612744","Golden State Warriors",2020,"0021900351","20191209",-0.3,5.15,TRUE
203110,"Draymond Green","1610612744","Golden State Warriors",2020,"0021900351","20191209",-14.3,27.15,FALSE
203110,"Draymond Green","1610612744","Golden State Warriors",2020,"0021900351","20191209",-0.1,7.75,FALSE
203110,"Draymond Green","1610612744","Golden State Warriors",2020,"0021900351","20191209",0.4,6.65,FALSE
203110,"Draymond Green","1610612744","Golden State Warriors",2020,"0021900351","20191209",-0.2,20.55,TRUE
203110,"Draymond Green","1610612744","Golden State Warriors",2020,"0021900351","20191209",0.5,22.75,FALSE
203110,"Draymond Green","1610612744","Golden State Warriors",2020,"0021900351","20191209",-9.4,8.15,FALSE
203110,"Draymond Green","1610612744","Golden State Warriors",2020,"0021900351","20191209",8.2,30.15,FALSE
203110,"Draymond Green","1610612744","Golden State Warriors",2020,"0021900351","20191209",0.2,7.25,TRUE
203110,"Draymond Green","1610612744","Golden State Warriors",2020,"0021900366","20191211",1.2,16.35,TRUE
203110,"Draymond Green","1610612744","Golden State Warriors",2020,"0021900366","20191211",-14.1,26.65,TRUE
203110,"Draymond Green","1610612744","Golden State Warriors",2020,"0021900366","20191211",1.8,8.35,FALSE
203110,"Draymond Green","1610612744","Golden State Warriors",2020,"0021900366","20191211",-17.9,28.05,FALSE
203110,"Draymond Green","1610612744","Golden State Warriors",2020,"0021900366","20191211",16.4,26.45,FALSE
203110,"Draymond Green","1610612744","Golden State Warriors",2020,"0021900366","20191211",-0.6,6.95,TRUE
203110,"Draymond Green","1610612744","Golden State Warriors",2020,"0021900366","20191211",-1.7,8.75,TRUE
203110,"Draymond Green","1610612744","Golden State Warriors",2020,"0021900366","20191211",0.9,30.85,FALSE
203110,"Draymond Green","1610612744","Golden State Warriors",2020,"0021900366","20191211",-0.6,5.85,TRUE
203110,"Draymond Green","1610612744","Golden State Warriors",2020,"0021900366","20191211",-4,31.35,FALSE
203110,"Draymond Green","1610612744","Golden State Warriors",2020,"0021900366","20191211",-0.2,12.95,FALSE
203110,"Draymond Green","1610612744","Golden State Warriors",2020,"0021900393","20191215",0.9,13.75,TRUE
203110,"Draymond Green","1610612744","Golden State Warriors",2020,"0021900393","20191215",1.9,31.15,FALSE
203110,"Draymond Green","1610612744","Golden State Warriors",2020,"0021900393","20191215",-8.6,22.45,FALSE
203110,"Draymond Green","1610612744","Golden State Warriors",2020,"0021900393","20191215",-1.1,7.35,TRUE
203110,"Draymond Green","1610612744","Golden State Warriors",2020,"0021900393","20191215",0.2,31.65,FALSE
203110,"Draymond Green","1610612744","Golden State Warriors",2020,"0021900393","20191215",-21.9,18.35,TRUE
203110,"Draymond Green","1610612744","Golden State Warriors",2020,"0021900393","20191215",7.9,29.95,FALSE
203110,"Draymond Green","1610612744","Golden State Warriors",2020,"0021900415","20191218",1.1,7.95,FALSE
203110,"Draymond Green","1610612744","Golden State Warriors",2020,"0021900415","20191218",-0.5,6.55,FALSE
203110,"Draymond Green","1610612744","Golden State Warriors",2020,"0021900415","20191218",-0.6,5.15,FALSE
203110,"Draymond Green","1610612744","Golden State Warriors",2020,"0021900415","20191218",-5.2,7.85,FALSE
203110,"Draymond Green","1610612744","Golden State Warriors",2020,"0021900415","20191218",5.5,18.35,TRUE
203110,"Draymond Green","1610612744","Golden State Warriors",2020,"0021900415","20191218",-23.2,8.85,TRUE
203110,"Draymond Green","1610612744","Golden State Warriors",2020,"0021900429","20191220",1.2,17.55,FALSE
203110,"Draymond Green","1610612744","Golden State Warriors",2020,"0021900429","20191220",0.3,32.55,FALSE
203110,"Draymond Green","1610612744","Golden State Warriors",2020,"0021900429","20191220",14.1,21.65,FALSE
203110,"Draymond Green","1610612744","Golden State Warriors",2020,"0021900429","20191220",1.8,8.65,TRUE
203110,"Draymond Green","1610612744","Golden State Warriors",2020,"0021900429","20191220",1.7,14.45,TRUE
203110,"Draymond Green","1610612744","Golden State Warriors",2020,"0021900429","20191220",-0.6,21.45,TRUE
203110,"Draymond Green","1610612744","Golden State Warriors",2020,"0021900454","20191223",-13,29.05,FALSE
203110,"Draymond Green","1610612744","Golden State Warriors",2020,"0021900454","20191223",-6,9.25,FALSE
203110,"Draymond Green","1610612744","Golden State Warriors",2020,"0021900454","20191223",2.9,14.65,TRUE
203110,"Draymond Green","1610612744","Golden State Warriors",2020,"0021900454","20191223",-18.7,23.05,FALSE
203110,"Draymond Green","1610612744","Golden State Warriors",2020,"0021900454","20191223",1.4,31.55,FALSE
203110,"Draymond Green","1610612744","Golden State Warriors",2020,"0021900454","20191223",-1.7,11.35,TRUE
203110,"Draymond Green","1610612744","Golden State Warriors",2020,"0021900457","20191225",19.2,25.75,FALSE
203110,"Draymond Green","1610612744","Golden State Warriors",2020,"0021900457","20191225",1.1,7.75,TRUE
203110,"Draymond Green","1610612744","Golden State Warriors",2020,"0021900457","20191225",-2.2,8.05,FALSE
203110,"Draymond Green","1610612744","Golden State Warriors",2020,"0021900457","20191225",-0.3,7.45,FALSE
203110,"Draymond Green","1610612744","Golden State Warriors",2020,"0021900457","20191225",-1.6,8.05,FALSE
203110,"Draymond Green","1610612744","Golden State Warriors",2020,"0021900457","20191225",10.5,22.45,FALSE
203110,"Draymond Green","1610612744","Golden State Warriors",2020,"0021900457","20191225",0.3,7.05,TRUE
203110,"Draymond Green","1610612744","Golden State Warriors",2020,"0021900457","20191225",-13.8,5.65,TRUE
203110,"Draymond Green","1610612744","Golden State Warriors",2020,"0021900457","20191225",-0.3,5.55,TRUE
203110,"Draymond Green","1610612744","Golden State Warriors",2020,"0021900457","20191225",-1.3,6.75,TRUE
203110,"Draymond Green","1610612744","Golden State Warriors",2020,"0021900457","20191225",0.4,7.15,TRUE
203110,"Draymond Green","1610612744","Golden State Warriors",2020,"0021900457","20191225",-17.4,26.55,FALSE
203110,"Draymond Green","1610612744","Golden State Warriors",2020,"0021900457","20191225",22.8,6.25,TRUE
203110,"Draymond Green","1610612744","Golden State Warriors",2020,"0021900457","20191225",-3.9,32.85,TRUE
203110,"Draymond Green","1610612744","Golden State Warriors",2020,"0021900471","20191227",-23.1,7.95,FALSE
203110,"Draymond Green","1610612744","Golden State Warriors",2020,"0021900471","20191227",-12.5,29.95,FALSE
203110,"Draymond Green","1610612744","Golden State Warriors",2020,"0021900471","20191227",-0.8,11.85,FALSE
203110,"Draymond Green","1610612744","Golden State Warriors",2020,"0021900471","20191227",0,4.65,TRUE
203110,"Draymond Green","1610612744","Golden State Warriors",2020,"0021900471","20191227",12.3,19.25,TRUE
203110,"Draymond Green","1610612744","Golden State Warriors",2020,"0021900471","20191227",-1.4,12.95,FALSE
203110,"Draymond Green","1610612744","Golden State Warriors",2020,"0021900471","20191227",0,4.65,FALSE
203110,"Draymond Green","1610612744","Golden State Warriors",2020,"0021900471","20191227",1.1,6.65,FALSE
203110,"Draymond Green","1610612744","Golden State Warriors",2020,"0021900471","20191227",11.9,30.35,FALSE
203110,"Draymond Green","1610612744","Golden State Warriors",2020,"0021900471","20191227",3,25.15,FALSE
203110,"Draymond Green","1610612744","Golden State Warriors",2020,"0021900471","20191227",10.6,23.05,FALSE
203110,"Draymond Green","1610612744","Golden State Warriors",2020,"0021900471","20191227",9,32.25,TRUE
203110,"Draymond Green","1610612744","Golden State Warriors",2020,"0021900471","20191227",-3.1,32.45,TRUE
203110,"Draymond Green","1610612744","Golden State Warriors",2020,"0021900471","20191227",0.3,8.45,FALSE
203110,"Draymond Green","1610612744","Golden State Warriors",2020,"0021900482","20191228",1.1,14.95,FALSE
203110,"Draymond Green","1610612744","Golden State Warriors",2020,"0021900482","20191228",0.2,8.05,TRUE
203110,"Draymond Green","1610612744","Golden State Warriors",2020,"0021900482","20191228",-0.3,7.15,TRUE
203110,"Draymond Green","1610612744","Golden State Warriors",2020,"0021900482","20191228",-12.8,30.75,FALSE
203110,"Draymond Green","1610612744","Golden State Warriors",2020,"0021900482","20191228",-16.1,27.95,TRUE
203110,"Draymond Green","1610612744","Golden State Warriors",2020,"0021900482","20191228",-7,31.25,TRUE
203110,"Draymond Green","1610612744","Golden State Warriors",2020,"0021900482","20191228",-0.6,31.85,FALSE
203110,"Draymond Green","1610612744","Golden State Warriors",2020,"0021900482","20191228",-12.3,30.25,FALSE
203110,"Draymond Green","1610612744","Golden State Warriors",2020,"0021900482","20191228",9.4,17.75,FALSE
203110,"Draymond Green","1610612744","Golden State Warriors",2020,"0021900482","20191228",1.8,8.45,FALSE
203110,"Draymond Green","1610612744","Golden State Warriors",2020,"0021900502","20191231",10.3,29.45,FALSE
203110,"Draymond Green","1610612744","Golden State Warriors",2020,"0021900502","20191231",-11,20.55,FALSE
203110,"Draymond Green","1610612744","Golden State Warriors",2020,"0021900502","20191231",4.1,29.85,TRUE
203110,"Draymond Green","1610612744","Golden State Warriors",2020,"0021900502","20191231",-14.4,26.75,TRUE
203110,"Draymond Green","1610612744","Golden State Warriors",2020,"0021900502","20191231",-9.5,30.45,FALSE
203110,"Draymond Green","1610612744","Golden State Warriors",2020,"0021900502","20191231",3.3,19.45,TRUE
203110,"Draymond Green","1610612744","Golden State Warriors",2020,"0021900502","20191231",2.9,4.85,TRUE
203110,"Draymond Green","1610612744","Golden State Warriors",2020,"0021900502","20191231",11.4,28.85,FALSE
203110,"Draymond Green","1610612744","Golden State Warriors",2020,"0021900502","20191231",5.4,16.25,FALSE
203110,"Draymond Green","1610612744","Golden State Warriors",2020,"0021900502","20191231",20.3,21.75,FALSE
203110,"Draymond Green","1610612744","Golden State Warriors",2020,"0021900502","20191231",2.8,10.15,FALSE
203110,"Draymond Green","1610612744","Golden State Warriors",2020,"0021900512","20200102",-20,13.05,TRUE
203110,"Draymond Green","1610612744","Golden State Warriors",2020,"0021900512","20200102",22,4.85,FALSE
203110,"Draymond Green","1610612744","Golden State Warriors",2020,"0021900512","20200102",7.6,31.45,FALSE
203110,"Draymond Green","1610612744","Golden State Warriors",2020,"0021900512","20200102",-7.9,29.75,FALSE
203110,"Draymond Green","1610612744","Golden State Warriors",2020,"0021900532","20200104",1.7,34.05,FALSE
203110,"Draymond Green","1610612744","Golden State Warriors",2020,"0021900532","20200104",1.2,32.45,FALSE
203110,"Draymond Green","1610612744","Golden State Warriors",2020,"0021900562","20200108",19.6,24.15,TRUE
203110,"Draymond Green","1610612744","Golden State Warriors",2020,"0021900562","20200108",-14.3,27.45,FALSE
203110,"Draymond Green","1610612744","Golden State Warriors",2020,"0021900562","20200108",-13.6,28.45,FALSE
203110,"Draymond Green","1610612744","Golden State Warriors",2020,"0021900562","20200108",-2.9,30.95,FALSE
203110,"Draymond Green","1610612744","Golden State Warriors",2020,"0021900562","20200108",-11.7,12.75,FALSE
203110,"Draymond Green","1610612744","Golden State Warriors",2020,"0021900562","20200108",-1,7.05,FALSE
203110,"Draymond Green","1610612744","Golden State Warriors",2020,"0021900562","20200108",15.9,29.45,FALSE
203110,"Draymond Green","1610612744","Golden State Warriors",2020,"0021900576","20200110",14.3,28.55,FALSE
203110,"Draymond Green","1610612744","Golden State Warriors",2020,"0021900576","20200110",-9.1,14.15,TRUE
203110,"Draymond Green","1610612744","Golden State Warriors",2020,"0021900576","20200110",12.2,29.55,FALSE
203110,"Draymond Green","1610612744","Golden State Warriors",2020,"0021900576","20200110",2.1,32.45,FALSE
203110,"Draymond Green","1610612744","Golden State Warriors",2020,"0021900576","20200110",5.1,30.75,TRUE
203110,"Draymond Green","1610612744","Golden State Warriors",2020,"0021900576","20200110",-19.2,20.85,FALSE
203110,"Draymond Green","1610612744","Golden State Warriors",2020,"0021900576","20200110",1,30.25,FALSE
203110,"Draymond Green","1610612744","Golden State Warriors",2020,"0021900576","20200110",-1.4,7.45,TRUE
203110,"Draymond Green","1610612744","Golden State Warriors",2020,"0021900576","20200110",2.1,8.95,FALSE
203110,"Draymond Green","1610612744","Golden State Warriors",2020,"0021900588","20200112",-19,21.55,TRUE
203110,"Draymond Green","1610612744","Golden State Warriors",2020,"0021900588","20200112",4.9,21.25,FALSE
203110,"Draymond Green","1610612744","Golden State Warriors",2020,"0021900588","20200112",3.3,14.15,FALSE
203110,"Draymond Green","1610612744","Golden State Warriors",2020,"0021900588","20200112",9.2,5.15,FALSE
203110,"Draymond Green","1610612744","Golden State Warriors",2020,"0021900588","20200112",5.7,29.95,FALSE
203110,"Draymond Green","1610612744","Golden State Warriors",2020,"0021900602","20200114",1.4,31.95,TRUE
203110,"Draymond Green","1610612744","Golden State Warriors",2020,"0021900602","20200114",-9.1,31.45,FALSE
203110,"Draymond Green","1610612744","Golden State Warriors",2020,"0021900602","20200114",3.6,12.65,FALSE
203110,"Draymond Green","1610612744","Golden State Warriors",2020,"0021900602","20200114",0,11.75,FALSE
203110,"Draymond Green","1610612744","Golden State Warriors",2020,"0021900602","20200114",-0.7,31.05,FALSE
203110,"Draymond Green","1610612744","Golden State Warriors",2020,"0021900602","20200114",1.3,6.35,TRUE
203110,"Draymond Green","1610612744","Golden State Warriors",2020,"0021900617","20200116",-5.4,14.05,FALSE
203110,"Draymond Green","1610612744","Golden State Warriors",2020,"0021900617","20200116",-12,28.55,FALSE
203110,"Draymond Green","1610612744","Golden State Warriors",2020,"0021900617","20200116",6,10.95,FALSE
203110,"Draymond Green","1610612744","Golden State Warriors",2020,"0021900617","20200116",-2.1,8.35,FALSE
203110,"Draymond Green","1610612744","Golden State Warriors",2020,"0021900617","20200116",1.3,8.95,TRUE
203110,"Draymond Green","1610612744","Golden State Warriors",2020,"0021900617","20200116",2.5,31.35,FALSE
203110,"Draymond Green","1610612744","Golden State Warriors",2020,"0021900617","20200116",2.5,7.95,FALSE
203110,"Draymond Green","1610612744","Golden State Warriors",2020,"0021900617","20200116",4,15.15,TRUE
203110,"Draymond Green","1610612744","Golden State Warriors",2020,"0021900665","20200122",0.3,17.75,TRUE
203110,"Draymond Green","1610612744","Golden State Warriors",2020,"0021900665","20200122",-19,24.95,TRUE
203110,"Draymond Green","1610612744","Golden State Warriors",2020,"0021900665","20200122",8.9,30.35,FALSE
203110,"Draymond Green","1610612744","Golden State Warriors",2020,"0021900679","20200124",-5.1,8.55,FALSE
203110,"Draymond Green","1610612744","Golden State Warriors",2020,"0021900679","20200124",9.3,31.25,TRUE
203110,"Draymond Green","1610612744","Golden State Warriors",2020,"0021900679","20200124",8.1,31.05,FALSE
203110,"Draymond Green","1610612744","Golden State Warriors",2020,"0021900679","20200124",-23,6.95,FALSE
203110,"Draymond Green","1610612744","Golden State Warriors",2020,"0021900679","20200124",-0.1,6.95,FALSE
203110,"Draymond Green","1610612744","Golden State Warriors",2020,"0021900679","20200124",-4.3,9.75,TRUE
203110,"Draymond Green","1610612744","Golden State Warriors",2020,"0021900679","20200124",-1.4,7.25,TRUE
203110,"Draymond Green","1610612744","Golden State Warriors",2020,"0021900679","20200124",10.5,28.35,FALSE
203110,"Draymond Green","1610612744","Golden State Warriors",2020,"0021900702","20200128",-3.5,30.85,TRUE
203110,"Draymond Green","1610612744","Golden State Warriors",2020,"0021900702","20200128",1.6,5.15,TRUE
203110,"Draymond Green","1610612744","Golden State Warriors",2020,"0021900702","20200128",-24,9.45,FALSE
203110,"Draymond Green","1610612744","Golden State Warriors",2020,"0021900702","20200128",6,18.95,TRUE
203110,"Draymond Green","1610612744","Golden State Warriors",2020,"0021900702","20200128",5.3,30.55,FALSE
203110,"Draymond Green","1610612744","Golden State Warriors",2020,"0021900702","20200128",12.2,27.45,FALSE
203110,"Draymond Green","1610612744","Golden State Warriors",2020,"0021900702","20200128",17.1,24.05,FALSE
203110,"Draymond Green","1610612744","Golden State Warriors",2020,"0021900702","20200128",-8.5,30.95,FALSE
203110,"Draymond Green","1610612744","Golden State Warriors",2020,"0021900717","20200130",9.6,4.65,FALSE
203110,"Draymond Green","1610612744","Golden State Warriors",2020,"0021900717","20200130",-22.9,10.75,TRUE
203110,"Draymond Green","1610612744","Golden State Warriors",2020,"0021900717","20200130",-5.5,7.75,FALSE
203110,"Draymond Green","1610612744","Golden State Warriors",2020,"0021900717","20200130",-0.7,6.35,TRUE
203110,"Draymond Green","1610612744","Golden State Warriors",2020,"0021900717","20200130",-9.3,30.35,FALSE
203110,"Draymond Green","1610612744","Golden State Warriors",2020,"0021900717","20200130",-11.4,21.25,FALSE
203110,"Draymond Green","1610612744","Golden State Warriors",2020,"0021900717","20200130",5.5,9.45,FALSE
203110,"Draymond Green","1610612744","Golden State Warriors",2020,"0021900717","20200130",-0.8,5.65,TRUE
203110,"Draymond Green","1610612744","Golden State Warriors",2020,"0021900730","20200201",4.8,30.05,FALSE
203110,"Draymond Green","1610612744","Golden State Warriors",2020,"0021900730","20200201",-13.8,27.05,FALSE
203110,"Draymond Green","1610612744","Golden State Warriors",2020,"0021900730","20200201",-10.5,28.35,TRUE
203110,"Draymond Green","1610612744","Golden State Warriors",2020,"0021900730","20200201",0,4.65,TRUE
203110,"Draymond Green","1610612744","Golden State Warriors",2020,"0021900730","20200201",-1.1,32.65,TRUE
203110,"Draymond Green","1610612744","Golden State Warriors",2020,"0021900730","20200201",12.5,29.15,FALSE
203110,"Draymond Green","1610612744","Golden State Warriors",2020,"0021900744","20200203",24.3,14.75,TRUE
203110,"Draymond Green","1610612744","Golden State Warriors",2020,"0021900744","20200203",12.3,28.65,TRUE
203110,"Draymond Green","1610612744","Golden State Warriors",2020,"0021900744","20200203",-21.7,18.75,FALSE
203110,"Draymond Green","1610612744","Golden State Warriors",2020,"0021900744","20200203",-7.3,22.85,TRUE
203110,"Draymond Green","1610612744","Golden State Warriors",2020,"0021900744","20200203",-0.3,5.65,TRUE
203110,"Draymond Green","1610612744","Golden State Warriors",2020,"0021900744","20200203",1.4,7.25,TRUE
203110,"Draymond Green","1610612744","Golden State Warriors",2020,"0021900744","20200203",-2.4,12.15,FALSE
203110,"Draymond Green","1610612744","Golden State Warriors",2020,"0021900744","20200203",-1,7.85,FALSE
203110,"Draymond Green","1610612744","Golden State Warriors",2020,"0021900757","20200205",-2.4,30.45,FALSE
203110,"Draymond Green","1610612744","Golden State Warriors",2020,"0021900757","20200205",-1.2,16.35,FALSE
203110,"Draymond Green","1610612744","Golden State Warriors",2020,"0021900757","20200205",1.4,6.05,TRUE
203110,"Draymond Green","1610612744","Golden State Warriors",2020,"0021900757","20200205",-7.8,19.45,FALSE
203110,"Draymond Green","1610612744","Golden State Warriors",2020,"0021900757","20200205",-16.5,17.05,FALSE
203110,"Draymond Green","1610612744","Golden State Warriors",2020,"0021900757","20200205",-3.5,6.95,TRUE
203110,"Draymond Green","1610612744","Golden State Warriors",2020,"0021900800","20200210",1.9,9.65,FALSE
203110,"Draymond Green","1610612744","Golden State Warriors",2020,"0021900800","20200210",-22.2,12.35,FALSE
203110,"Draymond Green","1610612744","Golden State Warriors",2020,"0021900800","20200210",-5.9,32.45,TRUE
203110,"Draymond Green","1610612744","Golden State Warriors",2020,"0021900800","20200210",1.7,8.85,FALSE
203110,"Draymond Green","1610612744","Golden State Warriors",2020,"0021900800","20200210",11.7,27.85,FALSE
203110,"Draymond Green","1610612744","Golden State Warriors",2020,"0021900815","20200212",1.4,6.75,TRUE
203110,"Draymond Green","1610612744","Golden State Warriors",2020,"0021900815","20200212",-5.8,17.15,FALSE
203110,"Draymond Green","1610612744","Golden State Warriors",2020,"0021900815","20200212",0,22.95,FALSE
203110,"Draymond Green","1610612744","Golden State Warriors",2020,"0021900815","20200212",-4.9,30.05,TRUE
203110,"Draymond Green","1610612744","Golden State Warriors",2020,"0021900815","20200212",-10.6,29.15,FALSE
203110,"Draymond Green","1610612744","Golden State Warriors",2020,"0021900825","20200220",-19.2,25.65,FALSE
203110,"Draymond Green","1610612744","Golden State Warriors",2020,"0021900825","20200220",-1,7.45,TRUE
203110,"Draymond Green","1610612744","Golden State Warriors",2020,"0021900825","20200220",-17.6,26.25,FALSE
203110,"Draymond Green","1610612744","Golden State Warriors",2020,"0021900825","20200220",0,22.85,TRUE
203110,"Draymond Green","1610612744","Golden State Warriors",2020,"0021900825","20200220",0.9,31.25,FALSE
203110,"Draymond Green","1610612744","Golden State Warriors",2020,"0021900825","20200220",-22.3,18.65,FALSE
203110,"Draymond Green","1610612744","Golden State Warriors",2020,"0021900876","20200227",1.4,6.85,TRUE
203110,"Draymond Green","1610612744","Golden State Warriors",2021,"0022000078","20210101",-2.5,22.55,FALSE
203110,"Draymond Green","1610612744","Golden State Warriors",2021,"0022000078","20210101",-3.7,39.35,FALSE
203110,"Draymond Green","1610612744","Golden State Warriors",2021,"0022000078","20210101",19.2,22.55,FALSE
203110,"Draymond Green","1610612744","Golden State Warriors",2021,"0022000092","20210103",10.5,18.55,FALSE
203110,"Draymond Green","1610612744","Golden State Warriors",2021,"0022000092","20210103",13.9,26.65,FALSE
203110,"Draymond Green","1610612744","Golden State Warriors",2021,"0022000101","20210104",0.6,33.25,TRUE
203110,"Draymond Green","1610612744","Golden State Warriors",2021,"0022000101","20210104",9.3,31.95,FALSE
203110,"Draymond Green","1610612744","Golden State Warriors",2021,"0022000101","20210104",-6.1,17.45,FALSE
203110,"Draymond Green","1610612744","Golden State Warriors",2021,"0022000116","20210106",-4,30.05,FALSE
203110,"Draymond Green","1610612744","Golden State Warriors",2021,"0022000116","20210106",-9.5,31.35,FALSE
203110,"Draymond Green","1610612744","Golden State Warriors",2021,"0022000116","20210106",-1.4,6.55,TRUE
203110,"Draymond Green","1610612744","Golden State Warriors",2021,"0022000130","20210108",-2.1,32.25,FALSE
203110,"Draymond Green","1610612744","Golden State Warriors",2021,"0022000130","20210108",-0.5,8.45,TRUE
203110,"Draymond Green","1610612744","Golden State Warriors",2021,"0022000130","20210108",-0.5,14.15,FALSE
203110,"Draymond Green","1610612744","Golden State Warriors",2021,"0022000130","20210108",-0.7,6.55,TRUE
203110,"Draymond Green","1610612744","Golden State Warriors",2021,"0022000148","20210110",-0.3,17.35,FALSE
203110,"Draymond Green","1610612744","Golden State Warriors",2021,"0022000148","20210110",-23,9.65,TRUE
203110,"Draymond Green","1610612744","Golden State Warriors",2021,"0022000148","20210110",-1.6,7.35,TRUE
203110,"Draymond Green","1610612744","Golden State Warriors",2021,"0022000148","20210110",-1.6,7.35,FALSE
203110,"Draymond Green","1610612744","Golden State Warriors",2021,"0022000148","20210110",-7.8,32.65,TRUE
203110,"Draymond Green","1610612744","Golden State Warriors",2021,"0022000148","20210110",17.1,24.75,FALSE
203110,"Draymond Green","1610612744","Golden State Warriors",2021,"0022000148","20210110",-5,31.55,FALSE
203110,"Draymond Green","1610612744","Golden State Warriors",2021,"0022000148","20210110",16.6,24.75,FALSE
203110,"Draymond Green","1610612744","Golden State Warriors",2021,"0022000163","20210112",-5.2,16.75,FALSE
203110,"Draymond Green","1610612744","Golden State Warriors",2021,"0022000163","20210112",-1.3,8.15,TRUE
203110,"Draymond Green","1610612744","Golden State Warriors",2021,"0022000163","20210112",1.1,48.45,FALSE
203110,"Draymond Green","1610612744","Golden State Warriors",2021,"0022000163","20210112",-12.3,31.05,FALSE
203110,"Draymond Green","1610612744","Golden State Warriors",2021,"0022000163","20210112",-0.5,6.75,TRUE
203110,"Draymond Green","1610612744","Golden State Warriors",2021,"0022000163","20210112",0.4,6.05,FALSE
203110,"Draymond Green","1610612744","Golden State Warriors",2021,"0022000163","20210112",-1.8,5.55,FALSE
203110,"Draymond Green","1610612744","Golden State Warriors",2021,"0022000177","20210114",12.3,12.75,FALSE
203110,"Draymond Green","1610612744","Golden State Warriors",2021,"0022000177","20210114",2,7.55,FALSE
203110,"Draymond Green","1610612744","Golden State Warriors",2021,"0022000212","20210118",3.1,8.65,FALSE
203110,"Draymond Green","1610612744","Golden State Warriors",2021,"0022000212","20210118",7.9,30.25,FALSE
203110,"Draymond Green","1610612744","Golden State Warriors",2021,"0022000212","20210118",12.9,28.45,TRUE
203110,"Draymond Green","1610612744","Golden State Warriors",2021,"0022000212","20210118",4.4,21.75,FALSE
203110,"Draymond Green","1610612744","Golden State Warriors",2021,"0022000212","20210118",-1,6.05,TRUE
203110,"Draymond Green","1610612744","Golden State Warriors",2021,"0022000212","20210118",1.7,7.95,TRUE
203110,"Draymond Green","1610612744","Golden State Warriors",2021,"0022000223","20210120",-1.4,30.95,TRUE
203110,"Draymond Green","1610612744","Golden State Warriors",2021,"0022000223","20210120",-0.7,8.85,TRUE
203110,"Draymond Green","1610612744","Golden State Warriors",2021,"0022000223","20210120",1.6,6.75,TRUE
203110,"Draymond Green","1610612744","Golden State Warriors",2021,"0022000223","20210120",-0.9,8.45,FALSE
203110,"Draymond Green","1610612744","Golden State Warriors",2021,"0022000223","20210120",0,7.95,TRUE
203110,"Draymond Green","1610612744","Golden State Warriors",2021,"0022000223","20210120",-16.8,26.25,FALSE
203110,"Draymond Green","1610612744","Golden State Warriors",2021,"0022000223","20210120",1.2,32.45,FALSE
203110,"Draymond Green","1610612744","Golden State Warriors",2021,"0022000228","20210121",23,10.15,FALSE
203110,"Draymond Green","1610612744","Golden State Warriors",2021,"0022000228","20210121",14.1,27.95,TRUE
203110,"Draymond Green","1610612744","Golden State Warriors",2021,"0022000228","20210121",12.2,30.45,FALSE
203110,"Draymond Green","1610612744","Golden State Warriors",2021,"0022000242","20210123",9.3,28.45,FALSE
203110,"Draymond Green","1610612744","Golden State Warriors",2021,"0022000242","20210123",-0.9,16.55,TRUE
203110,"Draymond Green","1610612744","Golden State Warriors",2021,"0022000242","20210123",17.4,23.75,FALSE
203110,"Draymond Green","1610612744","Golden State Warriors",2021,"0022000242","20210123",23,7.75,FALSE
203110,"Draymond Green","1610612744","Golden State Warriors",2021,"0022000242","20210123",-1.6,7.25,TRUE
203110,"Draymond Green","1610612744","Golden State Warriors",2021,"0022000242","20210123",-1.6,5.75,FALSE
203110,"Draymond Green","1610612744","Golden State Warriors",2021,"0022000242","20210123",0,5.25,FALSE
203110,"Draymond Green","1610612744","Golden State Warriors",2021,"0022000242","20210123",-2.1,23.25,FALSE
203110,"Draymond Green","1610612744","Golden State Warriors",2021,"0022000242","20210123",2.4,7.45,FALSE
203110,"Draymond Green","1610612744","Golden State Warriors",2021,"0022000266","20210125",8.8,29.05,FALSE
203110,"Draymond Green","1610612744","Golden State Warriors",2021,"0022000266","20210125",-4,6.75,TRUE
203110,"Draymond Green","1610612744","Golden State Warriors",2021,"0022000266","20210125",2.4,6.05,TRUE
203110,"Draymond Green","1610612744","Golden State Warriors",2021,"0022000266","20210125",22.9,4.95,FALSE
203110,"Draymond Green","1610612744","Golden State Warriors",2021,"0022000266","20210125",2.7,31.75,TRUE
203110,"Draymond Green","1610612744","Golden State Warriors",2021,"0022000266","20210125",-1.8,23.05,TRUE
203110,"Draymond Green","1610612744","Golden State Warriors",2021,"0022000266","20210125",-5.1,8.45,FALSE
203110,"Draymond Green","1610612744","Golden State Warriors",2021,"0022000266","20210125",-4.1,33.45,FALSE
203110,"Draymond Green","1610612744","Golden State Warriors",2021,"0022000283","20210127",-10.1,8.85,FALSE
203110,"Draymond Green","1610612744","Golden State Warriors",2021,"0022000283","20210127",0,7.25,FALSE
203110,"Draymond Green","1610612744","Golden State Warriors",2021,"0022000283","20210127",2.4,7.45,TRUE
203110,"Draymond Green","1610612744","Golden State Warriors",2021,"0022000283","20210127",3.2,5.15,FALSE
203110,"Draymond Green","1610612744","Golden State Warriors",2021,"0022000283","20210127",0.5,5.65,TRUE
203110,"Draymond Green","1610612744","Golden State Warriors",2021,"0022000283","20210127",-4.1,4.85,TRUE
203110,"Draymond Green","1610612744","Golden State Warriors",2021,"0022000286","20210128",-9.3,20.35,FALSE
203110,"Draymond Green","1610612744","Golden State Warriors",2021,"0022000286","20210128",-0.6,8.15,FALSE
203110,"Draymond Green","1610612744","Golden State Warriors",2021,"0022000286","20210128",2.9,6.65,TRUE
203110,"Draymond Green","1610612744","Golden State Warriors",2021,"0022000286","20210128",-0.8,6.65,FALSE
203110,"Draymond Green","1610612744","Golden State Warriors",2021,"0022000286","20210128",0,5.25,FALSE
203110,"Draymond Green","1610612744","Golden State Warriors",2021,"0022000286","20210128",0,5.25,FALSE
203110,"Draymond Green","1610612744","Golden State Warriors",2021,"0022000286","20210128",14.9,26.05,FALSE
203110,"Draymond Green","1610612744","Golden State Warriors",2021,"0022000305","20210130",0,7.25,TRUE
203110,"Draymond Green","1610612744","Golden State Warriors",2021,"0022000305","20210130",3.6,8.45,TRUE
203110,"Draymond Green","1610612744","Golden State Warriors",2021,"0022000305","20210130",3.8,31.55,FALSE
203110,"Draymond Green","1610612744","Golden State Warriors",2021,"0022000305","20210130",1,23.15,FALSE
203110,"Draymond Green","1610612744","Golden State Warriors",2021,"0022000305","20210130",-2.7,37.85,FALSE
203110,"Draymond Green","1610612744","Golden State Warriors",2021,"0022000326","20210202",0.2,34.05,FALSE
203110,"Draymond Green","1610612744","Golden State Warriors",2021,"0022000326","20210202",-1.8,25.95,FALSE
203110,"Draymond Green","1610612744","Golden State Warriors",2021,"0022000326","20210202",-2.7,31.85,FALSE
203110,"Draymond Green","1610612744","Golden State Warriors",2021,"0022000326","20210202",4.6,10.95,FALSE
203110,"Draymond Green","1610612744","Golden State Warriors",2021,"0022000326","20210202",-2.9,32.55,FALSE
203110,"Draymond Green","1610612744","Golden State Warriors",2021,"0022000326","20210202",-5.5,9.55,FALSE
203110,"Draymond Green","1610612744","Golden State Warriors",2021,"0022000326","20210202",0,5.25,TRUE
203110,"Draymond Green","1610612744","Golden State Warriors",2021,"0022000339","20210204",0.2,5.65,TRUE
203110,"Draymond Green","1610612744","Golden State Warriors",2021,"0022000339","20210204",2.7,6.95,FALSE
203110,"Draymond Green","1610612744","Golden State Warriors",2021,"0022000339","20210204",-0.5,5.35,FALSE
203110,"Draymond Green","1610612744","Golden State Warriors",2021,"0022000339","20210204",-0.1,7.35,TRUE
203110,"Draymond Green","1610612744","Golden State Warriors",2021,"0022000339","20210204",-0.3,5.85,TRUE
203110,"Draymond Green","1610612744","Golden State Warriors",2021,"0022000360","20210206",0.3,31.75,FALSE
203110,"Draymond Green","1610612744","Golden State Warriors",2021,"0022000360","20210206",-9.2,10.05,FALSE
203110,"Draymond Green","1610612744","Golden State Warriors",2021,"0022000371","20210208",2.4,31.45,TRUE
203110,"Draymond Green","1610612744","Golden State Warriors",2021,"0022000371","20210208",7.4,5.35,FALSE
203110,"Draymond Green","1610612744","Golden State Warriors",2021,"0022000371","20210208",4.4,5.25,FALSE
203110,"Draymond Green","1610612744","Golden State Warriors",2021,"0022000371","20210208",2.1,5.55,TRUE
203110,"Draymond Green","1610612744","Golden State Warriors",2021,"0022000371","20210208",-0.5,6.05,TRUE
203110,"Draymond Green","1610612744","Golden State Warriors",2021,"0022000371","20210208",1.1,5.05,FALSE
203110,"Draymond Green","1610612744","Golden State Warriors",2021,"0022000371","20210208",7.5,31.45,FALSE
203110,"Draymond Green","1610612744","Golden State Warriors",2021,"0022000371","20210208",14.8,12.15,FALSE
203110,"Draymond Green","1610612744","Golden State Warriors",2021,"0022000371","20210208",-0.2,11.55,FALSE
203110,"Draymond Green","1610612744","Golden State Warriors",2021,"0022000371","20210208",-9.5,34.35,FALSE
203110,"Draymond Green","1610612744","Golden State Warriors",2021,"0022000371","20210208",-16.6,24.35,FALSE
203110,"Draymond Green","1610612744","Golden State Warriors",2021,"0022000378","20210209",-0.1,5.25,FALSE
203110,"Draymond Green","1610612744","Golden State Warriors",2021,"0022000378","20210209",0.5,6.85,TRUE
203110,"Draymond Green","1610612744","Golden State Warriors",2021,"0022000378","20210209",-0.3,5.65,TRUE
203110,"Draymond Green","1610612744","Golden State Warriors",2021,"0022000378","20210209",0,4.65,TRUE
203110,"Draymond Green","1610612744","Golden State Warriors",2021,"0022000393","20210211",16.8,24.95,FALSE
203110,"Draymond Green","1610612744","Golden State Warriors",2021,"0022000393","20210211",4.3,4.95,FALSE
203110,"Draymond Green","1610612744","Golden State Warriors",2021,"0022000393","20210211",-6.5,6.15,FALSE
203110,"Draymond Green","1610612744","Golden State Warriors",2021,"0022000393","20210211",2.5,6.55,TRUE
203110,"Draymond Green","1610612744","Golden State Warriors",2021,"0022000393","20210211",1.8,6.75,FALSE
203110,"Draymond Green","1610612744","Golden State Warriors",2021,"0022000393","20210211",-2.4,7.25,TRUE
203110,"Draymond Green","1610612744","Golden State Warriors",2021,"0022000393","20210211",-0.4,4.45,TRUE
203110,"Draymond Green","1610612744","Golden State Warriors",2021,"0022000409","20210213",-4.3,6.45,TRUE
203110,"Draymond Green","1610612744","Golden State Warriors",2021,"0022000409","20210213",-4.6,6.55,TRUE
203110,"Draymond Green","1610612744","Golden State Warriors",2021,"0022000409","20210213",15.9,26.25,FALSE
203110,"Draymond Green","1610612744","Golden State Warriors",2021,"0022000409","20210213",2.2,7.75,FALSE
203110,"Draymond Green","1610612744","Golden State Warriors",2021,"0022000409","20210213",0,8.95,FALSE
203110,"Draymond Green","1610612744","Golden State Warriors",2021,"0022000424","20210215",2.1,8.35,FALSE
203110,"Draymond Green","1610612744","Golden State Warriors",2021,"0022000424","20210215",0,14.15,TRUE
203110,"Draymond Green","1610612744","Golden State Warriors",2021,"0022000424","20210215",0.6,9.25,FALSE
203110,"Draymond Green","1610612744","Golden State Warriors",2021,"0022000424","20210215",0,5.25,FALSE
203110,"Draymond Green","1610612744","Golden State Warriors",2021,"0022000424","20210215",-0.5,6.85,TRUE
203110,"Draymond Green","1610612744","Golden State Warriors",2021,"0022000424","20210215",-6.2,6.45,TRUE
203110,"Draymond Green","1610612744","Golden State Warriors",2021,"0022000449","20210219",3.8,31.55,TRUE
203110,"Draymond Green","1610612744","Golden State Warriors",2021,"0022000449","20210219",3.5,22.65,FALSE
203110,"Draymond Green","1610612744","Golden State Warriors",2021,"0022000449","20210219",-1.8,7.45,FALSE
203110,"Draymond Green","1610612744","Golden State Warriors",2021,"0022000449","20210219",22.7,8.25,TRUE
203110,"Draymond Green","1610612744","Golden State Warriors",2021,"0022000449","20210219",2.6,4.65,FALSE
203110,"Draymond Green","1610612744","Golden State Warriors",2021,"0022000459","20210220",-18.1,22.05,FALSE
203110,"Draymond Green","1610612744","Golden State Warriors",2021,"0022000459","20210220",1.8,30.05,FALSE
203110,"Draymond Green","1610612744","Golden State Warriors",2021,"0022000459","20210220",-15.9,8.35,FALSE
203110,"Draymond Green","1610612744","Golden State Warriors",2021,"0022000459","20210220",-1.5,6.35,FALSE
203110,"Draymond Green","1610612744","Golden State Warriors",2021,"0022000459","20210220",14.5,26.35,FALSE
203110,"Draymond Green","1610612744","Golden State Warriors",2021,"0022000459","20210220",8.5,29.35,TRUE
203110,"Draymond Green","1610612744","Golden State Warriors",2021,"0022000459","20210220",0,5.25,TRUE
203110,"Draymond Green","1610612744","Golden State Warriors",2021,"0022000483","20210223",-11.9,28.45,FALSE
203110,"Draymond Green","1610612744","Golden State Warriors",2021,"0022000483","20210223",-0.9,8.35,FALSE
203110,"Draymond Green","1610612744","Golden State Warriors",2021,"0022000483","20210223",0.2,6.95,TRUE
203110,"Draymond Green","1610612744","Golden State Warriors",2021,"0022000483","20210223",-22.3,7.95,TRUE
203110,"Draymond Green","1610612744","Golden State Warriors",2021,"0022000483","20210223",-23,8.45,FALSE
203110,"Draymond Green","1610612744","Golden State Warriors",2021,"0022000483","20210223",-1.9,7.85,TRUE
203110,"Draymond Green","1610612744","Golden State Warriors",2021,"0022000483","20210223",12.3,26.85,FALSE
203110,"Draymond Green","1610612744","Golden State Warriors",2021,"0022000483","20210223",-9.9,22.85,FALSE
203110,"Draymond Green","1610612744","Golden State Warriors",2021,"0022000483","20210223",0.5,14.85,FALSE
203110,"Draymond Green","1610612744","Golden State Warriors",2021,"0022000489","20210224",13.9,28.35,FALSE
203110,"Draymond Green","1610612744","Golden State Warriors",2021,"0022000489","20210224",0.6,6.85,TRUE
203110,"Draymond Green","1610612744","Golden State Warriors",2021,"0022000489","20210224",-1.1,7.95,TRUE
203110,"Draymond Green","1610612744","Golden State Warriors",2021,"0022000489","20210224",1.6,9.85,TRUE
203110,"Draymond Green","1610612744","Golden State Warriors",2021,"0022000489","20210224",1.7,4.45,TRUE
203110,"Draymond Green","1610612744","Golden State Warriors",2021,"0022000511","20210226",4,10.45,TRUE
203110,"Draymond Green","1610612744","Golden State Warriors",2021,"0022000511","20210226",-0.3,12.65,TRUE
203110,"Draymond Green","1610612744","Golden State Warriors",2021,"0022000511","20210226",16.9,25.45,TRUE
203110,"Draymond Green","1610612744","Golden State Warriors",2021,"0022000511","20210226",-16.2,55.35,FALSE
203110,"Draymond Green","1610612744","Golden State Warriors",2021,"0022000511","20210226",0,7.95,TRUE
203110,"Draymond Green","1610612744","Golden State Warriors",2021,"0022000511","20210226",0.2,6.25,TRUE
203110,"Draymond Green","1610612744","Golden State Warriors",2021,"0022000511","20210226",18.2,26.25,FALSE
203110,"Draymond Green","1610612744","Golden State Warriors",2021,"0022000511","20210226",-0.7,7.35,FALSE
203110,"Draymond Green","1610612744","Golden State Warriors",2021,"0022000527","20210228",-15.4,5.55,TRUE
203110,"Draymond Green","1610612744","Golden State Warriors",2021,"0022000527","20210228",0.6,7.45,TRUE
203110,"Draymond Green","1610612744","Golden State Warriors",2021,"0022000527","20210228",-0.8,5.75,TRUE
203110,"Draymond Green","1610612744","Golden State Warriors",2021,"0022000527","20210228",-23.2,9.45,FALSE
203110,"Draymond Green","1610612744","Golden State Warriors",2021,"0022000527","20210228",-1.2,9.05,FALSE
203110,"Draymond Green","1610612744","Golden State Warriors",2021,"0022000550","20210303",0,5.05,TRUE
203110,"Draymond Green","1610612744","Golden State Warriors",2021,"0022000550","20210303",-0.3,5.25,FALSE
203110,"Draymond Green","1610612744","Golden State Warriors",2021,"0022000550","20210303",1.6,6.25,FALSE
203110,"Draymond Green","1610612744","Golden State Warriors",2021,"0022000550","20210303",-1.4,32.25,TRUE
203110,"Draymond Green","1610612744","Golden State Warriors",2021,"0022000550","20210303",0,5.25,FALSE
203110,"Draymond Green","1610612744","Golden State Warriors",2021,"0022000576","20210311",0.3,7.95,FALSE
203110,"Draymond Green","1610612744","Golden State Warriors",2021,"0022000576","20210311",-0.3,7.85,FALSE
203110,"Draymond Green","1610612744","Golden State Warriors",2021,"0022000576","20210311",15.1,24.05,TRUE
203110,"Draymond Green","1610612744","Golden State Warriors",2021,"0022000576","20210311",-13.1,26.65,TRUE
203110,"Draymond Green","1610612744","Golden State Warriors",2021,"0022000576","20210311",1,30.05,FALSE
203110,"Draymond Green","1610612744","Golden State Warriors",2021,"0022000576","20210311",0.6,7.95,TRUE
203110,"Draymond Green","1610612744","Golden State Warriors",2021,"0022000576","20210311",1.8,7.35,FALSE
203110,"Draymond Green","1610612744","Golden State Warriors",2021,"0022000594","20210314",0.2,7.95,FALSE
203110,"Draymond Green","1610612744","Golden State Warriors",2021,"0022000594","20210314",0,5.25,TRUE
203110,"Draymond Green","1610612744","Golden State Warriors",2021,"0022000594","20210314",9.6,27.65,FALSE
203110,"Draymond Green","1610612744","Golden State Warriors",2021,"0022000594","20210314",11.7,27.85,FALSE
203110,"Draymond Green","1610612744","Golden State Warriors",2021,"0022000594","20210314",-0.6,6.75,TRUE
203110,"Draymond Green","1610612744","Golden State Warriors",2021,"0022000594","20210314",0.2,5.15,TRUE
203110,"Draymond Green","1610612744","Golden State Warriors",2021,"0022000594","20210314",22.9,8.85,TRUE
203110,"Draymond Green","1610612744","Golden State Warriors",2021,"0022000594","20210314",0.6,8.35,TRUE
203110,"Draymond Green","1610612744","Golden State Warriors",2021,"0022000594","20210314",0.8,32.95,FALSE
203110,"Draymond Green","1610612744","Golden State Warriors",2021,"0022000594","20210314",-0.4,10.45,FALSE
203110,"Draymond Green","1610612744","Golden State Warriors",2021,"0022000608","20210315",-17.3,25.85,FALSE
203110,"Draymond Green","1610612744","Golden State Warriors",2021,"0022000608","20210315",21.4,17.45,FALSE
203110,"Draymond Green","1610612744","Golden State Warriors",2021,"0022000608","20210315",1.1,10.45,FALSE
203110,"Draymond Green","1610612744","Golden State Warriors",2021,"0022000622","20210317",0.9,7.65,TRUE
203110,"Draymond Green","1610612744","Golden State Warriors",2021,"0022000622","20210317",2.2,7.75,TRUE
203110,"Draymond Green","1610612744","Golden State Warriors",2021,"0022000622","20210317",-1.4,8.15,TRUE
203110,"Draymond Green","1610612744","Golden State Warriors",2021,"0022000622","20210317",-13.4,28.45,FALSE
203110,"Draymond Green","1610612744","Golden State Warriors",2021,"0022000622","20210317",0,5.25,TRUE
203110,"Draymond Green","1610612744","Golden State Warriors",2021,"0022000622","20210317",-0.5,7.75,TRUE
203110,"Draymond Green","1610612744","Golden State Warriors",2021,"0022000622","20210317",-1,7.75,TRUE
203110,"Draymond Green","1610612744","Golden State Warriors",2021,"0022000622","20210317",5.7,31.15,TRUE
203110,"Draymond Green","1610612744","Golden State Warriors",2021,"0022000636","20210319",1.6,7.95,FALSE
203110,"Draymond Green","1610612744","Golden State Warriors",2021,"0022000636","20210319",0,5.25,FALSE
203110,"Draymond Green","1610612744","Golden State Warriors",2021,"0022000636","20210319",-0.8,7.05,FALSE
203110,"Draymond Green","1610612744","Golden State Warriors",2021,"0022000636","20210319",-15.4,26.25,FALSE
203110,"Draymond Green","1610612744","Golden State Warriors",2021,"0022000636","20210319",2,14.15,FALSE
203110,"Draymond Green","1610612744","Golden State Warriors",2021,"0022000636","20210319",7.1,30.05,FALSE
203110,"Draymond Green","1610612744","Golden State Warriors",2021,"0022000642","20210320",14.8,10.25,FALSE
203110,"Draymond Green","1610612744","Golden State Warriors",2021,"0022000642","20210320",-0.3,5.75,TRUE
203110,"Draymond Green","1610612744","Golden State Warriors",2021,"0022000642","20210320",1,6.35,TRUE
203110,"Draymond Green","1610612744","Golden State Warriors",2021,"0022000642","20210320",1.5,5.15,FALSE
203110,"Draymond Green","1610612744","Golden State Warriors",2021,"0022000665","20210323",3.5,9.35,TRUE
203110,"Draymond Green","1610612744","Golden State Warriors",2021,"0022000665","20210323",15.8,29.05,FALSE
203110,"Draymond Green","1610612744","Golden State Warriors",2021,"0022000665","20210323",-1.4,8.45,FALSE
203110,"Draymond Green","1610612744","Golden State Warriors",2021,"0022000665","20210323",-3.5,18.55,FALSE
203110,"Draymond Green","1610612744","Golden State Warriors",2021,"0022000665","20210323",-2.3,11.65,FALSE
203110,"Draymond Green","1610612744","Golden State Warriors",2021,"0022000665","20210323",-11,28.45,FALSE
203110,"Draymond Green","1610612744","Golden State Warriors",2021,"0022000665","20210323",-1.6,6.35,TRUE
203110,"Draymond Green","1610612744","Golden State Warriors",2021,"0022000716","20210329",-0.5,6.05,FALSE
203110,"Draymond Green","1610612744","Golden State Warriors",2021,"0022000716","20210329",-7,32.85,TRUE
203110,"Draymond Green","1610612744","Golden State Warriors",2021,"0022000716","20210329",7.1,41.25,TRUE
203110,"Draymond Green","1610612744","Golden State Warriors",2021,"0022000716","20210329",-0.2,14.95,TRUE
203110,"Draymond Green","1610612744","Golden State Warriors",2021,"0022000716","20210329",-12.9,29.55,FALSE
203110,"Draymond Green","1610612744","Golden State Warriors",2021,"0022000716","20210329",-9.6,31.25,TRUE
203110,"Draymond Green","1610612744","Golden State Warriors",2021,"0022000716","20210329",-13.4,29.95,FALSE
203110,"Draymond Green","1610612744","Golden State Warriors",2021,"0022000733","20210401",-23.4,15.85,FALSE
203110,"Draymond Green","1610612744","Golden State Warriors",2021,"0022000733","20210401",-5.4,10.55,FALSE
203110,"Draymond Green","1610612744","Golden State Warriors",2021,"0022000733","20210401",0.7,5.95,TRUE
203110,"Draymond Green","1610612744","Golden State Warriors",2021,"0022000733","20210401",-1,5.25,FALSE
203110,"Draymond Green","1610612744","Golden State Warriors",2021,"0022000733","20210401",1.2,6.25,TRUE
203110,"Draymond Green","1610612744","Golden State Warriors",2021,"0022000733","20210401",22.8,8.35,FALSE
203110,"Draymond Green","1610612744","Golden State Warriors",2021,"0022000733","20210401",5.4,7.75,TRUE
203110,"Draymond Green","1610612744","Golden State Warriors",2021,"0022000733","20210401",-13.4,27.15,TRUE
203110,"Draymond Green","1610612744","Golden State Warriors",2021,"0022000733","20210401",1,8.95,FALSE
203110,"Draymond Green","1610612744","Golden State Warriors",2021,"0022000733","20210401",1.8,6.15,TRUE
203110,"Draymond Green","1610612744","Golden State Warriors",2021,"0022000733","20210401",2.6,8.75,TRUE
203110,"Draymond Green","1610612744","Golden State Warriors",2021,"0022000733","20210401",0,7.35,FALSE
203110,"Draymond Green","1610612744","Golden State Warriors",2021,"0022000733","20210401",-0.7,7.65,TRUE
203110,"Draymond Green","1610612744","Golden State Warriors",2021,"0022000759","20210404",1,5.75,TRUE
203110,"Draymond Green","1610612744","Golden State Warriors",2021,"0022000759","20210404",15.1,25.35,FALSE
203110,"Draymond Green","1610612744","Golden State Warriors",2021,"0022000759","20210404",0.4,6.05,TRUE
203110,"Draymond Green","1610612744","Golden State Warriors",2021,"0022000759","20210404",0,5.25,TRUE
203110,"Draymond Green","1610612744","Golden State Warriors",2021,"0022000759","20210404",1.4,6.45,FALSE
203110,"Draymond Green","1610612744","Golden State Warriors",2021,"0022000759","20210404",-2.6,30.65,TRUE
203110,"Draymond Green","1610612744","Golden State Warriors",2021,"0022000774","20210406",-2.3,6.95,TRUE
203110,"Draymond Green","1610612744","Golden State Warriors",2021,"0022000774","20210406",-5.7,32.85,FALSE
203110,"Draymond Green","1610612744","Golden State Warriors",2021,"0022000774","20210406",-11.7,16.55,FALSE
203110,"Draymond Green","1610612744","Golden State Warriors",2021,"0022000774","20210406",-8.9,28.65,FALSE
203110,"Draymond Green","1610612744","Golden State Warriors",2021,"0022000774","20210406",7.7,32.25,FALSE
203110,"Draymond Green","1610612744","Golden State Warriors",2021,"0022000774","20210406",0,5.25,FALSE
203110,"Draymond Green","1610612744","Golden State Warriors",2021,"0022000774","20210406",-0.9,8.35,TRUE
203110,"Draymond Green","1610612744","Golden State Warriors",2021,"0022000774","20210406",1.2,17.95,TRUE
203110,"Draymond Green","1610612744","Golden State Warriors",2021,"0022000798","20210409",1.8,14.05,FALSE
203110,"Draymond Green","1610612744","Golden State Warriors",2021,"0022000798","20210409",2,14.05,FALSE
203110,"Draymond Green","1610612744","Golden State Warriors",2021,"0022000798","20210409",1.2,14.25,TRUE
203110,"Draymond Green","1610612744","Golden State Warriors",2021,"0022000798","20210409",23.6,11.15,FALSE
203110,"Draymond Green","1610612744","Golden State Warriors",2021,"0022000798","20210409",-0.5,10.95,FALSE
203110,"Draymond Green","1610612744","Golden State Warriors",2021,"0022000798","20210409",20.9,17.35,FALSE
203110,"Draymond Green","1610612744","Golden State Warriors",2021,"0022000798","20210409",-2,7.25,TRUE
203110,"Draymond Green","1610612744","Golden State Warriors",2021,"0022000798","20210409",15.5,26.75,FALSE
203110,"Draymond Green","1610612744","Golden State Warriors",2021,"0022000798","20210409",-7.1,16.95,FALSE
203110,"Draymond Green","1610612744","Golden State Warriors",2021,"0022000802","20210410",1.1,14.85,FALSE
203110,"Draymond Green","1610612744","Golden State Warriors",2021,"0022000802","20210410",-2,12.05,FALSE
203110,"Draymond Green","1610612744","Golden State Warriors",2021,"0022000802","20210410",-0.3,16.95,FALSE
203110,"Draymond Green","1610612744","Golden State Warriors",2021,"0022000821","20210412",-10,21.45,TRUE
203110,"Draymond Green","1610612744","Golden State Warriors",2021,"0022000821","20210412",-22.7,9.05,TRUE
203110,"Draymond Green","1610612744","Golden State Warriors",2021,"0022000821","20210412",14.2,29.85,TRUE
203110,"Draymond Green","1610612744","Golden State Warriors",2021,"0022000821","20210412",-0.6,33.65,FALSE
203110,"Draymond Green","1610612744","Golden State Warriors",2021,"0022000821","20210412",-0.1,6.25,TRUE
203110,"Draymond Green","1610612744","Golden State Warriors",2021,"0022000821","20210412",-0.6,12.95,TRUE
203110,"Draymond Green","1610612744","Golden State Warriors",2021,"0022000821","20210412",-2.2,13.65,TRUE
203110,"Draymond Green","1610612744","Golden State Warriors",2021,"0022000821","20210412",-0.2,7.85,TRUE
203110,"Draymond Green","1610612744","Golden State Warriors",2021,"0022000836","20210414",-22.7,6.75,FALSE
203110,"Draymond Green","1610612744","Golden State Warriors",2021,"0022000836","20210414",-0.9,6.95,FALSE
203110,"Draymond Green","1610612744","Golden State Warriors",2021,"0022000836","20210414",-1.4,5.65,TRUE
203110,"Draymond Green","1610612744","Golden State Warriors",2021,"0022000836","20210414",-1,6.45,TRUE
203110,"Draymond Green","1610612744","Golden State Warriors",2021,"0022000836","20210414",-15.7,24.95,FALSE
203110,"Draymond Green","1610612744","Golden State Warriors",2021,"0022000836","20210414",-4.7,10.55,FALSE
203110,"Draymond Green","1610612744","Golden State Warriors",2021,"0022000836","20210414",-1.7,5.15,TRUE
203110,"Draymond Green","1610612744","Golden State Warriors",2021,"0022000836","20210414",-2.8,8.45,FALSE
203110,"Draymond Green","1610612744","Golden State Warriors",2021,"0022000836","20210414",0,5.25,TRUE
203110,"Draymond Green","1610612744","Golden State Warriors",2021,"0022000836","20210414",-1.7,5.05,TRUE
203110,"Draymond Green","1610612744","Golden State Warriors",2021,"0022000841","20210415",-12.7,26.65,FALSE
203110,"Draymond Green","1610612744","Golden State Warriors",2021,"0022000841","20210415",-0.8,5.65,TRUE
203110,"Draymond Green","1610612744","Golden State Warriors",2021,"0022000841","20210415",12.4,27.75,FALSE
203110,"Draymond Green","1610612744","Golden State Warriors",2021,"0022000841","20210415",4.7,6.35,FALSE
203110,"Draymond Green","1610612744","Golden State Warriors",2021,"0022000841","20210415",-22.5,3.25,TRUE
203110,"Draymond Green","1610612744","Golden State Warriors",2021,"0022000841","20210415",-2.1,5.25,FALSE
203110,"Draymond Green","1610612744","Golden State Warriors",2021,"0022000841","20210415",-13.6,26.45,FALSE
203110,"Draymond Green","1610612744","Golden State Warriors",2021,"0022000841","20210415",-6,7.25,FALSE
203110,"Draymond Green","1610612744","Golden State Warriors",2021,"0022000858","20210417",-6.5,17.35,FALSE
203110,"Draymond Green","1610612744","Golden State Warriors",2021,"0022000858","20210417",-5.5,29.55,TRUE
203110,"Draymond Green","1610612744","Golden State Warriors",2021,"0022000858","20210417",-0.3,7.25,TRUE
203110,"Draymond Green","1610612744","Golden State Warriors",2021,"0022000858","20210417",5.6,33.05,FALSE
203110,"Draymond Green","1610612744","Golden State Warriors",2021,"0022000858","20210417",-3.6,6.35,FALSE
203110,"Draymond Green","1610612744","Golden State Warriors",2021,"0022000858","20210417",-4.2,7.85,FALSE
203110,"Draymond Green","1610612744","Golden State Warriors",2021,"0022000870","20210419",7,30.45,FALSE
203110,"Draymond Green","1610612744","Golden State Warriors",2021,"0022000870","20210419",-3.8,31.55,FALSE
203110,"Draymond Green","1610612744","Golden State Warriors",2021,"0022000870","20210419",18.5,25.15,FALSE
203110,"Draymond Green","1610612744","Golden State Warriors",2021,"0022000870","20210419",0.8,5.55,TRUE
203110,"Draymond Green","1610612744","Golden State Warriors",2021,"0022000870","20210419",0.8,4.85,FALSE
203110,"Draymond Green","1610612744","Golden State Warriors",2021,"0022000870","20210419",-3.5,24.75,TRUE
203110,"Draymond Green","1610612744","Golden State Warriors",2021,"0022000870","20210419",0.2,6.85,TRUE
203110,"Draymond Green","1610612744","Golden State Warriors",2021,"0022000870","20210419",-9.8,19.55,TRUE
203110,"Draymond Green","1610612744","Golden State Warriors",2021,"0022000885","20210421",10.2,30.55,FALSE
203110,"Draymond Green","1610612744","Golden State Warriors",2021,"0022000885","20210421",4.3,7.25,FALSE
203110,"Draymond Green","1610612744","Golden State Warriors",2021,"0022000885","20210421",-2.3,6.75,TRUE
203110,"Draymond Green","1610612744","Golden State Warriors",2021,"0022000885","20210421",-3.2,6.35,TRUE
203110,"Draymond Green","1610612744","Golden State Warriors",2021,"0022000885","20210421",-23.2,4.15,FALSE
203110,"Draymond Green","1610612744","Golden State Warriors",2021,"0022000885","20210421",-3.5,6.25,TRUE
203110,"Draymond Green","1610612744","Golden State Warriors",2021,"0022000903","20210423",1.8,34.35,FALSE
203110,"Draymond Green","1610612744","Golden State Warriors",2021,"0022000903","20210423",7.2,31.45,FALSE
203110,"Draymond Green","1610612744","Golden State Warriors",2021,"0022000903","20210423",-0.1,6.55,TRUE
203110,"Draymond Green","1610612744","Golden State Warriors",2021,"0022000915","20210425",-13.4,28.25,FALSE
203110,"Draymond Green","1610612744","Golden State Warriors",2021,"0022000915","20210425",-9.3,22.75,TRUE
203110,"Draymond Green","1610612744","Golden State Warriors",2021,"0022000915","20210425",0.2,6.65,TRUE
203110,"Draymond Green","1610612744","Golden State Warriors",2021,"0022000915","20210425",-9.4,15.85,FALSE
203110,"Draymond Green","1610612744","Golden State Warriors",2021,"0022000915","20210425",-0.2,7.25,TRUE
203110,"Draymond Green","1610612744","Golden State Warriors",2021,"0022000915","20210425",0,5.25,TRUE
203110,"Draymond Green","1610612744","Golden State Warriors",2021,"0022000932","20210427",-9.1,31.15,FALSE
203110,"Draymond Green","1610612744","Golden State Warriors",2021,"0022000946","20210429",0,6.55,TRUE
203110,"Draymond Green","1610612744","Golden State Warriors",2021,"0022000946","20210429",-2.5,26.35,FALSE
203110,"Draymond Green","1610612744","Golden State Warriors",2021,"0022000946","20210429",2.2,7.35,TRUE
203110,"Draymond Green","1610612744","Golden State Warriors",2021,"0022000946","20210429",3.6,29.95,TRUE
203110,"Draymond Green","1610612744","Golden State Warriors",2021,"0022000946","20210429",0.6,6.55,TRUE
203110,"Draymond Green","1610612744","Golden State Warriors",2021,"0022000946","20210429",-0.5,7.35,TRUE
203110,"Draymond Green","1610612744","Golden State Warriors",2021,"0022000958","20210501",-0.9,5.75,TRUE
203110,"Draymond Green","1610612744","Golden State Warriors",2021,"0022000958","20210501",8.7,29.55,FALSE
203110,"Draymond Green","1610612744","Golden State Warriors",2021,"0022000958","20210501",-1.2,6.95,TRUE
203110,"Draymond Green","1610612744","Golden State Warriors",2021,"0022000958","20210501",15.4,25.25,FALSE
203110,"Draymond Green","1610612744","Golden State Warriors",2021,"0022000958","20210501",0.5,6.35,TRUE
203110,"Draymond Green","1610612744","Golden State Warriors",2021,"0022000977","20210503",0,5.25,FALSE
203110,"Draymond Green","1610612744","Golden State Warriors",2021,"0022000977","20210503",-14.9,21.45,TRUE
203110,"Draymond Green","1610612744","Golden State Warriors",2021,"0022000977","20210503",0.4,5.85,TRUE
203110,"Draymond Green","1610612744","Golden State Warriors",2021,"0022000977","20210503",0.3,20.75,TRUE
203110,"Draymond Green","1610612744","Golden State Warriors",2021,"0022000977","20210503",2,5.65,TRUE
203110,"Draymond Green","1610612744","Golden State Warriors",2021,"0022000987","20210504",-1.4,8.95,TRUE
203110,"Draymond Green","1610612744","Golden State Warriors",2021,"0022000987","20210504",2.5,5.55,FALSE
203110,"Draymond Green","1610612744","Golden State Warriors",2021,"0022000987","20210504",6.7,29.65,FALSE
203110,"Draymond Green","1610612744","Golden State Warriors",2021,"0022000987","20210504",0,5.25,FALSE
203110,"Draymond Green","1610612744","Golden State Warriors",2021,"0022000987","20210504",1.9,31.05,TRUE
203110,"Draymond Green","1610612744","Golden State Warriors",2021,"0022000987","20210504",-1,5.25,TRUE
203110,"Draymond Green","1610612744","Golden State Warriors",2021,"0022001001","20210506",-2.1,22.65,FALSE
203110,"Draymond Green","1610612744","Golden State Warriors",2021,"0022001001","20210506",0.1,13.15,FALSE
203110,"Draymond Green","1610612744","Golden State Warriors",2021,"0022001001","20210506",0.2,8.15,TRUE
203110,"Draymond Green","1610612744","Golden State Warriors",2021,"0022001001","20210506",0.3,14.25,TRUE
203110,"Draymond Green","1610612744","Golden State Warriors",2021,"0022001001","20210506",2.4,16.85,FALSE
203110,"Draymond Green","1610612744","Golden State Warriors",2021,"0022001017","20210508",14.2,28.55,TRUE
203110,"Draymond Green","1610612744","Golden State Warriors",2021,"0022001017","20210508",-0.8,7.45,FALSE
203110,"Draymond Green","1610612744","Golden State Warriors",2021,"0022001017","20210508",-12,12.05,FALSE
203110,"Draymond Green","1610612744","Golden State Warriors",2021,"0022001017","20210508",0.7,32.65,TRUE
203110,"Draymond Green","1610612744","Golden State Warriors",2021,"0022001017","20210508",-0.5,12.05,TRUE
203110,"Draymond Green","1610612744","Golden State Warriors",2021,"0022001017","20210508",0.5,6.45,TRUE
203110,"Draymond Green","1610612744","Golden State Warriors",2021,"0022001017","20210508",-10.5,29.15,TRUE
203110,"Draymond Green","1610612744","Golden State Warriors",2021,"0022001017","20210508",-12.6,31.65,FALSE
203110,"Draymond Green","1610612744","Golden State Warriors",2021,"0022001030","20210510",-14.3,28.85,TRUE
203110,"Draymond Green","1610612744","Golden State Warriors",2021,"0022001030","20210510",15.6,27.75,FALSE
203110,"Draymond Green","1610612744","Golden State Warriors",2021,"0022001030","20210510",0.4,6.75,FALSE
203110,"Draymond Green","1610612744","Golden State Warriors",2021,"0022001030","20210510",-1.2,5.35,TRUE
203110,"Draymond Green","1610612744","Golden State Warriors",2021,"0022001030","20210510",-4.3,7.65,TRUE
203110,"Draymond Green","1610612744","Golden State Warriors",2021,"0022001030","20210510",-0.5,6.75,TRUE
203110,"Draymond Green","1610612744","Golden State Warriors",2021,"0022001030","20210510",22.2,6.75,FALSE
203110,"Draymond Green","1610612744","Golden State Warriors",2021,"0022001030","20210510",0.3,11.25,FALSE
203110,"Draymond Green","1610612744","Golden State Warriors",2021,"0022001030","20210510",-0.9,6.45,TRUE
203110,"Draymond Green","1610612744","Golden State Warriors",2021,"0022001030","20210510",1.3,15.15,FALSE
203110,"Draymond Green","1610612744","Golden State Warriors",2021,"0022001039","20210511",-2.2,32.35,TRUE
203110,"Draymond Green","1610612744","Golden State Warriors",2021,"0022001039","20210511",1,5.75,TRUE
203110,"Draymond Green","1610612744","Golden State Warriors",2021,"0022001039","20210511",0,5.25,FALSE
203110,"Draymond Green","1610612744","Golden State Warriors",2021,"0022001039","20210511",-1.7,30.85,FALSE
203110,"Draymond Green","1610612744","Golden State Warriors",2021,"0022001039","20210511",-0.6,9.35,TRUE
203110,"Draymond Green","1610612744","Golden State Warriors",2021,"0022001039","20210511",0.2,16.15,FALSE
203110,"Draymond Green","1610612744","Golden State Warriors",2021,"0022001039","20210511",0,5.25,TRUE
203110,"Draymond Green","1610612744","Golden State Warriors",2021,"0022001070","20210516",-18.5,27.65,FALSE
203110,"Draymond Green","1610612744","Golden State Warriors",2021,"0022001070","20210516",0.2,6.75,TRUE
203110,"Draymond Green","1610612744","Golden State Warriors",2021,"0022001070","20210516",-0.2,9.75,TRUE
203110,"Draymond Green","1610612744","Golden State Warriors",2021,"0022001070","20210516",-1.2,6.65,TRUE
203110,"Draymond Green","1610612744","Golden State Warriors",2021,"0022001070","20210516",0.8,7.75,FALSE
203110,"Draymond Green","1610612744","Golden State Warriors",2021,"0022001070","20210516",-10,30.55,FALSE
203110,"Draymond Green","1610612744","Golden State Warriors",2021,"0022001070","20210516",1.8,7.45,TRUE
203110,"Draymond Green","1610612744","Golden State Warriors",2022,"0022100002","20211019",0.4,13.25,FALSE
203110,"Draymond Green","1610612744","Golden State Warriors",2022,"0022100002","20211019",0,5.25,FALSE
203110,"Draymond Green","1610612744","Golden State Warriors",2022,"0022100002","20211019",0.2,7.25,TRUE
203110,"Draymond Green","1610612744","Golden State Warriors",2022,"0022100002","20211019",0.1,7.25,FALSE
203110,"Draymond Green","1610612744","Golden State Warriors",2022,"0022100002","20211019",0.4,6.45,TRUE
203110,"Draymond Green","1610612744","Golden State Warriors",2022,"0022100016","20211021",0.9,22.45,FALSE
203110,"Draymond Green","1610612744","Golden State Warriors",2022,"0022100016","20211021",0.4,12.35,TRUE
203110,"Draymond Green","1610612744","Golden State Warriors",2022,"0022100016","20211021",1.2,6.35,TRUE
203110,"Draymond Green","1610612744","Golden State Warriors",2022,"0022100016","20211021",-1.3,5.25,TRUE
203110,"Draymond Green","1610612744","Golden State Warriors",2022,"0022100016","20211021",2.2,5.65,TRUE
203110,"Draymond Green","1610612744","Golden State Warriors",2022,"0022100039","20211024",-0.1,20.45,FALSE
203110,"Draymond Green","1610612744","Golden State Warriors",2022,"0022100039","20211024",0,5.25,FALSE
203110,"Draymond Green","1610612744","Golden State Warriors",2022,"0022100039","20211024",-0.5,6.25,TRUE
203110,"Draymond Green","1610612744","Golden State Warriors",2022,"0022100039","20211024",18.4,23.25,TRUE
203110,"Draymond Green","1610612744","Golden State Warriors",2022,"0022100039","20211024",2.1,8.85,FALSE
203110,"Draymond Green","1610612744","Golden State Warriors",2022,"0022100039","20211024",-2.5,5.85,TRUE
203110,"Draymond Green","1610612744","Golden State Warriors",2022,"0022100039","20211024",-0.4,5.65,TRUE
203110,"Draymond Green","1610612744","Golden State Warriors",2022,"0022100039","20211024",-23.2,6.65,FALSE
203110,"Draymond Green","1610612744","Golden State Warriors",2022,"0022100039","20211024",-1,13.45,FALSE
203110,"Draymond Green","1610612744","Golden State Warriors",2022,"0022100039","20211024",-1.7,5.85,TRUE
203110,"Draymond Green","1610612744","Golden State Warriors",2022,"0022100039","20211024",0.1,10.35,FALSE
203110,"Draymond Green","1610612744","Golden State Warriors",2022,"0022100039","20211024",1.1,6.65,TRUE
203110,"Draymond Green","1610612744","Golden State Warriors",2022,"0022100051","20211026",1.7,6.05,TRUE
203110,"Draymond Green","1610612744","Golden State Warriors",2022,"0022100051","20211026",-5.5,29.45,TRUE
203110,"Draymond Green","1610612744","Golden State Warriors",2022,"0022100051","20211026",-5.6,26.95,FALSE
203110,"Draymond Green","1610612744","Golden State Warriors",2022,"0022100051","20211026",-2,5.05,TRUE
203110,"Draymond Green","1610612744","Golden State Warriors",2022,"0022100070","20211028",-0.7,16.95,FALSE
203110,"Draymond Green","1610612744","Golden State Warriors",2022,"0022100070","20211028",-2.6,7.15,TRUE
203110,"Draymond Green","1610612744","Golden State Warriors",2022,"0022100070","20211028",-5.9,8.45,FALSE
203110,"Draymond Green","1610612744","Golden State Warriors",2022,"0022100070","20211028",-2.2,9.95,TRUE
203110,"Draymond Green","1610612744","Golden State Warriors",2022,"0022100070","20211028",1.6,6.45,FALSE
203110,"Draymond Green","1610612744","Golden State Warriors",2022,"0022100086","20211030",4,6.95,TRUE
203110,"Draymond Green","1610612744","Golden State Warriors",2022,"0022100086","20211030",13.4,26.65,FALSE
203110,"Draymond Green","1610612744","Golden State Warriors",2022,"0022100086","20211030",2,18.45,TRUE
203110,"Draymond Green","1610612744","Golden State Warriors",2022,"0022100086","20211030",-0.9,5.65,TRUE
203110,"Draymond Green","1610612744","Golden State Warriors",2022,"0022100086","20211030",-22.2,8.15,TRUE
203110,"Draymond Green","1610612744","Golden State Warriors",2022,"0022100086","20211030",-0.6,6.25,TRUE
203110,"Draymond Green","1610612744","Golden State Warriors",2022,"0022100086","20211030",-4.4,12.55,FALSE
203110,"Draymond Green","1610612744","Golden State Warriors",2022,"0022100086","20211030",1.1,5.95,TRUE
203110,"Draymond Green","1610612744","Golden State Warriors",2022,"0022100117","20211103",-2.7,4.85,FALSE
203110,"Draymond Green","1610612744","Golden State Warriors",2022,"0022100117","20211103",-15.9,22.65,FALSE
203110,"Draymond Green","1610612744","Golden State Warriors",2022,"0022100117","20211103",0.9,7.45,TRUE
203110,"Draymond Green","1610612744","Golden State Warriors",2022,"0022100117","20211103",-0.2,6.35,FALSE
203110,"Draymond Green","1610612744","Golden State Warriors",2022,"0022100117","20211103",1.5,7.65,TRUE
203110,"Draymond Green","1610612744","Golden State Warriors",2022,"0022100130","20211105",-23.3,5.35,FALSE
203110,"Draymond Green","1610612744","Golden State Warriors",2022,"0022100130","20211105",-1.7,11.65,TRUE
203110,"Draymond Green","1610612744","Golden State Warriors",2022,"0022100130","20211105",0,5.25,TRUE
203110,"Draymond Green","1610612744","Golden State Warriors",2022,"0022100130","20211105",1,8.35,TRUE
203110,"Draymond Green","1610612744","Golden State Warriors",2022,"0022100130","20211105",14.1,27.55,FALSE
203110,"Draymond Green","1610612744","Golden State Warriors",2022,"0022100145","20211107",-17.8,22.45,FALSE
203110,"Draymond Green","1610612744","Golden State Warriors",2022,"0022100145","20211107",-0.7,6.75,TRUE
203110,"Draymond Green","1610612744","Golden State Warriors",2022,"0022100145","20211107",-0.2,6.95,TRUE
203110,"Draymond Green","1610612744","Golden State Warriors",2022,"0022100145","20211107",11.2,18.85,TRUE
203110,"Draymond Green","1610612744","Golden State Warriors",2022,"0022100145","20211107",-1.7,5.35,FALSE
203110,"Draymond Green","1610612744","Golden State Warriors",2022,"0022100152","20211108",20.5,24.05,FALSE
203110,"Draymond Green","1610612744","Golden State Warriors",2022,"0022100152","20211108",-5.3,15.85,FALSE
203110,"Draymond Green","1610612744","Golden State Warriors",2022,"0022100152","20211108",0.9,10.45,FALSE
203110,"Draymond Green","1610612744","Golden State Warriors",2022,"0022100152","20211108",3.8,8.55,FALSE
203110,"Draymond Green","1610612744","Golden State Warriors",2022,"0022100152","20211108",0,5.25,FALSE
203110,"Draymond Green","1610612744","Golden State Warriors",2022,"0022100152","20211108",-3.4,8.15,TRUE
203110,"Draymond Green","1610612744","Golden State Warriors",2022,"0022100152","20211108",-1.6,6.25,TRUE
203110,"Draymond Green","1610612744","Golden State Warriors",2022,"0022100152","20211108",-12,19.85,FALSE
203110,"Draymond Green","1610612744","Golden State Warriors",2022,"0022100169","20211110",-22.5,7.85,FALSE
203110,"Draymond Green","1610612744","Golden State Warriors",2022,"0022100169","20211110",1.6,8.35,FALSE
203110,"Draymond Green","1610612744","Golden State Warriors",2022,"0022100169","20211110",0,5.25,FALSE
203110,"Draymond Green","1610612744","Golden State Warriors",2022,"0022100183","20211112",-7.1,10.95,FALSE
203110,"Draymond Green","1610612744","Golden State Warriors",2022,"0022100183","20211112",2,7.95,TRUE
203110,"Draymond Green","1610612744","Golden State Warriors",2022,"0022100183","20211112",1.1,6.75,TRUE
203110,"Draymond Green","1610612744","Golden State Warriors",2022,"0022100183","20211112",-4,32.05,TRUE
203110,"Draymond Green","1610612744","Golden State Warriors",2022,"0022100183","20211112",0.2,21.05,FALSE
203110,"Draymond Green","1610612744","Golden State Warriors",2022,"0022100183","20211112",-1.8,8.35,TRUE
203110,"Draymond Green","1610612744","Golden State Warriors",2022,"0022100194","20211114",-2.2,5.85,TRUE
203110,"Draymond Green","1610612744","Golden State Warriors",2022,"0022100194","20211114",17.5,23.05,TRUE
203110,"Draymond Green","1610612744","Golden State Warriors",2022,"0022100194","20211114",1.3,6.75,FALSE
203110,"Draymond Green","1610612744","Golden State Warriors",2022,"0022100194","20211114",-1.1,6.45,TRUE
203110,"Draymond Green","1610612744","Golden State Warriors",2022,"0022100194","20211114",-1.2,6.35,TRUE
203110,"Draymond Green","1610612744","Golden State Warriors",2022,"0022100194","20211114",-12.9,28.35,FALSE
203110,"Draymond Green","1610612744","Golden State Warriors",2022,"0022100194","20211114",-0.5,6.05,TRUE
203110,"Draymond Green","1610612744","Golden State Warriors",2022,"0022100210","20211116",23.3,3.95,FALSE
203110,"Draymond Green","1610612744","Golden State Warriors",2022,"0022100210","20211116",2.2,6.35,TRUE
203110,"Draymond Green","1610612744","Golden State Warriors",2022,"0022100210","20211116",-4.3,5.85,TRUE
203110,"Draymond Green","1610612744","Golden State Warriors",2022,"0022100210","20211116",0.4,5.65,TRUE
203110,"Draymond Green","1610612744","Golden State Warriors",2022,"0022100210","20211116",-7.8,31.65,TRUE
203110,"Draymond Green","1610612744","Golden State Warriors",2022,"0022100210","20211116",2.1,6.45,TRUE
203110,"Draymond Green","1610612744","Golden State Warriors",2022,"0022100224","20211118",6.6,5.55,TRUE
203110,"Draymond Green","1610612744","Golden State Warriors",2022,"0022100224","20211118",-0.2,5.55,TRUE
203110,"Draymond Green","1610612744","Golden State Warriors",2022,"0022100224","20211118",-14.7,25.95,FALSE
203110,"Draymond Green","1610612744","Golden State Warriors",2022,"0022100252","20211121",4.5,5.45,TRUE
203110,"Draymond Green","1610612744","Golden State Warriors",2022,"0022100252","20211121",-4.2,6.95,FALSE
203110,"Draymond Green","1610612744","Golden State Warriors",2022,"0022100252","20211121",-14.5,27.45,FALSE
203110,"Draymond Green","1610612744","Golden State Warriors",2022,"0022100278","20211124",-14.1,27.55,FALSE
203110,"Draymond Green","1610612744","Golden State Warriors",2022,"0022100278","20211124",-0.9,11.65,FALSE
203110,"Draymond Green","1610612744","Golden State Warriors",2022,"0022100278","20211124",-2.8,7.55,TRUE
203110,"Draymond Green","1610612744","Golden State Warriors",2022,"0022100278","20211124",0.5,8.15,TRUE
203110,"Draymond Green","1610612744","Golden State Warriors",2022,"0022100278","20211124",1.6,9.25,TRUE
203110,"Draymond Green","1610612744","Golden State Warriors",2022,"0022100290","20211126",-4.4,7.95,TRUE
203110,"Draymond Green","1610612744","Golden State Warriors",2022,"0022100290","20211126",4.8,5.45,FALSE
203110,"Draymond Green","1610612744","Golden State Warriors",2022,"0022100290","20211126",11,29.95,FALSE
203110,"Draymond Green","1610612744","Golden State Warriors",2022,"0022100290","20211126",-4.4,6.95,TRUE
203110,"Draymond Green","1610612744","Golden State Warriors",2022,"0022100290","20211126",-3.9,8.75,FALSE
203110,"Draymond Green","1610612744","Golden State Warriors",2022,"0022100290","20211126",4.3,5.65,TRUE
203110,"Draymond Green","1610612744","Golden State Warriors",2022,"0022100290","20211126",3.2,6.05,TRUE
203110,"Draymond Green","1610612744","Golden State Warriors",2022,"0022100290","20211126",-1.5,7.15,TRUE
203110,"Draymond Green","1610612744","Golden State Warriors",2022,"0022100300","20211128",1.1,23.25,FALSE
203110,"Draymond Green","1610612744","Golden State Warriors",2022,"0022100300","20211128",-1.7,5.95,TRUE
203110,"Draymond Green","1610612744","Golden State Warriors",2022,"0022100300","20211128",-0.1,16.45,FALSE
203110,"Draymond Green","1610612744","Golden State Warriors",2022,"0022100300","20211128",1.8,5.55,TRUE
203110,"Draymond Green","1610612744","Golden State Warriors",2022,"0022100300","20211128",-1,6.75,TRUE
203110,"Draymond Green","1610612744","Golden State Warriors",2022,"0022100300","20211128",-1.6,6.85,FALSE
203110,"Draymond Green","1610612744","Golden State Warriors",2022,"0022100300","20211128",-6.5,24.75,FALSE
203110,"Draymond Green","1610612744","Golden State Warriors",2022,"0022100316","20211130",2,6.95,TRUE
203110,"Draymond Green","1610612744","Golden State Warriors",2022,"0022100316","20211130",-0.4,6.25,FALSE
203110,"Draymond Green","1610612744","Golden State Warriors",2022,"0022100316","20211130",-0.6,11.35,FALSE
203110,"Draymond Green","1610612744","Golden State Warriors",2022,"0022100316","20211130",0.6,8.35,TRUE
203110,"Draymond Green","1610612744","Golden State Warriors",2022,"0022100316","20211130",2.8,12.75,TRUE
203110,"Draymond Green","1610612744","Golden State Warriors",2022,"0022100316","20211130",-4.2,9.35,FALSE
203110,"Draymond Green","1610612744","Golden State Warriors",2022,"0022100316","20211130",2.2,10.55,FALSE
203110,"Draymond Green","1610612744","Golden State Warriors",2022,"0022100316","20211130",-2.1,7.55,TRUE
203110,"Draymond Green","1610612744","Golden State Warriors",2022,"0022100340","20211203",-3.6,6.55,TRUE
203110,"Draymond Green","1610612744","Golden State Warriors",2022,"0022100340","20211203",-5,10.05,TRUE
203110,"Draymond Green","1610612744","Golden State Warriors",2022,"0022100340","20211203",-0.2,11.45,FALSE
203110,"Draymond Green","1610612744","Golden State Warriors",2022,"0022100340","20211203",-1.8,7.25,FALSE
203110,"Draymond Green","1610612744","Golden State Warriors",2022,"0022100340","20211203",9.9,24.15,TRUE
203110,"Draymond Green","1610612744","Golden State Warriors",2022,"0022100340","20211203",9.3,31.45,TRUE
203110,"Draymond Green","1610612744","Golden State Warriors",2022,"0022100346","20211204",15.7,24.55,FALSE
203110,"Draymond Green","1610612744","Golden State Warriors",2022,"0022100346","20211204",-22.4,12.25,FALSE
203110,"Draymond Green","1610612744","Golden State Warriors",2022,"0022100346","20211204",-2.9,5.95,TRUE
203110,"Draymond Green","1610612744","Golden State Warriors",2022,"0022100346","20211204",-1.6,14.25,FALSE
203110,"Draymond Green","1610612744","Golden State Warriors",2022,"0022100346","20211204",0.5,7.35,TRUE
203110,"Draymond Green","1610612744","Golden State Warriors",2022,"0022100346","20211204",-0.4,5.75,TRUE
203110,"Draymond Green","1610612744","Golden State Warriors",2022,"0022100346","20211204",0.7,6.15,TRUE
203110,"Draymond Green","1610612744","Golden State Warriors",2022,"0022100361","20211206",3.6,5.05,TRUE
203110,"Draymond Green","1610612744","Golden State Warriors",2022,"0022100361","20211206",-2,6.65,TRUE
203110,"Draymond Green","1610612744","Golden State Warriors",2022,"0022100361","20211206",2.7,7.35,TRUE
203110,"Draymond Green","1610612744","Golden State Warriors",2022,"0022100361","20211206",-4.3,17.75,FALSE
203110,"Draymond Green","1610612744","Golden State Warriors",2022,"0022100376","20211208",2,32.45,FALSE
203110,"Draymond Green","1610612744","Golden State Warriors",2022,"0022100376","20211208",5.4,20.05,FALSE
203110,"Draymond Green","1610612744","Golden State Warriors",2022,"0022100376","20211208",-0.7,15.15,FALSE
203110,"Draymond Green","1610612744","Golden State Warriors",2022,"0022100376","20211208",-5.5,13.75,FALSE
203110,"Draymond Green","1610612744","Golden State Warriors",2022,"0022100376","20211208",0,5.25,TRUE
203110,"Draymond Green","1610612744","Golden State Warriors",2022,"0022100396","20211211",1.2,5.85,FALSE
203110,"Draymond Green","1610612744","Golden State Warriors",2022,"0022100396","20211211",24.5,6.95,FALSE
203110,"Draymond Green","1610612744","Golden State Warriors",2022,"0022100396","20211211",1.7,15.35,TRUE
203110,"Draymond Green","1610612744","Golden State Warriors",2022,"0022100396","20211211",0.1,5.05,TRUE
203110,"Draymond Green","1610612744","Golden State Warriors",2022,"0022100405","20211213",-2.7,8.25,FALSE
203110,"Draymond Green","1610612744","Golden State Warriors",2022,"0022100405","20211213",-0.9,6.55,TRUE
203110,"Draymond Green","1610612744","Golden State Warriors",2022,"0022100405","20211213",-2,6.05,TRUE
203110,"Draymond Green","1610612744","Golden State Warriors",2022,"0022100405","20211213",-2,5.55,TRUE
203110,"Draymond Green","1610612744","Golden State Warriors",2022,"0022100405","20211213",3.3,29.15,FALSE
203110,"Draymond Green","1610612744","Golden State Warriors",2022,"0022100405","20211213",-0.9,6.05,TRUE
203110,"Draymond Green","1610612744","Golden State Warriors",2022,"0022100405","20211213",-1.6,6.45,TRUE
203110,"Draymond Green","1610612744","Golden State Warriors",2022,"0022100405","20211213",1.6,9.85,FALSE
203110,"Draymond Green","1610612744","Golden State Warriors",2022,"0022100405","20211213",17.8,7.25,TRUE
203110,"Draymond Green","1610612744","Golden State Warriors",2022,"0022100405","20211213",2.9,8.35,TRUE
203110,"Draymond Green","1610612744","Golden State Warriors",2022,"0022100414","20211214",-0.1,6.15,FALSE
203110,"Draymond Green","1610612744","Golden State Warriors",2022,"0022100414","20211214",2.3,6.35,FALSE
203110,"Draymond Green","1610612744","Golden State Warriors",2022,"0022100414","20211214",-1.6,6.85,FALSE
203110,"Draymond Green","1610612744","Golden State Warriors",2022,"0022100414","20211214",0.1,6.85,TRUE
203110,"Draymond Green","1610612744","Golden State Warriors",2022,"0022100414","20211214",0,5.75,TRUE
203110,"Draymond Green","1610612744","Golden State Warriors",2022,"0022100414","20211214",-3.9,30.65,TRUE
203110,"Draymond Green","1610612744","Golden State Warriors",2022,"0022100435","20211217",9.9,29.35,FALSE
203110,"Draymond Green","1610612744","Golden State Warriors",2022,"0022100435","20211217",10.9,30.85,FALSE
203110,"Draymond Green","1610612744","Golden State Warriors",2022,"0022100435","20211217",4.9,34.25,FALSE
203110,"Draymond Green","1610612744","Golden State Warriors",2022,"0022100435","20211217",3.4,15.25,FALSE
203110,"Draymond Green","1610612744","Golden State Warriors",2022,"0022100435","20211217",0.6,7.25,TRUE
203110,"Draymond Green","1610612744","Golden State Warriors",2022,"0022100435","20211217",-4.5,6.95,TRUE
203110,"Draymond Green","1610612744","Golden State Warriors",2022,"0022100462","20211220",-3.6,7.35,FALSE
203110,"Draymond Green","1610612744","Golden State Warriors",2022,"0022100462","20211220",3.6,15.65,TRUE
203110,"Draymond Green","1610612744","Golden State Warriors",2022,"0022100462","20211220",-2.1,14.75,FALSE
203110,"Draymond Green","1610612744","Golden State Warriors",2022,"0022100462","20211220",-3.7,8.45,TRUE
203110,"Draymond Green","1610612744","Golden State Warriors",2022,"0022100462","20211220",-8.9,28.45,TRUE
203110,"Draymond Green","1610612744","Golden State Warriors",2022,"0022100462","20211220",0.4,12.05,TRUE
203110,"Draymond Green","1610612744","Golden State Warriors",2022,"0022100462","20211220",2,8.95,FALSE
203110,"Draymond Green","1610612744","Golden State Warriors",2022,"0022100462","20211220",0,5.25,TRUE
203110,"Draymond Green","1610612744","Golden State Warriors",2022,"0022100462","20211220",-22.9,10.25,FALSE
203110,"Draymond Green","1610612744","Golden State Warriors",2022,"0022100462","20211220",-1,8.35,TRUE
203110,"Draymond Green","1610612744","Golden State Warriors",2022,"0022100462","20211220",3.8,6.55,TRUE
203110,"Draymond Green","1610612744","Golden State Warriors",2022,"0022100485","20211223",-1.3,13.05,TRUE
203110,"Draymond Green","1610612744","Golden State Warriors",2022,"0022100485","20211223",22.3,6.75,FALSE
203110,"Draymond Green","1610612744","Golden State Warriors",2022,"0022100485","20211223",0.5,60.65,FALSE
203110,"Draymond Green","1610612744","Golden State Warriors",2022,"0022100485","20211223",-3.7,8.65,TRUE
203110,"Draymond Green","1610612744","Golden State Warriors",2022,"0022100485","20211223",-10.9,28.95,FALSE
203110,"Draymond Green","1610612744","Golden State Warriors",2022,"0022100485","20211223",2.5,7.25,TRUE
203110,"Draymond Green","1610612744","Golden State Warriors",2022,"0022100485","20211223",1.5,15.25,FALSE
203110,"Draymond Green","1610612744","Golden State Warriors",2022,"0022100485","20211223",0.4,7.95,TRUE
203110,"Draymond Green","1610612744","Golden State Warriors",2022,"0022100490","20211225",-11.8,28.35,TRUE
203110,"Draymond Green","1610612744","Golden State Warriors",2022,"0022100490","20211225",0.1,7.85,FALSE
203110,"Draymond Green","1610612744","Golden State Warriors",2022,"0022100490","20211225",-10.8,54.15,FALSE
203110,"Draymond Green","1610612744","Golden State Warriors",2022,"0022100490","20211225",0.9,31.55,TRUE
203110,"Draymond Green","1610612744","Golden State Warriors",2022,"0022100490","20211225",-1.6,5.85,FALSE
203110,"Draymond Green","1610612744","Golden State Warriors",2022,"0022100490","20211225",17.3,26.25,FALSE
203110,"Draymond Green","1610612744","Golden State Warriors",2022,"0022100490","20211225",-3.3,9.15,TRUE
203110,"Draymond Green","1610612744","Golden State Warriors",2022,"0022100559","20220103",-15.2,25.85,FALSE
203110,"Draymond Green","1610612744","Golden State Warriors",2022,"0022100559","20220103",-2.6,7.65,TRUE
203110,"Draymond Green","1610612744","Golden State Warriors",2022,"0022100559","20220103",-2.9,31.25,TRUE
203110,"Draymond Green","1610612744","Golden State Warriors",2022,"0022100559","20220103",18.5,24.75,FALSE
203110,"Draymond Green","1610612744","Golden State Warriors",2022,"0022100559","20220103",-5.4,10.35,FALSE
203110,"Draymond Green","1610612744","Golden State Warriors",2022,"0022100572","20220105",23.2,7.45,FALSE
203110,"Draymond Green","1610612744","Golden State Warriors",2022,"0022100572","20220105",-1.5,8.15,FALSE
203110,"Draymond Green","1610612744","Golden State Warriors",2022,"0022100572","20220105",1.2,11.65,TRUE
203110,"Draymond Green","1610612744","Golden State Warriors",2022,"0022100572","20220105",17.8,19.65,FALSE
203110,"Draymond Green","1610612744","Golden State Warriors",2022,"0022101025","20220314",-11.2,30.65,TRUE
203110,"Draymond Green","1610612744","Golden State Warriors",2022,"0022101025","20220314",-5.5,5.95,TRUE
203110,"Draymond Green","1610612744","Golden State Warriors",2022,"0022101025","20220314",17.5,61.45,FALSE
203110,"Draymond Green","1610612744","Golden State Warriors",2022,"0022101025","20220314",0,55.55,FALSE
203110,"Draymond Green","1610612744","Golden State Warriors",2022,"0022101042","20220316",-23,15.75,FALSE
203110,"Draymond Green","1610612744","Golden State Warriors",2022,"0022101042","20220316",-0.1,32.05,FALSE
203110,"Draymond Green","1610612744","Golden State Warriors",2022,"0022101070","20220320",4.5,6.25,FALSE
203110,"Draymond Green","1610612744","Golden State Warriors",2022,"0022101070","20220320",-1.2,7.85,TRUE
203110,"Draymond Green","1610612744","Golden State Warriors",2022,"0022101070","20220320",-9.1,29.45,FALSE
203110,"Draymond Green","1610612744","Golden State Warriors",2022,"0022101080","20220322",0.9,9.65,FALSE
203110,"Draymond Green","1610612744","Golden State Warriors",2022,"0022101080","20220322",-0.4,9.25,TRUE
203110,"Draymond Green","1610612744","Golden State Warriors",2022,"0022101080","20220322",-2.6,7.95,FALSE
203110,"Draymond Green","1610612744","Golden State Warriors",2022,"0022101102","20220325",-0.4,31.35,FALSE
203110,"Draymond Green","1610612744","Golden State Warriors",2022,"0022101102","20220325",-0.7,7.85,TRUE
203110,"Draymond Green","1610612744","Golden State Warriors",2022,"0022101102","20220325",-0.9,7.45,FALSE
203110,"Draymond Green","1610612744","Golden State Warriors",2022,"0022101117","20220327",24.1,5.15,FALSE
203110,"Draymond Green","1610612744","Golden State Warriors",2022,"0022101117","20220327",-4.4,8.45,FALSE
203110,"Draymond Green","1610612744","Golden State Warriors",2022,"0022101117","20220327",-3.4,8.35,TRUE
203110,"Draymond Green","1610612744","Golden State Warriors",2022,"0022101117","20220327",-5.1,6.75,FALSE
203110,"Draymond Green","1610612744","Golden State Warriors",2022,"0022101117","20220327",-2.7,6.75,TRUE
203110,"Draymond Green","1610612744","Golden State Warriors",2022,"0022101117","20220327",2.3,6.35,FALSE
203110,"Draymond Green","1610612744","Golden State Warriors",2022,"0022101145","20220330",2.1,12.05,TRUE
203110,"Draymond Green","1610612744","Golden State Warriors",2022,"0022101145","20220330",-4.3,6.55,FALSE
203110,"Draymond Green","1610612744","Golden State Warriors",2022,"0022101145","20220330",-5.3,6.75,FALSE
203110,"Draymond Green","1610612744","Golden State Warriors",2022,"0022101145","20220330",5,7.75,TRUE
203110,"Draymond Green","1610612744","Golden State Warriors",2022,"0022101165","20220402",-1.1,13.15,TRUE
203110,"Draymond Green","1610612744","Golden State Warriors",2022,"0022101165","20220402",-2.3,6.05,FALSE
203110,"Draymond Green","1610612744","Golden State Warriors",2022,"0022101165","20220402",-0.9,9.85,TRUE
203110,"Draymond Green","1610612744","Golden State Warriors",2022,"0022101165","20220402",-3.1,8.35,TRUE
203110,"Draymond Green","1610612744","Golden State Warriors",2022,"0022101165","20220402",-4.7,7.55,FALSE
203110,"Draymond Green","1610612744","Golden State Warriors",2022,"0022101176","20220403",2.7,30.85,TRUE
203110,"Draymond Green","1610612744","Golden State Warriors",2022,"0022101176","20220403",17.2,24.25,TRUE
203110,"Draymond Green","1610612744","Golden State Warriors",2022,"0022101176","20220403",2.6,7.05,FALSE
203110,"Draymond Green","1610612744","Golden State Warriors",2022,"0022101176","20220403",-2.2,7.95,FALSE
203110,"Draymond Green","1610612744","Golden State Warriors",2022,"0022101176","20220403",7,9.75,FALSE
203110,"Draymond Green","1610612744","Golden State Warriors",2022,"0022101202","20220407",-4.2,8.45,FALSE
203110,"Draymond Green","1610612744","Golden State Warriors",2022,"0022101202","20220407",-0.9,12.85,TRUE
203110,"Draymond Green","1610612744","Golden State Warriors",2022,"0022101202","20220407",-4,7.45,TRUE
203110,"Draymond Green","1610612744","Golden State Warriors",2022,"0022101202","20220407",-4.3,9.65,FALSE
203110,"Draymond Green","1610612744","Golden State Warriors",2022,"0022101202","20220407",-2.1,12.55,FALSE
203110,"Draymond Green","1610612744","Golden State Warriors",2022,"0022101202","20220407",7.6,6.85,FALSE
203110,"Draymond Green","1610612744","Golden State Warriors",2022,"0022101202","20220407",-0.2,9.75,TRUE
203110,"Draymond Green","1610612744","Golden State Warriors",2022,"0022101202","20220407",-4.8,8.85,TRUE
203110,"Draymond Green","1610612744","Golden State Warriors",2022,"0022101202","20220407",-5.4,9.95,TRUE
203110,"Draymond Green","1610612744","Golden State Warriors",2022,"0022101215","20220409",-2.6,12.75,TRUE
203110,"Draymond Green","1610612744","Golden State Warriors",2022,"0022101215","20220409",-3.2,30.05,FALSE
203110,"Draymond Green","1610612744","Golden State Warriors",2022,"0022101215","20220409",-2.9,8.45,FALSE
203110,"Draymond Green","1610612744","Golden State Warriors",2022,"0022101215","20220409",1.2,5.55,TRUE
203110,"Draymond Green","1610612744","Golden State Warriors",2022,"0022101215","20220409",-1,5.75,TRUE
203110,"Draymond Green","1610612744","Golden State Warriors",2022,"0022101215","20220409",-1.6,6.55,TRUE
203110,"Draymond Green","1610612744","Golden State Warriors",2022,"0022101215","20220409",10.5,14.45,FALSE
203110,"Draymond Green","1610612744","Golden State Warriors",2022,"0022101215","20220409",-0.9,6.85,TRUE
203110,"Draymond Green","1610612744","Golden State Warriors",2022,"0022101215","20220409",2.7,7.35,TRUE
203110,"Draymond Green","1610612744","Golden State Warriors",2022,"0022101215","20220409",-0.9,7.45,FALSE
203110,"Draymond Green","1610612744","Golden State Warriors",2022,"0022101225","20220410",12.5,7.95,TRUE
203110,"Draymond Green","1610612744","Golden State Warriors",2022,"0022101225","20220410",-22.5,11.15,TRUE
203110,"Draymond Green","1610612744","Golden State Warriors",2023,"0022200002","20221018",1.2,28.15,FALSE
203110,"Draymond Green","1610612744","Golden State Warriors",2023,"0022200002","20221018",2.3,16.35,FALSE
203110,"Draymond Green","1610612744","Golden State Warriors",2023,"0022200002","20221018",-0.9,5.75,TRUE
203110,"Draymond Green","1610612744","Golden State Warriors",2023,"0022200002","20221018",-0.6,8.35,TRUE
203110,"Draymond Green","1610612744","Golden State Warriors",2023,"0022200002","20221018",-0.5,8.85,FALSE
203110,"Draymond Green","1610612744","Golden State Warriors",2023,"0022200026","20221021",9.2,9.15,TRUE
203110,"Draymond Green","1610612744","Golden State Warriors",2023,"0022200026","20221021",-5,30.45,TRUE
203110,"Draymond Green","1610612744","Golden State Warriors",2023,"0022200026","20221021",-0.6,11.95,TRUE
203110,"Draymond Green","1610612744","Golden State Warriors",2023,"0022200026","20221021",-16.7,26.25,FALSE
203110,"Draymond Green","1610612744","Golden State Warriors",2023,"0022200026","20221021",-5.1,7.45,TRUE
203110,"Draymond Green","1610612744","Golden State Warriors",2023,"0022200026","20221021",22.2,8.35,FALSE
203110,"Draymond Green","1610612744","Golden State Warriors",2023,"0022200042","20221023",-6.1,9.45,TRUE
203110,"Draymond Green","1610612744","Golden State Warriors",2023,"0022200042","20221023",-3.2,8.25,TRUE
203110,"Draymond Green","1610612744","Golden State Warriors",2023,"0022200042","20221023",2.5,7.25,TRUE
203110,"Draymond Green","1610612744","Golden State Warriors",2023,"0022200042","20221023",0,5.25,FALSE
203110,"Draymond Green","1610612744","Golden State Warriors",2023,"0022200055","20221025",20.5,5.45,TRUE
203110,"Draymond Green","1610612744","Golden State Warriors",2023,"0022200055","20221025",-19.4,21.65,FALSE
203110,"Draymond Green","1610612744","Golden State Warriors",2023,"0022200055","20221025",-0.1,10.35,FALSE
203110,"Draymond Green","1610612744","Golden State Warriors",2023,"0022200055","20221025",0.9,15.55,TRUE
203110,"Draymond Green","1610612744","Golden State Warriors",2023,"0022200055","20221025",0,5.15,TRUE
203110,"Draymond Green","1610612744","Golden State Warriors",2023,"0022200055","20221025",-0.2,5.05,FALSE
203110,"Draymond Green","1610612744","Golden State Warriors",2023,"0022200055","20221025",0.7,5.25,TRUE
203110,"Draymond Green","1610612744","Golden State Warriors",2023,"0022200055","20221025",-3.9,9.55,TRUE
203110,"Draymond Green","1610612744","Golden State Warriors",2023,"0022200055","20221025",-0.1,7.55,TRUE
203110,"Draymond Green","1610612744","Golden State Warriors",2023,"0022200055","20221025",-1,7.05,TRUE
203110,"Draymond Green","1610612744","Golden State Warriors",2023,"0022200068","20221027",3.1,7.75,TRUE
203110,"Draymond Green","1610612744","Golden State Warriors",2023,"0022200068","20221027",18,22.25,FALSE
203110,"Draymond Green","1610612744","Golden State Warriors",2023,"0022200068","20221027",-5,6.75,TRUE
203110,"Draymond Green","1610612744","Golden State Warriors",2023,"0022200068","20221027",0,8.35,TRUE
203110,"Draymond Green","1610612744","Golden State Warriors",2023,"0022200068","20221027",-4.5,7.95,TRUE
203110,"Draymond Green","1610612744","Golden State Warriors",2023,"0022200068","20221027",-4.9,6.35,FALSE
203110,"Draymond Green","1610612744","Golden State Warriors",2023,"0022200068","20221027",2.8,7.45,FALSE
203110,"Draymond Green","1610612744","Golden State Warriors",2023,"0022200068","20221027",1.1,11.05,FALSE
203110,"Draymond Green","1610612744","Golden State Warriors",2023,"0022200068","20221027",-1.5,13.95,FALSE
203110,"Draymond Green","1610612744","Golden State Warriors",2023,"0022200068","20221027",0,5.25,TRUE
203110,"Draymond Green","1610612744","Golden State Warriors",2023,"0022200082","20221029",-3.2,8.25,FALSE
203110,"Draymond Green","1610612744","Golden State Warriors",2023,"0022200082","20221029",1.3,30.85,FALSE
203110,"Draymond Green","1610612744","Golden State Warriors",2023,"0022200082","20221029",-0.9,5.95,TRUE
203110,"Draymond Green","1610612744","Golden State Warriors",2023,"0022200082","20221029",1,6.95,TRUE
203110,"Draymond Green","1610612744","Golden State Warriors",2023,"0022200082","20221029",2.3,9.15,FALSE
203110,"Draymond Green","1610612744","Golden State Warriors",2023,"0022200082","20221029",0.1,6.55,TRUE
203110,"Draymond Green","1610612744","Golden State Warriors",2023,"0022200082","20221029",-1,6.25,TRUE
203110,"Draymond Green","1610612744","Golden State Warriors",2023,"0022200082","20221029",1.3,6.75,TRUE
203110,"Draymond Green","1610612744","Golden State Warriors",2023,"0022200082","20221029",-0.5,6.25,TRUE
203110,"Draymond Green","1610612744","Golden State Warriors",2023,"0022200091","20221030",-0.9,5.35,TRUE
203110,"Draymond Green","1610612744","Golden State Warriors",2023,"0022200091","20221030",9.8,29.45,FALSE
203110,"Draymond Green","1610612744","Golden State Warriors",2023,"0022200091","20221030",-2.2,6.35,FALSE
203110,"Draymond Green","1610612744","Golden State Warriors",2023,"0022200091","20221030",-2,8.65,FALSE
203110,"Draymond Green","1610612744","Golden State Warriors",2023,"0022200091","20221030",-23.3,8.45,TRUE
203110,"Draymond Green","1610612744","Golden State Warriors",2023,"0022200104","20221101",1.1,6.45,TRUE
203110,"Draymond Green","1610612744","Golden State Warriors",2023,"0022200104","20221101",16.1,25.85,TRUE
203110,"Draymond Green","1610612744","Golden State Warriors",2023,"0022200104","20221101",-20.3,24.95,FALSE
203110,"Draymond Green","1610612744","Golden State Warriors",2023,"0022200118","20221103",4.3,18.05,TRUE
203110,"Draymond Green","1610612744","Golden State Warriors",2023,"0022200118","20221103",-2,7.45,FALSE
203110,"Draymond Green","1610612744","Golden State Warriors",2023,"0022200118","20221103",0.2,9.35,TRUE
203110,"Draymond Green","1610612744","Golden State Warriors",2023,"0022200118","20221103",2.2,5.85,TRUE
203110,"Draymond Green","1610612744","Golden State Warriors",2023,"0022200118","20221103",-0.6,6.35,TRUE
203110,"Draymond Green","1610612744","Golden State Warriors",2023,"0022200156","20221107",2.9,6.95,TRUE
203110,"Draymond Green","1610612744","Golden State Warriors",2023,"0022200156","20221107",2.8,7.85,TRUE
203110,"Draymond Green","1610612744","Golden State Warriors",2023,"0022200156","20221107",2.3,7.05,TRUE
203110,"Draymond Green","1610612744","Golden State Warriors",2023,"0022200156","20221107",2.3,13.05,FALSE
203110,"Draymond Green","1610612744","Golden State Warriors",2023,"0022200156","20221107",-5.1,8.45,FALSE
203110,"Draymond Green","1610612744","Golden State Warriors",2023,"0022200156","20221107",-0.2,11.15,FALSE
203110,"Draymond Green","1610612744","Golden State Warriors",2023,"0022200156","20221107",-1.3,7.85,TRUE
203110,"Draymond Green","1610612744","Golden State Warriors",2023,"0022200182","20221111",-9.4,10.25,FALSE
203110,"Draymond Green","1610612744","Golden State Warriors",2023,"0022200182","20221111",-1.5,11.15,FALSE
203110,"Draymond Green","1610612744","Golden State Warriors",2023,"0022200182","20221111",0,5.25,FALSE
203110,"Draymond Green","1610612744","Golden State Warriors",2023,"0022200182","20221111",-1.3,17.25,FALSE
203110,"Draymond Green","1610612744","Golden State Warriors",2023,"0022200182","20221111",-2.3,6.75,TRUE
203110,"Draymond Green","1610612744","Golden State Warriors",2023,"0022200197","20221113",-6.6,29.65,FALSE
203110,"Draymond Green","1610612744","Golden State Warriors",2023,"0022200197","20221113",0.2,8.05,TRUE
203110,"Draymond Green","1610612744","Golden State Warriors",2023,"0022200197","20221113",-0.9,13.45,TRUE
203110,"Draymond Green","1610612744","Golden State Warriors",2023,"0022200197","20221113",-15.2,25.45,FALSE
203110,"Draymond Green","1610612744","Golden State Warriors",2023,"0022200197","20221113",5.4,10.45,FALSE
203110,"Draymond Green","1610612744","Golden State Warriors",2023,"0022200197","20221113",-0.9,7.15,FALSE
203110,"Draymond Green","1610612744","Golden State Warriors",2023,"0022200197","20221113",-2.2,7.95,TRUE
203110,"Draymond Green","1610612744","Golden State Warriors",2023,"0022200205","20221114",0.4,6.35,FALSE
203110,"Draymond Green","1610612744","Golden State Warriors",2023,"0022200205","20221114",-2.9,7.25,FALSE
203110,"Draymond Green","1610612744","Golden State Warriors",2023,"0022200205","20221114",-12,27.15,FALSE
203110,"Draymond Green","1610612744","Golden State Warriors",2023,"0022200205","20221114",-0.2,7.45,TRUE
203110,"Draymond Green","1610612744","Golden State Warriors",2023,"0022200205","20221114",16.3,24.15,FALSE
203110,"Draymond Green","1610612744","Golden State Warriors",2023,"0022200205","20221114",1.7,6.25,FALSE
203110,"Draymond Green","1610612744","Golden State Warriors",2023,"0022200220","20221116",-0.4,31.45,TRUE
203110,"Draymond Green","1610612744","Golden State Warriors",2023,"0022200220","20221116",-0.5,6.35,TRUE
203110,"Draymond Green","1610612744","Golden State Warriors",2023,"0022200220","20221116",-0.9,6.75,TRUE
203110,"Draymond Green","1610612744","Golden State Warriors",2023,"0022200233","20221118",-14,17.55,TRUE
203110,"Draymond Green","1610612744","Golden State Warriors",2023,"0022200233","20221118",3.7,8.95,FALSE
203110,"Draymond Green","1610612744","Golden State Warriors",2023,"0022200233","20221118",-3.8,31.05,TRUE
203110,"Draymond Green","1610612744","Golden State Warriors",2023,"0022200233","20221118",1.3,8.15,TRUE
203110,"Draymond Green","1610612744","Golden State Warriors",2023,"0022200245","20221120",-3.6,7.85,TRUE
203110,"Draymond Green","1610612744","Golden State Warriors",2023,"0022200245","20221120",18.8,23.15,FALSE
203110,"Draymond Green","1610612744","Golden State Warriors",2023,"0022200245","20221120",-3.3,9.15,FALSE
203110,"Draymond Green","1610612744","Golden State Warriors",2023,"0022200245","20221120",5.3,14.65,TRUE
203110,"Draymond Green","1610612744","Golden State Warriors",2023,"0022200271","20221123",-2.7,10.75,TRUE
203110,"Draymond Green","1610612744","Golden State Warriors",2023,"0022200271","20221123",-4.5,7.25,TRUE
203110,"Draymond Green","1610612744","Golden State Warriors",2023,"0022200271","20221123",-3.2,7.65,TRUE
203110,"Draymond Green","1610612744","Golden State Warriors",2023,"0022200271","20221123",18.8,23.55,TRUE
203110,"Draymond Green","1610612744","Golden State Warriors",2023,"0022200284","20221125",-6.4,9.05,TRUE
203110,"Draymond Green","1610612744","Golden State Warriors",2023,"0022200284","20221125",4.3,7.35,FALSE
203110,"Draymond Green","1610612744","Golden State Warriors",2023,"0022200284","20221125",3.7,7.75,TRUE
203110,"Draymond Green","1610612744","Golden State Warriors",2023,"0022200284","20221125",-23.3,12.55,TRUE
203110,"Draymond Green","1610612744","Golden State Warriors",2023,"0022200284","20221125",-2.9,7.65,TRUE
203110,"Draymond Green","1610612744","Golden State Warriors",2023,"0022200284","20221125",-2.1,14.35,FALSE
203110,"Draymond Green","1610612744","Golden State Warriors",2023,"0022200284","20221125",-0.1,11.95,TRUE
203110,"Draymond Green","1610612744","Golden State Warriors",2023,"0022200284","20221125",1.5,7.35,TRUE
203110,"Draymond Green","1610612744","Golden State Warriors",2023,"0022200284","20221125",19.4,22.15,FALSE
203110,"Draymond Green","1610612744","Golden State Warriors",2023,"0022200291","20221127",-0.7,5.75,TRUE
203110,"Draymond Green","1610612744","Golden State Warriors",2023,"0022200291","20221127",0.6,6.45,TRUE
203110,"Draymond Green","1610612744","Golden State Warriors",2023,"0022200291","20221127",0.2,6.45,TRUE
203110,"Draymond Green","1610612744","Golden State Warriors",2023,"0022200291","20221127",-0.2,6.55,TRUE
203110,"Draymond Green","1610612744","Golden State Warriors",2023,"0022200291","20221127",22.8,6.25,FALSE
203110,"Draymond Green","1610612744","Golden State Warriors",2023,"0022200291","20221127",-22.8,11.35,TRUE
203110,"Draymond Green","1610612744","Golden State Warriors",2023,"0022200291","20221127",-0.2,12.95,TRUE
203110,"Draymond Green","1610612744","Golden State Warriors",2023,"0022200310","20221129",22.4,3.95,FALSE
203110,"Draymond Green","1610612744","Golden State Warriors",2023,"0022200310","20221129",15.7,24.45,FALSE
203110,"Draymond Green","1610612744","Golden State Warriors",2023,"0022200310","20221129",0.5,5.25,TRUE
203110,"Draymond Green","1610612744","Golden State Warriors",2023,"0022200310","20221129",0,6.05,TRUE
203110,"Draymond Green","1610612744","Golden State Warriors",2023,"0022200310","20221129",-18.3,23.05,FALSE
203110,"Draymond Green","1610612744","Golden State Warriors",2023,"0022200310","20221129",3.2,10.05,FALSE
203110,"Draymond Green","1610612744","Golden State Warriors",2023,"0022200310","20221129",-1,6.45,TRUE
203110,"Draymond Green","1610612744","Golden State Warriors",2023,"0022200310","20221129",-0.2,6.85,TRUE
203110,"Draymond Green","1610612744","Golden State Warriors",2023,"0022200310","20221129",0.4,6.45,TRUE
203110,"Draymond Green","1610612744","Golden State Warriors",2023,"0022200310","20221129",-1.2,6.35,TRUE
203110,"Draymond Green","1610612744","Golden State Warriors",2023,"0022200336","20221202",16.5,25.35,TRUE
203110,"Draymond Green","1610612744","Golden State Warriors",2023,"0022200336","20221202",-1.1,16.25,FALSE
203110,"Draymond Green","1610612744","Golden State Warriors",2023,"0022200336","20221202",4.4,8.15,TRUE
203110,"Draymond Green","1610612744","Golden State Warriors",2023,"0022200336","20221202",23,4.35,FALSE
203110,"Draymond Green","1610612744","Golden State Warriors",2023,"0022200336","20221202",-3.8,8.05,TRUE
203110,"Draymond Green","1610612744","Golden State Warriors",2023,"0022200336","20221202",22.1,18.05,TRUE
203110,"Draymond Green","1610612744","Golden State Warriors",2023,"0022200342","20221203",-22.8,11.75,TRUE
203110,"Draymond Green","1610612744","Golden State Warriors",2023,"0022200342","20221203",19.4,23.85,FALSE
203110,"Draymond Green","1610612744","Golden State Warriors",2023,"0022200342","20221203",-5.4,7.95,FALSE
203110,"Draymond Green","1610612744","Golden State Warriors",2023,"0022200342","20221203",22.9,4.45,FALSE
203110,"Draymond Green","1610612744","Golden State Warriors",2023,"0022200342","20221203",-5.9,33.95,FALSE
203110,"Draymond Green","1610612744","Golden State Warriors",2023,"0022200342","20221203",-1.6,31.45,FALSE
203110,"Draymond Green","1610612744","Golden State Warriors",2023,"0022200359","20221205",4.7,6.35,FALSE
203110,"Draymond Green","1610612744","Golden State Warriors",2023,"0022200359","20221205",0,5.25,FALSE
203110,"Draymond Green","1610612744","Golden State Warriors",2023,"0022200359","20221205",0,10.75,FALSE
203110,"Draymond Green","1610612744","Golden State Warriors",2023,"0022200359","20221205",-6.1,30.95,FALSE
203110,"Draymond Green","1610612744","Golden State Warriors",2023,"0022200359","20221205",14.5,26.65,FALSE
203110,"Draymond Green","1610612744","Golden State Warriors",2023,"0022200359","20221205",-4.2,8.45,TRUE
203110,"Draymond Green","1610612744","Golden State Warriors",2023,"0022200359","20221205",3.2,7.85,FALSE
203110,"Draymond Green","1610612744","Golden State Warriors",2023,"0022200359","20221205",2.6,7.45,FALSE
203110,"Draymond Green","1610612744","Golden State Warriors",2023,"0022200392","20221210",-23.4,10.65,FALSE
203110,"Draymond Green","1610612744","Golden State Warriors",2023,"0022200392","20221210",-4.9,9.05,FALSE
203110,"Draymond Green","1610612744","Golden State Warriors",2023,"0022200392","20221210",4.8,9.55,TRUE
203110,"Draymond Green","1610612744","Golden State Warriors",2023,"0022200392","20221210",-5.3,7.75,TRUE
203110,"Draymond Green","1610612744","Golden State Warriors",2023,"0022200392","20221210",22.9,4.75,FALSE
203110,"Draymond Green","1610612744","Golden State Warriors",2023,"0022200392","20221210",-1.2,14.45,TRUE
203110,"Draymond Green","1610612744","Golden State Warriors",2023,"0022200392","20221210",2,7.45,FALSE
203110,"Draymond Green","1610612744","Golden State Warriors",2023,"0022200392","20221210",-5.3,7.65,FALSE
203110,"Draymond Green","1610612744","Golden State Warriors",2023,"0022200392","20221210",-3.2,8.15,TRUE
203110,"Draymond Green","1610612744","Golden State Warriors",2023,"0022200392","20221210",-4.4,6.35,TRUE
203110,"Draymond Green","1610612744","Golden State Warriors",2023,"0022200410","20221213",-0.7,6.25,TRUE
203110,"Draymond Green","1610612744","Golden State Warriors",2023,"0022200410","20221213",-0.4,10.25,FALSE
203110,"Draymond Green","1610612744","Golden State Warriors",2023,"0022200410","20221213",-13.8,14.85,FALSE
203110,"Draymond Green","1610612744","Golden State Warriors",2023,"0022200415","20221214",-2.2,7.35,FALSE
203110,"Draymond Green","1610612744","Golden State Warriors",2023,"0022200415","20221214",-4.4,9.45,FALSE
203110,"Draymond Green","1610612744","Golden State Warriors",2023,"0022200415","20221214",-23.7,8.45,FALSE
203110,"Draymond Green","1610612744","Golden State Warriors",2023,"0022200448","20221218",-11.2,27.35,TRUE
203110,"Draymond Green","1610612744","Golden State Warriors",2023,"0022200448","20221218",-23,6.25,TRUE
203110,"Draymond Green","1610612744","Golden State Warriors",2023,"0022200448","20221218",23.2,6.25,TRUE
203110,"Draymond Green","1610612744","Golden State Warriors",2023,"0022200448","20221218",0,13.75,TRUE
203110,"Draymond Green","1610612744","Golden State Warriors",2023,"0022200448","20221218",-1.8,6.35,TRUE
203110,"Draymond Green","1610612744","Golden State Warriors",2023,"0022200448","20221218",11.5,28.85,FALSE
203110,"Draymond Green","1610612744","Golden State Warriors",2023,"0022200448","20221218",-1.5,12.55,FALSE
203110,"Draymond Green","1610612744","Golden State Warriors",2023,"0022200448","20221218",-2.5,12.65,FALSE
203110,"Draymond Green","1610612744","Golden State Warriors",2023,"0022200448","20221218",-0.5,6.55,TRUE
203110,"Draymond Green","1610612744","Golden State Warriors",2023,"0022200448","20221218",-2.3,7.05,FALSE
203110,"Draymond Green","1610612744","Golden State Warriors",2023,"0022200448","20221218",-0.2,10.45,FALSE
203110,"Draymond Green","1610612744","Golden State Warriors",2023,"0022200448","20221218",-22.2,18.45,FALSE
203110,"Draymond Green","1610612744","Golden State Warriors",2023,"0022200448","20221218",0,5.25,FALSE
203110,"Draymond Green","1610612744","Golden State Warriors",2023,"0022200448","20221218",-7.2,29.95,FALSE
203110,"Draymond Green","1610612744","Golden State Warriors",2023,"0022200448","20221218",2.2,6.95,TRUE
203110,"Draymond Green","1610612744","Golden State Warriors",2023,"0022200463","20221220",0,5.25,TRUE
203110,"Draymond Green","1610612744","Golden State Warriors",2023,"0022200463","20221220",-11.8,29.15,FALSE
203110,"Draymond Green","1610612744","Golden State Warriors",2023,"0022200463","20221220",-23.3,5.85,TRUE
203110,"Draymond Green","1610612744","Golden State Warriors",2023,"0022200463","20221220",-15.6,26.25,FALSE
203110,"Draymond Green","1610612744","Golden State Warriors",2023,"0022200463","20221220",1.8,5.95,TRUE
203110,"Draymond Green","1610612744","Golden State Warriors",2023,"0022200470","20221221",-1.6,4.85,TRUE
203110,"Draymond Green","1610612744","Golden State Warriors",2023,"0022200470","20221221",4.2,29.55,FALSE
203110,"Draymond Green","1610612744","Golden State Warriors",2023,"0022200496","20221225",0.7,7.75,FALSE
203110,"Draymond Green","1610612744","Golden State Warriors",2023,"0022200496","20221225",2.9,31.55,TRUE
203110,"Draymond Green","1610612744","Golden State Warriors",2023,"0022200496","20221225",-2.8,13.25,FALSE
203110,"Draymond Green","1610612744","Golden State Warriors",2023,"0022200513","20221227",1.3,32.65,FALSE
203110,"Draymond Green","1610612744","Golden State Warriors",2023,"0022200513","20221227",3.1,7.25,FALSE
203110,"Draymond Green","1610612744","Golden State Warriors",2023,"0022200513","20221227",2.5,12.55,TRUE
203110,"Draymond Green","1610612744","Golden State Warriors",2023,"0022200513","20221227",-4.4,6.85,FALSE
203110,"Draymond Green","1610612744","Golden State Warriors",2023,"0022200513","20221227",4.5,7.75,TRUE
203110,"Draymond Green","1610612744","Golden State Warriors",2023,"0022200513","20221227",-3.3,9.05,TRUE
203110,"Draymond Green","1610612744","Golden State Warriors",2023,"0022200513","20221227",-10,29.95,FALSE
203110,"Draymond Green","1610612744","Golden State Warriors",2023,"0022200521","20221228",-10.4,29.45,FALSE
203110,"Draymond Green","1610612744","Golden State Warriors",2023,"0022200521","20221228",22.4,5.05,FALSE
203110,"Draymond Green","1610612744","Golden State Warriors",2023,"0022200521","20221228",-22.7,4.45,FALSE
203110,"Draymond Green","1610612744","Golden State Warriors",2023,"0022200521","20221228",-23.8,11.05,TRUE
203110,"Draymond Green","1610612744","Golden State Warriors",2023,"0022200521","20221228",19.7,22.75,FALSE
203110,"Draymond Green","1610612744","Golden State Warriors",2023,"0022200521","20221228",1.2,31.55,TRUE
203110,"Draymond Green","1610612744","Golden State Warriors",2023,"0022200521","20221228",0,5.25,FALSE
203110,"Draymond Green","1610612744","Golden State Warriors",2023,"0022200536","20221230",-4.4,7.85,FALSE
203110,"Draymond Green","1610612744","Golden State Warriors",2023,"0022200536","20221230",-23.3,9.05,FALSE
203110,"Draymond Green","1610612744","Golden State Warriors",2023,"0022200536","20221230",-5.2,6.65,TRUE
203110,"Draymond Green","1610612744","Golden State Warriors",2023,"0022200536","20221230",-20.8,22.45,TRUE
203110,"Draymond Green","1610612744","Golden State Warriors",2023,"0022200536","20221230",16.3,25.65,TRUE
203110,"Draymond Green","1610612744","Golden State Warriors",2023,"0022200536","20221230",-1.8,11.05,FALSE
203110,"Draymond Green","1610612744","Golden State Warriors",2023,"0022200536","20221230",0.7,14.65,FALSE
203110,"Draymond Green","1610612744","Golden State Warriors",2023,"0022200536","20221230",0.1,7.65,FALSE
203110,"Draymond Green","1610612744","Golden State Warriors",2023,"0022200536","20221230",0,5.25,FALSE
203110,"Draymond Green","1610612744","Golden State Warriors",2023,"0022200536","20221230",-5.1,7.95,TRUE
203110,"Draymond Green","1610612744","Golden State Warriors",2023,"0022200536","20221230",-20,22.15,FALSE
203110,"Draymond Green","1610612744","Golden State Warriors",2023,"0022200558","20230102",3.7,6.55,FALSE
203110,"Draymond Green","1610612744","Golden State Warriors",2023,"0022200558","20230102",3.8,6.25,TRUE
203110,"Draymond Green","1610612744","Golden State Warriors",2023,"0022200558","20230102",-5.3,8.05,FALSE
203110,"Draymond Green","1610612744","Golden State Warriors",2023,"0022200558","20230102",16.1,20.55,FALSE
203110,"Draymond Green","1610612744","Golden State Warriors",2023,"0022200558","20230102",13.5,30.05,TRUE
203110,"Draymond Green","1610612744","Golden State Warriors",2023,"0022200573","20230104",-19.7,21.55,FALSE
203110,"Draymond Green","1610612744","Golden State Warriors",2023,"0022200573","20230104",1.8,6.35,TRUE
203110,"Draymond Green","1610612744","Golden State Warriors",2023,"0022200573","20230104",2.6,7.35,TRUE
203110,"Draymond Green","1610612744","Golden State Warriors",2023,"0022200573","20230104",23.9,4.65,FALSE
203110,"Draymond Green","1610612744","Golden State Warriors",2023,"0022200594","20230107",2.7,31.75,FALSE
203110,"Draymond Green","1610612744","Golden State Warriors",2023,"0022200594","20230107",22.5,5.75,TRUE
203110,"Draymond Green","1610612744","Golden State Warriors",2023,"0022200594","20230107",-23.3,6.45,FALSE
203110,"Draymond Green","1610612744","Golden State Warriors",2023,"0022200594","20230107",16.5,25.75,FALSE
203110,"Draymond Green","1610612744","Golden State Warriors",2023,"0022200594","20230107",-6.1,8.45,TRUE
203110,"Draymond Green","1610612744","Golden State Warriors",2023,"0022200594","20230107",-22.4,8.95,FALSE
203110,"Draymond Green","1610612744","Golden State Warriors",2023,"0022200615","20230110",16.4,19.45,FALSE
203110,"Draymond Green","1610612744","Golden State Warriors",2023,"0022200615","20230110",-20,22.95,TRUE
203110,"Draymond Green","1610612744","Golden State Warriors",2023,"0022200615","20230110",-13,28.85,FALSE
203110,"Draymond Green","1610612744","Golden State Warriors",2023,"0022200615","20230110",2.7,32.25,FALSE
203110,"Draymond Green","1610612744","Golden State Warriors",2023,"0022200615","20230110",3.7,7.85,FALSE
203110,"Draymond Green","1610612744","Golden State Warriors",2023,"0022200635","20230113",1.6,5.55,FALSE
203110,"Draymond Green","1610612744","Golden State Warriors",2023,"0022200635","20230113",0,30.95,FALSE
203110,"Draymond Green","1610612744","Golden State Warriors",2023,"0022200635","20230113",-1.8,6.05,TRUE
203110,"Draymond Green","1610612744","Golden State Warriors",2023,"0022200635","20230113",-1.3,6.55,TRUE
203110,"Draymond Green","1610612744","Golden State Warriors",2023,"0022200635","20230113",-1.1,6.05,TRUE
203110,"Draymond Green","1610612744","Golden State Warriors",2023,"0022200650","20230115",15,26.45,FALSE
203110,"Draymond Green","1610612744","Golden State Warriors",2023,"0022200650","20230115",1,5.85,FALSE
203110,"Draymond Green","1610612744","Golden State Warriors",2023,"0022200650","20230115",-0.4,5.35,TRUE
203110,"Draymond Green","1610612744","Golden State Warriors",2023,"0022200650","20230115",0,5.25,FALSE
203110,"Draymond Green","1610612744","Golden State Warriors",2023,"0022200650","20230115",2,17.05,FALSE
203110,"Draymond Green","1610612744","Golden State Warriors",2023,"0022200650","20230115",0,5.65,TRUE
203110,"Draymond Green","1610612744","Golden State Warriors",2023,"0022200660","20230116",-22.7,5.55,FALSE
203110,"Draymond Green","1610612744","Golden State Warriors",2023,"0022200660","20230116",6.6,17.45,FALSE
203110,"Draymond Green","1610612744","Golden State Warriors",2023,"0022200660","20230116",-4.2,6.25,TRUE
203110,"Draymond Green","1610612744","Golden State Warriors",2023,"0022200660","20230116",7.4,32.45,TRUE
203110,"Draymond Green","1610612744","Golden State Warriors",2023,"0022200660","20230116",-4.7,30.85,TRUE
203110,"Draymond Green","1610612744","Golden State Warriors",2023,"0022200660","20230116",2,5.75,TRUE
203110,"Draymond Green","1610612744","Golden State Warriors",2023,"0022200660","20230116",-0.7,6.95,TRUE
203110,"Draymond Green","1610612744","Golden State Warriors",2023,"0022200679","20230119",-0.2,14.65,FALSE
203110,"Draymond Green","1610612744","Golden State Warriors",2023,"0022200679","20230119",-1.3,32.05,FALSE
203110,"Draymond Green","1610612744","Golden State Warriors",2023,"0022200679","20230119",-3.2,8.45,TRUE
203110,"Draymond Green","1610612744","Golden State Warriors",2023,"0022200679","20230119",0,5.25,TRUE
203110,"Draymond Green","1610612744","Golden State Warriors",2023,"0022200679","20230119",-16.1,23.75,TRUE
203110,"Draymond Green","1610612744","Golden State Warriors",2023,"0022200704","20230122",-1,9.55,TRUE
203110,"Draymond Green","1610612744","Golden State Warriors",2023,"0022200704","20230122",22.5,7.25,TRUE
203110,"Draymond Green","1610612744","Golden State Warriors",2023,"0022200704","20230122",24,4.45,FALSE
203110,"Draymond Green","1610612744","Golden State Warriors",2023,"0022200704","20230122",2.8,7.65,FALSE
203110,"Draymond Green","1610612744","Golden State Warriors",2023,"0022200704","20230122",-3.4,9.05,FALSE
203110,"Draymond Green","1610612744","Golden State Warriors",2023,"0022200704","20230122",0,5.25,TRUE
203110,"Draymond Green","1610612744","Golden State Warriors",2023,"0022200704","20230122",3.3,7.85,TRUE
203110,"Draymond Green","1610612744","Golden State Warriors",2023,"0022200726","20230125",-5.1,6.55,TRUE
203110,"Draymond Green","1610612744","Golden State Warriors",2023,"0022200726","20230125",4.8,7.85,TRUE
203110,"Draymond Green","1610612744","Golden State Warriors",2023,"0022200726","20230125",-4.3,6.85,TRUE
203110,"Draymond Green","1610612744","Golden State Warriors",2023,"0022200740","20230127",3.8,8.15,TRUE
203110,"Draymond Green","1610612744","Golden State Warriors",2023,"0022200740","20230127",9.3,7.25,TRUE
203110,"Draymond Green","1610612744","Golden State Warriors",2023,"0022200740","20230127",-3.4,8.35,FALSE
203110,"Draymond Green","1610612744","Golden State Warriors",2023,"0022200740","20230127",-18.9,27.45,FALSE
203110,"Draymond Green","1610612744","Golden State Warriors",2023,"0022200759","20230130",2.9,6.25,TRUE
203110,"Draymond Green","1610612744","Golden State Warriors",2023,"0022200759","20230130",-22.9,4.25,FALSE
203110,"Draymond Green","1610612744","Golden State Warriors",2023,"0022200759","20230130",-2,7.95,TRUE
203110,"Draymond Green","1610612744","Golden State Warriors",2023,"0022200759","20230130",-2.5,5.25,TRUE
203110,"Draymond Green","1610612744","Golden State Warriors",2023,"0022200774","20230201",10.3,4.85,TRUE
203110,"Draymond Green","1610612744","Golden State Warriors",2023,"0022200774","20230201",-1,7.05,TRUE
203110,"Draymond Green","1610612744","Golden State Warriors",2023,"0022200774","20230201",-3.1,7.05,FALSE
203110,"Draymond Green","1610612744","Golden State Warriors",2023,"0022200774","20230201",-2.3,16.65,FALSE
203110,"Draymond Green","1610612744","Golden State Warriors",2023,"0022200774","20230201",1.1,7.65,TRUE
203110,"Draymond Green","1610612744","Golden State Warriors",2023,"0022200774","20230201",-0.1,6.75,TRUE
203110,"Draymond Green","1610612744","Golden State Warriors",2023,"0022200774","20230201",3.8,6.75,FALSE
203110,"Draymond Green","1610612744","Golden State Warriors",2023,"0022200774","20230201",2.6,10.85,FALSE
203110,"Draymond Green","1610612744","Golden State Warriors",2023,"0022200774","20230201",-0.1,7.85,TRUE
203110,"Draymond Green","1610612744","Golden State Warriors",2023,"0022200774","20230201",1.3,9.25,FALSE
203110,"Draymond Green","1610612744","Golden State Warriors",2023,"0022200800","20230204",-17.2,24.15,TRUE
203110,"Draymond Green","1610612744","Golden State Warriors",2023,"0022200800","20230204",2.2,11.95,FALSE
203110,"Draymond Green","1610612744","Golden State Warriors",2023,"0022200800","20230204",-3.2,6.95,FALSE
203110,"Draymond Green","1610612744","Golden State Warriors",2023,"0022200800","20230204",-23.3,13.05,TRUE
203110,"Draymond Green","1610612744","Golden State Warriors",2023,"0022200800","20230204",4,7.35,TRUE
203110,"Draymond Green","1610612744","Golden State Warriors",2023,"0022200800","20230204",22.8,4.35,TRUE
203110,"Draymond Green","1610612744","Golden State Warriors",2023,"0022200800","20230204",-0.5,8.25,FALSE
203110,"Draymond Green","1610612744","Golden State Warriors",2023,"0022200800","20230204",-8.2,30.25,FALSE
203110,"Draymond Green","1610612744","Golden State Warriors",2023,"0022200800","20230204",-23.3,7.95,FALSE
203110,"Draymond Green","1610612744","Golden State Warriors",2023,"0022200800","20230204",12.7,27.65,FALSE
203110,"Draymond Green","1610612744","Golden State Warriors",2023,"0022200800","20230204",1.7,5.65,TRUE
203110,"Draymond Green","1610612744","Golden State Warriors",2023,"0022200800","20230204",3.1,6.25,TRUE
203110,"Draymond Green","1610612744","Golden State Warriors",2023,"0022200800","20230204",22.3,4.65,FALSE
203110,"Draymond Green","1610612744","Golden State Warriors",2023,"0022200814","20230206",-3.1,6.85,TRUE
203110,"Draymond Green","1610612744","Golden State Warriors",2023,"0022200814","20230206",2.3,6.05,TRUE
203110,"Draymond Green","1610612744","Golden State Warriors",2023,"0022200814","20230206",-3.6,6.55,TRUE
203110,"Draymond Green","1610612744","Golden State Warriors",2023,"0022200814","20230206",10,28.85,FALSE
203110,"Draymond Green","1610612744","Golden State Warriors",2023,"0022200830","20230208",2.6,31.25,FALSE
203110,"Draymond Green","1610612744","Golden State Warriors",2023,"0022200830","20230208",1.2,5.35,TRUE
203110,"Draymond Green","1610612744","Golden State Warriors",2023,"0022200830","20230208",1.7,6.15,FALSE
203110,"Draymond Green","1610612744","Golden State Warriors",2023,"0022200830","20230208",-0.9,5.25,TRUE
203110,"Draymond Green","1610612744","Golden State Warriors",2023,"0022200830","20230208",0,5.25,FALSE
203110,"Draymond Green","1610612744","Golden State Warriors",2023,"0022200830","20230208",-1.4,5.65,FALSE
203110,"Draymond Green","1610612744","Golden State Warriors",2023,"0022200830","20230208",0,5.25,FALSE
203110,"Draymond Green","1610612744","Golden State Warriors",2023,"0022200853","20230211",3.3,10.55,FALSE
203110,"Draymond Green","1610612744","Golden State Warriors",2023,"0022200853","20230211",-22.9,14.05,TRUE
203110,"Draymond Green","1610612744","Golden State Warriors",2023,"0022200853","20230211",-18.8,23.45,FALSE
203110,"Draymond Green","1610612744","Golden State Warriors",2023,"0022200853","20230211",-2.8,11.05,TRUE
203110,"Draymond Green","1610612744","Golden State Warriors",2023,"0022200853","20230211",6.6,30.05,FALSE
203110,"Draymond Green","1610612744","Golden State Warriors",2023,"0022200853","20230211",1.8,6.55,TRUE
203110,"Draymond Green","1610612744","Golden State Warriors",2023,"0022200853","20230211",-3.4,6.75,TRUE
203110,"Draymond Green","1610612744","Golden State Warriors",2023,"0022200853","20230211",4.9,7.85,TRUE
203110,"Draymond Green","1610612744","Golden State Warriors",2023,"0022200866","20230213",-3.4,6.35,TRUE
203110,"Draymond Green","1610612744","Golden State Warriors",2023,"0022200866","20230213",3.4,5.35,TRUE
203110,"Draymond Green","1610612744","Golden State Warriors",2023,"0022200866","20230213",3.1,7.35,FALSE
203110,"Draymond Green","1610612744","Golden State Warriors",2023,"0022200871","20230214",-1.5,6.05,TRUE
203110,"Draymond Green","1610612744","Golden State Warriors",2023,"0022200871","20230214",-22.9,6.05,TRUE
203110,"Draymond Green","1610612744","Golden State Warriors",2023,"0022200871","20230214",10.2,6.85,TRUE
203110,"Draymond Green","1610612744","Golden State Warriors",2023,"0022200871","20230214",0.9,6.05,TRUE
203110,"Draymond Green","1610612744","Golden State Warriors",2023,"0022200871","20230214",1,6.35,TRUE
203110,"Draymond Green","1610612744","Golden State Warriors",2023,"0022200871","20230214",-2.1,6.05,TRUE
203110,"Draymond Green","1610612744","Golden State Warriors",2023,"0022200893","20230223",0.5,6.95,FALSE
203110,"Draymond Green","1610612744","Golden State Warriors",2023,"0022200893","20230223",-0.1,7.05,TRUE
203110,"Draymond Green","1610612744","Golden State Warriors",2023,"0022200893","20230223",-0.9,5.45,FALSE
203110,"Draymond Green","1610612744","Golden State Warriors",2023,"0022200893","20230223",0.5,6.85,FALSE
203110,"Draymond Green","1610612744","Golden State Warriors",2023,"0022200893","20230223",3.3,14.75,FALSE
203110,"Draymond Green","1610612744","Golden State Warriors",2023,"0022200893","20230223",-1,13.25,FALSE
203110,"Draymond Green","1610612744","Golden State Warriors",2023,"0022200893","20230223",0.9,8.25,FALSE
203110,"Draymond Green","1610612744","Golden State Warriors",2023,"0022200893","20230223",7.5,30.85,FALSE
203110,"Draymond Green","1610612744","Golden State Warriors",2023,"0022200893","20230223",1.8,7.85,TRUE
203110,"Draymond Green","1610612744","Golden State Warriors",2023,"0022200893","20230223",2.1,10.85,TRUE
203110,"Draymond Green","1610612744","Golden State Warriors",2023,"0022200931","20230228",-2,30.55,TRUE
203110,"Draymond Green","1610612744","Golden State Warriors",2023,"0022200931","20230228",-2.1,6.35,TRUE
203110,"Draymond Green","1610612744","Golden State Warriors",2023,"0022200931","20230228",22.8,5.95,FALSE
203110,"Draymond Green","1610612744","Golden State Warriors",2023,"0022200931","20230228",-5,6.25,TRUE
203110,"Draymond Green","1610612744","Golden State Warriors",2023,"0022200931","20230228",-5.4,8.35,TRUE
203110,"Draymond Green","1610612744","Golden State Warriors",2023,"0022200945","20230302",-4.5,7.35,TRUE
203110,"Draymond Green","1610612744","Golden State Warriors",2023,"0022200945","20230302",1.1,6.35,TRUE
203110,"Draymond Green","1610612744","Golden State Warriors",2023,"0022200945","20230302",-18.9,23.95,FALSE
203110,"Draymond Green","1610612744","Golden State Warriors",2023,"0022200945","20230302",2.5,5.75,TRUE
203110,"Draymond Green","1610612744","Golden State Warriors",2023,"0022200945","20230302",-2.8,12.15,FALSE
203110,"Draymond Green","1610612744","Golden State Warriors",2023,"0022200945","20230302",-2.8,7.55,TRUE
203110,"Draymond Green","1610612744","Golden State Warriors",2023,"0022200945","20230302",4.8,5.85,TRUE
203110,"Draymond Green","1610612744","Golden State Warriors",2023,"0022200953","20230303",-1.7,7.55,FALSE
203110,"Draymond Green","1610612744","Golden State Warriors",2023,"0022200953","20230303",-2.9,7.45,TRUE
203110,"Draymond Green","1610612744","Golden State Warriors",2023,"0022200953","20230303",-2.6,7.35,TRUE
203110,"Draymond Green","1610612744","Golden State Warriors",2023,"0022200953","20230303",-0.7,35.85,FALSE
203110,"Draymond Green","1610612744","Golden State Warriors",2023,"0022200964","20230305",6.5,8.15,FALSE
203110,"Draymond Green","1610612744","Golden State Warriors",2023,"0022200964","20230305",2.6,5.75,TRUE
203110,"Draymond Green","1610612744","Golden State Warriors",2023,"0022200964","20230305",2.6,5.95,FALSE
203110,"Draymond Green","1610612744","Golden State Warriors",2023,"0022200964","20230305",-0.7,6.05,TRUE
203110,"Draymond Green","1610612744","Golden State Warriors",2023,"0022200964","20230305",2.3,6.05,TRUE
203110,"Draymond Green","1610612744","Golden State Warriors",2023,"0022200964","20230305",-9.3,28.95,FALSE
203110,"Draymond Green","1610612744","Golden State Warriors",2023,"0022200964","20230305",-2,6.85,TRUE
203110,"Draymond Green","1610612744","Golden State Warriors",2023,"0022200964","20230305",1.8,6.25,FALSE
203110,"Draymond Green","1610612744","Golden State Warriors",2023,"0022200964","20230305",-1.7,6.75,TRUE
203110,"Draymond Green","1610612744","Golden State Warriors",2023,"0022200964","20230305",-2.2,6.85,TRUE
203110,"Draymond Green","1610612744","Golden State Warriors",2023,"0022200964","20230305",-1.3,6.75,TRUE
203110,"Draymond Green","1610612744","Golden State Warriors",2023,"0022200982","20230307",-2.6,10.45,TRUE
203110,"Draymond Green","1610612744","Golden State Warriors",2023,"0022200982","20230307",18.5,24.75,TRUE
203110,"Draymond Green","1610612744","Golden State Warriors",2023,"0022200982","20230307",2.5,7.25,FALSE
203110,"Draymond Green","1610612744","Golden State Warriors",2023,"0022200982","20230307",-4.2,5.85,FALSE
203110,"Draymond Green","1610612744","Golden State Warriors",2023,"0022200982","20230307",0.6,5.55,TRUE
203110,"Draymond Green","1610612744","Golden State Warriors",2023,"0022200982","20230307",2.6,4.55,TRUE
203110,"Draymond Green","1610612744","Golden State Warriors",2023,"0022200982","20230307",-1,5.35,TRUE
203110,"Draymond Green","1610612744","Golden State Warriors",2023,"0022200996","20230309",5,29.95,FALSE
203110,"Draymond Green","1610612744","Golden State Warriors",2023,"0022200996","20230309",-1.3,6.75,FALSE
203110,"Draymond Green","1610612744","Golden State Warriors",2023,"0022200996","20230309",9.7,7.05,TRUE
203110,"Draymond Green","1610612744","Golden State Warriors",2023,"0022200996","20230309",0.1,6.35,TRUE
203110,"Draymond Green","1610612744","Golden State Warriors",2023,"0022200996","20230309",1.3,7.45,TRUE
203110,"Draymond Green","1610612744","Golden State Warriors",2023,"0022200996","20230309",-1.2,7.65,TRUE
203110,"Draymond Green","1610612744","Golden State Warriors",2023,"0022200996","20230309",1.8,5.05,FALSE
203110,"Draymond Green","1610612744","Golden State Warriors",2023,"0022200996","20230309",-0.5,7.65,FALSE
203110,"Draymond Green","1610612744","Golden State Warriors",2023,"0022200996","20230309",1.3,7.95,TRUE
203110,"Draymond Green","1610612744","Golden State Warriors",2023,"0022201012","20230311",-3.3,6.95,FALSE
203110,"Draymond Green","1610612744","Golden State Warriors",2023,"0022201012","20230311",-2.1,16.85,FALSE
203110,"Draymond Green","1610612744","Golden State Warriors",2023,"0022201012","20230311",8.2,6.65,FALSE
203110,"Draymond Green","1610612744","Golden State Warriors",2023,"0022201012","20230311",22.7,5.75,FALSE
203110,"Draymond Green","1610612744","Golden State Warriors",2023,"0022201012","20230311",5,6.85,TRUE
203110,"Draymond Green","1610612744","Golden State Warriors",2023,"0022201012","20230311",-0.7,17.95,FALSE
203110,"Draymond Green","1610612744","Golden State Warriors",2023,"0022201012","20230311",4.5,12.85,FALSE
203110,"Draymond Green","1610612744","Golden State Warriors",2023,"0022201012","20230311",12.1,29.45,TRUE
203110,"Draymond Green","1610612744","Golden State Warriors",2023,"0022201012","20230311",9.2,30.65,FALSE
203110,"Draymond Green","1610612744","Golden State Warriors",2023,"0022201012","20230311",-10.4,33.25,FALSE
203110,"Draymond Green","1610612744","Golden State Warriors",2023,"0022201025","20230313",3.4,22.45,FALSE
203110,"Draymond Green","1610612744","Golden State Warriors",2023,"0022201025","20230313",3.7,7.85,TRUE
203110,"Draymond Green","1610612744","Golden State Warriors",2023,"0022201025","20230313",-0.5,8.45,TRUE
203110,"Draymond Green","1610612744","Golden State Warriors",2023,"0022201041","20230315",-3.7,22.65,TRUE
203110,"Draymond Green","1610612744","Golden State Warriors",2023,"0022201041","20230315",8.2,5.85,FALSE
203110,"Draymond Green","1610612744","Golden State Warriors",2023,"0022201041","20230315",-1.5,10.95,FALSE
203110,"Draymond Green","1610612744","Golden State Warriors",2023,"0022201041","20230315",8.2,29.85,TRUE
203110,"Draymond Green","1610612744","Golden State Warriors",2023,"0022201041","20230315",-0.2,7.95,FALSE
203110,"Draymond Green","1610612744","Golden State Warriors",2023,"0022201041","20230315",1.6,8.45,FALSE
203110,"Draymond Green","1610612744","Golden State Warriors",2023,"0022201041","20230315",0.4,6.55,TRUE
203110,"Draymond Green","1610612744","Golden State Warriors",2023,"0022201061","20230318",-2.7,7.15,FALSE
203110,"Draymond Green","1610612744","Golden State Warriors",2023,"0022201061","20230318",0.6,4.85,TRUE
203110,"Draymond Green","1610612744","Golden State Warriors",2023,"0022201061","20230318",-3.2,7.35,TRUE
203110,"Draymond Green","1610612744","Golden State Warriors",2023,"0022201061","20230318",6.6,29.85,FALSE
203110,"Draymond Green","1610612744","Golden State Warriors",2023,"0022201061","20230318",0.9,5.75,TRUE
203110,"Draymond Green","1610612744","Golden State Warriors",2023,"0022201061","20230318",0.9,6.35,FALSE
203110,"Draymond Green","1610612744","Golden State Warriors",2023,"0022201061","20230318",0.4,6.05,TRUE
203110,"Draymond Green","1610612744","Golden State Warriors",2023,"0022201061","20230318",-10.7,15.15,TRUE
203110,"Draymond Green","1610612744","Golden State Warriors",2023,"0022201061","20230318",0,5.25,FALSE
203110,"Draymond Green","1610612744","Golden State Warriors",2023,"0022201074","20230320",0.2,6.95,TRUE
203110,"Draymond Green","1610612744","Golden State Warriors",2023,"0022201074","20230320",-1,5.65,TRUE
203110,"Draymond Green","1610612744","Golden State Warriors",2023,"0022201074","20230320",-0.1,5.85,TRUE
203110,"Draymond Green","1610612744","Golden State Warriors",2023,"0022201074","20230320",-1.2,6.55,TRUE
203110,"Draymond Green","1610612744","Golden State Warriors",2023,"0022201086","20230322",-6.2,29.65,FALSE
203110,"Draymond Green","1610612744","Golden State Warriors",2023,"0022201086","20230322",-0.1,5.15,TRUE
203110,"Draymond Green","1610612744","Golden State Warriors",2023,"0022201086","20230322",-2.7,7.15,TRUE
203110,"Draymond Green","1610612744","Golden State Warriors",2023,"0022201086","20230322",-16.4,23.55,TRUE
203110,"Draymond Green","1610612744","Golden State Warriors",2023,"0022201086","20230322",-2.2,8.95,TRUE
203110,"Draymond Green","1610612744","Golden State Warriors",2023,"0022201086","20230322",0.7,5.65,FALSE
203110,"Draymond Green","1610612744","Golden State Warriors",2023,"0022201086","20230322",-0.1,6.15,TRUE
203110,"Draymond Green","1610612744","Golden State Warriors",2023,"0022201086","20230322",23,7.35,FALSE
203110,"Draymond Green","1610612744","Golden State Warriors",2023,"0022201086","20230322",22.8,10.95,FALSE
203110,"Draymond Green","1610612744","Golden State Warriors",2023,"0022201086","20230322",-4.4,7.95,TRUE
203110,"Draymond Green","1610612744","Golden State Warriors",2023,"0022201103","20230324",2.9,7.75,TRUE
203110,"Draymond Green","1610612744","Golden State Warriors",2023,"0022201103","20230324",-6.4,13.25,TRUE
203110,"Draymond Green","1610612744","Golden State Warriors",2023,"0022201103","20230324",6.4,29.45,FALSE
203110,"Draymond Green","1610612744","Golden State Warriors",2023,"0022201103","20230324",0.5,24.85,FALSE
203110,"Draymond Green","1610612744","Golden State Warriors",2023,"0022201103","20230324",0,8.05,TRUE
203110,"Draymond Green","1610612744","Golden State Warriors",2023,"0022201103","20230324",23.3,6.85,FALSE
203110,"Draymond Green","1610612744","Golden State Warriors",2023,"0022201103","20230324",-9.6,4.75,TRUE
203110,"Draymond Green","1610612744","Golden State Warriors",2023,"0022201103","20230324",16.2,26.05,FALSE
203110,"Draymond Green","1610612744","Golden State Warriors",2023,"0022201103","20230324",-2.9,9.85,TRUE
203110,"Draymond Green","1610612744","Golden State Warriors",2023,"0022201103","20230324",22.3,5.55,FALSE
203110,"Draymond Green","1610612744","Golden State Warriors",2023,"0022201103","20230324",-17.3,53.95,FALSE
203110,"Draymond Green","1610612744","Golden State Warriors",2023,"0022201121","20230326",-7,15.65,TRUE
203110,"Draymond Green","1610612744","Golden State Warriors",2023,"0022201121","20230326",-5.5,6.35,FALSE
203110,"Draymond Green","1610612744","Golden State Warriors",2023,"0022201121","20230326",0,5.25,TRUE
203110,"Draymond Green","1610612744","Golden State Warriors",2023,"0022201121","20230326",-0.6,24.05,FALSE
203110,"Draymond Green","1610612744","Golden State Warriors",2023,"0022201121","20230326",-3.1,9.15,TRUE
203110,"Draymond Green","1610612744","Golden State Warriors",2023,"0022201121","20230326",-4.8,32.25,TRUE
203110,"Draymond Green","1610612744","Golden State Warriors",2023,"0022201121","20230326",-2.3,8.15,TRUE
203110,"Draymond Green","1610612744","Golden State Warriors",2023,"0022201121","20230326",-2.9,31.35,FALSE
203110,"Draymond Green","1610612744","Golden State Warriors",2023,"0022201121","20230326",-22.2,13.05,FALSE
203110,"Draymond Green","1610612744","Golden State Warriors",2023,"0022201135","20230328",-3.3,8.25,TRUE
203110,"Draymond Green","1610612744","Golden State Warriors",2023,"0022201135","20230328",3.2,5.85,TRUE
203110,"Draymond Green","1610612744","Golden State Warriors",2023,"0022201135","20230328",-5,23.55,FALSE
203110,"Draymond Green","1610612744","Golden State Warriors",2023,"0022201135","20230328",1.8,7.65,TRUE
203110,"Draymond Green","1610612744","Golden State Warriors",2023,"0022201135","20230328",-4.2,7.45,TRUE
203110,"Draymond Green","1610612744","Golden State Warriors",2023,"0022201158","20230331",2.8,7.75,TRUE
203110,"Draymond Green","1610612744","Golden State Warriors",2023,"0022201158","20230331",23,6.25,FALSE
203110,"Draymond Green","1610612744","Golden State Warriors",2023,"0022201158","20230331",3.1,8.35,FALSE
203110,"Draymond Green","1610612744","Golden State Warriors",2023,"0022201158","20230331",0,5.25,FALSE
203110,"Draymond Green","1610612744","Golden State Warriors",2023,"0022201175","20230402",-0.2,9.65,FALSE
203110,"Draymond Green","1610612744","Golden State Warriors",2023,"0022201175","20230402",0,5.25,FALSE
203110,"Draymond Green","1610612744","Golden State Warriors",2023,"0022201175","20230402",-0.6,11.25,TRUE
203110,"Draymond Green","1610612744","Golden State Warriors",2023,"0022201175","20230402",23.2,7.05,FALSE
203110,"Draymond Green","1610612744","Golden State Warriors",2023,"0022201175","20230402",-2.5,6.75,FALSE
203110,"Draymond Green","1610612744","Golden State Warriors",2023,"0022201175","20230402",2.7,7.15,TRUE
203110,"Draymond Green","1610612744","Golden State Warriors",2023,"0022201175","20230402",-4.4,7.35,FALSE
203110,"Draymond Green","1610612744","Golden State Warriors",2023,"0022201187","20230404",-0.9,61.15,FALSE
203110,"Draymond Green","1610612744","Golden State Warriors",2023,"0022201187","20230404",-0.2,9.65,FALSE
203110,"Draymond Green","1610612744","Golden State Warriors",2023,"0022201187","20230404",-8.5,31.05,TRUE
203110,"Draymond Green","1610612744","Golden State Warriors",2023,"0022201187","20230404",-1.5,11.65,TRUE
203110,"Draymond Green","1610612744","Golden State Warriors",2023,"0022201187","20230404",0,5.25,TRUE
203110,"Draymond Green","1610612744","Golden State Warriors",2023,"0022201187","20230404",13,28.15,FALSE
203110,"Draymond Green","1610612744","Golden State Warriors",2023,"0022201187","20230404",0,5.25,TRUE
203110,"Draymond Green","1610612744","Golden State Warriors",2023,"0022201187","20230404",-3.6,7.95,TRUE
203110,"Draymond Green","1610612744","Golden State Warriors",2023,"0022201187","20230404",-4,8.35,TRUE
203110,"Draymond Green","1610612744","Golden State Warriors",2023,"0022201211","20230407",18,22.35,FALSE
203110,"Draymond Green","1610612744","Golden State Warriors",2023,"0022201211","20230407",-0.9,6.35,TRUE
203110,"Draymond Green","1610612744","Golden State Warriors",2023,"0022201211","20230407",2.3,6.25,FALSE
203110,"Draymond Green","1610612744","Golden State Warriors",2023,"0022201211","20230407",5,30.65,FALSE
203110,"Draymond Green","1610612744","Golden State Warriors",2023,"0022201211","20230407",3.6,6.55,TRUE
203110,"Draymond Green","1610612744","Golden State Warriors",2023,"0022201230","20230409",-1.6,6.35,FALSE
203110,"Draymond Green","1610612744","Golden State Warriors",2023,"0022201230","20230409",0.6,6.55,TRUE
203110,"Draymond Green","1610612744","Golden State Warriors",2023,"0022201230","20230409",-2.5,6.25,FALSE
203110,"Draymond Green","1610612744","Golden State Warriors",2023,"0022201230","20230409",-1.2,6.45,TRUE
203110,"Draymond Green","1610612744","Golden State Warriors",2023,"0022201230","20230409",-3.1,31.55,FALSE
203110,"Draymond Green","1610612744","Golden State Warriors",2023,"0022201230","20230409",0.6,4.75,TRUE
203110,"Draymond Green","1610612744","Golden State Warriors",2023,"0022201230","20230409",-0.2,30.95,TRUE
203110,"Draymond Green","1610612744","Golden State Warriors",2024,"0022300005","20231103",-23.2,3.15,TRUE
203110,"Draymond Green","1610612744","Golden State Warriors",2024,"0022300005","20231103",-1.3,4.45,TRUE
203110,"Draymond Green","1610612744","Golden State Warriors",2024,"0022300005","20231103",-11.2,28.15,TRUE
203110,"Draymond Green","1610612744","Golden State Warriors",2024,"0022300005","20231103",-0.9,5.35,TRUE
203110,"Draymond Green","1610612744","Golden State Warriors",2024,"0022300005","20231103",-11.3,28.35,FALSE
203110,"Draymond Green","1610612744","Golden State Warriors",2024,"0022300005","20231103",-2.8,5.95,FALSE
203110,"Draymond Green","1610612744","Golden State Warriors",2024,"0022300005","20231103",-22.2,16.15,FALSE
203110,"Draymond Green","1610612744","Golden State Warriors",2024,"0022300005","20231103",-0.2,6.35,FALSE
203110,"Draymond Green","1610612744","Golden State Warriors",2024,"0022300005","20231103",1.5,7.05,TRUE
203110,"Draymond Green","1610612744","Golden State Warriors",2024,"0022300005","20231103",-5.8,8.05,FALSE
203110,"Draymond Green","1610612744","Golden State Warriors",2024,"0022300005","20231103",-13.1,6.25,FALSE
203110,"Draymond Green","1610612744","Golden State Warriors",2024,"0022300060","20231128",-0.7,10.95,FALSE
203110,"Draymond Green","1610612744","Golden State Warriors",2024,"0022300060","20231128",11,28.75,TRUE
203110,"Draymond Green","1610612744","Golden State Warriors",2024,"0022300060","20231128",8.9,29.15,FALSE
203110,"Draymond Green","1610612744","Golden State Warriors",2024,"0022300060","20231128",23,8.15,TRUE
203110,"Draymond Green","1610612744","Golden State Warriors",2024,"0022300060","20231128",-0.5,15.05,FALSE
203110,"Draymond Green","1610612744","Golden State Warriors",2024,"0022300060","20231128",-0.1,6.75,TRUE
203110,"Draymond Green","1610612744","Golden State Warriors",2024,"0022300060","20231128",-4.7,8.35,FALSE
203110,"Draymond Green","1610612744","Golden State Warriors",2024,"0022300060","20231128",-0.6,30.65,FALSE
203110,"Draymond Green","1610612744","Golden State Warriors",2024,"0022300096","20231029",-2.6,6.75,FALSE
203110,"Draymond Green","1610612744","Golden State Warriors",2024,"0022300096","20231029",-0.5,18.45,FALSE
203110,"Draymond Green","1610612744","Golden State Warriors",2024,"0022300096","20231029",-0.6,6.95,TRUE
203110,"Draymond Green","1610612744","Golden State Warriors",2024,"0022300096","20231029",-2.3,6.25,TRUE
203110,"Draymond Green","1610612744","Golden State Warriors",2024,"0022300108","20231030",-6.9,20.45,TRUE
203110,"Draymond Green","1610612744","Golden State Warriors",2024,"0022300108","20231030",3.6,11.25,FALSE
203110,"Draymond Green","1610612744","Golden State Warriors",2024,"0022300108","20231030",1.3,6.25,TRUE
203110,"Draymond Green","1610612744","Golden State Warriors",2024,"0022300108","20231030",-2.2,6.05,TRUE
203110,"Draymond Green","1610612744","Golden State Warriors",2024,"0022300108","20231030",-23.4,4.85,FALSE
203110,"Draymond Green","1610612744","Golden State Warriors",2024,"0022300108","20231030",-1.1,6.25,FALSE
203110,"Draymond Green","1610612744","Golden State Warriors",2024,"0022300108","20231030",-3.7,14.05,FALSE
203110,"Draymond Green","1610612744","Golden State Warriors",2024,"0022300108","20231030",23.5,3.05,FALSE
203110,"Draymond Green","1610612744","Golden State Warriors",2024,"0022300126","20231101",-15,27.85,TRUE
203110,"Draymond Green","1610612744","Golden State Warriors",2024,"0022300126","20231101",-22.3,5.65,TRUE
203110,"Draymond Green","1610612744","Golden State Warriors",2024,"0022300126","20231101",-23.4,4.15,FALSE
203110,"Draymond Green","1610612744","Golden State Warriors",2024,"0022300126","20231101",-4.3,7.35,TRUE
203110,"Draymond Green","1610612744","Golden State Warriors",2024,"0022300126","20231101",23.7,5.85,FALSE
203110,"Draymond Green","1610612744","Golden State Warriors",2024,"0022300126","20231101",0,5.25,FALSE
203110,"Draymond Green","1610612744","Golden State Warriors",2024,"0022300126","20231101",4.5,7.45,TRUE
203110,"Draymond Green","1610612744","Golden State Warriors",2024,"0022300142","20231105",-23.3,7.85,TRUE
203110,"Draymond Green","1610612744","Golden State Warriors",2024,"0022300142","20231105",6,8.95,FALSE
203110,"Draymond Green","1610612744","Golden State Warriors",2024,"0022300142","20231105",22.9,5.45,TRUE
203110,"Draymond Green","1610612744","Golden State Warriors",2024,"0022300142","20231105",-1,20.35,FALSE
203110,"Draymond Green","1610612744","Golden State Warriors",2024,"0022300142","20231105",-0.5,5.15,FALSE
203110,"Draymond Green","1610612744","Golden State Warriors",2024,"0022300142","20231105",-18.5,24.45,FALSE
203110,"Draymond Green","1610612744","Golden State Warriors",2024,"0022300142","20231105",0.5,20.35,FALSE
203110,"Draymond Green","1610612744","Golden State Warriors",2024,"0022300142","20231105",0.4,5.15,TRUE
203110,"Draymond Green","1610612744","Golden State Warriors",2024,"0022300142","20231105",4.9,10.95,FALSE
203110,"Draymond Green","1610612744","Golden State Warriors",2024,"0022300142","20231105",3.4,9.75,TRUE
203110,"Draymond Green","1610612744","Golden State Warriors",2024,"0022300142","20231105",-0.5,6.55,TRUE
203110,"Draymond Green","1610612744","Golden State Warriors",2024,"0022300145","20231106",-2,8.95,TRUE
203110,"Draymond Green","1610612744","Golden State Warriors",2024,"0022300145","20231106",-3.4,8.35,FALSE
203110,"Draymond Green","1610612744","Golden State Warriors",2024,"0022300145","20231106",-1.2,7.65,TRUE
203110,"Draymond Green","1610612744","Golden State Warriors",2024,"0022300145","20231106",-0.5,30.75,FALSE
203110,"Draymond Green","1610612744","Golden State Warriors",2024,"0022300176","20231111",5.1,31.65,TRUE
203110,"Draymond Green","1610612744","Golden State Warriors",2024,"0022300176","20231111",2.6,7.95,TRUE
203110,"Draymond Green","1610612744","Golden State Warriors",2024,"0022300176","20231111",3.8,32.05,FALSE
203110,"Draymond Green","1610612744","Golden State Warriors",2024,"0022300176","20231111",13.8,28.55,TRUE
203110,"Draymond Green","1610612744","Golden State Warriors",2024,"0022300186","20231112",-10,30.05,FALSE
203110,"Draymond Green","1610612744","Golden State Warriors",2024,"0022300186","20231112",3.8,8.85,FALSE
203110,"Draymond Green","1610612744","Golden State Warriors",2024,"0022300186","20231112",-22.9,6.25,TRUE
203110,"Draymond Green","1610612744","Golden State Warriors",2024,"0022300186","20231112",-14,27.35,FALSE
203110,"Draymond Green","1610612744","Golden State Warriors",2024,"0022300186","20231112",1.7,7.75,TRUE
203110,"Draymond Green","1610612744","Golden State Warriors",2024,"0022300186","20231112",-3.9,8.45,TRUE
203110,"Draymond Green","1610612744","Golden State Warriors",2024,"0022300186","20231112",3.8,7.25,FALSE
203110,"Draymond Green","1610612744","Golden State Warriors",2024,"0022300273","20231130",-4.9,31.65,TRUE
203110,"Draymond Green","1610612744","Golden State Warriors",2024,"0022300273","20231130",-24.4,7.95,TRUE
203110,"Draymond Green","1610612744","Golden State Warriors",2024,"0022300273","20231130",-24,11.15,FALSE
203110,"Draymond Green","1610612744","Golden State Warriors",2024,"0022300273","20231130",-4.4,14.55,FALSE
203110,"Draymond Green","1610612744","Golden State Warriors",2024,"0022300273","20231130",2.3,7.95,TRUE
203110,"Draymond Green","1610612744","Golden State Warriors",2024,"0022300273","20231130",-0.7,19.95,FALSE
203110,"Draymond Green","1610612744","Golden State Warriors",2024,"0022300273","20231130",11.4,30.55,FALSE
203110,"Draymond Green","1610612744","Golden State Warriors",2024,"0022300273","20231130",2.9,7.45,TRUE
203110,"Draymond Green","1610612744","Golden State Warriors",2024,"0022300280","20231202",-15.9,25.75,TRUE
203110,"Draymond Green","1610612744","Golden State Warriors",2024,"0022300280","20231202",10.7,27.65,FALSE
203110,"Draymond Green","1610612744","Golden State Warriors",2024,"0022300280","20231202",-0.9,30.75,TRUE
203110,"Draymond Green","1610612744","Golden State Warriors",2024,"0022300280","20231202",-13.1,30.35,TRUE
203110,"Draymond Green","1610612744","Golden State Warriors",2024,"0022300280","20231202",1.5,5.85,FALSE
203110,"Draymond Green","1610612744","Golden State Warriors",2024,"0022300280","20231202",-4.2,30.85,TRUE
203110,"Draymond Green","1610612744","Golden State Warriors",2024,"0022300280","20231202",-1.3,5.85,FALSE
203110,"Draymond Green","1610612744","Golden State Warriors",2024,"0022300280","20231202",-1.5,4.85,TRUE
203110,"Draymond Green","1610612744","Golden State Warriors",2024,"0022300280","20231202",5.6,5.85,TRUE
203110,"Draymond Green","1610612744","Golden State Warriors",2024,"0022300280","20231202",1,7.45,TRUE
203110,"Draymond Green","1610612744","Golden State Warriors",2024,"0022300280","20231202",-16.4,26.45,FALSE
203110,"Draymond Green","1610612744","Golden State Warriors",2024,"0022300280","20231202",0,5.25,FALSE
203110,"Draymond Green","1610612744","Golden State Warriors",2024,"0022300280","20231202",-1,5.95,TRUE
203110,"Draymond Green","1610612744","Golden State Warriors",2024,"0022300280","20231202",11.6,31.45,FALSE
203110,"Draymond Green","1610612744","Golden State Warriors",2024,"0022300280","20231202",23.4,5.45,FALSE
203110,"Draymond Green","1610612744","Golden State Warriors",2024,"0022300308","20231212",-13.6,29.05,FALSE
203110,"Draymond Green","1610612744","Golden State Warriors",2024,"0022300308","20231212",-11.5,29.95,FALSE
203110,"Draymond Green","1610612744","Golden State Warriors",2024,"0022300308","20231212",1.3,5.25,TRUE
203110,"Draymond Green","1610612744","Golden State Warriors",2024,"0022300560","20240115",-11.2,28.45,TRUE
203110,"Draymond Green","1610612744","Golden State Warriors",2024,"0022300560","20240115",20.5,7.95,TRUE
203110,"Draymond Green","1610612744","Golden State Warriors",2024,"0022300560","20240115",4.5,6.75,FALSE
203110,"Draymond Green","1610612744","Golden State Warriors",2024,"0022300560","20240115",-2.6,8.65,FALSE
203110,"Draymond Green","1610612744","Golden State Warriors",2024,"0022300576","20240215",-1.7,6.75,TRUE
203110,"Draymond Green","1610612744","Golden State Warriors",2024,"0022300576","20240215",-5.9,30.45,TRUE
203110,"Draymond Green","1610612744","Golden State Warriors",2024,"0022300576","20240215",-11.3,12.25,FALSE
203110,"Draymond Green","1610612744","Golden State Warriors",2024,"0022300576","20240215",-3.1,17.95,FALSE
203110,"Draymond Green","1610612744","Golden State Warriors",2024,"0022300576","20240215",0.2,30.95,TRUE
203110,"Draymond Green","1610612744","Golden State Warriors",2024,"0022300576","20240215",0.1,30.95,TRUE
203110,"Draymond Green","1610612744","Golden State Warriors",2024,"0022300576","20240215",3.9,8.15,TRUE
203110,"Draymond Green","1610612744","Golden State Warriors",2024,"0022300576","20240215",2.8,6.65,TRUE
203110,"Draymond Green","1610612744","Golden State Warriors",2024,"0022300576","20240215",-5.6,29.45,FALSE
203110,"Draymond Green","1610612744","Golden State Warriors",2024,"0022300576","20240215",-4.5,7.65,TRUE
203110,"Draymond Green","1610612744","Golden State Warriors",2024,"0022300576","20240215",-9.4,15.15,FALSE
203110,"Draymond Green","1610612744","Golden State Warriors",2024,"0022300576","20240215",-3.2,6.05,TRUE
203110,"Draymond Green","1610612744","Golden State Warriors",2024,"0022300576","20240215",-2.8,7.15,TRUE
203110,"Draymond Green","1610612744","Golden State Warriors",2024,"0022300576","20240215",9.8,27.75,FALSE
203110,"Draymond Green","1610612744","Golden State Warriors",2024,"0022300589","20240402",0,5.25,FALSE
203110,"Draymond Green","1610612744","Golden State Warriors",2024,"0022300589","20240402",13,28.55,FALSE
203110,"Draymond Green","1610612744","Golden State Warriors",2024,"0022300589","20240402",1.6,10.05,TRUE
203110,"Draymond Green","1610612744","Golden State Warriors",2024,"0022300589","20240402",4.5,7.45,TRUE
203110,"Draymond Green","1610612744","Golden State Warriors",2024,"0022300589","20240402",-1.2,8.45,FALSE
203110,"Draymond Green","1610612744","Golden State Warriors",2024,"0022300589","20240402",-3.6,7.15,TRUE
203110,"Draymond Green","1610612744","Golden State Warriors",2024,"0022300589","20240402",0,5.25,TRUE
203110,"Draymond Green","1610612744","Golden State Warriors",2024,"0022300589","20240402",-3.9,6.85,TRUE
203110,"Draymond Green","1610612744","Golden State Warriors",2024,"0022300626","20240124",2.2,7.85,TRUE
203110,"Draymond Green","1610612744","Golden State Warriors",2024,"0022300626","20240124",-23,6.35,TRUE
203110,"Draymond Green","1610612744","Golden State Warriors",2024,"0022300626","20240124",22.9,9.45,TRUE
203110,"Draymond Green","1610612744","Golden State Warriors",2024,"0022300626","20240124",-4,7.75,TRUE
203110,"Draymond Green","1610612744","Golden State Warriors",2024,"0022300626","20240124",22.8,6.35,FALSE
203110,"Draymond Green","1610612744","Golden State Warriors",2024,"0022300626","20240124",-5.1,9.25,TRUE
203110,"Draymond Green","1610612744","Golden State Warriors",2024,"0022300632","20240125",10.4,30.85,FALSE
203110,"Draymond Green","1610612744","Golden State Warriors",2024,"0022300632","20240125",-0.5,10.15,FALSE
203110,"Draymond Green","1610612744","Golden State Warriors",2024,"0022300632","20240125",-1.6,9.45,FALSE
203110,"Draymond Green","1610612744","Golden State Warriors",2024,"0022300650","20240127",-4.2,8.95,TRUE
203110,"Draymond Green","1610612744","Golden State Warriors",2024,"0022300650","20240127",3.7,6.55,TRUE
203110,"Draymond Green","1610612744","Golden State Warriors",2024,"0022300650","20240127",1.7,7.95,FALSE
203110,"Draymond Green","1610612744","Golden State Warriors",2024,"0022300650","20240127",3.2,33.85,FALSE
203110,"Draymond Green","1610612744","Golden State Warriors",2024,"0022300650","20240127",2.3,8.15,TRUE
203110,"Draymond Green","1610612744","Golden State Warriors",2024,"0022300650","20240127",10.2,29.75,FALSE
203110,"Draymond Green","1610612744","Golden State Warriors",2024,"0022300650","20240127",16.3,24.75,FALSE
203110,"Draymond Green","1610612744","Golden State Warriors",2024,"0022300650","20240127",22.2,8.25,FALSE
203110,"Draymond Green","1610612744","Golden State Warriors",2024,"0022300650","20240127",-2.7,7.65,TRUE
203110,"Draymond Green","1610612744","Golden State Warriors",2024,"0022300673","20240130",19.2,23.65,TRUE
203110,"Draymond Green","1610612744","Golden State Warriors",2024,"0022300673","20240130",0,9.85,FALSE
203110,"Draymond Green","1610612744","Golden State Warriors",2024,"0022300673","20240130",3.4,31.65,TRUE
203110,"Draymond Green","1610612744","Golden State Warriors",2024,"0022300673","20240130",-4,7.25,TRUE
203110,"Draymond Green","1610612744","Golden State Warriors",2024,"0022300673","20240130",23,8.15,FALSE
203110,"Draymond Green","1610612744","Golden State Warriors",2024,"0022300673","20240130",13.6,26.65,FALSE
203110,"Draymond Green","1610612744","Golden State Warriors",2024,"0022300673","20240130",3.3,7.35,FALSE
203110,"Draymond Green","1610612744","Golden State Warriors",2024,"0022300673","20240130",0,5.25,FALSE
203110,"Draymond Green","1610612744","Golden State Warriors",2024,"0022300693","20240202",-0.2,5.85,TRUE
203110,"Draymond Green","1610612744","Golden State Warriors",2024,"0022300693","20240202",12.7,26.75,TRUE
203110,"Draymond Green","1610612744","Golden State Warriors",2024,"0022300693","20240202",22.5,4.75,FALSE
203110,"Draymond Green","1610612744","Golden State Warriors",2024,"0022300693","20240202",-11.9,2.95,FALSE
203110,"Draymond Green","1610612744","Golden State Warriors",2024,"0022300693","20240202",1.6,5.75,FALSE
203110,"Draymond Green","1610612744","Golden State Warriors",2024,"0022300693","20240202",0.6,5.45,TRUE
203110,"Draymond Green","1610612744","Golden State Warriors",2024,"0022300693","20240202",2.9,11.15,TRUE
203110,"Draymond Green","1610612744","Golden State Warriors",2024,"0022300699","20240203",12.3,28.45,TRUE
203110,"Draymond Green","1610612744","Golden State Warriors",2024,"0022300699","20240203",1.1,6.05,FALSE
203110,"Draymond Green","1610612744","Golden State Warriors",2024,"0022300699","20240203",11.8,28.45,FALSE
203110,"Draymond Green","1610612744","Golden State Warriors",2024,"0022300699","20240203",3.9,30.85,FALSE
203110,"Draymond Green","1610612744","Golden State Warriors",2024,"0022300699","20240203",-0.1,5.65,TRUE
203110,"Draymond Green","1610612744","Golden State Warriors",2024,"0022300699","20240203",0,5.25,FALSE
203110,"Draymond Green","1610612744","Golden State Warriors",2024,"0022300699","20240203",0,6.55,FALSE
203110,"Draymond Green","1610612744","Golden State Warriors",2024,"0022300699","20240203",0.6,5.75,TRUE
203110,"Draymond Green","1610612744","Golden State Warriors",2024,"0022300699","20240203",0.4,7.25,FALSE
203110,"Draymond Green","1610612744","Golden State Warriors",2024,"0022300717","20240205",-2.6,6.45,TRUE
203110,"Draymond Green","1610612744","Golden State Warriors",2024,"0022300717","20240205",-2.7,6.95,FALSE
203110,"Draymond Green","1610612744","Golden State Warriors",2024,"0022300717","20240205",4,10.05,FALSE
203110,"Draymond Green","1610612744","Golden State Warriors",2024,"0022300717","20240205",-2.8,13.05,TRUE
203110,"Draymond Green","1610612744","Golden State Warriors",2024,"0022300717","20240205",0,5.25,TRUE
203110,"Draymond Green","1610612744","Golden State Warriors",2024,"0022300717","20240205",0.5,4.85,TRUE
203110,"Draymond Green","1610612744","Golden State Warriors",2024,"0022300727","20240207",0.2,29.25,FALSE
203110,"Draymond Green","1610612744","Golden State Warriors",2024,"0022300727","20240207",1.1,10.85,FALSE
203110,"Draymond Green","1610612744","Golden State Warriors",2024,"0022300727","20240207",1.8,7.55,TRUE
203110,"Draymond Green","1610612744","Golden State Warriors",2024,"0022300727","20240207",0.5,17.55,TRUE
203110,"Draymond Green","1610612744","Golden State Warriors",2024,"0022300733","20240208",1.2,31.25,FALSE
203110,"Draymond Green","1610612744","Golden State Warriors",2024,"0022300733","20240208",-2.3,6.45,TRUE
203110,"Draymond Green","1610612744","Golden State Warriors",2024,"0022300733","20240208",-1.5,5.85,TRUE
203110,"Draymond Green","1610612744","Golden State Warriors",2024,"0022300733","20240208",-1.8,6.25,TRUE
203110,"Draymond Green","1610612744","Golden State Warriors",2024,"0022300733","20240208",2.5,6.15,FALSE
203110,"Draymond Green","1610612744","Golden State Warriors",2024,"0022300733","20240208",-1.2,10.05,FALSE
203110,"Draymond Green","1610612744","Golden State Warriors",2024,"0022300733","20240208",-1.7,5.55,TRUE
203110,"Draymond Green","1610612744","Golden State Warriors",2024,"0022300733","20240208",1.2,6.35,FALSE
203110,"Draymond Green","1610612744","Golden State Warriors",2024,"0022300757","20240210",23.3,8.55,TRUE
203110,"Draymond Green","1610612744","Golden State Warriors",2024,"0022300757","20240210",13.4,30.65,FALSE
203110,"Draymond Green","1610612744","Golden State Warriors",2024,"0022300757","20240210",-2,5.15,TRUE
203110,"Draymond Green","1610612744","Golden State Warriors",2024,"0022300757","20240210",-4,30.95,FALSE
203110,"Draymond Green","1610612744","Golden State Warriors",2024,"0022300757","20240210",-1.6,6.25,TRUE
203110,"Draymond Green","1610612744","Golden State Warriors",2024,"0022300757","20240210",-3.6,6.55,TRUE
203110,"Draymond Green","1610612744","Golden State Warriors",2024,"0022300757","20240210",-4,5.65,TRUE
203110,"Draymond Green","1610612744","Golden State Warriors",2024,"0022300757","20240210",1.7,5.55,TRUE
203110,"Draymond Green","1610612744","Golden State Warriors",2024,"0022300757","20240210",-3.9,5.25,TRUE
203110,"Draymond Green","1610612744","Golden State Warriors",2024,"0022300769","20240212",8.1,29.85,TRUE
203110,"Draymond Green","1610612744","Golden State Warriors",2024,"0022300769","20240212",-2.2,6.05,TRUE
203110,"Draymond Green","1610612744","Golden State Warriors",2024,"0022300769","20240212",-1.8,6.05,TRUE
203110,"Draymond Green","1610612744","Golden State Warriors",2024,"0022300769","20240212",0,45.85,TRUE
203110,"Draymond Green","1610612744","Golden State Warriors",2024,"0022300769","20240212",8.3,28.65,FALSE
203110,"Draymond Green","1610612744","Golden State Warriors",2024,"0022300769","20240212",-2.6,5.55,TRUE
203110,"Draymond Green","1610612744","Golden State Warriors",2024,"0022300769","20240212",-17.3,23.95,FALSE
203110,"Draymond Green","1610612744","Golden State Warriors",2024,"0022300789","20240214",-9.2,31.65,TRUE
203110,"Draymond Green","1610612744","Golden State Warriors",2024,"0022300789","20240214",-0.1,19.85,FALSE
203110,"Draymond Green","1610612744","Golden State Warriors",2024,"0022300789","20240214",-23.9,17.65,FALSE
203110,"Draymond Green","1610612744","Golden State Warriors",2024,"0022300789","20240214",-2.8,15.55,FALSE
203110,"Draymond Green","1610612744","Golden State Warriors",2024,"0022300789","20240214",0,12.05,FALSE
203110,"Draymond Green","1610612744","Golden State Warriors",2024,"0022300789","20240214",-1.8,10.25,TRUE
203110,"Draymond Green","1610612744","Golden State Warriors",2024,"0022300789","20240214",7,9.45,FALSE
203110,"Draymond Green","1610612744","Golden State Warriors",2024,"0022300789","20240214",-2.3,6.65,FALSE
203110,"Draymond Green","1610612744","Golden State Warriors",2024,"0022300789","20240214",-2.7,9.15,FALSE
203110,"Draymond Green","1610612744","Golden State Warriors",2024,"0022300789","20240214",1.1,12.75,FALSE
203110,"Draymond Green","1610612744","Golden State Warriors",2024,"0022300789","20240214",3.2,7.95,TRUE
203110,"Draymond Green","1610612744","Golden State Warriors",2024,"0022300789","20240214",3.4,8.55,TRUE
203110,"Draymond Green","1610612744","Golden State Warriors",2024,"0022300802","20240222",12.9,28.35,TRUE
203110,"Draymond Green","1610612744","Golden State Warriors",2024,"0022300802","20240222",-10.4,11.25,TRUE
203110,"Draymond Green","1610612744","Golden State Warriors",2024,"0022300802","20240222",0.2,11.55,FALSE
203110,"Draymond Green","1610612744","Golden State Warriors",2024,"0022300802","20240222",-1,16.15,FALSE
203110,"Draymond Green","1610612744","Golden State Warriors",2024,"0022300802","20240222",23.4,7.45,TRUE
203110,"Draymond Green","1610612744","Golden State Warriors",2024,"0022300811","20240223",2.7,6.25,FALSE
203110,"Draymond Green","1610612744","Golden State Warriors",2024,"0022300811","20240223",-23.4,6.85,TRUE
203110,"Draymond Green","1610612744","Golden State Warriors",2024,"0022300811","20240223",22.1,4.45,FALSE
203110,"Draymond Green","1610612744","Golden State Warriors",2024,"0022300811","20240223",-1.8,7.75,FALSE
203110,"Draymond Green","1610612744","Golden State Warriors",2024,"0022300811","20240223",0,5.25,TRUE
203110,"Draymond Green","1610612744","Golden State Warriors",2024,"0022300811","20240223",-4,7.55,FALSE
203110,"Draymond Green","1610612744","Golden State Warriors",2024,"0022300824","20240225",15.9,25.95,TRUE
203110,"Draymond Green","1610612744","Golden State Warriors",2024,"0022300824","20240225",14.1,9.05,FALSE
203110,"Draymond Green","1610612744","Golden State Warriors",2024,"0022300824","20240225",-2.5,7.95,FALSE
203110,"Draymond Green","1610612744","Golden State Warriors",2024,"0022300824","20240225",2,7.05,TRUE
203110,"Draymond Green","1610612744","Golden State Warriors",2024,"0022300824","20240225",4.7,6.75,FALSE
203110,"Draymond Green","1610612744","Golden State Warriors",2024,"0022300824","20240225",-3.4,7.15,TRUE
203110,"Draymond Green","1610612744","Golden State Warriors",2024,"0022300834","20240227",-11.3,9.45,FALSE
203110,"Draymond Green","1610612744","Golden State Warriors",2024,"0022300834","20240227",1.1,31.75,TRUE
203110,"Draymond Green","1610612744","Golden State Warriors",2024,"0022300834","20240227",1.7,14.15,FALSE
203110,"Draymond Green","1610612744","Golden State Warriors",2024,"0022300834","20240227",-6.9,31.05,FALSE
203110,"Draymond Green","1610612744","Golden State Warriors",2024,"0022300852","20240229",0,5.25,TRUE
203110,"Draymond Green","1610612744","Golden State Warriors",2024,"0022300852","20240229",0.1,7.25,TRUE
203110,"Draymond Green","1610612744","Golden State Warriors",2024,"0022300852","20240229",-0.1,6.75,FALSE
203110,"Draymond Green","1610612744","Golden State Warriors",2024,"0022300852","20240229",-1.6,6.15,TRUE
203110,"Draymond Green","1610612744","Golden State Warriors",2024,"0022300860","20240301",-0.6,6.95,FALSE
203110,"Draymond Green","1610612744","Golden State Warriors",2024,"0022300860","20240301",2.9,11.65,TRUE
203110,"Draymond Green","1610612744","Golden State Warriors",2024,"0022300860","20240301",-3.7,9.15,FALSE
203110,"Draymond Green","1610612744","Golden State Warriors",2024,"0022300860","20240301",0,5.25,FALSE
203110,"Draymond Green","1610612744","Golden State Warriors",2024,"0022300872","20240303",0.1,7.35,TRUE
203110,"Draymond Green","1610612744","Golden State Warriors",2024,"0022300872","20240303",1.1,14.25,TRUE
203110,"Draymond Green","1610612744","Golden State Warriors",2024,"0022300899","20240306",-3.8,9.05,TRUE
203110,"Draymond Green","1610612744","Golden State Warriors",2024,"0022300899","20240306",2.8,6.75,TRUE
203110,"Draymond Green","1610612744","Golden State Warriors",2024,"0022300899","20240306",13.4,28.95,FALSE
203110,"Draymond Green","1610612744","Golden State Warriors",2024,"0022300899","20240306",-2.6,32.15,FALSE
203110,"Draymond Green","1610612744","Golden State Warriors",2024,"0022300899","20240306",-5.9,9.05,FALSE
203110,"Draymond Green","1610612744","Golden State Warriors",2024,"0022300899","20240306",2.2,8.65,FALSE
203110,"Draymond Green","1610612744","Golden State Warriors",2024,"0022300899","20240306",-4,8.35,FALSE
203110,"Draymond Green","1610612744","Golden State Warriors",2024,"0022300899","20240306",-3.4,7.75,TRUE
203110,"Draymond Green","1610612744","Golden State Warriors",2024,"0022300899","20240306",-1.5,17.85,FALSE
203110,"Draymond Green","1610612744","Golden State Warriors",2024,"0022300899","20240306",0.5,31.05,TRUE
203110,"Draymond Green","1610612744","Golden State Warriors",2024,"0022300899","20240306",-23.5,5.65,TRUE
203110,"Draymond Green","1610612744","Golden State Warriors",2024,"0022300907","20240307",13.6,26.35,FALSE
203110,"Draymond Green","1610612744","Golden State Warriors",2024,"0022300907","20240307",-5,6.25,TRUE
203110,"Draymond Green","1610612744","Golden State Warriors",2024,"0022300907","20240307",-23.8,6.65,TRUE
203110,"Draymond Green","1610612744","Golden State Warriors",2024,"0022300907","20240307",-0.6,30.55,FALSE
203110,"Draymond Green","1610612744","Golden State Warriors",2024,"0022300907","20240307",0,5.25,TRUE
203110,"Draymond Green","1610612744","Golden State Warriors",2024,"0022300907","20240307",3.3,5.85,FALSE
203110,"Draymond Green","1610612744","Golden State Warriors",2024,"0022300907","20240307",-0.5,8.95,TRUE
203110,"Draymond Green","1610612744","Golden State Warriors",2024,"0022300907","20240307",4.2,8.05,FALSE
203110,"Draymond Green","1610612744","Golden State Warriors",2024,"0022300907","20240307",0,5.25,FALSE
203110,"Draymond Green","1610612744","Golden State Warriors",2024,"0022300907","20240307",-22.8,4.75,FALSE
203110,"Draymond Green","1610612744","Golden State Warriors",2024,"0022300907","20240307",0.7,7.55,TRUE
203110,"Draymond Green","1610612744","Golden State Warriors",2024,"0022300907","20240307",3.9,32.95,FALSE
203110,"Draymond Green","1610612744","Golden State Warriors",2024,"0022300921","20240309",-14.6,27.15,FALSE
203110,"Draymond Green","1610612744","Golden State Warriors",2024,"0022300921","20240309",-9.4,28.85,TRUE
203110,"Draymond Green","1610612744","Golden State Warriors",2024,"0022300921","20240309",-1.6,14.55,TRUE
203110,"Draymond Green","1610612744","Golden State Warriors",2024,"0022300921","20240309",1.7,7.65,FALSE
203110,"Draymond Green","1610612744","Golden State Warriors",2024,"0022300921","20240309",-3.3,6.55,TRUE
203110,"Draymond Green","1610612744","Golden State Warriors",2024,"0022300921","20240309",4.4,32.25,FALSE
203110,"Draymond Green","1610612744","Golden State Warriors",2024,"0022300936","20240311",0.2,10.55,FALSE
203110,"Draymond Green","1610612744","Golden State Warriors",2024,"0022300936","20240311",2.6,5.75,FALSE
203110,"Draymond Green","1610612744","Golden State Warriors",2024,"0022300936","20240311",2.3,30.95,FALSE
203110,"Draymond Green","1610612744","Golden State Warriors",2024,"0022300936","20240311",0.2,9.15,FALSE
203110,"Draymond Green","1610612744","Golden State Warriors",2024,"0022300936","20240311",0,5.25,TRUE
203110,"Draymond Green","1610612744","Golden State Warriors",2024,"0022300936","20240311",23.3,5.85,FALSE
203110,"Draymond Green","1610612744","Golden State Warriors",2024,"0022300936","20240311",-1.7,6.35,TRUE
203110,"Draymond Green","1610612744","Golden State Warriors",2024,"0022300973","20240316",-12.6,27.55,FALSE
203110,"Draymond Green","1610612744","Golden State Warriors",2024,"0022300973","20240316",-2.3,6.75,TRUE
203110,"Draymond Green","1610612744","Golden State Warriors",2024,"0022300973","20240316",-0.8,17.25,FALSE
203110,"Draymond Green","1610612744","Golden State Warriors",2024,"0022300973","20240316",-22.9,8.35,FALSE
203110,"Draymond Green","1610612744","Golden State Warriors",2024,"0022300973","20240316",-2.5,6.45,TRUE
203110,"Draymond Green","1610612744","Golden State Warriors",2024,"0022300973","20240316",1.6,6.45,TRUE
203110,"Draymond Green","1610612744","Golden State Warriors",2024,"0022300988","20240318",2.1,8.15,FALSE
203110,"Draymond Green","1610612744","Golden State Warriors",2024,"0022300988","20240318",0,5.25,FALSE
203110,"Draymond Green","1610612744","Golden State Warriors",2024,"0022300988","20240318",0,5.25,TRUE
203110,"Draymond Green","1610612744","Golden State Warriors",2024,"0022300988","20240318",3.9,7.55,FALSE
203110,"Draymond Green","1610612744","Golden State Warriors",2024,"0022300988","20240318",4.3,9.25,FALSE
203110,"Draymond Green","1610612744","Golden State Warriors",2024,"0022300988","20240318",6.5,30.35,FALSE
203110,"Draymond Green","1610612744","Golden State Warriors",2024,"0022300988","20240318",-23.8,7.35,FALSE
203110,"Draymond Green","1610612744","Golden State Warriors",2024,"0022301001","20240320",-20.3,22.45,FALSE
203110,"Draymond Green","1610612744","Golden State Warriors",2024,"0022301001","20240320",-0.1,11.95,FALSE
203110,"Draymond Green","1610612744","Golden State Warriors",2024,"0022301001","20240320",0,5.25,FALSE
203110,"Draymond Green","1610612744","Golden State Warriors",2024,"0022301001","20240320",2.1,6.35,TRUE
203110,"Draymond Green","1610612744","Golden State Warriors",2024,"0022301001","20240320",-1.6,7.95,TRUE
203110,"Draymond Green","1610612744","Golden State Warriors",2024,"0022301001","20240320",-3.3,7.65,TRUE
203110,"Draymond Green","1610612744","Golden State Warriors",2024,"0022301001","20240320",-5.3,30.45,FALSE
203110,"Draymond Green","1610612744","Golden State Warriors",2024,"0022301001","20240320",1.7,11.95,TRUE
203110,"Draymond Green","1610612744","Golden State Warriors",2024,"0022301001","20240320",-3.9,7.75,TRUE
203110,"Draymond Green","1610612744","Golden State Warriors",2024,"0022301001","20240320",20.5,22.65,FALSE
203110,"Draymond Green","1610612744","Golden State Warriors",2024,"0022301016","20240322",-3.2,4.15,TRUE
203110,"Draymond Green","1610612744","Golden State Warriors",2024,"0022301016","20240322",-4.3,22.45,TRUE
203110,"Draymond Green","1610612744","Golden State Warriors",2024,"0022301016","20240322",20.8,19.35,FALSE
203110,"Draymond Green","1610612744","Golden State Warriors",2024,"0022301016","20240322",1,5.35,FALSE
203110,"Draymond Green","1610612744","Golden State Warriors",2024,"0022301016","20240322",-0.6,8.35,FALSE
203110,"Draymond Green","1610612744","Golden State Warriors",2024,"0022301016","20240322",-5.9,7.65,FALSE
203110,"Draymond Green","1610612744","Golden State Warriors",2024,"0022301016","20240322",-3.7,8.05,TRUE
203110,"Draymond Green","1610612744","Golden State Warriors",2024,"0022301016","20240322",2.6,7.45,TRUE
203110,"Draymond Green","1610612744","Golden State Warriors",2024,"0022301016","20240322",-3.4,7.45,FALSE
203110,"Draymond Green","1610612744","Golden State Warriors",2024,"0022301016","20240322",0,5.25,FALSE
203110,"Draymond Green","1610612744","Golden State Warriors",2024,"0022301031","20240324",-11.9,27.95,FALSE
203110,"Draymond Green","1610612744","Golden State Warriors",2024,"0022301031","20240324",0,5.75,FALSE
203110,"Draymond Green","1610612744","Golden State Warriors",2024,"0022301031","20240324",-0.9,6.35,TRUE
203110,"Draymond Green","1610612744","Golden State Warriors",2024,"0022301031","20240324",-20.2,18.95,TRUE
203110,"Draymond Green","1610612744","Golden State Warriors",2024,"0022301031","20240324",0.6,30.25,FALSE
203110,"Draymond Green","1610612744","Golden State Warriors",2024,"0022301031","20240324",-0.1,6.05,TRUE
203110,"Draymond Green","1610612744","Golden State Warriors",2024,"0022301031","20240324",-14.1,27.25,FALSE
203110,"Draymond Green","1610612744","Golden State Warriors",2024,"0022301031","20240324",-22.9,5.85,TRUE
203110,"Draymond Green","1610612744","Golden State Warriors",2024,"0022301031","20240324",-1.1,8.05,TRUE
203110,"Draymond Green","1610612744","Golden State Warriors",2024,"0022301044","20240326",-1.2,11.85,FALSE
203110,"Draymond Green","1610612744","Golden State Warriors",2024,"0022301044","20240326",0,8.15,FALSE
203110,"Draymond Green","1610612744","Golden State Warriors",2024,"0022301044","20240326",0.4,6.85,TRUE
203110,"Draymond Green","1610612744","Golden State Warriors",2024,"0022301044","20240326",7.8,29.85,FALSE
203110,"Draymond Green","1610612744","Golden State Warriors",2024,"0022301044","20240326",1.7,6.85,TRUE
203110,"Draymond Green","1610612744","Golden State Warriors",2024,"0022301049","20240327",-22.8,6.25,FALSE
203110,"Draymond Green","1610612744","Golden State Warriors",2024,"0022301062","20240329",22.9,6.55,FALSE
203110,"Draymond Green","1610612744","Golden State Warriors",2024,"0022301062","20240329",0,5.25,TRUE
203110,"Draymond Green","1610612744","Golden State Warriors",2024,"0022301062","20240329",0.4,6.85,TRUE
203110,"Draymond Green","1610612744","Golden State Warriors",2024,"0022301062","20240329",0.7,11.55,FALSE
203110,"Draymond Green","1610612744","Golden State Warriors",2024,"0022301062","20240329",2.3,6.15,TRUE
203110,"Draymond Green","1610612744","Golden State Warriors",2024,"0022301062","20240329",23,6.25,FALSE
203110,"Draymond Green","1610612744","Golden State Warriors",2024,"0022301062","20240329",-2.2,12.55,TRUE
203110,"Draymond Green","1610612744","Golden State Warriors",2024,"0022301085","20240331",-22.7,6.75,TRUE
203110,"Draymond Green","1610612744","Golden State Warriors",2024,"0022301085","20240331",-5.1,17.35,FALSE
203110,"Draymond Green","1610612744","Golden State Warriors",2024,"0022301085","20240331",-11,8.15,TRUE
203110,"Draymond Green","1610612744","Golden State Warriors",2024,"0022301085","20240331",-3.6,8.95,TRUE
203110,"Draymond Green","1610612744","Golden State Warriors",2024,"0022301085","20240331",0,8.15,TRUE
203110,"Draymond Green","1610612744","Golden State Warriors",2024,"0022301085","20240331",2.1,6.15,TRUE
203110,"Draymond Green","1610612744","Golden State Warriors",2024,"0022301085","20240331",23.4,5.15,TRUE
203110,"Draymond Green","1610612744","Golden State Warriors",2024,"0022301085","20240331",-2.3,7.75,TRUE
203110,"Draymond Green","1610612744","Golden State Warriors",2024,"0022301085","20240331",2,6.95,TRUE
203110,"Draymond Green","1610612744","Golden State Warriors",2024,"0022301097","20240405",0.6,5.35,FALSE
203110,"Draymond Green","1610612744","Golden State Warriors",2024,"0022301097","20240405",1.8,6.45,FALSE
203110,"Draymond Green","1610612744","Golden State Warriors",2024,"0022301097","20240405",3.3,12.55,FALSE
203110,"Draymond Green","1610612744","Golden State Warriors",2024,"0022301097","20240405",-1.1,6.45,TRUE
203110,"Draymond Green","1610612744","Golden State Warriors",2024,"0022301097","20240405",-23.7,8.95,FALSE
203110,"Draymond Green","1610612744","Golden State Warriors",2024,"0022301097","20240405",23.3,6.25,FALSE
203110,"Draymond Green","1610612744","Golden State Warriors",2024,"0022301097","20240405",2.8,8.95,FALSE
203110,"Draymond Green","1610612744","Golden State Warriors",2024,"0022301097","20240405",0,5.25,TRUE
203110,"Draymond Green","1610612744","Golden State Warriors",2024,"0022301097","20240405",0.6,6.95,TRUE
203110,"Draymond Green","1610612744","Golden State Warriors",2024,"0022301113","20240404",22.9,8.05,FALSE
203110,"Draymond Green","1610612744","Golden State Warriors",2024,"0022301113","20240404",-1.6,6.65,TRUE
203110,"Draymond Green","1610612744","Golden State Warriors",2024,"0022301113","20240404",-1.8,5.15,TRUE
203110,"Draymond Green","1610612744","Golden State Warriors",2024,"0022301142","20240407",-1.6,12.15,FALSE
203110,"Draymond Green","1610612744","Golden State Warriors",2024,"0022301142","20240407",16.9,25.35,TRUE
203110,"Draymond Green","1610612744","Golden State Warriors",2024,"0022301142","20240407",-22.9,8.95,FALSE
203110,"Draymond Green","1610612744","Golden State Warriors",2024,"0022301142","20240407",4.4,7.85,FALSE
203110,"Draymond Green","1610612744","Golden State Warriors",2024,"0022301155","20240409",-11.4,29.55,TRUE
203110,"Draymond Green","1610612744","Golden State Warriors",2024,"0022301155","20240409",16.4,26.75,TRUE
203110,"Draymond Green","1610612744","Golden State Warriors",2024,"0022301155","20240409",13.8,26.85,TRUE
203110,"Draymond Green","1610612744","Golden State Warriors",2024,"0022301155","20240409",20.5,21.15,TRUE
203110,"Draymond Green","1610612744","Golden State Warriors",2024,"0022301155","20240409",12,28.65,TRUE
203110,"Draymond Green","1610612744","Golden State Warriors",2024,"0022301155","20240409",13.2,29.55,FALSE
203110,"Draymond Green","1610612744","Golden State Warriors",2024,"0022301155","20240409",-22.3,5.45,FALSE
203110,"Draymond Green","1610612744","Golden State Warriors",2024,"0022301214","20231206",-6.7,30.35,FALSE
203110,"Draymond Green","1610612744","Golden State Warriors",2024,"0022301214","20231206",0,5.25,TRUE
203110,"Draymond Green","1610612744","Golden State Warriors",2024,"0022301214","20231206",-10.3,30.95,FALSE
203110,"Draymond Green","1610612744","Golden State Warriors",2024,"0022301214","20231206",0,5.25,FALSE
203110,"Draymond Green","1610612744","Golden State Warriors",2024,"0022301214","20231206",0,5.25,TRUE
203110,"Draymond Green","1610612744","Golden State Warriors",2024,"0022301214","20231206",0,5.25,TRUE
203110,"Draymond Green","1610612744","Golden State Warriors",2024,"0022301214","20231206",-1.8,10.45,FALSE
203110,"Draymond Green","1610612744","Golden State Warriors",2024,"0022301222","20231208",-2,5.25,TRUE
203110,"Draymond Green","1610612744","Golden State Warriors",2024,"0022301222","20231208",22.5,3.25,FALSE
203110,"Draymond Green","1610612744","Golden State Warriors",2024,"0022301222","20231208",-0.7,5.85,TRUE
203110,"Draymond Green","1610612744","Golden State Warriors",2024,"0022301222","20231208",10.2,27.85,TRUE
203110,"Draymond Green","1610612744","Golden State Warriors",2024,"0022301222","20231208",-2.8,5.35,TRUE
203110,"Draymond Green","1610612744","Golden State Warriors",2024,"0022301222","20231208",1.6,5.35,TRUE
203110,"Draymond Green","1610612744","Golden State Warriors",2024,"0022301222","20231208",-2.1,6.85,FALSE
