"PLAYER_ID","PLAYER_NAME","TEAM_ID","TEAM_NAME","SEASON","GAME_ID","GAME_DATE","LOC_X","LOC_Y","SHOT_MADE"
203095,"Evan Fournier","1610612753","Orlando Magic",2015,"0021400001","20141028",20.5,5.55,FALSE
203095,"Evan Fournier","1610612753","Orlando Magic",2015,"0021400001","20141028",9.5,10.25,FALSE
203095,"Evan Fournier","1610612753","Orlando Magic",2015,"0021400001","20141028",11.1,27.65,TRUE
203095,"Evan Fournier","1610612753","Orlando Magic",2015,"0021400001","20141028",4.3,15.95,FALSE
203095,"Evan Fournier","1610612753","Orlando Magic",2015,"0021400001","20141028",-13.5,14.85,FALSE
203095,"Evan Fournier","1610612753","Orlando Magic",2015,"0021400001","20141028",-14,50.45,FALSE
203095,"Evan Fournier","1610612753","Orlando Magic",2015,"0021400001","20141028",-8.1,28.75,TRUE
203095,"Evan Fournier","1610612753","Orlando Magic",2015,"0021400001","20141028",1.9,29.95,FALSE
203095,"Evan Fournier","1610612753","Orlando Magic",2015,"0021400001","20141028",1,7.45,TRUE
203095,"Evan Fournier","1610612753","Orlando Magic",2015,"0021400001","20141028",2.4,5.85,FALSE
203095,"Evan Fournier","1610612753","Orlando Magic",2015,"0021400001","20141028",-0.4,8.25,FALSE
203095,"Evan Fournier","1610612753","Orlando Magic",2015,"0021400016","20141030",-16.3,25.75,TRUE
203095,"Evan Fournier","1610612753","Orlando Magic",2015,"0021400016","20141030",-0.7,6.95,TRUE
203095,"Evan Fournier","1610612753","Orlando Magic",2015,"0021400016","20141030",10.1,28.05,FALSE
203095,"Evan Fournier","1610612753","Orlando Magic",2015,"0021400016","20141030",-2.4,4.15,TRUE
203095,"Evan Fournier","1610612753","Orlando Magic",2015,"0021400016","20141030",9.3,23.85,FALSE
203095,"Evan Fournier","1610612753","Orlando Magic",2015,"0021400016","20141030",2.1,4.75,TRUE
203095,"Evan Fournier","1610612753","Orlando Magic",2015,"0021400016","20141030",-13.5,27.15,TRUE
203095,"Evan Fournier","1610612753","Orlando Magic",2015,"0021400016","20141030",1,5.25,TRUE
203095,"Evan Fournier","1610612753","Orlando Magic",2015,"0021400016","20141030",14.4,22.75,TRUE
203095,"Evan Fournier","1610612753","Orlando Magic",2015,"0021400016","20141030",-8.6,27.95,TRUE
203095,"Evan Fournier","1610612753","Orlando Magic",2015,"0021400029","20141101",0.4,5.95,TRUE
203095,"Evan Fournier","1610612753","Orlando Magic",2015,"0021400029","20141101",-18.4,23.35,FALSE
203095,"Evan Fournier","1610612753","Orlando Magic",2015,"0021400029","20141101",1.1,6.35,TRUE
203095,"Evan Fournier","1610612753","Orlando Magic",2015,"0021400029","20141101",-0.1,10.75,FALSE
203095,"Evan Fournier","1610612753","Orlando Magic",2015,"0021400029","20141101",-10.6,27.75,TRUE
203095,"Evan Fournier","1610612753","Orlando Magic",2015,"0021400029","20141101",0.5,7.55,TRUE
203095,"Evan Fournier","1610612753","Orlando Magic",2015,"0021400029","20141101",-0.4,6.45,TRUE
203095,"Evan Fournier","1610612753","Orlando Magic",2015,"0021400029","20141101",-10.2,29.95,FALSE
203095,"Evan Fournier","1610612753","Orlando Magic",2015,"0021400029","20141101",0.2,6.15,TRUE
203095,"Evan Fournier","1610612753","Orlando Magic",2015,"0021400029","20141101",21.5,20.05,FALSE
203095,"Evan Fournier","1610612753","Orlando Magic",2015,"0021400053","20141104",-1,6.15,TRUE
203095,"Evan Fournier","1610612753","Orlando Magic",2015,"0021400053","20141104",-22.6,17.35,TRUE
203095,"Evan Fournier","1610612753","Orlando Magic",2015,"0021400053","20141104",0.8,29.85,FALSE
203095,"Evan Fournier","1610612753","Orlando Magic",2015,"0021400053","20141104",3.5,15.75,TRUE
203095,"Evan Fournier","1610612753","Orlando Magic",2015,"0021400053","20141104",1.4,6.85,FALSE
203095,"Evan Fournier","1610612753","Orlando Magic",2015,"0021400053","20141104",-8.3,5.35,TRUE
203095,"Evan Fournier","1610612753","Orlando Magic",2015,"0021400053","20141104",13.3,27.65,FALSE
203095,"Evan Fournier","1610612753","Orlando Magic",2015,"0021400053","20141104",13.3,22.85,FALSE
203095,"Evan Fournier","1610612753","Orlando Magic",2015,"0021400053","20141104",-8.4,24.15,FALSE
203095,"Evan Fournier","1610612753","Orlando Magic",2015,"0021400053","20141104",22.6,4.95,TRUE
203095,"Evan Fournier","1610612753","Orlando Magic",2015,"0021400053","20141104",-0.1,14.35,FALSE
203095,"Evan Fournier","1610612753","Orlando Magic",2015,"0021400053","20141104",-7.5,26.35,FALSE
203095,"Evan Fournier","1610612753","Orlando Magic",2015,"0021400053","20141104",9,30.15,FALSE
203095,"Evan Fournier","1610612753","Orlando Magic",2015,"0021400053","20141104",4.5,21.65,FALSE
203095,"Evan Fournier","1610612753","Orlando Magic",2015,"0021400058","20141105",-22.2,19.45,FALSE
203095,"Evan Fournier","1610612753","Orlando Magic",2015,"0021400058","20141105",-0.4,5.55,TRUE
203095,"Evan Fournier","1610612753","Orlando Magic",2015,"0021400058","20141105",-0.1,5.25,TRUE
203095,"Evan Fournier","1610612753","Orlando Magic",2015,"0021400058","20141105",5.7,5.65,FALSE
203095,"Evan Fournier","1610612753","Orlando Magic",2015,"0021400058","20141105",-2,7.75,FALSE
203095,"Evan Fournier","1610612753","Orlando Magic",2015,"0021400058","20141105",0.8,13.15,TRUE
203095,"Evan Fournier","1610612753","Orlando Magic",2015,"0021400058","20141105",15.5,26.85,FALSE
203095,"Evan Fournier","1610612753","Orlando Magic",2015,"0021400058","20141105",12.8,25.75,FALSE
203095,"Evan Fournier","1610612753","Orlando Magic",2015,"0021400058","20141105",19.9,22.05,TRUE
203095,"Evan Fournier","1610612753","Orlando Magic",2015,"0021400058","20141105",14.6,13.75,FALSE
203095,"Evan Fournier","1610612753","Orlando Magic",2015,"0021400072","20141107",0.2,7.25,TRUE
203095,"Evan Fournier","1610612753","Orlando Magic",2015,"0021400072","20141107",-2.8,12.65,FALSE
203095,"Evan Fournier","1610612753","Orlando Magic",2015,"0021400072","20141107",0,5.35,TRUE
203095,"Evan Fournier","1610612753","Orlando Magic",2015,"0021400072","20141107",-2.1,5.95,TRUE
203095,"Evan Fournier","1610612753","Orlando Magic",2015,"0021400072","20141107",-4.8,31.25,TRUE
203095,"Evan Fournier","1610612753","Orlando Magic",2015,"0021400072","20141107",12.3,16.05,FALSE
203095,"Evan Fournier","1610612753","Orlando Magic",2015,"0021400072","20141107",1.1,7.45,TRUE
203095,"Evan Fournier","1610612753","Orlando Magic",2015,"0021400072","20141107",16,26.15,FALSE
203095,"Evan Fournier","1610612753","Orlando Magic",2015,"0021400072","20141107",2.3,6.75,TRUE
203095,"Evan Fournier","1610612753","Orlando Magic",2015,"0021400072","20141107",-0.2,7.55,FALSE
203095,"Evan Fournier","1610612753","Orlando Magic",2015,"0021400072","20141107",16.6,23.35,TRUE
203095,"Evan Fournier","1610612753","Orlando Magic",2015,"0021400072","20141107",1.5,9.15,FALSE
203095,"Evan Fournier","1610612753","Orlando Magic",2015,"0021400072","20141107",-4,8.05,FALSE
203095,"Evan Fournier","1610612753","Orlando Magic",2015,"0021400072","20141107",3.5,7.55,FALSE
203095,"Evan Fournier","1610612753","Orlando Magic",2015,"0021400072","20141107",0,5.35,TRUE
203095,"Evan Fournier","1610612753","Orlando Magic",2015,"0021400090","20141109",22.8,15.65,TRUE
203095,"Evan Fournier","1610612753","Orlando Magic",2015,"0021400090","20141109",2.7,5.35,FALSE
203095,"Evan Fournier","1610612753","Orlando Magic",2015,"0021400090","20141109",2.3,4.25,TRUE
203095,"Evan Fournier","1610612753","Orlando Magic",2015,"0021400090","20141109",18,23.35,TRUE
203095,"Evan Fournier","1610612753","Orlando Magic",2015,"0021400090","20141109",-12.7,20.85,FALSE
203095,"Evan Fournier","1610612753","Orlando Magic",2015,"0021400090","20141109",-2.1,5.05,TRUE
203095,"Evan Fournier","1610612753","Orlando Magic",2015,"0021400090","20141109",-8.4,24.45,FALSE
203095,"Evan Fournier","1610612753","Orlando Magic",2015,"0021400090","20141109",-0.6,7.25,TRUE
203095,"Evan Fournier","1610612753","Orlando Magic",2015,"0021400090","20141109",2.7,5.25,TRUE
203095,"Evan Fournier","1610612753","Orlando Magic",2015,"0021400103","20141111",-2.1,5.85,FALSE
203095,"Evan Fournier","1610612753","Orlando Magic",2015,"0021400103","20141111",2.9,5.95,FALSE
203095,"Evan Fournier","1610612753","Orlando Magic",2015,"0021400103","20141111",24.3,4.95,TRUE
203095,"Evan Fournier","1610612753","Orlando Magic",2015,"0021400103","20141111",-3.6,5.85,FALSE
203095,"Evan Fournier","1610612753","Orlando Magic",2015,"0021400103","20141111",-2.3,5.55,TRUE
203095,"Evan Fournier","1610612753","Orlando Magic",2015,"0021400103","20141111",0,6.35,TRUE
203095,"Evan Fournier","1610612753","Orlando Magic",2015,"0021400103","20141111",0.7,10.85,TRUE
203095,"Evan Fournier","1610612753","Orlando Magic",2015,"0021400103","20141111",-19.6,21.65,TRUE
203095,"Evan Fournier","1610612753","Orlando Magic",2015,"0021400103","20141111",13.1,29.05,FALSE
203095,"Evan Fournier","1610612753","Orlando Magic",2015,"0021400103","20141111",0.4,5.55,TRUE
203095,"Evan Fournier","1610612753","Orlando Magic",2015,"0021400103","20141111",-5.9,30.65,FALSE
203095,"Evan Fournier","1610612753","Orlando Magic",2015,"0021400103","20141111",20.4,11.85,FALSE
203095,"Evan Fournier","1610612753","Orlando Magic",2015,"0021400103","20141111",0,5.35,TRUE
203095,"Evan Fournier","1610612753","Orlando Magic",2015,"0021400103","20141111",-23,5.95,TRUE
203095,"Evan Fournier","1610612753","Orlando Magic",2015,"0021400103","20141111",4.5,7.85,FALSE
203095,"Evan Fournier","1610612753","Orlando Magic",2015,"0021400103","20141111",-22,17.85,TRUE
203095,"Evan Fournier","1610612753","Orlando Magic",2015,"0021400103","20141111",-9.1,29.65,FALSE
203095,"Evan Fournier","1610612753","Orlando Magic",2015,"0021400103","20141111",5.2,12.75,FALSE
203095,"Evan Fournier","1610612753","Orlando Magic",2015,"0021400113","20141112",4.6,29.65,TRUE
203095,"Evan Fournier","1610612753","Orlando Magic",2015,"0021400113","20141112",-12.2,29.05,FALSE
203095,"Evan Fournier","1610612753","Orlando Magic",2015,"0021400113","20141112",0,5.35,TRUE
203095,"Evan Fournier","1610612753","Orlando Magic",2015,"0021400113","20141112",-17.4,22.55,TRUE
203095,"Evan Fournier","1610612753","Orlando Magic",2015,"0021400113","20141112",-14.6,17.35,TRUE
203095,"Evan Fournier","1610612753","Orlando Magic",2015,"0021400113","20141112",0,7.65,TRUE
203095,"Evan Fournier","1610612753","Orlando Magic",2015,"0021400113","20141112",-0.7,6.65,TRUE
203095,"Evan Fournier","1610612753","Orlando Magic",2015,"0021400113","20141112",-0.4,7.25,TRUE
203095,"Evan Fournier","1610612753","Orlando Magic",2015,"0021400113","20141112",1.9,18.75,FALSE
203095,"Evan Fournier","1610612753","Orlando Magic",2015,"0021400113","20141112",11.2,28.25,FALSE
203095,"Evan Fournier","1610612753","Orlando Magic",2015,"0021400113","20141112",-1.5,9.45,FALSE
203095,"Evan Fournier","1610612753","Orlando Magic",2015,"0021400113","20141112",-18.2,9.35,FALSE
203095,"Evan Fournier","1610612753","Orlando Magic",2015,"0021400113","20141112",-1.7,6.45,TRUE
203095,"Evan Fournier","1610612753","Orlando Magic",2015,"0021400113","20141112",2.6,8.25,FALSE
203095,"Evan Fournier","1610612753","Orlando Magic",2015,"0021400123","20141114",-22.3,5.35,TRUE
203095,"Evan Fournier","1610612753","Orlando Magic",2015,"0021400123","20141114",0.5,8.05,FALSE
203095,"Evan Fournier","1610612753","Orlando Magic",2015,"0021400123","20141114",0.8,6.35,FALSE
203095,"Evan Fournier","1610612753","Orlando Magic",2015,"0021400123","20141114",4.9,7.55,FALSE
203095,"Evan Fournier","1610612753","Orlando Magic",2015,"0021400123","20141114",-5,10.45,FALSE
203095,"Evan Fournier","1610612753","Orlando Magic",2015,"0021400123","20141114",-19.5,22.85,FALSE
203095,"Evan Fournier","1610612753","Orlando Magic",2015,"0021400123","20141114",16.1,18.75,FALSE
203095,"Evan Fournier","1610612753","Orlando Magic",2015,"0021400123","20141114",4.6,9.75,TRUE
203095,"Evan Fournier","1610612753","Orlando Magic",2015,"0021400123","20141114",-22.3,5.95,FALSE
203095,"Evan Fournier","1610612753","Orlando Magic",2015,"0021400123","20141114",1.9,6.35,TRUE
203095,"Evan Fournier","1610612753","Orlando Magic",2015,"0021400123","20141114",21.2,17.05,TRUE
203095,"Evan Fournier","1610612753","Orlando Magic",2015,"0021400123","20141114",20.4,19.45,TRUE
203095,"Evan Fournier","1610612753","Orlando Magic",2015,"0021400123","20141114",-24.1,5.35,FALSE
203095,"Evan Fournier","1610612753","Orlando Magic",2015,"0021400132","20141115",-15.5,6.35,FALSE
203095,"Evan Fournier","1610612753","Orlando Magic",2015,"0021400132","20141115",17.4,24.15,FALSE
203095,"Evan Fournier","1610612753","Orlando Magic",2015,"0021400132","20141115",1.6,6.15,FALSE
203095,"Evan Fournier","1610612753","Orlando Magic",2015,"0021400132","20141115",-3.2,6.95,FALSE
203095,"Evan Fournier","1610612753","Orlando Magic",2015,"0021400132","20141115",2.9,5.35,FALSE
203095,"Evan Fournier","1610612753","Orlando Magic",2015,"0021400132","20141115",11.7,28.75,TRUE
203095,"Evan Fournier","1610612753","Orlando Magic",2015,"0021400132","20141115",23.4,6.15,FALSE
203095,"Evan Fournier","1610612753","Orlando Magic",2015,"0021400132","20141115",0,12.15,TRUE
203095,"Evan Fournier","1610612753","Orlando Magic",2015,"0021400132","20141115",19.9,19.85,TRUE
203095,"Evan Fournier","1610612753","Orlando Magic",2015,"0021400132","20141115",0,5.35,TRUE
203095,"Evan Fournier","1610612753","Orlando Magic",2015,"0021400132","20141115",1.1,6.15,FALSE
203095,"Evan Fournier","1610612753","Orlando Magic",2015,"0021400132","20141115",-3.6,5.55,FALSE
203095,"Evan Fournier","1610612753","Orlando Magic",2015,"0021400132","20141115",-0.9,5.25,TRUE
203095,"Evan Fournier","1610612753","Orlando Magic",2015,"0021400150","20141117",-1,6.75,TRUE
203095,"Evan Fournier","1610612753","Orlando Magic",2015,"0021400150","20141117",21,20.05,TRUE
203095,"Evan Fournier","1610612753","Orlando Magic",2015,"0021400150","20141117",-23.4,12.45,FALSE
203095,"Evan Fournier","1610612753","Orlando Magic",2015,"0021400150","20141117",11.9,16.45,TRUE
203095,"Evan Fournier","1610612753","Orlando Magic",2015,"0021400150","20141117",3,9.35,FALSE
203095,"Evan Fournier","1610612753","Orlando Magic",2015,"0021400150","20141117",-14.1,28.75,TRUE
203095,"Evan Fournier","1610612753","Orlando Magic",2015,"0021400150","20141117",7,5.95,FALSE
203095,"Evan Fournier","1610612753","Orlando Magic",2015,"0021400150","20141117",-5.9,26.05,FALSE
203095,"Evan Fournier","1610612753","Orlando Magic",2015,"0021400150","20141117",-21.5,20.05,FALSE
203095,"Evan Fournier","1610612753","Orlando Magic",2015,"0021400150","20141117",-0.7,5.35,FALSE
203095,"Evan Fournier","1610612753","Orlando Magic",2015,"0021400150","20141117",-0.2,5.65,FALSE
203095,"Evan Fournier","1610612753","Orlando Magic",2015,"0021400150","20141117",14.9,28.25,TRUE
203095,"Evan Fournier","1610612753","Orlando Magic",2015,"0021400150","20141117",-15.9,29.05,FALSE
203095,"Evan Fournier","1610612753","Orlando Magic",2015,"0021400172","20141121",-2.1,6.15,TRUE
203095,"Evan Fournier","1610612753","Orlando Magic",2015,"0021400172","20141121",13.1,27.45,FALSE
203095,"Evan Fournier","1610612753","Orlando Magic",2015,"0021400172","20141121",1,6.75,FALSE
203095,"Evan Fournier","1610612753","Orlando Magic",2015,"0021400172","20141121",1.6,6.95,TRUE
203095,"Evan Fournier","1610612753","Orlando Magic",2015,"0021400172","20141121",0.5,6.15,TRUE
203095,"Evan Fournier","1610612753","Orlando Magic",2015,"0021400172","20141121",-0.9,5.65,FALSE
203095,"Evan Fournier","1610612753","Orlando Magic",2015,"0021400172","20141121",11.1,28.85,FALSE
203095,"Evan Fournier","1610612753","Orlando Magic",2015,"0021400172","20141121",23.1,7.45,TRUE
203095,"Evan Fournier","1610612753","Orlando Magic",2015,"0021400172","20141121",-7.5,29.65,FALSE
203095,"Evan Fournier","1610612753","Orlando Magic",2015,"0021400172","20141121",2.1,6.75,TRUE
203095,"Evan Fournier","1610612753","Orlando Magic",2015,"0021400172","20141121",0,5.35,TRUE
203095,"Evan Fournier","1610612753","Orlando Magic",2015,"0021400172","20141121",0.5,5.65,TRUE
203095,"Evan Fournier","1610612753","Orlando Magic",2015,"0021400185","20141122",-0.2,6.15,FALSE
203095,"Evan Fournier","1610612753","Orlando Magic",2015,"0021400185","20141122",1.8,24.65,FALSE
203095,"Evan Fournier","1610612753","Orlando Magic",2015,"0021400185","20141122",0,6.95,TRUE
203095,"Evan Fournier","1610612753","Orlando Magic",2015,"0021400185","20141122",-13.2,28.55,FALSE
203095,"Evan Fournier","1610612753","Orlando Magic",2015,"0021400185","20141122",0.4,6.65,TRUE
203095,"Evan Fournier","1610612753","Orlando Magic",2015,"0021400185","20141122",-16.8,26.55,FALSE
203095,"Evan Fournier","1610612753","Orlando Magic",2015,"0021400185","20141122",-1,5.95,FALSE
203095,"Evan Fournier","1610612753","Orlando Magic",2015,"0021400185","20141122",0,6.75,TRUE
203095,"Evan Fournier","1610612753","Orlando Magic",2015,"0021400185","20141122",-0.2,6.35,FALSE
203095,"Evan Fournier","1610612753","Orlando Magic",2015,"0021400185","20141122",1.3,6.15,FALSE
203095,"Evan Fournier","1610612753","Orlando Magic",2015,"0021400185","20141122",-0.1,6.95,TRUE
203095,"Evan Fournier","1610612753","Orlando Magic",2015,"0021400185","20141122",-18.1,25.25,FALSE
203095,"Evan Fournier","1610612753","Orlando Magic",2015,"0021400185","20141122",0.4,6.65,FALSE
203095,"Evan Fournier","1610612753","Orlando Magic",2015,"0021400185","20141122",-17.9,22.25,TRUE
203095,"Evan Fournier","1610612753","Orlando Magic",2015,"0021400185","20141122",-0.1,31.75,FALSE
203095,"Evan Fournier","1610612753","Orlando Magic",2015,"0021400199","20141124",-0.6,6.45,FALSE
203095,"Evan Fournier","1610612753","Orlando Magic",2015,"0021400199","20141124",-0.1,6.95,TRUE
203095,"Evan Fournier","1610612753","Orlando Magic",2015,"0021400199","20141124",15.3,30.45,FALSE
203095,"Evan Fournier","1610612753","Orlando Magic",2015,"0021400199","20141124",-2.6,6.35,FALSE
203095,"Evan Fournier","1610612753","Orlando Magic",2015,"0021400199","20141124",6.4,8.65,FALSE
203095,"Evan Fournier","1610612753","Orlando Magic",2015,"0021400199","20141124",23.1,6.35,FALSE
203095,"Evan Fournier","1610612753","Orlando Magic",2015,"0021400199","20141124",18.3,22.55,TRUE
203095,"Evan Fournier","1610612753","Orlando Magic",2015,"0021400199","20141124",2.6,6.15,FALSE
203095,"Evan Fournier","1610612753","Orlando Magic",2015,"0021400199","20141124",20.2,19.85,FALSE
203095,"Evan Fournier","1610612753","Orlando Magic",2015,"0021400212","20141126",-11,29.85,FALSE
203095,"Evan Fournier","1610612753","Orlando Magic",2015,"0021400212","20141126",-2.8,6.15,TRUE
203095,"Evan Fournier","1610612753","Orlando Magic",2015,"0021400212","20141126",0,5.35,TRUE
203095,"Evan Fournier","1610612753","Orlando Magic",2015,"0021400212","20141126",1.9,6.35,FALSE
203095,"Evan Fournier","1610612753","Orlando Magic",2015,"0021400212","20141126",-1.3,7.45,TRUE
203095,"Evan Fournier","1610612753","Orlando Magic",2015,"0021400212","20141126",-9.4,28.75,TRUE
203095,"Evan Fournier","1610612753","Orlando Magic",2015,"0021400212","20141126",14.7,10.55,FALSE
203095,"Evan Fournier","1610612753","Orlando Magic",2015,"0021400212","20141126",-2.3,7.25,FALSE
203095,"Evan Fournier","1610612753","Orlando Magic",2015,"0021400212","20141126",17.9,23.35,FALSE
203095,"Evan Fournier","1610612753","Orlando Magic",2015,"0021400230","20141128",0.5,6.95,FALSE
203095,"Evan Fournier","1610612753","Orlando Magic",2015,"0021400230","20141128",-1.3,25.35,FALSE
203095,"Evan Fournier","1610612753","Orlando Magic",2015,"0021400230","20141128",7.3,21.25,FALSE
203095,"Evan Fournier","1610612753","Orlando Magic",2015,"0021400230","20141128",9,9.45,TRUE
203095,"Evan Fournier","1610612753","Orlando Magic",2015,"0021400230","20141128",-20.7,19.05,FALSE
203095,"Evan Fournier","1610612753","Orlando Magic",2015,"0021400230","20141128",14.9,26.55,TRUE
203095,"Evan Fournier","1610612753","Orlando Magic",2015,"0021400230","20141128",1.1,29.85,FALSE
203095,"Evan Fournier","1610612753","Orlando Magic",2015,"0021400230","20141128",18.5,21.65,FALSE
203095,"Evan Fournier","1610612753","Orlando Magic",2015,"0021400230","20141128",-0.9,17.15,FALSE
203095,"Evan Fournier","1610612753","Orlando Magic",2015,"0021400230","20141128",-0.2,15.15,FALSE
203095,"Evan Fournier","1610612753","Orlando Magic",2015,"0021400246","20141130",-1.3,5.25,TRUE
203095,"Evan Fournier","1610612753","Orlando Magic",2015,"0021400246","20141130",22.4,3.55,FALSE
203095,"Evan Fournier","1610612753","Orlando Magic",2015,"0021400246","20141130",-21.7,17.85,TRUE
203095,"Evan Fournier","1610612753","Orlando Magic",2015,"0021400246","20141130",-20.6,18.95,TRUE
203095,"Evan Fournier","1610612753","Orlando Magic",2015,"0021400246","20141130",-20.3,22.05,FALSE
203095,"Evan Fournier","1610612753","Orlando Magic",2015,"0021400246","20141130",1.9,5.55,TRUE
203095,"Evan Fournier","1610612753","Orlando Magic",2015,"0021400246","20141130",-11.1,27.45,FALSE
203095,"Evan Fournier","1610612753","Orlando Magic",2015,"0021400246","20141130",-1,6.15,TRUE
203095,"Evan Fournier","1610612753","Orlando Magic",2015,"0021400262","20141202",-2,5.25,FALSE
203095,"Evan Fournier","1610612753","Orlando Magic",2015,"0021400262","20141202",3.5,31.25,TRUE
203095,"Evan Fournier","1610612753","Orlando Magic",2015,"0021400262","20141202",-15.5,26.85,FALSE
203095,"Evan Fournier","1610612753","Orlando Magic",2015,"0021400262","20141202",-22.8,5.05,FALSE
203095,"Evan Fournier","1610612753","Orlando Magic",2015,"0021400262","20141202",-1.2,6.65,FALSE
203095,"Evan Fournier","1610612753","Orlando Magic",2015,"0021400262","20141202",2.7,6.35,FALSE
203095,"Evan Fournier","1610612753","Orlando Magic",2015,"0021400262","20141202",23.4,5.95,FALSE
203095,"Evan Fournier","1610612753","Orlando Magic",2015,"0021400262","20141202",-11.8,29.85,FALSE
203095,"Evan Fournier","1610612753","Orlando Magic",2015,"0021400262","20141202",-1.3,4.95,TRUE
203095,"Evan Fournier","1610612753","Orlando Magic",2015,"0021400262","20141202",-10.8,20.65,TRUE
203095,"Evan Fournier","1610612753","Orlando Magic",2015,"0021400262","20141202",-1.5,5.95,FALSE
203095,"Evan Fournier","1610612753","Orlando Magic",2015,"0021400262","20141202",-9.5,18.15,FALSE
203095,"Evan Fournier","1610612753","Orlando Magic",2015,"0021400262","20141202",-23.3,5.85,TRUE
203095,"Evan Fournier","1610612753","Orlando Magic",2015,"0021400272","20141203",7.1,13.45,FALSE
203095,"Evan Fournier","1610612753","Orlando Magic",2015,"0021400272","20141203",-7.7,29.65,FALSE
203095,"Evan Fournier","1610612753","Orlando Magic",2015,"0021400272","20141203",-2,6.35,FALSE
203095,"Evan Fournier","1610612753","Orlando Magic",2015,"0021400272","20141203",2.6,13.45,TRUE
203095,"Evan Fournier","1610612753","Orlando Magic",2015,"0021400272","20141203",0,5.35,TRUE
203095,"Evan Fournier","1610612753","Orlando Magic",2015,"0021400272","20141203",16.1,25.75,TRUE
203095,"Evan Fournier","1610612753","Orlando Magic",2015,"0021400272","20141203",3,14.55,TRUE
203095,"Evan Fournier","1610612753","Orlando Magic",2015,"0021400272","20141203",-9.4,20.05,FALSE
203095,"Evan Fournier","1610612753","Orlando Magic",2015,"0021400272","20141203",0,14.35,FALSE
203095,"Evan Fournier","1610612753","Orlando Magic",2015,"0021400272","20141203",1.8,5.35,FALSE
203095,"Evan Fournier","1610612753","Orlando Magic",2015,"0021400272","20141203",23.2,8.35,FALSE
203095,"Evan Fournier","1610612753","Orlando Magic",2015,"0021400286","20141205",-11.4,27.15,TRUE
203095,"Evan Fournier","1610612753","Orlando Magic",2015,"0021400286","20141205",2.3,5.25,FALSE
203095,"Evan Fournier","1610612753","Orlando Magic",2015,"0021400286","20141205",1.8,5.05,TRUE
203095,"Evan Fournier","1610612753","Orlando Magic",2015,"0021400286","20141205",24.5,5.25,FALSE
203095,"Evan Fournier","1610612753","Orlando Magic",2015,"0021400286","20141205",3,6.15,FALSE
203095,"Evan Fournier","1610612753","Orlando Magic",2015,"0021400286","20141205",-6.7,24.15,FALSE
203095,"Evan Fournier","1610612753","Orlando Magic",2015,"0021400286","20141205",-22.5,12.35,FALSE
203095,"Evan Fournier","1610612753","Orlando Magic",2015,"0021400292","20141206",-14.1,25.75,FALSE
203095,"Evan Fournier","1610612753","Orlando Magic",2015,"0021400292","20141206",3.2,6.95,FALSE
203095,"Evan Fournier","1610612753","Orlando Magic",2015,"0021400292","20141206",11.2,9.15,TRUE
203095,"Evan Fournier","1610612753","Orlando Magic",2015,"0021400292","20141206",22.6,5.55,FALSE
203095,"Evan Fournier","1610612753","Orlando Magic",2015,"0021400292","20141206",-2.6,6.65,TRUE
203095,"Evan Fournier","1610612753","Orlando Magic",2015,"0021400292","20141206",-9.9,27.95,FALSE
203095,"Evan Fournier","1610612753","Orlando Magic",2015,"0021400292","20141206",6.2,8.35,FALSE
203095,"Evan Fournier","1610612753","Orlando Magic",2015,"0021400292","20141206",18.8,20.55,FALSE
203095,"Evan Fournier","1610612753","Orlando Magic",2015,"0021400292","20141206",-0.9,6.45,TRUE
203095,"Evan Fournier","1610612753","Orlando Magic",2015,"0021400292","20141206",2.9,6.45,FALSE
203095,"Evan Fournier","1610612753","Orlando Magic",2015,"0021400292","20141206",-22.3,15.75,TRUE
203095,"Evan Fournier","1610612753","Orlando Magic",2015,"0021400292","20141206",16.6,23.55,FALSE
203095,"Evan Fournier","1610612753","Orlando Magic",2015,"0021400292","20141206",-0.6,6.45,TRUE
203095,"Evan Fournier","1610612753","Orlando Magic",2015,"0021400292","20141206",2.4,5.95,TRUE
203095,"Evan Fournier","1610612753","Orlando Magic",2015,"0021400292","20141206",13,26.55,FALSE
203095,"Evan Fournier","1610612753","Orlando Magic",2015,"0021400292","20141206",0,5.35,TRUE
203095,"Evan Fournier","1610612753","Orlando Magic",2015,"0021400318","20141210",-2,6.75,FALSE
203095,"Evan Fournier","1610612753","Orlando Magic",2015,"0021400318","20141210",-13,26.85,TRUE
203095,"Evan Fournier","1610612753","Orlando Magic",2015,"0021400318","20141210",-0.6,5.25,TRUE
203095,"Evan Fournier","1610612753","Orlando Magic",2015,"0021400318","20141210",-19.6,8.95,FALSE
203095,"Evan Fournier","1610612753","Orlando Magic",2015,"0021400318","20141210",-20,11.85,TRUE
203095,"Evan Fournier","1610612753","Orlando Magic",2015,"0021400330","20141212",0,5.35,TRUE
203095,"Evan Fournier","1610612753","Orlando Magic",2015,"0021400330","20141212",-10.6,27.65,FALSE
203095,"Evan Fournier","1610612753","Orlando Magic",2015,"0021400330","20141212",-0.6,9.15,TRUE
203095,"Evan Fournier","1610612753","Orlando Magic",2015,"0021400330","20141212",-7.5,17.15,FALSE
203095,"Evan Fournier","1610612753","Orlando Magic",2015,"0021400330","20141212",0.7,6.35,TRUE
203095,"Evan Fournier","1610612753","Orlando Magic",2015,"0021400330","20141212",1.9,30.45,TRUE
203095,"Evan Fournier","1610612753","Orlando Magic",2015,"0021400330","20141212",15.7,14.85,TRUE
203095,"Evan Fournier","1610612753","Orlando Magic",2015,"0021400330","20141212",-15.9,23.85,TRUE
203095,"Evan Fournier","1610612753","Orlando Magic",2015,"0021400330","20141212",-2,7.15,TRUE
203095,"Evan Fournier","1610612753","Orlando Magic",2015,"0021400330","20141212",23.2,9.45,FALSE
203095,"Evan Fournier","1610612753","Orlando Magic",2015,"0021400330","20141212",-0.2,5.65,FALSE
203095,"Evan Fournier","1610612753","Orlando Magic",2015,"0021400330","20141212",13.1,32.05,FALSE
203095,"Evan Fournier","1610612753","Orlando Magic",2015,"0021400330","20141212",14.1,28.85,FALSE
203095,"Evan Fournier","1610612753","Orlando Magic",2015,"0021400330","20141212",-1.2,5.65,TRUE
203095,"Evan Fournier","1610612753","Orlando Magic",2015,"0021400343","20141213",20.1,10.55,TRUE
203095,"Evan Fournier","1610612753","Orlando Magic",2015,"0021400343","20141213",0.5,7.85,FALSE
203095,"Evan Fournier","1610612753","Orlando Magic",2015,"0021400343","20141213",0.2,6.75,TRUE
203095,"Evan Fournier","1610612753","Orlando Magic",2015,"0021400343","20141213",0.2,7.15,FALSE
203095,"Evan Fournier","1610612753","Orlando Magic",2015,"0021400343","20141213",-0.2,6.45,TRUE
203095,"Evan Fournier","1610612753","Orlando Magic",2015,"0021400343","20141213",0.5,7.15,TRUE
203095,"Evan Fournier","1610612753","Orlando Magic",2015,"0021400343","20141213",-14,27.25,FALSE
203095,"Evan Fournier","1610612753","Orlando Magic",2015,"0021400343","20141213",-15.7,14.85,FALSE
203095,"Evan Fournier","1610612753","Orlando Magic",2015,"0021400343","20141213",-17.6,22.75,FALSE
203095,"Evan Fournier","1610612753","Orlando Magic",2015,"0021400343","20141213",-17.4,25.85,TRUE
203095,"Evan Fournier","1610612753","Orlando Magic",2015,"0021400343","20141213",13,28.05,FALSE
203095,"Evan Fournier","1610612753","Orlando Magic",2015,"0021400343","20141213",-0.7,5.25,TRUE
203095,"Evan Fournier","1610612753","Orlando Magic",2015,"0021400343","20141213",-16.8,27.15,FALSE
203095,"Evan Fournier","1610612753","Orlando Magic",2015,"0021400343","20141213",0,6.35,TRUE
203095,"Evan Fournier","1610612753","Orlando Magic",2015,"0021400359","20141215",-6.9,6.15,FALSE
203095,"Evan Fournier","1610612753","Orlando Magic",2015,"0021400359","20141215",1.3,4.75,TRUE
203095,"Evan Fournier","1610612753","Orlando Magic",2015,"0021400359","20141215",-2.6,7.25,TRUE
203095,"Evan Fournier","1610612753","Orlando Magic",2015,"0021400359","20141215",-3.6,4.75,FALSE
203095,"Evan Fournier","1610612753","Orlando Magic",2015,"0021400359","20141215",3,11.35,FALSE
203095,"Evan Fournier","1610612753","Orlando Magic",2015,"0021400359","20141215",22.1,17.55,TRUE
203095,"Evan Fournier","1610612753","Orlando Magic",2015,"0021400359","20141215",0.5,30.95,FALSE
203095,"Evan Fournier","1610612753","Orlando Magic",2015,"0021400359","20141215",-0.4,5.65,TRUE
203095,"Evan Fournier","1610612753","Orlando Magic",2015,"0021400359","20141215",-2.3,6.15,FALSE
203095,"Evan Fournier","1610612753","Orlando Magic",2015,"0021400359","20141215",23.4,13.85,FALSE
203095,"Evan Fournier","1610612753","Orlando Magic",2015,"0021400371","20141217",-22,16.05,FALSE
203095,"Evan Fournier","1610612753","Orlando Magic",2015,"0021400371","20141217",-0.4,5.35,FALSE
203095,"Evan Fournier","1610612753","Orlando Magic",2015,"0021400371","20141217",0,5.35,TRUE
203095,"Evan Fournier","1610612753","Orlando Magic",2015,"0021400371","20141217",-2.8,5.05,TRUE
203095,"Evan Fournier","1610612753","Orlando Magic",2015,"0021400371","20141217",-1.3,5.25,FALSE
203095,"Evan Fournier","1610612753","Orlando Magic",2015,"0021400371","20141217",1.9,7.15,FALSE
203095,"Evan Fournier","1610612753","Orlando Magic",2015,"0021400371","20141217",-5.4,6.45,FALSE
203095,"Evan Fournier","1610612753","Orlando Magic",2015,"0021400371","20141217",-7.3,30.15,FALSE
203095,"Evan Fournier","1610612753","Orlando Magic",2015,"0021400371","20141217",0,7.25,TRUE
203095,"Evan Fournier","1610612753","Orlando Magic",2015,"0021400371","20141217",-1.7,5.95,FALSE
203095,"Evan Fournier","1610612753","Orlando Magic",2015,"0021400371","20141217",0,5.35,TRUE
203095,"Evan Fournier","1610612753","Orlando Magic",2015,"0021400371","20141217",21.2,20.85,FALSE
203095,"Evan Fournier","1610612753","Orlando Magic",2015,"0021400371","20141217",-1.7,7.25,TRUE
203095,"Evan Fournier","1610612753","Orlando Magic",2015,"0021400371","20141217",16.9,10.45,TRUE
203095,"Evan Fournier","1610612753","Orlando Magic",2015,"0021400383","20141219",9,29.15,FALSE
203095,"Evan Fournier","1610612753","Orlando Magic",2015,"0021400383","20141219",-2,6.15,FALSE
203095,"Evan Fournier","1610612753","Orlando Magic",2015,"0021400383","20141219",-1.2,5.35,FALSE
203095,"Evan Fournier","1610612753","Orlando Magic",2015,"0021400383","20141219",-12.7,27.75,TRUE
203095,"Evan Fournier","1610612753","Orlando Magic",2015,"0021400383","20141219",6,23.95,TRUE
203095,"Evan Fournier","1610612753","Orlando Magic",2015,"0021400383","20141219",17.7,23.65,TRUE
203095,"Evan Fournier","1610612753","Orlando Magic",2015,"0021400383","20141219",-7.5,23.15,FALSE
203095,"Evan Fournier","1610612753","Orlando Magic",2015,"0021400383","20141219",-2.3,5.95,FALSE
203095,"Evan Fournier","1610612753","Orlando Magic",2015,"0021400383","20141219",0.2,7.45,FALSE
203095,"Evan Fournier","1610612753","Orlando Magic",2015,"0021400383","20141219",1.1,6.75,TRUE
203095,"Evan Fournier","1610612753","Orlando Magic",2015,"0021400383","20141219",2.6,6.65,FALSE
203095,"Evan Fournier","1610612753","Orlando Magic",2015,"0021400383","20141219",-9.2,29.65,TRUE
203095,"Evan Fournier","1610612753","Orlando Magic",2015,"0021400383","20141219",13.1,27.15,TRUE
203095,"Evan Fournier","1610612753","Orlando Magic",2015,"0021400383","20141219",-0.9,7.25,TRUE
203095,"Evan Fournier","1610612753","Orlando Magic",2015,"0021400383","20141219",-0.2,7.85,FALSE
203095,"Evan Fournier","1610612753","Orlando Magic",2015,"0021400383","20141219",-3.4,30.25,FALSE
203095,"Evan Fournier","1610612753","Orlando Magic",2015,"0021400405","20141221",-0.4,26.35,TRUE
203095,"Evan Fournier","1610612753","Orlando Magic",2015,"0021400405","20141221",0,5.35,TRUE
203095,"Evan Fournier","1610612753","Orlando Magic",2015,"0021400405","20141221",0,6.65,FALSE
203095,"Evan Fournier","1610612753","Orlando Magic",2015,"0021400405","20141221",1.3,30.95,TRUE
203095,"Evan Fournier","1610612753","Orlando Magic",2015,"0021400405","20141221",-11.6,27.25,FALSE
203095,"Evan Fournier","1610612753","Orlando Magic",2015,"0021400405","20141221",-2.6,6.45,FALSE
203095,"Evan Fournier","1610612753","Orlando Magic",2015,"0021400405","20141221",0.4,7.55,FALSE
203095,"Evan Fournier","1610612753","Orlando Magic",2015,"0021400405","20141221",4.8,29.95,FALSE
203095,"Evan Fournier","1610612753","Orlando Magic",2015,"0021400405","20141221",-22.8,5.95,TRUE
203095,"Evan Fournier","1610612753","Orlando Magic",2015,"0021400405","20141221",16.8,23.05,TRUE
203095,"Evan Fournier","1610612753","Orlando Magic",2015,"0021400405","20141221",0.7,30.65,FALSE
203095,"Evan Fournier","1610612753","Orlando Magic",2015,"0021400418","20141223",-22.2,5.95,FALSE
203095,"Evan Fournier","1610612753","Orlando Magic",2015,"0021400418","20141223",-1.5,5.25,TRUE
203095,"Evan Fournier","1610612753","Orlando Magic",2015,"0021400418","20141223",6.4,17.95,FALSE
203095,"Evan Fournier","1610612753","Orlando Magic",2015,"0021400418","20141223",24.6,4.25,FALSE
203095,"Evan Fournier","1610612753","Orlando Magic",2015,"0021400418","20141223",12.2,27.65,FALSE
203095,"Evan Fournier","1610612753","Orlando Magic",2015,"0021400418","20141223",-23.3,10.85,FALSE
203095,"Evan Fournier","1610612753","Orlando Magic",2015,"0021400418","20141223",-19.3,3.65,FALSE
203095,"Evan Fournier","1610612753","Orlando Magic",2015,"0021400418","20141223",0.8,5.35,TRUE
203095,"Evan Fournier","1610612753","Orlando Magic",2015,"0021400418","20141223",-6.2,25.25,FALSE
203095,"Evan Fournier","1610612753","Orlando Magic",2015,"0021400433","20141226",-0.1,6.35,TRUE
203095,"Evan Fournier","1610612753","Orlando Magic",2015,"0021400433","20141226",-21.5,20.55,TRUE
203095,"Evan Fournier","1610612753","Orlando Magic",2015,"0021400433","20141226",0.8,8.35,FALSE
203095,"Evan Fournier","1610612753","Orlando Magic",2015,"0021400433","20141226",0,5.35,TRUE
203095,"Evan Fournier","1610612753","Orlando Magic",2015,"0021400433","20141226",-6.9,21.95,TRUE
203095,"Evan Fournier","1610612753","Orlando Magic",2015,"0021400433","20141226",-21.5,16.75,TRUE
203095,"Evan Fournier","1610612753","Orlando Magic",2015,"0021400433","20141226",19.4,12.45,FALSE
203095,"Evan Fournier","1610612753","Orlando Magic",2015,"0021400433","20141226",2.1,7.85,FALSE
203095,"Evan Fournier","1610612753","Orlando Magic",2015,"0021400433","20141226",0,6.15,FALSE
203095,"Evan Fournier","1610612753","Orlando Magic",2015,"0021400433","20141226",-11.8,27.25,FALSE
203095,"Evan Fournier","1610612753","Orlando Magic",2015,"0021400444","20141227",5.2,30.45,FALSE
203095,"Evan Fournier","1610612753","Orlando Magic",2015,"0021400444","20141227",-16.3,58.95,FALSE
203095,"Evan Fournier","1610612753","Orlando Magic",2015,"0021400444","20141227",2.9,6.65,FALSE
203095,"Evan Fournier","1610612753","Orlando Magic",2015,"0021400444","20141227",-0.7,7.55,TRUE
203095,"Evan Fournier","1610612753","Orlando Magic",2015,"0021400444","20141227",0,5.35,FALSE
203095,"Evan Fournier","1610612753","Orlando Magic",2015,"0021400444","20141227",18.7,23.05,TRUE
203095,"Evan Fournier","1610612753","Orlando Magic",2015,"0021400444","20141227",-2.3,6.15,FALSE
203095,"Evan Fournier","1610612753","Orlando Magic",2015,"0021400444","20141227",23.7,7.45,TRUE
203095,"Evan Fournier","1610612753","Orlando Magic",2015,"0021400444","20141227",-7.7,24.45,FALSE
203095,"Evan Fournier","1610612753","Orlando Magic",2015,"0021400444","20141227",0.7,6.65,TRUE
203095,"Evan Fournier","1610612753","Orlando Magic",2015,"0021400444","20141227",0.5,5.85,TRUE
203095,"Evan Fournier","1610612753","Orlando Magic",2015,"0021400444","20141227",-20,21.15,FALSE
203095,"Evan Fournier","1610612753","Orlando Magic",2015,"0021400444","20141227",1.9,31.55,FALSE
203095,"Evan Fournier","1610612753","Orlando Magic",2015,"0021400444","20141227",-19,27.95,FALSE
203095,"Evan Fournier","1610612753","Orlando Magic",2015,"0021400462","20141229",18,21.15,FALSE
203095,"Evan Fournier","1610612753","Orlando Magic",2015,"0021400462","20141229",-2.6,9.45,FALSE
203095,"Evan Fournier","1610612753","Orlando Magic",2015,"0021400462","20141229",-13,5.35,FALSE
203095,"Evan Fournier","1610612753","Orlando Magic",2015,"0021400462","20141229",-19.6,20.15,FALSE
203095,"Evan Fournier","1610612753","Orlando Magic",2015,"0021400465","20141230",23.5,4.95,FALSE
203095,"Evan Fournier","1610612753","Orlando Magic",2015,"0021400465","20141230",1.3,5.65,FALSE
203095,"Evan Fournier","1610612753","Orlando Magic",2015,"0021400465","20141230",-16.8,5.25,TRUE
203095,"Evan Fournier","1610612753","Orlando Magic",2015,"0021400465","20141230",-16,26.05,FALSE
203095,"Evan Fournier","1610612753","Orlando Magic",2015,"0021400465","20141230",-7.2,11.55,TRUE
203095,"Evan Fournier","1610612753","Orlando Magic",2015,"0021400465","20141230",-22,16.45,TRUE
203095,"Evan Fournier","1610612753","Orlando Magic",2015,"0021400465","20141230",1.3,5.65,TRUE
203095,"Evan Fournier","1610612753","Orlando Magic",2015,"0021400465","20141230",-5.4,10.25,FALSE
203095,"Evan Fournier","1610612753","Orlando Magic",2015,"0021400465","20141230",-0.9,7.85,FALSE
203095,"Evan Fournier","1610612753","Orlando Magic",2015,"0021400485","20150102",23.2,9.45,FALSE
203095,"Evan Fournier","1610612753","Orlando Magic",2015,"0021400485","20150102",-1.2,5.85,TRUE
203095,"Evan Fournier","1610612753","Orlando Magic",2015,"0021400485","20150102",-0.7,7.45,FALSE
203095,"Evan Fournier","1610612753","Orlando Magic",2015,"0021400485","20150102",-4,10.25,TRUE
203095,"Evan Fournier","1610612753","Orlando Magic",2015,"0021400485","20150102",-6.9,12.15,FALSE
203095,"Evan Fournier","1610612753","Orlando Magic",2015,"0021400485","20150102",-12.4,15.95,FALSE
203095,"Evan Fournier","1610612753","Orlando Magic",2015,"0021400485","20150102",15.7,26.35,TRUE
203095,"Evan Fournier","1610612753","Orlando Magic",2015,"0021400485","20150102",-14.9,25.55,FALSE
203095,"Evan Fournier","1610612753","Orlando Magic",2015,"0021400485","20150102",1.1,8.25,FALSE
203095,"Evan Fournier","1610612753","Orlando Magic",2015,"0021400485","20150102",23.7,8.25,TRUE
203095,"Evan Fournier","1610612753","Orlando Magic",2015,"0021400485","20150102",-2.9,31.85,FALSE
203095,"Evan Fournier","1610612753","Orlando Magic",2015,"0021400495","20150103",1.1,30.75,FALSE
203095,"Evan Fournier","1610612753","Orlando Magic",2015,"0021400495","20150103",-17,23.85,FALSE
203095,"Evan Fournier","1610612753","Orlando Magic",2015,"0021400495","20150103",1.8,19.85,FALSE
203095,"Evan Fournier","1610612753","Orlando Magic",2015,"0021400495","20150103",0.5,6.15,FALSE
203095,"Evan Fournier","1610612753","Orlando Magic",2015,"0021400495","20150103",20.1,22.75,FALSE
203095,"Evan Fournier","1610612753","Orlando Magic",2015,"0021400495","20150103",0.5,5.25,TRUE
203095,"Evan Fournier","1610612753","Orlando Magic",2015,"0021400495","20150103",15.8,26.55,FALSE
203095,"Evan Fournier","1610612753","Orlando Magic",2015,"0021400495","20150103",8.4,5.25,TRUE
203095,"Evan Fournier","1610612753","Orlando Magic",2015,"0021400495","20150103",-1.3,8.05,FALSE
203095,"Evan Fournier","1610612753","Orlando Magic",2015,"0021400495","20150103",-10.5,27.75,FALSE
203095,"Evan Fournier","1610612753","Orlando Magic",2015,"0021400495","20150103",0,11.25,FALSE
203095,"Evan Fournier","1610612753","Orlando Magic",2015,"0021400495","20150103",-15.2,13.85,FALSE
203095,"Evan Fournier","1610612753","Orlando Magic",2015,"0021400495","20150103",-1.2,31.85,TRUE
203095,"Evan Fournier","1610612753","Orlando Magic",2015,"0021400495","20150103",16.1,24.25,FALSE
203095,"Evan Fournier","1610612753","Orlando Magic",2015,"0021400495","20150103",-0.9,5.85,TRUE
203095,"Evan Fournier","1610612753","Orlando Magic",2015,"0021400530","20150107",0.8,6.15,FALSE
203095,"Evan Fournier","1610612753","Orlando Magic",2015,"0021400530","20150107",-1.7,5.25,TRUE
203095,"Evan Fournier","1610612753","Orlando Magic",2015,"0021400530","20150107",-6.2,36.25,FALSE
203095,"Evan Fournier","1610612753","Orlando Magic",2015,"0021400530","20150107",-23.4,7.15,TRUE
203095,"Evan Fournier","1610612753","Orlando Magic",2015,"0021400530","20150107",-22.8,17.95,TRUE
203095,"Evan Fournier","1610612753","Orlando Magic",2015,"0021400530","20150107",-0.7,13.55,TRUE
203095,"Evan Fournier","1610612753","Orlando Magic",2015,"0021400530","20150107",-18.9,22.45,FALSE
203095,"Evan Fournier","1610612753","Orlando Magic",2015,"0021400530","20150107",-23.6,16.55,FALSE
203095,"Evan Fournier","1610612753","Orlando Magic",2015,"0021400548","20150109",-12.4,27.25,FALSE
203095,"Evan Fournier","1610612753","Orlando Magic",2015,"0021400548","20150109",1.1,5.95,FALSE
203095,"Evan Fournier","1610612753","Orlando Magic",2015,"0021400548","20150109",-2.8,6.45,TRUE
203095,"Evan Fournier","1610612753","Orlando Magic",2015,"0021400548","20150109",-0.9,5.65,TRUE
203095,"Evan Fournier","1610612753","Orlando Magic",2015,"0021400548","20150109",1,6.35,TRUE
203095,"Evan Fournier","1610612753","Orlando Magic",2015,"0021400548","20150109",-6.4,23.05,FALSE
203095,"Evan Fournier","1610612753","Orlando Magic",2015,"0021400548","20150109",-0.6,5.55,FALSE
203095,"Evan Fournier","1610612753","Orlando Magic",2015,"0021400575","20150114",0,5.35,TRUE
203095,"Evan Fournier","1610612753","Orlando Magic",2015,"0021400575","20150114",0,6.45,TRUE
203095,"Evan Fournier","1610612753","Orlando Magic",2015,"0021400575","20150114",0.7,6.35,TRUE
203095,"Evan Fournier","1610612753","Orlando Magic",2015,"0021400575","20150114",-23.1,4.95,FALSE
203095,"Evan Fournier","1610612753","Orlando Magic",2015,"0021400575","20150114",-0.7,46.55,FALSE
203095,"Evan Fournier","1610612753","Orlando Magic",2015,"0021400575","20150114",0.4,22.05,FALSE
203095,"Evan Fournier","1610612753","Orlando Magic",2015,"0021400588","20150116",1.9,10.75,FALSE
203095,"Evan Fournier","1610612753","Orlando Magic",2015,"0021400588","20150116",-8.4,31.05,TRUE
203095,"Evan Fournier","1610612753","Orlando Magic",2015,"0021400609","20150118",1,5.25,TRUE
203095,"Evan Fournier","1610612753","Orlando Magic",2015,"0021400609","20150118",-3.4,29.65,FALSE
203095,"Evan Fournier","1610612753","Orlando Magic",2015,"0021400609","20150118",2.4,5.25,TRUE
203095,"Evan Fournier","1610612753","Orlando Magic",2015,"0021400609","20150118",22.1,16.55,FALSE
203095,"Evan Fournier","1610612753","Orlando Magic",2015,"0021400609","20150118",-22.8,13.75,TRUE
203095,"Evan Fournier","1610612753","Orlando Magic",2015,"0021400609","20150118",16.1,24.95,FALSE
203095,"Evan Fournier","1610612753","Orlando Magic",2015,"0021400629","20150121",10.6,28.85,TRUE
203095,"Evan Fournier","1610612753","Orlando Magic",2015,"0021400629","20150121",-0.1,5.55,FALSE
203095,"Evan Fournier","1610612753","Orlando Magic",2015,"0021400629","20150121",-22.8,14.05,TRUE
203095,"Evan Fournier","1610612753","Orlando Magic",2015,"0021400629","20150121",0,5.85,TRUE
203095,"Evan Fournier","1610612753","Orlando Magic",2015,"0021400629","20150121",1,11.65,FALSE
203095,"Evan Fournier","1610612753","Orlando Magic",2015,"0021400629","20150121",19.1,23.35,FALSE
203095,"Evan Fournier","1610612753","Orlando Magic",2015,"0021400629","20150121",0,6.65,TRUE
203095,"Evan Fournier","1610612753","Orlando Magic",2015,"0021400629","20150121",4.5,18.65,FALSE
203095,"Evan Fournier","1610612753","Orlando Magic",2015,"0021400645","20150123",17.5,22.75,FALSE
203095,"Evan Fournier","1610612753","Orlando Magic",2015,"0021400645","20150123",-23.4,3.65,TRUE
203095,"Evan Fournier","1610612753","Orlando Magic",2015,"0021400645","20150123",-1.2,30.45,FALSE
203095,"Evan Fournier","1610612753","Orlando Magic",2015,"0021400645","20150123",-1.2,5.25,TRUE
203095,"Evan Fournier","1610612753","Orlando Magic",2015,"0021400662","20150125",8.2,17.55,TRUE
203095,"Evan Fournier","1610612753","Orlando Magic",2015,"0021400662","20150125",-0.7,6.15,FALSE
203095,"Evan Fournier","1610612753","Orlando Magic",2015,"0021400662","20150125",0.4,7.15,FALSE
203095,"Evan Fournier","1610612753","Orlando Magic",2015,"0021400662","20150125",7.1,29.45,TRUE
203095,"Evan Fournier","1610612753","Orlando Magic",2015,"0021400662","20150125",-6.7,9.35,FALSE
203095,"Evan Fournier","1610612753","Orlando Magic",2015,"0021400662","20150125",0.2,5.55,FALSE
203095,"Evan Fournier","1610612753","Orlando Magic",2015,"0021400662","20150125",-14.1,25.75,FALSE
203095,"Evan Fournier","1610612753","Orlando Magic",2015,"0021400670","20150126",1.8,5.65,TRUE
203095,"Evan Fournier","1610612753","Orlando Magic",2015,"0021400670","20150126",-1.7,5.85,FALSE
203095,"Evan Fournier","1610612753","Orlando Magic",2015,"0021400670","20150126",23.9,5.55,TRUE
203095,"Evan Fournier","1610612753","Orlando Magic",2015,"0021400670","20150126",6.8,8.95,FALSE
203095,"Evan Fournier","1610612753","Orlando Magic",2015,"0021400670","20150126",21.3,11.35,FALSE
203095,"Evan Fournier","1610612753","Orlando Magic",2015,"0021400670","20150126",16.9,22.55,FALSE
203095,"Evan Fournier","1610612753","Orlando Magic",2015,"0021400692","20150129",-0.9,6.15,TRUE
203095,"Evan Fournier","1610612753","Orlando Magic",2015,"0021400692","20150129",-0.4,5.25,TRUE
203095,"Evan Fournier","1610612753","Orlando Magic",2015,"0021400692","20150129",0,5.35,TRUE
203095,"Evan Fournier","1610612753","Orlando Magic",2015,"0021400692","20150129",21.5,19.45,TRUE
203095,"Evan Fournier","1610612753","Orlando Magic",2015,"0021400692","20150129",-0.9,35.45,FALSE
203095,"Evan Fournier","1610612753","Orlando Magic",2015,"0021400692","20150129",19,21.25,FALSE
203095,"Evan Fournier","1610612753","Orlando Magic",2015,"0021400692","20150129",0.2,7.85,TRUE
203095,"Evan Fournier","1610612753","Orlando Magic",2015,"0021400692","20150129",-23.3,5.35,FALSE
203095,"Evan Fournier","1610612753","Orlando Magic",2015,"0021400692","20150129",6.7,9.45,FALSE
203095,"Evan Fournier","1610612753","Orlando Magic",2015,"0021400692","20150129",3.8,7.75,FALSE
203095,"Evan Fournier","1610612753","Orlando Magic",2015,"0021400706","20150131",0,5.35,TRUE
203095,"Evan Fournier","1610612753","Orlando Magic",2015,"0021400706","20150131",15.3,6.35,FALSE
203095,"Evan Fournier","1610612753","Orlando Magic",2015,"0021400706","20150131",0,11.05,TRUE
203095,"Evan Fournier","1610612753","Orlando Magic",2015,"0021400706","20150131",5.2,12.45,FALSE
203095,"Evan Fournier","1610612753","Orlando Magic",2015,"0021400706","20150131",3,24.45,TRUE
203095,"Evan Fournier","1610612753","Orlando Magic",2015,"0021400706","20150131",-17.6,18.65,TRUE
203095,"Evan Fournier","1610612753","Orlando Magic",2015,"0021400706","20150131",-0.2,32.85,TRUE
203095,"Evan Fournier","1610612753","Orlando Magic",2015,"0021400706","20150131",21.7,18.65,FALSE
203095,"Evan Fournier","1610612753","Orlando Magic",2015,"0021400706","20150131",-5.3,26.95,FALSE
203095,"Evan Fournier","1610612753","Orlando Magic",2015,"0021400706","20150131",-1.7,7.45,TRUE
203095,"Evan Fournier","1610612753","Orlando Magic",2015,"0021400723","20150202",1.9,4.95,FALSE
203095,"Evan Fournier","1610612753","Orlando Magic",2015,"0021400723","20150202",-22.8,4.95,FALSE
203095,"Evan Fournier","1610612753","Orlando Magic",2015,"0021400723","20150202",3.2,29.85,FALSE
203095,"Evan Fournier","1610612753","Orlando Magic",2015,"0021400723","20150202",0,5.35,TRUE
203095,"Evan Fournier","1610612753","Orlando Magic",2015,"0021400723","20150202",-6.9,29.35,FALSE
203095,"Evan Fournier","1610612753","Orlando Magic",2015,"0021400739","20150204",0,5.35,TRUE
203095,"Evan Fournier","1610612753","Orlando Magic",2015,"0021400739","20150204",-0.6,6.35,FALSE
203095,"Evan Fournier","1610612753","Orlando Magic",2015,"0021400739","20150204",6.8,29.45,FALSE
203095,"Evan Fournier","1610612753","Orlando Magic",2015,"0021400739","20150204",-7.8,28.35,TRUE
203095,"Evan Fournier","1610612753","Orlando Magic",2015,"0021400739","20150204",13.6,25.75,FALSE
203095,"Evan Fournier","1610612753","Orlando Magic",2015,"0021400739","20150204",13,8.25,FALSE
203095,"Evan Fournier","1610612753","Orlando Magic",2015,"0021400739","20150204",23.2,5.85,TRUE
203095,"Evan Fournier","1610612753","Orlando Magic",2015,"0021400739","20150204",0.5,5.35,TRUE
203095,"Evan Fournier","1610612753","Orlando Magic",2015,"0021400739","20150204",7,8.05,FALSE
203095,"Evan Fournier","1610612753","Orlando Magic",2015,"0021400748","20150206",-4,5.65,FALSE
203095,"Evan Fournier","1610612753","Orlando Magic",2015,"0021400748","20150206",-12.2,28.05,TRUE
203095,"Evan Fournier","1610612753","Orlando Magic",2015,"0021400748","20150206",-14.9,8.05,FALSE
203095,"Evan Fournier","1610612753","Orlando Magic",2015,"0021400770","20150208",0.2,7.15,TRUE
203095,"Evan Fournier","1610612753","Orlando Magic",2015,"0021400770","20150208",19.1,14.95,TRUE
203095,"Evan Fournier","1610612753","Orlando Magic",2015,"0021400770","20150208",-15.1,25.85,FALSE
203095,"Evan Fournier","1610612753","Orlando Magic",2015,"0021400770","20150208",0,19.05,TRUE
203095,"Evan Fournier","1610612753","Orlando Magic",2015,"0021400770","20150208",-16.2,6.15,TRUE
203095,"Evan Fournier","1610612753","Orlando Magic",2015,"0021400770","20150208",-13,31.55,TRUE
203095,"Evan Fournier","1610612753","Orlando Magic",2015,"0021400770","20150208",-15.5,28.35,FALSE
203095,"Evan Fournier","1610612753","Orlando Magic",2015,"0021400776","20150209",-17.3,28.85,FALSE
203095,"Evan Fournier","1610612753","Orlando Magic",2015,"0021400776","20150209",-2.1,5.55,TRUE
203095,"Evan Fournier","1610612753","Orlando Magic",2015,"0021400776","20150209",-16,10.25,TRUE
203095,"Evan Fournier","1610612753","Orlando Magic",2015,"0021400776","20150209",10.8,29.15,FALSE
203095,"Evan Fournier","1610612753","Orlando Magic",2015,"0021400776","20150209",-0.1,5.55,TRUE
203095,"Evan Fournier","1610612753","Orlando Magic",2015,"0021400776","20150209",8.1,8.35,FALSE
203095,"Evan Fournier","1610612753","Orlando Magic",2015,"0021400776","20150209",-0.2,6.45,TRUE
203095,"Evan Fournier","1610612753","Orlando Magic",2015,"0021400776","20150209",4.1,6.65,FALSE
203095,"Evan Fournier","1610612753","Orlando Magic",2015,"0021400776","20150209",-1.3,8.35,FALSE
203095,"Evan Fournier","1610612753","Orlando Magic",2015,"0021400776","20150209",12.2,22.25,FALSE
203095,"Evan Fournier","1610612753","Orlando Magic",2015,"0021400776","20150209",-2.9,27.95,TRUE
203095,"Evan Fournier","1610612753","Orlando Magic",2015,"0021400776","20150209",10,29.35,TRUE
203095,"Evan Fournier","1610612753","Orlando Magic",2015,"0021400776","20150209",14.7,27.65,TRUE
203095,"Evan Fournier","1610612753","Orlando Magic",2015,"0021400776","20150209",22.4,4.95,FALSE
203095,"Evan Fournier","1610612753","Orlando Magic",2015,"0021400788","20150211",-0.7,5.85,FALSE
203095,"Evan Fournier","1610612753","Orlando Magic",2015,"0021400788","20150211",13.9,26.15,TRUE
203095,"Evan Fournier","1610612753","Orlando Magic",2015,"0021400788","20150211",12.7,19.85,FALSE
203095,"Evan Fournier","1610612753","Orlando Magic",2015,"0021400788","20150211",-7.5,7.75,FALSE
203095,"Evan Fournier","1610612753","Orlando Magic",2015,"0021400788","20150211",-2.1,7.15,TRUE
203095,"Evan Fournier","1610612753","Orlando Magic",2015,"0021400788","20150211",11.7,14.05,FALSE
203095,"Evan Fournier","1610612753","Orlando Magic",2015,"0021400803","20150220",-18.5,8.25,FALSE
203095,"Evan Fournier","1610612753","Orlando Magic",2015,"0021400803","20150220",-22.3,4.75,TRUE
203095,"Evan Fournier","1610612753","Orlando Magic",2015,"0021400803","20150220",-6.5,23.55,FALSE
203095,"Evan Fournier","1610612753","Orlando Magic",2015,"0021400803","20150220",-23.1,5.25,FALSE
203095,"Evan Fournier","1610612753","Orlando Magic",2015,"0021400803","20150220",-0.1,7.25,TRUE
203095,"Evan Fournier","1610612753","Orlando Magic",2015,"0021400803","20150220",5.7,30.45,FALSE
203095,"Evan Fournier","1610612753","Orlando Magic",2015,"0021400803","20150220",-0.9,6.35,TRUE
203095,"Evan Fournier","1610612753","Orlando Magic",2015,"0021400803","20150220",0,5.55,TRUE
203095,"Evan Fournier","1610612753","Orlando Magic",2015,"0021400803","20150220",4.3,23.65,FALSE
203095,"Evan Fournier","1610612753","Orlando Magic",2015,"0021400803","20150220",23.4,5.25,FALSE
203095,"Evan Fournier","1610612753","Orlando Magic",2015,"0021400803","20150220",20.5,5.85,TRUE
203095,"Evan Fournier","1610612753","Orlando Magic",2015,"0021400803","20150220",-3.9,11.05,TRUE
203095,"Evan Fournier","1610612753","Orlando Magic",2015,"0021400803","20150220",-1.2,5.35,FALSE
203095,"Evan Fournier","1610612753","Orlando Magic",2015,"0021400803","20150220",15.3,24.15,TRUE
203095,"Evan Fournier","1610612753","Orlando Magic",2015,"0021400803","20150220",22.4,6.65,FALSE
203095,"Evan Fournier","1610612753","Orlando Magic",2015,"0021400803","20150220",13.3,7.45,FALSE
203095,"Evan Fournier","1610612753","Orlando Magic",2015,"0021400825","20150222",-24.1,11.35,FALSE
203095,"Evan Fournier","1610612753","Orlando Magic",2015,"0021400825","20150222",-1.7,6.65,FALSE
203095,"Evan Fournier","1610612753","Orlando Magic",2015,"0021400842","20150225",8.6,30.65,TRUE
203095,"Evan Fournier","1610612753","Orlando Magic",2015,"0021400842","20150225",-5,11.05,TRUE
203095,"Evan Fournier","1610612753","Orlando Magic",2015,"0021400842","20150225",23.4,5.25,FALSE
203095,"Evan Fournier","1610612753","Orlando Magic",2015,"0021400842","20150225",-0.9,6.75,TRUE
203095,"Evan Fournier","1610612753","Orlando Magic",2015,"0021400842","20150225",20.5,25.25,FALSE
203095,"Evan Fournier","1610612753","Orlando Magic",2015,"0021400842","20150225",-13.8,15.45,TRUE
203095,"Evan Fournier","1610612753","Orlando Magic",2015,"0021401161","20150408",-10.6,28.35,TRUE
203095,"Evan Fournier","1610612753","Orlando Magic",2015,"0021401161","20150408",1.1,15.35,FALSE
203095,"Evan Fournier","1610612753","Orlando Magic",2015,"0021401161","20150408",23.7,8.55,FALSE
203095,"Evan Fournier","1610612753","Orlando Magic",2015,"0021401161","20150408",-11.1,28.55,TRUE
203095,"Evan Fournier","1610612753","Orlando Magic",2015,"0021401161","20150408",21,17.65,FALSE
203095,"Evan Fournier","1610612753","Orlando Magic",2015,"0021401161","20150408",0.4,6.95,TRUE
203095,"Evan Fournier","1610612753","Orlando Magic",2015,"0021401161","20150408",14.2,26.95,FALSE
203095,"Evan Fournier","1610612753","Orlando Magic",2015,"0021401175","20150410",14.7,29.45,TRUE
203095,"Evan Fournier","1610612753","Orlando Magic",2015,"0021401175","20150410",23.5,4.45,TRUE
203095,"Evan Fournier","1610612753","Orlando Magic",2015,"0021401175","20150410",-7.8,18.75,TRUE
203095,"Evan Fournier","1610612753","Orlando Magic",2015,"0021401175","20150410",-0.4,32.45,TRUE
203095,"Evan Fournier","1610612753","Orlando Magic",2015,"0021401175","20150410",18.7,5.55,TRUE
203095,"Evan Fournier","1610612753","Orlando Magic",2015,"0021401175","20150410",22.9,8.05,FALSE
203095,"Evan Fournier","1610612753","Orlando Magic",2015,"0021401175","20150410",-0.7,7.25,FALSE
203095,"Evan Fournier","1610612753","Orlando Magic",2015,"0021401175","20150410",19.9,59.75,FALSE
203095,"Evan Fournier","1610612753","Orlando Magic",2015,"0021401175","20150410",0.2,5.25,TRUE
203095,"Evan Fournier","1610612753","Orlando Magic",2015,"0021401175","20150410",-14.7,26.95,FALSE
203095,"Evan Fournier","1610612753","Orlando Magic",2016,"0021500004","20151028",5.8,23.05,FALSE
203095,"Evan Fournier","1610612753","Orlando Magic",2016,"0021500004","20151028",1.6,5.55,TRUE
203095,"Evan Fournier","1610612753","Orlando Magic",2016,"0021500004","20151028",23.5,6.85,FALSE
203095,"Evan Fournier","1610612753","Orlando Magic",2016,"0021500004","20151028",-12,18.65,FALSE
203095,"Evan Fournier","1610612753","Orlando Magic",2016,"0021500004","20151028",-23.5,6.35,FALSE
203095,"Evan Fournier","1610612753","Orlando Magic",2016,"0021500004","20151028",0.5,5.65,FALSE
203095,"Evan Fournier","1610612753","Orlando Magic",2016,"0021500004","20151028",18.4,21.25,FALSE
203095,"Evan Fournier","1610612753","Orlando Magic",2016,"0021500022","20151030",-14.8,21.25,FALSE
203095,"Evan Fournier","1610612753","Orlando Magic",2016,"0021500022","20151030",1.7,6.05,FALSE
203095,"Evan Fournier","1610612753","Orlando Magic",2016,"0021500022","20151030",0.2,6.85,TRUE
203095,"Evan Fournier","1610612753","Orlando Magic",2016,"0021500022","20151030",-12.2,17.65,FALSE
203095,"Evan Fournier","1610612753","Orlando Magic",2016,"0021500022","20151030",0.9,6.85,TRUE
203095,"Evan Fournier","1610612753","Orlando Magic",2016,"0021500022","20151030",0,5.35,TRUE
203095,"Evan Fournier","1610612753","Orlando Magic",2016,"0021500022","20151030",23.2,8.35,FALSE
203095,"Evan Fournier","1610612753","Orlando Magic",2016,"0021500022","20151030",-0.1,5.95,TRUE
203095,"Evan Fournier","1610612753","Orlando Magic",2016,"0021500022","20151030",0,30.45,FALSE
203095,"Evan Fournier","1610612753","Orlando Magic",2016,"0021500022","20151030",-0.4,7.05,FALSE
203095,"Evan Fournier","1610612753","Orlando Magic",2016,"0021500022","20151030",-21.5,16.25,TRUE
203095,"Evan Fournier","1610612753","Orlando Magic",2016,"0021500022","20151030",0.9,6.85,TRUE
203095,"Evan Fournier","1610612753","Orlando Magic",2016,"0021500022","20151030",16.1,25.75,TRUE
203095,"Evan Fournier","1610612753","Orlando Magic",2016,"0021500022","20151030",-5,29.45,FALSE
203095,"Evan Fournier","1610612753","Orlando Magic",2016,"0021500022","20151030",5.8,20.15,FALSE
203095,"Evan Fournier","1610612753","Orlando Magic",2016,"0021500022","20151030",0.7,7.85,TRUE
203095,"Evan Fournier","1610612753","Orlando Magic",2016,"0021500022","20151030",-10.9,27.05,FALSE
203095,"Evan Fournier","1610612753","Orlando Magic",2016,"0021500022","20151030",20.7,10.85,FALSE
203095,"Evan Fournier","1610612753","Orlando Magic",2016,"0021500022","20151030",12.7,16.75,FALSE
203095,"Evan Fournier","1610612753","Orlando Magic",2016,"0021500022","20151030",15.8,25.05,FALSE
203095,"Evan Fournier","1610612753","Orlando Magic",2016,"0021500022","20151030",-23.6,8.85,FALSE
203095,"Evan Fournier","1610612753","Orlando Magic",2016,"0021500043","20151101",-2.5,5.15,TRUE
203095,"Evan Fournier","1610612753","Orlando Magic",2016,"0021500043","20151101",14.7,5.95,FALSE
203095,"Evan Fournier","1610612753","Orlando Magic",2016,"0021500043","20151101",-2,5.15,TRUE
203095,"Evan Fournier","1610612753","Orlando Magic",2016,"0021500043","20151101",0.1,6.85,FALSE
203095,"Evan Fournier","1610612753","Orlando Magic",2016,"0021500043","20151101",-2.2,9.55,TRUE
203095,"Evan Fournier","1610612753","Orlando Magic",2016,"0021500043","20151101",15.8,24.75,TRUE
203095,"Evan Fournier","1610612753","Orlando Magic",2016,"0021500043","20151101",1.1,6.55,TRUE
203095,"Evan Fournier","1610612753","Orlando Magic",2016,"0021500043","20151101",-9.7,27.65,FALSE
203095,"Evan Fournier","1610612753","Orlando Magic",2016,"0021500043","20151101",21.2,4.65,FALSE
203095,"Evan Fournier","1610612753","Orlando Magic",2016,"0021500043","20151101",2,10.35,FALSE
203095,"Evan Fournier","1610612753","Orlando Magic",2016,"0021500043","20151101",9.2,26.55,FALSE
203095,"Evan Fournier","1610612753","Orlando Magic",2016,"0021500043","20151101",-1.5,5.45,TRUE
203095,"Evan Fournier","1610612753","Orlando Magic",2016,"0021500043","20151101",23.7,4.75,TRUE
203095,"Evan Fournier","1610612753","Orlando Magic",2016,"0021500043","20151101",15.3,23.55,FALSE
203095,"Evan Fournier","1610612753","Orlando Magic",2016,"0021500043","20151101",0.6,7.15,TRUE
203095,"Evan Fournier","1610612753","Orlando Magic",2016,"0021500056","20151103",12.5,10.35,TRUE
203095,"Evan Fournier","1610612753","Orlando Magic",2016,"0021500056","20151103",7.6,29.15,FALSE
203095,"Evan Fournier","1610612753","Orlando Magic",2016,"0021500056","20151103",-1.9,6.55,TRUE
203095,"Evan Fournier","1610612753","Orlando Magic",2016,"0021500056","20151103",1.7,5.45,TRUE
203095,"Evan Fournier","1610612753","Orlando Magic",2016,"0021500056","20151103",-2,6.35,TRUE
203095,"Evan Fournier","1610612753","Orlando Magic",2016,"0021500056","20151103",2,11.35,TRUE
203095,"Evan Fournier","1610612753","Orlando Magic",2016,"0021500056","20151103",-23.5,5.95,FALSE
203095,"Evan Fournier","1610612753","Orlando Magic",2016,"0021500056","20151103",0.7,7.35,TRUE
203095,"Evan Fournier","1610612753","Orlando Magic",2016,"0021500056","20151103",7.4,28.65,FALSE
203095,"Evan Fournier","1610612753","Orlando Magic",2016,"0021500056","20151103",-1.5,6.55,TRUE
203095,"Evan Fournier","1610612753","Orlando Magic",2016,"0021500056","20151103",-12.8,26.55,FALSE
203095,"Evan Fournier","1610612753","Orlando Magic",2016,"0021500056","20151103",10.4,18.35,FALSE
203095,"Evan Fournier","1610612753","Orlando Magic",2016,"0021500056","20151103",11.4,27.15,TRUE
203095,"Evan Fournier","1610612753","Orlando Magic",2016,"0021500056","20151103",13,29.45,TRUE
203095,"Evan Fournier","1610612753","Orlando Magic",2016,"0021500056","20151103",-0.9,7.85,FALSE
203095,"Evan Fournier","1610612753","Orlando Magic",2016,"0021500056","20151103",2,6.05,TRUE
203095,"Evan Fournier","1610612753","Orlando Magic",2016,"0021500056","20151103",10.2,29.15,FALSE
203095,"Evan Fournier","1610612753","Orlando Magic",2016,"0021500056","20151103",17.3,12.25,FALSE
203095,"Evan Fournier","1610612753","Orlando Magic",2016,"0021500056","20151103",14.8,26.05,TRUE
203095,"Evan Fournier","1610612753","Orlando Magic",2016,"0021500056","20151103",-13.8,27.55,TRUE
203095,"Evan Fournier","1610612753","Orlando Magic",2016,"0021500064","20151104",2,5.45,TRUE
203095,"Evan Fournier","1610612753","Orlando Magic",2016,"0021500064","20151104",21.5,7.35,FALSE
203095,"Evan Fournier","1610612753","Orlando Magic",2016,"0021500064","20151104",8.9,28.65,TRUE
203095,"Evan Fournier","1610612753","Orlando Magic",2016,"0021500064","20151104",0.6,5.95,TRUE
203095,"Evan Fournier","1610612753","Orlando Magic",2016,"0021500064","20151104",0.4,13.25,FALSE
203095,"Evan Fournier","1610612753","Orlando Magic",2016,"0021500064","20151104",-15.1,24.55,FALSE
203095,"Evan Fournier","1610612753","Orlando Magic",2016,"0021500064","20151104",-1.7,52.45,FALSE
203095,"Evan Fournier","1610612753","Orlando Magic",2016,"0021500064","20151104",1.1,5.95,TRUE
203095,"Evan Fournier","1610612753","Orlando Magic",2016,"0021500064","20151104",12.7,29.65,FALSE
203095,"Evan Fournier","1610612753","Orlando Magic",2016,"0021500064","20151104",-0.2,19.65,TRUE
203095,"Evan Fournier","1610612753","Orlando Magic",2016,"0021500064","20151104",-8.6,14.25,TRUE
203095,"Evan Fournier","1610612753","Orlando Magic",2016,"0021500064","20151104",-11.9,26.05,TRUE
203095,"Evan Fournier","1610612753","Orlando Magic",2016,"0021500064","20151104",0,5.95,TRUE
203095,"Evan Fournier","1610612753","Orlando Magic",2016,"0021500064","20151104",0.1,29.45,TRUE
203095,"Evan Fournier","1610612753","Orlando Magic",2016,"0021500064","20151104",3.2,5.45,TRUE
203095,"Evan Fournier","1610612753","Orlando Magic",2016,"0021500064","20151104",-3.3,7.35,FALSE
203095,"Evan Fournier","1610612753","Orlando Magic",2016,"0021500064","20151104",1.2,5.45,FALSE
203095,"Evan Fournier","1610612753","Orlando Magic",2016,"0021500064","20151104",23,5.95,FALSE
203095,"Evan Fournier","1610612753","Orlando Magic",2016,"0021500064","20151104",-4.5,29.15,FALSE
203095,"Evan Fournier","1610612753","Orlando Magic",2016,"0021500064","20151104",13.8,20.65,FALSE
203095,"Evan Fournier","1610612753","Orlando Magic",2016,"0021500064","20151104",2.7,9.85,TRUE
203095,"Evan Fournier","1610612753","Orlando Magic",2016,"0021500075","20151106",-16.6,25.55,FALSE
203095,"Evan Fournier","1610612753","Orlando Magic",2016,"0021500075","20151106",0,6.55,FALSE
203095,"Evan Fournier","1610612753","Orlando Magic",2016,"0021500075","20151106",-15,16.75,TRUE
203095,"Evan Fournier","1610612753","Orlando Magic",2016,"0021500075","20151106",-3.2,7.35,FALSE
203095,"Evan Fournier","1610612753","Orlando Magic",2016,"0021500075","20151106",-1.7,7.35,FALSE
203095,"Evan Fournier","1610612753","Orlando Magic",2016,"0021500075","20151106",0.4,6.85,FALSE
203095,"Evan Fournier","1610612753","Orlando Magic",2016,"0021500075","20151106",1.2,30.15,FALSE
203095,"Evan Fournier","1610612753","Orlando Magic",2016,"0021500075","20151106",1.7,6.85,FALSE
203095,"Evan Fournier","1610612753","Orlando Magic",2016,"0021500075","20151106",0,30.15,FALSE
203095,"Evan Fournier","1610612753","Orlando Magic",2016,"0021500075","20151106",-18.1,23.75,TRUE
203095,"Evan Fournier","1610612753","Orlando Magic",2016,"0021500075","20151106",0.7,7.35,TRUE
203095,"Evan Fournier","1610612753","Orlando Magic",2016,"0021500087","20151107",-0.9,10.85,FALSE
203095,"Evan Fournier","1610612753","Orlando Magic",2016,"0021500087","20151107",14.2,27.55,TRUE
203095,"Evan Fournier","1610612753","Orlando Magic",2016,"0021500087","20151107",-0.6,10.45,TRUE
203095,"Evan Fournier","1610612753","Orlando Magic",2016,"0021500087","20151107",-0.1,8.85,FALSE
203095,"Evan Fournier","1610612753","Orlando Magic",2016,"0021500087","20151107",2.7,5.95,TRUE
203095,"Evan Fournier","1610612753","Orlando Magic",2016,"0021500087","20151107",0.7,14.75,FALSE
203095,"Evan Fournier","1610612753","Orlando Magic",2016,"0021500087","20151107",-19.9,20.85,TRUE
203095,"Evan Fournier","1610612753","Orlando Magic",2016,"0021500087","20151107",-17.4,26.05,FALSE
203095,"Evan Fournier","1610612753","Orlando Magic",2016,"0021500087","20151107",0.4,8.85,FALSE
203095,"Evan Fournier","1610612753","Orlando Magic",2016,"0021500087","20151107",-0.2,7.35,TRUE
203095,"Evan Fournier","1610612753","Orlando Magic",2016,"0021500087","20151107",14.8,26.55,TRUE
203095,"Evan Fournier","1610612753","Orlando Magic",2016,"0021500087","20151107",-1.4,17.65,TRUE
203095,"Evan Fournier","1610612753","Orlando Magic",2016,"0021500099","20151109",-16.9,6.85,TRUE
203095,"Evan Fournier","1610612753","Orlando Magic",2016,"0021500099","20151109",1.6,5.15,FALSE
203095,"Evan Fournier","1610612753","Orlando Magic",2016,"0021500099","20151109",0,5.35,TRUE
203095,"Evan Fournier","1610612753","Orlando Magic",2016,"0021500099","20151109",NA,NA,FALSE
203095,"Evan Fournier","1610612753","Orlando Magic",2016,"0021500099","20151109",3.7,30.65,TRUE
203095,"Evan Fournier","1610612753","Orlando Magic",2016,"0021500099","20151109",-20.4,18.65,FALSE
203095,"Evan Fournier","1610612753","Orlando Magic",2016,"0021500099","20151109",0.2,11.35,TRUE
203095,"Evan Fournier","1610612753","Orlando Magic",2016,"0021500099","20151109",23.3,17.65,FALSE
203095,"Evan Fournier","1610612753","Orlando Magic",2016,"0021500099","20151109",-21.8,19.15,TRUE
203095,"Evan Fournier","1610612753","Orlando Magic",2016,"0021500099","20151109",1.1,30.95,FALSE
203095,"Evan Fournier","1610612753","Orlando Magic",2016,"0021500099","20151109",1.4,30.65,FALSE
203095,"Evan Fournier","1610612753","Orlando Magic",2016,"0021500099","20151109",-9.9,29.95,TRUE
203095,"Evan Fournier","1610612753","Orlando Magic",2016,"0021500099","20151109",23.2,17.25,TRUE
203095,"Evan Fournier","1610612753","Orlando Magic",2016,"0021500114","20151111",3.4,13.95,FALSE
203095,"Evan Fournier","1610612753","Orlando Magic",2016,"0021500114","20151111",13.8,26.25,FALSE
203095,"Evan Fournier","1610612753","Orlando Magic",2016,"0021500114","20151111",1.1,5.25,FALSE
203095,"Evan Fournier","1610612753","Orlando Magic",2016,"0021500114","20151111",-20.4,20.85,TRUE
203095,"Evan Fournier","1610612753","Orlando Magic",2016,"0021500114","20151111",-3,8.35,FALSE
203095,"Evan Fournier","1610612753","Orlando Magic",2016,"0021500114","20151111",24.8,5.15,FALSE
203095,"Evan Fournier","1610612753","Orlando Magic",2016,"0021500114","20151111",2,7.35,FALSE
203095,"Evan Fournier","1610612753","Orlando Magic",2016,"0021500114","20151111",-1.4,5.95,TRUE
203095,"Evan Fournier","1610612753","Orlando Magic",2016,"0021500114","20151111",24.1,6.35,TRUE
203095,"Evan Fournier","1610612753","Orlando Magic",2016,"0021500114","20151111",20.9,18.15,FALSE
203095,"Evan Fournier","1610612753","Orlando Magic",2016,"0021500114","20151111",-1.2,5.55,TRUE
203095,"Evan Fournier","1610612753","Orlando Magic",2016,"0021500114","20151111",8.8,28.15,FALSE
203095,"Evan Fournier","1610612753","Orlando Magic",2016,"0021500114","20151111",-1.5,4.65,TRUE
203095,"Evan Fournier","1610612753","Orlando Magic",2016,"0021500114","20151111",7,22.75,FALSE
203095,"Evan Fournier","1610612753","Orlando Magic",2016,"0021500114","20151111",-14.8,5.15,TRUE
203095,"Evan Fournier","1610612753","Orlando Magic",2016,"0021500114","20151111",-6.1,22.75,FALSE
203095,"Evan Fournier","1610612753","Orlando Magic",2016,"0021500128","20151113",13.3,17.65,TRUE
203095,"Evan Fournier","1610612753","Orlando Magic",2016,"0021500128","20151113",5.8,11.95,FALSE
203095,"Evan Fournier","1610612753","Orlando Magic",2016,"0021500128","20151113",11,28.95,FALSE
203095,"Evan Fournier","1610612753","Orlando Magic",2016,"0021500128","20151113",18.6,21.75,TRUE
203095,"Evan Fournier","1610612753","Orlando Magic",2016,"0021500128","20151113",1.7,6.55,TRUE
203095,"Evan Fournier","1610612753","Orlando Magic",2016,"0021500128","20151113",1.6,6.85,TRUE
203095,"Evan Fournier","1610612753","Orlando Magic",2016,"0021500128","20151113",2,6.85,FALSE
203095,"Evan Fournier","1610612753","Orlando Magic",2016,"0021500128","20151113",-14.5,8.05,FALSE
203095,"Evan Fournier","1610612753","Orlando Magic",2016,"0021500128","20151113",-15,30.45,TRUE
203095,"Evan Fournier","1610612753","Orlando Magic",2016,"0021500128","20151113",17.4,42.75,FALSE
203095,"Evan Fournier","1610612753","Orlando Magic",2016,"0021500128","20151113",-0.2,6.35,TRUE
203095,"Evan Fournier","1610612753","Orlando Magic",2016,"0021500128","20151113",0.2,7.05,TRUE
203095,"Evan Fournier","1610612753","Orlando Magic",2016,"0021500128","20151113",13,27.15,FALSE
203095,"Evan Fournier","1610612753","Orlando Magic",2016,"0021500128","20151113",-14.6,13.95,FALSE
203095,"Evan Fournier","1610612753","Orlando Magic",2016,"0021500128","20151113",16.5,24.55,FALSE
203095,"Evan Fournier","1610612753","Orlando Magic",2016,"0021500139","20151114",2,5.45,TRUE
203095,"Evan Fournier","1610612753","Orlando Magic",2016,"0021500139","20151114",0.1,5.95,TRUE
203095,"Evan Fournier","1610612753","Orlando Magic",2016,"0021500139","20151114",4.7,31.65,FALSE
203095,"Evan Fournier","1610612753","Orlando Magic",2016,"0021500139","20151114",1.1,10.45,TRUE
203095,"Evan Fournier","1610612753","Orlando Magic",2016,"0021500139","20151114",-23.2,8.35,FALSE
203095,"Evan Fournier","1610612753","Orlando Magic",2016,"0021500139","20151114",-18.1,5.45,FALSE
203095,"Evan Fournier","1610612753","Orlando Magic",2016,"0021500139","20151114",7,6.55,TRUE
203095,"Evan Fournier","1610612753","Orlando Magic",2016,"0021500139","20151114",23.3,19.15,FALSE
203095,"Evan Fournier","1610612753","Orlando Magic",2016,"0021500139","20151114",-6.6,6.35,FALSE
203095,"Evan Fournier","1610612753","Orlando Magic",2016,"0021500139","20151114",-7.1,29.15,TRUE
203095,"Evan Fournier","1610612753","Orlando Magic",2016,"0021500139","20151114",0.7,11.95,FALSE
203095,"Evan Fournier","1610612753","Orlando Magic",2016,"0021500139","20151114",23.8,7.35,FALSE
203095,"Evan Fournier","1610612753","Orlando Magic",2016,"0021500139","20151114",-12.2,9.35,FALSE
203095,"Evan Fournier","1610612753","Orlando Magic",2016,"0021500139","20151114",17.3,27.55,FALSE
203095,"Evan Fournier","1610612753","Orlando Magic",2016,"0021500139","20151114",0,6.55,TRUE
203095,"Evan Fournier","1610612753","Orlando Magic",2016,"0021500139","20151114",-2.4,6.35,TRUE
203095,"Evan Fournier","1610612753","Orlando Magic",2016,"0021500139","20151114",21,5.25,FALSE
203095,"Evan Fournier","1610612753","Orlando Magic",2016,"0021500166","20151118",0.7,11.35,FALSE
203095,"Evan Fournier","1610612753","Orlando Magic",2016,"0021500166","20151118",1.1,5.15,FALSE
203095,"Evan Fournier","1610612753","Orlando Magic",2016,"0021500166","20151118",14.3,26.25,FALSE
203095,"Evan Fournier","1610612753","Orlando Magic",2016,"0021500166","20151118",1.9,30.65,TRUE
203095,"Evan Fournier","1610612753","Orlando Magic",2016,"0021500166","20151118",0.6,6.35,TRUE
203095,"Evan Fournier","1610612753","Orlando Magic",2016,"0021500166","20151118",-2.8,11.75,FALSE
203095,"Evan Fournier","1610612753","Orlando Magic",2016,"0021500166","20151118",0,5.35,TRUE
203095,"Evan Fournier","1610612753","Orlando Magic",2016,"0021500166","20151118",13.5,22.65,FALSE
203095,"Evan Fournier","1610612753","Orlando Magic",2016,"0021500166","20151118",-1.2,6.35,FALSE
203095,"Evan Fournier","1610612753","Orlando Magic",2016,"0021500166","20151118",0.1,5.15,TRUE
203095,"Evan Fournier","1610612753","Orlando Magic",2016,"0021500166","20151118",3,29.95,TRUE
203095,"Evan Fournier","1610612753","Orlando Magic",2016,"0021500166","20151118",11.4,28.95,TRUE
203095,"Evan Fournier","1610612753","Orlando Magic",2016,"0021500166","20151118",17.6,21.75,FALSE
203095,"Evan Fournier","1610612753","Orlando Magic",2016,"0021500166","20151118",0.1,5.45,FALSE
203095,"Evan Fournier","1610612753","Orlando Magic",2016,"0021500166","20151118",-1.9,10.35,TRUE
203095,"Evan Fournier","1610612753","Orlando Magic",2016,"0021500166","20151118",-13,26.25,TRUE
203095,"Evan Fournier","1610612753","Orlando Magic",2016,"0021500166","20151118",-14,25.75,TRUE
203095,"Evan Fournier","1610612753","Orlando Magic",2016,"0021500189","20151121",-15.6,24.55,FALSE
203095,"Evan Fournier","1610612753","Orlando Magic",2016,"0021500189","20151121",0.6,12.25,FALSE
203095,"Evan Fournier","1610612753","Orlando Magic",2016,"0021500189","20151121",-18.7,20.15,FALSE
203095,"Evan Fournier","1610612753","Orlando Magic",2016,"0021500189","20151121",23.2,4.25,FALSE
203095,"Evan Fournier","1610612753","Orlando Magic",2016,"0021500189","20151121",3.4,12.25,FALSE
203095,"Evan Fournier","1610612753","Orlando Magic",2016,"0021500189","20151121",0.2,9.35,FALSE
203095,"Evan Fournier","1610612753","Orlando Magic",2016,"0021500189","20151121",23.8,5.25,FALSE
203095,"Evan Fournier","1610612753","Orlando Magic",2016,"0021500189","20151121",0,5.35,TRUE
203095,"Evan Fournier","1610612753","Orlando Magic",2016,"0021500189","20151121",23.5,5.15,FALSE
203095,"Evan Fournier","1610612753","Orlando Magic",2016,"0021500189","20151121",-15.3,15.75,FALSE
203095,"Evan Fournier","1610612753","Orlando Magic",2016,"0021500189","20151121",15.8,23.55,TRUE
203095,"Evan Fournier","1610612753","Orlando Magic",2016,"0021500189","20151121",-15.1,27.15,TRUE
203095,"Evan Fournier","1610612753","Orlando Magic",2016,"0021500189","20151121",0.9,5.45,TRUE
203095,"Evan Fournier","1610612753","Orlando Magic",2016,"0021500189","20151121",17.9,22.15,FALSE
203095,"Evan Fournier","1610612753","Orlando Magic",2016,"0021500189","20151121",-0.1,6.55,TRUE
203095,"Evan Fournier","1610612753","Orlando Magic",2016,"0021500189","20151121",-14.5,12.95,FALSE
203095,"Evan Fournier","1610612753","Orlando Magic",2016,"0021500189","20151121",-0.1,6.35,TRUE
203095,"Evan Fournier","1610612753","Orlando Magic",2016,"0021500189","20151121",-14.6,24.75,FALSE
203095,"Evan Fournier","1610612753","Orlando Magic",2016,"0021500189","20151121",-12.5,26.05,TRUE
203095,"Evan Fournier","1610612753","Orlando Magic",2016,"0021500189","20151121",8.4,29.45,FALSE
203095,"Evan Fournier","1610612753","Orlando Magic",2016,"0021500203","20151123",-4.3,29.95,TRUE
203095,"Evan Fournier","1610612753","Orlando Magic",2016,"0021500203","20151123",-0.2,11.75,TRUE
203095,"Evan Fournier","1610612753","Orlando Magic",2016,"0021500203","20151123",-19.5,20.35,TRUE
203095,"Evan Fournier","1610612753","Orlando Magic",2016,"0021500203","20151123",23.5,16.35,TRUE
203095,"Evan Fournier","1610612753","Orlando Magic",2016,"0021500203","20151123",-10.7,5.55,FALSE
203095,"Evan Fournier","1610612753","Orlando Magic",2016,"0021500216","20151125",-5.8,17.35,FALSE
203095,"Evan Fournier","1610612753","Orlando Magic",2016,"0021500216","20151125",-10.4,6.85,FALSE
203095,"Evan Fournier","1610612753","Orlando Magic",2016,"0021500216","20151125",-1.2,5.45,FALSE
203095,"Evan Fournier","1610612753","Orlando Magic",2016,"0021500216","20151125",1.7,4.65,FALSE
203095,"Evan Fournier","1610612753","Orlando Magic",2016,"0021500216","20151125",13,28.65,FALSE
203095,"Evan Fournier","1610612753","Orlando Magic",2016,"0021500216","20151125",3,5.95,FALSE
203095,"Evan Fournier","1610612753","Orlando Magic",2016,"0021500216","20151125",17.9,22.75,FALSE
203095,"Evan Fournier","1610612753","Orlando Magic",2016,"0021500216","20151125",13.3,27.05,TRUE
203095,"Evan Fournier","1610612753","Orlando Magic",2016,"0021500216","20151125",-0.9,6.85,FALSE
203095,"Evan Fournier","1610612753","Orlando Magic",2016,"0021500228","20151127",23.3,4.15,FALSE
203095,"Evan Fournier","1610612753","Orlando Magic",2016,"0021500228","20151127",0.4,8.85,TRUE
203095,"Evan Fournier","1610612753","Orlando Magic",2016,"0021500228","20151127",-14.1,28.45,TRUE
203095,"Evan Fournier","1610612753","Orlando Magic",2016,"0021500228","20151127",22.8,5.45,FALSE
203095,"Evan Fournier","1610612753","Orlando Magic",2016,"0021500228","20151127",-16.1,6.35,FALSE
203095,"Evan Fournier","1610612753","Orlando Magic",2016,"0021500228","20151127",0.1,6.35,FALSE
203095,"Evan Fournier","1610612753","Orlando Magic",2016,"0021500228","20151127",-12.3,28.05,FALSE
203095,"Evan Fournier","1610612753","Orlando Magic",2016,"0021500228","20151127",23.5,2.35,TRUE
203095,"Evan Fournier","1610612753","Orlando Magic",2016,"0021500228","20151127",-5.8,15.75,FALSE
203095,"Evan Fournier","1610612753","Orlando Magic",2016,"0021500228","20151127",-17.1,23.25,TRUE
203095,"Evan Fournier","1610612753","Orlando Magic",2016,"0021500228","20151127",0.6,6.85,TRUE
203095,"Evan Fournier","1610612753","Orlando Magic",2016,"0021500228","20151127",-0.9,7.05,FALSE
203095,"Evan Fournier","1610612753","Orlando Magic",2016,"0021500249","20151129",-0.9,6.05,TRUE
203095,"Evan Fournier","1610612753","Orlando Magic",2016,"0021500249","20151129",9.1,28.95,FALSE
203095,"Evan Fournier","1610612753","Orlando Magic",2016,"0021500249","20151129",-2,5.45,FALSE
203095,"Evan Fournier","1610612753","Orlando Magic",2016,"0021500249","20151129",-0.9,6.55,TRUE
203095,"Evan Fournier","1610612753","Orlando Magic",2016,"0021500249","20151129",0.6,6.55,TRUE
203095,"Evan Fournier","1610612753","Orlando Magic",2016,"0021500249","20151129",16.3,25.05,FALSE
203095,"Evan Fournier","1610612753","Orlando Magic",2016,"0021500249","20151129",0.1,6.55,TRUE
203095,"Evan Fournier","1610612753","Orlando Magic",2016,"0021500249","20151129",-17.4,30.45,FALSE
203095,"Evan Fournier","1610612753","Orlando Magic",2016,"0021500249","20151129",-1.9,6.35,FALSE
203095,"Evan Fournier","1610612753","Orlando Magic",2016,"0021500265","20151201",-19.1,15.75,TRUE
203095,"Evan Fournier","1610612753","Orlando Magic",2016,"0021500265","20151201",-0.6,5.15,TRUE
203095,"Evan Fournier","1610612753","Orlando Magic",2016,"0021500265","20151201",0.9,5.25,FALSE
203095,"Evan Fournier","1610612753","Orlando Magic",2016,"0021500265","20151201",1.9,6.55,TRUE
203095,"Evan Fournier","1610612753","Orlando Magic",2016,"0021500265","20151201",13,27.65,TRUE
203095,"Evan Fournier","1610612753","Orlando Magic",2016,"0021500265","20151201",-0.1,7.85,FALSE
203095,"Evan Fournier","1610612753","Orlando Magic",2016,"0021500265","20151201",17.1,24.75,FALSE
203095,"Evan Fournier","1610612753","Orlando Magic",2016,"0021500279","20151203",19.7,5.15,TRUE
203095,"Evan Fournier","1610612753","Orlando Magic",2016,"0021500279","20151203",-21.7,5.45,TRUE
203095,"Evan Fournier","1610612753","Orlando Magic",2016,"0021500279","20151203",16.6,24.05,FALSE
203095,"Evan Fournier","1610612753","Orlando Magic",2016,"0021500279","20151203",-22.8,14.75,FALSE
203095,"Evan Fournier","1610612753","Orlando Magic",2016,"0021500279","20151203",3.7,6.35,TRUE
203095,"Evan Fournier","1610612753","Orlando Magic",2016,"0021500279","20151203",-1.4,29.45,FALSE
203095,"Evan Fournier","1610612753","Orlando Magic",2016,"0021500279","20151203",18.3,21.65,TRUE
203095,"Evan Fournier","1610612753","Orlando Magic",2016,"0021500279","20151203",-2.8,29.45,TRUE
203095,"Evan Fournier","1610612753","Orlando Magic",2016,"0021500279","20151203",0.7,7.55,FALSE
203095,"Evan Fournier","1610612753","Orlando Magic",2016,"0021500298","20151205",2.7,5.55,FALSE
203095,"Evan Fournier","1610612753","Orlando Magic",2016,"0021500298","20151205",-9.2,30.95,FALSE
203095,"Evan Fournier","1610612753","Orlando Magic",2016,"0021500298","20151205",-16.6,25.75,FALSE
203095,"Evan Fournier","1610612753","Orlando Magic",2016,"0021500298","20151205",1.1,9.55,TRUE
203095,"Evan Fournier","1610612753","Orlando Magic",2016,"0021500298","20151205",15.5,26.25,TRUE
203095,"Evan Fournier","1610612753","Orlando Magic",2016,"0021500317","20151208",-1.9,6.85,FALSE
203095,"Evan Fournier","1610612753","Orlando Magic",2016,"0021500317","20151208",-4.3,24.05,FALSE
203095,"Evan Fournier","1610612753","Orlando Magic",2016,"0021500317","20151208",11.5,26.65,FALSE
203095,"Evan Fournier","1610612753","Orlando Magic",2016,"0021500317","20151208",-1.5,5.25,FALSE
203095,"Evan Fournier","1610612753","Orlando Magic",2016,"0021500317","20151208",13.2,28.05,FALSE
203095,"Evan Fournier","1610612753","Orlando Magic",2016,"0021500317","20151208",-0.9,29.95,FALSE
203095,"Evan Fournier","1610612753","Orlando Magic",2016,"0021500317","20151208",-3.3,29.95,TRUE
203095,"Evan Fournier","1610612753","Orlando Magic",2016,"0021500326","20151209",16.1,4.25,TRUE
203095,"Evan Fournier","1610612753","Orlando Magic",2016,"0021500326","20151209",10.9,28.45,FALSE
203095,"Evan Fournier","1610612753","Orlando Magic",2016,"0021500326","20151209",-1.5,8.85,FALSE
203095,"Evan Fournier","1610612753","Orlando Magic",2016,"0021500326","20151209",0.6,5.95,TRUE
203095,"Evan Fournier","1610612753","Orlando Magic",2016,"0021500326","20151209",23.7,4.15,TRUE
203095,"Evan Fournier","1610612753","Orlando Magic",2016,"0021500326","20151209",-22.3,4.65,FALSE
203095,"Evan Fournier","1610612753","Orlando Magic",2016,"0021500326","20151209",-2,25.05,FALSE
203095,"Evan Fournier","1610612753","Orlando Magic",2016,"0021500326","20151209",-2,6.85,FALSE
203095,"Evan Fournier","1610612753","Orlando Magic",2016,"0021500326","20151209",17.3,22.15,TRUE
203095,"Evan Fournier","1610612753","Orlando Magic",2016,"0021500326","20151209",-12.8,27.05,FALSE
203095,"Evan Fournier","1610612753","Orlando Magic",2016,"0021500326","20151209",12.9,3.75,FALSE
203095,"Evan Fournier","1610612753","Orlando Magic",2016,"0021500326","20151209",-6.4,29.45,TRUE
203095,"Evan Fournier","1610612753","Orlando Magic",2016,"0021500326","20151209",2.2,5.45,FALSE
203095,"Evan Fournier","1610612753","Orlando Magic",2016,"0021500326","20151209",-4.6,29.45,FALSE
203095,"Evan Fournier","1610612753","Orlando Magic",2016,"0021500334","20151211",0.7,7.35,FALSE
203095,"Evan Fournier","1610612753","Orlando Magic",2016,"0021500334","20151211",0.2,10.35,TRUE
203095,"Evan Fournier","1610612753","Orlando Magic",2016,"0021500358","20151214",-15.9,27.55,FALSE
203095,"Evan Fournier","1610612753","Orlando Magic",2016,"0021500358","20151214",6.6,31.45,FALSE
203095,"Evan Fournier","1610612753","Orlando Magic",2016,"0021500358","20151214",7.4,10.45,FALSE
203095,"Evan Fournier","1610612753","Orlando Magic",2016,"0021500358","20151214",-23.3,4.25,TRUE
203095,"Evan Fournier","1610612753","Orlando Magic",2016,"0021500358","20151214",11.7,27.55,FALSE
203095,"Evan Fournier","1610612753","Orlando Magic",2016,"0021500358","20151214",-3.2,5.95,FALSE
203095,"Evan Fournier","1610612753","Orlando Magic",2016,"0021500372","20151216",16.8,23.55,FALSE
203095,"Evan Fournier","1610612753","Orlando Magic",2016,"0021500372","20151216",4.7,28.95,TRUE
203095,"Evan Fournier","1610612753","Orlando Magic",2016,"0021500372","20151216",12.5,27.05,TRUE
203095,"Evan Fournier","1610612753","Orlando Magic",2016,"0021500372","20151216",6.5,10.45,FALSE
203095,"Evan Fournier","1610612753","Orlando Magic",2016,"0021500372","20151216",13.7,26.55,FALSE
203095,"Evan Fournier","1610612753","Orlando Magic",2016,"0021500372","20151216",-14.3,25.75,TRUE
203095,"Evan Fournier","1610612753","Orlando Magic",2016,"0021500372","20151216",2.5,8.05,TRUE
203095,"Evan Fournier","1610612753","Orlando Magic",2016,"0021500387","20151218",-16.6,26.05,FALSE
203095,"Evan Fournier","1610612753","Orlando Magic",2016,"0021500387","20151218",0,10.35,FALSE
203095,"Evan Fournier","1610612753","Orlando Magic",2016,"0021500387","20151218",-13.3,26.05,FALSE
203095,"Evan Fournier","1610612753","Orlando Magic",2016,"0021500387","20151218",-9.9,16.25,FALSE
203095,"Evan Fournier","1610612753","Orlando Magic",2016,"0021500387","20151218",23.7,5.15,FALSE
203095,"Evan Fournier","1610612753","Orlando Magic",2016,"0021500387","20151218",-0.1,7.55,TRUE
203095,"Evan Fournier","1610612753","Orlando Magic",2016,"0021500387","20151218",23.2,13.25,FALSE
203095,"Evan Fournier","1610612753","Orlando Magic",2016,"0021500407","20151220",1.7,6.85,TRUE
203095,"Evan Fournier","1610612753","Orlando Magic",2016,"0021500407","20151220",8.9,28.15,FALSE
203095,"Evan Fournier","1610612753","Orlando Magic",2016,"0021500407","20151220",-2.7,20.15,TRUE
203095,"Evan Fournier","1610612753","Orlando Magic",2016,"0021500407","20151220",-22.7,8.35,TRUE
203095,"Evan Fournier","1610612753","Orlando Magic",2016,"0021500407","20151220",5.3,10.85,FALSE
203095,"Evan Fournier","1610612753","Orlando Magic",2016,"0021500407","20151220",5.2,22.25,TRUE
203095,"Evan Fournier","1610612753","Orlando Magic",2016,"0021500407","20151220",0.1,7.55,TRUE
203095,"Evan Fournier","1610612753","Orlando Magic",2016,"0021500407","20151220",9.9,28.45,FALSE
203095,"Evan Fournier","1610612753","Orlando Magic",2016,"0021500412","20151221",0.1,4.65,TRUE
203095,"Evan Fournier","1610612753","Orlando Magic",2016,"0021500412","20151221",-2,6.05,FALSE
203095,"Evan Fournier","1610612753","Orlando Magic",2016,"0021500412","20151221",-0.2,4.75,FALSE
203095,"Evan Fournier","1610612753","Orlando Magic",2016,"0021500412","20151221",-23.2,7.55,TRUE
203095,"Evan Fournier","1610612753","Orlando Magic",2016,"0021500412","20151221",0,30.95,TRUE
203095,"Evan Fournier","1610612753","Orlando Magic",2016,"0021500412","20151221",-10.2,27.55,FALSE
203095,"Evan Fournier","1610612753","Orlando Magic",2016,"0021500412","20151221",-0.6,5.95,TRUE
203095,"Evan Fournier","1610612753","Orlando Magic",2016,"0021500412","20151221",0.1,5.45,FALSE
203095,"Evan Fournier","1610612753","Orlando Magic",2016,"0021500412","20151221",12,26.05,FALSE
203095,"Evan Fournier","1610612753","Orlando Magic",2016,"0021500412","20151221",1.1,5.95,FALSE
203095,"Evan Fournier","1610612753","Orlando Magic",2016,"0021500412","20151221",0.6,6.35,FALSE
203095,"Evan Fournier","1610612753","Orlando Magic",2016,"0021500412","20151221",-6.6,28.95,FALSE
203095,"Evan Fournier","1610612753","Orlando Magic",2016,"0021500412","20151221",-1.4,5.15,TRUE
203095,"Evan Fournier","1610612753","Orlando Magic",2016,"0021500412","20151221",4.8,29.15,TRUE
203095,"Evan Fournier","1610612753","Orlando Magic",2016,"0021500426","20151223",-16.4,4.65,FALSE
203095,"Evan Fournier","1610612753","Orlando Magic",2016,"0021500426","20151223",-0.2,6.85,TRUE
203095,"Evan Fournier","1610612753","Orlando Magic",2016,"0021500426","20151223",-17.6,22.65,FALSE
203095,"Evan Fournier","1610612753","Orlando Magic",2016,"0021500426","20151223",-19.5,20.65,TRUE
203095,"Evan Fournier","1610612753","Orlando Magic",2016,"0021500426","20151223",15.3,24.25,TRUE
203095,"Evan Fournier","1610612753","Orlando Magic",2016,"0021500426","20151223",23.2,5.95,FALSE
203095,"Evan Fournier","1610612753","Orlando Magic",2016,"0021500426","20151223",-0.1,7.35,TRUE
203095,"Evan Fournier","1610612753","Orlando Magic",2016,"0021500426","20151223",13.8,26.25,FALSE
203095,"Evan Fournier","1610612753","Orlando Magic",2016,"0021500426","20151223",-0.4,6.35,TRUE
203095,"Evan Fournier","1610612753","Orlando Magic",2016,"0021500426","20151223",-14.5,7.55,FALSE
203095,"Evan Fournier","1610612753","Orlando Magic",2016,"0021500426","20151223",2.9,8.35,TRUE
203095,"Evan Fournier","1610612753","Orlando Magic",2016,"0021500444","20151226",-19.1,21.65,TRUE
203095,"Evan Fournier","1610612753","Orlando Magic",2016,"0021500444","20151226",-13.7,29.45,FALSE
203095,"Evan Fournier","1610612753","Orlando Magic",2016,"0021500444","20151226",-1.7,6.85,TRUE
203095,"Evan Fournier","1610612753","Orlando Magic",2016,"0021500444","20151226",0.9,7.85,TRUE
203095,"Evan Fournier","1610612753","Orlando Magic",2016,"0021500444","20151226",4.8,16.35,FALSE
203095,"Evan Fournier","1610612753","Orlando Magic",2016,"0021500444","20151226",-19.9,19.85,FALSE
203095,"Evan Fournier","1610612753","Orlando Magic",2016,"0021500444","20151226",1.2,13.25,FALSE
203095,"Evan Fournier","1610612753","Orlando Magic",2016,"0021500444","20151226",15.8,25.25,TRUE
203095,"Evan Fournier","1610612753","Orlando Magic",2016,"0021500444","20151226",22.5,18.15,FALSE
203095,"Evan Fournier","1610612753","Orlando Magic",2016,"0021500444","20151226",0.2,7.55,FALSE
203095,"Evan Fournier","1610612753","Orlando Magic",2016,"0021500444","20151226",9.4,29.15,FALSE
203095,"Evan Fournier","1610612753","Orlando Magic",2016,"0021500460","20151228",-21.3,17.25,TRUE
203095,"Evan Fournier","1610612753","Orlando Magic",2016,"0021500460","20151228",1.1,5.45,TRUE
203095,"Evan Fournier","1610612753","Orlando Magic",2016,"0021500460","20151228",-18.1,9.95,TRUE
203095,"Evan Fournier","1610612753","Orlando Magic",2016,"0021500460","20151228",-0.2,4.65,FALSE
203095,"Evan Fournier","1610612753","Orlando Magic",2016,"0021500460","20151228",11.9,24.55,FALSE
203095,"Evan Fournier","1610612753","Orlando Magic",2016,"0021500460","20151228",-19.1,21.15,TRUE
203095,"Evan Fournier","1610612753","Orlando Magic",2016,"0021500460","20151228",-1.5,6.85,TRUE
203095,"Evan Fournier","1610612753","Orlando Magic",2016,"0021500460","20151228",0.4,6.35,TRUE
203095,"Evan Fournier","1610612753","Orlando Magic",2016,"0021500460","20151228",23.5,5.95,TRUE
203095,"Evan Fournier","1610612753","Orlando Magic",2016,"0021500460","20151228",2.2,5.15,FALSE
203095,"Evan Fournier","1610612753","Orlando Magic",2016,"0021500460","20151228",5.8,10.85,FALSE
203095,"Evan Fournier","1610612753","Orlando Magic",2016,"0021500460","20151228",-9.9,28.45,FALSE
203095,"Evan Fournier","1610612753","Orlando Magic",2016,"0021500475","20151230",-0.4,6.55,FALSE
203095,"Evan Fournier","1610612753","Orlando Magic",2016,"0021500475","20151230",23.8,6.55,FALSE
203095,"Evan Fournier","1610612753","Orlando Magic",2016,"0021500475","20151230",-1.7,31.95,FALSE
203095,"Evan Fournier","1610612753","Orlando Magic",2016,"0021500475","20151230",23.8,4.25,FALSE
203095,"Evan Fournier","1610612753","Orlando Magic",2016,"0021500475","20151230",-0.4,7.35,FALSE
203095,"Evan Fournier","1610612753","Orlando Magic",2016,"0021500475","20151230",-16.8,27.55,FALSE
203095,"Evan Fournier","1610612753","Orlando Magic",2016,"0021500475","20151230",-17.7,22.25,TRUE
203095,"Evan Fournier","1610612753","Orlando Magic",2016,"0021500475","20151230",-0.6,10.85,TRUE
203095,"Evan Fournier","1610612753","Orlando Magic",2016,"0021500475","20151230",-15.3,27.05,TRUE
203095,"Evan Fournier","1610612753","Orlando Magic",2016,"0021500475","20151230",-15.1,15.75,TRUE
203095,"Evan Fournier","1610612753","Orlando Magic",2016,"0021500475","20151230",-23.6,5.15,FALSE
203095,"Evan Fournier","1610612753","Orlando Magic",2016,"0021500475","20151230",18.6,22.65,TRUE
203095,"Evan Fournier","1610612753","Orlando Magic",2016,"0021500490","20160101",-16.3,28.05,FALSE
203095,"Evan Fournier","1610612753","Orlando Magic",2016,"0021500490","20160101",3.4,5.95,FALSE
203095,"Evan Fournier","1610612753","Orlando Magic",2016,"0021500490","20160101",-23.8,4.15,FALSE
203095,"Evan Fournier","1610612753","Orlando Magic",2016,"0021500490","20160101",-1.4,8.85,TRUE
203095,"Evan Fournier","1610612753","Orlando Magic",2016,"0021500490","20160101",10.2,16.35,TRUE
203095,"Evan Fournier","1610612753","Orlando Magic",2016,"0021500490","20160101",-0.9,5.45,TRUE
203095,"Evan Fournier","1610612753","Orlando Magic",2016,"0021500490","20160101",11.2,29.65,TRUE
203095,"Evan Fournier","1610612753","Orlando Magic",2016,"0021500490","20160101",-2.5,7.05,FALSE
203095,"Evan Fournier","1610612753","Orlando Magic",2016,"0021500490","20160101",-0.6,6.05,TRUE
203095,"Evan Fournier","1610612753","Orlando Magic",2016,"0021500490","20160101",-17.4,25.05,FALSE
203095,"Evan Fournier","1610612753","Orlando Magic",2016,"0021500490","20160101",16.1,28.45,FALSE
203095,"Evan Fournier","1610612753","Orlando Magic",2016,"0021500499","20160102",20.4,22.15,TRUE
203095,"Evan Fournier","1610612753","Orlando Magic",2016,"0021500499","20160102",-1.5,9.85,TRUE
203095,"Evan Fournier","1610612753","Orlando Magic",2016,"0021500499","20160102",23.7,17.35,FALSE
203095,"Evan Fournier","1610612753","Orlando Magic",2016,"0021500499","20160102",2,29.95,FALSE
203095,"Evan Fournier","1610612753","Orlando Magic",2016,"0021500499","20160102",-23.3,14.75,FALSE
203095,"Evan Fournier","1610612753","Orlando Magic",2016,"0021500514","20160104",22.8,15.35,FALSE
203095,"Evan Fournier","1610612753","Orlando Magic",2016,"0021500514","20160104",-9.2,13.95,FALSE
203095,"Evan Fournier","1610612753","Orlando Magic",2016,"0021500514","20160104",21.4,21.75,FALSE
203095,"Evan Fournier","1610612753","Orlando Magic",2016,"0021500514","20160104",-3,12.25,FALSE
203095,"Evan Fournier","1610612753","Orlando Magic",2016,"0021500514","20160104",-6.4,30.95,FALSE
203095,"Evan Fournier","1610612753","Orlando Magic",2016,"0021500514","20160104",-22.7,13.45,FALSE
203095,"Evan Fournier","1610612753","Orlando Magic",2016,"0021500526","20160106",16.8,26.05,FALSE
203095,"Evan Fournier","1610612753","Orlando Magic",2016,"0021500526","20160106",1.6,9.55,FALSE
203095,"Evan Fournier","1610612753","Orlando Magic",2016,"0021500526","20160106",-1.7,6.55,TRUE
203095,"Evan Fournier","1610612753","Orlando Magic",2016,"0021500526","20160106",1.9,25.75,TRUE
203095,"Evan Fournier","1610612753","Orlando Magic",2016,"0021500526","20160106",-7.1,29.15,FALSE
203095,"Evan Fournier","1610612753","Orlando Magic",2016,"0021500526","20160106",1.2,6.05,TRUE
203095,"Evan Fournier","1610612753","Orlando Magic",2016,"0021500526","20160106",-7.4,8.05,FALSE
203095,"Evan Fournier","1610612753","Orlando Magic",2016,"0021500526","20160106",17.8,23.75,FALSE
203095,"Evan Fournier","1610612753","Orlando Magic",2016,"0021500526","20160106",23.2,10.35,FALSE
203095,"Evan Fournier","1610612753","Orlando Magic",2016,"0021500526","20160106",-16.1,24.25,FALSE
203095,"Evan Fournier","1610612753","Orlando Magic",2016,"0021500526","20160106",17.6,19.65,TRUE
203095,"Evan Fournier","1610612753","Orlando Magic",2016,"0021500526","20160106",17.4,16.75,FALSE
203095,"Evan Fournier","1610612753","Orlando Magic",2016,"0021500526","20160106",-2.7,15.75,FALSE
203095,"Evan Fournier","1610612753","Orlando Magic",2016,"0021500526","20160106",-19.4,21.15,TRUE
203095,"Evan Fournier","1610612753","Orlando Magic",2016,"0021500541","20160108",-1,5.95,TRUE
203095,"Evan Fournier","1610612753","Orlando Magic",2016,"0021500541","20160108",17.1,23.55,TRUE
203095,"Evan Fournier","1610612753","Orlando Magic",2016,"0021500541","20160108",22.3,3.35,TRUE
203095,"Evan Fournier","1610612753","Orlando Magic",2016,"0021500541","20160108",-6.1,28.45,FALSE
203095,"Evan Fournier","1610612753","Orlando Magic",2016,"0021500541","20160108",-19.1,23.05,FALSE
203095,"Evan Fournier","1610612753","Orlando Magic",2016,"0021500541","20160108",-1,5.45,TRUE
203095,"Evan Fournier","1610612753","Orlando Magic",2016,"0021500541","20160108",24.1,4.25,TRUE
203095,"Evan Fournier","1610612753","Orlando Magic",2016,"0021500541","20160108",16.9,24.55,FALSE
203095,"Evan Fournier","1610612753","Orlando Magic",2016,"0021500552","20160109",22.8,17.25,TRUE
203095,"Evan Fournier","1610612753","Orlando Magic",2016,"0021500552","20160109",3.7,22.65,FALSE
203095,"Evan Fournier","1610612753","Orlando Magic",2016,"0021500552","20160109",1.6,26.05,FALSE
203095,"Evan Fournier","1610612753","Orlando Magic",2016,"0021500552","20160109",-9.2,19.65,FALSE
203095,"Evan Fournier","1610612753","Orlando Magic",2016,"0021500552","20160109",1.1,15.75,TRUE
203095,"Evan Fournier","1610612753","Orlando Magic",2016,"0021500552","20160109",-0.1,6.35,TRUE
203095,"Evan Fournier","1610612753","Orlando Magic",2016,"0021500552","20160109",-2.8,23.55,FALSE
203095,"Evan Fournier","1610612753","Orlando Magic",2016,"0021500552","20160109",19.7,22.15,FALSE
203095,"Evan Fournier","1610612753","Orlando Magic",2016,"0021500552","20160109",1.1,6.35,TRUE
203095,"Evan Fournier","1610612753","Orlando Magic",2016,"0021500552","20160109",1.2,6.35,TRUE
203095,"Evan Fournier","1610612753","Orlando Magic",2016,"0021500588","20160114",2,5.95,TRUE
203095,"Evan Fournier","1610612753","Orlando Magic",2016,"0021500588","20160114",-12.3,26.05,TRUE
203095,"Evan Fournier","1610612753","Orlando Magic",2016,"0021500588","20160114",-2.4,7.35,TRUE
203095,"Evan Fournier","1610612753","Orlando Magic",2016,"0021500588","20160114",-1.4,7.85,FALSE
203095,"Evan Fournier","1610612753","Orlando Magic",2016,"0021500588","20160114",0.1,13.75,TRUE
203095,"Evan Fournier","1610612753","Orlando Magic",2016,"0021500588","20160114",9.4,28.45,FALSE
203095,"Evan Fournier","1610612753","Orlando Magic",2016,"0021500588","20160114",-0.4,7.55,TRUE
203095,"Evan Fournier","1610612753","Orlando Magic",2016,"0021500588","20160114",-1.5,5.45,TRUE
203095,"Evan Fournier","1610612753","Orlando Magic",2016,"0021500588","20160114",11.4,29.95,TRUE
203095,"Evan Fournier","1610612753","Orlando Magic",2016,"0021500588","20160114",0,5.35,TRUE
203095,"Evan Fournier","1610612753","Orlando Magic",2016,"0021500588","20160114",23.5,3.65,FALSE
203095,"Evan Fournier","1610612753","Orlando Magic",2016,"0021500620","20160118",-2,5.45,FALSE
203095,"Evan Fournier","1610612753","Orlando Magic",2016,"0021500620","20160118",22.7,7.85,TRUE
203095,"Evan Fournier","1610612753","Orlando Magic",2016,"0021500620","20160118",1.2,4.75,FALSE
203095,"Evan Fournier","1610612753","Orlando Magic",2016,"0021500620","20160118",-7.6,25.75,FALSE
203095,"Evan Fournier","1610612753","Orlando Magic",2016,"0021500620","20160118",22.7,11.75,FALSE
203095,"Evan Fournier","1610612753","Orlando Magic",2016,"0021500620","20160118",-10.1,16.25,FALSE
203095,"Evan Fournier","1610612753","Orlando Magic",2016,"0021500620","20160118",14,7.05,FALSE
203095,"Evan Fournier","1610612753","Orlando Magic",2016,"0021500620","20160118",2.5,11.75,FALSE
203095,"Evan Fournier","1610612753","Orlando Magic",2016,"0021500620","20160118",-20.2,19.15,TRUE
203095,"Evan Fournier","1610612753","Orlando Magic",2016,"0021500620","20160118",14.7,18.15,FALSE
203095,"Evan Fournier","1610612753","Orlando Magic",2016,"0021500620","20160118",22.7,7.55,FALSE
203095,"Evan Fournier","1610612753","Orlando Magic",2016,"0021500629","20160120",-18.2,21.65,FALSE
203095,"Evan Fournier","1610612753","Orlando Magic",2016,"0021500629","20160120",-15.1,23.55,FALSE
203095,"Evan Fournier","1610612753","Orlando Magic",2016,"0021500629","20160120",8.6,21.15,FALSE
203095,"Evan Fournier","1610612753","Orlando Magic",2016,"0021500629","20160120",1.6,10.45,FALSE
203095,"Evan Fournier","1610612753","Orlando Magic",2016,"0021500629","20160120",0.2,7.35,FALSE
203095,"Evan Fournier","1610612753","Orlando Magic",2016,"0021500629","20160120",-23.8,4.65,TRUE
203095,"Evan Fournier","1610612753","Orlando Magic",2016,"0021500629","20160120",-7.9,28.95,FALSE
203095,"Evan Fournier","1610612753","Orlando Magic",2016,"0021500629","20160120",12.4,15.35,FALSE
203095,"Evan Fournier","1610612753","Orlando Magic",2016,"0021500629","20160120",1.7,10.85,FALSE
203095,"Evan Fournier","1610612753","Orlando Magic",2016,"0021500629","20160120",-19.7,21.65,TRUE
203095,"Evan Fournier","1610612753","Orlando Magic",2016,"0021500629","20160120",-10.5,23.25,FALSE
203095,"Evan Fournier","1610612753","Orlando Magic",2016,"0021500629","20160120",-22.3,5.45,FALSE
203095,"Evan Fournier","1610612753","Orlando Magic",2016,"0021500629","20160120",1.7,6.35,TRUE
203095,"Evan Fournier","1610612753","Orlando Magic",2016,"0021500629","20160120",14.8,14.25,FALSE
203095,"Evan Fournier","1610612753","Orlando Magic",2016,"0021500645","20160122",0.6,21.15,TRUE
203095,"Evan Fournier","1610612753","Orlando Magic",2016,"0021500645","20160122",-1.7,5.55,TRUE
203095,"Evan Fournier","1610612753","Orlando Magic",2016,"0021500645","20160122",15.3,4.15,FALSE
203095,"Evan Fournier","1610612753","Orlando Magic",2016,"0021500645","20160122",-0.9,25.75,TRUE
203095,"Evan Fournier","1610612753","Orlando Magic",2016,"0021500645","20160122",12.2,27.15,TRUE
203095,"Evan Fournier","1610612753","Orlando Magic",2016,"0021500645","20160122",0.2,12.25,TRUE
203095,"Evan Fournier","1610612753","Orlando Magic",2016,"0021500645","20160122",-18.9,22.15,FALSE
203095,"Evan Fournier","1610612753","Orlando Magic",2016,"0021500645","20160122",-22.7,13.25,FALSE
203095,"Evan Fournier","1610612753","Orlando Magic",2016,"0021500645","20160122",14,21.15,TRUE
203095,"Evan Fournier","1610612753","Orlando Magic",2016,"0021500645","20160122",0,6.05,FALSE
203095,"Evan Fournier","1610612753","Orlando Magic",2016,"0021500645","20160122",0.9,10.45,FALSE
203095,"Evan Fournier","1610612753","Orlando Magic",2016,"0021500645","20160122",0.9,9.55,FALSE
203095,"Evan Fournier","1610612753","Orlando Magic",2016,"0021500645","20160122",8.3,28.95,FALSE
203095,"Evan Fournier","1610612753","Orlando Magic",2016,"0021500645","20160122",-11.4,28.05,FALSE
203095,"Evan Fournier","1610612753","Orlando Magic",2016,"0021500670","20160125",22.3,3.65,TRUE
203095,"Evan Fournier","1610612753","Orlando Magic",2016,"0021500670","20160125",15.3,26.25,TRUE
203095,"Evan Fournier","1610612753","Orlando Magic",2016,"0021500670","20160125",22.3,4.75,FALSE
203095,"Evan Fournier","1610612753","Orlando Magic",2016,"0021500670","20160125",23,4.15,TRUE
203095,"Evan Fournier","1610612753","Orlando Magic",2016,"0021500670","20160125",20.9,18.85,FALSE
203095,"Evan Fournier","1610612753","Orlando Magic",2016,"0021500670","20160125",9.6,30.65,TRUE
203095,"Evan Fournier","1610612753","Orlando Magic",2016,"0021500670","20160125",0.2,7.05,TRUE
203095,"Evan Fournier","1610612753","Orlando Magic",2016,"0021500670","20160125",-7.1,6.85,TRUE
203095,"Evan Fournier","1610612753","Orlando Magic",2016,"0021500670","20160125",-20.2,22.65,FALSE
203095,"Evan Fournier","1610612753","Orlando Magic",2016,"0021500670","20160125",14.5,26.55,FALSE
203095,"Evan Fournier","1610612753","Orlando Magic",2016,"0021500670","20160125",11.5,27.05,FALSE
203095,"Evan Fournier","1610612753","Orlando Magic",2016,"0021500681","20160126",1.1,6.35,TRUE
203095,"Evan Fournier","1610612753","Orlando Magic",2016,"0021500681","20160126",17.4,25.55,FALSE
203095,"Evan Fournier","1610612753","Orlando Magic",2016,"0021500681","20160126",-17.1,24.05,TRUE
203095,"Evan Fournier","1610612753","Orlando Magic",2016,"0021500681","20160126",-17.6,24.05,FALSE
203095,"Evan Fournier","1610612753","Orlando Magic",2016,"0021500681","20160126",14.7,17.65,FALSE
203095,"Evan Fournier","1610612753","Orlando Magic",2016,"0021500681","20160126",-8.1,29.95,TRUE
203095,"Evan Fournier","1610612753","Orlando Magic",2016,"0021500681","20160126",-10.5,29.45,FALSE
203095,"Evan Fournier","1610612753","Orlando Magic",2016,"0021500681","20160126",-23,6.85,TRUE
203095,"Evan Fournier","1610612753","Orlando Magic",2016,"0021500681","20160126",-19.9,20.65,TRUE
203095,"Evan Fournier","1610612753","Orlando Magic",2016,"0021500681","20160126",1.8,5.15,FALSE
203095,"Evan Fournier","1610612753","Orlando Magic",2016,"0021500681","20160126",-7.3,19.65,FALSE
203095,"Evan Fournier","1610612753","Orlando Magic",2016,"0021500698","20160129",-15.3,6.85,FALSE
203095,"Evan Fournier","1610612753","Orlando Magic",2016,"0021500698","20160129",12,21.25,TRUE
203095,"Evan Fournier","1610612753","Orlando Magic",2016,"0021500698","20160129",-18.7,10.45,TRUE
203095,"Evan Fournier","1610612753","Orlando Magic",2016,"0021500698","20160129",-6.8,15.25,FALSE
203095,"Evan Fournier","1610612753","Orlando Magic",2016,"0021500698","20160129",-2.4,5.95,TRUE
203095,"Evan Fournier","1610612753","Orlando Magic",2016,"0021500698","20160129",-5.6,34.05,FALSE
203095,"Evan Fournier","1610612753","Orlando Magic",2016,"0021500698","20160129",16.1,27.55,FALSE
203095,"Evan Fournier","1610612753","Orlando Magic",2016,"0021500716","20160131",19.2,21.75,TRUE
203095,"Evan Fournier","1610612753","Orlando Magic",2016,"0021500716","20160131",-0.6,7.85,TRUE
203095,"Evan Fournier","1610612753","Orlando Magic",2016,"0021500716","20160131",13.7,26.55,TRUE
203095,"Evan Fournier","1610612753","Orlando Magic",2016,"0021500716","20160131",4.8,15.75,FALSE
203095,"Evan Fournier","1610612753","Orlando Magic",2016,"0021500716","20160131",-2.5,7.35,TRUE
203095,"Evan Fournier","1610612753","Orlando Magic",2016,"0021500716","20160131",8.9,29.45,FALSE
203095,"Evan Fournier","1610612753","Orlando Magic",2016,"0021500716","20160131",10.4,28.45,TRUE
203095,"Evan Fournier","1610612753","Orlando Magic",2016,"0021500716","20160131",4.7,30.15,TRUE
203095,"Evan Fournier","1610612753","Orlando Magic",2016,"0021500726","20160201",-9.6,28.65,TRUE
203095,"Evan Fournier","1610612753","Orlando Magic",2016,"0021500726","20160201",-15.8,9.35,FALSE
203095,"Evan Fournier","1610612753","Orlando Magic",2016,"0021500726","20160201",21.7,19.15,FALSE
203095,"Evan Fournier","1610612753","Orlando Magic",2016,"0021500726","20160201",0.6,6.05,TRUE
203095,"Evan Fournier","1610612753","Orlando Magic",2016,"0021500726","20160201",0,9.35,FALSE
203095,"Evan Fournier","1610612753","Orlando Magic",2016,"0021500740","20160203",-1.2,5.55,TRUE
203095,"Evan Fournier","1610612753","Orlando Magic",2016,"0021500740","20160203",15.1,23.75,TRUE
203095,"Evan Fournier","1610612753","Orlando Magic",2016,"0021500740","20160203",16,24.75,FALSE
203095,"Evan Fournier","1610612753","Orlando Magic",2016,"0021500740","20160203",-23.2,5.95,FALSE
203095,"Evan Fournier","1610612753","Orlando Magic",2016,"0021500752","20160205",1.4,6.85,FALSE
203095,"Evan Fournier","1610612753","Orlando Magic",2016,"0021500752","20160205",0,5.35,TRUE
203095,"Evan Fournier","1610612753","Orlando Magic",2016,"0021500752","20160205",18.6,14.75,TRUE
203095,"Evan Fournier","1610612753","Orlando Magic",2016,"0021500752","20160205",-21.2,17.35,FALSE
203095,"Evan Fournier","1610612753","Orlando Magic",2016,"0021500752","20160205",-2,20.15,FALSE
203095,"Evan Fournier","1610612753","Orlando Magic",2016,"0021500752","20160205",0.1,26.05,TRUE
203095,"Evan Fournier","1610612753","Orlando Magic",2016,"0021500752","20160205",1.1,6.85,TRUE
203095,"Evan Fournier","1610612753","Orlando Magic",2016,"0021500752","20160205",-23,4.15,TRUE
203095,"Evan Fournier","1610612753","Orlando Magic",2016,"0021500752","20160205",0.2,7.05,FALSE
203095,"Evan Fournier","1610612753","Orlando Magic",2016,"0021500752","20160205",24.3,6.35,FALSE
203095,"Evan Fournier","1610612753","Orlando Magic",2016,"0021500752","20160205",-0.1,6.35,FALSE
203095,"Evan Fournier","1610612753","Orlando Magic",2016,"0021500752","20160205",-23.6,4.75,TRUE
203095,"Evan Fournier","1610612753","Orlando Magic",2016,"0021500752","20160205",16.1,23.55,FALSE
203095,"Evan Fournier","1610612753","Orlando Magic",2016,"0021500771","20160207",-13,26.65,TRUE
203095,"Evan Fournier","1610612753","Orlando Magic",2016,"0021500771","20160207",0.1,6.35,TRUE
203095,"Evan Fournier","1610612753","Orlando Magic",2016,"0021500771","20160207",-0.1,5.95,TRUE
203095,"Evan Fournier","1610612753","Orlando Magic",2016,"0021500771","20160207",0.9,6.35,FALSE
203095,"Evan Fournier","1610612753","Orlando Magic",2016,"0021500771","20160207",14.8,28.95,FALSE
203095,"Evan Fournier","1610612753","Orlando Magic",2016,"0021500771","20160207",-8.2,7.55,TRUE
203095,"Evan Fournier","1610612753","Orlando Magic",2016,"0021500771","20160207",1.1,5.55,FALSE
203095,"Evan Fournier","1610612753","Orlando Magic",2016,"0021500771","20160207",0.9,6.35,TRUE
203095,"Evan Fournier","1610612753","Orlando Magic",2016,"0021500771","20160207",-1,5.65,FALSE
203095,"Evan Fournier","1610612753","Orlando Magic",2016,"0021500771","20160207",16.1,25.05,TRUE
203095,"Evan Fournier","1610612753","Orlando Magic",2016,"0021500771","20160207",-15,23.55,FALSE
203095,"Evan Fournier","1610612753","Orlando Magic",2016,"0021500771","20160207",-0.4,6.35,FALSE
203095,"Evan Fournier","1610612753","Orlando Magic",2016,"0021500771","20160207",-15.5,25.05,TRUE
203095,"Evan Fournier","1610612753","Orlando Magic",2016,"0021500771","20160207",-22.5,5.25,FALSE
203095,"Evan Fournier","1610612753","Orlando Magic",2016,"0021500780","20160208",23.2,9.85,FALSE
203095,"Evan Fournier","1610612753","Orlando Magic",2016,"0021500780","20160208",0,4.65,FALSE
203095,"Evan Fournier","1610612753","Orlando Magic",2016,"0021500780","20160208",-12.7,26.55,TRUE
203095,"Evan Fournier","1610612753","Orlando Magic",2016,"0021500780","20160208",-15.6,25.05,FALSE
203095,"Evan Fournier","1610612753","Orlando Magic",2016,"0021500780","20160208",-0.1,5.55,TRUE
203095,"Evan Fournier","1610612753","Orlando Magic",2016,"0021500780","20160208",-17.6,23.25,TRUE
203095,"Evan Fournier","1610612753","Orlando Magic",2016,"0021500780","20160208",-1.5,5.25,TRUE
203095,"Evan Fournier","1610612753","Orlando Magic",2016,"0021500780","20160208",-12.2,27.05,FALSE
203095,"Evan Fournier","1610612753","Orlando Magic",2016,"0021500780","20160208",-1.4,5.45,TRUE
203095,"Evan Fournier","1610612753","Orlando Magic",2016,"0021500780","20160208",2.5,29.45,FALSE
203095,"Evan Fournier","1610612753","Orlando Magic",2016,"0021500780","20160208",-19.7,18.85,TRUE
203095,"Evan Fournier","1610612753","Orlando Magic",2016,"0021500790","20160210",-23.6,11.95,FALSE
203095,"Evan Fournier","1610612753","Orlando Magic",2016,"0021500790","20160210",-0.4,7.55,TRUE
203095,"Evan Fournier","1610612753","Orlando Magic",2016,"0021500790","20160210",8.6,21.25,FALSE
203095,"Evan Fournier","1610612753","Orlando Magic",2016,"0021500790","20160210",-1.9,6.85,TRUE
203095,"Evan Fournier","1610612753","Orlando Magic",2016,"0021500790","20160210",-9.4,11.95,FALSE
203095,"Evan Fournier","1610612753","Orlando Magic",2016,"0021500790","20160210",20.2,21.65,FALSE
203095,"Evan Fournier","1610612753","Orlando Magic",2016,"0021500790","20160210",-0.1,7.05,TRUE
203095,"Evan Fournier","1610612753","Orlando Magic",2016,"0021500790","20160210",20.2,8.35,TRUE
203095,"Evan Fournier","1610612753","Orlando Magic",2016,"0021500790","20160210",-4.3,29.95,TRUE
203095,"Evan Fournier","1610612753","Orlando Magic",2016,"0021500790","20160210",10.7,27.55,TRUE
203095,"Evan Fournier","1610612753","Orlando Magic",2016,"0021500790","20160210",1.4,6.35,TRUE
203095,"Evan Fournier","1610612753","Orlando Magic",2016,"0021500790","20160210",1.9,17.65,TRUE
203095,"Evan Fournier","1610612753","Orlando Magic",2016,"0021500790","20160210",9.6,21.25,FALSE
203095,"Evan Fournier","1610612753","Orlando Magic",2016,"0021500790","20160210",19.2,11.35,FALSE
203095,"Evan Fournier","1610612753","Orlando Magic",2016,"0021500790","20160210",-0.9,7.55,TRUE
203095,"Evan Fournier","1610612753","Orlando Magic",2016,"0021500790","20160210",-0.1,7.35,FALSE
203095,"Evan Fournier","1610612753","Orlando Magic",2016,"0021500790","20160210",-13.8,23.05,FALSE
203095,"Evan Fournier","1610612753","Orlando Magic",2016,"0021500790","20160210",-4,9.85,FALSE
203095,"Evan Fournier","1610612753","Orlando Magic",2016,"0021500790","20160210",-2,6.85,FALSE
203095,"Evan Fournier","1610612753","Orlando Magic",2016,"0021500790","20160210",23.2,9.85,TRUE
203095,"Evan Fournier","1610612753","Orlando Magic",2016,"0021500805","20160219",-2.8,12.25,FALSE
203095,"Evan Fournier","1610612753","Orlando Magic",2016,"0021500805","20160219",-0.1,7.55,FALSE
203095,"Evan Fournier","1610612753","Orlando Magic",2016,"0021500805","20160219",0.9,6.85,TRUE
203095,"Evan Fournier","1610612753","Orlando Magic",2016,"0021500805","20160219",14,52.95,FALSE
203095,"Evan Fournier","1610612753","Orlando Magic",2016,"0021500805","20160219",-15.1,9.85,TRUE
203095,"Evan Fournier","1610612753","Orlando Magic",2016,"0021500805","20160219",13.7,27.65,FALSE
203095,"Evan Fournier","1610612753","Orlando Magic",2016,"0021500805","20160219",-1.2,8.35,FALSE
203095,"Evan Fournier","1610612753","Orlando Magic",2016,"0021500805","20160219",-12.7,28.05,FALSE
203095,"Evan Fournier","1610612753","Orlando Magic",2016,"0021500805","20160219",-2,6.55,TRUE
203095,"Evan Fournier","1610612753","Orlando Magic",2016,"0021500805","20160219",-18.6,23.05,FALSE
203095,"Evan Fournier","1610612753","Orlando Magic",2016,"0021500805","20160219",-23.6,11.35,TRUE
203095,"Evan Fournier","1610612753","Orlando Magic",2016,"0021500828","20160221",-12.7,29.65,TRUE
203095,"Evan Fournier","1610612753","Orlando Magic",2016,"0021500828","20160221",0.1,7.85,FALSE
203095,"Evan Fournier","1610612753","Orlando Magic",2016,"0021500828","20160221",-16.6,5.25,FALSE
203095,"Evan Fournier","1610612753","Orlando Magic",2016,"0021500828","20160221",0.2,5.55,TRUE
203095,"Evan Fournier","1610612753","Orlando Magic",2016,"0021500828","20160221",1.4,9.95,TRUE
203095,"Evan Fournier","1610612753","Orlando Magic",2016,"0021500828","20160221",19.2,23.05,TRUE
203095,"Evan Fournier","1610612753","Orlando Magic",2016,"0021500828","20160221",-1.5,7.65,FALSE
203095,"Evan Fournier","1610612753","Orlando Magic",2016,"0021500828","20160221",1.2,5.95,TRUE
203095,"Evan Fournier","1610612753","Orlando Magic",2016,"0021500828","20160221",-1.5,6.35,TRUE
203095,"Evan Fournier","1610612753","Orlando Magic",2016,"0021500828","20160221",14.5,26.05,TRUE
203095,"Evan Fournier","1610612753","Orlando Magic",2016,"0021500828","20160221",-0.2,5.95,TRUE
203095,"Evan Fournier","1610612753","Orlando Magic",2016,"0021500828","20160221",-14.3,27.15,FALSE
203095,"Evan Fournier","1610612753","Orlando Magic",2016,"0021500828","20160221",-23.6,4.25,FALSE
203095,"Evan Fournier","1610612753","Orlando Magic",2016,"0021500828","20160221",-12.2,64.35,FALSE
203095,"Evan Fournier","1610612753","Orlando Magic",2016,"0021500840","20160223",20.5,13.75,FALSE
203095,"Evan Fournier","1610612753","Orlando Magic",2016,"0021500840","20160223",-0.1,4.25,TRUE
203095,"Evan Fournier","1610612753","Orlando Magic",2016,"0021500840","20160223",-1.5,5.15,TRUE
203095,"Evan Fournier","1610612753","Orlando Magic",2016,"0021500840","20160223",11.4,13.75,TRUE
203095,"Evan Fournier","1610612753","Orlando Magic",2016,"0021500840","20160223",20.4,21.25,FALSE
203095,"Evan Fournier","1610612753","Orlando Magic",2016,"0021500840","20160223",0.4,10.35,TRUE
203095,"Evan Fournier","1610612753","Orlando Magic",2016,"0021500840","20160223",17.1,23.05,TRUE
203095,"Evan Fournier","1610612753","Orlando Magic",2016,"0021500840","20160223",20.4,8.85,FALSE
203095,"Evan Fournier","1610612753","Orlando Magic",2016,"0021500840","20160223",-6.1,29.45,TRUE
203095,"Evan Fournier","1610612753","Orlando Magic",2016,"0021500840","20160223",-2,30.65,TRUE
203095,"Evan Fournier","1610612753","Orlando Magic",2016,"0021500840","20160223",0,30.15,FALSE
203095,"Evan Fournier","1610612753","Orlando Magic",2016,"0021500840","20160223",12.4,18.65,TRUE
203095,"Evan Fournier","1610612753","Orlando Magic",2016,"0021500840","20160223",15.1,15.75,FALSE
203095,"Evan Fournier","1610612753","Orlando Magic",2016,"0021500855","20160225",10.2,27.55,FALSE
203095,"Evan Fournier","1610612753","Orlando Magic",2016,"0021500855","20160225",1.6,4.25,FALSE
203095,"Evan Fournier","1610612753","Orlando Magic",2016,"0021500855","20160225",-0.2,6.85,TRUE
203095,"Evan Fournier","1610612753","Orlando Magic",2016,"0021500855","20160225",-7.9,12.45,FALSE
203095,"Evan Fournier","1610612753","Orlando Magic",2016,"0021500855","20160225",-23.2,12.25,TRUE
203095,"Evan Fournier","1610612753","Orlando Magic",2016,"0021500855","20160225",7,8.55,TRUE
203095,"Evan Fournier","1610612753","Orlando Magic",2016,"0021500855","20160225",8.4,25.05,FALSE
203095,"Evan Fournier","1610612753","Orlando Magic",2016,"0021500855","20160225",0.7,5.45,TRUE
203095,"Evan Fournier","1610612753","Orlando Magic",2016,"0021500855","20160225",-22.8,9.35,TRUE
203095,"Evan Fournier","1610612753","Orlando Magic",2016,"0021500855","20160225",15.6,22.65,FALSE
203095,"Evan Fournier","1610612753","Orlando Magic",2016,"0021500855","20160225",-8.2,28.95,TRUE
203095,"Evan Fournier","1610612753","Orlando Magic",2016,"0021500855","20160225",22.7,7.55,FALSE
203095,"Evan Fournier","1610612753","Orlando Magic",2016,"0021500863","20160226",0.7,5.55,FALSE
203095,"Evan Fournier","1610612753","Orlando Magic",2016,"0021500863","20160226",-17.7,24.55,FALSE
203095,"Evan Fournier","1610612753","Orlando Magic",2016,"0021500863","20160226",-20.5,19.65,FALSE
203095,"Evan Fournier","1610612753","Orlando Magic",2016,"0021500863","20160226",-16.8,6.35,FALSE
203095,"Evan Fournier","1610612753","Orlando Magic",2016,"0021500863","20160226",3.8,9.95,FALSE
203095,"Evan Fournier","1610612753","Orlando Magic",2016,"0021500863","20160226",-6.9,13.25,FALSE
203095,"Evan Fournier","1610612753","Orlando Magic",2016,"0021500863","20160226",7.1,29.65,TRUE
203095,"Evan Fournier","1610612753","Orlando Magic",2016,"0021500863","20160226",8.4,29.15,TRUE
203095,"Evan Fournier","1610612753","Orlando Magic",2016,"0021500863","20160226",-13,27.55,FALSE
203095,"Evan Fournier","1610612753","Orlando Magic",2016,"0021500863","20160226",-0.6,6.55,TRUE
203095,"Evan Fournier","1610612753","Orlando Magic",2016,"0021500913","20160304",-16.9,24.75,TRUE
203095,"Evan Fournier","1610612753","Orlando Magic",2016,"0021500913","20160304",-0.1,6.85,FALSE
203095,"Evan Fournier","1610612753","Orlando Magic",2016,"0021500913","20160304",20.1,20.15,FALSE
203095,"Evan Fournier","1610612753","Orlando Magic",2016,"0021500913","20160304",-22.5,5.15,FALSE
203095,"Evan Fournier","1610612753","Orlando Magic",2016,"0021500913","20160304",-0.1,6.35,TRUE
203095,"Evan Fournier","1610612753","Orlando Magic",2016,"0021500913","20160304",-0.9,37.05,FALSE
203095,"Evan Fournier","1610612753","Orlando Magic",2016,"0021500913","20160304",-13.3,25.55,TRUE
203095,"Evan Fournier","1610612753","Orlando Magic",2016,"0021500913","20160304",-0.9,6.55,FALSE
203095,"Evan Fournier","1610612753","Orlando Magic",2016,"0021500913","20160304",-1.6,7.15,TRUE
203095,"Evan Fournier","1610612753","Orlando Magic",2016,"0021500943","20160307",1.4,6.55,FALSE
203095,"Evan Fournier","1610612753","Orlando Magic",2016,"0021500943","20160307",4.7,23.05,FALSE
203095,"Evan Fournier","1610612753","Orlando Magic",2016,"0021500943","20160307",6.1,11.45,TRUE
203095,"Evan Fournier","1610612753","Orlando Magic",2016,"0021500943","20160307",-15.1,19.65,TRUE
203095,"Evan Fournier","1610612753","Orlando Magic",2016,"0021500943","20160307",1.2,10.95,FALSE
203095,"Evan Fournier","1610612753","Orlando Magic",2016,"0021500943","20160307",-3.8,30.95,FALSE
203095,"Evan Fournier","1610612753","Orlando Magic",2016,"0021500943","20160307",22.7,9.95,FALSE
203095,"Evan Fournier","1610612753","Orlando Magic",2016,"0021500943","20160307",-15.6,25.75,TRUE
203095,"Evan Fournier","1610612753","Orlando Magic",2016,"0021500943","20160307",-0.1,7.05,TRUE
203095,"Evan Fournier","1610612753","Orlando Magic",2016,"0021500943","20160307",13.2,29.45,TRUE
203095,"Evan Fournier","1610612753","Orlando Magic",2016,"0021500943","20160307",0.2,9.35,FALSE
203095,"Evan Fournier","1610612753","Orlando Magic",2016,"0021500943","20160307",0.1,6.85,TRUE
203095,"Evan Fournier","1610612753","Orlando Magic",2016,"0021500943","20160307",14.3,27.55,FALSE
203095,"Evan Fournier","1610612753","Orlando Magic",2016,"0021500949","20160308",-1.7,6.35,TRUE
203095,"Evan Fournier","1610612753","Orlando Magic",2016,"0021500949","20160308",-19.2,4.15,TRUE
203095,"Evan Fournier","1610612753","Orlando Magic",2016,"0021500949","20160308",-0.2,6.55,TRUE
203095,"Evan Fournier","1610612753","Orlando Magic",2016,"0021500949","20160308",-12.7,27.55,FALSE
203095,"Evan Fournier","1610612753","Orlando Magic",2016,"0021500949","20160308",-24.8,4.15,TRUE
203095,"Evan Fournier","1610612753","Orlando Magic",2016,"0021500949","20160308",24.1,3.15,FALSE
203095,"Evan Fournier","1610612753","Orlando Magic",2016,"0021500949","20160308",-1.5,9.35,TRUE
203095,"Evan Fournier","1610612753","Orlando Magic",2016,"0021500949","20160308",-0.6,6.35,TRUE
203095,"Evan Fournier","1610612753","Orlando Magic",2016,"0021500949","20160308",5.2,11.45,TRUE
203095,"Evan Fournier","1610612753","Orlando Magic",2016,"0021500949","20160308",-3,9.85,TRUE
203095,"Evan Fournier","1610612753","Orlando Magic",2016,"0021500949","20160308",11.7,29.65,FALSE
203095,"Evan Fournier","1610612753","Orlando Magic",2016,"0021500970","20160311",11.4,28.45,TRUE
203095,"Evan Fournier","1610612753","Orlando Magic",2016,"0021500970","20160311",-3.8,5.15,FALSE
203095,"Evan Fournier","1610612753","Orlando Magic",2016,"0021500970","20160311",4.7,5.75,FALSE
203095,"Evan Fournier","1610612753","Orlando Magic",2016,"0021500970","20160311",10.6,21.75,FALSE
203095,"Evan Fournier","1610612753","Orlando Magic",2016,"0021500970","20160311",0.7,7.85,TRUE
203095,"Evan Fournier","1610612753","Orlando Magic",2016,"0021500970","20160311",3.7,10.45,TRUE
203095,"Evan Fournier","1610612753","Orlando Magic",2016,"0021500970","20160311",-1.4,6.35,TRUE
203095,"Evan Fournier","1610612753","Orlando Magic",2016,"0021500970","20160311",13.7,28.15,FALSE
203095,"Evan Fournier","1610612753","Orlando Magic",2016,"0021500970","20160311",2.9,6.35,FALSE
203095,"Evan Fournier","1610612753","Orlando Magic",2016,"0021500970","20160311",0,22.15,TRUE
203095,"Evan Fournier","1610612753","Orlando Magic",2016,"0021500970","20160311",-6.9,29.65,TRUE
203095,"Evan Fournier","1610612753","Orlando Magic",2016,"0021500970","20160311",-4,6.35,FALSE
203095,"Evan Fournier","1610612753","Orlando Magic",2016,"0021500970","20160311",0.9,32.45,FALSE
203095,"Evan Fournier","1610612753","Orlando Magic",2016,"0021500970","20160311",-4.3,6.85,FALSE
203095,"Evan Fournier","1610612753","Orlando Magic",2016,"0021500970","20160311",-1.4,11.95,FALSE
203095,"Evan Fournier","1610612753","Orlando Magic",2016,"0021500982","20160312",-0.6,20.85,TRUE
203095,"Evan Fournier","1610612753","Orlando Magic",2016,"0021500982","20160312",-4.3,6.05,TRUE
203095,"Evan Fournier","1610612753","Orlando Magic",2016,"0021500982","20160312",-18.9,22.15,FALSE
203095,"Evan Fournier","1610612753","Orlando Magic",2016,"0021500982","20160312",-1.2,5.25,TRUE
203095,"Evan Fournier","1610612753","Orlando Magic",2016,"0021500982","20160312",-1.9,5.95,TRUE
203095,"Evan Fournier","1610612753","Orlando Magic",2016,"0021500982","20160312",10.9,26.55,TRUE
203095,"Evan Fournier","1610612753","Orlando Magic",2016,"0021500982","20160312",-8.9,8.05,FALSE
203095,"Evan Fournier","1610612753","Orlando Magic",2016,"0021500982","20160312",-1.7,18.15,FALSE
203095,"Evan Fournier","1610612753","Orlando Magic",2016,"0021500982","20160312",16.5,24.05,FALSE
203095,"Evan Fournier","1610612753","Orlando Magic",2016,"0021500982","20160312",7.8,11.75,TRUE
203095,"Evan Fournier","1610612753","Orlando Magic",2016,"0021500982","20160312",-13.3,22.15,FALSE
203095,"Evan Fournier","1610612753","Orlando Magic",2016,"0021500982","20160312",-6.6,28.45,FALSE
203095,"Evan Fournier","1610612753","Orlando Magic",2016,"0021500998","20160315",5.3,10.35,TRUE
203095,"Evan Fournier","1610612753","Orlando Magic",2016,"0021500998","20160315",7,29.15,FALSE
203095,"Evan Fournier","1610612753","Orlando Magic",2016,"0021500998","20160315",13.8,25.55,TRUE
203095,"Evan Fournier","1610612753","Orlando Magic",2016,"0021500998","20160315",1.6,6.85,TRUE
203095,"Evan Fournier","1610612753","Orlando Magic",2016,"0021500998","20160315",1.7,30.15,TRUE
203095,"Evan Fournier","1610612753","Orlando Magic",2016,"0021500998","20160315",0.4,12.45,FALSE
203095,"Evan Fournier","1610612753","Orlando Magic",2016,"0021500998","20160315",22.7,8.85,TRUE
203095,"Evan Fournier","1610612753","Orlando Magic",2016,"0021500998","20160315",-7.4,25.55,TRUE
203095,"Evan Fournier","1610612753","Orlando Magic",2016,"0021500998","20160315",-12,29.15,TRUE
203095,"Evan Fournier","1610612753","Orlando Magic",2016,"0021500998","20160315",-1.2,7.35,TRUE
203095,"Evan Fournier","1610612753","Orlando Magic",2016,"0021500998","20160315",22.8,10.85,TRUE
203095,"Evan Fournier","1610612753","Orlando Magic",2016,"0021500998","20160315",17.3,27.55,FALSE
203095,"Evan Fournier","1610612753","Orlando Magic",2016,"0021500998","20160315",-0.4,6.55,TRUE
203095,"Evan Fournier","1610612753","Orlando Magic",2016,"0021500998","20160315",-21.8,17.25,FALSE
203095,"Evan Fournier","1610612753","Orlando Magic",2016,"0021500998","20160315",-0.9,6.85,TRUE
203095,"Evan Fournier","1610612753","Orlando Magic",2016,"0021500998","20160315",22.3,17.65,FALSE
203095,"Evan Fournier","1610612753","Orlando Magic",2016,"0021500998","20160315",-0.9,7.35,FALSE
203095,"Evan Fournier","1610612753","Orlando Magic",2016,"0021500998","20160315",-0.9,7.05,FALSE
203095,"Evan Fournier","1610612753","Orlando Magic",2016,"0021500998","20160315",-0.5,8.15,FALSE
203095,"Evan Fournier","1610612753","Orlando Magic",2016,"0021501004","20160316",0.4,6.55,TRUE
203095,"Evan Fournier","1610612753","Orlando Magic",2016,"0021501004","20160316",6.5,28.95,FALSE
203095,"Evan Fournier","1610612753","Orlando Magic",2016,"0021501004","20160316",-0.9,30.45,FALSE
203095,"Evan Fournier","1610612753","Orlando Magic",2016,"0021501004","20160316",9.1,28.95,FALSE
203095,"Evan Fournier","1610612753","Orlando Magic",2016,"0021501004","20160316",2.4,24.75,FALSE
203095,"Evan Fournier","1610612753","Orlando Magic",2016,"0021501004","20160316",1.1,6.85,FALSE
203095,"Evan Fournier","1610612753","Orlando Magic",2016,"0021501004","20160316",-3.7,15.25,TRUE
203095,"Evan Fournier","1610612753","Orlando Magic",2016,"0021501004","20160316",23.2,6.35,FALSE
203095,"Evan Fournier","1610612753","Orlando Magic",2016,"0021501004","20160316",0.4,6.55,TRUE
203095,"Evan Fournier","1610612753","Orlando Magic",2016,"0021501004","20160316",1.4,6.35,TRUE
203095,"Evan Fournier","1610612753","Orlando Magic",2016,"0021501004","20160316",23.2,6.05,FALSE
203095,"Evan Fournier","1610612753","Orlando Magic",2016,"0021501020","20160318",-0.4,5.45,FALSE
203095,"Evan Fournier","1610612753","Orlando Magic",2016,"0021501020","20160318",0.1,5.65,TRUE
203095,"Evan Fournier","1610612753","Orlando Magic",2016,"0021501020","20160318",-0.9,6.35,FALSE
203095,"Evan Fournier","1610612753","Orlando Magic",2016,"0021501020","20160318",0,5.35,FALSE
203095,"Evan Fournier","1610612753","Orlando Magic",2016,"0021501020","20160318",0.9,6.55,FALSE
203095,"Evan Fournier","1610612753","Orlando Magic",2016,"0021501020","20160318",-0.4,5.45,FALSE
203095,"Evan Fournier","1610612753","Orlando Magic",2016,"0021501020","20160318",-20,23.05,TRUE
203095,"Evan Fournier","1610612753","Orlando Magic",2016,"0021501020","20160318",-23.5,4.15,TRUE
203095,"Evan Fournier","1610612753","Orlando Magic",2016,"0021501020","20160318",-0.2,8.35,FALSE
203095,"Evan Fournier","1610612753","Orlando Magic",2016,"0021501020","20160318",-0.9,6.35,TRUE
203095,"Evan Fournier","1610612753","Orlando Magic",2016,"0021501020","20160318",-8.4,25.55,FALSE
203095,"Evan Fournier","1610612753","Orlando Magic",2016,"0021501020","20160318",7.1,28.95,FALSE
203095,"Evan Fournier","1610612753","Orlando Magic",2016,"0021501020","20160318",1.6,7.05,FALSE
203095,"Evan Fournier","1610612753","Orlando Magic",2016,"0021501020","20160318",-0.4,5.95,TRUE
203095,"Evan Fournier","1610612753","Orlando Magic",2016,"0021501020","20160318",-0.9,5.15,TRUE
203095,"Evan Fournier","1610612753","Orlando Magic",2016,"0021501038","20160320",-0.9,12.75,TRUE
203095,"Evan Fournier","1610612753","Orlando Magic",2016,"0021501038","20160320",-19.9,25.25,TRUE
203095,"Evan Fournier","1610612753","Orlando Magic",2016,"0021501038","20160320",-4.6,6.35,FALSE
203095,"Evan Fournier","1610612753","Orlando Magic",2016,"0021501038","20160320",3.4,6.95,TRUE
203095,"Evan Fournier","1610612753","Orlando Magic",2016,"0021501038","20160320",1.1,6.85,FALSE
203095,"Evan Fournier","1610612753","Orlando Magic",2016,"0021501038","20160320",-23.5,4.25,TRUE
203095,"Evan Fournier","1610612753","Orlando Magic",2016,"0021501038","20160320",2.9,7.05,FALSE
203095,"Evan Fournier","1610612753","Orlando Magic",2016,"0021501038","20160320",1.2,6.35,TRUE
203095,"Evan Fournier","1610612753","Orlando Magic",2016,"0021501038","20160320",20.4,18.65,TRUE
203095,"Evan Fournier","1610612753","Orlando Magic",2016,"0021501038","20160320",-1.7,5.95,FALSE
203095,"Evan Fournier","1610612753","Orlando Magic",2016,"0021501046","20160321",1.7,5.55,FALSE
203095,"Evan Fournier","1610612753","Orlando Magic",2016,"0021501046","20160321",-20.2,19.65,FALSE
203095,"Evan Fournier","1610612753","Orlando Magic",2016,"0021501046","20160321",4.5,6.05,FALSE
203095,"Evan Fournier","1610612753","Orlando Magic",2016,"0021501046","20160321",-1.5,6.35,TRUE
203095,"Evan Fournier","1610612753","Orlando Magic",2016,"0021501046","20160321",7,28.95,FALSE
203095,"Evan Fournier","1610612753","Orlando Magic",2016,"0021501046","20160321",-20.2,19.65,FALSE
203095,"Evan Fournier","1610612753","Orlando Magic",2016,"0021501046","20160321",-1.7,5.45,TRUE
203095,"Evan Fournier","1610612753","Orlando Magic",2016,"0021501046","20160321",0.1,8.85,FALSE
203095,"Evan Fournier","1610612753","Orlando Magic",2016,"0021501046","20160321",-11.5,27.55,FALSE
203095,"Evan Fournier","1610612753","Orlando Magic",2016,"0021501046","20160321",22,16.25,TRUE
203095,"Evan Fournier","1610612753","Orlando Magic",2016,"0021501046","20160321",6.6,8.55,TRUE
203095,"Evan Fournier","1610612753","Orlando Magic",2016,"0021501046","20160321",2.5,9.95,FALSE
203095,"Evan Fournier","1610612753","Orlando Magic",2016,"0021501046","20160321",-3.8,6.05,TRUE
203095,"Evan Fournier","1610612753","Orlando Magic",2016,"0021501046","20160321",1.4,5.95,FALSE
203095,"Evan Fournier","1610612753","Orlando Magic",2016,"0021501046","20160321",-24.1,9.95,FALSE
203095,"Evan Fournier","1610612753","Orlando Magic",2016,"0021501058","20160323",0.4,5.45,FALSE
203095,"Evan Fournier","1610612753","Orlando Magic",2016,"0021501058","20160323",-0.2,5.45,TRUE
203095,"Evan Fournier","1610612753","Orlando Magic",2016,"0021501058","20160323",18.6,23.75,FALSE
203095,"Evan Fournier","1610612753","Orlando Magic",2016,"0021501058","20160323",-0.1,5.15,TRUE
203095,"Evan Fournier","1610612753","Orlando Magic",2016,"0021501058","20160323",24,8.05,FALSE
203095,"Evan Fournier","1610612753","Orlando Magic",2016,"0021501058","20160323",0.2,5.95,FALSE
203095,"Evan Fournier","1610612753","Orlando Magic",2016,"0021501058","20160323",23.7,5.45,TRUE
203095,"Evan Fournier","1610612753","Orlando Magic",2016,"0021501058","20160323",0.4,4.75,TRUE
203095,"Evan Fournier","1610612753","Orlando Magic",2016,"0021501058","20160323",-1.2,5.55,TRUE
203095,"Evan Fournier","1610612753","Orlando Magic",2016,"0021501058","20160323",-8.6,13.25,FALSE
203095,"Evan Fournier","1610612753","Orlando Magic",2016,"0021501075","20160325",-4.6,8.35,FALSE
203095,"Evan Fournier","1610612753","Orlando Magic",2016,"0021501075","20160325",1.1,17.35,TRUE
203095,"Evan Fournier","1610612753","Orlando Magic",2016,"0021501075","20160325",0.4,15.75,TRUE
203095,"Evan Fournier","1610612753","Orlando Magic",2016,"0021501075","20160325",1.2,5.55,FALSE
203095,"Evan Fournier","1610612753","Orlando Magic",2016,"0021501075","20160325",0,10.35,FALSE
203095,"Evan Fournier","1610612753","Orlando Magic",2016,"0021501075","20160325",1.4,6.35,FALSE
203095,"Evan Fournier","1610612753","Orlando Magic",2016,"0021501075","20160325",2,6.35,FALSE
203095,"Evan Fournier","1610612753","Orlando Magic",2016,"0021501075","20160325",-1.4,23.25,TRUE
203095,"Evan Fournier","1610612753","Orlando Magic",2016,"0021501075","20160325",-1.2,5.95,TRUE
203095,"Evan Fournier","1610612753","Orlando Magic",2016,"0021501075","20160325",-10.9,27.05,FALSE
203095,"Evan Fournier","1610612753","Orlando Magic",2016,"0021501075","20160325",2,7.05,FALSE
203095,"Evan Fournier","1610612753","Orlando Magic",2016,"0021501075","20160325",-8.6,9.35,FALSE
203095,"Evan Fournier","1610612753","Orlando Magic",2016,"0021501075","20160325",2,6.85,TRUE
203095,"Evan Fournier","1610612753","Orlando Magic",2016,"0021501075","20160325",18.3,23.05,FALSE
203095,"Evan Fournier","1610612753","Orlando Magic",2016,"0021501075","20160325",7.9,25.55,FALSE
203095,"Evan Fournier","1610612753","Orlando Magic",2016,"0021501075","20160325",24.1,7.55,TRUE
203095,"Evan Fournier","1610612753","Orlando Magic",2016,"0021501075","20160325",8.4,19.35,FALSE
203095,"Evan Fournier","1610612753","Orlando Magic",2016,"0021501083","20160326",-2.2,9.55,TRUE
203095,"Evan Fournier","1610612753","Orlando Magic",2016,"0021501083","20160326",-1.4,9.55,FALSE
203095,"Evan Fournier","1610612753","Orlando Magic",2016,"0021501083","20160326",-13,26.65,FALSE
203095,"Evan Fournier","1610612753","Orlando Magic",2016,"0021501083","20160326",0.4,6.85,TRUE
203095,"Evan Fournier","1610612753","Orlando Magic",2016,"0021501083","20160326",-0.1,5.95,TRUE
203095,"Evan Fournier","1610612753","Orlando Magic",2016,"0021501083","20160326",-0.2,6.85,TRUE
203095,"Evan Fournier","1610612753","Orlando Magic",2016,"0021501083","20160326",0.6,6.05,FALSE
203095,"Evan Fournier","1610612753","Orlando Magic",2016,"0021501083","20160326",18.1,23.55,FALSE
203095,"Evan Fournier","1610612753","Orlando Magic",2016,"0021501083","20160326",-0.6,7.15,TRUE
203095,"Evan Fournier","1610612753","Orlando Magic",2016,"0021501108","20160329",-1.9,6.85,TRUE
203095,"Evan Fournier","1610612753","Orlando Magic",2016,"0021501108","20160329",22.2,16.25,FALSE
203095,"Evan Fournier","1610612753","Orlando Magic",2016,"0021501108","20160329",0.4,7.35,TRUE
203095,"Evan Fournier","1610612753","Orlando Magic",2016,"0021501108","20160329",20.2,21.25,TRUE
203095,"Evan Fournier","1610612753","Orlando Magic",2016,"0021501108","20160329",3.2,8.85,FALSE
203095,"Evan Fournier","1610612753","Orlando Magic",2016,"0021501108","20160329",3.8,14.75,TRUE
203095,"Evan Fournier","1610612753","Orlando Magic",2016,"0021501108","20160329",3.2,30.45,TRUE
203095,"Evan Fournier","1610612753","Orlando Magic",2016,"0021501108","20160329",-22.7,10.35,TRUE
203095,"Evan Fournier","1610612753","Orlando Magic",2016,"0021501108","20160329",0.6,8.05,FALSE
203095,"Evan Fournier","1610612753","Orlando Magic",2016,"0021501108","20160329",-2.5,7.05,FALSE
203095,"Evan Fournier","1610612753","Orlando Magic",2016,"0021501123","20160331",-1.9,15.25,FALSE
203095,"Evan Fournier","1610612753","Orlando Magic",2016,"0021501123","20160331",0.2,24.55,TRUE
203095,"Evan Fournier","1610612753","Orlando Magic",2016,"0021501123","20160331",-11.2,19.35,TRUE
203095,"Evan Fournier","1610612753","Orlando Magic",2016,"0021501123","20160331",-0.6,5.95,TRUE
203095,"Evan Fournier","1610612753","Orlando Magic",2016,"0021501123","20160331",-0.4,6.35,TRUE
203095,"Evan Fournier","1610612753","Orlando Magic",2016,"0021501123","20160331",-22.2,16.25,FALSE
203095,"Evan Fournier","1610612753","Orlando Magic",2016,"0021501123","20160331",11,30.45,TRUE
203095,"Evan Fournier","1610612753","Orlando Magic",2016,"0021501123","20160331",8.9,7.35,FALSE
203095,"Evan Fournier","1610612753","Orlando Magic",2016,"0021501123","20160331",22.3,17.65,TRUE
203095,"Evan Fournier","1610612753","Orlando Magic",2016,"0021501123","20160331",4.5,30.15,TRUE
203095,"Evan Fournier","1610612753","Orlando Magic",2016,"0021501123","20160331",-0.2,5.95,TRUE
203095,"Evan Fournier","1610612753","Orlando Magic",2016,"0021501123","20160331",17.6,24.55,FALSE
203095,"Evan Fournier","1610612753","Orlando Magic",2016,"0021501123","20160331",-0.9,9.95,TRUE
203095,"Evan Fournier","1610612753","Orlando Magic",2016,"0021501123","20160331",-0.6,6.55,TRUE
203095,"Evan Fournier","1610612753","Orlando Magic",2016,"0021501133","20160401",1.1,5.95,TRUE
203095,"Evan Fournier","1610612753","Orlando Magic",2016,"0021501133","20160401",0,5.35,TRUE
203095,"Evan Fournier","1610612753","Orlando Magic",2016,"0021501133","20160401",-23,17.65,FALSE
203095,"Evan Fournier","1610612753","Orlando Magic",2016,"0021501133","20160401",-19.7,21.15,FALSE
203095,"Evan Fournier","1610612753","Orlando Magic",2016,"0021501133","20160401",-23.8,9.95,FALSE
203095,"Evan Fournier","1610612753","Orlando Magic",2016,"0021501133","20160401",-6.8,11.35,FALSE
203095,"Evan Fournier","1610612753","Orlando Magic",2016,"0021501133","20160401",23.7,2.65,TRUE
203095,"Evan Fournier","1610612753","Orlando Magic",2016,"0021501133","20160401",-23.2,4.25,FALSE
203095,"Evan Fournier","1610612753","Orlando Magic",2016,"0021501133","20160401",7.1,9.95,TRUE
203095,"Evan Fournier","1610612753","Orlando Magic",2016,"0021501133","20160401",0.1,5.55,FALSE
203095,"Evan Fournier","1610612753","Orlando Magic",2016,"0021501133","20160401",1.2,5.95,TRUE
203095,"Evan Fournier","1610612753","Orlando Magic",2016,"0021501133","20160401",0,5.35,TRUE
203095,"Evan Fournier","1610612753","Orlando Magic",2016,"0021501133","20160401",24.5,12.45,FALSE
203095,"Evan Fournier","1610612753","Orlando Magic",2016,"0021501133","20160401",-6.9,31.45,FALSE
203095,"Evan Fournier","1610612753","Orlando Magic",2016,"0021501148","20160403",-1.9,6.05,FALSE
203095,"Evan Fournier","1610612753","Orlando Magic",2016,"0021501148","20160403",-1.2,6.35,TRUE
203095,"Evan Fournier","1610612753","Orlando Magic",2016,"0021501148","20160403",-22.7,4.75,FALSE
203095,"Evan Fournier","1610612753","Orlando Magic",2016,"0021501148","20160403",19.4,23.05,FALSE
203095,"Evan Fournier","1610612753","Orlando Magic",2016,"0021501148","20160403",-20.4,8.85,FALSE
203095,"Evan Fournier","1610612753","Orlando Magic",2016,"0021501148","20160403",-10.9,28.05,TRUE
203095,"Evan Fournier","1610612753","Orlando Magic",2016,"0021501148","20160403",-4.8,11.75,TRUE
203095,"Evan Fournier","1610612753","Orlando Magic",2016,"0021501148","20160403",9.1,28.45,TRUE
203095,"Evan Fournier","1610612753","Orlando Magic",2016,"0021501148","20160403",-1,5.15,TRUE
203095,"Evan Fournier","1610612753","Orlando Magic",2016,"0021501148","20160403",-6.8,28.95,FALSE
203095,"Evan Fournier","1610612753","Orlando Magic",2016,"0021501148","20160403",-0.9,5.55,FALSE
203095,"Evan Fournier","1610612753","Orlando Magic",2016,"0021501148","20160403",-7.6,28.95,FALSE
203095,"Evan Fournier","1610612753","Orlando Magic",2016,"0021501148","20160403",3,28.95,FALSE
203095,"Evan Fournier","1610612753","Orlando Magic",2016,"0021501148","20160403",-10.7,28.15,TRUE
203095,"Evan Fournier","1610612753","Orlando Magic",2016,"0021501148","20160403",-2.5,5.45,FALSE
203095,"Evan Fournier","1610612753","Orlando Magic",2016,"0021501166","20160406",21.9,19.15,FALSE
203095,"Evan Fournier","1610612753","Orlando Magic",2016,"0021501166","20160406",-2.2,6.35,TRUE
203095,"Evan Fournier","1610612753","Orlando Magic",2016,"0021501166","20160406",-2,6.05,FALSE
203095,"Evan Fournier","1610612753","Orlando Magic",2016,"0021501166","20160406",8.4,27.55,FALSE
203095,"Evan Fournier","1610612753","Orlando Magic",2016,"0021501166","20160406",-19.9,21.75,FALSE
203095,"Evan Fournier","1610612753","Orlando Magic",2016,"0021501166","20160406",-1.4,7.05,FALSE
203095,"Evan Fournier","1610612753","Orlando Magic",2016,"0021501166","20160406",-22.3,5.15,FALSE
203095,"Evan Fournier","1610612753","Orlando Magic",2016,"0021501166","20160406",7.4,8.55,FALSE
203095,"Evan Fournier","1610612753","Orlando Magic",2016,"0021501166","20160406",0.1,5.95,TRUE
203095,"Evan Fournier","1610612753","Orlando Magic",2016,"0021501166","20160406",0.2,5.25,TRUE
203095,"Evan Fournier","1610612753","Orlando Magic",2016,"0021501166","20160406",-2.2,4.15,TRUE
203095,"Evan Fournier","1610612753","Orlando Magic",2016,"0021501166","20160406",1.6,6.85,TRUE
203095,"Evan Fournier","1610612753","Orlando Magic",2016,"0021501166","20160406",-2.7,4.65,TRUE
203095,"Evan Fournier","1610612753","Orlando Magic",2016,"0021501166","20160406",-13.5,28.45,FALSE
203095,"Evan Fournier","1610612753","Orlando Magic",2016,"0021501166","20160406",0.6,5.25,TRUE
203095,"Evan Fournier","1610612753","Orlando Magic",2016,"0021501179","20160408",-0.9,7.85,TRUE
203095,"Evan Fournier","1610612753","Orlando Magic",2016,"0021501179","20160408",-4.2,12.25,FALSE
203095,"Evan Fournier","1610612753","Orlando Magic",2016,"0021501179","20160408",-2.8,7.85,TRUE
203095,"Evan Fournier","1610612753","Orlando Magic",2016,"0021501179","20160408",8.1,11.75,TRUE
203095,"Evan Fournier","1610612753","Orlando Magic",2016,"0021501179","20160408",-10.5,29.45,TRUE
203095,"Evan Fournier","1610612753","Orlando Magic",2016,"0021501179","20160408",-10.5,24.05,FALSE
203095,"Evan Fournier","1610612753","Orlando Magic",2016,"0021501179","20160408",-1.2,6.85,FALSE
203095,"Evan Fournier","1610612753","Orlando Magic",2016,"0021501179","20160408",-22,15.25,FALSE
203095,"Evan Fournier","1610612753","Orlando Magic",2016,"0021501179","20160408",-6.9,13.75,FALSE
203095,"Evan Fournier","1610612753","Orlando Magic",2016,"0021501179","20160408",-0.1,6.85,TRUE
203095,"Evan Fournier","1610612753","Orlando Magic",2016,"0021501179","20160408",12,19.65,TRUE
203095,"Evan Fournier","1610612753","Orlando Magic",2016,"0021501179","20160408",-11.5,28.95,TRUE
203095,"Evan Fournier","1610612753","Orlando Magic",2016,"0021501200","20160410",0.1,9.85,FALSE
203095,"Evan Fournier","1610612753","Orlando Magic",2016,"0021501200","20160410",5.3,21.25,FALSE
203095,"Evan Fournier","1610612753","Orlando Magic",2016,"0021501200","20160410",-2.4,5.15,FALSE
203095,"Evan Fournier","1610612753","Orlando Magic",2016,"0021501200","20160410",-19.2,3.75,TRUE
203095,"Evan Fournier","1610612753","Orlando Magic",2016,"0021501200","20160410",0.4,5.95,TRUE
203095,"Evan Fournier","1610612753","Orlando Magic",2016,"0021501200","20160410",-2,5.25,TRUE
203095,"Evan Fournier","1610612753","Orlando Magic",2016,"0021501200","20160410",-11,26.55,FALSE
203095,"Evan Fournier","1610612753","Orlando Magic",2016,"0021501200","20160410",0.1,25.25,FALSE
203095,"Evan Fournier","1610612753","Orlando Magic",2016,"0021501200","20160410",1.2,23.55,FALSE
203095,"Evan Fournier","1610612753","Orlando Magic",2016,"0021501200","20160410",0,5.35,TRUE
203095,"Evan Fournier","1610612753","Orlando Magic",2016,"0021501200","20160410",-4.2,29.95,TRUE
203095,"Evan Fournier","1610612753","Orlando Magic",2016,"0021501200","20160410",-4,5.95,TRUE
203095,"Evan Fournier","1610612753","Orlando Magic",2016,"0021501200","20160410",0.4,6.05,TRUE
203095,"Evan Fournier","1610612753","Orlando Magic",2016,"0021501200","20160410",-22.7,6.85,TRUE
203095,"Evan Fournier","1610612753","Orlando Magic",2016,"0021501200","20160410",16.8,24.05,FALSE
203095,"Evan Fournier","1610612753","Orlando Magic",2016,"0021501200","20160410",-3.2,5.45,TRUE
203095,"Evan Fournier","1610612753","Orlando Magic",2016,"0021501204","20160411",-0.2,26.05,FALSE
203095,"Evan Fournier","1610612753","Orlando Magic",2016,"0021501204","20160411",-0.2,6.85,TRUE
203095,"Evan Fournier","1610612753","Orlando Magic",2016,"0021501204","20160411",-0.4,5.45,TRUE
203095,"Evan Fournier","1610612753","Orlando Magic",2016,"0021501204","20160411",0.1,6.55,FALSE
203095,"Evan Fournier","1610612753","Orlando Magic",2016,"0021501204","20160411",20.4,18.85,TRUE
203095,"Evan Fournier","1610612753","Orlando Magic",2016,"0021501204","20160411",0.1,5.45,TRUE
203095,"Evan Fournier","1610612753","Orlando Magic",2016,"0021501204","20160411",21.9,17.65,FALSE
203095,"Evan Fournier","1610612753","Orlando Magic",2016,"0021501204","20160411",0.6,7.35,TRUE
203095,"Evan Fournier","1610612753","Orlando Magic",2016,"0021501204","20160411",8.4,31.15,FALSE
203095,"Evan Fournier","1610612753","Orlando Magic",2016,"0021501204","20160411",20.1,22.25,FALSE
203095,"Evan Fournier","1610612753","Orlando Magic",2016,"0021501204","20160411",-13.8,73.55,FALSE
203095,"Evan Fournier","1610612753","Orlando Magic",2016,"0021501204","20160411",0.7,5.95,FALSE
203095,"Evan Fournier","1610612753","Orlando Magic",2016,"0021501204","20160411",23.8,5.15,FALSE
203095,"Evan Fournier","1610612753","Orlando Magic",2016,"0021501219","20160413",-22.5,8.55,FALSE
203095,"Evan Fournier","1610612753","Orlando Magic",2016,"0021501219","20160413",-22.2,17.35,TRUE
203095,"Evan Fournier","1610612753","Orlando Magic",2016,"0021501219","20160413",22.3,7.05,TRUE
203095,"Evan Fournier","1610612753","Orlando Magic",2016,"0021501219","20160413",3.7,5.95,FALSE
203095,"Evan Fournier","1610612753","Orlando Magic",2016,"0021501219","20160413",0,5.95,TRUE
203095,"Evan Fournier","1610612753","Orlando Magic",2016,"0021501219","20160413",0.9,12.95,FALSE
203095,"Evan Fournier","1610612753","Orlando Magic",2016,"0021501219","20160413",-5.6,22.25,TRUE
203095,"Evan Fournier","1610612753","Orlando Magic",2016,"0021501219","20160413",-9.9,28.05,TRUE
203095,"Evan Fournier","1610612753","Orlando Magic",2016,"0021501219","20160413",-2.8,11.75,TRUE
203095,"Evan Fournier","1610612753","Orlando Magic",2016,"0021501219","20160413",15.8,7.35,FALSE
203095,"Evan Fournier","1610612753","Orlando Magic",2016,"0021501219","20160413",0,5.55,TRUE
203095,"Evan Fournier","1610612753","Orlando Magic",2016,"0021501219","20160413",1.1,6.35,FALSE
203095,"Evan Fournier","1610612753","Orlando Magic",2016,"0021501219","20160413",-4.5,22.15,FALSE
203095,"Evan Fournier","1610612753","Orlando Magic",2016,"0021501219","20160413",13,30.95,TRUE
203095,"Evan Fournier","1610612753","Orlando Magic",2017,"0021600004","20161026",2.2,21.75,FALSE
203095,"Evan Fournier","1610612753","Orlando Magic",2017,"0021600004","20161026",-3.2,6.85,FALSE
203095,"Evan Fournier","1610612753","Orlando Magic",2017,"0021600004","20161026",-6,10.95,FALSE
203095,"Evan Fournier","1610612753","Orlando Magic",2017,"0021600004","20161026",-19.1,23.55,TRUE
203095,"Evan Fournier","1610612753","Orlando Magic",2017,"0021600004","20161026",-5.3,31.15,FALSE
203095,"Evan Fournier","1610612753","Orlando Magic",2017,"0021600004","20161026",-6,8.85,FALSE
203095,"Evan Fournier","1610612753","Orlando Magic",2017,"0021600004","20161026",-14.5,6.55,TRUE
203095,"Evan Fournier","1610612753","Orlando Magic",2017,"0021600004","20161026",-0.4,11.75,FALSE
203095,"Evan Fournier","1610612753","Orlando Magic",2017,"0021600004","20161026",-1.5,7.35,FALSE
203095,"Evan Fournier","1610612753","Orlando Magic",2017,"0021600004","20161026",0.1,7.85,FALSE
203095,"Evan Fournier","1610612753","Orlando Magic",2017,"0021600004","20161026",18.3,26.05,FALSE
203095,"Evan Fournier","1610612753","Orlando Magic",2017,"0021600004","20161026",16.8,24.55,FALSE
203095,"Evan Fournier","1610612753","Orlando Magic",2017,"0021600004","20161026",-5.8,17.35,TRUE
203095,"Evan Fournier","1610612753","Orlando Magic",2017,"0021600004","20161026",4.5,21.75,TRUE
203095,"Evan Fournier","1610612753","Orlando Magic",2017,"0021600004","20161026",-0.9,7.35,FALSE
203095,"Evan Fournier","1610612753","Orlando Magic",2017,"0021600004","20161026",16.5,24.05,TRUE
203095,"Evan Fournier","1610612753","Orlando Magic",2017,"0021600004","20161026",11.5,20.65,TRUE
203095,"Evan Fournier","1610612753","Orlando Magic",2017,"0021600004","20161026",-11.5,28.95,FALSE
203095,"Evan Fournier","1610612753","Orlando Magic",2017,"0021600004","20161026",-13.2,18.65,TRUE
203095,"Evan Fournier","1610612753","Orlando Magic",2017,"0021600020","20161028",15.8,27.05,FALSE
203095,"Evan Fournier","1610612753","Orlando Magic",2017,"0021600020","20161028",2.4,10.85,FALSE
203095,"Evan Fournier","1610612753","Orlando Magic",2017,"0021600020","20161028",0.1,6.05,TRUE
203095,"Evan Fournier","1610612753","Orlando Magic",2017,"0021600020","20161028",-9.4,24.95,FALSE
203095,"Evan Fournier","1610612753","Orlando Magic",2017,"0021600020","20161028",0.7,10.85,FALSE
203095,"Evan Fournier","1610612753","Orlando Magic",2017,"0021600020","20161028",-3.5,6.35,FALSE
203095,"Evan Fournier","1610612753","Orlando Magic",2017,"0021600020","20161028",0.7,6.05,TRUE
203095,"Evan Fournier","1610612753","Orlando Magic",2017,"0021600020","20161028",6.3,32.45,FALSE
203095,"Evan Fournier","1610612753","Orlando Magic",2017,"0021600020","20161028",-9.1,5.95,TRUE
203095,"Evan Fournier","1610612753","Orlando Magic",2017,"0021600020","20161028",0,5.95,TRUE
203095,"Evan Fournier","1610612753","Orlando Magic",2017,"0021600020","20161028",-16.9,27.05,FALSE
203095,"Evan Fournier","1610612753","Orlando Magic",2017,"0021600020","20161028",18.7,23.55,FALSE
203095,"Evan Fournier","1610612753","Orlando Magic",2017,"0021600029","20161029",-0.6,4.65,TRUE
203095,"Evan Fournier","1610612753","Orlando Magic",2017,"0021600029","20161029",19.9,14.75,TRUE
203095,"Evan Fournier","1610612753","Orlando Magic",2017,"0021600029","20161029",0.2,7.35,FALSE
203095,"Evan Fournier","1610612753","Orlando Magic",2017,"0021600029","20161029",-15.6,25.25,FALSE
203095,"Evan Fournier","1610612753","Orlando Magic",2017,"0021600029","20161029",10.7,14.25,TRUE
203095,"Evan Fournier","1610612753","Orlando Magic",2017,"0021600029","20161029",6.5,29.65,TRUE
203095,"Evan Fournier","1610612753","Orlando Magic",2017,"0021600029","20161029",12.7,26.55,FALSE
203095,"Evan Fournier","1610612753","Orlando Magic",2017,"0021600029","20161029",12.5,28.15,FALSE
203095,"Evan Fournier","1610612753","Orlando Magic",2017,"0021600029","20161029",-0.9,5.45,TRUE
203095,"Evan Fournier","1610612753","Orlando Magic",2017,"0021600029","20161029",8.9,28.45,FALSE
203095,"Evan Fournier","1610612753","Orlando Magic",2017,"0021600029","20161029",5.2,23.55,FALSE
203095,"Evan Fournier","1610612753","Orlando Magic",2017,"0021600029","20161029",-9.6,25.55,TRUE
203095,"Evan Fournier","1610612753","Orlando Magic",2017,"0021600029","20161029",5.5,12.75,TRUE
203095,"Evan Fournier","1610612753","Orlando Magic",2017,"0021600029","20161029",2.5,7.35,FALSE
203095,"Evan Fournier","1610612753","Orlando Magic",2017,"0021600029","20161029",-14.1,29.15,TRUE
203095,"Evan Fournier","1610612753","Orlando Magic",2017,"0021600029","20161029",-0.2,5.15,TRUE
203095,"Evan Fournier","1610612753","Orlando Magic",2017,"0021600046","20161101",21.4,22.65,FALSE
203095,"Evan Fournier","1610612753","Orlando Magic",2017,"0021600046","20161101",2.5,6.35,FALSE
203095,"Evan Fournier","1610612753","Orlando Magic",2017,"0021600046","20161101",1.6,5.45,FALSE
203095,"Evan Fournier","1610612753","Orlando Magic",2017,"0021600046","20161101",-0.2,10.35,TRUE
203095,"Evan Fournier","1610612753","Orlando Magic",2017,"0021600046","20161101",-2.5,4.65,FALSE
203095,"Evan Fournier","1610612753","Orlando Magic",2017,"0021600046","20161101",1.7,30.95,FALSE
203095,"Evan Fournier","1610612753","Orlando Magic",2017,"0021600046","20161101",4,8.35,FALSE
203095,"Evan Fournier","1610612753","Orlando Magic",2017,"0021600046","20161101",4.7,7.85,FALSE
203095,"Evan Fournier","1610612753","Orlando Magic",2017,"0021600046","20161101",-18.4,4.15,FALSE
203095,"Evan Fournier","1610612753","Orlando Magic",2017,"0021600046","20161101",-0.4,5.55,TRUE
203095,"Evan Fournier","1610612753","Orlando Magic",2017,"0021600046","20161101",23.2,5.55,TRUE
203095,"Evan Fournier","1610612753","Orlando Magic",2017,"0021600046","20161101",-22.3,3.65,TRUE
203095,"Evan Fournier","1610612753","Orlando Magic",2017,"0021600046","20161101",-15.5,13.75,FALSE
203095,"Evan Fournier","1610612753","Orlando Magic",2017,"0021600046","20161101",-4.3,30.95,FALSE
203095,"Evan Fournier","1610612753","Orlando Magic",2017,"0021600046","20161101",-20.7,22.15,TRUE
203095,"Evan Fournier","1610612753","Orlando Magic",2017,"0021600046","20161101",-6,11.45,FALSE
203095,"Evan Fournier","1610612753","Orlando Magic",2017,"0021600046","20161101",0.4,18.15,TRUE
203095,"Evan Fournier","1610612753","Orlando Magic",2017,"0021600065","20161103",-0.4,7.05,TRUE
203095,"Evan Fournier","1610612753","Orlando Magic",2017,"0021600065","20161103",-1.7,7.35,TRUE
203095,"Evan Fournier","1610612753","Orlando Magic",2017,"0021600065","20161103",-1.4,7.05,FALSE
203095,"Evan Fournier","1610612753","Orlando Magic",2017,"0021600065","20161103",8.8,11.35,TRUE
203095,"Evan Fournier","1610612753","Orlando Magic",2017,"0021600065","20161103",11.2,28.65,FALSE
203095,"Evan Fournier","1610612753","Orlando Magic",2017,"0021600065","20161103",-6.6,30.45,FALSE
203095,"Evan Fournier","1610612753","Orlando Magic",2017,"0021600065","20161103",17.3,24.25,TRUE
203095,"Evan Fournier","1610612753","Orlando Magic",2017,"0021600065","20161103",-1.2,6.85,TRUE
203095,"Evan Fournier","1610612753","Orlando Magic",2017,"0021600065","20161103",0,5.35,TRUE
203095,"Evan Fournier","1610612753","Orlando Magic",2017,"0021600065","20161103",-23.2,10.45,TRUE
203095,"Evan Fournier","1610612753","Orlando Magic",2017,"0021600065","20161103",-1.7,6.55,TRUE
203095,"Evan Fournier","1610612753","Orlando Magic",2017,"0021600065","20161103",-4.3,30.65,TRUE
203095,"Evan Fournier","1610612753","Orlando Magic",2017,"0021600065","20161103",-3.5,30.45,FALSE
203095,"Evan Fournier","1610612753","Orlando Magic",2017,"0021600065","20161103",-0.1,59.75,FALSE
203095,"Evan Fournier","1610612753","Orlando Magic",2017,"0021600065","20161103",0.2,8.05,TRUE
203095,"Evan Fournier","1610612753","Orlando Magic",2017,"0021600081","20161105",-24.5,3.35,TRUE
203095,"Evan Fournier","1610612753","Orlando Magic",2017,"0021600081","20161105",-10.4,5.55,FALSE
203095,"Evan Fournier","1610612753","Orlando Magic",2017,"0021600081","20161105",1.2,30.45,FALSE
203095,"Evan Fournier","1610612753","Orlando Magic",2017,"0021600081","20161105",-6,6.35,FALSE
203095,"Evan Fournier","1610612753","Orlando Magic",2017,"0021600081","20161105",3.5,30.95,FALSE
203095,"Evan Fournier","1610612753","Orlando Magic",2017,"0021600081","20161105",18.3,23.25,FALSE
203095,"Evan Fournier","1610612753","Orlando Magic",2017,"0021600081","20161105",14.2,27.05,TRUE
203095,"Evan Fournier","1610612753","Orlando Magic",2017,"0021600081","20161105",16.5,22.65,FALSE
203095,"Evan Fournier","1610612753","Orlando Magic",2017,"0021600096","20161107",0.7,7.85,TRUE
203095,"Evan Fournier","1610612753","Orlando Magic",2017,"0021600096","20161107",0,5.35,TRUE
203095,"Evan Fournier","1610612753","Orlando Magic",2017,"0021600096","20161107",-0.1,7.35,FALSE
203095,"Evan Fournier","1610612753","Orlando Magic",2017,"0021600096","20161107",15.6,26.05,FALSE
203095,"Evan Fournier","1610612753","Orlando Magic",2017,"0021600096","20161107",-0.4,6.35,TRUE
203095,"Evan Fournier","1610612753","Orlando Magic",2017,"0021600096","20161107",1.1,7.05,TRUE
203095,"Evan Fournier","1610612753","Orlando Magic",2017,"0021600096","20161107",-22.8,3.65,TRUE
203095,"Evan Fournier","1610612753","Orlando Magic",2017,"0021600096","20161107",23.2,4.75,FALSE
203095,"Evan Fournier","1610612753","Orlando Magic",2017,"0021600096","20161107",3,6.85,FALSE
203095,"Evan Fournier","1610612753","Orlando Magic",2017,"0021600096","20161107",-10.5,28.45,FALSE
203095,"Evan Fournier","1610612753","Orlando Magic",2017,"0021600096","20161107",-1.2,6.35,TRUE
203095,"Evan Fournier","1610612753","Orlando Magic",2017,"0021600096","20161107",-22.7,3.15,FALSE
203095,"Evan Fournier","1610612753","Orlando Magic",2017,"0021600109","20161109",NA,NA,FALSE
203095,"Evan Fournier","1610612753","Orlando Magic",2017,"0021600109","20161109",-1.7,5.25,TRUE
203095,"Evan Fournier","1610612753","Orlando Magic",2017,"0021600109","20161109",-1.5,11.75,FALSE
203095,"Evan Fournier","1610612753","Orlando Magic",2017,"0021600109","20161109",-13.8,26.25,FALSE
203095,"Evan Fournier","1610612753","Orlando Magic",2017,"0021600109","20161109",-1.7,5.55,TRUE
203095,"Evan Fournier","1610612753","Orlando Magic",2017,"0021600109","20161109",-3.7,30.15,TRUE
203095,"Evan Fournier","1610612753","Orlando Magic",2017,"0021600109","20161109",-0.4,29.65,TRUE
203095,"Evan Fournier","1610612753","Orlando Magic",2017,"0021600109","20161109",5.2,29.65,FALSE
203095,"Evan Fournier","1610612753","Orlando Magic",2017,"0021600109","20161109",-1.9,11.35,FALSE
203095,"Evan Fournier","1610612753","Orlando Magic",2017,"0021600109","20161109",0.4,7.55,FALSE
203095,"Evan Fournier","1610612753","Orlando Magic",2017,"0021600109","20161109",10.9,27.55,FALSE
203095,"Evan Fournier","1610612753","Orlando Magic",2017,"0021600124","20161111",-0.9,6.85,TRUE
203095,"Evan Fournier","1610612753","Orlando Magic",2017,"0021600124","20161111",-8.2,12.95,FALSE
203095,"Evan Fournier","1610612753","Orlando Magic",2017,"0021600124","20161111",-2.4,31.15,TRUE
203095,"Evan Fournier","1610612753","Orlando Magic",2017,"0021600124","20161111",22.5,9.05,FALSE
203095,"Evan Fournier","1610612753","Orlando Magic",2017,"0021600124","20161111",-5.8,21.15,TRUE
203095,"Evan Fournier","1610612753","Orlando Magic",2017,"0021600124","20161111",-0.6,7.85,TRUE
203095,"Evan Fournier","1610612753","Orlando Magic",2017,"0021600124","20161111",-2,7.05,FALSE
203095,"Evan Fournier","1610612753","Orlando Magic",2017,"0021600124","20161111",13.3,26.65,TRUE
203095,"Evan Fournier","1610612753","Orlando Magic",2017,"0021600124","20161111",-13.2,16.35,FALSE
203095,"Evan Fournier","1610612753","Orlando Magic",2017,"0021600124","20161111",0.1,6.05,FALSE
203095,"Evan Fournier","1610612753","Orlando Magic",2017,"0021600124","20161111",-1.9,7.05,FALSE
203095,"Evan Fournier","1610612753","Orlando Magic",2017,"0021600124","20161111",0,5.35,TRUE
203095,"Evan Fournier","1610612753","Orlando Magic",2017,"0021600124","20161111",-3.3,14.25,FALSE
203095,"Evan Fournier","1610612753","Orlando Magic",2017,"0021600124","20161111",-1.2,7.35,FALSE
203095,"Evan Fournier","1610612753","Orlando Magic",2017,"0021600124","20161111",-14.6,25.05,FALSE
203095,"Evan Fournier","1610612753","Orlando Magic",2017,"0021600124","20161111",0.9,7.35,TRUE
203095,"Evan Fournier","1610612753","Orlando Magic",2017,"0021600141","20161113",0.4,23.75,FALSE
203095,"Evan Fournier","1610612753","Orlando Magic",2017,"0021600141","20161113",1.7,6.85,FALSE
203095,"Evan Fournier","1610612753","Orlando Magic",2017,"0021600141","20161113",-1.4,5.45,TRUE
203095,"Evan Fournier","1610612753","Orlando Magic",2017,"0021600141","20161113",0.6,5.45,TRUE
203095,"Evan Fournier","1610612753","Orlando Magic",2017,"0021600141","20161113",-2.2,6.55,TRUE
203095,"Evan Fournier","1610612753","Orlando Magic",2017,"0021600141","20161113",2.2,5.15,TRUE
203095,"Evan Fournier","1610612753","Orlando Magic",2017,"0021600141","20161113",-22.8,7.05,TRUE
203095,"Evan Fournier","1610612753","Orlando Magic",2017,"0021600141","20161113",-11.7,27.15,FALSE
203095,"Evan Fournier","1610612753","Orlando Magic",2017,"0021600141","20161113",-11.2,27.65,TRUE
203095,"Evan Fournier","1610612753","Orlando Magic",2017,"0021600141","20161113",-11.2,26.65,TRUE
203095,"Evan Fournier","1610612753","Orlando Magic",2017,"0021600145","20161114",17.3,3.75,FALSE
203095,"Evan Fournier","1610612753","Orlando Magic",2017,"0021600145","20161114",15.1,26.55,FALSE
203095,"Evan Fournier","1610612753","Orlando Magic",2017,"0021600145","20161114",8.8,31.95,TRUE
203095,"Evan Fournier","1610612753","Orlando Magic",2017,"0021600145","20161114",-3.5,8.55,FALSE
203095,"Evan Fournier","1610612753","Orlando Magic",2017,"0021600145","20161114",-1.4,5.95,FALSE
203095,"Evan Fournier","1610612753","Orlando Magic",2017,"0021600145","20161114",-22.7,3.65,FALSE
203095,"Evan Fournier","1610612753","Orlando Magic",2017,"0021600145","20161114",-1.4,5.95,TRUE
203095,"Evan Fournier","1610612753","Orlando Magic",2017,"0021600145","20161114",21.2,26.05,FALSE
203095,"Evan Fournier","1610612753","Orlando Magic",2017,"0021600145","20161114",0.7,6.35,FALSE
203095,"Evan Fournier","1610612753","Orlando Magic",2017,"0021600145","20161114",1.4,20.15,FALSE
203095,"Evan Fournier","1610612753","Orlando Magic",2017,"0021600145","20161114",3.7,7.35,FALSE
203095,"Evan Fournier","1610612753","Orlando Magic",2017,"0021600145","20161114",3.2,7.85,FALSE
203095,"Evan Fournier","1610612753","Orlando Magic",2017,"0021600145","20161114",9.4,25.75,FALSE
203095,"Evan Fournier","1610612753","Orlando Magic",2017,"0021600145","20161114",-9.6,22.25,TRUE
203095,"Evan Fournier","1610612753","Orlando Magic",2017,"0021600145","20161114",0.9,10.45,TRUE
203095,"Evan Fournier","1610612753","Orlando Magic",2017,"0021600159","20161116",-16.8,27.55,FALSE
203095,"Evan Fournier","1610612753","Orlando Magic",2017,"0021600159","20161116",-16.4,27.15,TRUE
203095,"Evan Fournier","1610612753","Orlando Magic",2017,"0021600159","20161116",-0.6,8.85,TRUE
203095,"Evan Fournier","1610612753","Orlando Magic",2017,"0021600159","20161116",-0.9,5.95,TRUE
203095,"Evan Fournier","1610612753","Orlando Magic",2017,"0021600159","20161116",10.1,28.15,TRUE
203095,"Evan Fournier","1610612753","Orlando Magic",2017,"0021600159","20161116",-16.6,25.05,FALSE
203095,"Evan Fournier","1610612753","Orlando Magic",2017,"0021600159","20161116",0.2,6.05,FALSE
203095,"Evan Fournier","1610612753","Orlando Magic",2017,"0021600159","20161116",-0.8,6.15,TRUE
203095,"Evan Fournier","1610612753","Orlando Magic",2017,"0021600159","20161116",-2.2,6.85,FALSE
203095,"Evan Fournier","1610612753","Orlando Magic",2017,"0021600159","20161116",14.3,26.65,FALSE
203095,"Evan Fournier","1610612753","Orlando Magic",2017,"0021600159","20161116",4.8,10.45,FALSE
203095,"Evan Fournier","1610612753","Orlando Magic",2017,"0021600159","20161116",0.1,13.25,FALSE
203095,"Evan Fournier","1610612753","Orlando Magic",2017,"0021600159","20161116",-9.2,24.55,FALSE
203095,"Evan Fournier","1610612753","Orlando Magic",2017,"0021600187","20161119",-11,27.65,FALSE
203095,"Evan Fournier","1610612753","Orlando Magic",2017,"0021600187","20161119",1.7,8.85,TRUE
203095,"Evan Fournier","1610612753","Orlando Magic",2017,"0021600187","20161119",12.9,15.25,FALSE
203095,"Evan Fournier","1610612753","Orlando Magic",2017,"0021600187","20161119",-1.2,6.55,FALSE
203095,"Evan Fournier","1610612753","Orlando Magic",2017,"0021600187","20161119",-17.7,25.25,FALSE
203095,"Evan Fournier","1610612753","Orlando Magic",2017,"0021600187","20161119",-2.2,6.55,FALSE
203095,"Evan Fournier","1610612753","Orlando Magic",2017,"0021600187","20161119",0.9,5.95,FALSE
203095,"Evan Fournier","1610612753","Orlando Magic",2017,"0021600187","20161119",19.1,21.75,TRUE
203095,"Evan Fournier","1610612753","Orlando Magic",2017,"0021600187","20161119",-1.5,29.95,FALSE
203095,"Evan Fournier","1610612753","Orlando Magic",2017,"0021600187","20161119",20.1,20.15,FALSE
203095,"Evan Fournier","1610612753","Orlando Magic",2017,"0021600187","20161119",-7.4,21.65,FALSE
203095,"Evan Fournier","1610612753","Orlando Magic",2017,"0021600187","20161119",-18.9,22.75,TRUE
203095,"Evan Fournier","1610612753","Orlando Magic",2017,"0021600187","20161119",-1,9.85,FALSE
203095,"Evan Fournier","1610612753","Orlando Magic",2017,"0021600204","20161121",0.4,5.95,TRUE
203095,"Evan Fournier","1610612753","Orlando Magic",2017,"0021600204","20161121",0.7,5.45,TRUE
203095,"Evan Fournier","1610612753","Orlando Magic",2017,"0021600204","20161121",0.7,5.55,TRUE
203095,"Evan Fournier","1610612753","Orlando Magic",2017,"0021600204","20161121",-24.5,4.15,FALSE
203095,"Evan Fournier","1610612753","Orlando Magic",2017,"0021600204","20161121",-21.7,17.25,FALSE
203095,"Evan Fournier","1610612753","Orlando Magic",2017,"0021600204","20161121",-16.1,2.35,FALSE
203095,"Evan Fournier","1610612753","Orlando Magic",2017,"0021600204","20161121",2.7,8.05,TRUE
203095,"Evan Fournier","1610612753","Orlando Magic",2017,"0021600204","20161121",-0.2,5.55,FALSE
203095,"Evan Fournier","1610612753","Orlando Magic",2017,"0021600204","20161121",-9.1,30.65,TRUE
203095,"Evan Fournier","1610612753","Orlando Magic",2017,"0021600204","20161121",-15.3,25.55,TRUE
203095,"Evan Fournier","1610612753","Orlando Magic",2017,"0021600204","20161121",-13,21.75,FALSE
203095,"Evan Fournier","1610612753","Orlando Magic",2017,"0021600204","20161121",-7.6,19.85,FALSE
203095,"Evan Fournier","1610612753","Orlando Magic",2017,"0021600204","20161121",3,36.85,FALSE
203095,"Evan Fournier","1610612753","Orlando Magic",2017,"0021600214","20161123",-0.2,6.85,TRUE
203095,"Evan Fournier","1610612753","Orlando Magic",2017,"0021600214","20161123",22.7,5.55,FALSE
203095,"Evan Fournier","1610612753","Orlando Magic",2017,"0021600214","20161123",-0.9,6.55,TRUE
203095,"Evan Fournier","1610612753","Orlando Magic",2017,"0021600214","20161123",4.5,31.15,TRUE
203095,"Evan Fournier","1610612753","Orlando Magic",2017,"0021600214","20161123",-0.9,11.35,FALSE
203095,"Evan Fournier","1610612753","Orlando Magic",2017,"0021600214","20161123",-1,9.05,FALSE
203095,"Evan Fournier","1610612753","Orlando Magic",2017,"0021600214","20161123",-1,6.85,FALSE
203095,"Evan Fournier","1610612753","Orlando Magic",2017,"0021600214","20161123",-15.6,26.65,TRUE
203095,"Evan Fournier","1610612753","Orlando Magic",2017,"0021600214","20161123",-1.2,10.35,FALSE
203095,"Evan Fournier","1610612753","Orlando Magic",2017,"0021600214","20161123",-0.4,6.85,TRUE
203095,"Evan Fournier","1610612753","Orlando Magic",2017,"0021600214","20161123",18.4,22.65,TRUE
203095,"Evan Fournier","1610612753","Orlando Magic",2017,"0021600214","20161123",0.9,6.35,FALSE
203095,"Evan Fournier","1610612753","Orlando Magic",2017,"0021600214","20161123",1.1,17.25,TRUE
203095,"Evan Fournier","1610612753","Orlando Magic",2017,"0021600214","20161123",-0.9,30.95,FALSE
203095,"Evan Fournier","1610612753","Orlando Magic",2017,"0021600214","20161123",11.5,28.45,FALSE
203095,"Evan Fournier","1610612753","Orlando Magic",2017,"0021600214","20161123",12.2,43.45,FALSE
203095,"Evan Fournier","1610612753","Orlando Magic",2017,"0021600214","20161123",-3.2,29.95,FALSE
203095,"Evan Fournier","1610612753","Orlando Magic",2017,"0021600214","20161123",-21.7,5.55,FALSE
203095,"Evan Fournier","1610612753","Orlando Magic",2017,"0021600214","20161123",-1,5.95,TRUE
203095,"Evan Fournier","1610612753","Orlando Magic",2017,"0021600214","20161123",2,4.65,TRUE
203095,"Evan Fournier","1610612753","Orlando Magic",2017,"0021600226","20161125",-2.2,4.65,FALSE
203095,"Evan Fournier","1610612753","Orlando Magic",2017,"0021600226","20161125",-10.9,18.85,FALSE
203095,"Evan Fournier","1610612753","Orlando Magic",2017,"0021600226","20161125",-18.2,24.05,FALSE
203095,"Evan Fournier","1610612753","Orlando Magic",2017,"0021600226","20161125",-0.1,5.65,TRUE
203095,"Evan Fournier","1610612753","Orlando Magic",2017,"0021600226","20161125",-9.9,29.45,FALSE
203095,"Evan Fournier","1610612753","Orlando Magic",2017,"0021600226","20161125",-20.5,5.55,FALSE
203095,"Evan Fournier","1610612753","Orlando Magic",2017,"0021600226","20161125",16,16.35,FALSE
203095,"Evan Fournier","1610612753","Orlando Magic",2017,"0021600226","20161125",NA,NA,TRUE
203095,"Evan Fournier","1610612753","Orlando Magic",2017,"0021600226","20161125",22.3,18.35,FALSE
203095,"Evan Fournier","1610612753","Orlando Magic",2017,"0021600248","20161127",-14.8,27.15,TRUE
203095,"Evan Fournier","1610612753","Orlando Magic",2017,"0021600248","20161127",-10.1,9.85,FALSE
203095,"Evan Fournier","1610612753","Orlando Magic",2017,"0021600248","20161127",0,7.05,FALSE
203095,"Evan Fournier","1610612753","Orlando Magic",2017,"0021600248","20161127",-1.4,7.35,TRUE
203095,"Evan Fournier","1610612753","Orlando Magic",2017,"0021600248","20161127",-0.9,7.35,TRUE
203095,"Evan Fournier","1610612753","Orlando Magic",2017,"0021600248","20161127",-13.3,27.15,FALSE
203095,"Evan Fournier","1610612753","Orlando Magic",2017,"0021600248","20161127",7.4,7.85,TRUE
203095,"Evan Fournier","1610612753","Orlando Magic",2017,"0021600248","20161127",0.1,30.95,TRUE
203095,"Evan Fournier","1610612753","Orlando Magic",2017,"0021600248","20161127",-0.2,30.65,FALSE
203095,"Evan Fournier","1610612753","Orlando Magic",2017,"0021600248","20161127",-10.5,29.65,FALSE
203095,"Evan Fournier","1610612753","Orlando Magic",2017,"0021600248","20161127",-4,15.75,TRUE
203095,"Evan Fournier","1610612753","Orlando Magic",2017,"0021600248","20161127",-14.3,20.15,FALSE
203095,"Evan Fournier","1610612753","Orlando Magic",2017,"0021600248","20161127",-0.4,7.35,TRUE
203095,"Evan Fournier","1610612753","Orlando Magic",2017,"0021600248","20161127",22.2,9.05,TRUE
203095,"Evan Fournier","1610612753","Orlando Magic",2017,"0021600248","20161127",23.5,9.35,FALSE
203095,"Evan Fournier","1610612753","Orlando Magic",2017,"0021600248","20161127",-0.2,8.05,TRUE
203095,"Evan Fournier","1610612753","Orlando Magic",2017,"0021600248","20161127",0,5.35,TRUE
203095,"Evan Fournier","1610612753","Orlando Magic",2017,"0021600248","20161127",17.4,24.55,FALSE
203095,"Evan Fournier","1610612753","Orlando Magic",2017,"0021600248","20161127",-2,7.35,TRUE
203095,"Evan Fournier","1610612753","Orlando Magic",2017,"0021600248","20161127",-2,30.45,FALSE
203095,"Evan Fournier","1610612753","Orlando Magic",2017,"0021600248","20161127",-5.1,29.65,FALSE
203095,"Evan Fournier","1610612753","Orlando Magic",2017,"0021600264","20161129",0.1,9.15,FALSE
203095,"Evan Fournier","1610612753","Orlando Magic",2017,"0021600264","20161129",12.2,18.85,TRUE
203095,"Evan Fournier","1610612753","Orlando Magic",2017,"0021600264","20161129",12.2,20.15,FALSE
203095,"Evan Fournier","1610612753","Orlando Magic",2017,"0021600264","20161129",13.8,16.75,FALSE
203095,"Evan Fournier","1610612753","Orlando Magic",2017,"0021600264","20161129",-17.3,23.25,TRUE
203095,"Evan Fournier","1610612753","Orlando Magic",2017,"0021600264","20161129",-14,14.25,TRUE
203095,"Evan Fournier","1610612753","Orlando Magic",2017,"0021600264","20161129",14.5,27.55,FALSE
203095,"Evan Fournier","1610612753","Orlando Magic",2017,"0021600264","20161129",12.9,18.15,FALSE
203095,"Evan Fournier","1610612753","Orlando Magic",2017,"0021600264","20161129",0,15.35,TRUE
203095,"Evan Fournier","1610612753","Orlando Magic",2017,"0021600278","20161201",-3.5,5.95,TRUE
203095,"Evan Fournier","1610612753","Orlando Magic",2017,"0021600278","20161201",2.9,10.35,TRUE
203095,"Evan Fournier","1610612753","Orlando Magic",2017,"0021600278","20161201",19.6,19.15,TRUE
203095,"Evan Fournier","1610612753","Orlando Magic",2017,"0021600278","20161201",-18.2,5.95,TRUE
203095,"Evan Fournier","1610612753","Orlando Magic",2017,"0021600278","20161201",16.9,23.75,TRUE
203095,"Evan Fournier","1610612753","Orlando Magic",2017,"0021600278","20161201",0.1,13.25,TRUE
203095,"Evan Fournier","1610612753","Orlando Magic",2017,"0021600278","20161201",-2.4,5.15,TRUE
203095,"Evan Fournier","1610612753","Orlando Magic",2017,"0021600278","20161201",-20.5,19.65,FALSE
203095,"Evan Fournier","1610612753","Orlando Magic",2017,"0021600278","20161201",0.6,7.35,FALSE
203095,"Evan Fournier","1610612753","Orlando Magic",2017,"0021600278","20161201",-7.6,10.85,TRUE
203095,"Evan Fournier","1610612753","Orlando Magic",2017,"0021600278","20161201",-6.6,25.05,TRUE
203095,"Evan Fournier","1610612753","Orlando Magic",2017,"0021600278","20161201",-20.2,19.15,FALSE
203095,"Evan Fournier","1610612753","Orlando Magic",2017,"0021600278","20161201",-18.1,20.85,TRUE
203095,"Evan Fournier","1610612753","Orlando Magic",2017,"0021600278","20161201",-1.7,11.35,TRUE
203095,"Evan Fournier","1610612753","Orlando Magic",2017,"0021600282","20161202",-1.7,10.45,FALSE
203095,"Evan Fournier","1610612753","Orlando Magic",2017,"0021600282","20161202",5.8,11.75,FALSE
203095,"Evan Fournier","1610612753","Orlando Magic",2017,"0021600282","20161202",3.4,22.65,FALSE
203095,"Evan Fournier","1610612753","Orlando Magic",2017,"0021600282","20161202",1.2,9.35,FALSE
203095,"Evan Fournier","1610612753","Orlando Magic",2017,"0021600282","20161202",-5.5,21.15,FALSE
203095,"Evan Fournier","1610612753","Orlando Magic",2017,"0021600282","20161202",-2.4,5.15,TRUE
203095,"Evan Fournier","1610612753","Orlando Magic",2017,"0021600282","20161202",-1.4,31.15,FALSE
203095,"Evan Fournier","1610612753","Orlando Magic",2017,"0021600282","20161202",-3.3,30.45,TRUE
203095,"Evan Fournier","1610612753","Orlando Magic",2017,"0021600282","20161202",0.7,6.35,FALSE
203095,"Evan Fournier","1610612753","Orlando Magic",2017,"0021600282","20161202",-0.6,16.25,TRUE
203095,"Evan Fournier","1610612753","Orlando Magic",2017,"0021600282","20161202",-2,6.35,TRUE
203095,"Evan Fournier","1610612753","Orlando Magic",2017,"0021600300","20161204",6.1,7.85,FALSE
203095,"Evan Fournier","1610612753","Orlando Magic",2017,"0021600300","20161204",0.9,6.05,FALSE
203095,"Evan Fournier","1610612753","Orlando Magic",2017,"0021600300","20161204",-10.9,29.15,FALSE
203095,"Evan Fournier","1610612753","Orlando Magic",2017,"0021600300","20161204",1.9,6.05,FALSE
203095,"Evan Fournier","1610612753","Orlando Magic",2017,"0021600300","20161204",-24.5,13.45,FALSE
203095,"Evan Fournier","1610612753","Orlando Magic",2017,"0021600300","20161204",3.4,7.85,FALSE
203095,"Evan Fournier","1610612753","Orlando Magic",2017,"0021600300","20161204",-14.5,28.65,TRUE
203095,"Evan Fournier","1610612753","Orlando Magic",2017,"0021600315","20161206",-11,20.85,FALSE
203095,"Evan Fournier","1610612753","Orlando Magic",2017,"0021600315","20161206",-19.1,23.55,FALSE
203095,"Evan Fournier","1610612753","Orlando Magic",2017,"0021600315","20161206",-0.1,10.85,TRUE
203095,"Evan Fournier","1610612753","Orlando Magic",2017,"0021600315","20161206",-13.7,36.85,FALSE
203095,"Evan Fournier","1610612753","Orlando Magic",2017,"0021600315","20161206",-22.8,7.55,TRUE
203095,"Evan Fournier","1610612753","Orlando Magic",2017,"0021600315","20161206",17.1,25.75,FALSE
203095,"Evan Fournier","1610612753","Orlando Magic",2017,"0021600315","20161206",-11.7,29.15,TRUE
203095,"Evan Fournier","1610612753","Orlando Magic",2017,"0021600315","20161206",-23.3,10.45,FALSE
203095,"Evan Fournier","1610612753","Orlando Magic",2017,"0021600315","20161206",-0.9,14.25,FALSE
203095,"Evan Fournier","1610612753","Orlando Magic",2017,"0021600315","20161206",6.1,6.85,TRUE
203095,"Evan Fournier","1610612753","Orlando Magic",2017,"0021600322","20161207",0,7.05,TRUE
203095,"Evan Fournier","1610612753","Orlando Magic",2017,"0021600322","20161207",-20.9,6.85,TRUE
203095,"Evan Fournier","1610612753","Orlando Magic",2017,"0021600322","20161207",-10.5,22.25,FALSE
203095,"Evan Fournier","1610612753","Orlando Magic",2017,"0021600322","20161207",18.3,12.75,FALSE
203095,"Evan Fournier","1610612753","Orlando Magic",2017,"0021600322","20161207",-14.6,26.25,TRUE
203095,"Evan Fournier","1610612753","Orlando Magic",2017,"0021600322","20161207",-2.4,30.15,FALSE
203095,"Evan Fournier","1610612753","Orlando Magic",2017,"0021600322","20161207",1.1,7.35,FALSE
203095,"Evan Fournier","1610612753","Orlando Magic",2017,"0021600322","20161207",23,5.95,FALSE
203095,"Evan Fournier","1610612753","Orlando Magic",2017,"0021600322","20161207",-2.2,10.35,FALSE
203095,"Evan Fournier","1610612753","Orlando Magic",2017,"0021600322","20161207",-0.9,6.05,TRUE
203095,"Evan Fournier","1610612753","Orlando Magic",2017,"0021600322","20161207",-10.2,20.15,FALSE
203095,"Evan Fournier","1610612753","Orlando Magic",2017,"0021600322","20161207",-8.1,18.85,FALSE
203095,"Evan Fournier","1610612753","Orlando Magic",2017,"0021600322","20161207",16.6,20.85,FALSE
203095,"Evan Fournier","1610612753","Orlando Magic",2017,"0021600322","20161207",0,10.95,FALSE
203095,"Evan Fournier","1610612753","Orlando Magic",2017,"0021600337","20161209",-14.6,26.25,FALSE
203095,"Evan Fournier","1610612753","Orlando Magic",2017,"0021600337","20161209",-0.4,5.45,TRUE
203095,"Evan Fournier","1610612753","Orlando Magic",2017,"0021600337","20161209",6.8,30.15,FALSE
203095,"Evan Fournier","1610612753","Orlando Magic",2017,"0021600337","20161209",-13.3,26.25,TRUE
203095,"Evan Fournier","1610612753","Orlando Magic",2017,"0021600337","20161209",0.7,12.25,TRUE
203095,"Evan Fournier","1610612753","Orlando Magic",2017,"0021600337","20161209",-1,6.35,FALSE
203095,"Evan Fournier","1610612753","Orlando Magic",2017,"0021600337","20161209",5,29.45,FALSE
203095,"Evan Fournier","1610612753","Orlando Magic",2017,"0021600337","20161209",1.6,5.45,TRUE
203095,"Evan Fournier","1610612753","Orlando Magic",2017,"0021600337","20161209",-6.8,28.95,TRUE
203095,"Evan Fournier","1610612753","Orlando Magic",2017,"0021600337","20161209",-23.2,9.85,FALSE
203095,"Evan Fournier","1610612753","Orlando Magic",2017,"0021600337","20161209",-8.1,7.05,TRUE
203095,"Evan Fournier","1610612753","Orlando Magic",2017,"0021600347","20161210",-6.3,13.45,TRUE
203095,"Evan Fournier","1610612753","Orlando Magic",2017,"0021600347","20161210",-6.9,14.25,FALSE
203095,"Evan Fournier","1610612753","Orlando Magic",2017,"0021600347","20161210",-0.2,6.35,FALSE
203095,"Evan Fournier","1610612753","Orlando Magic",2017,"0021600347","20161210",-0.9,7.55,FALSE
203095,"Evan Fournier","1610612753","Orlando Magic",2017,"0021600347","20161210",-11.7,27.05,TRUE
203095,"Evan Fournier","1610612753","Orlando Magic",2017,"0021600347","20161210",10.1,20.15,FALSE
203095,"Evan Fournier","1610612753","Orlando Magic",2017,"0021600347","20161210",-10.9,28.45,TRUE
203095,"Evan Fournier","1610612753","Orlando Magic",2017,"0021600347","20161210",7.4,29.45,FALSE
203095,"Evan Fournier","1610612753","Orlando Magic",2017,"0021600347","20161210",-2,6.55,TRUE
203095,"Evan Fournier","1610612753","Orlando Magic",2017,"0021600347","20161210",-14.5,7.35,FALSE
203095,"Evan Fournier","1610612753","Orlando Magic",2017,"0021600347","20161210",13.3,21.65,TRUE
203095,"Evan Fournier","1610612753","Orlando Magic",2017,"0021600347","20161210",-2,23.05,TRUE
203095,"Evan Fournier","1610612753","Orlando Magic",2017,"0021600347","20161210",-0.9,6.85,TRUE
203095,"Evan Fournier","1610612753","Orlando Magic",2017,"0021600347","20161210",2.5,17.25,TRUE
203095,"Evan Fournier","1610612753","Orlando Magic",2017,"0021600347","20161210",15.5,24.25,FALSE
203095,"Evan Fournier","1610612753","Orlando Magic",2017,"0021600347","20161210",0,5.35,TRUE
203095,"Evan Fournier","1610612753","Orlando Magic",2017,"0021600347","20161210",6.8,17.35,FALSE
203095,"Evan Fournier","1610612753","Orlando Magic",2017,"0021600347","20161210",14,28.95,FALSE
203095,"Evan Fournier","1610612753","Orlando Magic",2017,"0021600347","20161210",-8.7,29.95,FALSE
203095,"Evan Fournier","1610612753","Orlando Magic",2017,"0021600369","20161213",3,30.95,TRUE
203095,"Evan Fournier","1610612753","Orlando Magic",2017,"0021600369","20161213",2.2,16.75,TRUE
203095,"Evan Fournier","1610612753","Orlando Magic",2017,"0021600369","20161213",-2.4,8.35,TRUE
203095,"Evan Fournier","1610612753","Orlando Magic",2017,"0021600369","20161213",0.6,6.75,FALSE
203095,"Evan Fournier","1610612753","Orlando Magic",2017,"0021600369","20161213",2.5,5.65,TRUE
203095,"Evan Fournier","1610612753","Orlando Magic",2017,"0021600369","20161213",-2.8,6.05,TRUE
203095,"Evan Fournier","1610612753","Orlando Magic",2017,"0021600369","20161213",5,31.45,FALSE
203095,"Evan Fournier","1610612753","Orlando Magic",2017,"0021600369","20161213",4.7,31.45,FALSE
203095,"Evan Fournier","1610612753","Orlando Magic",2017,"0021600369","20161213",-0.4,7.85,TRUE
203095,"Evan Fournier","1610612753","Orlando Magic",2017,"0021600369","20161213",8.3,21.65,TRUE
203095,"Evan Fournier","1610612753","Orlando Magic",2017,"0021600369","20161213",1.1,9.95,TRUE
203095,"Evan Fournier","1610612753","Orlando Magic",2017,"0021600369","20161213",-0.2,5.45,TRUE
203095,"Evan Fournier","1610612753","Orlando Magic",2017,"0021600369","20161213",-8.6,28.95,FALSE
203095,"Evan Fournier","1610612753","Orlando Magic",2017,"0021600369","20161213",-1.2,5.95,TRUE
203095,"Evan Fournier","1610612753","Orlando Magic",2017,"0021600369","20161213",0,5.35,TRUE
203095,"Evan Fournier","1610612753","Orlando Magic",2017,"0021600376","20161214",-1.4,11.35,TRUE
203095,"Evan Fournier","1610612753","Orlando Magic",2017,"0021600376","20161214",-19.7,6.35,FALSE
203095,"Evan Fournier","1610612753","Orlando Magic",2017,"0021600376","20161214",-16.9,21.15,FALSE
203095,"Evan Fournier","1610612753","Orlando Magic",2017,"0021600376","20161214",-1,7.05,TRUE
203095,"Evan Fournier","1610612753","Orlando Magic",2017,"0021600376","20161214",0.1,6.65,TRUE
203095,"Evan Fournier","1610612753","Orlando Magic",2017,"0021600376","20161214",-8.7,6.55,FALSE
203095,"Evan Fournier","1610612753","Orlando Magic",2017,"0021600376","20161214",0.6,13.75,FALSE
203095,"Evan Fournier","1610612753","Orlando Magic",2017,"0021600376","20161214",15.3,27.65,TRUE
203095,"Evan Fournier","1610612753","Orlando Magic",2017,"0021600376","20161214",-16.4,25.05,FALSE
203095,"Evan Fournier","1610612753","Orlando Magic",2017,"0021600376","20161214",7.1,7.55,TRUE
203095,"Evan Fournier","1610612753","Orlando Magic",2017,"0021600376","20161214",17.4,25.05,TRUE
203095,"Evan Fournier","1610612753","Orlando Magic",2017,"0021600376","20161214",-12.7,24.25,TRUE
203095,"Evan Fournier","1610612753","Orlando Magic",2017,"0021600376","20161214",-0.4,12.95,FALSE
203095,"Evan Fournier","1610612753","Orlando Magic",2017,"0021600376","20161214",-1.4,7.35,FALSE
203095,"Evan Fournier","1610612753","Orlando Magic",2017,"0021600376","20161214",0.4,10.35,TRUE
203095,"Evan Fournier","1610612753","Orlando Magic",2017,"0021600376","20161214",1.4,31.45,FALSE
203095,"Evan Fournier","1610612753","Orlando Magic",2017,"0021600376","20161214",-0.1,7.35,TRUE
203095,"Evan Fournier","1610612753","Orlando Magic",2017,"0021600390","20161216",3,29.65,TRUE
203095,"Evan Fournier","1610612753","Orlando Magic",2017,"0021600390","20161216",1.7,18.85,FALSE
203095,"Evan Fournier","1610612753","Orlando Magic",2017,"0021600390","20161216",-1,4.25,FALSE
203095,"Evan Fournier","1610612753","Orlando Magic",2017,"0021600390","20161216",0,6.35,FALSE
203095,"Evan Fournier","1610612753","Orlando Magic",2017,"0021600390","20161216",-4.2,30.15,TRUE
203095,"Evan Fournier","1610612753","Orlando Magic",2017,"0021600390","20161216",-3.8,29.95,FALSE
203095,"Evan Fournier","1610612753","Orlando Magic",2017,"0021600390","20161216",0.2,32.55,FALSE
203095,"Evan Fournier","1610612753","Orlando Magic",2017,"0021600390","20161216",7.6,28.95,FALSE
203095,"Evan Fournier","1610612753","Orlando Magic",2017,"0021600390","20161216",3.4,13.25,FALSE
203095,"Evan Fournier","1610612753","Orlando Magic",2017,"0021600390","20161216",-1,3.35,TRUE
203095,"Evan Fournier","1610612753","Orlando Magic",2017,"0021600390","20161216",-13,22.65,FALSE
203095,"Evan Fournier","1610612753","Orlando Magic",2017,"0021600390","20161216",3,11.45,FALSE
203095,"Evan Fournier","1610612753","Orlando Magic",2017,"0021600390","20161216",-18.4,23.75,FALSE
203095,"Evan Fournier","1610612753","Orlando Magic",2017,"0021600390","20161216",-6.1,19.15,TRUE
203095,"Evan Fournier","1610612753","Orlando Magic",2017,"0021600390","20161216",3,29.45,TRUE
203095,"Evan Fournier","1610612753","Orlando Magic",2017,"0021600409","20161218",-0.4,6.85,TRUE
203095,"Evan Fournier","1610612753","Orlando Magic",2017,"0021600409","20161218",-20.7,13.25,TRUE
203095,"Evan Fournier","1610612753","Orlando Magic",2017,"0021600409","20161218",-0.6,7.85,TRUE
203095,"Evan Fournier","1610612753","Orlando Magic",2017,"0021600409","20161218",16.9,24.75,FALSE
203095,"Evan Fournier","1610612753","Orlando Magic",2017,"0021600409","20161218",-2.7,7.35,FALSE
203095,"Evan Fournier","1610612753","Orlando Magic",2017,"0021600409","20161218",1.6,7.85,TRUE
203095,"Evan Fournier","1610612753","Orlando Magic",2017,"0021600409","20161218",-2.2,7.35,FALSE
203095,"Evan Fournier","1610612753","Orlando Magic",2017,"0021600409","20161218",1.2,7.85,TRUE
203095,"Evan Fournier","1610612753","Orlando Magic",2017,"0021600409","20161218",-5.3,29.95,FALSE
203095,"Evan Fournier","1610612753","Orlando Magic",2017,"0021600409","20161218",7.9,7.85,TRUE
203095,"Evan Fournier","1610612753","Orlando Magic",2017,"0021600422","20161220",-13.5,6.35,TRUE
203095,"Evan Fournier","1610612753","Orlando Magic",2017,"0021600422","20161220",-1.7,5.45,TRUE
203095,"Evan Fournier","1610612753","Orlando Magic",2017,"0021600422","20161220",9.6,22.75,TRUE
203095,"Evan Fournier","1610612753","Orlando Magic",2017,"0021600422","20161220",-2.7,6.35,FALSE
203095,"Evan Fournier","1610612753","Orlando Magic",2017,"0021600422","20161220",-12.7,26.55,TRUE
203095,"Evan Fournier","1610612753","Orlando Magic",2017,"0021600422","20161220",20.5,7.85,TRUE
203095,"Evan Fournier","1610612753","Orlando Magic",2017,"0021600422","20161220",-5.8,6.35,FALSE
203095,"Evan Fournier","1610612753","Orlando Magic",2017,"0021600422","20161220",-18.1,2.65,FALSE
203095,"Evan Fournier","1610612753","Orlando Magic",2017,"0021600422","20161220",-5,13.25,TRUE
203095,"Evan Fournier","1610612753","Orlando Magic",2017,"0021600422","20161220",-23.2,6.85,FALSE
203095,"Evan Fournier","1610612753","Orlando Magic",2017,"0021600422","20161220",-1.4,5.15,TRUE
203095,"Evan Fournier","1610612753","Orlando Magic",2017,"0021600422","20161220",-1.9,13.95,TRUE
203095,"Evan Fournier","1610612753","Orlando Magic",2017,"0021600422","20161220",-0.2,15.85,FALSE
203095,"Evan Fournier","1610612753","Orlando Magic",2017,"0021600422","20161220",-9.2,4.65,FALSE
203095,"Evan Fournier","1610612753","Orlando Magic",2017,"0021600422","20161220",5.3,6.35,FALSE
203095,"Evan Fournier","1610612753","Orlando Magic",2017,"0021600422","20161220",-16.8,23.25,TRUE
203095,"Evan Fournier","1610612753","Orlando Magic",2017,"0021600422","20161220",-3.3,5.45,TRUE
203095,"Evan Fournier","1610612753","Orlando Magic",2017,"0021600422","20161220",-18.6,6.05,FALSE
203095,"Evan Fournier","1610612753","Orlando Magic",2017,"0021600422","20161220",-12.8,26.55,FALSE
203095,"Evan Fournier","1610612753","Orlando Magic",2017,"0021600422","20161220",11.5,14.75,FALSE
203095,"Evan Fournier","1610612753","Orlando Magic",2017,"0021600422","20161220",6,15.25,FALSE
203095,"Evan Fournier","1610612753","Orlando Magic",2017,"0021600422","20161220",13.7,25.75,TRUE
203095,"Evan Fournier","1610612753","Orlando Magic",2017,"0021600438","20161222",-11.7,16.85,TRUE
203095,"Evan Fournier","1610612753","Orlando Magic",2017,"0021600438","20161222",-1.5,5.45,TRUE
203095,"Evan Fournier","1610612753","Orlando Magic",2017,"0021600438","20161222",11.5,26.05,FALSE
203095,"Evan Fournier","1610612753","Orlando Magic",2017,"0021600438","20161222",-1.2,6.05,TRUE
203095,"Evan Fournier","1610612753","Orlando Magic",2017,"0021600438","20161222",-1.9,20.65,FALSE
203095,"Evan Fournier","1610612753","Orlando Magic",2017,"0021600438","20161222",0.9,5.95,TRUE
203095,"Evan Fournier","1610612753","Orlando Magic",2017,"0021600438","20161222",-14.6,23.55,FALSE
203095,"Evan Fournier","1610612753","Orlando Magic",2017,"0021600438","20161222",0,5.95,TRUE
203095,"Evan Fournier","1610612753","Orlando Magic",2017,"0021600438","20161222",1.1,19.15,TRUE
203095,"Evan Fournier","1610612753","Orlando Magic",2017,"0021600438","20161222",1.1,33.05,FALSE
203095,"Evan Fournier","1610612753","Orlando Magic",2017,"0021600438","20161222",3.5,29.15,FALSE
203095,"Evan Fournier","1610612753","Orlando Magic",2017,"0021600438","20161222",5.3,28.95,TRUE
203095,"Evan Fournier","1610612753","Orlando Magic",2017,"0021600438","20161222",0.4,5.55,TRUE
203095,"Evan Fournier","1610612753","Orlando Magic",2017,"0021600438","20161222",-15.1,27.65,FALSE
203095,"Evan Fournier","1610612753","Orlando Magic",2017,"0021600438","20161222",-1.7,5.15,TRUE
203095,"Evan Fournier","1610612753","Orlando Magic",2017,"0021600438","20161222",-1.5,7.85,FALSE
203095,"Evan Fournier","1610612753","Orlando Magic",2017,"0021600438","20161222",-0.6,6.85,FALSE
203095,"Evan Fournier","1610612753","Orlando Magic",2017,"0021600530","20170104",-0.9,5.45,TRUE
203095,"Evan Fournier","1610612753","Orlando Magic",2017,"0021600530","20170104",0,5.45,FALSE
203095,"Evan Fournier","1610612753","Orlando Magic",2017,"0021600530","20170104",15.1,8.05,TRUE
203095,"Evan Fournier","1610612753","Orlando Magic",2017,"0021600530","20170104",-13.2,28.95,FALSE
203095,"Evan Fournier","1610612753","Orlando Magic",2017,"0021600530","20170104",15.3,25.05,FALSE
203095,"Evan Fournier","1610612753","Orlando Magic",2017,"0021600530","20170104",-1.9,5.95,FALSE
203095,"Evan Fournier","1610612753","Orlando Magic",2017,"0021600530","20170104",-11.4,10.95,TRUE
203095,"Evan Fournier","1610612753","Orlando Magic",2017,"0021600530","20170104",1.4,30.95,TRUE
203095,"Evan Fournier","1610612753","Orlando Magic",2017,"0021600530","20170104",-0.1,13.25,FALSE
203095,"Evan Fournier","1610612753","Orlando Magic",2017,"0021600530","20170104",11.7,28.65,TRUE
203095,"Evan Fournier","1610612753","Orlando Magic",2017,"0021600530","20170104",-3.5,17.65,FALSE
203095,"Evan Fournier","1610612753","Orlando Magic",2017,"0021600530","20170104",-23.8,13.75,FALSE
203095,"Evan Fournier","1610612753","Orlando Magic",2017,"0021600530","20170104",-0.9,7.05,TRUE
203095,"Evan Fournier","1610612753","Orlando Magic",2017,"0021600530","20170104",-21.3,23.05,FALSE
203095,"Evan Fournier","1610612753","Orlando Magic",2017,"0021600545","20170106",-1.9,13.25,FALSE
203095,"Evan Fournier","1610612753","Orlando Magic",2017,"0021600545","20170106",0.4,5.45,TRUE
203095,"Evan Fournier","1610612753","Orlando Magic",2017,"0021600545","20170106",-7.4,28.95,FALSE
203095,"Evan Fournier","1610612753","Orlando Magic",2017,"0021600545","20170106",-3,5.45,TRUE
203095,"Evan Fournier","1610612753","Orlando Magic",2017,"0021600545","20170106",-1,18.35,FALSE
203095,"Evan Fournier","1610612753","Orlando Magic",2017,"0021600545","20170106",0.9,6.35,FALSE
203095,"Evan Fournier","1610612753","Orlando Magic",2017,"0021600545","20170106",1.9,4.65,TRUE
203095,"Evan Fournier","1610612753","Orlando Magic",2017,"0021600545","20170106",1.4,5.55,FALSE
203095,"Evan Fournier","1610612753","Orlando Magic",2017,"0021600545","20170106",-1.5,4.65,TRUE
203095,"Evan Fournier","1610612753","Orlando Magic",2017,"0021600545","20170106",-2.8,5.55,FALSE
203095,"Evan Fournier","1610612753","Orlando Magic",2017,"0021600545","20170106",-1.9,29.95,FALSE
203095,"Evan Fournier","1610612753","Orlando Magic",2017,"0021600545","20170106",-6.1,24.55,FALSE
203095,"Evan Fournier","1610612753","Orlando Magic",2017,"0021600545","20170106",-9.6,22.65,FALSE
203095,"Evan Fournier","1610612753","Orlando Magic",2017,"0021600567","20170108",19.1,15.65,FALSE
203095,"Evan Fournier","1610612753","Orlando Magic",2017,"0021600567","20170108",1.3,5.55,TRUE
203095,"Evan Fournier","1610612753","Orlando Magic",2017,"0021600567","20170108",-0.3,5.85,TRUE
203095,"Evan Fournier","1610612753","Orlando Magic",2017,"0021600567","20170108",-5.2,29.35,TRUE
203095,"Evan Fournier","1610612753","Orlando Magic",2017,"0021600567","20170108",-3.4,6.85,FALSE
203095,"Evan Fournier","1610612753","Orlando Magic",2017,"0021600567","20170108",1,5.25,FALSE
203095,"Evan Fournier","1610612753","Orlando Magic",2017,"0021600567","20170108",20.9,21.55,TRUE
203095,"Evan Fournier","1610612753","Orlando Magic",2017,"0021600567","20170108",1.1,9.35,FALSE
203095,"Evan Fournier","1610612753","Orlando Magic",2017,"0021600567","20170108",-1.3,7.35,FALSE
203095,"Evan Fournier","1610612753","Orlando Magic",2017,"0021600567","20170108",-23.1,14.65,FALSE
203095,"Evan Fournier","1610612753","Orlando Magic",2017,"0021600567","20170108",-11.7,21.75,FALSE
203095,"Evan Fournier","1610612753","Orlando Magic",2017,"0021600567","20170108",-0.8,12.75,FALSE
203095,"Evan Fournier","1610612753","Orlando Magic",2017,"0021600567","20170108",-0.8,5.35,TRUE
203095,"Evan Fournier","1610612753","Orlando Magic",2017,"0021600567","20170108",-1.3,4.15,TRUE
203095,"Evan Fournier","1610612753","Orlando Magic",2017,"0021600567","20170108",-20,21.05,FALSE
203095,"Evan Fournier","1610612753","Orlando Magic",2017,"0021600567","20170108",-0.1,5.35,FALSE
203095,"Evan Fournier","1610612753","Orlando Magic",2017,"0021600584","20170111",0.2,8.05,FALSE
203095,"Evan Fournier","1610612753","Orlando Magic",2017,"0021600584","20170111",-5.5,10.85,FALSE
203095,"Evan Fournier","1610612753","Orlando Magic",2017,"0021600584","20170111",-3.2,6.35,TRUE
203095,"Evan Fournier","1610612753","Orlando Magic",2017,"0021600584","20170111",6.3,14.25,FALSE
203095,"Evan Fournier","1610612753","Orlando Magic",2017,"0021600584","20170111",-3,22.15,TRUE
203095,"Evan Fournier","1610612753","Orlando Magic",2017,"0021600584","20170111",-24.3,8.35,FALSE
203095,"Evan Fournier","1610612753","Orlando Magic",2017,"0021600584","20170111",-11,28.95,FALSE
203095,"Evan Fournier","1610612753","Orlando Magic",2017,"0021600584","20170111",-1,5.15,TRUE
203095,"Evan Fournier","1610612753","Orlando Magic",2017,"0021600598","20170113",0.9,18.15,TRUE
203095,"Evan Fournier","1610612753","Orlando Magic",2017,"0021600598","20170113",5.6,17.85,TRUE
203095,"Evan Fournier","1610612753","Orlando Magic",2017,"0021600598","20170113",-22.8,5.15,FALSE
203095,"Evan Fournier","1610612753","Orlando Magic",2017,"0021600598","20170113",6.3,22.15,FALSE
203095,"Evan Fournier","1610612753","Orlando Magic",2017,"0021600598","20170113",-0.9,24.55,FALSE
203095,"Evan Fournier","1610612753","Orlando Magic",2017,"0021600598","20170113",-13.5,26.55,TRUE
203095,"Evan Fournier","1610612753","Orlando Magic",2017,"0021600598","20170113",-5.3,15.75,FALSE
203095,"Evan Fournier","1610612753","Orlando Magic",2017,"0021600598","20170113",23.7,5.25,FALSE
203095,"Evan Fournier","1610612753","Orlando Magic",2017,"0021600598","20170113",-2,5.25,FALSE
203095,"Evan Fournier","1610612753","Orlando Magic",2017,"0021600598","20170113",2.7,6.35,FALSE
203095,"Evan Fournier","1610612753","Orlando Magic",2017,"0021600720","20170130",-16.6,23.05,FALSE
203095,"Evan Fournier","1610612753","Orlando Magic",2017,"0021600720","20170130",-1.5,7.35,FALSE
203095,"Evan Fournier","1610612753","Orlando Magic",2017,"0021600720","20170130",14.5,22.65,FALSE
203095,"Evan Fournier","1610612753","Orlando Magic",2017,"0021600720","20170130",-17.7,22.65,FALSE
203095,"Evan Fournier","1610612753","Orlando Magic",2017,"0021600720","20170130",-22.8,3.35,TRUE
203095,"Evan Fournier","1610612753","Orlando Magic",2017,"0021600720","20170130",0.2,7.35,TRUE
203095,"Evan Fournier","1610612753","Orlando Magic",2017,"0021600720","20170130",0.2,9.95,TRUE
203095,"Evan Fournier","1610612753","Orlando Magic",2017,"0021600720","20170130",5,24.75,FALSE
203095,"Evan Fournier","1610612753","Orlando Magic",2017,"0021600720","20170130",-0.6,6.55,TRUE
203095,"Evan Fournier","1610612753","Orlando Magic",2017,"0021600720","20170130",-21.3,17.25,FALSE
203095,"Evan Fournier","1610612753","Orlando Magic",2017,"0021600720","20170130",0,6.35,FALSE
203095,"Evan Fournier","1610612753","Orlando Magic",2017,"0021600730","20170201",-10.5,15.75,FALSE
203095,"Evan Fournier","1610612753","Orlando Magic",2017,"0021600730","20170201",-1.4,6.05,FALSE
203095,"Evan Fournier","1610612753","Orlando Magic",2017,"0021600730","20170201",-13.5,27.55,TRUE
203095,"Evan Fournier","1610612753","Orlando Magic",2017,"0021600730","20170201",-23.3,11.45,FALSE
203095,"Evan Fournier","1610612753","Orlando Magic",2017,"0021600730","20170201",-5.5,29.45,FALSE
203095,"Evan Fournier","1610612753","Orlando Magic",2017,"0021600730","20170201",-0.6,30.45,TRUE
203095,"Evan Fournier","1610612753","Orlando Magic",2017,"0021600730","20170201",-5.1,30.45,FALSE
203095,"Evan Fournier","1610612753","Orlando Magic",2017,"0021600730","20170201",7.1,11.75,TRUE
203095,"Evan Fournier","1610612753","Orlando Magic",2017,"0021600746","20170203",-14,26.05,TRUE
203095,"Evan Fournier","1610612753","Orlando Magic",2017,"0021600746","20170203",4.2,31.95,FALSE
203095,"Evan Fournier","1610612753","Orlando Magic",2017,"0021600746","20170203",-0.1,6.85,FALSE
203095,"Evan Fournier","1610612753","Orlando Magic",2017,"0021600746","20170203",-16.6,11.45,TRUE
203095,"Evan Fournier","1610612753","Orlando Magic",2017,"0021600746","20170203",-19.4,22.15,TRUE
203095,"Evan Fournier","1610612753","Orlando Magic",2017,"0021600746","20170203",0.1,10.85,FALSE
203095,"Evan Fournier","1610612753","Orlando Magic",2017,"0021600746","20170203",-14.6,10.85,FALSE
203095,"Evan Fournier","1610612753","Orlando Magic",2017,"0021600746","20170203",8.8,5.15,FALSE
203095,"Evan Fournier","1610612753","Orlando Magic",2017,"0021600746","20170203",-8.4,23.55,FALSE
203095,"Evan Fournier","1610612753","Orlando Magic",2017,"0021600746","20170203",-0.6,6.05,TRUE
203095,"Evan Fournier","1610612753","Orlando Magic",2017,"0021600746","20170203",17.1,23.75,FALSE
203095,"Evan Fournier","1610612753","Orlando Magic",2017,"0021600746","20170203",0.4,10.35,TRUE
203095,"Evan Fournier","1610612753","Orlando Magic",2017,"0021600756","20170204",-20.4,6.85,FALSE
203095,"Evan Fournier","1610612753","Orlando Magic",2017,"0021600756","20170204",-16.9,23.55,FALSE
203095,"Evan Fournier","1610612753","Orlando Magic",2017,"0021600756","20170204",-0.2,6.05,FALSE
203095,"Evan Fournier","1610612753","Orlando Magic",2017,"0021600756","20170204",23.3,8.05,FALSE
203095,"Evan Fournier","1610612753","Orlando Magic",2017,"0021600756","20170204",-0.4,5.95,TRUE
203095,"Evan Fournier","1610612753","Orlando Magic",2017,"0021600756","20170204",7.9,21.65,TRUE
203095,"Evan Fournier","1610612753","Orlando Magic",2017,"0021600756","20170204",-2.8,5.95,FALSE
203095,"Evan Fournier","1610612753","Orlando Magic",2017,"0021600756","20170204",-5.5,13.25,TRUE
203095,"Evan Fournier","1610612753","Orlando Magic",2017,"0021600756","20170204",2.9,15.35,FALSE
203095,"Evan Fournier","1610612753","Orlando Magic",2017,"0021600756","20170204",-0.6,6.35,FALSE
203095,"Evan Fournier","1610612753","Orlando Magic",2017,"0021600756","20170204",-23.3,7.35,FALSE
203095,"Evan Fournier","1610612753","Orlando Magic",2017,"0021600756","20170204",-1.5,6.05,FALSE
203095,"Evan Fournier","1610612753","Orlando Magic",2017,"0021600780","20170207",-10.1,27.15,FALSE
203095,"Evan Fournier","1610612753","Orlando Magic",2017,"0021600780","20170207",5,28.95,TRUE
203095,"Evan Fournier","1610612753","Orlando Magic",2017,"0021600780","20170207",13.5,25.55,FALSE
203095,"Evan Fournier","1610612753","Orlando Magic",2017,"0021600780","20170207",5,29.95,FALSE
203095,"Evan Fournier","1610612753","Orlando Magic",2017,"0021600780","20170207",-13.8,26.05,FALSE
203095,"Evan Fournier","1610612753","Orlando Magic",2017,"0021600780","20170207",-1.5,5.55,FALSE
203095,"Evan Fournier","1610612753","Orlando Magic",2017,"0021600780","20170207",-22.7,16.75,FALSE
203095,"Evan Fournier","1610612753","Orlando Magic",2017,"0021600780","20170207",-2,5.95,TRUE
203095,"Evan Fournier","1610612753","Orlando Magic",2017,"0021600780","20170207",1.4,5.95,TRUE
203095,"Evan Fournier","1610612753","Orlando Magic",2017,"0021600780","20170207",-1.9,5.45,TRUE
203095,"Evan Fournier","1610612753","Orlando Magic",2017,"0021600780","20170207",-2.7,5.95,TRUE
203095,"Evan Fournier","1610612753","Orlando Magic",2017,"0021600780","20170207",5.3,7.35,FALSE
203095,"Evan Fournier","1610612753","Orlando Magic",2017,"0021600780","20170207",1.4,5.45,TRUE
203095,"Evan Fournier","1610612753","Orlando Magic",2017,"0021600780","20170207",-12.7,14.95,TRUE
203095,"Evan Fournier","1610612753","Orlando Magic",2017,"0021600780","20170207",6.6,29.45,FALSE
203095,"Evan Fournier","1610612753","Orlando Magic",2017,"0021600780","20170207",-18.7,22.15,FALSE
203095,"Evan Fournier","1610612753","Orlando Magic",2017,"0021600795","20170209",-2.7,5.95,TRUE
203095,"Evan Fournier","1610612753","Orlando Magic",2017,"0021600795","20170209",1.1,30.65,TRUE
203095,"Evan Fournier","1610612753","Orlando Magic",2017,"0021600795","20170209",-1,8.05,TRUE
203095,"Evan Fournier","1610612753","Orlando Magic",2017,"0021600795","20170209",5.3,28.95,TRUE
203095,"Evan Fournier","1610612753","Orlando Magic",2017,"0021600795","20170209",-0.2,29.15,FALSE
203095,"Evan Fournier","1610612753","Orlando Magic",2017,"0021600795","20170209",-11.2,21.15,FALSE
203095,"Evan Fournier","1610612753","Orlando Magic",2017,"0021600795","20170209",1.6,6.85,FALSE
203095,"Evan Fournier","1610612753","Orlando Magic",2017,"0021600795","20170209",-4.8,10.35,FALSE
203095,"Evan Fournier","1610612753","Orlando Magic",2017,"0021600795","20170209",-2.5,7.15,FALSE
203095,"Evan Fournier","1610612753","Orlando Magic",2017,"0021600795","20170209",-0.8,7.65,FALSE
203095,"Evan Fournier","1610612753","Orlando Magic",2017,"0021600795","20170209",-3.7,9.35,FALSE
203095,"Evan Fournier","1610612753","Orlando Magic",2017,"0021600795","20170209",0,5.35,TRUE
203095,"Evan Fournier","1610612753","Orlando Magic",2017,"0021600795","20170209",0.7,6.55,FALSE
203095,"Evan Fournier","1610612753","Orlando Magic",2017,"0021600795","20170209",-1.4,6.35,TRUE
203095,"Evan Fournier","1610612753","Orlando Magic",2017,"0021600795","20170209",-1.3,7.15,FALSE
203095,"Evan Fournier","1610612753","Orlando Magic",2017,"0021600795","20170209",-7.8,7.35,TRUE
203095,"Evan Fournier","1610612753","Orlando Magic",2017,"0021600795","20170209",23,9.55,FALSE
203095,"Evan Fournier","1610612753","Orlando Magic",2017,"0021600795","20170209",3.5,20.15,FALSE
203095,"Evan Fournier","1610612753","Orlando Magic",2017,"0021600795","20170209",-5.1,13.25,FALSE
203095,"Evan Fournier","1610612753","Orlando Magic",2017,"0021600795","20170209",1.9,29.45,TRUE
203095,"Evan Fournier","1610612753","Orlando Magic",2017,"0021600795","20170209",-5,31.15,FALSE
203095,"Evan Fournier","1610612753","Orlando Magic",2017,"0021600814","20170211",2.7,7.05,TRUE
203095,"Evan Fournier","1610612753","Orlando Magic",2017,"0021600814","20170211",-21,8.85,TRUE
203095,"Evan Fournier","1610612753","Orlando Magic",2017,"0021600814","20170211",-0.9,10.35,TRUE
203095,"Evan Fournier","1610612753","Orlando Magic",2017,"0021600814","20170211",0.9,5.15,FALSE
203095,"Evan Fournier","1610612753","Orlando Magic",2017,"0021600814","20170211",0.2,6.35,FALSE
203095,"Evan Fournier","1610612753","Orlando Magic",2017,"0021600814","20170211",-15.1,6.55,TRUE
203095,"Evan Fournier","1610612753","Orlando Magic",2017,"0021600814","20170211",-7.4,21.65,TRUE
203095,"Evan Fournier","1610612753","Orlando Magic",2017,"0021600814","20170211",-3.3,14.25,TRUE
203095,"Evan Fournier","1610612753","Orlando Magic",2017,"0021600814","20170211",-13.2,26.05,FALSE
203095,"Evan Fournier","1610612753","Orlando Magic",2017,"0021600814","20170211",0.4,11.35,FALSE
203095,"Evan Fournier","1610612753","Orlando Magic",2017,"0021600814","20170211",-7.1,28.95,FALSE
203095,"Evan Fournier","1610612753","Orlando Magic",2017,"0021600814","20170211",11.4,26.25,FALSE
203095,"Evan Fournier","1610612753","Orlando Magic",2017,"0021600814","20170211",-1.5,29.45,FALSE
203095,"Evan Fournier","1610612753","Orlando Magic",2017,"0021600814","20170211",-3,19.85,FALSE
203095,"Evan Fournier","1610612753","Orlando Magic",2017,"0021600823","20170213",-0.9,7.35,TRUE
203095,"Evan Fournier","1610612753","Orlando Magic",2017,"0021600823","20170213",10.6,21.25,FALSE
203095,"Evan Fournier","1610612753","Orlando Magic",2017,"0021600823","20170213",3,17.65,TRUE
203095,"Evan Fournier","1610612753","Orlando Magic",2017,"0021600823","20170213",-1,14.75,FALSE
203095,"Evan Fournier","1610612753","Orlando Magic",2017,"0021600823","20170213",-7.4,7.35,TRUE
203095,"Evan Fournier","1610612753","Orlando Magic",2017,"0021600823","20170213",-16.3,24.55,FALSE
203095,"Evan Fournier","1610612753","Orlando Magic",2017,"0021600823","20170213",-0.9,23.55,TRUE
203095,"Evan Fournier","1610612753","Orlando Magic",2017,"0021600823","20170213",5.2,10.85,TRUE
203095,"Evan Fournier","1610612753","Orlando Magic",2017,"0021600823","20170213",-15.8,24.55,FALSE
203095,"Evan Fournier","1610612753","Orlando Magic",2017,"0021600823","20170213",-4.8,8.35,FALSE
203095,"Evan Fournier","1610612753","Orlando Magic",2017,"0021600823","20170213",-6,13.75,FALSE
203095,"Evan Fournier","1610612753","Orlando Magic",2017,"0021600823","20170213",-19.1,21.25,TRUE
203095,"Evan Fournier","1610612753","Orlando Magic",2017,"0021600823","20170213",-7.1,11.75,FALSE
203095,"Evan Fournier","1610612753","Orlando Magic",2017,"0021600823","20170213",1.4,6.05,TRUE
203095,"Evan Fournier","1610612753","Orlando Magic",2017,"0021600823","20170213",-17.3,6.35,TRUE
203095,"Evan Fournier","1610612753","Orlando Magic",2017,"0021600823","20170213",2,6.55,TRUE
203095,"Evan Fournier","1610612753","Orlando Magic",2017,"0021600823","20170213",-19.2,21.75,TRUE
203095,"Evan Fournier","1610612753","Orlando Magic",2017,"0021600834","20170215",15.1,25.05,FALSE
203095,"Evan Fournier","1610612753","Orlando Magic",2017,"0021600834","20170215",1.6,7.55,FALSE
203095,"Evan Fournier","1610612753","Orlando Magic",2017,"0021600834","20170215",0,5.35,TRUE
203095,"Evan Fournier","1610612753","Orlando Magic",2017,"0021600834","20170215",-1.2,6.35,FALSE
203095,"Evan Fournier","1610612753","Orlando Magic",2017,"0021600834","20170215",-11.7,20.85,TRUE
203095,"Evan Fournier","1610612753","Orlando Magic",2017,"0021600834","20170215",-2.2,6.85,FALSE
203095,"Evan Fournier","1610612753","Orlando Magic",2017,"0021600834","20170215",-8.9,28.95,FALSE
203095,"Evan Fournier","1610612753","Orlando Magic",2017,"0021600834","20170215",23.2,9.05,TRUE
203095,"Evan Fournier","1610612753","Orlando Magic",2017,"0021600834","20170215",5.6,29.95,FALSE
203095,"Evan Fournier","1610612753","Orlando Magic",2017,"0021600834","20170215",-14.3,60.25,FALSE
203095,"Evan Fournier","1610612753","Orlando Magic",2017,"0021600834","20170215",-15.8,6.85,FALSE
203095,"Evan Fournier","1610612753","Orlando Magic",2017,"0021600850","20170223",-0.4,6.85,FALSE
203095,"Evan Fournier","1610612753","Orlando Magic",2017,"0021600850","20170223",-3.8,11.75,FALSE
203095,"Evan Fournier","1610612753","Orlando Magic",2017,"0021600850","20170223",-15.3,7.85,FALSE
203095,"Evan Fournier","1610612753","Orlando Magic",2017,"0021600850","20170223",1.6,12.75,FALSE
203095,"Evan Fournier","1610612753","Orlando Magic",2017,"0021600850","20170223",0.7,5.95,TRUE
203095,"Evan Fournier","1610612753","Orlando Magic",2017,"0021600850","20170223",0,9.85,TRUE
203095,"Evan Fournier","1610612753","Orlando Magic",2017,"0021600850","20170223",-24.5,9.55,FALSE
203095,"Evan Fournier","1610612753","Orlando Magic",2017,"0021600850","20170223",0.5,7.15,TRUE
203095,"Evan Fournier","1610612753","Orlando Magic",2017,"0021600850","20170223",-0.9,12.25,FALSE
203095,"Evan Fournier","1610612753","Orlando Magic",2017,"0021600850","20170223",-0.4,6.85,FALSE
203095,"Evan Fournier","1610612753","Orlando Magic",2017,"0021600850","20170223",-0.1,12.75,TRUE
203095,"Evan Fournier","1610612753","Orlando Magic",2017,"0021600850","20170223",22.8,5.25,FALSE
203095,"Evan Fournier","1610612753","Orlando Magic",2017,"0021600850","20170223",-0.9,6.85,TRUE
203095,"Evan Fournier","1610612753","Orlando Magic",2017,"0021600850","20170223",-2.8,8.05,TRUE
203095,"Evan Fournier","1610612753","Orlando Magic",2017,"0021600850","20170223",22.8,5.45,FALSE
203095,"Evan Fournier","1610612753","Orlando Magic",2017,"0021600850","20170223",10.9,27.05,TRUE
203095,"Evan Fournier","1610612753","Orlando Magic",2017,"0021600850","20170223",-7.9,21.75,FALSE
203095,"Evan Fournier","1610612753","Orlando Magic",2017,"0021600867","20170225",-18.2,3.65,FALSE
203095,"Evan Fournier","1610612753","Orlando Magic",2017,"0021600867","20170225",-12.3,7.05,FALSE
203095,"Evan Fournier","1610612753","Orlando Magic",2017,"0021600867","20170225",15.6,24.55,FALSE
203095,"Evan Fournier","1610612753","Orlando Magic",2017,"0021600867","20170225",-24.6,4.15,FALSE
203095,"Evan Fournier","1610612753","Orlando Magic",2017,"0021600867","20170225",-24.6,3.75,FALSE
203095,"Evan Fournier","1610612753","Orlando Magic",2017,"0021600867","20170225",-25,5.45,FALSE
203095,"Evan Fournier","1610612753","Orlando Magic",2017,"0021600867","20170225",16.8,25.55,TRUE
203095,"Evan Fournier","1610612753","Orlando Magic",2017,"0021600867","20170225",-19.1,22.15,FALSE
203095,"Evan Fournier","1610612753","Orlando Magic",2017,"0021600867","20170225",-9.2,8.35,FALSE
203095,"Evan Fournier","1610612753","Orlando Magic",2017,"0021600867","20170225",22.2,7.85,FALSE
203095,"Evan Fournier","1610612753","Orlando Magic",2017,"0021600867","20170225",-3.7,10.35,TRUE
203095,"Evan Fournier","1610612753","Orlando Magic",2017,"0021600895","20170301",-14,23.55,TRUE
203095,"Evan Fournier","1610612753","Orlando Magic",2017,"0021600895","20170301",-12.8,27.15,FALSE
203095,"Evan Fournier","1610612753","Orlando Magic",2017,"0021600895","20170301",-4.2,14.75,FALSE
203095,"Evan Fournier","1610612753","Orlando Magic",2017,"0021600895","20170301",-2.2,4.65,TRUE
203095,"Evan Fournier","1610612753","Orlando Magic",2017,"0021600895","20170301",-24.8,13.45,FALSE
203095,"Evan Fournier","1610612753","Orlando Magic",2017,"0021600895","20170301",-1.7,5.45,TRUE
203095,"Evan Fournier","1610612753","Orlando Magic",2017,"0021600895","20170301",-1.4,6.85,TRUE
203095,"Evan Fournier","1610612753","Orlando Magic",2017,"0021600895","20170301",0,5.35,TRUE
203095,"Evan Fournier","1610612753","Orlando Magic",2017,"0021600895","20170301",-1.7,29.45,TRUE
203095,"Evan Fournier","1610612753","Orlando Magic",2017,"0021600895","20170301",-24,7.85,TRUE
203095,"Evan Fournier","1610612753","Orlando Magic",2017,"0021600895","20170301",18.1,24.55,FALSE
203095,"Evan Fournier","1610612753","Orlando Magic",2017,"0021600895","20170301",2.4,6.35,FALSE
203095,"Evan Fournier","1610612753","Orlando Magic",2017,"0021600895","20170301",-10.1,28.45,FALSE
203095,"Evan Fournier","1610612753","Orlando Magic",2017,"0021600895","20170301",-10.1,29.15,FALSE
203095,"Evan Fournier","1610612753","Orlando Magic",2017,"0021600895","20170301",0,7.35,TRUE
203095,"Evan Fournier","1610612753","Orlando Magic",2017,"0021600911","20170303",-0.6,23.75,FALSE
203095,"Evan Fournier","1610612753","Orlando Magic",2017,"0021600911","20170303",-0.9,5.95,FALSE
203095,"Evan Fournier","1610612753","Orlando Magic",2017,"0021600911","20170303",-0.9,4.15,FALSE
203095,"Evan Fournier","1610612753","Orlando Magic",2017,"0021600911","20170303",0,6.35,FALSE
203095,"Evan Fournier","1610612753","Orlando Magic",2017,"0021600911","20170303",-1.4,6.85,TRUE
203095,"Evan Fournier","1610612753","Orlando Magic",2017,"0021600911","20170303",-1.9,5.25,FALSE
203095,"Evan Fournier","1610612753","Orlando Magic",2017,"0021600911","20170303",-4.8,20.15,TRUE
203095,"Evan Fournier","1610612753","Orlando Magic",2017,"0021600911","20170303",-1.4,5.15,TRUE
203095,"Evan Fournier","1610612753","Orlando Magic",2017,"0021600911","20170303",0.2,11.45,FALSE
203095,"Evan Fournier","1610612753","Orlando Magic",2017,"0021600911","20170303",-2.4,30.45,TRUE
203095,"Evan Fournier","1610612753","Orlando Magic",2017,"0021600930","20170305",-10.4,14.75,FALSE
203095,"Evan Fournier","1610612753","Orlando Magic",2017,"0021600930","20170305",22.7,17.85,FALSE
203095,"Evan Fournier","1610612753","Orlando Magic",2017,"0021600930","20170305",0,14.95,TRUE
203095,"Evan Fournier","1610612753","Orlando Magic",2017,"0021600930","20170305",-8.1,31.45,FALSE
203095,"Evan Fournier","1610612753","Orlando Magic",2017,"0021600930","20170305",-5.6,11.95,FALSE
203095,"Evan Fournier","1610612753","Orlando Magic",2017,"0021600930","20170305",-3.3,6.05,TRUE
203095,"Evan Fournier","1610612753","Orlando Magic",2017,"0021600930","20170305",-23,6.55,TRUE
203095,"Evan Fournier","1610612753","Orlando Magic",2017,"0021600930","20170305",-24.5,3.65,FALSE
203095,"Evan Fournier","1610612753","Orlando Magic",2017,"0021600930","20170305",-6.9,6.05,FALSE
203095,"Evan Fournier","1610612753","Orlando Magic",2017,"0021600930","20170305",9.2,30.65,FALSE
203095,"Evan Fournier","1610612753","Orlando Magic",2017,"0021600930","20170305",-10.9,30.95,TRUE
203095,"Evan Fournier","1610612753","Orlando Magic",2017,"0021600930","20170305",-0.9,8.05,TRUE
203095,"Evan Fournier","1610612753","Orlando Magic",2017,"0021600930","20170305",-9.9,30.45,FALSE
203095,"Evan Fournier","1610612753","Orlando Magic",2017,"0021600930","20170305",-23.5,5.15,TRUE
203095,"Evan Fournier","1610612753","Orlando Magic",2017,"0021600930","20170305",-7.4,31.65,FALSE
203095,"Evan Fournier","1610612753","Orlando Magic",2017,"0021600930","20170305",-0.2,6.55,TRUE
203095,"Evan Fournier","1610612753","Orlando Magic",2017,"0021600935","20170306",9.4,11.75,TRUE
203095,"Evan Fournier","1610612753","Orlando Magic",2017,"0021600935","20170306",14.3,27.15,TRUE
203095,"Evan Fournier","1610612753","Orlando Magic",2017,"0021600935","20170306",2.4,13.75,FALSE
203095,"Evan Fournier","1610612753","Orlando Magic",2017,"0021600935","20170306",23.7,13.75,TRUE
203095,"Evan Fournier","1610612753","Orlando Magic",2017,"0021600935","20170306",23.2,12.25,TRUE
203095,"Evan Fournier","1610612753","Orlando Magic",2017,"0021600935","20170306",-0.6,8.85,TRUE
203095,"Evan Fournier","1610612753","Orlando Magic",2017,"0021600935","20170306",12.7,26.25,FALSE
203095,"Evan Fournier","1610612753","Orlando Magic",2017,"0021600935","20170306",23.8,8.55,TRUE
203095,"Evan Fournier","1610612753","Orlando Magic",2017,"0021600935","20170306",-2.4,7.55,TRUE
203095,"Evan Fournier","1610612753","Orlando Magic",2017,"0021600935","20170306",11.2,27.55,FALSE
203095,"Evan Fournier","1610612753","Orlando Magic",2017,"0021600935","20170306",2,7.85,FALSE
203095,"Evan Fournier","1610612753","Orlando Magic",2017,"0021600935","20170306",0,5.35,TRUE
203095,"Evan Fournier","1610612753","Orlando Magic",2017,"0021600935","20170306",-6.8,13.25,FALSE
203095,"Evan Fournier","1610612753","Orlando Magic",2017,"0021600935","20170306",-1,7.05,TRUE
203095,"Evan Fournier","1610612753","Orlando Magic",2017,"0021600935","20170306",13.2,26.05,FALSE
203095,"Evan Fournier","1610612753","Orlando Magic",2017,"0021600935","20170306",22,16.75,FALSE
203095,"Evan Fournier","1610612753","Orlando Magic",2017,"0021600935","20170306",15,26.05,FALSE
203095,"Evan Fournier","1610612753","Orlando Magic",2017,"0021600949","20170308",-13,26.05,TRUE
203095,"Evan Fournier","1610612753","Orlando Magic",2017,"0021600949","20170308",1.4,6.85,FALSE
203095,"Evan Fournier","1610612753","Orlando Magic",2017,"0021600949","20170308",-7.9,23.05,FALSE
203095,"Evan Fournier","1610612753","Orlando Magic",2017,"0021600949","20170308",-0.1,7.35,FALSE
203095,"Evan Fournier","1610612753","Orlando Magic",2017,"0021600949","20170308",0.1,6.05,TRUE
203095,"Evan Fournier","1610612753","Orlando Magic",2017,"0021600949","20170308",-0.9,10.85,FALSE
203095,"Evan Fournier","1610612753","Orlando Magic",2017,"0021600949","20170308",1.6,30.95,FALSE
203095,"Evan Fournier","1610612753","Orlando Magic",2017,"0021600949","20170308",-24.1,6.85,FALSE
203095,"Evan Fournier","1610612753","Orlando Magic",2017,"0021600949","20170308",8.9,25.55,FALSE
203095,"Evan Fournier","1610612753","Orlando Magic",2017,"0021600949","20170308",-1.4,6.35,FALSE
203095,"Evan Fournier","1610612753","Orlando Magic",2017,"0021600949","20170308",14.8,26.05,TRUE
203095,"Evan Fournier","1610612753","Orlando Magic",2017,"0021600949","20170308",-0.6,6.55,TRUE
203095,"Evan Fournier","1610612753","Orlando Magic",2017,"0021600949","20170308",-2.4,15.25,TRUE
203095,"Evan Fournier","1610612753","Orlando Magic",2017,"0021600949","20170308",0.1,19.15,TRUE
203095,"Evan Fournier","1610612753","Orlando Magic",2017,"0021600949","20170308",-11.9,27.55,TRUE
203095,"Evan Fournier","1610612753","Orlando Magic",2017,"0021600949","20170308",0.1,7.35,FALSE
203095,"Evan Fournier","1610612753","Orlando Magic",2017,"0021600949","20170308",0.7,6.35,FALSE
203095,"Evan Fournier","1610612753","Orlando Magic",2017,"0021600965","20170310",-9.4,27.65,FALSE
203095,"Evan Fournier","1610612753","Orlando Magic",2017,"0021600965","20170310",5,28.85,FALSE
203095,"Evan Fournier","1610612753","Orlando Magic",2017,"0021600965","20170310",0.6,5.95,TRUE
203095,"Evan Fournier","1610612753","Orlando Magic",2017,"0021600965","20170310",-19.5,20.85,FALSE
203095,"Evan Fournier","1610612753","Orlando Magic",2017,"0021600965","20170310",0.1,6.05,TRUE
203095,"Evan Fournier","1610612753","Orlando Magic",2017,"0021600965","20170310",-6.3,17.35,TRUE
203095,"Evan Fournier","1610612753","Orlando Magic",2017,"0021600965","20170310",1.4,5.25,TRUE
203095,"Evan Fournier","1610612753","Orlando Magic",2017,"0021600965","20170310",1.1,6.55,FALSE
203095,"Evan Fournier","1610612753","Orlando Magic",2017,"0021600965","20170310",23.2,7.35,FALSE
203095,"Evan Fournier","1610612753","Orlando Magic",2017,"0021600965","20170310",7.8,28.65,TRUE
203095,"Evan Fournier","1610612753","Orlando Magic",2017,"0021600965","20170310",7.4,10.95,FALSE
203095,"Evan Fournier","1610612753","Orlando Magic",2017,"0021600965","20170310",-0.6,30.45,TRUE
203095,"Evan Fournier","1610612753","Orlando Magic",2017,"0021600965","20170310",-0.4,10.85,FALSE
203095,"Evan Fournier","1610612753","Orlando Magic",2017,"0021600977","20170311",-1.5,5.15,FALSE
203095,"Evan Fournier","1610612753","Orlando Magic",2017,"0021600977","20170311",-5.5,22.75,TRUE
203095,"Evan Fournier","1610612753","Orlando Magic",2017,"0021600977","20170311",-1.4,6.85,FALSE
203095,"Evan Fournier","1610612753","Orlando Magic",2017,"0021600977","20170311",-10.5,29.45,FALSE
203095,"Evan Fournier","1610612753","Orlando Magic",2017,"0021600977","20170311",16.1,20.65,TRUE
203095,"Evan Fournier","1610612753","Orlando Magic",2017,"0021600977","20170311",21.5,16.85,TRUE
203095,"Evan Fournier","1610612753","Orlando Magic",2017,"0021600977","20170311",2.7,29.95,TRUE
203095,"Evan Fournier","1610612753","Orlando Magic",2017,"0021600977","20170311",-15.6,27.05,FALSE
203095,"Evan Fournier","1610612753","Orlando Magic",2017,"0021600977","20170311",-9.6,28.05,FALSE
203095,"Evan Fournier","1610612753","Orlando Magic",2017,"0021600977","20170311",1.1,4.15,FALSE
203095,"Evan Fournier","1610612753","Orlando Magic",2017,"0021600997","20170313",-0.1,13.25,TRUE
203095,"Evan Fournier","1610612753","Orlando Magic",2017,"0021600997","20170313",16,25.05,FALSE
203095,"Evan Fournier","1610612753","Orlando Magic",2017,"0021600997","20170313",0.7,8.85,FALSE
203095,"Evan Fournier","1610612753","Orlando Magic",2017,"0021600997","20170313",6.2,9.65,FALSE
203095,"Evan Fournier","1610612753","Orlando Magic",2017,"0021600997","20170313",-22.8,16.85,FALSE
203095,"Evan Fournier","1610612753","Orlando Magic",2017,"0021600997","20170313",-0.9,30.65,FALSE
203095,"Evan Fournier","1610612753","Orlando Magic",2017,"0021600997","20170313",-2.7,5.95,TRUE
203095,"Evan Fournier","1610612753","Orlando Magic",2017,"0021600997","20170313",-23.6,6.35,TRUE
203095,"Evan Fournier","1610612753","Orlando Magic",2017,"0021600997","20170313",-0.9,12.25,TRUE
203095,"Evan Fournier","1610612753","Orlando Magic",2017,"0021600997","20170313",16,24.75,TRUE
203095,"Evan Fournier","1610612753","Orlando Magic",2017,"0021600997","20170313",-14,28.15,FALSE
203095,"Evan Fournier","1610612753","Orlando Magic",2017,"0021600997","20170313",-2.7,5.95,FALSE
203095,"Evan Fournier","1610612753","Orlando Magic",2017,"0021600997","20170313",-23.3,7.05,TRUE
203095,"Evan Fournier","1610612753","Orlando Magic",2017,"0021600997","20170313",-1.4,30.15,TRUE
203095,"Evan Fournier","1610612753","Orlando Magic",2017,"0021600997","20170313",12.4,26.65,FALSE
203095,"Evan Fournier","1610612753","Orlando Magic",2017,"0021600997","20170313",-3.5,6.55,TRUE
203095,"Evan Fournier","1610612753","Orlando Magic",2017,"0021600997","20170313",-23.8,5.95,FALSE
203095,"Evan Fournier","1610612753","Orlando Magic",2017,"0021600997","20170313",-22.5,15.25,FALSE
203095,"Evan Fournier","1610612753","Orlando Magic",2017,"0021601019","20170316",-15.1,27.05,FALSE
203095,"Evan Fournier","1610612753","Orlando Magic",2017,"0021601019","20170316",8.6,29.45,FALSE
203095,"Evan Fournier","1610612753","Orlando Magic",2017,"0021601019","20170316",-18.1,26.65,TRUE
203095,"Evan Fournier","1610612753","Orlando Magic",2017,"0021601019","20170316",-17.1,26.55,FALSE
203095,"Evan Fournier","1610612753","Orlando Magic",2017,"0021601019","20170316",0.6,8.35,FALSE
203095,"Evan Fournier","1610612753","Orlando Magic",2017,"0021601019","20170316",-23.2,14.75,FALSE
203095,"Evan Fournier","1610612753","Orlando Magic",2017,"0021601019","20170316",-15.5,31.15,TRUE
203095,"Evan Fournier","1610612753","Orlando Magic",2017,"0021601019","20170316",0.6,18.15,FALSE
203095,"Evan Fournier","1610612753","Orlando Magic",2017,"0021601019","20170316",14.3,27.15,TRUE
203095,"Evan Fournier","1610612753","Orlando Magic",2017,"0021601026","20170317",-0.9,5.45,FALSE
203095,"Evan Fournier","1610612753","Orlando Magic",2017,"0021601026","20170317",-24.6,4.15,FALSE
203095,"Evan Fournier","1610612753","Orlando Magic",2017,"0021601026","20170317",-0.1,5.45,TRUE
203095,"Evan Fournier","1610612753","Orlando Magic",2017,"0021601026","20170317",-0.9,6.55,TRUE
203095,"Evan Fournier","1610612753","Orlando Magic",2017,"0021601026","20170317",8.6,28.05,TRUE
203095,"Evan Fournier","1610612753","Orlando Magic",2017,"0021601026","20170317",-24,4.65,TRUE
203095,"Evan Fournier","1610612753","Orlando Magic",2017,"0021601026","20170317",23.5,4.15,FALSE
203095,"Evan Fournier","1610612753","Orlando Magic",2017,"0021601026","20170317",-20.7,19.85,FALSE
203095,"Evan Fournier","1610612753","Orlando Magic",2017,"0021601026","20170317",-14,28.95,FALSE
203095,"Evan Fournier","1610612753","Orlando Magic",2017,"0021601026","20170317",-12.8,7.55,FALSE
203095,"Evan Fournier","1610612753","Orlando Magic",2017,"0021601026","20170317",-0.4,5.15,TRUE
203095,"Evan Fournier","1610612753","Orlando Magic",2017,"0021601026","20170317",-1.4,7.55,FALSE
203095,"Evan Fournier","1610612753","Orlando Magic",2017,"0021601026","20170317",5.5,7.85,TRUE
203095,"Evan Fournier","1610612753","Orlando Magic",2017,"0021601026","20170317",23.5,9.95,FALSE
203095,"Evan Fournier","1610612753","Orlando Magic",2017,"0021601026","20170317",-3,14.25,FALSE
203095,"Evan Fournier","1610612753","Orlando Magic",2017,"0021601026","20170317",-0.9,32.45,TRUE
203095,"Evan Fournier","1610612753","Orlando Magic",2017,"0021601026","20170317",-1.2,6.35,TRUE
203095,"Evan Fournier","1610612753","Orlando Magic",2017,"0021601026","20170317",7.3,11.35,FALSE
203095,"Evan Fournier","1610612753","Orlando Magic",2017,"0021601026","20170317",23.5,10.35,FALSE
203095,"Evan Fournier","1610612753","Orlando Magic",2017,"0021601045","20170320",-8.9,19.15,TRUE
203095,"Evan Fournier","1610612753","Orlando Magic",2017,"0021601045","20170320",2.4,5.45,FALSE
203095,"Evan Fournier","1610612753","Orlando Magic",2017,"0021601045","20170320",-1,7.35,TRUE
203095,"Evan Fournier","1610612753","Orlando Magic",2017,"0021601045","20170320",15.6,23.75,FALSE
203095,"Evan Fournier","1610612753","Orlando Magic",2017,"0021601045","20170320",0,6.45,FALSE
203095,"Evan Fournier","1610612753","Orlando Magic",2017,"0021601045","20170320",7.9,28.15,FALSE
203095,"Evan Fournier","1610612753","Orlando Magic",2017,"0021601045","20170320",22.9,5.65,FALSE
203095,"Evan Fournier","1610612753","Orlando Magic",2017,"0021601045","20170320",23,5.95,TRUE
203095,"Evan Fournier","1610612753","Orlando Magic",2017,"0021601045","20170320",-1,7.55,TRUE
203095,"Evan Fournier","1610612753","Orlando Magic",2017,"0021601045","20170320",-12.3,18.65,FALSE
203095,"Evan Fournier","1610612753","Orlando Magic",2017,"0021601045","20170320",-16.9,25.05,FALSE
203095,"Evan Fournier","1610612753","Orlando Magic",2017,"0021601045","20170320",4.3,27.15,TRUE
203095,"Evan Fournier","1610612753","Orlando Magic",2017,"0021601045","20170320",0.2,11.75,TRUE
203095,"Evan Fournier","1610612753","Orlando Magic",2017,"0021601059","20170322",4.2,31.45,TRUE
203095,"Evan Fournier","1610612753","Orlando Magic",2017,"0021601059","20170322",1.4,6.05,TRUE
203095,"Evan Fournier","1610612753","Orlando Magic",2017,"0021601059","20170322",12,26.55,FALSE
203095,"Evan Fournier","1610612753","Orlando Magic",2017,"0021601059","20170322",6.1,8.85,FALSE
203095,"Evan Fournier","1610612753","Orlando Magic",2017,"0021601059","20170322",-3.5,29.95,FALSE
203095,"Evan Fournier","1610612753","Orlando Magic",2017,"0021601059","20170322",-7.3,6.85,TRUE
203095,"Evan Fournier","1610612753","Orlando Magic",2017,"0021601059","20170322",21,19.85,FALSE
203095,"Evan Fournier","1610612753","Orlando Magic",2017,"0021601059","20170322",-6,28.65,FALSE
203095,"Evan Fournier","1610612753","Orlando Magic",2017,"0021601059","20170322",-24,10.45,TRUE
203095,"Evan Fournier","1610612753","Orlando Magic",2017,"0021601059","20170322",8.8,28.05,FALSE
203095,"Evan Fournier","1610612753","Orlando Magic",2017,"0021601059","20170322",-13.2,25.75,TRUE
203095,"Evan Fournier","1610612753","Orlando Magic",2017,"0021601059","20170322",-10.9,27.05,FALSE
203095,"Evan Fournier","1610612753","Orlando Magic",2017,"0021601074","20170324",-3,5.95,TRUE
203095,"Evan Fournier","1610612753","Orlando Magic",2017,"0021601074","20170324",1.1,6.35,TRUE
203095,"Evan Fournier","1610612753","Orlando Magic",2017,"0021601074","20170324",2.4,5.45,FALSE
203095,"Evan Fournier","1610612753","Orlando Magic",2017,"0021601074","20170324",-1.2,4.65,TRUE
203095,"Evan Fournier","1610612753","Orlando Magic",2017,"0021601074","20170324",4,30.95,FALSE
203095,"Evan Fournier","1610612753","Orlando Magic",2017,"0021601074","20170324",-17.9,22.65,FALSE
203095,"Evan Fournier","1610612753","Orlando Magic",2017,"0021601074","20170324",-4,30.15,TRUE
203095,"Evan Fournier","1610612753","Orlando Magic",2017,"0021601074","20170324",1.7,6.55,TRUE
203095,"Evan Fournier","1610612753","Orlando Magic",2017,"0021601074","20170324",1.3,7.15,TRUE
203095,"Evan Fournier","1610612753","Orlando Magic",2017,"0021601074","20170324",23.5,8.85,FALSE
203095,"Evan Fournier","1610612753","Orlando Magic",2017,"0021601097","20170327",1.6,4.65,TRUE
203095,"Evan Fournier","1610612753","Orlando Magic",2017,"0021601097","20170327",-24,5.15,TRUE
203095,"Evan Fournier","1610612753","Orlando Magic",2017,"0021601097","20170327",-23.5,5.15,FALSE
203095,"Evan Fournier","1610612753","Orlando Magic",2017,"0021601097","20170327",-6.8,6.35,TRUE
203095,"Evan Fournier","1610612753","Orlando Magic",2017,"0021601097","20170327",-17.6,23.55,TRUE
203095,"Evan Fournier","1610612753","Orlando Magic",2017,"0021601097","20170327",2.4,5.95,TRUE
203095,"Evan Fournier","1610612753","Orlando Magic",2017,"0021601097","20170327",15.8,7.85,FALSE
203095,"Evan Fournier","1610612753","Orlando Magic",2017,"0021601097","20170327",3.7,8.35,TRUE
203095,"Evan Fournier","1610612753","Orlando Magic",2017,"0021601097","20170327",-19.4,24.25,FALSE
203095,"Evan Fournier","1610612753","Orlando Magic",2017,"0021601097","20170327",NA,NA,FALSE
203095,"Evan Fournier","1610612753","Orlando Magic",2017,"0021601097","20170327",-3.8,5.95,TRUE
203095,"Evan Fournier","1610612753","Orlando Magic",2017,"0021601097","20170327",-4,6.05,FALSE
203095,"Evan Fournier","1610612753","Orlando Magic",2017,"0021601112","20170329",-0.6,10.95,FALSE
203095,"Evan Fournier","1610612753","Orlando Magic",2017,"0021601112","20170329",0.2,6.85,TRUE
203095,"Evan Fournier","1610612753","Orlando Magic",2017,"0021601112","20170329",0.1,6.85,TRUE
203095,"Evan Fournier","1610612753","Orlando Magic",2017,"0021601112","20170329",-10.4,22.25,FALSE
203095,"Evan Fournier","1610612753","Orlando Magic",2017,"0021601112","20170329",-23.5,7.85,TRUE
203095,"Evan Fournier","1610612753","Orlando Magic",2017,"0021601112","20170329",1.4,7.85,FALSE
203095,"Evan Fournier","1610612753","Orlando Magic",2017,"0021601112","20170329",-5.6,13.45,TRUE
203095,"Evan Fournier","1610612753","Orlando Magic",2017,"0021601112","20170329",-24,9.85,FALSE
203095,"Evan Fournier","1610612753","Orlando Magic",2017,"0021601112","20170329",0.9,5.95,TRUE
203095,"Evan Fournier","1610612753","Orlando Magic",2017,"0021601112","20170329",0.6,9.85,FALSE
203095,"Evan Fournier","1610612753","Orlando Magic",2017,"0021601112","20170329",-0.9,8.05,TRUE
203095,"Evan Fournier","1610612753","Orlando Magic",2017,"0021601112","20170329",11.9,29.95,TRUE
203095,"Evan Fournier","1610612753","Orlando Magic",2017,"0021601112","20170329",-5.3,31.95,TRUE
203095,"Evan Fournier","1610612753","Orlando Magic",2017,"0021601112","20170329",-23.6,10.35,FALSE
203095,"Evan Fournier","1610612753","Orlando Magic",2017,"0021601112","20170329",0.6,7.05,FALSE
203095,"Evan Fournier","1610612753","Orlando Magic",2017,"0021601112","20170329",-7.4,22.75,TRUE
203095,"Evan Fournier","1610612753","Orlando Magic",2017,"0021601112","20170329",-4.8,29.45,FALSE
203095,"Evan Fournier","1610612753","Orlando Magic",2017,"0021601112","20170329",-5,30.15,FALSE
203095,"Evan Fournier","1610612753","Orlando Magic",2017,"0021601112","20170329",7,10.85,FALSE
203095,"Evan Fournier","1610612753","Orlando Magic",2017,"0021601112","20170329",-0.4,8.05,FALSE
203095,"Evan Fournier","1610612753","Orlando Magic",2017,"0021601112","20170329",0.4,7.35,FALSE
203095,"Evan Fournier","1610612753","Orlando Magic",2017,"0021601112","20170329",11,29.95,FALSE
203095,"Evan Fournier","1610612753","Orlando Magic",2017,"0021601129","20170331",16.5,24.55,TRUE
203095,"Evan Fournier","1610612753","Orlando Magic",2017,"0021601129","20170331",2,5.55,FALSE
203095,"Evan Fournier","1610612753","Orlando Magic",2017,"0021601129","20170331",-9.9,30.15,FALSE
203095,"Evan Fournier","1610612753","Orlando Magic",2017,"0021601129","20170331",-8.7,28.45,FALSE
203095,"Evan Fournier","1610612753","Orlando Magic",2017,"0021601129","20170331",-2.4,5.15,TRUE
203095,"Evan Fournier","1610612753","Orlando Magic",2017,"0021601129","20170331",1.2,5.55,TRUE
203095,"Evan Fournier","1610612753","Orlando Magic",2017,"0021601129","20170331",20.9,20.35,FALSE
203095,"Evan Fournier","1610612753","Orlando Magic",2017,"0021601129","20170331",1.7,6.05,TRUE
203095,"Evan Fournier","1610612753","Orlando Magic",2017,"0021601129","20170331",0.6,5.45,FALSE
203095,"Evan Fournier","1610612753","Orlando Magic",2017,"0021601129","20170331",9.2,28.15,FALSE
203095,"Evan Fournier","1610612753","Orlando Magic",2017,"0021601129","20170331",5.5,29.95,FALSE
203095,"Evan Fournier","1610612753","Orlando Magic",2017,"0021601129","20170331",6.5,9.35,TRUE
203095,"Evan Fournier","1610612753","Orlando Magic",2017,"0021601129","20170331",-9.4,29.45,TRUE
203095,"Evan Fournier","1610612753","Orlando Magic",2017,"0021601139","20170401",-3,5.95,FALSE
203095,"Evan Fournier","1610612753","Orlando Magic",2017,"0021601139","20170401",23.5,7.85,TRUE
203095,"Evan Fournier","1610612753","Orlando Magic",2017,"0021601139","20170401",-16.6,27.55,TRUE
203095,"Evan Fournier","1610612753","Orlando Magic",2017,"0021601139","20170401",-11.9,17.35,TRUE
203095,"Evan Fournier","1610612753","Orlando Magic",2017,"0021601139","20170401",-12.3,28.15,FALSE
203095,"Evan Fournier","1610612753","Orlando Magic",2017,"0021601139","20170401",-2.7,4.75,FALSE
203095,"Evan Fournier","1610612753","Orlando Magic",2017,"0021601139","20170401",-3,15.75,FALSE
203095,"Evan Fournier","1610612753","Orlando Magic",2017,"0021601139","20170401",-9.6,19.35,TRUE
203095,"Evan Fournier","1610612753","Orlando Magic",2017,"0021601139","20170401",-1.4,4.75,FALSE
203095,"Evan Fournier","1610612753","Orlando Magic",2017,"0021601139","20170401",1.4,4.65,TRUE
203095,"Evan Fournier","1610612753","Orlando Magic",2017,"0021601139","20170401",1.9,11.35,TRUE
203095,"Evan Fournier","1610612753","Orlando Magic",2017,"0021601139","20170401",0.1,10.35,FALSE
203095,"Evan Fournier","1610612753","Orlando Magic",2017,"0021601139","20170401",10.7,25.55,FALSE
203095,"Evan Fournier","1610612753","Orlando Magic",2017,"0021601139","20170401",-3.3,5.95,TRUE
203095,"Evan Fournier","1610612753","Orlando Magic",2017,"0021601139","20170401",-0.6,13.25,TRUE
203095,"Evan Fournier","1610612753","Orlando Magic",2017,"0021601139","20170401",-6.8,28.95,FALSE
203095,"Evan Fournier","1610612753","Orlando Magic",2017,"0021601156","20170404",-1,10.35,TRUE
203095,"Evan Fournier","1610612753","Orlando Magic",2017,"0021601156","20170404",12.2,27.55,TRUE
203095,"Evan Fournier","1610612753","Orlando Magic",2017,"0021601156","20170404",-13,26.55,TRUE
203095,"Evan Fournier","1610612753","Orlando Magic",2017,"0021601156","20170404",9.2,28.95,FALSE
203095,"Evan Fournier","1610612753","Orlando Magic",2017,"0021601156","20170404",0,10.35,FALSE
203095,"Evan Fournier","1610612753","Orlando Magic",2017,"0021601156","20170404",-12.3,18.35,FALSE
203095,"Evan Fournier","1610612753","Orlando Magic",2017,"0021601156","20170404",-7.9,10.45,FALSE
203095,"Evan Fournier","1610612753","Orlando Magic",2017,"0021601156","20170404",23.2,6.05,FALSE
203095,"Evan Fournier","1610612753","Orlando Magic",2017,"0021601156","20170404",21.2,19.15,TRUE
203095,"Evan Fournier","1610612753","Orlando Magic",2017,"0021601156","20170404",22.7,22.15,TRUE
203095,"Evan Fournier","1610612753","Orlando Magic",2017,"0021601156","20170404",-12.3,27.55,FALSE
203095,"Evan Fournier","1610612753","Orlando Magic",2017,"0021601156","20170404",11.7,26.95,FALSE
203095,"Evan Fournier","1610612753","Orlando Magic",2017,"0021601190","20170408",11.9,20.65,FALSE
203095,"Evan Fournier","1610612753","Orlando Magic",2017,"0021601190","20170408",-19.4,23.55,TRUE
203095,"Evan Fournier","1610612753","Orlando Magic",2017,"0021601190","20170408",-2,7.05,TRUE
203095,"Evan Fournier","1610612753","Orlando Magic",2017,"0021601190","20170408",-19.9,5.95,TRUE
203095,"Evan Fournier","1610612753","Orlando Magic",2017,"0021601190","20170408",8.9,29.45,TRUE
203095,"Evan Fournier","1610612753","Orlando Magic",2017,"0021601190","20170408",-15.9,25.55,FALSE
203095,"Evan Fournier","1610612753","Orlando Magic",2017,"0021601190","20170408",15,24.55,TRUE
203095,"Evan Fournier","1610612753","Orlando Magic",2017,"0021601190","20170408",-11.5,28.65,TRUE
203095,"Evan Fournier","1610612753","Orlando Magic",2017,"0021601190","20170408",-17.7,23.75,FALSE
203095,"Evan Fournier","1610612753","Orlando Magic",2017,"0021601190","20170408",1.5,6.65,FALSE
203095,"Evan Fournier","1610612753","Orlando Magic",2017,"0021601206","20170410",-1.2,5.95,FALSE
203095,"Evan Fournier","1610612753","Orlando Magic",2017,"0021601206","20170410",1.4,5.45,FALSE
203095,"Evan Fournier","1610612753","Orlando Magic",2017,"0021601206","20170410",-1.2,5.45,TRUE
203095,"Evan Fournier","1610612753","Orlando Magic",2017,"0021601206","20170410",-12,6.35,FALSE
203095,"Evan Fournier","1610612753","Orlando Magic",2017,"0021601206","20170410",-23.8,6.35,TRUE
203095,"Evan Fournier","1610612753","Orlando Magic",2017,"0021601206","20170410",-1,13.25,FALSE
203095,"Evan Fournier","1610612753","Orlando Magic",2017,"0021601206","20170410",0.4,30.95,FALSE
203095,"Evan Fournier","1610612753","Orlando Magic",2017,"0021601206","20170410",-2.7,6.35,TRUE
203095,"Evan Fournier","1610612753","Orlando Magic",2017,"0021601206","20170410",-0.9,5.95,TRUE
203095,"Evan Fournier","1610612753","Orlando Magic",2017,"0021601206","20170410",2.2,5.55,TRUE
203095,"Evan Fournier","1610612753","Orlando Magic",2017,"0021601206","20170410",-11.2,28.15,FALSE
203095,"Evan Fournier","1610612753","Orlando Magic",2017,"0021601206","20170410",-1.9,6.35,TRUE
203095,"Evan Fournier","1610612753","Orlando Magic",2017,"0021601206","20170410",7,29.45,FALSE
203095,"Evan Fournier","1610612753","Orlando Magic",2017,"0021601217","20170412",-8.7,29.95,TRUE
203095,"Evan Fournier","1610612753","Orlando Magic",2017,"0021601217","20170412",-23.5,5.55,FALSE
203095,"Evan Fournier","1610612753","Orlando Magic",2017,"0021601217","20170412",1.6,4.65,FALSE
203095,"Evan Fournier","1610612753","Orlando Magic",2017,"0021601217","20170412",5.5,29.95,TRUE
203095,"Evan Fournier","1610612753","Orlando Magic",2017,"0021601217","20170412",-1.7,6.05,TRUE
203095,"Evan Fournier","1610612753","Orlando Magic",2017,"0021601217","20170412",-19.2,4.65,FALSE
203095,"Evan Fournier","1610612753","Orlando Magic",2017,"0021601217","20170412",-18.6,25.05,FALSE
203095,"Evan Fournier","1610612753","Orlando Magic",2017,"0021601217","20170412",-2,6.05,FALSE
203095,"Evan Fournier","1610612753","Orlando Magic",2017,"0021601217","20170412",-2.5,11.35,TRUE
203095,"Evan Fournier","1610612753","Orlando Magic",2017,"0021601217","20170412",-1.7,5.15,FALSE
203095,"Evan Fournier","1610612753","Orlando Magic",2017,"0021601217","20170412",2.7,9.35,FALSE
203095,"Evan Fournier","1610612753","Orlando Magic",2018,"0021700005","20171018",1.5,11.95,FALSE
203095,"Evan Fournier","1610612753","Orlando Magic",2018,"0021700005","20171018",-0.1,12.55,TRUE
203095,"Evan Fournier","1610612753","Orlando Magic",2018,"0021700005","20171018",-1.2,14.05,FALSE
203095,"Evan Fournier","1610612753","Orlando Magic",2018,"0021700005","20171018",-1.8,20.85,TRUE
203095,"Evan Fournier","1610612753","Orlando Magic",2018,"0021700005","20171018",-12.6,26.85,FALSE
203095,"Evan Fournier","1610612753","Orlando Magic",2018,"0021700005","20171018",0,8.85,TRUE
203095,"Evan Fournier","1610612753","Orlando Magic",2018,"0021700005","20171018",0.8,10.75,FALSE
203095,"Evan Fournier","1610612753","Orlando Magic",2018,"0021700005","20171018",18.3,23.75,TRUE
203095,"Evan Fournier","1610612753","Orlando Magic",2018,"0021700005","20171018",-11.9,27.95,TRUE
203095,"Evan Fournier","1610612753","Orlando Magic",2018,"0021700005","20171018",1.2,18.35,FALSE
203095,"Evan Fournier","1610612753","Orlando Magic",2018,"0021700005","20171018",13.9,26.45,FALSE
203095,"Evan Fournier","1610612753","Orlando Magic",2018,"0021700005","20171018",-0.8,16.25,FALSE
203095,"Evan Fournier","1610612753","Orlando Magic",2018,"0021700005","20171018",13.8,13.25,FALSE
203095,"Evan Fournier","1610612753","Orlando Magic",2018,"0021700005","20171018",1.3,9.05,TRUE
203095,"Evan Fournier","1610612753","Orlando Magic",2018,"0021700005","20171018",-6.3,29.15,TRUE
203095,"Evan Fournier","1610612753","Orlando Magic",2018,"0021700005","20171018",0.3,11.65,TRUE
203095,"Evan Fournier","1610612753","Orlando Magic",2018,"0021700005","20171018",-3.1,6.55,TRUE
203095,"Evan Fournier","1610612753","Orlando Magic",2018,"0021700022","20171020",0.2,16.15,TRUE
203095,"Evan Fournier","1610612753","Orlando Magic",2018,"0021700022","20171020",19.2,11.35,TRUE
203095,"Evan Fournier","1610612753","Orlando Magic",2018,"0021700022","20171020",-3.5,18.25,TRUE
203095,"Evan Fournier","1610612753","Orlando Magic",2018,"0021700022","20171020",14,21.65,FALSE
203095,"Evan Fournier","1610612753","Orlando Magic",2018,"0021700022","20171020",6.2,13.65,FALSE
203095,"Evan Fournier","1610612753","Orlando Magic",2018,"0021700022","20171020",1.3,6.75,FALSE
203095,"Evan Fournier","1610612753","Orlando Magic",2018,"0021700022","20171020",-2.3,30.05,FALSE
203095,"Evan Fournier","1610612753","Orlando Magic",2018,"0021700022","20171020",-2.2,6.05,FALSE
203095,"Evan Fournier","1610612753","Orlando Magic",2018,"0021700022","20171020",22.7,5.85,TRUE
203095,"Evan Fournier","1610612753","Orlando Magic",2018,"0021700022","20171020",1.3,11.85,FALSE
203095,"Evan Fournier","1610612753","Orlando Magic",2018,"0021700022","20171020",-9.8,6.95,TRUE
203095,"Evan Fournier","1610612753","Orlando Magic",2018,"0021700022","20171020",-0.5,4.95,TRUE
203095,"Evan Fournier","1610612753","Orlando Magic",2018,"0021700022","20171020",-1.3,5.75,FALSE
203095,"Evan Fournier","1610612753","Orlando Magic",2018,"0021700022","20171020",-0.3,5.95,FALSE
203095,"Evan Fournier","1610612753","Orlando Magic",2018,"0021700022","20171020",9.6,29.85,FALSE
203095,"Evan Fournier","1610612753","Orlando Magic",2018,"0021700022","20171020",10.6,30.45,FALSE
203095,"Evan Fournier","1610612753","Orlando Magic",2018,"0021700022","20171020",-0.4,6.05,TRUE
203095,"Evan Fournier","1610612753","Orlando Magic",2018,"0021700022","20171020",-20.1,5.75,FALSE
203095,"Evan Fournier","1610612753","Orlando Magic",2018,"0021700022","20171020",1.7,5.85,FALSE
203095,"Evan Fournier","1610612753","Orlando Magic",2018,"0021700022","20171020",14.5,25.95,TRUE
203095,"Evan Fournier","1610612753","Orlando Magic",2018,"0021700022","20171020",22.8,3.95,FALSE
203095,"Evan Fournier","1610612753","Orlando Magic",2018,"0021700028","20171021",-23.1,10.35,TRUE
203095,"Evan Fournier","1610612753","Orlando Magic",2018,"0021700028","20171021",21.8,4.15,TRUE
203095,"Evan Fournier","1610612753","Orlando Magic",2018,"0021700028","20171021",1,10.95,FALSE
203095,"Evan Fournier","1610612753","Orlando Magic",2018,"0021700028","20171021",21.5,6.55,TRUE
203095,"Evan Fournier","1610612753","Orlando Magic",2018,"0021700028","20171021",20.1,12.35,FALSE
203095,"Evan Fournier","1610612753","Orlando Magic",2018,"0021700028","20171021",-4,12.45,FALSE
203095,"Evan Fournier","1610612753","Orlando Magic",2018,"0021700028","20171021",20.1,22.15,FALSE
203095,"Evan Fournier","1610612753","Orlando Magic",2018,"0021700028","20171021",17.4,24.35,TRUE
203095,"Evan Fournier","1610612753","Orlando Magic",2018,"0021700028","20171021",23.7,14.45,FALSE
203095,"Evan Fournier","1610612753","Orlando Magic",2018,"0021700050","20171024",10.5,18.95,TRUE
203095,"Evan Fournier","1610612753","Orlando Magic",2018,"0021700050","20171024",-1.4,6.25,TRUE
203095,"Evan Fournier","1610612753","Orlando Magic",2018,"0021700050","20171024",-2.1,6.35,FALSE
203095,"Evan Fournier","1610612753","Orlando Magic",2018,"0021700050","20171024",1.1,7.55,TRUE
203095,"Evan Fournier","1610612753","Orlando Magic",2018,"0021700050","20171024",-1.6,7.75,FALSE
203095,"Evan Fournier","1610612753","Orlando Magic",2018,"0021700050","20171024",0.1,18.45,FALSE
203095,"Evan Fournier","1610612753","Orlando Magic",2018,"0021700050","20171024",11.9,28.65,FALSE
203095,"Evan Fournier","1610612753","Orlando Magic",2018,"0021700050","20171024",-0.5,7.45,TRUE
203095,"Evan Fournier","1610612753","Orlando Magic",2018,"0021700050","20171024",-0.6,15.65,TRUE
203095,"Evan Fournier","1610612753","Orlando Magic",2018,"0021700050","20171024",-0.3,7.45,TRUE
203095,"Evan Fournier","1610612753","Orlando Magic",2018,"0021700050","20171024",-1.9,7.25,TRUE
203095,"Evan Fournier","1610612753","Orlando Magic",2018,"0021700050","20171024",5.8,29.85,FALSE
203095,"Evan Fournier","1610612753","Orlando Magic",2018,"0021700050","20171024",8.6,29.55,TRUE
203095,"Evan Fournier","1610612753","Orlando Magic",2018,"0021700050","20171024",4.1,29.95,TRUE
203095,"Evan Fournier","1610612753","Orlando Magic",2018,"0021700050","20171024",14.4,25.75,FALSE
203095,"Evan Fournier","1610612753","Orlando Magic",2018,"0021700071","20171027",0.7,13.85,TRUE
203095,"Evan Fournier","1610612753","Orlando Magic",2018,"0021700071","20171027",-0.2,6.35,TRUE
203095,"Evan Fournier","1610612753","Orlando Magic",2018,"0021700071","20171027",1.2,7.95,FALSE
203095,"Evan Fournier","1610612753","Orlando Magic",2018,"0021700071","20171027",-7.1,29.95,TRUE
203095,"Evan Fournier","1610612753","Orlando Magic",2018,"0021700071","20171027",0.5,24.55,TRUE
203095,"Evan Fournier","1610612753","Orlando Magic",2018,"0021700071","20171027",11.9,28.55,TRUE
203095,"Evan Fournier","1610612753","Orlando Magic",2018,"0021700071","20171027",5.2,19.95,TRUE
203095,"Evan Fournier","1610612753","Orlando Magic",2018,"0021700071","20171027",-0.7,7.65,FALSE
203095,"Evan Fournier","1610612753","Orlando Magic",2018,"0021700071","20171027",8.6,29.15,TRUE
203095,"Evan Fournier","1610612753","Orlando Magic",2018,"0021700071","20171027",-0.1,7.45,TRUE
203095,"Evan Fournier","1610612753","Orlando Magic",2018,"0021700071","20171027",-1.1,7.65,TRUE
203095,"Evan Fournier","1610612753","Orlando Magic",2018,"0021700071","20171027",-9.5,28.65,TRUE
203095,"Evan Fournier","1610612753","Orlando Magic",2018,"0021700088","20171029",0.2,6.75,TRUE
203095,"Evan Fournier","1610612753","Orlando Magic",2018,"0021700088","20171029",-0.5,6.95,TRUE
203095,"Evan Fournier","1610612753","Orlando Magic",2018,"0021700088","20171029",0.3,6.05,FALSE
203095,"Evan Fournier","1610612753","Orlando Magic",2018,"0021700088","20171029",-1.4,7.25,FALSE
203095,"Evan Fournier","1610612753","Orlando Magic",2018,"0021700088","20171029",-13.4,28.75,FALSE
203095,"Evan Fournier","1610612753","Orlando Magic",2018,"0021700088","20171029",-1.8,6.25,TRUE
203095,"Evan Fournier","1610612753","Orlando Magic",2018,"0021700088","20171029",-2.5,22.95,TRUE
203095,"Evan Fournier","1610612753","Orlando Magic",2018,"0021700088","20171029",-1.9,6.75,FALSE
203095,"Evan Fournier","1610612753","Orlando Magic",2018,"0021700088","20171029",-0.8,7.25,TRUE
203095,"Evan Fournier","1610612753","Orlando Magic",2018,"0021700088","20171029",9,19.55,TRUE
203095,"Evan Fournier","1610612753","Orlando Magic",2018,"0021700088","20171029",-0.3,34.75,TRUE
203095,"Evan Fournier","1610612753","Orlando Magic",2018,"0021700088","20171029",16.1,30.15,TRUE
203095,"Evan Fournier","1610612753","Orlando Magic",2018,"0021700088","20171029",0,8.85,FALSE
203095,"Evan Fournier","1610612753","Orlando Magic",2018,"0021700088","20171029",1.2,9.05,FALSE
203095,"Evan Fournier","1610612753","Orlando Magic",2018,"0021700088","20171029",-10.8,31.05,FALSE
203095,"Evan Fournier","1610612753","Orlando Magic",2018,"0021700097","20171030",-14.1,26.75,TRUE
203095,"Evan Fournier","1610612753","Orlando Magic",2018,"0021700097","20171030",-2.5,6.25,FALSE
203095,"Evan Fournier","1610612753","Orlando Magic",2018,"0021700097","20171030",-22.6,9.75,FALSE
203095,"Evan Fournier","1610612753","Orlando Magic",2018,"0021700097","20171030",2.1,8.95,FALSE
203095,"Evan Fournier","1610612753","Orlando Magic",2018,"0021700097","20171030",-3.4,7.45,TRUE
203095,"Evan Fournier","1610612753","Orlando Magic",2018,"0021700097","20171030",11.7,27.95,TRUE
203095,"Evan Fournier","1610612753","Orlando Magic",2018,"0021700097","20171030",20.6,17.45,TRUE
203095,"Evan Fournier","1610612753","Orlando Magic",2018,"0021700097","20171030",-1.1,7.15,TRUE
203095,"Evan Fournier","1610612753","Orlando Magic",2018,"0021700097","20171030",17.7,22.95,TRUE
203095,"Evan Fournier","1610612753","Orlando Magic",2018,"0021700097","20171030",23.5,7.35,FALSE
203095,"Evan Fournier","1610612753","Orlando Magic",2018,"0021700097","20171030",-18.2,13.25,TRUE
203095,"Evan Fournier","1610612753","Orlando Magic",2018,"0021700097","20171030",4.1,31.25,FALSE
203095,"Evan Fournier","1610612753","Orlando Magic",2018,"0021700112","20171101",17.4,22.75,TRUE
203095,"Evan Fournier","1610612753","Orlando Magic",2018,"0021700112","20171101",-15.2,27.35,TRUE
203095,"Evan Fournier","1610612753","Orlando Magic",2018,"0021700112","20171101",6,20.65,FALSE
203095,"Evan Fournier","1610612753","Orlando Magic",2018,"0021700112","20171101",4.5,8.85,TRUE
203095,"Evan Fournier","1610612753","Orlando Magic",2018,"0021700112","20171101",8.5,28.85,FALSE
203095,"Evan Fournier","1610612753","Orlando Magic",2018,"0021700112","20171101",-0.2,17.45,TRUE
203095,"Evan Fournier","1610612753","Orlando Magic",2018,"0021700112","20171101",-7,29.15,TRUE
203095,"Evan Fournier","1610612753","Orlando Magic",2018,"0021700112","20171101",1.1,10.05,TRUE
203095,"Evan Fournier","1610612753","Orlando Magic",2018,"0021700112","20171101",0.6,8.85,TRUE
203095,"Evan Fournier","1610612753","Orlando Magic",2018,"0021700112","20171101",1.5,9.75,FALSE
203095,"Evan Fournier","1610612753","Orlando Magic",2018,"0021700112","20171101",-1.4,6.95,FALSE
203095,"Evan Fournier","1610612753","Orlando Magic",2018,"0021700112","20171101",15.1,24.95,TRUE
203095,"Evan Fournier","1610612753","Orlando Magic",2018,"0021700112","20171101",0.8,10.75,FALSE
203095,"Evan Fournier","1610612753","Orlando Magic",2018,"0021700112","20171101",1.6,6.75,TRUE
203095,"Evan Fournier","1610612753","Orlando Magic",2018,"0021700112","20171101",-1.7,29.55,FALSE
203095,"Evan Fournier","1610612753","Orlando Magic",2018,"0021700112","20171101",12.5,25.75,FALSE
203095,"Evan Fournier","1610612753","Orlando Magic",2018,"0021700120","20171103",0,7.25,FALSE
203095,"Evan Fournier","1610612753","Orlando Magic",2018,"0021700120","20171103",-0.8,7.25,TRUE
203095,"Evan Fournier","1610612753","Orlando Magic",2018,"0021700120","20171103",-0.3,9.05,FALSE
203095,"Evan Fournier","1610612753","Orlando Magic",2018,"0021700120","20171103",-0.1,9.35,FALSE
203095,"Evan Fournier","1610612753","Orlando Magic",2018,"0021700120","20171103",-16,7.15,TRUE
203095,"Evan Fournier","1610612753","Orlando Magic",2018,"0021700120","20171103",-0.2,12.05,TRUE
203095,"Evan Fournier","1610612753","Orlando Magic",2018,"0021700120","20171103",6.7,22.35,TRUE
203095,"Evan Fournier","1610612753","Orlando Magic",2018,"0021700120","20171103",7.3,24.55,TRUE
203095,"Evan Fournier","1610612753","Orlando Magic",2018,"0021700120","20171103",-0.9,5.05,TRUE
203095,"Evan Fournier","1610612753","Orlando Magic",2018,"0021700120","20171103",0.2,12.15,TRUE
203095,"Evan Fournier","1610612753","Orlando Magic",2018,"0021700120","20171103",-11.4,29.55,FALSE
203095,"Evan Fournier","1610612753","Orlando Magic",2018,"0021700120","20171103",0,8.65,TRUE
203095,"Evan Fournier","1610612753","Orlando Magic",2018,"0021700120","20171103",0.9,30.45,FALSE
203095,"Evan Fournier","1610612753","Orlando Magic",2018,"0021700120","20171103",-22.5,5.25,FALSE
203095,"Evan Fournier","1610612753","Orlando Magic",2018,"0021700120","20171103",-11.7,28.25,TRUE
203095,"Evan Fournier","1610612753","Orlando Magic",2018,"0021700120","20171103",-9.7,28.45,FALSE
203095,"Evan Fournier","1610612753","Orlando Magic",2018,"0021700120","20171103",12,19.55,FALSE
203095,"Evan Fournier","1610612753","Orlando Magic",2018,"0021700138","20171105",0.3,20.55,FALSE
203095,"Evan Fournier","1610612753","Orlando Magic",2018,"0021700138","20171105",-17.7,22.55,FALSE
203095,"Evan Fournier","1610612753","Orlando Magic",2018,"0021700138","20171105",2.5,30.85,TRUE
203095,"Evan Fournier","1610612753","Orlando Magic",2018,"0021700138","20171105",-22.3,12.05,FALSE
203095,"Evan Fournier","1610612753","Orlando Magic",2018,"0021700138","20171105",5.2,31.75,FALSE
203095,"Evan Fournier","1610612753","Orlando Magic",2018,"0021700138","20171105",-2.5,6.35,FALSE
203095,"Evan Fournier","1610612753","Orlando Magic",2018,"0021700138","20171105",7.6,14.25,FALSE
203095,"Evan Fournier","1610612753","Orlando Magic",2018,"0021700138","20171105",2.7,6.85,FALSE
203095,"Evan Fournier","1610612753","Orlando Magic",2018,"0021700138","20171105",19.5,20.85,TRUE
203095,"Evan Fournier","1610612753","Orlando Magic",2018,"0021700138","20171105",-8.5,29.95,FALSE
203095,"Evan Fournier","1610612753","Orlando Magic",2018,"0021700138","20171105",0,12.95,FALSE
203095,"Evan Fournier","1610612753","Orlando Magic",2018,"0021700138","20171105",-14.1,27.85,FALSE
203095,"Evan Fournier","1610612753","Orlando Magic",2018,"0021700138","20171105",14.7,27.05,FALSE
203095,"Evan Fournier","1610612753","Orlando Magic",2018,"0021700138","20171105",-0.9,30.75,FALSE
203095,"Evan Fournier","1610612753","Orlando Magic",2018,"0021700160","20171108",-0.9,14.65,TRUE
203095,"Evan Fournier","1610612753","Orlando Magic",2018,"0021700160","20171108",0.3,7.65,FALSE
203095,"Evan Fournier","1610612753","Orlando Magic",2018,"0021700160","20171108",2.2,19.75,TRUE
203095,"Evan Fournier","1610612753","Orlando Magic",2018,"0021700160","20171108",9.7,28.35,TRUE
203095,"Evan Fournier","1610612753","Orlando Magic",2018,"0021700160","20171108",6.8,29.25,FALSE
203095,"Evan Fournier","1610612753","Orlando Magic",2018,"0021700160","20171108",1.4,7.95,TRUE
203095,"Evan Fournier","1610612753","Orlando Magic",2018,"0021700160","20171108",-7.8,30.05,FALSE
203095,"Evan Fournier","1610612753","Orlando Magic",2018,"0021700160","20171108",0.8,8.45,TRUE
203095,"Evan Fournier","1610612753","Orlando Magic",2018,"0021700160","20171108",-10.5,10.05,FALSE
203095,"Evan Fournier","1610612753","Orlando Magic",2018,"0021700160","20171108",0.9,5.35,TRUE
203095,"Evan Fournier","1610612753","Orlando Magic",2018,"0021700160","20171108",-2.6,9.05,FALSE
203095,"Evan Fournier","1610612753","Orlando Magic",2018,"0021700160","20171108",22.9,11.55,FALSE
203095,"Evan Fournier","1610612753","Orlando Magic",2018,"0021700160","20171108",-4.1,22.15,FALSE
203095,"Evan Fournier","1610612753","Orlando Magic",2018,"0021700160","20171108",-8.4,30.15,TRUE
203095,"Evan Fournier","1610612753","Orlando Magic",2018,"0021700160","20171108",10.1,29.95,TRUE
203095,"Evan Fournier","1610612753","Orlando Magic",2018,"0021700160","20171108",-0.3,6.05,TRUE
203095,"Evan Fournier","1610612753","Orlando Magic",2018,"0021700174","20171110",-0.3,9.25,TRUE
203095,"Evan Fournier","1610612753","Orlando Magic",2018,"0021700174","20171110",22.6,4.55,FALSE
203095,"Evan Fournier","1610612753","Orlando Magic",2018,"0021700174","20171110",0.6,5.85,TRUE
203095,"Evan Fournier","1610612753","Orlando Magic",2018,"0021700174","20171110",11.2,26.85,FALSE
203095,"Evan Fournier","1610612753","Orlando Magic",2018,"0021700174","20171110",0,6.75,TRUE
203095,"Evan Fournier","1610612753","Orlando Magic",2018,"0021700174","20171110",1,31.25,FALSE
203095,"Evan Fournier","1610612753","Orlando Magic",2018,"0021700174","20171110",-1.1,6.35,TRUE
203095,"Evan Fournier","1610612753","Orlando Magic",2018,"0021700174","20171110",-2.2,29.85,FALSE
203095,"Evan Fournier","1610612753","Orlando Magic",2018,"0021700174","20171110",-1.6,6.35,FALSE
203095,"Evan Fournier","1610612753","Orlando Magic",2018,"0021700174","20171110",11.1,10.75,TRUE
203095,"Evan Fournier","1610612753","Orlando Magic",2018,"0021700174","20171110",7.8,32.45,FALSE
203095,"Evan Fournier","1610612753","Orlando Magic",2018,"0021700174","20171110",7.2,17.95,FALSE
203095,"Evan Fournier","1610612753","Orlando Magic",2018,"0021700174","20171110",-10.3,28.95,FALSE
203095,"Evan Fournier","1610612753","Orlando Magic",2018,"0021700174","20171110",19.7,22.05,FALSE
203095,"Evan Fournier","1610612753","Orlando Magic",2018,"0021700185","20171111",17.6,25.65,TRUE
203095,"Evan Fournier","1610612753","Orlando Magic",2018,"0021700185","20171111",-0.3,12.65,TRUE
203095,"Evan Fournier","1610612753","Orlando Magic",2018,"0021700185","20171111",-2,6.55,TRUE
203095,"Evan Fournier","1610612753","Orlando Magic",2018,"0021700185","20171111",2.4,12.95,TRUE
203095,"Evan Fournier","1610612753","Orlando Magic",2018,"0021700185","20171111",10.8,29.15,TRUE
203095,"Evan Fournier","1610612753","Orlando Magic",2018,"0021700185","20171111",10.3,30.35,FALSE
203095,"Evan Fournier","1610612753","Orlando Magic",2018,"0021700185","20171111",-6,7.35,TRUE
203095,"Evan Fournier","1610612753","Orlando Magic",2018,"0021700185","20171111",2.9,8.55,TRUE
203095,"Evan Fournier","1610612753","Orlando Magic",2018,"0021700185","20171111",12.6,15.75,FALSE
203095,"Evan Fournier","1610612753","Orlando Magic",2018,"0021700199","20171113",20.6,19.25,FALSE
203095,"Evan Fournier","1610612753","Orlando Magic",2018,"0021700199","20171113",0.8,5.75,TRUE
203095,"Evan Fournier","1610612753","Orlando Magic",2018,"0021700199","20171113",3.1,7.65,FALSE
203095,"Evan Fournier","1610612753","Orlando Magic",2018,"0021700199","20171113",1.6,5.85,TRUE
203095,"Evan Fournier","1610612753","Orlando Magic",2018,"0021700199","20171113",-14.5,13.95,FALSE
203095,"Evan Fournier","1610612753","Orlando Magic",2018,"0021700199","20171113",-11.7,20.45,TRUE
203095,"Evan Fournier","1610612753","Orlando Magic",2018,"0021700199","20171113",3.3,29.85,FALSE
203095,"Evan Fournier","1610612753","Orlando Magic",2018,"0021700199","20171113",22.8,6.25,TRUE
203095,"Evan Fournier","1610612753","Orlando Magic",2018,"0021700199","20171113",-9.3,31.75,TRUE
203095,"Evan Fournier","1610612753","Orlando Magic",2018,"0021700199","20171113",16.9,25.95,FALSE
203095,"Evan Fournier","1610612753","Orlando Magic",2018,"0021700213","20171115",0,5.35,TRUE
203095,"Evan Fournier","1610612753","Orlando Magic",2018,"0021700213","20171115",-0.3,12.95,TRUE
203095,"Evan Fournier","1610612753","Orlando Magic",2018,"0021700213","20171115",0.3,7.65,TRUE
203095,"Evan Fournier","1610612753","Orlando Magic",2018,"0021700213","20171115",-1.1,30.35,FALSE
203095,"Evan Fournier","1610612753","Orlando Magic",2018,"0021700213","20171115",10.7,28.15,FALSE
203095,"Evan Fournier","1610612753","Orlando Magic",2018,"0021700213","20171115",4.7,21.65,FALSE
203095,"Evan Fournier","1610612753","Orlando Magic",2018,"0021700213","20171115",-0.9,5.35,FALSE
203095,"Evan Fournier","1610612753","Orlando Magic",2018,"0021700213","20171115",-22.4,6.65,FALSE
203095,"Evan Fournier","1610612753","Orlando Magic",2018,"0021700213","20171115",2.3,16.25,FALSE
203095,"Evan Fournier","1610612753","Orlando Magic",2018,"0021700213","20171115",3.4,24.05,TRUE
203095,"Evan Fournier","1610612753","Orlando Magic",2018,"0021700213","20171115",-0.6,9.05,TRUE
203095,"Evan Fournier","1610612753","Orlando Magic",2018,"0021700213","20171115",7,18.65,FALSE
203095,"Evan Fournier","1610612753","Orlando Magic",2018,"0021700213","20171115",10.5,28.55,TRUE
203095,"Evan Fournier","1610612753","Orlando Magic",2018,"0021700213","20171115",-12.8,19.15,TRUE
203095,"Evan Fournier","1610612753","Orlando Magic",2018,"0021700213","20171115",14.8,25.85,TRUE
203095,"Evan Fournier","1610612753","Orlando Magic",2018,"0021700213","20171115",1.3,4.75,FALSE
203095,"Evan Fournier","1610612753","Orlando Magic",2018,"0021700213","20171115",4.3,31.95,FALSE
203095,"Evan Fournier","1610612753","Orlando Magic",2018,"0021700229","20171118",4.9,29.95,FALSE
203095,"Evan Fournier","1610612753","Orlando Magic",2018,"0021700229","20171118",-1,30.85,TRUE
203095,"Evan Fournier","1610612753","Orlando Magic",2018,"0021700229","20171118",19.2,13.25,FALSE
203095,"Evan Fournier","1610612753","Orlando Magic",2018,"0021700229","20171118",-9,20.75,FALSE
203095,"Evan Fournier","1610612753","Orlando Magic",2018,"0021700229","20171118",-1.5,12.55,FALSE
203095,"Evan Fournier","1610612753","Orlando Magic",2018,"0021700229","20171118",-0.6,8.95,TRUE
203095,"Evan Fournier","1610612753","Orlando Magic",2018,"0021700229","20171118",5,11.25,FALSE
203095,"Evan Fournier","1610612753","Orlando Magic",2018,"0021700229","20171118",15.3,26.45,FALSE
203095,"Evan Fournier","1610612753","Orlando Magic",2018,"0021700229","20171118",0.7,7.95,TRUE
203095,"Evan Fournier","1610612753","Orlando Magic",2018,"0021700229","20171118",-0.5,8.15,TRUE
203095,"Evan Fournier","1610612753","Orlando Magic",2018,"0021700229","20171118",-9.9,29.25,FALSE
203095,"Evan Fournier","1610612753","Orlando Magic",2018,"0021700243","20171120",-1.3,8.45,FALSE
203095,"Evan Fournier","1610612753","Orlando Magic",2018,"0021700243","20171120",4.7,10.95,FALSE
203095,"Evan Fournier","1610612753","Orlando Magic",2018,"0021700243","20171120",-23.2,8.65,TRUE
203095,"Evan Fournier","1610612753","Orlando Magic",2018,"0021700243","20171120",-0.6,21.35,TRUE
203095,"Evan Fournier","1610612753","Orlando Magic",2018,"0021700243","20171120",16,24.95,FALSE
203095,"Evan Fournier","1610612753","Orlando Magic",2018,"0021700243","20171120",-14.5,26.15,TRUE
203095,"Evan Fournier","1610612753","Orlando Magic",2018,"0021700243","20171120",-4,15.25,FALSE
203095,"Evan Fournier","1610612753","Orlando Magic",2018,"0021700243","20171120",-2.1,6.05,TRUE
203095,"Evan Fournier","1610612753","Orlando Magic",2018,"0021700243","20171120",10,13.35,FALSE
203095,"Evan Fournier","1610612753","Orlando Magic",2018,"0021700243","20171120",23.1,13.05,FALSE
203095,"Evan Fournier","1610612753","Orlando Magic",2018,"0021700243","20171120",20.4,21.05,FALSE
203095,"Evan Fournier","1610612753","Orlando Magic",2018,"0021700243","20171120",5.1,16.75,FALSE
203095,"Evan Fournier","1610612753","Orlando Magic",2018,"0021700243","20171120",-5.4,21.95,FALSE
203095,"Evan Fournier","1610612753","Orlando Magic",2018,"0021700243","20171120",22.9,9.95,TRUE
203095,"Evan Fournier","1610612753","Orlando Magic",2018,"0021700243","20171120",-14.3,25.85,TRUE
203095,"Evan Fournier","1610612753","Orlando Magic",2018,"0021700243","20171120",16.8,24.95,FALSE
203095,"Evan Fournier","1610612753","Orlando Magic",2018,"0021700261","20171122",0.2,11.55,FALSE
203095,"Evan Fournier","1610612753","Orlando Magic",2018,"0021700261","20171122",10.5,25.95,TRUE
203095,"Evan Fournier","1610612753","Orlando Magic",2018,"0021700261","20171122",0,6.35,FALSE
203095,"Evan Fournier","1610612753","Orlando Magic",2018,"0021700261","20171122",23,10.55,FALSE
203095,"Evan Fournier","1610612753","Orlando Magic",2018,"0021700261","20171122",-3.8,9.75,TRUE
203095,"Evan Fournier","1610612753","Orlando Magic",2018,"0021700261","20171122",1,29.85,FALSE
203095,"Evan Fournier","1610612753","Orlando Magic",2018,"0021700261","20171122",-5.4,26.85,TRUE
203095,"Evan Fournier","1610612753","Orlando Magic",2018,"0021700261","20171122",-0.9,6.25,TRUE
203095,"Evan Fournier","1610612753","Orlando Magic",2018,"0021700261","20171122",9.3,28.25,FALSE
203095,"Evan Fournier","1610612753","Orlando Magic",2018,"0021700261","20171122",-0.3,7.25,FALSE
203095,"Evan Fournier","1610612753","Orlando Magic",2018,"0021700261","20171122",5.1,10.25,FALSE
203095,"Evan Fournier","1610612753","Orlando Magic",2018,"0021700261","20171122",10.8,27.45,TRUE
203095,"Evan Fournier","1610612753","Orlando Magic",2018,"0021700261","20171122",-0.2,6.85,TRUE
203095,"Evan Fournier","1610612753","Orlando Magic",2018,"0021700269","20171124",-3.5,16.95,FALSE
203095,"Evan Fournier","1610612753","Orlando Magic",2018,"0021700269","20171124",0,7.15,FALSE
203095,"Evan Fournier","1610612753","Orlando Magic",2018,"0021700269","20171124",-2.4,11.45,FALSE
203095,"Evan Fournier","1610612753","Orlando Magic",2018,"0021700269","20171124",-1.7,6.55,TRUE
203095,"Evan Fournier","1610612753","Orlando Magic",2018,"0021700269","20171124",-6.2,26.85,FALSE
203095,"Evan Fournier","1610612753","Orlando Magic",2018,"0021700269","20171124",23,7.95,TRUE
203095,"Evan Fournier","1610612753","Orlando Magic",2018,"0021700269","20171124",-1.1,6.75,FALSE
203095,"Evan Fournier","1610612753","Orlando Magic",2018,"0021700269","20171124",-4.1,7.25,FALSE
203095,"Evan Fournier","1610612753","Orlando Magic",2018,"0021700269","20171124",-0.1,5.75,FALSE
203095,"Evan Fournier","1610612753","Orlando Magic",2018,"0021700269","20171124",-1.2,7.25,TRUE
203095,"Evan Fournier","1610612753","Orlando Magic",2018,"0021700269","20171124",13.9,25.65,FALSE
203095,"Evan Fournier","1610612753","Orlando Magic",2018,"0021700269","20171124",1.4,9.15,FALSE
203095,"Evan Fournier","1610612753","Orlando Magic",2018,"0021700269","20171124",20.1,3.45,FALSE
203095,"Evan Fournier","1610612753","Orlando Magic",2018,"0021700278","20171125",-1,15.65,FALSE
203095,"Evan Fournier","1610612753","Orlando Magic",2018,"0021700278","20171125",7.1,29.15,FALSE
203095,"Evan Fournier","1610612753","Orlando Magic",2018,"0021700278","20171125",12.1,77.35,FALSE
203095,"Evan Fournier","1610612753","Orlando Magic",2018,"0021700278","20171125",16.7,17.75,TRUE
203095,"Evan Fournier","1610612753","Orlando Magic",2018,"0021700278","20171125",-19.8,6.65,TRUE
203095,"Evan Fournier","1610612753","Orlando Magic",2018,"0021700278","20171125",-8.1,30.05,TRUE
203095,"Evan Fournier","1610612753","Orlando Magic",2018,"0021700278","20171125",7.4,31.05,FALSE
203095,"Evan Fournier","1610612753","Orlando Magic",2018,"0021700278","20171125",22.6,4.45,TRUE
203095,"Evan Fournier","1610612753","Orlando Magic",2018,"0021700278","20171125",-1.3,15.35,FALSE
203095,"Evan Fournier","1610612753","Orlando Magic",2018,"0021700290","20171127",-2.5,25.75,TRUE
203095,"Evan Fournier","1610612753","Orlando Magic",2018,"0021700290","20171127",4.3,20.75,FALSE
203095,"Evan Fournier","1610612753","Orlando Magic",2018,"0021700290","20171127",-0.3,6.85,TRUE
203095,"Evan Fournier","1610612753","Orlando Magic",2018,"0021700290","20171127",15.4,27.45,FALSE
203095,"Evan Fournier","1610612753","Orlando Magic",2018,"0021700290","20171127",-1.9,9.45,FALSE
203095,"Evan Fournier","1610612753","Orlando Magic",2018,"0021700290","20171127",2.2,31.25,FALSE
203095,"Evan Fournier","1610612753","Orlando Magic",2018,"0021700290","20171127",13.1,11.65,FALSE
203095,"Evan Fournier","1610612753","Orlando Magic",2018,"0021700290","20171127",0.6,6.75,FALSE
203095,"Evan Fournier","1610612753","Orlando Magic",2018,"0021700290","20171127",3.5,33.15,FALSE
203095,"Evan Fournier","1610612753","Orlando Magic",2018,"0021700290","20171127",1.6,10.55,TRUE
203095,"Evan Fournier","1610612753","Orlando Magic",2018,"0021700290","20171127",-15.7,27.75,TRUE
203095,"Evan Fournier","1610612753","Orlando Magic",2018,"0021700290","20171127",-15.8,7.25,FALSE
203095,"Evan Fournier","1610612753","Orlando Magic",2018,"0021700290","20171127",1.9,32.65,FALSE
203095,"Evan Fournier","1610612753","Orlando Magic",2018,"0021700290","20171127",10.2,13.85,TRUE
203095,"Evan Fournier","1610612753","Orlando Magic",2018,"0021700290","20171127",-10.3,30.35,FALSE
203095,"Evan Fournier","1610612753","Orlando Magic",2018,"0021700304","20171129",-1.4,9.25,FALSE
203095,"Evan Fournier","1610612753","Orlando Magic",2018,"0021700304","20171129",-0.1,7.15,FALSE
203095,"Evan Fournier","1610612753","Orlando Magic",2018,"0021700304","20171129",12.5,28.95,FALSE
203095,"Evan Fournier","1610612753","Orlando Magic",2018,"0021700304","20171129",-17.4,25.15,FALSE
203095,"Evan Fournier","1610612753","Orlando Magic",2018,"0021700304","20171129",23.1,6.25,TRUE
203095,"Evan Fournier","1610612753","Orlando Magic",2018,"0021700304","20171129",-8.9,19.55,TRUE
203095,"Evan Fournier","1610612753","Orlando Magic",2018,"0021700304","20171129",-7,16.35,TRUE
203095,"Evan Fournier","1610612753","Orlando Magic",2018,"0021700304","20171129",22.3,7.45,FALSE
203095,"Evan Fournier","1610612753","Orlando Magic",2018,"0021700304","20171129",-3.1,30.45,TRUE
203095,"Evan Fournier","1610612753","Orlando Magic",2018,"0021700304","20171129",-16.1,26.25,FALSE
203095,"Evan Fournier","1610612753","Orlando Magic",2018,"0021700304","20171129",14.3,25.65,TRUE
203095,"Evan Fournier","1610612753","Orlando Magic",2018,"0021700304","20171129",13.3,27.85,FALSE
203095,"Evan Fournier","1610612753","Orlando Magic",2018,"0021700318","20171201",22.1,10.25,TRUE
203095,"Evan Fournier","1610612753","Orlando Magic",2018,"0021700318","20171201",0.4,6.85,TRUE
203095,"Evan Fournier","1610612753","Orlando Magic",2018,"0021700318","20171201",-2.7,32.05,TRUE
203095,"Evan Fournier","1610612753","Orlando Magic",2018,"0021700318","20171201",1.3,6.55,TRUE
203095,"Evan Fournier","1610612753","Orlando Magic",2018,"0021700318","20171201",-10.3,28.65,TRUE
203095,"Evan Fournier","1610612753","Orlando Magic",2018,"0021700318","20171201",2.4,30.55,FALSE
203095,"Evan Fournier","1610612753","Orlando Magic",2018,"0021700318","20171201",-1.2,10.75,TRUE
203095,"Evan Fournier","1610612753","Orlando Magic",2018,"0021700318","20171201",-4.3,10.55,FALSE
203095,"Evan Fournier","1610612753","Orlando Magic",2018,"0021700318","20171201",4.3,15.95,FALSE
203095,"Evan Fournier","1610612753","Orlando Magic",2018,"0021700318","20171201",1.9,10.45,FALSE
203095,"Evan Fournier","1610612753","Orlando Magic",2018,"0021700318","20171201",-1.8,8.35,FALSE
203095,"Evan Fournier","1610612753","Orlando Magic",2018,"0021700318","20171201",15.8,24.15,TRUE
203095,"Evan Fournier","1610612753","Orlando Magic",2018,"0021700318","20171201",-20,21.25,FALSE
203095,"Evan Fournier","1610612753","Orlando Magic",2018,"0021700318","20171201",-0.4,12.75,FALSE
203095,"Evan Fournier","1610612753","Orlando Magic",2018,"0021700318","20171201",0.5,7.25,TRUE
203095,"Evan Fournier","1610612753","Orlando Magic",2018,"0021700334","20171203",-0.8,6.95,TRUE
203095,"Evan Fournier","1610612753","Orlando Magic",2018,"0021700334","20171203",0.2,6.65,FALSE
203095,"Evan Fournier","1610612753","Orlando Magic",2018,"0021700334","20171203",-0.8,6.85,TRUE
203095,"Evan Fournier","1610612753","Orlando Magic",2018,"0021700334","20171203",23.3,17.75,FALSE
203095,"Evan Fournier","1610612753","Orlando Magic",2018,"0021700334","20171203",7.4,29.55,TRUE
203095,"Evan Fournier","1610612753","Orlando Magic",2018,"0021700334","20171203",4.8,13.25,FALSE
203095,"Evan Fournier","1610612753","Orlando Magic",2018,"0021700334","20171203",0,11.95,TRUE
203095,"Evan Fournier","1610612753","Orlando Magic",2018,"0021700334","20171203",2.7,6.85,FALSE
203095,"Evan Fournier","1610612753","Orlando Magic",2018,"0021700334","20171203",1.3,6.05,TRUE
203095,"Evan Fournier","1610612753","Orlando Magic",2018,"0021700334","20171203",5.7,30.35,FALSE
203095,"Evan Fournier","1610612753","Orlando Magic",2018,"0021700334","20171203",-5.9,30.15,FALSE
203095,"Evan Fournier","1610612753","Orlando Magic",2018,"0021700334","20171203",15.2,25.75,FALSE
203095,"Evan Fournier","1610612753","Orlando Magic",2018,"0021700339","20171204",-11,29.55,FALSE
203095,"Evan Fournier","1610612753","Orlando Magic",2018,"0021700339","20171204",1.1,5.75,TRUE
203095,"Evan Fournier","1610612753","Orlando Magic",2018,"0021700339","20171204",-11.5,7.75,TRUE
203095,"Evan Fournier","1610612753","Orlando Magic",2018,"0021700339","20171204",-13.2,28.15,FALSE
203095,"Evan Fournier","1610612753","Orlando Magic",2018,"0021700339","20171204",3,8.65,FALSE
203095,"Evan Fournier","1610612753","Orlando Magic",2018,"0021700339","20171204",-0.9,5.25,TRUE
203095,"Evan Fournier","1610612753","Orlando Magic",2018,"0021700339","20171204",5.8,30.35,TRUE
203095,"Evan Fournier","1610612753","Orlando Magic",2018,"0021700339","20171204",-21.7,16.45,TRUE
203095,"Evan Fournier","1610612753","Orlando Magic",2018,"0021700339","20171204",-16.9,23.35,TRUE
203095,"Evan Fournier","1610612753","Orlando Magic",2018,"0021700339","20171204",-22.6,4.45,FALSE
203095,"Evan Fournier","1610612753","Orlando Magic",2018,"0021700339","20171204",-0.2,5.95,TRUE
203095,"Evan Fournier","1610612753","Orlando Magic",2018,"0021700339","20171204",2.4,9.85,FALSE
203095,"Evan Fournier","1610612753","Orlando Magic",2018,"0021700339","20171204",-1.4,30.95,FALSE
203095,"Evan Fournier","1610612753","Orlando Magic",2018,"0021700355","20171206",-9.5,29.95,FALSE
203095,"Evan Fournier","1610612753","Orlando Magic",2018,"0021700355","20171206",0.7,5.85,TRUE
203095,"Evan Fournier","1610612753","Orlando Magic",2018,"0021700355","20171206",16.1,20.35,FALSE
203095,"Evan Fournier","1610612753","Orlando Magic",2018,"0021700355","20171206",2.9,6.25,FALSE
203095,"Evan Fournier","1610612753","Orlando Magic",2018,"0021700355","20171206",-3.3,7.55,FALSE
203095,"Evan Fournier","1610612753","Orlando Magic",2018,"0021700355","20171206",0.4,8.15,TRUE
203095,"Evan Fournier","1610612753","Orlando Magic",2018,"0021700355","20171206",-0.3,10.15,TRUE
203095,"Evan Fournier","1610612753","Orlando Magic",2018,"0021700355","20171206",7.7,21.25,TRUE
203095,"Evan Fournier","1610612753","Orlando Magic",2018,"0021700355","20171206",18.8,9.45,TRUE
203095,"Evan Fournier","1610612753","Orlando Magic",2018,"0021700355","20171206",-0.1,8.85,TRUE
203095,"Evan Fournier","1610612753","Orlando Magic",2018,"0021700355","20171206",22.8,5.75,TRUE
203095,"Evan Fournier","1610612753","Orlando Magic",2018,"0021700355","20171206",5.9,30.75,TRUE
203095,"Evan Fournier","1610612753","Orlando Magic",2018,"0021700355","20171206",2.1,5.75,TRUE
203095,"Evan Fournier","1610612753","Orlando Magic",2018,"0021700355","20171206",0.4,20.85,FALSE
203095,"Evan Fournier","1610612753","Orlando Magic",2018,"0021700355","20171206",-0.5,8.65,FALSE
203095,"Evan Fournier","1610612753","Orlando Magic",2018,"0021700355","20171206",0.1,7.55,TRUE
203095,"Evan Fournier","1610612753","Orlando Magic",2018,"0021700355","20171206",-21.4,13.05,FALSE
203095,"Evan Fournier","1610612753","Orlando Magic",2018,"0021700355","20171206",0.4,14.15,FALSE
203095,"Evan Fournier","1610612753","Orlando Magic",2018,"0021700355","20171206",-1.8,7.55,TRUE
203095,"Evan Fournier","1610612753","Orlando Magic",2018,"0021700355","20171206",-1.9,7.25,FALSE
203095,"Evan Fournier","1610612753","Orlando Magic",2018,"0021700355","20171206",-0.7,11.25,TRUE
203095,"Evan Fournier","1610612753","Orlando Magic",2018,"0021700500","20171226",2.3,6.05,FALSE
203095,"Evan Fournier","1610612753","Orlando Magic",2018,"0021700500","20171226",16.5,7.75,TRUE
203095,"Evan Fournier","1610612753","Orlando Magic",2018,"0021700500","20171226",0.8,12.25,TRUE
203095,"Evan Fournier","1610612753","Orlando Magic",2018,"0021700500","20171226",-2.5,5.85,FALSE
203095,"Evan Fournier","1610612753","Orlando Magic",2018,"0021700500","20171226",10.4,30.15,FALSE
203095,"Evan Fournier","1610612753","Orlando Magic",2018,"0021700500","20171226",6.7,14.05,TRUE
203095,"Evan Fournier","1610612753","Orlando Magic",2018,"0021700500","20171226",-13.3,28.75,TRUE
203095,"Evan Fournier","1610612753","Orlando Magic",2018,"0021700500","20171226",15.8,26.65,FALSE
203095,"Evan Fournier","1610612753","Orlando Magic",2018,"0021700500","20171226",-2.8,9.35,TRUE
203095,"Evan Fournier","1610612753","Orlando Magic",2018,"0021700500","20171226",-2.5,8.65,FALSE
203095,"Evan Fournier","1610612753","Orlando Magic",2018,"0021700516","20171228",-1.3,6.55,TRUE
203095,"Evan Fournier","1610612753","Orlando Magic",2018,"0021700516","20171228",0.5,6.75,TRUE
203095,"Evan Fournier","1610612753","Orlando Magic",2018,"0021700516","20171228",0.2,7.65,FALSE
203095,"Evan Fournier","1610612753","Orlando Magic",2018,"0021700516","20171228",-5.6,11.65,FALSE
203095,"Evan Fournier","1610612753","Orlando Magic",2018,"0021700516","20171228",0.9,15.05,FALSE
203095,"Evan Fournier","1610612753","Orlando Magic",2018,"0021700516","20171228",-22,12.35,FALSE
203095,"Evan Fournier","1610612753","Orlando Magic",2018,"0021700516","20171228",-11.7,21.55,TRUE
203095,"Evan Fournier","1610612753","Orlando Magic",2018,"0021700516","20171228",-20.4,19.65,TRUE
203095,"Evan Fournier","1610612753","Orlando Magic",2018,"0021700516","20171228",17.9,23.25,FALSE
203095,"Evan Fournier","1610612753","Orlando Magic",2018,"0021700516","20171228",4,18.45,FALSE
203095,"Evan Fournier","1610612753","Orlando Magic",2018,"0021700516","20171228",-6.3,29.95,TRUE
203095,"Evan Fournier","1610612753","Orlando Magic",2018,"0021700516","20171228",6.6,11.55,FALSE
203095,"Evan Fournier","1610612753","Orlando Magic",2018,"0021700516","20171228",-17.2,23.75,TRUE
203095,"Evan Fournier","1610612753","Orlando Magic",2018,"0021700531","20171230",-4.6,31.35,TRUE
203095,"Evan Fournier","1610612753","Orlando Magic",2018,"0021700531","20171230",-7,20.75,TRUE
203095,"Evan Fournier","1610612753","Orlando Magic",2018,"0021700531","20171230",1.3,6.15,TRUE
203095,"Evan Fournier","1610612753","Orlando Magic",2018,"0021700531","20171230",-11.2,16.85,TRUE
203095,"Evan Fournier","1610612753","Orlando Magic",2018,"0021700531","20171230",-0.1,6.05,TRUE
203095,"Evan Fournier","1610612753","Orlando Magic",2018,"0021700531","20171230",6.9,16.25,FALSE
203095,"Evan Fournier","1610612753","Orlando Magic",2018,"0021700531","20171230",-0.6,7.15,TRUE
203095,"Evan Fournier","1610612753","Orlando Magic",2018,"0021700531","20171230",3.4,8.55,FALSE
203095,"Evan Fournier","1610612753","Orlando Magic",2018,"0021700531","20171230",-14.9,25.85,TRUE
203095,"Evan Fournier","1610612753","Orlando Magic",2018,"0021700531","20171230",-23.3,5.75,FALSE
203095,"Evan Fournier","1610612753","Orlando Magic",2018,"0021700531","20171230",-7.1,19.85,TRUE
203095,"Evan Fournier","1610612753","Orlando Magic",2018,"0021700531","20171230",8.3,17.55,FALSE
203095,"Evan Fournier","1610612753","Orlando Magic",2018,"0021700531","20171230",-4.6,26.35,FALSE
203095,"Evan Fournier","1610612753","Orlando Magic",2018,"0021700531","20171230",9.2,28.35,FALSE
203095,"Evan Fournier","1610612753","Orlando Magic",2018,"0021700531","20171230",-2.1,7.25,FALSE
203095,"Evan Fournier","1610612753","Orlando Magic",2018,"0021700531","20171230",-15.5,24.35,TRUE
203095,"Evan Fournier","1610612753","Orlando Magic",2018,"0021700531","20171230",-8.6,29.35,FALSE
203095,"Evan Fournier","1610612753","Orlando Magic",2018,"0021700545","20180101",-11,28.25,FALSE
203095,"Evan Fournier","1610612753","Orlando Magic",2018,"0021700545","20180101",-2.7,7.85,FALSE
203095,"Evan Fournier","1610612753","Orlando Magic",2018,"0021700545","20180101",8,5.55,TRUE
203095,"Evan Fournier","1610612753","Orlando Magic",2018,"0021700545","20180101",0.8,7.75,TRUE
203095,"Evan Fournier","1610612753","Orlando Magic",2018,"0021700545","20180101",-8.8,19.25,TRUE
203095,"Evan Fournier","1610612753","Orlando Magic",2018,"0021700545","20180101",7.8,26.25,FALSE
203095,"Evan Fournier","1610612753","Orlando Magic",2018,"0021700545","20180101",5.8,6.85,FALSE
203095,"Evan Fournier","1610612753","Orlando Magic",2018,"0021700545","20180101",19.4,8.85,FALSE
203095,"Evan Fournier","1610612753","Orlando Magic",2018,"0021700545","20180101",-2.5,6.05,FALSE
203095,"Evan Fournier","1610612753","Orlando Magic",2018,"0021700545","20180101",0.1,19.55,FALSE
203095,"Evan Fournier","1610612753","Orlando Magic",2018,"0021700545","20180101",0.6,8.15,TRUE
203095,"Evan Fournier","1610612753","Orlando Magic",2018,"0021700545","20180101",6.2,30.45,FALSE
203095,"Evan Fournier","1610612753","Orlando Magic",2018,"0021700545","20180101",-11.8,6.55,FALSE
203095,"Evan Fournier","1610612753","Orlando Magic",2018,"0021700545","20180101",0.9,30.35,FALSE
203095,"Evan Fournier","1610612753","Orlando Magic",2018,"0021700545","20180101",-18.9,24.15,FALSE
203095,"Evan Fournier","1610612753","Orlando Magic",2018,"0021700554","20180103",5.1,15.25,FALSE
203095,"Evan Fournier","1610612753","Orlando Magic",2018,"0021700554","20180103",22.3,7.35,FALSE
203095,"Evan Fournier","1610612753","Orlando Magic",2018,"0021700554","20180103",0.2,6.25,TRUE
203095,"Evan Fournier","1610612753","Orlando Magic",2018,"0021700554","20180103",7.4,30.35,FALSE
203095,"Evan Fournier","1610612753","Orlando Magic",2018,"0021700554","20180103",0.5,12.15,FALSE
203095,"Evan Fournier","1610612753","Orlando Magic",2018,"0021700554","20180103",16.6,26.25,FALSE
203095,"Evan Fournier","1610612753","Orlando Magic",2018,"0021700554","20180103",-0.1,20.95,FALSE
203095,"Evan Fournier","1610612753","Orlando Magic",2018,"0021700554","20180103",-15.2,4.15,FALSE
203095,"Evan Fournier","1610612753","Orlando Magic",2018,"0021700554","20180103",-17.8,23.35,FALSE
203095,"Evan Fournier","1610612753","Orlando Magic",2018,"0021700554","20180103",15.9,26.35,FALSE
203095,"Evan Fournier","1610612753","Orlando Magic",2018,"0021700554","20180103",-1.3,6.25,TRUE
203095,"Evan Fournier","1610612753","Orlando Magic",2018,"0021700582","20180106",-3.9,15.55,TRUE
203095,"Evan Fournier","1610612753","Orlando Magic",2018,"0021700582","20180106",9.1,28.95,TRUE
203095,"Evan Fournier","1610612753","Orlando Magic",2018,"0021700582","20180106",-3,8.25,FALSE
203095,"Evan Fournier","1610612753","Orlando Magic",2018,"0021700582","20180106",-9.8,31.95,FALSE
203095,"Evan Fournier","1610612753","Orlando Magic",2018,"0021700582","20180106",0.4,8.65,FALSE
203095,"Evan Fournier","1610612753","Orlando Magic",2018,"0021700582","20180106",2,7.25,FALSE
203095,"Evan Fournier","1610612753","Orlando Magic",2018,"0021700582","20180106",22.6,7.75,TRUE
203095,"Evan Fournier","1610612753","Orlando Magic",2018,"0021700582","20180106",-2,27.65,FALSE
203095,"Evan Fournier","1610612753","Orlando Magic",2018,"0021700582","20180106",15,24.65,FALSE
203095,"Evan Fournier","1610612753","Orlando Magic",2018,"0021700582","20180106",23,8.45,TRUE
203095,"Evan Fournier","1610612753","Orlando Magic",2018,"0021700582","20180106",2,32.65,FALSE
203095,"Evan Fournier","1610612753","Orlando Magic",2018,"0021700582","20180106",1.2,14.35,FALSE
203095,"Evan Fournier","1610612753","Orlando Magic",2018,"0021700582","20180106",0.9,30.95,FALSE
203095,"Evan Fournier","1610612753","Orlando Magic",2018,"0021700582","20180106",17.2,24.85,TRUE
203095,"Evan Fournier","1610612753","Orlando Magic",2018,"0021700601","20180109",15.5,24.95,FALSE
203095,"Evan Fournier","1610612753","Orlando Magic",2018,"0021700601","20180109",6,17.65,FALSE
203095,"Evan Fournier","1610612753","Orlando Magic",2018,"0021700601","20180109",-12,3.65,FALSE
203095,"Evan Fournier","1610612753","Orlando Magic",2018,"0021700601","20180109",-11.6,5.15,TRUE
203095,"Evan Fournier","1610612753","Orlando Magic",2018,"0021700601","20180109",-2.4,10.55,TRUE
203095,"Evan Fournier","1610612753","Orlando Magic",2018,"0021700601","20180109",-9.5,7.05,FALSE
203095,"Evan Fournier","1610612753","Orlando Magic",2018,"0021700601","20180109",16.8,8.65,FALSE
203095,"Evan Fournier","1610612753","Orlando Magic",2018,"0021700601","20180109",4.7,20.35,TRUE
203095,"Evan Fournier","1610612753","Orlando Magic",2018,"0021700601","20180109",3.2,17.05,TRUE
203095,"Evan Fournier","1610612753","Orlando Magic",2018,"0021700601","20180109",2,6.35,TRUE
203095,"Evan Fournier","1610612753","Orlando Magic",2018,"0021700601","20180109",-0.2,5.85,TRUE
203095,"Evan Fournier","1610612753","Orlando Magic",2018,"0021700601","20180109",12,31.05,FALSE
203095,"Evan Fournier","1610612753","Orlando Magic",2018,"0021700601","20180109",13,29.65,FALSE
203095,"Evan Fournier","1610612753","Orlando Magic",2018,"0021700601","20180109",-9.7,27.95,FALSE
203095,"Evan Fournier","1610612753","Orlando Magic",2018,"0021700610","20180110",-0.6,5.25,TRUE
203095,"Evan Fournier","1610612753","Orlando Magic",2018,"0021700610","20180110",1.8,5.65,TRUE
203095,"Evan Fournier","1610612753","Orlando Magic",2018,"0021700610","20180110",0.3,8.65,FALSE
203095,"Evan Fournier","1610612753","Orlando Magic",2018,"0021700610","20180110",-21,19.75,FALSE
203095,"Evan Fournier","1610612753","Orlando Magic",2018,"0021700610","20180110",0.6,32.15,TRUE
203095,"Evan Fournier","1610612753","Orlando Magic",2018,"0021700610","20180110",0.1,6.95,TRUE
203095,"Evan Fournier","1610612753","Orlando Magic",2018,"0021700610","20180110",3.5,15.75,FALSE
203095,"Evan Fournier","1610612753","Orlando Magic",2018,"0021700610","20180110",-9,30.55,FALSE
203095,"Evan Fournier","1610612753","Orlando Magic",2018,"0021700610","20180110",-0.9,6.25,TRUE
203095,"Evan Fournier","1610612753","Orlando Magic",2018,"0021700610","20180110",-0.6,6.75,TRUE
203095,"Evan Fournier","1610612753","Orlando Magic",2018,"0021700610","20180110",-19.2,23.75,TRUE
203095,"Evan Fournier","1610612753","Orlando Magic",2018,"0021700610","20180110",-10.5,29.65,FALSE
203095,"Evan Fournier","1610612753","Orlando Magic",2018,"0021700610","20180110",0,6.25,TRUE
203095,"Evan Fournier","1610612753","Orlando Magic",2018,"0021700610","20180110",0.2,11.75,FALSE
203095,"Evan Fournier","1610612753","Orlando Magic",2018,"0021700620","20180112",-6.7,30.75,FALSE
203095,"Evan Fournier","1610612753","Orlando Magic",2018,"0021700620","20180112",22.2,20.75,TRUE
203095,"Evan Fournier","1610612753","Orlando Magic",2018,"0021700620","20180112",11.2,13.65,TRUE
203095,"Evan Fournier","1610612753","Orlando Magic",2018,"0021700620","20180112",-1.3,30.85,TRUE
203095,"Evan Fournier","1610612753","Orlando Magic",2018,"0021700620","20180112",-19.9,22.05,FALSE
203095,"Evan Fournier","1610612753","Orlando Magic",2018,"0021700620","20180112",0.2,17.15,FALSE
203095,"Evan Fournier","1610612753","Orlando Magic",2018,"0021700620","20180112",-0.9,7.15,FALSE
203095,"Evan Fournier","1610612753","Orlando Magic",2018,"0021700620","20180112",1.1,6.35,FALSE
203095,"Evan Fournier","1610612753","Orlando Magic",2018,"0021700620","20180112",-20.3,19.95,FALSE
203095,"Evan Fournier","1610612753","Orlando Magic",2018,"0021700620","20180112",12.7,28.75,FALSE
203095,"Evan Fournier","1610612753","Orlando Magic",2018,"0021700620","20180112",-11.3,20.35,TRUE
203095,"Evan Fournier","1610612753","Orlando Magic",2018,"0021700620","20180112",17.7,22.85,FALSE
203095,"Evan Fournier","1610612753","Orlando Magic",2018,"0021700620","20180112",-4.3,26.45,FALSE
203095,"Evan Fournier","1610612753","Orlando Magic",2018,"0021700620","20180112",-13.9,26.45,FALSE
203095,"Evan Fournier","1610612753","Orlando Magic",2018,"0021700649","20180116",-4.7,16.25,FALSE
203095,"Evan Fournier","1610612753","Orlando Magic",2018,"0021700649","20180116",3.2,26.15,FALSE
203095,"Evan Fournier","1610612753","Orlando Magic",2018,"0021700649","20180116",22.6,3.45,TRUE
203095,"Evan Fournier","1610612753","Orlando Magic",2018,"0021700649","20180116",-15.9,26.75,FALSE
203095,"Evan Fournier","1610612753","Orlando Magic",2018,"0021700649","20180116",-23.1,3.45,TRUE
203095,"Evan Fournier","1610612753","Orlando Magic",2018,"0021700649","20180116",-5.2,8.15,TRUE
203095,"Evan Fournier","1610612753","Orlando Magic",2018,"0021700649","20180116",12.2,24.35,TRUE
203095,"Evan Fournier","1610612753","Orlando Magic",2018,"0021700649","20180116",-0.9,16.65,FALSE
203095,"Evan Fournier","1610612753","Orlando Magic",2018,"0021700649","20180116",-20.1,23.25,FALSE
203095,"Evan Fournier","1610612753","Orlando Magic",2018,"0021700649","20180116",-19.4,21.05,TRUE
203095,"Evan Fournier","1610612753","Orlando Magic",2018,"0021700649","20180116",-0.5,9.45,TRUE
203095,"Evan Fournier","1610612753","Orlando Magic",2018,"0021700649","20180116",16.3,26.45,FALSE
203095,"Evan Fournier","1610612753","Orlando Magic",2018,"0021700649","20180116",-2.7,8.35,TRUE
203095,"Evan Fournier","1610612753","Orlando Magic",2018,"0021700649","20180116",-3.8,7.85,TRUE
203095,"Evan Fournier","1610612753","Orlando Magic",2018,"0021700649","20180116",-18,25.25,FALSE
203095,"Evan Fournier","1610612753","Orlando Magic",2018,"0021700649","20180116",22,18.85,TRUE
203095,"Evan Fournier","1610612753","Orlando Magic",2018,"0021700649","20180116",7.1,7.35,FALSE
203095,"Evan Fournier","1610612753","Orlando Magic",2018,"0021700649","20180116",22.8,19.35,TRUE
203095,"Evan Fournier","1610612753","Orlando Magic",2018,"0021700649","20180116",-23.1,5.15,TRUE
203095,"Evan Fournier","1610612753","Orlando Magic",2018,"0021700649","20180116",21,20.45,FALSE
203095,"Evan Fournier","1610612753","Orlando Magic",2018,"0021700649","20180116",-1.5,32.55,FALSE
203095,"Evan Fournier","1610612753","Orlando Magic",2018,"0021700649","20180116",-2.5,7.25,TRUE
203095,"Evan Fournier","1610612753","Orlando Magic",2018,"0021700664","20180118",-1.7,6.65,TRUE
203095,"Evan Fournier","1610612753","Orlando Magic",2018,"0021700664","20180118",20.5,7.15,FALSE
203095,"Evan Fournier","1610612753","Orlando Magic",2018,"0021700664","20180118",-0.7,6.25,FALSE
203095,"Evan Fournier","1610612753","Orlando Magic",2018,"0021700664","20180118",-13.7,33.75,FALSE
203095,"Evan Fournier","1610612753","Orlando Magic",2018,"0021700664","20180118",1.9,26.65,FALSE
203095,"Evan Fournier","1610612753","Orlando Magic",2018,"0021700664","20180118",-0.2,5.55,TRUE
203095,"Evan Fournier","1610612753","Orlando Magic",2018,"0021700664","20180118",2.4,8.15,FALSE
203095,"Evan Fournier","1610612753","Orlando Magic",2018,"0021700664","20180118",6.4,16.75,FALSE
203095,"Evan Fournier","1610612753","Orlando Magic",2018,"0021700664","20180118",0,4.65,TRUE
203095,"Evan Fournier","1610612753","Orlando Magic",2018,"0021700664","20180118",22.5,6.25,TRUE
203095,"Evan Fournier","1610612753","Orlando Magic",2018,"0021700664","20180118",0.8,6.55,TRUE
203095,"Evan Fournier","1610612753","Orlando Magic",2018,"0021700664","20180118",-0.3,7.05,FALSE
203095,"Evan Fournier","1610612753","Orlando Magic",2018,"0021700664","20180118",0.1,9.15,FALSE
203095,"Evan Fournier","1610612753","Orlando Magic",2018,"0021700664","20180118",-22.8,12.55,FALSE
203095,"Evan Fournier","1610612753","Orlando Magic",2018,"0021700664","20180118",0.5,5.95,TRUE
203095,"Evan Fournier","1610612753","Orlando Magic",2018,"0021700683","20180121",12,27.85,TRUE
203095,"Evan Fournier","1610612753","Orlando Magic",2018,"0021700683","20180121",-4.1,8.85,FALSE
203095,"Evan Fournier","1610612753","Orlando Magic",2018,"0021700683","20180121",7.9,29.95,TRUE
203095,"Evan Fournier","1610612753","Orlando Magic",2018,"0021700683","20180121",14.9,24.95,FALSE
203095,"Evan Fournier","1610612753","Orlando Magic",2018,"0021700683","20180121",20.8,6.05,TRUE
203095,"Evan Fournier","1610612753","Orlando Magic",2018,"0021700683","20180121",-0.8,6.25,TRUE
203095,"Evan Fournier","1610612753","Orlando Magic",2018,"0021700683","20180121",-22.1,6.35,TRUE
203095,"Evan Fournier","1610612753","Orlando Magic",2018,"0021700683","20180121",6.1,16.45,FALSE
203095,"Evan Fournier","1610612753","Orlando Magic",2018,"0021700683","20180121",1.3,5.35,TRUE
203095,"Evan Fournier","1610612753","Orlando Magic",2018,"0021700683","20180121",0.7,6.05,TRUE
203095,"Evan Fournier","1610612753","Orlando Magic",2018,"0021700683","20180121",-14.1,7.35,FALSE
203095,"Evan Fournier","1610612753","Orlando Magic",2018,"0021700683","20180121",-7,29.15,FALSE
203095,"Evan Fournier","1610612753","Orlando Magic",2018,"0021700683","20180121",3.6,6.55,FALSE
203095,"Evan Fournier","1610612753","Orlando Magic",2018,"0021700683","20180121",-2.6,30.85,FALSE
203095,"Evan Fournier","1610612753","Orlando Magic",2018,"0021700683","20180121",1.9,6.75,FALSE
203095,"Evan Fournier","1610612753","Orlando Magic",2018,"0021700683","20180121",-6.2,17.55,FALSE
203095,"Evan Fournier","1610612753","Orlando Magic",2018,"0021700683","20180121",-13.6,5.65,FALSE
203095,"Evan Fournier","1610612753","Orlando Magic",2018,"0021700683","20180121",-6.7,19.55,FALSE
203095,"Evan Fournier","1610612753","Orlando Magic",2018,"0021700683","20180121",-3.5,21.15,TRUE
203095,"Evan Fournier","1610612753","Orlando Magic",2018,"0021700696","20180123",-9.5,29.75,TRUE
203095,"Evan Fournier","1610612753","Orlando Magic",2018,"0021700696","20180123",1.4,6.25,TRUE
203095,"Evan Fournier","1610612753","Orlando Magic",2018,"0021700696","20180123",0,18.65,FALSE
203095,"Evan Fournier","1610612753","Orlando Magic",2018,"0021700696","20180123",23.1,6.05,TRUE
203095,"Evan Fournier","1610612753","Orlando Magic",2018,"0021700696","20180123",2.5,30.85,FALSE
203095,"Evan Fournier","1610612753","Orlando Magic",2018,"0021700696","20180123",1.5,6.75,TRUE
203095,"Evan Fournier","1610612753","Orlando Magic",2018,"0021700696","20180123",1.4,26.05,TRUE
203095,"Evan Fournier","1610612753","Orlando Magic",2018,"0021700696","20180123",-11.7,27.75,FALSE
203095,"Evan Fournier","1610612753","Orlando Magic",2018,"0021700696","20180123",3.8,15.35,TRUE
203095,"Evan Fournier","1610612753","Orlando Magic",2018,"0021700696","20180123",22.5,11.25,FALSE
203095,"Evan Fournier","1610612753","Orlando Magic",2018,"0021700696","20180123",-1.4,6.45,TRUE
203095,"Evan Fournier","1610612753","Orlando Magic",2018,"0021700696","20180123",14.7,25.95,FALSE
203095,"Evan Fournier","1610612753","Orlando Magic",2018,"0021700696","20180123",-20.1,19.35,FALSE
203095,"Evan Fournier","1610612753","Orlando Magic",2018,"0021700696","20180123",-6.7,26.85,FALSE
203095,"Evan Fournier","1610612753","Orlando Magic",2018,"0021700696","20180123",-4.3,30.45,FALSE
203095,"Evan Fournier","1610612753","Orlando Magic",2018,"0021700696","20180123",9.6,29.55,FALSE
203095,"Evan Fournier","1610612753","Orlando Magic",2018,"0021700696","20180123",-11.7,28.05,FALSE
203095,"Evan Fournier","1610612753","Orlando Magic",2018,"0021700725","20180127",-0.1,5.75,TRUE
203095,"Evan Fournier","1610612753","Orlando Magic",2018,"0021700725","20180127",-14.9,15.15,FALSE
203095,"Evan Fournier","1610612753","Orlando Magic",2018,"0021700725","20180127",-2.8,5.55,TRUE
203095,"Evan Fournier","1610612753","Orlando Magic",2018,"0021700725","20180127",-0.3,26.25,FALSE
203095,"Evan Fournier","1610612753","Orlando Magic",2018,"0021700725","20180127",-7.2,23.25,FALSE
203095,"Evan Fournier","1610612753","Orlando Magic",2018,"0021700725","20180127",4.6,7.95,TRUE
203095,"Evan Fournier","1610612753","Orlando Magic",2018,"0021700725","20180127",-12.3,31.35,TRUE
203095,"Evan Fournier","1610612753","Orlando Magic",2018,"0021700725","20180127",-23.1,7.45,FALSE
203095,"Evan Fournier","1610612753","Orlando Magic",2018,"0021700725","20180127",18.7,24.55,TRUE
203095,"Evan Fournier","1610612753","Orlando Magic",2018,"0021700725","20180127",-21,14.95,TRUE
203095,"Evan Fournier","1610612753","Orlando Magic",2018,"0021700725","20180127",1.3,6.45,TRUE
203095,"Evan Fournier","1610612753","Orlando Magic",2018,"0021700725","20180127",20.1,23.75,FALSE
203095,"Evan Fournier","1610612753","Orlando Magic",2018,"0021700725","20180127",3.9,31.65,TRUE
203095,"Evan Fournier","1610612753","Orlando Magic",2018,"0021700725","20180127",7.3,24.65,FALSE
203095,"Evan Fournier","1610612753","Orlando Magic",2018,"0021700725","20180127",-6.4,31.15,FALSE
203095,"Evan Fournier","1610612753","Orlando Magic",2018,"0021700725","20180127",-0.3,4.85,TRUE
203095,"Evan Fournier","1610612753","Orlando Magic",2018,"0021700748","20180130",-0.1,5.65,TRUE
203095,"Evan Fournier","1610612753","Orlando Magic",2018,"0021700748","20180130",21.4,20.05,FALSE
203095,"Evan Fournier","1610612753","Orlando Magic",2018,"0021700748","20180130",14.1,20.25,FALSE
203095,"Evan Fournier","1610612753","Orlando Magic",2018,"0021700748","20180130",-1.1,7.35,FALSE
203095,"Evan Fournier","1610612753","Orlando Magic",2018,"0021700748","20180130",-5.1,17.95,TRUE
203095,"Evan Fournier","1610612753","Orlando Magic",2018,"0021700748","20180130",23,11.05,TRUE
203095,"Evan Fournier","1610612753","Orlando Magic",2018,"0021700748","20180130",8.4,29.35,TRUE
203095,"Evan Fournier","1610612753","Orlando Magic",2018,"0021700748","20180130",17.6,22.85,FALSE
203095,"Evan Fournier","1610612753","Orlando Magic",2018,"0021700748","20180130",5.5,11.05,FALSE
203095,"Evan Fournier","1610612753","Orlando Magic",2018,"0021700748","20180130",-2.1,34.25,FALSE
203095,"Evan Fournier","1610612753","Orlando Magic",2018,"0021700748","20180130",-0.4,6.45,FALSE
203095,"Evan Fournier","1610612753","Orlando Magic",2018,"0021700748","20180130",-9.7,30.05,FALSE
203095,"Evan Fournier","1610612753","Orlando Magic",2018,"0021700754","20180131",-13.9,16.35,FALSE
203095,"Evan Fournier","1610612753","Orlando Magic",2018,"0021700754","20180131",6,30.95,TRUE
203095,"Evan Fournier","1610612753","Orlando Magic",2018,"0021700754","20180131",-3,30.75,FALSE
203095,"Evan Fournier","1610612753","Orlando Magic",2018,"0021700754","20180131",-2.9,26.75,FALSE
203095,"Evan Fournier","1610612753","Orlando Magic",2018,"0021700754","20180131",11.5,28.55,TRUE
203095,"Evan Fournier","1610612753","Orlando Magic",2018,"0021700754","20180131",8.9,22.15,TRUE
203095,"Evan Fournier","1610612753","Orlando Magic",2018,"0021700754","20180131",16.6,23.55,FALSE
203095,"Evan Fournier","1610612753","Orlando Magic",2018,"0021700754","20180131",-18.4,21.15,TRUE
203095,"Evan Fournier","1610612753","Orlando Magic",2018,"0021700754","20180131",-14,26.35,TRUE
203095,"Evan Fournier","1610612753","Orlando Magic",2018,"0021700754","20180131",22.9,8.35,TRUE
203095,"Evan Fournier","1610612753","Orlando Magic",2018,"0021700778","20180203",-4.9,25.35,TRUE
203095,"Evan Fournier","1610612753","Orlando Magic",2018,"0021700778","20180203",0.4,5.85,TRUE
203095,"Evan Fournier","1610612753","Orlando Magic",2018,"0021700778","20180203",0.2,5.85,FALSE
203095,"Evan Fournier","1610612753","Orlando Magic",2018,"0021700778","20180203",-0.7,6.35,FALSE
203095,"Evan Fournier","1610612753","Orlando Magic",2018,"0021700778","20180203",14.4,25.85,FALSE
203095,"Evan Fournier","1610612753","Orlando Magic",2018,"0021700778","20180203",-2.7,32.35,FALSE
203095,"Evan Fournier","1610612753","Orlando Magic",2018,"0021700778","20180203",10.5,29.15,TRUE
203095,"Evan Fournier","1610612753","Orlando Magic",2018,"0021700778","20180203",-12.1,28.95,FALSE
203095,"Evan Fournier","1610612753","Orlando Magic",2018,"0021700778","20180203",-6.5,29.85,FALSE
203095,"Evan Fournier","1610612753","Orlando Magic",2018,"0021700778","20180203",-0.2,8.85,FALSE
203095,"Evan Fournier","1610612753","Orlando Magic",2018,"0021700778","20180203",-6,24.35,FALSE
203095,"Evan Fournier","1610612753","Orlando Magic",2018,"0021700778","20180203",15,27.55,FALSE
203095,"Evan Fournier","1610612753","Orlando Magic",2018,"0021700792","20180205",1.1,6.25,FALSE
203095,"Evan Fournier","1610612753","Orlando Magic",2018,"0021700792","20180205",4.3,12.75,FALSE
203095,"Evan Fournier","1610612753","Orlando Magic",2018,"0021700792","20180205",23.4,7.55,FALSE
203095,"Evan Fournier","1610612753","Orlando Magic",2018,"0021700792","20180205",5.7,14.25,TRUE
203095,"Evan Fournier","1610612753","Orlando Magic",2018,"0021700792","20180205",1.2,20.15,TRUE
203095,"Evan Fournier","1610612753","Orlando Magic",2018,"0021700792","20180205",11.1,28.75,FALSE
203095,"Evan Fournier","1610612753","Orlando Magic",2018,"0021700792","20180205",-9.3,20.55,TRUE
203095,"Evan Fournier","1610612753","Orlando Magic",2018,"0021700792","20180205",0,6.65,FALSE
203095,"Evan Fournier","1610612753","Orlando Magic",2018,"0021700792","20180205",-1.8,6.25,TRUE
203095,"Evan Fournier","1610612753","Orlando Magic",2018,"0021700792","20180205",2.7,13.95,TRUE
203095,"Evan Fournier","1610612753","Orlando Magic",2018,"0021700792","20180205",-23.9,9.05,TRUE
203095,"Evan Fournier","1610612753","Orlando Magic",2018,"0021700792","20180205",-13.8,29.85,FALSE
203095,"Evan Fournier","1610612753","Orlando Magic",2018,"0021700792","20180205",-1.3,6.25,FALSE
203095,"Evan Fournier","1610612753","Orlando Magic",2018,"0021700797","20180206",22.7,8.85,FALSE
203095,"Evan Fournier","1610612753","Orlando Magic",2018,"0021700797","20180206",11.3,16.75,TRUE
203095,"Evan Fournier","1610612753","Orlando Magic",2018,"0021700797","20180206",13.4,27.05,FALSE
203095,"Evan Fournier","1610612753","Orlando Magic",2018,"0021700797","20180206",1.6,7.15,TRUE
203095,"Evan Fournier","1610612753","Orlando Magic",2018,"0021700797","20180206",-2.7,17.75,FALSE
203095,"Evan Fournier","1610612753","Orlando Magic",2018,"0021700797","20180206",-2.7,7.85,TRUE
203095,"Evan Fournier","1610612753","Orlando Magic",2018,"0021700797","20180206",-1.3,6.05,TRUE
203095,"Evan Fournier","1610612753","Orlando Magic",2018,"0021700797","20180206",-1.6,7.15,TRUE
203095,"Evan Fournier","1610612753","Orlando Magic",2018,"0021700797","20180206",1.5,33.65,FALSE
203095,"Evan Fournier","1610612753","Orlando Magic",2018,"0021700797","20180206",-8.5,28.85,TRUE
203095,"Evan Fournier","1610612753","Orlando Magic",2018,"0021700797","20180206",-0.6,7.95,TRUE
203095,"Evan Fournier","1610612753","Orlando Magic",2018,"0021700797","20180206",-14.5,25.75,FALSE
203095,"Evan Fournier","1610612753","Orlando Magic",2018,"0021700797","20180206",22.8,13.75,FALSE
203095,"Evan Fournier","1610612753","Orlando Magic",2018,"0021700811","20180208",0.6,13.15,TRUE
203095,"Evan Fournier","1610612753","Orlando Magic",2018,"0021700811","20180208",-2.5,13.65,FALSE
203095,"Evan Fournier","1610612753","Orlando Magic",2018,"0021700811","20180208",2.4,14.75,FALSE
203095,"Evan Fournier","1610612753","Orlando Magic",2018,"0021700811","20180208",2.4,10.25,FALSE
203095,"Evan Fournier","1610612753","Orlando Magic",2018,"0021700811","20180208",-4.6,10.25,FALSE
203095,"Evan Fournier","1610612753","Orlando Magic",2018,"0021700811","20180208",-7.3,20.65,FALSE
203095,"Evan Fournier","1610612753","Orlando Magic",2018,"0021700811","20180208",21.4,18.95,TRUE
203095,"Evan Fournier","1610612753","Orlando Magic",2018,"0021700811","20180208",-0.7,11.45,TRUE
203095,"Evan Fournier","1610612753","Orlando Magic",2018,"0021700811","20180208",-4.1,10.55,TRUE
203095,"Evan Fournier","1610612753","Orlando Magic",2018,"0021700811","20180208",-6.2,29.95,FALSE
203095,"Evan Fournier","1610612753","Orlando Magic",2018,"0021700811","20180208",18.3,22.15,FALSE
203095,"Evan Fournier","1610612753","Orlando Magic",2018,"0021700811","20180208",-0.8,10.95,TRUE
203095,"Evan Fournier","1610612753","Orlando Magic",2018,"0021700811","20180208",-13.7,28.15,TRUE
203095,"Evan Fournier","1610612753","Orlando Magic",2018,"0021700811","20180208",-9.5,22.15,TRUE
203095,"Evan Fournier","1610612753","Orlando Magic",2018,"0021700827","20180210",-23,3.65,FALSE
203095,"Evan Fournier","1610612753","Orlando Magic",2018,"0021700827","20180210",-1.2,7.35,TRUE
203095,"Evan Fournier","1610612753","Orlando Magic",2018,"0021700827","20180210",-2.2,32.85,TRUE
203095,"Evan Fournier","1610612753","Orlando Magic",2018,"0021700827","20180210",-1.7,7.75,FALSE
203095,"Evan Fournier","1610612753","Orlando Magic",2018,"0021700827","20180210",-2.4,30.75,TRUE
203095,"Evan Fournier","1610612753","Orlando Magic",2018,"0021700827","20180210",-2.1,6.85,FALSE
203095,"Evan Fournier","1610612753","Orlando Magic",2018,"0021700827","20180210",0.8,7.05,TRUE
203095,"Evan Fournier","1610612753","Orlando Magic",2018,"0021700827","20180210",0.2,8.85,TRUE
203095,"Evan Fournier","1610612753","Orlando Magic",2018,"0021700827","20180210",-16.9,25.45,FALSE
203095,"Evan Fournier","1610612753","Orlando Magic",2018,"0021700827","20180210",21.2,9.85,FALSE
203095,"Evan Fournier","1610612753","Orlando Magic",2018,"0021700827","20180210",0.7,6.25,FALSE
203095,"Evan Fournier","1610612753","Orlando Magic",2018,"0021700827","20180210",1.1,7.25,TRUE
203095,"Evan Fournier","1610612753","Orlando Magic",2018,"0021700827","20180210",-0.9,7.55,TRUE
203095,"Evan Fournier","1610612753","Orlando Magic",2018,"0021700827","20180210",-16.2,26.65,FALSE
203095,"Evan Fournier","1610612753","Orlando Magic",2018,"0021700827","20180210",0.2,6.35,TRUE
203095,"Evan Fournier","1610612753","Orlando Magic",2018,"0021700844","20180212",-3.3,7.05,TRUE
203095,"Evan Fournier","1610612753","Orlando Magic",2018,"0021700844","20180212",1.6,6.95,TRUE
203095,"Evan Fournier","1610612753","Orlando Magic",2018,"0021700844","20180212",-9.5,24.15,TRUE
203095,"Evan Fournier","1610612753","Orlando Magic",2018,"0021700844","20180212",20.6,8.45,TRUE
203095,"Evan Fournier","1610612753","Orlando Magic",2018,"0021700844","20180212",-1.8,5.65,TRUE
203095,"Evan Fournier","1610612753","Orlando Magic",2018,"0021700844","20180212",14.5,27.55,FALSE
203095,"Evan Fournier","1610612753","Orlando Magic",2018,"0021700844","20180212",-1.1,5.85,FALSE
203095,"Evan Fournier","1610612753","Orlando Magic",2018,"0021700844","20180212",-23.4,6.15,TRUE
203095,"Evan Fournier","1610612753","Orlando Magic",2018,"0021700844","20180212",2.7,29.55,FALSE
203095,"Evan Fournier","1610612753","Orlando Magic",2018,"0021700844","20180212",-17.9,10.45,TRUE
203095,"Evan Fournier","1610612753","Orlando Magic",2018,"0021700844","20180212",-18.8,3.25,FALSE
203095,"Evan Fournier","1610612753","Orlando Magic",2018,"0021700844","20180212",-11.9,27.75,TRUE
203095,"Evan Fournier","1610612753","Orlando Magic",2018,"0021700844","20180212",4.3,30.05,TRUE
203095,"Evan Fournier","1610612753","Orlando Magic",2018,"0021700844","20180212",1,9.05,FALSE
203095,"Evan Fournier","1610612753","Orlando Magic",2018,"0021700844","20180212",-5.1,31.45,FALSE
203095,"Evan Fournier","1610612753","Orlando Magic",2018,"0021700854","20180214",23.1,8.35,TRUE
203095,"Evan Fournier","1610612753","Orlando Magic",2018,"0021700854","20180214",23.1,13.15,FALSE
203095,"Evan Fournier","1610612753","Orlando Magic",2018,"0021700854","20180214",-0.3,12.05,TRUE
203095,"Evan Fournier","1610612753","Orlando Magic",2018,"0021700854","20180214",7.1,30.45,FALSE
203095,"Evan Fournier","1610612753","Orlando Magic",2018,"0021700854","20180214",1.2,6.75,TRUE
203095,"Evan Fournier","1610612753","Orlando Magic",2018,"0021700854","20180214",-5,31.65,FALSE
203095,"Evan Fournier","1610612753","Orlando Magic",2018,"0021700854","20180214",16.2,24.15,FALSE
203095,"Evan Fournier","1610612753","Orlando Magic",2018,"0021700854","20180214",9.3,28.95,FALSE
203095,"Evan Fournier","1610612753","Orlando Magic",2018,"0021700854","20180214",1.1,7.35,TRUE
203095,"Evan Fournier","1610612753","Orlando Magic",2018,"0021700854","20180214",-0.9,15.85,FALSE
203095,"Evan Fournier","1610612753","Orlando Magic",2018,"0021700854","20180214",13.9,27.05,TRUE
203095,"Evan Fournier","1610612753","Orlando Magic",2018,"0021700854","20180214",-9.5,28.75,FALSE
203095,"Evan Fournier","1610612753","Orlando Magic",2018,"0021700854","20180214",-15.8,7.45,FALSE
203095,"Evan Fournier","1610612753","Orlando Magic",2018,"0021700854","20180214",18.6,23.85,FALSE
203095,"Evan Fournier","1610612753","Orlando Magic",2018,"0021700854","20180214",14.9,27.25,FALSE
203095,"Evan Fournier","1610612753","Orlando Magic",2018,"0021700868","20180222",-17.5,24.45,TRUE
203095,"Evan Fournier","1610612753","Orlando Magic",2018,"0021700868","20180222",-1.9,7.15,TRUE
203095,"Evan Fournier","1610612753","Orlando Magic",2018,"0021700868","20180222",1.5,16.05,TRUE
203095,"Evan Fournier","1610612753","Orlando Magic",2018,"0021700868","20180222",-0.8,32.05,FALSE
203095,"Evan Fournier","1610612753","Orlando Magic",2018,"0021700868","20180222",22.8,6.65,TRUE
203095,"Evan Fournier","1610612753","Orlando Magic",2018,"0021700868","20180222",-20.5,7.05,TRUE
203095,"Evan Fournier","1610612753","Orlando Magic",2018,"0021700868","20180222",-1.6,15.75,FALSE
203095,"Evan Fournier","1610612753","Orlando Magic",2018,"0021700868","20180222",-4.6,25.35,TRUE
203095,"Evan Fournier","1610612753","Orlando Magic",2018,"0021700868","20180222",-22.7,5.35,FALSE
203095,"Evan Fournier","1610612753","Orlando Magic",2018,"0021700868","20180222",-18.6,22.95,TRUE
203095,"Evan Fournier","1610612753","Orlando Magic",2018,"0021700868","20180222",-1,7.55,FALSE
203095,"Evan Fournier","1610612753","Orlando Magic",2018,"0021700868","20180222",-0.2,7.75,TRUE
203095,"Evan Fournier","1610612753","Orlando Magic",2018,"0021700868","20180222",5.7,32.15,FALSE
203095,"Evan Fournier","1610612753","Orlando Magic",2018,"0021700868","20180222",-2,6.45,TRUE
203095,"Evan Fournier","1610612753","Orlando Magic",2018,"0021700884","20180224",-18.7,23.55,FALSE
203095,"Evan Fournier","1610612753","Orlando Magic",2018,"0021700884","20180224",2.4,5.95,TRUE
203095,"Evan Fournier","1610612753","Orlando Magic",2018,"0021700884","20180224",-13.8,26.65,FALSE
203095,"Evan Fournier","1610612753","Orlando Magic",2018,"0021700884","20180224",-10,6.05,FALSE
203095,"Evan Fournier","1610612753","Orlando Magic",2018,"0021700884","20180224",1.7,9.45,FALSE
203095,"Evan Fournier","1610612753","Orlando Magic",2018,"0021700884","20180224",4,7.15,TRUE
203095,"Evan Fournier","1610612753","Orlando Magic",2018,"0021700884","20180224",-14.3,27.95,FALSE
203095,"Evan Fournier","1610612753","Orlando Magic",2018,"0021700884","20180224",0.9,32.45,TRUE
203095,"Evan Fournier","1610612753","Orlando Magic",2018,"0021700884","20180224",10.6,28.75,FALSE
203095,"Evan Fournier","1610612753","Orlando Magic",2018,"0021700884","20180224",14.6,29.25,FALSE
203095,"Evan Fournier","1610612753","Orlando Magic",2018,"0021700884","20180224",-1.2,6.95,TRUE
203095,"Evan Fournier","1610612753","Orlando Magic",2018,"0021700884","20180224",-1.2,12.55,TRUE
203095,"Evan Fournier","1610612753","Orlando Magic",2018,"0021700903","20180226",17,20.05,FALSE
203095,"Evan Fournier","1610612753","Orlando Magic",2018,"0021700903","20180226",-1.4,5.15,TRUE
203095,"Evan Fournier","1610612753","Orlando Magic",2018,"0021700903","20180226",-5.3,6.55,FALSE
203095,"Evan Fournier","1610612753","Orlando Magic",2018,"0021700903","20180226",-22.1,5.45,TRUE
203095,"Evan Fournier","1610612753","Orlando Magic",2018,"0021700903","20180226",-0.3,6.25,FALSE
203095,"Evan Fournier","1610612753","Orlando Magic",2018,"0021700903","20180226",16.3,4.95,FALSE
203095,"Evan Fournier","1610612753","Orlando Magic",2018,"0021700903","20180226",22.9,4.75,TRUE
203095,"Evan Fournier","1610612753","Orlando Magic",2018,"0021700903","20180226",-23,5.85,TRUE
203095,"Evan Fournier","1610612753","Orlando Magic",2018,"0021700903","20180226",-8.9,28.85,FALSE
203095,"Evan Fournier","1610612753","Orlando Magic",2018,"0021700903","20180226",-23,8.25,FALSE
203095,"Evan Fournier","1610612753","Orlando Magic",2018,"0021700903","20180226",15.2,6.65,FALSE
203095,"Evan Fournier","1610612753","Orlando Magic",2018,"0021700903","20180226",-18.6,23.55,FALSE
203095,"Evan Fournier","1610612753","Orlando Magic",2018,"0021700903","20180226",16,24.05,TRUE
203095,"Evan Fournier","1610612753","Orlando Magic",2018,"0021700903","20180226",-11,29.25,TRUE
203095,"Evan Fournier","1610612753","Orlando Magic",2018,"0021700903","20180226",-13.8,30.05,FALSE
203095,"Evan Fournier","1610612753","Orlando Magic",2018,"0021700914","20180228",1.8,15.85,FALSE
203095,"Evan Fournier","1610612753","Orlando Magic",2018,"0021700914","20180228",-6.3,29.75,FALSE
203095,"Evan Fournier","1610612753","Orlando Magic",2018,"0021700914","20180228",-18.8,14.65,FALSE
203095,"Evan Fournier","1610612753","Orlando Magic",2018,"0021700914","20180228",23.1,9.55,TRUE
203095,"Evan Fournier","1610612753","Orlando Magic",2018,"0021700914","20180228",-7.1,30.05,TRUE
203095,"Evan Fournier","1610612753","Orlando Magic",2018,"0021700914","20180228",12.2,27.45,TRUE
203095,"Evan Fournier","1610612753","Orlando Magic",2018,"0021700914","20180228",-11.1,28.75,FALSE
203095,"Evan Fournier","1610612753","Orlando Magic",2018,"0021700914","20180228",-20.2,22.95,FALSE
203095,"Evan Fournier","1610612753","Orlando Magic",2018,"0021700914","20180228",12.5,18.55,FALSE
203095,"Evan Fournier","1610612753","Orlando Magic",2018,"0021700914","20180228",-2.2,14.05,TRUE
203095,"Evan Fournier","1610612753","Orlando Magic",2018,"0021700914","20180228",22.4,7.75,FALSE
203095,"Evan Fournier","1610612753","Orlando Magic",2018,"0021700914","20180228",5.2,22.25,TRUE
203095,"Evan Fournier","1610612753","Orlando Magic",2018,"0021700914","20180228",0.6,7.75,TRUE
203095,"Evan Fournier","1610612753","Orlando Magic",2018,"0021700914","20180228",4.1,22.55,FALSE
203095,"Evan Fournier","1610612753","Orlando Magic",2018,"0021700914","20180228",4.1,31.45,FALSE
203095,"Evan Fournier","1610612753","Orlando Magic",2018,"0021700926","20180302",-3.3,16.25,TRUE
203095,"Evan Fournier","1610612753","Orlando Magic",2018,"0021700926","20180302",0.6,8.25,FALSE
203095,"Evan Fournier","1610612753","Orlando Magic",2018,"0021700926","20180302",23.6,5.25,FALSE
203095,"Evan Fournier","1610612753","Orlando Magic",2018,"0021700926","20180302",-1.2,7.45,FALSE
203095,"Evan Fournier","1610612753","Orlando Magic",2018,"0021700926","20180302",-20.9,12.05,TRUE
203095,"Evan Fournier","1610612753","Orlando Magic",2018,"0021700926","20180302",-0.2,5.95,FALSE
203095,"Evan Fournier","1610612753","Orlando Magic",2018,"0021700926","20180302",22,6.55,FALSE
203095,"Evan Fournier","1610612753","Orlando Magic",2018,"0021700926","20180302",-7.6,27.45,FALSE
203095,"Evan Fournier","1610612753","Orlando Magic",2018,"0021700926","20180302",-23.1,10.25,TRUE
203095,"Evan Fournier","1610612753","Orlando Magic",2018,"0021700926","20180302",-23.1,10.55,FALSE
203095,"Evan Fournier","1610612753","Orlando Magic",2018,"0021700926","20180302",10.9,28.85,FALSE
203095,"Evan Fournier","1610612753","Orlando Magic",2018,"0021700926","20180302",-9.8,28.35,TRUE
203095,"Evan Fournier","1610612753","Orlando Magic",2018,"0021700926","20180302",-11.7,27.55,TRUE
203095,"Evan Fournier","1610612753","Orlando Magic",2018,"0021700926","20180302",-2.4,5.95,TRUE
203095,"Evan Fournier","1610612753","Orlando Magic",2018,"0021700926","20180302",4.9,31.75,FALSE
203095,"Evan Fournier","1610612753","Orlando Magic",2018,"0021700936","20180303",-0.3,8.15,TRUE
203095,"Evan Fournier","1610612753","Orlando Magic",2018,"0021700936","20180303",-10.7,20.45,TRUE
203095,"Evan Fournier","1610612753","Orlando Magic",2018,"0021700936","20180303",-4.4,30.75,FALSE
203095,"Evan Fournier","1610612753","Orlando Magic",2018,"0021700936","20180303",-0.7,6.65,TRUE
203095,"Evan Fournier","1610612753","Orlando Magic",2018,"0021700936","20180303",-2,6.85,TRUE
203095,"Evan Fournier","1610612753","Orlando Magic",2018,"0021700936","20180303",23.3,2.95,FALSE
203095,"Evan Fournier","1610612753","Orlando Magic",2018,"0021700936","20180303",-23.4,6.85,FALSE
203095,"Evan Fournier","1610612753","Orlando Magic",2018,"0021700936","20180303",0.2,8.85,FALSE
203095,"Evan Fournier","1610612753","Orlando Magic",2018,"0021700936","20180303",2,11.25,TRUE
203095,"Evan Fournier","1610612753","Orlando Magic",2018,"0021700936","20180303",12.1,28.55,FALSE
203095,"Evan Fournier","1610612753","Orlando Magic",2018,"0021700936","20180303",0.3,11.45,TRUE
203095,"Evan Fournier","1610612753","Orlando Magic",2018,"0021700936","20180303",22.4,11.05,FALSE
203095,"Evan Fournier","1610612753","Orlando Magic",2018,"0021700936","20180303",-10.6,31.55,TRUE
203095,"Evan Fournier","1610612753","Orlando Magic",2018,"0021700955","20180305",1.4,20.55,FALSE
203095,"Evan Fournier","1610612753","Orlando Magic",2018,"0021700955","20180305",21.5,17.35,FALSE
203095,"Evan Fournier","1610612753","Orlando Magic",2018,"0021700955","20180305",-0.3,7.45,TRUE
203095,"Evan Fournier","1610612753","Orlando Magic",2018,"0021700955","20180305",-13.7,25.65,TRUE
203095,"Evan Fournier","1610612753","Orlando Magic",2018,"0021700955","20180305",23.1,5.85,FALSE
203095,"Evan Fournier","1610612753","Orlando Magic",2018,"0021700955","20180305",0.4,30.45,FALSE
203095,"Evan Fournier","1610612753","Orlando Magic",2018,"0021700955","20180305",3,14.75,FALSE
203095,"Evan Fournier","1610612753","Orlando Magic",2018,"0021700955","20180305",1.9,29.85,FALSE
203095,"Evan Fournier","1610612753","Orlando Magic",2018,"0021700955","20180305",-2.3,14.25,FALSE
203095,"Evan Fournier","1610612753","Orlando Magic",2018,"0021700955","20180305",-12.8,23.55,FALSE
203095,"Evan Fournier","1610612753","Orlando Magic",2018,"0021700955","20180305",0.2,19.15,FALSE
203095,"Evan Fournier","1610612753","Orlando Magic",2018,"0021700955","20180305",22.6,13.85,FALSE
203095,"Evan Fournier","1610612753","Orlando Magic",2018,"0021700955","20180305",-10.8,28.55,TRUE
203095,"Evan Fournier","1610612753","Orlando Magic",2018,"0021700955","20180305",7.7,29.95,FALSE
203095,"Evan Fournier","1610612753","Orlando Magic",2018,"0021700955","20180305",-1.1,5.45,TRUE
203095,"Evan Fournier","1610612753","Orlando Magic",2018,"0021700955","20180305",20.3,20.65,FALSE
203095,"Evan Fournier","1610612753","Orlando Magic",2018,"0021700955","20180305",-6.3,18.65,FALSE
203095,"Evan Fournier","1610612753","Orlando Magic",2018,"0021700955","20180305",13.7,26.85,FALSE
203095,"Evan Fournier","1610612753","Orlando Magic",2018,"0021700971","20180307",1.2,6.95,TRUE
203095,"Evan Fournier","1610612753","Orlando Magic",2018,"0021700971","20180307",0,9.65,TRUE
203095,"Evan Fournier","1610612753","Orlando Magic",2018,"0021700971","20180307",-0.6,9.55,TRUE
203095,"Evan Fournier","1610612753","Orlando Magic",2018,"0021700971","20180307",-3.7,18.35,TRUE
203095,"Evan Fournier","1610612753","Orlando Magic",2018,"0021700971","20180307",16.4,25.85,TRUE
203095,"Evan Fournier","1610612753","Orlando Magic",2018,"0021700971","20180307",-0.6,7.15,FALSE
203095,"Evan Fournier","1610612753","Orlando Magic",2019,"0021800006","20181017",20.3,19.35,FALSE
203095,"Evan Fournier","1610612753","Orlando Magic",2019,"0021800006","20181017",1.9,7.95,FALSE
203095,"Evan Fournier","1610612753","Orlando Magic",2019,"0021800006","20181017",0.3,7.15,FALSE
203095,"Evan Fournier","1610612753","Orlando Magic",2019,"0021800006","20181017",2,6.65,TRUE
203095,"Evan Fournier","1610612753","Orlando Magic",2019,"0021800006","20181017",-1.4,16.75,FALSE
203095,"Evan Fournier","1610612753","Orlando Magic",2019,"0021800006","20181017",7,31.55,FALSE
203095,"Evan Fournier","1610612753","Orlando Magic",2019,"0021800006","20181017",-19.3,7.15,TRUE
203095,"Evan Fournier","1610612753","Orlando Magic",2019,"0021800006","20181017",4,25.85,TRUE
203095,"Evan Fournier","1610612753","Orlando Magic",2019,"0021800006","20181017",-1.8,7.15,FALSE
203095,"Evan Fournier","1610612753","Orlando Magic",2019,"0021800006","20181017",8,29.85,FALSE
203095,"Evan Fournier","1610612753","Orlando Magic",2019,"0021800006","20181017",1.9,6.65,TRUE
203095,"Evan Fournier","1610612753","Orlando Magic",2019,"0021800006","20181017",-14.4,27.45,FALSE
203095,"Evan Fournier","1610612753","Orlando Magic",2019,"0021800006","20181017",-0.5,6.85,TRUE
203095,"Evan Fournier","1610612753","Orlando Magic",2019,"0021800006","20181017",22.3,5.25,FALSE
203095,"Evan Fournier","1610612753","Orlando Magic",2019,"0021800006","20181017",-2.6,7.45,FALSE
203095,"Evan Fournier","1610612753","Orlando Magic",2019,"0021800017","20181019",1.3,6.05,FALSE
203095,"Evan Fournier","1610612753","Orlando Magic",2019,"0021800017","20181019",-23,5.85,FALSE
203095,"Evan Fournier","1610612753","Orlando Magic",2019,"0021800017","20181019",0.8,31.15,FALSE
203095,"Evan Fournier","1610612753","Orlando Magic",2019,"0021800017","20181019",5.1,34.25,FALSE
203095,"Evan Fournier","1610612753","Orlando Magic",2019,"0021800017","20181019",2.3,12.15,FALSE
203095,"Evan Fournier","1610612753","Orlando Magic",2019,"0021800017","20181019",10,28.55,FALSE
203095,"Evan Fournier","1610612753","Orlando Magic",2019,"0021800017","20181019",8.2,29.35,FALSE
203095,"Evan Fournier","1610612753","Orlando Magic",2019,"0021800017","20181019",19.2,19.55,TRUE
203095,"Evan Fournier","1610612753","Orlando Magic",2019,"0021800017","20181019",-21.4,18.95,FALSE
203095,"Evan Fournier","1610612753","Orlando Magic",2019,"0021800017","20181019",23.8,11.35,TRUE
203095,"Evan Fournier","1610612753","Orlando Magic",2019,"0021800017","20181019",-4,14.45,TRUE
203095,"Evan Fournier","1610612753","Orlando Magic",2019,"0021800017","20181019",1.4,5.55,TRUE
203095,"Evan Fournier","1610612753","Orlando Magic",2019,"0021800017","20181019",-3.9,6.65,TRUE
203095,"Evan Fournier","1610612753","Orlando Magic",2019,"0021800017","20181019",-11,28.45,FALSE
203095,"Evan Fournier","1610612753","Orlando Magic",2019,"0021800017","20181019",3.6,18.85,FALSE
203095,"Evan Fournier","1610612753","Orlando Magic",2019,"0021800029","20181020",14.8,26.25,FALSE
203095,"Evan Fournier","1610612753","Orlando Magic",2019,"0021800029","20181020",-12.7,27.95,TRUE
203095,"Evan Fournier","1610612753","Orlando Magic",2019,"0021800029","20181020",7.4,30.05,TRUE
203095,"Evan Fournier","1610612753","Orlando Magic",2019,"0021800029","20181020",7,29.95,TRUE
203095,"Evan Fournier","1610612753","Orlando Magic",2019,"0021800029","20181020",-1.8,6.95,FALSE
203095,"Evan Fournier","1610612753","Orlando Magic",2019,"0021800029","20181020",23.2,10.95,FALSE
203095,"Evan Fournier","1610612753","Orlando Magic",2019,"0021800029","20181020",4.5,10.95,FALSE
203095,"Evan Fournier","1610612753","Orlando Magic",2019,"0021800029","20181020",3.2,5.15,TRUE
203095,"Evan Fournier","1610612753","Orlando Magic",2019,"0021800029","20181020",-21,20.55,TRUE
203095,"Evan Fournier","1610612753","Orlando Magic",2019,"0021800029","20181020",0.3,7.75,TRUE
203095,"Evan Fournier","1610612753","Orlando Magic",2019,"0021800029","20181020",-2.4,6.35,FALSE
203095,"Evan Fournier","1610612753","Orlando Magic",2019,"0021800029","20181020",4.1,30.85,FALSE
203095,"Evan Fournier","1610612753","Orlando Magic",2019,"0021800029","20181020",1.3,7.05,FALSE
203095,"Evan Fournier","1610612753","Orlando Magic",2019,"0021800029","20181020",-1.9,7.25,TRUE
203095,"Evan Fournier","1610612753","Orlando Magic",2019,"0021800029","20181020",-5.7,22.95,FALSE
203095,"Evan Fournier","1610612753","Orlando Magic",2019,"0021800029","20181020",-1.1,11.85,FALSE
203095,"Evan Fournier","1610612753","Orlando Magic",2019,"0021800029","20181020",-12.8,27.05,TRUE
203095,"Evan Fournier","1610612753","Orlando Magic",2019,"0021800029","20181020",0.2,31.15,FALSE
203095,"Evan Fournier","1610612753","Orlando Magic",2019,"0021800029","20181020",-7.9,15.15,TRUE
203095,"Evan Fournier","1610612753","Orlando Magic",2019,"0021800029","20181020",3.1,7.15,FALSE
203095,"Evan Fournier","1610612753","Orlando Magic",2019,"0021800029","20181020",-1.4,6.55,TRUE
203095,"Evan Fournier","1610612753","Orlando Magic",2019,"0021800029","20181020",16,25.45,TRUE
203095,"Evan Fournier","1610612753","Orlando Magic",2019,"0021800029","20181020",-0.2,10.35,TRUE
203095,"Evan Fournier","1610612753","Orlando Magic",2019,"0021800040","20181022",-1.4,6.95,TRUE
203095,"Evan Fournier","1610612753","Orlando Magic",2019,"0021800040","20181022",-8.7,31.25,FALSE
203095,"Evan Fournier","1610612753","Orlando Magic",2019,"0021800040","20181022",9.8,23.75,FALSE
203095,"Evan Fournier","1610612753","Orlando Magic",2019,"0021800040","20181022",20.4,21.85,FALSE
203095,"Evan Fournier","1610612753","Orlando Magic",2019,"0021800040","20181022",23.2,6.35,TRUE
203095,"Evan Fournier","1610612753","Orlando Magic",2019,"0021800040","20181022",2.1,5.55,FALSE
203095,"Evan Fournier","1610612753","Orlando Magic",2019,"0021800040","20181022",5.8,21.95,FALSE
203095,"Evan Fournier","1610612753","Orlando Magic",2019,"0021800040","20181022",-10,28.25,TRUE
203095,"Evan Fournier","1610612753","Orlando Magic",2019,"0021800040","20181022",18.8,5.25,TRUE
203095,"Evan Fournier","1610612753","Orlando Magic",2019,"0021800040","20181022",9.3,22.15,TRUE
203095,"Evan Fournier","1610612753","Orlando Magic",2019,"0021800040","20181022",12.1,31.45,FALSE
203095,"Evan Fournier","1610612753","Orlando Magic",2019,"0021800040","20181022",15.5,11.15,FALSE
203095,"Evan Fournier","1610612753","Orlando Magic",2019,"0021800040","20181022",0.2,9.65,FALSE
203095,"Evan Fournier","1610612753","Orlando Magic",2019,"0021800064","20181025",7.1,30.55,FALSE
203095,"Evan Fournier","1610612753","Orlando Magic",2019,"0021800064","20181025",-0.4,6.85,TRUE
203095,"Evan Fournier","1610612753","Orlando Magic",2019,"0021800064","20181025",-1.6,7.05,FALSE
203095,"Evan Fournier","1610612753","Orlando Magic",2019,"0021800064","20181025",0.2,5.65,TRUE
203095,"Evan Fournier","1610612753","Orlando Magic",2019,"0021800064","20181025",13.2,12.25,FALSE
203095,"Evan Fournier","1610612753","Orlando Magic",2019,"0021800064","20181025",1.6,8.15,FALSE
203095,"Evan Fournier","1610612753","Orlando Magic",2019,"0021800064","20181025",-0.2,7.25,TRUE
203095,"Evan Fournier","1610612753","Orlando Magic",2019,"0021800064","20181025",-16.9,24.65,FALSE
203095,"Evan Fournier","1610612753","Orlando Magic",2019,"0021800064","20181025",9.7,30.35,FALSE
203095,"Evan Fournier","1610612753","Orlando Magic",2019,"0021800064","20181025",5.4,31.95,TRUE
203095,"Evan Fournier","1610612753","Orlando Magic",2019,"0021800064","20181025",0,5.65,TRUE
203095,"Evan Fournier","1610612753","Orlando Magic",2019,"0021800064","20181025",-8.3,29.55,FALSE
203095,"Evan Fournier","1610612753","Orlando Magic",2019,"0021800064","20181025",0.4,6.95,TRUE
203095,"Evan Fournier","1610612753","Orlando Magic",2019,"0021800064","20181025",0.1,14.05,FALSE
203095,"Evan Fournier","1610612753","Orlando Magic",2019,"0021800064","20181025",1.4,6.15,FALSE
203095,"Evan Fournier","1610612753","Orlando Magic",2019,"0021800064","20181025",18.7,23.65,FALSE
203095,"Evan Fournier","1610612753","Orlando Magic",2019,"0021800081","20181027",0.3,12.25,FALSE
203095,"Evan Fournier","1610612753","Orlando Magic",2019,"0021800081","20181027",-0.4,12.65,TRUE
203095,"Evan Fournier","1610612753","Orlando Magic",2019,"0021800081","20181027",-0.5,7.55,FALSE
203095,"Evan Fournier","1610612753","Orlando Magic",2019,"0021800081","20181027",-1.6,22.15,FALSE
203095,"Evan Fournier","1610612753","Orlando Magic",2019,"0021800081","20181027",-23.1,6.55,FALSE
203095,"Evan Fournier","1610612753","Orlando Magic",2019,"0021800081","20181027",12.7,29.65,FALSE
203095,"Evan Fournier","1610612753","Orlando Magic",2019,"0021800081","20181027",5.1,20.45,TRUE
203095,"Evan Fournier","1610612753","Orlando Magic",2019,"0021800081","20181027",2.2,13.25,TRUE
203095,"Evan Fournier","1610612753","Orlando Magic",2019,"0021800081","20181027",12.7,28.95,FALSE
203095,"Evan Fournier","1610612753","Orlando Magic",2019,"0021800081","20181027",14.9,26.55,FALSE
203095,"Evan Fournier","1610612753","Orlando Magic",2019,"0021800081","20181027",11.9,28.35,FALSE
203095,"Evan Fournier","1610612753","Orlando Magic",2019,"0021800081","20181027",16,26.05,TRUE
203095,"Evan Fournier","1610612753","Orlando Magic",2019,"0021800098","20181030",-2.2,6.95,TRUE
203095,"Evan Fournier","1610612753","Orlando Magic",2019,"0021800098","20181030",-7.7,31.95,FALSE
203095,"Evan Fournier","1610612753","Orlando Magic",2019,"0021800098","20181030",18.7,21.65,FALSE
203095,"Evan Fournier","1610612753","Orlando Magic",2019,"0021800098","20181030",-3.2,11.35,TRUE
203095,"Evan Fournier","1610612753","Orlando Magic",2019,"0021800098","20181030",1.9,9.05,FALSE
203095,"Evan Fournier","1610612753","Orlando Magic",2019,"0021800098","20181030",-13.3,27.75,FALSE
203095,"Evan Fournier","1610612753","Orlando Magic",2019,"0021800098","20181030",-2.2,8.75,FALSE
203095,"Evan Fournier","1610612753","Orlando Magic",2019,"0021800098","20181030",-23.1,8.45,TRUE
203095,"Evan Fournier","1610612753","Orlando Magic",2019,"0021800098","20181030",10.3,33.05,FALSE
203095,"Evan Fournier","1610612753","Orlando Magic",2019,"0021800098","20181030",-0.3,20.35,FALSE
203095,"Evan Fournier","1610612753","Orlando Magic",2019,"0021800098","20181030",2.4,7.85,FALSE
203095,"Evan Fournier","1610612753","Orlando Magic",2019,"0021800098","20181030",-14.4,27.55,FALSE
203095,"Evan Fournier","1610612753","Orlando Magic",2019,"0021800098","20181030",18,4.85,FALSE
203095,"Evan Fournier","1610612753","Orlando Magic",2019,"0021800117","20181102",-2.3,27.35,FALSE
203095,"Evan Fournier","1610612753","Orlando Magic",2019,"0021800117","20181102",12.5,16.05,TRUE
203095,"Evan Fournier","1610612753","Orlando Magic",2019,"0021800117","20181102",-11.6,18.45,TRUE
203095,"Evan Fournier","1610612753","Orlando Magic",2019,"0021800117","20181102",1.6,7.75,FALSE
203095,"Evan Fournier","1610612753","Orlando Magic",2019,"0021800117","20181102",0.4,5.75,TRUE
203095,"Evan Fournier","1610612753","Orlando Magic",2019,"0021800117","20181102",1.3,6.95,TRUE
203095,"Evan Fournier","1610612753","Orlando Magic",2019,"0021800117","20181102",0.4,6.75,TRUE
203095,"Evan Fournier","1610612753","Orlando Magic",2019,"0021800117","20181102",-0.2,8.35,FALSE
203095,"Evan Fournier","1610612753","Orlando Magic",2019,"0021800117","20181102",18.6,24.55,TRUE
203095,"Evan Fournier","1610612753","Orlando Magic",2019,"0021800117","20181102",0.2,5.25,TRUE
203095,"Evan Fournier","1610612753","Orlando Magic",2019,"0021800117","20181102",1.1,7.35,FALSE
203095,"Evan Fournier","1610612753","Orlando Magic",2019,"0021800117","20181102",-3.7,49.25,FALSE
203095,"Evan Fournier","1610612753","Orlando Magic",2019,"0021800137","20181104",-0.2,11.95,TRUE
203095,"Evan Fournier","1610612753","Orlando Magic",2019,"0021800137","20181104",0,12.75,TRUE
203095,"Evan Fournier","1610612753","Orlando Magic",2019,"0021800137","20181104",0.5,6.35,TRUE
203095,"Evan Fournier","1610612753","Orlando Magic",2019,"0021800137","20181104",-13.8,30.75,FALSE
203095,"Evan Fournier","1610612753","Orlando Magic",2019,"0021800137","20181104",12.7,25.85,TRUE
203095,"Evan Fournier","1610612753","Orlando Magic",2019,"0021800137","20181104",1.8,4.85,TRUE
203095,"Evan Fournier","1610612753","Orlando Magic",2019,"0021800137","20181104",23,6.25,TRUE
203095,"Evan Fournier","1610612753","Orlando Magic",2019,"0021800137","20181104",5.2,30.95,FALSE
203095,"Evan Fournier","1610612753","Orlando Magic",2019,"0021800137","20181104",-0.6,6.75,FALSE
203095,"Evan Fournier","1610612753","Orlando Magic",2019,"0021800137","20181104",-14.5,24.55,FALSE
203095,"Evan Fournier","1610612753","Orlando Magic",2019,"0021800137","20181104",19.5,22.15,FALSE
203095,"Evan Fournier","1610612753","Orlando Magic",2019,"0021800137","20181104",-3.2,14.95,TRUE
203095,"Evan Fournier","1610612753","Orlando Magic",2019,"0021800137","20181104",13.8,26.85,FALSE
203095,"Evan Fournier","1610612753","Orlando Magic",2019,"0021800137","20181104",-20.4,19.35,FALSE
203095,"Evan Fournier","1610612753","Orlando Magic",2019,"0021800137","20181104",0.9,10.95,FALSE
203095,"Evan Fournier","1610612753","Orlando Magic",2019,"0021800142","20181105",-5.1,27.75,FALSE
203095,"Evan Fournier","1610612753","Orlando Magic",2019,"0021800142","20181105",17.2,22.65,FALSE
203095,"Evan Fournier","1610612753","Orlando Magic",2019,"0021800142","20181105",2.2,20.25,TRUE
203095,"Evan Fournier","1610612753","Orlando Magic",2019,"0021800142","20181105",13.9,26.25,FALSE
203095,"Evan Fournier","1610612753","Orlando Magic",2019,"0021800142","20181105",-0.1,6.75,TRUE
203095,"Evan Fournier","1610612753","Orlando Magic",2019,"0021800142","20181105",1.3,7.55,FALSE
203095,"Evan Fournier","1610612753","Orlando Magic",2019,"0021800142","20181105",-10,24.65,FALSE
203095,"Evan Fournier","1610612753","Orlando Magic",2019,"0021800142","20181105",-11.1,27.85,FALSE
203095,"Evan Fournier","1610612753","Orlando Magic",2019,"0021800142","20181105",13.4,27.45,FALSE
203095,"Evan Fournier","1610612753","Orlando Magic",2019,"0021800142","20181105",11.4,30.45,FALSE
203095,"Evan Fournier","1610612753","Orlando Magic",2019,"0021800142","20181105",15,30.05,TRUE
203095,"Evan Fournier","1610612753","Orlando Magic",2019,"0021800142","20181105",2.5,30.85,TRUE
203095,"Evan Fournier","1610612753","Orlando Magic",2019,"0021800142","20181105",5,32.75,FALSE
203095,"Evan Fournier","1610612753","Orlando Magic",2019,"0021800142","20181105",-9.5,31.75,FALSE
203095,"Evan Fournier","1610612753","Orlando Magic",2019,"0021800142","20181105",-6.9,28.05,TRUE
203095,"Evan Fournier","1610612753","Orlando Magic",2019,"0021800154","20181107",-0.1,9.85,FALSE
203095,"Evan Fournier","1610612753","Orlando Magic",2019,"0021800154","20181107",-2.2,6.25,TRUE
203095,"Evan Fournier","1610612753","Orlando Magic",2019,"0021800154","20181107",6.8,19.25,FALSE
203095,"Evan Fournier","1610612753","Orlando Magic",2019,"0021800154","20181107",20.1,19.45,TRUE
203095,"Evan Fournier","1610612753","Orlando Magic",2019,"0021800154","20181107",0.3,6.35,TRUE
203095,"Evan Fournier","1610612753","Orlando Magic",2019,"0021800154","20181107",3.1,6.95,TRUE
203095,"Evan Fournier","1610612753","Orlando Magic",2019,"0021800154","20181107",4.6,21.95,TRUE
203095,"Evan Fournier","1610612753","Orlando Magic",2019,"0021800154","20181107",-0.6,10.05,FALSE
203095,"Evan Fournier","1610612753","Orlando Magic",2019,"0021800154","20181107",-2.4,5.25,TRUE
203095,"Evan Fournier","1610612753","Orlando Magic",2019,"0021800154","20181107",-16.3,21.15,FALSE
203095,"Evan Fournier","1610612753","Orlando Magic",2019,"0021800154","20181107",17.2,24.95,FALSE
203095,"Evan Fournier","1610612753","Orlando Magic",2019,"0021800154","20181107",23,9.45,TRUE
203095,"Evan Fournier","1610612753","Orlando Magic",2019,"0021800154","20181107",-2.6,6.95,TRUE
203095,"Evan Fournier","1610612753","Orlando Magic",2019,"0021800154","20181107",1.3,6.55,TRUE
203095,"Evan Fournier","1610612753","Orlando Magic",2019,"0021800154","20181107",-10.7,29.35,TRUE
203095,"Evan Fournier","1610612753","Orlando Magic",2019,"0021800154","20181107",1.8,13.55,TRUE
203095,"Evan Fournier","1610612753","Orlando Magic",2019,"0021800154","20181107",5.4,6.85,TRUE
203095,"Evan Fournier","1610612753","Orlando Magic",2019,"0021800154","20181107",-20.4,20.75,FALSE
203095,"Evan Fournier","1610612753","Orlando Magic",2019,"0021800154","20181107",3.3,31.15,FALSE
203095,"Evan Fournier","1610612753","Orlando Magic",2019,"0021800167","20181109",23,6.35,FALSE
203095,"Evan Fournier","1610612753","Orlando Magic",2019,"0021800167","20181109",16.8,19.05,FALSE
203095,"Evan Fournier","1610612753","Orlando Magic",2019,"0021800167","20181109",-1.2,6.95,TRUE
203095,"Evan Fournier","1610612753","Orlando Magic",2019,"0021800167","20181109",-2.8,30.05,FALSE
203095,"Evan Fournier","1610612753","Orlando Magic",2019,"0021800167","20181109",1.5,6.55,TRUE
203095,"Evan Fournier","1610612753","Orlando Magic",2019,"0021800167","20181109",-14.9,25.75,FALSE
203095,"Evan Fournier","1610612753","Orlando Magic",2019,"0021800167","20181109",-0.4,17.95,FALSE
203095,"Evan Fournier","1610612753","Orlando Magic",2019,"0021800167","20181109",-0.9,8.45,TRUE
203095,"Evan Fournier","1610612753","Orlando Magic",2019,"0021800167","20181109",12.5,29.65,TRUE
203095,"Evan Fournier","1610612753","Orlando Magic",2019,"0021800167","20181109",-15,7.35,FALSE
203095,"Evan Fournier","1610612753","Orlando Magic",2019,"0021800167","20181109",-10.1,28.55,FALSE
203095,"Evan Fournier","1610612753","Orlando Magic",2019,"0021800167","20181109",10,31.25,TRUE
203095,"Evan Fournier","1610612753","Orlando Magic",2019,"0021800167","20181109",10.9,27.95,FALSE
203095,"Evan Fournier","1610612753","Orlando Magic",2019,"0021800167","20181109",-8.5,29.05,FALSE
203095,"Evan Fournier","1610612753","Orlando Magic",2019,"0021800167","20181109",-1.8,15.75,FALSE
203095,"Evan Fournier","1610612753","Orlando Magic",2019,"0021800167","20181109",-18.4,21.75,FALSE
203095,"Evan Fournier","1610612753","Orlando Magic",2019,"0021800167","20181109",-8.4,30.85,TRUE
203095,"Evan Fournier","1610612753","Orlando Magic",2019,"0021800186","20181111",15.5,25.05,TRUE
203095,"Evan Fournier","1610612753","Orlando Magic",2019,"0021800186","20181111",-12.1,30.25,FALSE
203095,"Evan Fournier","1610612753","Orlando Magic",2019,"0021800186","20181111",0.5,6.55,FALSE
203095,"Evan Fournier","1610612753","Orlando Magic",2019,"0021800186","20181111",-1.6,5.85,TRUE
203095,"Evan Fournier","1610612753","Orlando Magic",2019,"0021800186","20181111",-1.2,5.75,TRUE
203095,"Evan Fournier","1610612753","Orlando Magic",2019,"0021800186","20181111",-1.2,6.65,TRUE
203095,"Evan Fournier","1610612753","Orlando Magic",2019,"0021800186","20181111",-12.6,29.35,TRUE
203095,"Evan Fournier","1610612753","Orlando Magic",2019,"0021800186","20181111",-2.3,31.35,FALSE
203095,"Evan Fournier","1610612753","Orlando Magic",2019,"0021800186","20181111",0.2,5.85,FALSE
203095,"Evan Fournier","1610612753","Orlando Magic",2019,"0021800186","20181111",-10.5,27.95,FALSE
203095,"Evan Fournier","1610612753","Orlando Magic",2019,"0021800186","20181111",11.9,28.85,FALSE
203095,"Evan Fournier","1610612753","Orlando Magic",2019,"0021800186","20181111",0.5,6.45,FALSE
203095,"Evan Fournier","1610612753","Orlando Magic",2019,"0021800186","20181111",1.8,5.35,FALSE
203095,"Evan Fournier","1610612753","Orlando Magic",2019,"0021800190","20181112",-0.9,6.35,TRUE
203095,"Evan Fournier","1610612753","Orlando Magic",2019,"0021800190","20181112",-10.5,41.25,FALSE
203095,"Evan Fournier","1610612753","Orlando Magic",2019,"0021800190","20181112",6.5,24.65,TRUE
203095,"Evan Fournier","1610612753","Orlando Magic",2019,"0021800190","20181112",-0.3,6.85,FALSE
203095,"Evan Fournier","1610612753","Orlando Magic",2019,"0021800190","20181112",-0.3,15.15,FALSE
203095,"Evan Fournier","1610612753","Orlando Magic",2019,"0021800190","20181112",-1.1,6.65,TRUE
203095,"Evan Fournier","1610612753","Orlando Magic",2019,"0021800190","20181112",-11.5,29.55,TRUE
203095,"Evan Fournier","1610612753","Orlando Magic",2019,"0021800190","20181112",9.8,9.65,FALSE
203095,"Evan Fournier","1610612753","Orlando Magic",2019,"0021800190","20181112",9,32.65,FALSE
203095,"Evan Fournier","1610612753","Orlando Magic",2019,"0021800190","20181112",13.4,29.45,TRUE
203095,"Evan Fournier","1610612753","Orlando Magic",2019,"0021800190","20181112",0.3,17.45,TRUE
203095,"Evan Fournier","1610612753","Orlando Magic",2019,"0021800190","20181112",23.6,6.85,TRUE
203095,"Evan Fournier","1610612753","Orlando Magic",2019,"0021800190","20181112",23.1,7.55,FALSE
203095,"Evan Fournier","1610612753","Orlando Magic",2019,"0021800190","20181112",-9.6,30.85,FALSE
203095,"Evan Fournier","1610612753","Orlando Magic",2019,"0021800202","20181114",-0.6,6.25,TRUE
203095,"Evan Fournier","1610612753","Orlando Magic",2019,"0021800202","20181114",-0.3,31.35,FALSE
203095,"Evan Fournier","1610612753","Orlando Magic",2019,"0021800202","20181114",0.9,6.55,TRUE
203095,"Evan Fournier","1610612753","Orlando Magic",2019,"0021800202","20181114",-10.9,22.05,FALSE
203095,"Evan Fournier","1610612753","Orlando Magic",2019,"0021800202","20181114",-0.1,6.05,FALSE
203095,"Evan Fournier","1610612753","Orlando Magic",2019,"0021800202","20181114",-23.2,11.15,FALSE
203095,"Evan Fournier","1610612753","Orlando Magic",2019,"0021800202","20181114",3.4,11.25,FALSE
203095,"Evan Fournier","1610612753","Orlando Magic",2019,"0021800202","20181114",10,29.15,TRUE
203095,"Evan Fournier","1610612753","Orlando Magic",2019,"0021800202","20181114",-8.4,25.95,FALSE
203095,"Evan Fournier","1610612753","Orlando Magic",2019,"0021800202","20181114",0.9,8.55,TRUE
203095,"Evan Fournier","1610612753","Orlando Magic",2019,"0021800202","20181114",-4.9,30.05,FALSE
203095,"Evan Fournier","1610612753","Orlando Magic",2019,"0021800202","20181114",-6.9,34.05,FALSE
203095,"Evan Fournier","1610612753","Orlando Magic",2019,"0021800227","20181117",-23.2,4.45,FALSE
203095,"Evan Fournier","1610612753","Orlando Magic",2019,"0021800227","20181117",-4.3,12.05,TRUE
203095,"Evan Fournier","1610612753","Orlando Magic",2019,"0021800227","20181117",-1.2,6.55,TRUE
203095,"Evan Fournier","1610612753","Orlando Magic",2019,"0021800227","20181117",-2.4,7.45,TRUE
203095,"Evan Fournier","1610612753","Orlando Magic",2019,"0021800227","20181117",-0.9,8.45,FALSE
203095,"Evan Fournier","1610612753","Orlando Magic",2019,"0021800227","20181117",1.5,30.75,FALSE
203095,"Evan Fournier","1610612753","Orlando Magic",2019,"0021800227","20181117",4.9,7.15,TRUE
203095,"Evan Fournier","1610612753","Orlando Magic",2019,"0021800227","20181117",6,29.95,FALSE
203095,"Evan Fournier","1610612753","Orlando Magic",2019,"0021800227","20181117",23,2.65,FALSE
203095,"Evan Fournier","1610612753","Orlando Magic",2019,"0021800227","20181117",-10.2,28.95,TRUE
203095,"Evan Fournier","1610612753","Orlando Magic",2019,"0021800227","20181117",0.2,30.65,FALSE
203095,"Evan Fournier","1610612753","Orlando Magic",2019,"0021800227","20181117",13.2,26.85,FALSE
203095,"Evan Fournier","1610612753","Orlando Magic",2019,"0021800227","20181117",-0.4,7.55,FALSE
203095,"Evan Fournier","1610612753","Orlando Magic",2019,"0021800227","20181117",1.9,6.05,TRUE
203095,"Evan Fournier","1610612753","Orlando Magic",2019,"0021800227","20181117",18.3,24.25,FALSE
203095,"Evan Fournier","1610612753","Orlando Magic",2019,"0021800236","20181118",0.5,6.25,TRUE
203095,"Evan Fournier","1610612753","Orlando Magic",2019,"0021800236","20181118",0.3,6.35,TRUE
203095,"Evan Fournier","1610612753","Orlando Magic",2019,"0021800236","20181118",0.9,6.95,TRUE
203095,"Evan Fournier","1610612753","Orlando Magic",2019,"0021800236","20181118",-12.3,29.55,TRUE
203095,"Evan Fournier","1610612753","Orlando Magic",2019,"0021800236","20181118",0.6,29.75,FALSE
203095,"Evan Fournier","1610612753","Orlando Magic",2019,"0021800236","20181118",-0.3,6.85,TRUE
203095,"Evan Fournier","1610612753","Orlando Magic",2019,"0021800236","20181118",-1.3,6.45,TRUE
203095,"Evan Fournier","1610612753","Orlando Magic",2019,"0021800236","20181118",13.2,26.95,TRUE
203095,"Evan Fournier","1610612753","Orlando Magic",2019,"0021800236","20181118",7.6,30.65,FALSE
203095,"Evan Fournier","1610612753","Orlando Magic",2019,"0021800236","20181118",-0.2,19.35,FALSE
203095,"Evan Fournier","1610612753","Orlando Magic",2019,"0021800248","20181120",-1.2,6.75,TRUE
203095,"Evan Fournier","1610612753","Orlando Magic",2019,"0021800248","20181120",-23.6,9.95,TRUE
203095,"Evan Fournier","1610612753","Orlando Magic",2019,"0021800248","20181120",7,31.45,FALSE
203095,"Evan Fournier","1610612753","Orlando Magic",2019,"0021800248","20181120",22.3,4.55,FALSE
203095,"Evan Fournier","1610612753","Orlando Magic",2019,"0021800248","20181120",1.6,6.65,FALSE
203095,"Evan Fournier","1610612753","Orlando Magic",2019,"0021800248","20181120",-1.2,6.55,FALSE
203095,"Evan Fournier","1610612753","Orlando Magic",2019,"0021800248","20181120",-10.6,29.35,FALSE
203095,"Evan Fournier","1610612753","Orlando Magic",2019,"0021800248","20181120",-13.1,27.95,TRUE
203095,"Evan Fournier","1610612753","Orlando Magic",2019,"0021800248","20181120",-7,30.95,FALSE
203095,"Evan Fournier","1610612753","Orlando Magic",2019,"0021800248","20181120",4.3,16.25,TRUE
203095,"Evan Fournier","1610612753","Orlando Magic",2019,"0021800248","20181120",-21.1,20.45,TRUE
203095,"Evan Fournier","1610612753","Orlando Magic",2019,"0021800248","20181120",-8.9,29.15,TRUE
203095,"Evan Fournier","1610612753","Orlando Magic",2019,"0021800248","20181120",5.7,5.75,TRUE
203095,"Evan Fournier","1610612753","Orlando Magic",2019,"0021800248","20181120",1.4,10.05,FALSE
203095,"Evan Fournier","1610612753","Orlando Magic",2019,"0021800248","20181120",11.5,14.25,FALSE
203095,"Evan Fournier","1610612753","Orlando Magic",2019,"0021800248","20181120",-4.8,14.15,TRUE
203095,"Evan Fournier","1610612753","Orlando Magic",2019,"0021800248","20181120",-0.2,11.75,TRUE
203095,"Evan Fournier","1610612753","Orlando Magic",2019,"0021800248","20181120",-2.4,6.75,TRUE
203095,"Evan Fournier","1610612753","Orlando Magic",2019,"0021800248","20181120",0,31.25,FALSE
203095,"Evan Fournier","1610612753","Orlando Magic",2019,"0021800248","20181120",1.7,7.45,TRUE
203095,"Evan Fournier","1610612753","Orlando Magic",2019,"0021800276","20181123",-2.2,7.85,FALSE
203095,"Evan Fournier","1610612753","Orlando Magic",2019,"0021800276","20181123",17.2,24.15,FALSE
203095,"Evan Fournier","1610612753","Orlando Magic",2019,"0021800276","20181123",22,17.75,FALSE
203095,"Evan Fournier","1610612753","Orlando Magic",2019,"0021800276","20181123",16,25.35,FALSE
203095,"Evan Fournier","1610612753","Orlando Magic",2019,"0021800276","20181123",-1.7,6.95,FALSE
203095,"Evan Fournier","1610612753","Orlando Magic",2019,"0021800276","20181123",22.3,8.05,FALSE
203095,"Evan Fournier","1610612753","Orlando Magic",2019,"0021800276","20181123",0.5,30.85,FALSE
203095,"Evan Fournier","1610612753","Orlando Magic",2019,"0021800276","20181123",-3,6.85,TRUE
203095,"Evan Fournier","1610612753","Orlando Magic",2019,"0021800276","20181123",-2.5,7.35,TRUE
203095,"Evan Fournier","1610612753","Orlando Magic",2019,"0021800276","20181123",-0.3,12.75,FALSE
203095,"Evan Fournier","1610612753","Orlando Magic",2019,"0021800286","20181125",-1.5,6.85,FALSE
203095,"Evan Fournier","1610612753","Orlando Magic",2019,"0021800286","20181125",1.4,7.55,FALSE
203095,"Evan Fournier","1610612753","Orlando Magic",2019,"0021800286","20181125",16.6,25.65,FALSE
203095,"Evan Fournier","1610612753","Orlando Magic",2019,"0021800286","20181125",-0.2,8.55,TRUE
203095,"Evan Fournier","1610612753","Orlando Magic",2019,"0021800286","20181125",0.7,8.15,TRUE
203095,"Evan Fournier","1610612753","Orlando Magic",2019,"0021800286","20181125",-0.5,8.35,FALSE
203095,"Evan Fournier","1610612753","Orlando Magic",2019,"0021800286","20181125",1.4,6.85,FALSE
203095,"Evan Fournier","1610612753","Orlando Magic",2019,"0021800286","20181125",-0.8,9.45,FALSE
203095,"Evan Fournier","1610612753","Orlando Magic",2019,"0021800286","20181125",-2.2,33.75,FALSE
203095,"Evan Fournier","1610612753","Orlando Magic",2019,"0021800286","20181125",1.4,7.65,FALSE
203095,"Evan Fournier","1610612753","Orlando Magic",2019,"0021800300","20181126",-4.9,16.95,TRUE
203095,"Evan Fournier","1610612753","Orlando Magic",2019,"0021800300","20181126",-1.8,7.35,TRUE
203095,"Evan Fournier","1610612753","Orlando Magic",2019,"0021800300","20181126",12.4,27.85,FALSE
203095,"Evan Fournier","1610612753","Orlando Magic",2019,"0021800300","20181126",-0.2,8.15,TRUE
203095,"Evan Fournier","1610612753","Orlando Magic",2019,"0021800300","20181126",4.2,8.75,FALSE
203095,"Evan Fournier","1610612753","Orlando Magic",2019,"0021800300","20181126",23.2,4.15,TRUE
203095,"Evan Fournier","1610612753","Orlando Magic",2019,"0021800300","20181126",0.5,27.75,FALSE
203095,"Evan Fournier","1610612753","Orlando Magic",2019,"0021800300","20181126",0.2,6.85,FALSE
203095,"Evan Fournier","1610612753","Orlando Magic",2019,"0021800300","20181126",-13.8,28.55,FALSE
203095,"Evan Fournier","1610612753","Orlando Magic",2019,"0021800300","20181126",-0.5,7.55,FALSE
203095,"Evan Fournier","1610612753","Orlando Magic",2019,"0021800300","20181126",-15.6,24.75,FALSE
203095,"Evan Fournier","1610612753","Orlando Magic",2019,"0021800300","20181126",14.3,9.65,FALSE
203095,"Evan Fournier","1610612753","Orlando Magic",2019,"0021800300","20181126",-0.5,11.75,FALSE
203095,"Evan Fournier","1610612753","Orlando Magic",2019,"0021800300","20181126",1.1,30.45,FALSE
203095,"Evan Fournier","1610612753","Orlando Magic",2019,"0021800314","20181128",15,25.75,TRUE
203095,"Evan Fournier","1610612753","Orlando Magic",2019,"0021800314","20181128",13.4,27.85,FALSE
203095,"Evan Fournier","1610612753","Orlando Magic",2019,"0021800314","20181128",-0.7,17.15,FALSE
203095,"Evan Fournier","1610612753","Orlando Magic",2019,"0021800314","20181128",-13.4,9.25,TRUE
203095,"Evan Fournier","1610612753","Orlando Magic",2019,"0021800314","20181128",-6.6,22.65,FALSE
203095,"Evan Fournier","1610612753","Orlando Magic",2019,"0021800314","20181128",10.7,28.85,FALSE
203095,"Evan Fournier","1610612753","Orlando Magic",2019,"0021800314","20181128",-0.2,12.45,TRUE
203095,"Evan Fournier","1610612753","Orlando Magic",2019,"0021800314","20181128",-1,6.25,TRUE
203095,"Evan Fournier","1610612753","Orlando Magic",2019,"0021800314","20181128",0.8,31.65,FALSE
203095,"Evan Fournier","1610612753","Orlando Magic",2019,"0021800314","20181128",5.5,30.05,FALSE
203095,"Evan Fournier","1610612753","Orlando Magic",2019,"0021800314","20181128",18.8,26.85,TRUE
203095,"Evan Fournier","1610612753","Orlando Magic",2019,"0021800314","20181128",4.4,30.65,TRUE
203095,"Evan Fournier","1610612753","Orlando Magic",2019,"0021800314","20181128",1.7,20.05,TRUE
203095,"Evan Fournier","1610612753","Orlando Magic",2019,"0021800327","20181130",10.9,27.95,FALSE
203095,"Evan Fournier","1610612753","Orlando Magic",2019,"0021800327","20181130",22.6,4.65,FALSE
203095,"Evan Fournier","1610612753","Orlando Magic",2019,"0021800327","20181130",-0.9,26.35,FALSE
203095,"Evan Fournier","1610612753","Orlando Magic",2019,"0021800327","20181130",0.3,6.65,TRUE
203095,"Evan Fournier","1610612753","Orlando Magic",2019,"0021800327","20181130",13.8,25.35,TRUE
203095,"Evan Fournier","1610612753","Orlando Magic",2019,"0021800327","20181130",22.9,4.65,FALSE
203095,"Evan Fournier","1610612753","Orlando Magic",2019,"0021800327","20181130",1.8,25.85,FALSE
203095,"Evan Fournier","1610612753","Orlando Magic",2019,"0021800327","20181130",17.6,12.25,FALSE
203095,"Evan Fournier","1610612753","Orlando Magic",2019,"0021800351","20181204",0.1,5.25,TRUE
203095,"Evan Fournier","1610612753","Orlando Magic",2019,"0021800351","20181204",-10.6,28.55,TRUE
203095,"Evan Fournier","1610612753","Orlando Magic",2019,"0021800351","20181204",23.6,11.95,TRUE
203095,"Evan Fournier","1610612753","Orlando Magic",2019,"0021800351","20181204",-0.5,6.35,TRUE
203095,"Evan Fournier","1610612753","Orlando Magic",2019,"0021800351","20181204",11.9,30.95,FALSE
203095,"Evan Fournier","1610612753","Orlando Magic",2019,"0021800351","20181204",-0.4,6.45,FALSE
203095,"Evan Fournier","1610612753","Orlando Magic",2019,"0021800351","20181204",3,10.65,FALSE
203095,"Evan Fournier","1610612753","Orlando Magic",2019,"0021800351","20181204",8.2,24.35,FALSE
203095,"Evan Fournier","1610612753","Orlando Magic",2019,"0021800351","20181204",-15.9,5.75,FALSE
203095,"Evan Fournier","1610612753","Orlando Magic",2019,"0021800351","20181204",20.6,18.65,TRUE
203095,"Evan Fournier","1610612753","Orlando Magic",2019,"0021800356","20181205",-11,32.55,FALSE
203095,"Evan Fournier","1610612753","Orlando Magic",2019,"0021800356","20181205",-1.9,6.75,TRUE
203095,"Evan Fournier","1610612753","Orlando Magic",2019,"0021800356","20181205",22.5,8.35,TRUE
203095,"Evan Fournier","1610612753","Orlando Magic",2019,"0021800356","20181205",20.8,19.35,TRUE
203095,"Evan Fournier","1610612753","Orlando Magic",2019,"0021800356","20181205",23.1,9.95,TRUE
203095,"Evan Fournier","1610612753","Orlando Magic",2019,"0021800356","20181205",22.8,8.05,TRUE
203095,"Evan Fournier","1610612753","Orlando Magic",2019,"0021800356","20181205",9.5,22.85,FALSE
203095,"Evan Fournier","1610612753","Orlando Magic",2019,"0021800356","20181205",3.8,10.55,FALSE
203095,"Evan Fournier","1610612753","Orlando Magic",2019,"0021800356","20181205",23.1,7.35,TRUE
203095,"Evan Fournier","1610612753","Orlando Magic",2019,"0021800356","20181205",16.1,28.45,FALSE
203095,"Evan Fournier","1610612753","Orlando Magic",2019,"0021800356","20181205",23.7,10.05,TRUE
203095,"Evan Fournier","1610612753","Orlando Magic",2019,"0021800356","20181205",-1.6,6.75,FALSE
203095,"Evan Fournier","1610612753","Orlando Magic",2019,"0021800356","20181205",0.8,7.25,TRUE
203095,"Evan Fournier","1610612753","Orlando Magic",2019,"0021800356","20181205",14.3,27.75,FALSE
203095,"Evan Fournier","1610612753","Orlando Magic",2019,"0021800356","20181205",-5.4,30.15,FALSE
203095,"Evan Fournier","1610612753","Orlando Magic",2019,"0021800370","20181207",-2.4,26.25,FALSE
203095,"Evan Fournier","1610612753","Orlando Magic",2019,"0021800370","20181207",0.3,7.65,TRUE
203095,"Evan Fournier","1610612753","Orlando Magic",2019,"0021800370","20181207",9,29.15,FALSE
203095,"Evan Fournier","1610612753","Orlando Magic",2019,"0021800370","20181207",-0.3,6.35,TRUE
203095,"Evan Fournier","1610612753","Orlando Magic",2019,"0021800370","20181207",-4.9,30.05,FALSE
203095,"Evan Fournier","1610612753","Orlando Magic",2019,"0021800370","20181207",-0.5,7.35,FALSE
203095,"Evan Fournier","1610612753","Orlando Magic",2019,"0021800370","20181207",17.2,24.85,FALSE
203095,"Evan Fournier","1610612753","Orlando Magic",2019,"0021800370","20181207",22.9,13.85,TRUE
203095,"Evan Fournier","1610612753","Orlando Magic",2019,"0021800370","20181207",19.2,21.95,FALSE
203095,"Evan Fournier","1610612753","Orlando Magic",2019,"0021800370","20181207",-17.6,18.15,TRUE
203095,"Evan Fournier","1610612753","Orlando Magic",2019,"0021800370","20181207",1.2,16.95,FALSE
203095,"Evan Fournier","1610612753","Orlando Magic",2019,"0021800418","20181213",0.1,7.35,TRUE
203095,"Evan Fournier","1610612753","Orlando Magic",2019,"0021800418","20181213",-3.7,18.25,TRUE
203095,"Evan Fournier","1610612753","Orlando Magic",2019,"0021800418","20181213",-0.6,8.45,FALSE
203095,"Evan Fournier","1610612753","Orlando Magic",2019,"0021800418","20181213",22.6,7.75,FALSE
203095,"Evan Fournier","1610612753","Orlando Magic",2019,"0021800418","20181213",-1.1,10.75,FALSE
203095,"Evan Fournier","1610612753","Orlando Magic",2019,"0021800418","20181213",16.4,26.95,FALSE
203095,"Evan Fournier","1610612753","Orlando Magic",2019,"0021800418","20181213",-0.8,7.35,TRUE
203095,"Evan Fournier","1610612753","Orlando Magic",2019,"0021800418","20181213",-12.2,29.15,FALSE
203095,"Evan Fournier","1610612753","Orlando Magic",2019,"0021800418","20181213",16.9,23.95,FALSE
203095,"Evan Fournier","1610612753","Orlando Magic",2019,"0021800418","20181213",0.4,6.15,TRUE
203095,"Evan Fournier","1610612753","Orlando Magic",2019,"0021800418","20181213",18.9,14.85,FALSE
203095,"Evan Fournier","1610612753","Orlando Magic",2019,"0021800418","20181213",-2.8,13.15,TRUE
203095,"Evan Fournier","1610612753","Orlando Magic",2019,"0021800418","20181213",-16.8,25.15,FALSE
203095,"Evan Fournier","1610612753","Orlando Magic",2019,"0021800429","20181215",-23,10.95,FALSE
203095,"Evan Fournier","1610612753","Orlando Magic",2019,"0021800429","20181215",15.3,28.25,TRUE
203095,"Evan Fournier","1610612753","Orlando Magic",2019,"0021800429","20181215",15.3,28.25,TRUE
203095,"Evan Fournier","1610612753","Orlando Magic",2019,"0021800429","20181215",-3.3,13.65,TRUE
203095,"Evan Fournier","1610612753","Orlando Magic",2019,"0021800429","20181215",-5.8,20.55,FALSE
203095,"Evan Fournier","1610612753","Orlando Magic",2019,"0021800429","20181215",-2.2,7.55,TRUE
203095,"Evan Fournier","1610612753","Orlando Magic",2019,"0021800429","20181215",-10.5,15.85,FALSE
203095,"Evan Fournier","1610612753","Orlando Magic",2019,"0021800429","20181215",-0.9,23.25,TRUE
203095,"Evan Fournier","1610612753","Orlando Magic",2019,"0021800429","20181215",-6,16.85,FALSE
203095,"Evan Fournier","1610612753","Orlando Magic",2019,"0021800429","20181215",22.3,11.55,FALSE
203095,"Evan Fournier","1610612753","Orlando Magic",2019,"0021800429","20181215",-15,26.35,FALSE
203095,"Evan Fournier","1610612753","Orlando Magic",2019,"0021800429","20181215",-1.8,7.35,TRUE
203095,"Evan Fournier","1610612753","Orlando Magic",2019,"0021800429","20181215",14.1,26.25,FALSE
203095,"Evan Fournier","1610612753","Orlando Magic",2019,"0021800429","20181215",-1.6,12.75,TRUE
203095,"Evan Fournier","1610612753","Orlando Magic",2019,"0021800429","20181215",16.8,23.95,FALSE
203095,"Evan Fournier","1610612753","Orlando Magic",2019,"0021800456","20181219",-16.6,26.75,TRUE
203095,"Evan Fournier","1610612753","Orlando Magic",2019,"0021800456","20181219",0.1,14.05,FALSE
203095,"Evan Fournier","1610612753","Orlando Magic",2019,"0021800456","20181219",-0.6,6.25,TRUE
203095,"Evan Fournier","1610612753","Orlando Magic",2019,"0021800456","20181219",14.2,27.85,FALSE
203095,"Evan Fournier","1610612753","Orlando Magic",2019,"0021800456","20181219",-1.1,10.05,FALSE
203095,"Evan Fournier","1610612753","Orlando Magic",2019,"0021800456","20181219",9.2,20.05,TRUE
203095,"Evan Fournier","1610612753","Orlando Magic",2019,"0021800456","20181219",1.2,22.45,FALSE
203095,"Evan Fournier","1610612753","Orlando Magic",2019,"0021800456","20181219",12.1,14.85,FALSE
203095,"Evan Fournier","1610612753","Orlando Magic",2019,"0021800456","20181219",-2.2,15.25,FALSE
203095,"Evan Fournier","1610612753","Orlando Magic",2019,"0021800456","20181219",18.3,21.95,FALSE
203095,"Evan Fournier","1610612753","Orlando Magic",2019,"0021800456","20181219",-18.3,29.95,FALSE
203095,"Evan Fournier","1610612753","Orlando Magic",2019,"0021800456","20181219",-22.5,16.75,TRUE
203095,"Evan Fournier","1610612753","Orlando Magic",2019,"0021800456","20181219",-1.1,7.75,FALSE
203095,"Evan Fournier","1610612753","Orlando Magic",2019,"0021800456","20181219",0.5,16.65,TRUE
203095,"Evan Fournier","1610612753","Orlando Magic",2019,"0021800456","20181219",17.4,23.95,FALSE
203095,"Evan Fournier","1610612753","Orlando Magic",2019,"0021800474","20181221",23.1,3.75,FALSE
203095,"Evan Fournier","1610612753","Orlando Magic",2019,"0021800474","20181221",-13.9,26.15,TRUE
203095,"Evan Fournier","1610612753","Orlando Magic",2019,"0021800474","20181221",0.8,7.95,FALSE
203095,"Evan Fournier","1610612753","Orlando Magic",2019,"0021800474","20181221",8.8,25.35,TRUE
203095,"Evan Fournier","1610612753","Orlando Magic",2019,"0021800474","20181221",0.2,31.45,TRUE
203095,"Evan Fournier","1610612753","Orlando Magic",2019,"0021800474","20181221",-12.9,26.85,TRUE
203095,"Evan Fournier","1610612753","Orlando Magic",2019,"0021800474","20181221",-4.6,12.85,FALSE
203095,"Evan Fournier","1610612753","Orlando Magic",2019,"0021800474","20181221",10.6,27.95,FALSE
203095,"Evan Fournier","1610612753","Orlando Magic",2019,"0021800474","20181221",14.5,26.05,TRUE
203095,"Evan Fournier","1610612753","Orlando Magic",2019,"0021800474","20181221",-2.3,8.75,TRUE
203095,"Evan Fournier","1610612753","Orlando Magic",2019,"0021800474","20181221",-11,28.25,FALSE
203095,"Evan Fournier","1610612753","Orlando Magic",2019,"0021800474","20181221",-16.9,24.45,TRUE
203095,"Evan Fournier","1610612753","Orlando Magic",2019,"0021800474","20181221",22.5,4.45,FALSE
203095,"Evan Fournier","1610612753","Orlando Magic",2019,"0021800474","20181221",0.3,6.35,TRUE
203095,"Evan Fournier","1610612753","Orlando Magic",2019,"0021800474","20181221",-17.1,25.35,FALSE
203095,"Evan Fournier","1610612753","Orlando Magic",2019,"0021800491","20181223",-0.6,9.25,FALSE
203095,"Evan Fournier","1610612753","Orlando Magic",2019,"0021800491","20181223",10.6,28.75,TRUE
203095,"Evan Fournier","1610612753","Orlando Magic",2019,"0021800491","20181223",8.7,29.45,FALSE
203095,"Evan Fournier","1610612753","Orlando Magic",2019,"0021800491","20181223",-0.5,28.65,TRUE
203095,"Evan Fournier","1610612753","Orlando Magic",2019,"0021800491","20181223",0.5,24.65,TRUE
203095,"Evan Fournier","1610612753","Orlando Magic",2019,"0021800491","20181223",-22.9,9.45,FALSE
203095,"Evan Fournier","1610612753","Orlando Magic",2019,"0021800491","20181223",-0.7,6.55,FALSE
203095,"Evan Fournier","1610612753","Orlando Magic",2019,"0021800491","20181223",4.3,30.95,TRUE
203095,"Evan Fournier","1610612753","Orlando Magic",2019,"0021800491","20181223",-7.1,28.85,FALSE
203095,"Evan Fournier","1610612753","Orlando Magic",2019,"0021800491","20181223",18.1,23.25,TRUE
203095,"Evan Fournier","1610612753","Orlando Magic",2019,"0021800491","20181223",12.1,27.75,FALSE
203095,"Evan Fournier","1610612753","Orlando Magic",2019,"0021800503","20181226",22.3,2.75,TRUE
203095,"Evan Fournier","1610612753","Orlando Magic",2019,"0021800503","20181226",0.9,5.05,TRUE
203095,"Evan Fournier","1610612753","Orlando Magic",2019,"0021800503","20181226",4.1,30.35,FALSE
203095,"Evan Fournier","1610612753","Orlando Magic",2019,"0021800503","20181226",16.2,25.55,TRUE
203095,"Evan Fournier","1610612753","Orlando Magic",2019,"0021800503","20181226",-2.8,7.65,FALSE
203095,"Evan Fournier","1610612753","Orlando Magic",2019,"0021800503","20181226",0,4.65,TRUE
203095,"Evan Fournier","1610612753","Orlando Magic",2019,"0021800503","20181226",9.8,29.45,TRUE
203095,"Evan Fournier","1610612753","Orlando Magic",2019,"0021800503","20181226",23.3,2.95,FALSE
203095,"Evan Fournier","1610612753","Orlando Magic",2019,"0021800503","20181226",19,21.95,TRUE
203095,"Evan Fournier","1610612753","Orlando Magic",2019,"0021800503","20181226",-1.1,6.85,FALSE
203095,"Evan Fournier","1610612753","Orlando Magic",2019,"0021800503","20181226",-3.3,8.95,FALSE
203095,"Evan Fournier","1610612753","Orlando Magic",2019,"0021800503","20181226",16.6,24.55,FALSE
203095,"Evan Fournier","1610612753","Orlando Magic",2019,"0021800519","20181228",14.7,25.75,FALSE
203095,"Evan Fournier","1610612753","Orlando Magic",2019,"0021800519","20181228",-0.1,8.45,FALSE
203095,"Evan Fournier","1610612753","Orlando Magic",2019,"0021800519","20181228",20.1,8.25,FALSE
203095,"Evan Fournier","1610612753","Orlando Magic",2019,"0021800519","20181228",3,32.35,FALSE
203095,"Evan Fournier","1610612753","Orlando Magic",2019,"0021800519","20181228",16.3,24.95,FALSE
203095,"Evan Fournier","1610612753","Orlando Magic",2019,"0021800519","20181228",-11.9,16.85,TRUE
203095,"Evan Fournier","1610612753","Orlando Magic",2019,"0021800519","20181228",21,19.05,TRUE
203095,"Evan Fournier","1610612753","Orlando Magic",2019,"0021800519","20181228",1.8,8.15,FALSE
203095,"Evan Fournier","1610612753","Orlando Magic",2019,"0021800519","20181228",-0.2,8.85,TRUE
203095,"Evan Fournier","1610612753","Orlando Magic",2019,"0021800519","20181228",17.2,24.35,FALSE
203095,"Evan Fournier","1610612753","Orlando Magic",2019,"0021800519","20181228",6.3,30.35,FALSE
203095,"Evan Fournier","1610612753","Orlando Magic",2019,"0021800536","20181230",0.6,14.05,TRUE
203095,"Evan Fournier","1610612753","Orlando Magic",2019,"0021800536","20181230",-0.2,6.05,TRUE
203095,"Evan Fournier","1610612753","Orlando Magic",2019,"0021800536","20181230",11.7,28.65,TRUE
203095,"Evan Fournier","1610612753","Orlando Magic",2019,"0021800536","20181230",-7.2,30.25,FALSE
203095,"Evan Fournier","1610612753","Orlando Magic",2019,"0021800536","20181230",10.6,3.45,FALSE
203095,"Evan Fournier","1610612753","Orlando Magic",2019,"0021800536","20181230",7.7,15.95,TRUE
203095,"Evan Fournier","1610612753","Orlando Magic",2019,"0021800536","20181230",-3.5,12.55,TRUE
203095,"Evan Fournier","1610612753","Orlando Magic",2019,"0021800536","20181230",-3.3,8.45,FALSE
203095,"Evan Fournier","1610612753","Orlando Magic",2019,"0021800536","20181230",-4.4,10.45,FALSE
203095,"Evan Fournier","1610612753","Orlando Magic",2019,"0021800536","20181230",-1.5,16.95,TRUE
203095,"Evan Fournier","1610612753","Orlando Magic",2019,"0021800543","20181231",7,28.35,TRUE
203095,"Evan Fournier","1610612753","Orlando Magic",2019,"0021800543","20181231",7.8,7.45,FALSE
203095,"Evan Fournier","1610612753","Orlando Magic",2019,"0021800543","20181231",7,29.85,FALSE
203095,"Evan Fournier","1610612753","Orlando Magic",2019,"0021800543","20181231",-10.4,20.25,TRUE
203095,"Evan Fournier","1610612753","Orlando Magic",2019,"0021800543","20181231",-8.5,28.25,FALSE
203095,"Evan Fournier","1610612753","Orlando Magic",2019,"0021800543","20181231",10.1,32.15,TRUE
203095,"Evan Fournier","1610612753","Orlando Magic",2019,"0021800559","20190102",-23.4,4.95,FALSE
203095,"Evan Fournier","1610612753","Orlando Magic",2019,"0021800559","20190102",11.7,28.45,TRUE
203095,"Evan Fournier","1610612753","Orlando Magic",2019,"0021800559","20190102",0.1,14.95,FALSE
203095,"Evan Fournier","1610612753","Orlando Magic",2019,"0021800559","20190102",15.8,25.65,TRUE
203095,"Evan Fournier","1610612753","Orlando Magic",2019,"0021800559","20190102",17.6,5.35,TRUE
203095,"Evan Fournier","1610612753","Orlando Magic",2019,"0021800559","20190102",-9.8,29.45,TRUE
203095,"Evan Fournier","1610612753","Orlando Magic",2019,"0021800559","20190102",-6.6,30.55,FALSE
203095,"Evan Fournier","1610612753","Orlando Magic",2019,"0021800559","20190102",-5.2,20.75,TRUE
203095,"Evan Fournier","1610612753","Orlando Magic",2019,"0021800559","20190102",-10.5,29.35,FALSE
203095,"Evan Fournier","1610612753","Orlando Magic",2019,"0021800559","20190102",9.7,23.45,FALSE
203095,"Evan Fournier","1610612753","Orlando Magic",2019,"0021800571","20190104",0.3,6.35,TRUE
203095,"Evan Fournier","1610612753","Orlando Magic",2019,"0021800571","20190104",6.6,18.25,TRUE
203095,"Evan Fournier","1610612753","Orlando Magic",2019,"0021800571","20190104",22.8,3.25,TRUE
203095,"Evan Fournier","1610612753","Orlando Magic",2019,"0021800571","20190104",-22.2,9.65,FALSE
203095,"Evan Fournier","1610612753","Orlando Magic",2019,"0021800571","20190104",-0.2,6.25,TRUE
203095,"Evan Fournier","1610612753","Orlando Magic",2019,"0021800571","20190104",6.6,15.95,FALSE
203095,"Evan Fournier","1610612753","Orlando Magic",2019,"0021800571","20190104",23.1,5.85,FALSE
203095,"Evan Fournier","1610612753","Orlando Magic",2019,"0021800571","20190104",4.9,15.35,TRUE
203095,"Evan Fournier","1610612753","Orlando Magic",2019,"0021800571","20190104",-0.1,6.95,FALSE
203095,"Evan Fournier","1610612753","Orlando Magic",2019,"0021800571","20190104",11.4,27.65,FALSE
203095,"Evan Fournier","1610612753","Orlando Magic",2019,"0021800571","20190104",14.9,25.85,FALSE
203095,"Evan Fournier","1610612753","Orlando Magic",2019,"0021800571","20190104",21.4,16.35,TRUE
203095,"Evan Fournier","1610612753","Orlando Magic",2019,"0021800571","20190104",1,20.75,TRUE
203095,"Evan Fournier","1610612753","Orlando Magic",2019,"0021800571","20190104",0.2,5.55,TRUE
203095,"Evan Fournier","1610612753","Orlando Magic",2019,"0021800571","20190104",4.7,17.15,FALSE
203095,"Evan Fournier","1610612753","Orlando Magic",2019,"0021800571","20190104",1,11.95,TRUE
203095,"Evan Fournier","1610612753","Orlando Magic",2019,"0021800586","20190106",-14.4,26.85,FALSE
203095,"Evan Fournier","1610612753","Orlando Magic",2019,"0021800586","20190106",1.2,7.05,TRUE
203095,"Evan Fournier","1610612753","Orlando Magic",2019,"0021800586","20190106",-2.7,11.45,TRUE
203095,"Evan Fournier","1610612753","Orlando Magic",2019,"0021800586","20190106",5.2,16.95,FALSE
203095,"Evan Fournier","1610612753","Orlando Magic",2019,"0021800586","20190106",0.9,10.05,FALSE
203095,"Evan Fournier","1610612753","Orlando Magic",2019,"0021800586","20190106",6.1,15.25,FALSE
203095,"Evan Fournier","1610612753","Orlando Magic",2019,"0021800586","20190106",-7.1,6.25,FALSE
203095,"Evan Fournier","1610612753","Orlando Magic",2019,"0021800586","20190106",-0.2,7.85,FALSE
203095,"Evan Fournier","1610612753","Orlando Magic",2019,"0021800586","20190106",0.5,7.25,TRUE
203095,"Evan Fournier","1610612753","Orlando Magic",2019,"0021800586","20190106",-8.7,22.15,TRUE
203095,"Evan Fournier","1610612753","Orlando Magic",2019,"0021800586","20190106",8.2,29.15,TRUE
203095,"Evan Fournier","1610612753","Orlando Magic",2019,"0021800598","20190107",17.5,25.95,TRUE
203095,"Evan Fournier","1610612753","Orlando Magic",2019,"0021800598","20190107",-19,22.15,FALSE
203095,"Evan Fournier","1610612753","Orlando Magic",2019,"0021800598","20190107",18.3,22.25,TRUE
203095,"Evan Fournier","1610612753","Orlando Magic",2019,"0021800598","20190107",22.8,15.15,TRUE
203095,"Evan Fournier","1610612753","Orlando Magic",2019,"0021800598","20190107",-9.8,16.25,FALSE
203095,"Evan Fournier","1610612753","Orlando Magic",2019,"0021800598","20190107",1.3,30.05,FALSE
203095,"Evan Fournier","1610612753","Orlando Magic",2019,"0021800598","20190107",-3.9,7.85,FALSE
203095,"Evan Fournier","1610612753","Orlando Magic",2019,"0021800598","20190107",0.3,30.05,TRUE
203095,"Evan Fournier","1610612753","Orlando Magic",2019,"0021800614","20190109",-23,7.35,FALSE
203095,"Evan Fournier","1610612753","Orlando Magic",2019,"0021800614","20190109",-6.5,15.55,FALSE
203095,"Evan Fournier","1610612753","Orlando Magic",2019,"0021800614","20190109",-4.1,23.75,FALSE
203095,"Evan Fournier","1610612753","Orlando Magic",2019,"0021800614","20190109",12.5,24.75,FALSE
203095,"Evan Fournier","1610612753","Orlando Magic",2019,"0021800614","20190109",9.9,28.45,FALSE
203095,"Evan Fournier","1610612753","Orlando Magic",2019,"0021800614","20190109",12.3,24.85,FALSE
203095,"Evan Fournier","1610612753","Orlando Magic",2019,"0021800614","20190109",23.4,5.65,FALSE
203095,"Evan Fournier","1610612753","Orlando Magic",2019,"0021800614","20190109",23,7.25,FALSE
203095,"Evan Fournier","1610612753","Orlando Magic",2019,"0021800632","20190112",-22.6,11.55,FALSE
203095,"Evan Fournier","1610612753","Orlando Magic",2019,"0021800632","20190112",13,27.25,FALSE
203095,"Evan Fournier","1610612753","Orlando Magic",2019,"0021800632","20190112",1.3,30.35,FALSE
203095,"Evan Fournier","1610612753","Orlando Magic",2019,"0021800632","20190112",9.9,29.35,FALSE
203095,"Evan Fournier","1610612753","Orlando Magic",2019,"0021800632","20190112",21,19.65,TRUE
203095,"Evan Fournier","1610612753","Orlando Magic",2019,"0021800632","20190112",0,4.65,TRUE
203095,"Evan Fournier","1610612753","Orlando Magic",2019,"0021800632","20190112",14,6.05,TRUE
203095,"Evan Fournier","1610612753","Orlando Magic",2019,"0021800632","20190112",1.8,6.05,TRUE
203095,"Evan Fournier","1610612753","Orlando Magic",2019,"0021800632","20190112",-1.7,6.75,TRUE
203095,"Evan Fournier","1610612753","Orlando Magic",2019,"0021800632","20190112",-11.4,22.05,FALSE
203095,"Evan Fournier","1610612753","Orlando Magic",2019,"0021800632","20190112",-8.1,30.75,FALSE
203095,"Evan Fournier","1610612753","Orlando Magic",2019,"0021800632","20190112",-0.6,6.35,TRUE
203095,"Evan Fournier","1610612753","Orlando Magic",2019,"0021800632","20190112",0.2,20.05,FALSE
203095,"Evan Fournier","1610612753","Orlando Magic",2019,"0021800632","20190112",18.2,21.65,TRUE
203095,"Evan Fournier","1610612753","Orlando Magic",2019,"0021800632","20190112",-6.2,22.85,TRUE
203095,"Evan Fournier","1610612753","Orlando Magic",2019,"0021800641","20190113",-0.3,32.65,FALSE
203095,"Evan Fournier","1610612753","Orlando Magic",2019,"0021800641","20190113",-3.2,14.25,TRUE
203095,"Evan Fournier","1610612753","Orlando Magic",2019,"0021800641","20190113",-0.1,6.75,TRUE
203095,"Evan Fournier","1610612753","Orlando Magic",2019,"0021800641","20190113",0.4,6.75,FALSE
203095,"Evan Fournier","1610612753","Orlando Magic",2019,"0021800641","20190113",2.5,6.05,FALSE
203095,"Evan Fournier","1610612753","Orlando Magic",2019,"0021800641","20190113",-0.3,7.75,TRUE
203095,"Evan Fournier","1610612753","Orlando Magic",2019,"0021800641","20190113",-2,20.35,TRUE
203095,"Evan Fournier","1610612753","Orlando Magic",2019,"0021800641","20190113",15.8,26.85,FALSE
203095,"Evan Fournier","1610612753","Orlando Magic",2019,"0021800641","20190113",16.8,25.15,FALSE
203095,"Evan Fournier","1610612753","Orlando Magic",2019,"0021800641","20190113",-0.2,8.15,TRUE
203095,"Evan Fournier","1610612753","Orlando Magic",2019,"0021800641","20190113",23.5,6.25,TRUE
203095,"Evan Fournier","1610612753","Orlando Magic",2019,"0021800657","20190116",12.3,27.45,TRUE
203095,"Evan Fournier","1610612753","Orlando Magic",2019,"0021800657","20190116",8.4,28.45,FALSE
203095,"Evan Fournier","1610612753","Orlando Magic",2019,"0021800657","20190116",-13.9,3.05,TRUE
203095,"Evan Fournier","1610612753","Orlando Magic",2019,"0021800657","20190116",2.4,5.65,TRUE
203095,"Evan Fournier","1610612753","Orlando Magic",2019,"0021800657","20190116",9.3,15.85,FALSE
203095,"Evan Fournier","1610612753","Orlando Magic",2019,"0021800657","20190116",-1.1,6.15,TRUE
203095,"Evan Fournier","1610612753","Orlando Magic",2019,"0021800657","20190116",1.6,6.95,FALSE
203095,"Evan Fournier","1610612753","Orlando Magic",2019,"0021800657","20190116",23.9,4.95,TRUE
203095,"Evan Fournier","1610612753","Orlando Magic",2019,"0021800657","20190116",18.1,25.65,TRUE
203095,"Evan Fournier","1610612753","Orlando Magic",2019,"0021800657","20190116",-3,31.25,FALSE
203095,"Evan Fournier","1610612753","Orlando Magic",2019,"0021800657","20190116",0.3,5.95,TRUE
203095,"Evan Fournier","1610612753","Orlando Magic",2019,"0021800657","20190116",17.2,25.75,FALSE
203095,"Evan Fournier","1610612753","Orlando Magic",2019,"0021800657","20190116",19.8,23.25,FALSE
203095,"Evan Fournier","1610612753","Orlando Magic",2019,"0021800657","20190116",11.5,29.65,FALSE
203095,"Evan Fournier","1610612753","Orlando Magic",2019,"0021800657","20190116",-1.4,48.05,FALSE
203095,"Evan Fournier","1610612753","Orlando Magic",2019,"0021800673","20190118",0.2,4.75,FALSE
203095,"Evan Fournier","1610612753","Orlando Magic",2019,"0021800673","20190118",-0.9,6.35,FALSE
203095,"Evan Fournier","1610612753","Orlando Magic",2019,"0021800673","20190118",14.7,25.95,FALSE
203095,"Evan Fournier","1610612753","Orlando Magic",2019,"0021800673","20190118",-6.8,11.55,FALSE
203095,"Evan Fournier","1610612753","Orlando Magic",2019,"0021800673","20190118",12.6,20.55,TRUE
203095,"Evan Fournier","1610612753","Orlando Magic",2019,"0021800673","20190118",0.5,8.05,TRUE
203095,"Evan Fournier","1610612753","Orlando Magic",2019,"0021800673","20190118",-3.3,14.85,TRUE
203095,"Evan Fournier","1610612753","Orlando Magic",2019,"0021800673","20190118",21.7,17.25,TRUE
203095,"Evan Fournier","1610612753","Orlando Magic",2019,"0021800673","20190118",0,8.25,FALSE
203095,"Evan Fournier","1610612753","Orlando Magic",2019,"0021800673","20190118",-4.3,23.65,TRUE
203095,"Evan Fournier","1610612753","Orlando Magic",2019,"0021800673","20190118",-1.9,13.05,FALSE
203095,"Evan Fournier","1610612753","Orlando Magic",2019,"0021800673","20190118",-0.7,21.65,FALSE
203095,"Evan Fournier","1610612753","Orlando Magic",2019,"0021800673","20190118",-15.4,4.55,FALSE
203095,"Evan Fournier","1610612753","Orlando Magic",2019,"0021800673","20190118",0,7.95,FALSE
203095,"Evan Fournier","1610612753","Orlando Magic",2019,"0021800673","20190118",1,5.75,TRUE
203095,"Evan Fournier","1610612753","Orlando Magic",2019,"0021800673","20190118",0.3,11.55,FALSE
203095,"Evan Fournier","1610612753","Orlando Magic",2019,"0021800682","20190119",-6.7,13.25,TRUE
203095,"Evan Fournier","1610612753","Orlando Magic",2019,"0021800682","20190119",-6,13.15,FALSE
203095,"Evan Fournier","1610612753","Orlando Magic",2019,"0021800682","20190119",13.7,27.35,FALSE
203095,"Evan Fournier","1610612753","Orlando Magic",2019,"0021800682","20190119",16.1,13.75,TRUE
203095,"Evan Fournier","1610612753","Orlando Magic",2019,"0021800682","20190119",-10.6,17.75,FALSE
203095,"Evan Fournier","1610612753","Orlando Magic",2019,"0021800682","20190119",-9.5,16.75,FALSE
203095,"Evan Fournier","1610612753","Orlando Magic",2019,"0021800682","20190119",-9.8,19.65,FALSE
203095,"Evan Fournier","1610612753","Orlando Magic",2019,"0021800682","20190119",-5.1,15.05,TRUE
203095,"Evan Fournier","1610612753","Orlando Magic",2019,"0021800682","20190119",0.4,8.65,TRUE
203095,"Evan Fournier","1610612753","Orlando Magic",2019,"0021800682","20190119",22.8,6.35,FALSE
203095,"Evan Fournier","1610612753","Orlando Magic",2019,"0021800682","20190119",-10.7,6.25,TRUE
203095,"Evan Fournier","1610612753","Orlando Magic",2019,"0021800682","20190119",22.5,7.95,FALSE
203095,"Evan Fournier","1610612753","Orlando Magic",2019,"0021800682","20190119",16.6,25.35,FALSE
203095,"Evan Fournier","1610612753","Orlando Magic",2019,"0021800682","20190119",22.2,5.35,FALSE
203095,"Evan Fournier","1610612753","Orlando Magic",2019,"0021800695","20190121",1.9,6.25,FALSE
203095,"Evan Fournier","1610612753","Orlando Magic",2019,"0021800695","20190121",-2.2,10.55,TRUE
203095,"Evan Fournier","1610612753","Orlando Magic",2019,"0021800695","20190121",-9.3,18.45,TRUE
203095,"Evan Fournier","1610612753","Orlando Magic",2019,"0021800695","20190121",-1.8,7.35,FALSE
203095,"Evan Fournier","1610612753","Orlando Magic",2019,"0021800695","20190121",2.5,17.85,FALSE
203095,"Evan Fournier","1610612753","Orlando Magic",2019,"0021800695","20190121",-0.7,6.15,TRUE
203095,"Evan Fournier","1610612753","Orlando Magic",2019,"0021800695","20190121",10.2,29.25,FALSE
203095,"Evan Fournier","1610612753","Orlando Magic",2019,"0021800695","20190121",1.2,25.35,TRUE
203095,"Evan Fournier","1610612753","Orlando Magic",2019,"0021800695","20190121",0.7,11.65,TRUE
203095,"Evan Fournier","1610612753","Orlando Magic",2019,"0021800695","20190121",20.1,21.15,TRUE
203095,"Evan Fournier","1610612753","Orlando Magic",2019,"0021800695","20190121",5.5,18.65,FALSE
203095,"Evan Fournier","1610612753","Orlando Magic",2019,"0021800695","20190121",15.4,25.75,TRUE
203095,"Evan Fournier","1610612753","Orlando Magic",2019,"0021800695","20190121",22.6,9.65,TRUE
203095,"Evan Fournier","1610612753","Orlando Magic",2019,"0021800695","20190121",22.4,12.25,FALSE
203095,"Evan Fournier","1610612753","Orlando Magic",2019,"0021800695","20190121",6,30.15,FALSE
203095,"Evan Fournier","1610612753","Orlando Magic",2019,"0021800695","20190121",-0.8,6.75,TRUE
203095,"Evan Fournier","1610612753","Orlando Magic",2019,"0021800695","20190121",-14.9,18.65,FALSE
203095,"Evan Fournier","1610612753","Orlando Magic",2019,"0021800695","20190121",2.9,18.35,FALSE
203095,"Evan Fournier","1610612753","Orlando Magic",2019,"0021800708","20190123",0.3,6.95,TRUE
203095,"Evan Fournier","1610612753","Orlando Magic",2019,"0021800708","20190123",-6.6,11.15,FALSE
203095,"Evan Fournier","1610612753","Orlando Magic",2019,"0021800708","20190123",12.4,18.85,FALSE
203095,"Evan Fournier","1610612753","Orlando Magic",2019,"0021800708","20190123",-5.2,16.05,TRUE
203095,"Evan Fournier","1610612753","Orlando Magic",2019,"0021800708","20190123",14.6,25.35,FALSE
203095,"Evan Fournier","1610612753","Orlando Magic",2019,"0021800708","20190123",0.1,8.35,TRUE
203095,"Evan Fournier","1610612753","Orlando Magic",2019,"0021800708","20190123",-11.1,22.45,FALSE
203095,"Evan Fournier","1610612753","Orlando Magic",2019,"0021800708","20190123",13.4,26.25,FALSE
203095,"Evan Fournier","1610612753","Orlando Magic",2019,"0021800708","20190123",0.7,24.85,FALSE
203095,"Evan Fournier","1610612753","Orlando Magic",2019,"0021800708","20190123",4.7,18.45,TRUE
203095,"Evan Fournier","1610612753","Orlando Magic",2019,"0021800708","20190123",17.2,24.15,FALSE
203095,"Evan Fournier","1610612753","Orlando Magic",2019,"0021800720","20190125",20,20.25,FALSE
203095,"Evan Fournier","1610612753","Orlando Magic",2019,"0021800720","20190125",-0.9,6.85,TRUE
203095,"Evan Fournier","1610612753","Orlando Magic",2019,"0021800720","20190125",17.7,22.85,FALSE
203095,"Evan Fournier","1610612753","Orlando Magic",2019,"0021800720","20190125",0.8,10.85,FALSE
203095,"Evan Fournier","1610612753","Orlando Magic",2019,"0021800720","20190125",21.6,17.15,FALSE
203095,"Evan Fournier","1610612753","Orlando Magic",2019,"0021800720","20190125",2.2,7.35,FALSE
203095,"Evan Fournier","1610612753","Orlando Magic",2019,"0021800720","20190125",17.7,24.45,FALSE
203095,"Evan Fournier","1610612753","Orlando Magic",2019,"0021800720","20190125",-1.9,30.55,FALSE
203095,"Evan Fournier","1610612753","Orlando Magic",2019,"0021800720","20190125",-5.7,31.45,FALSE
203095,"Evan Fournier","1610612753","Orlando Magic",2019,"0021800720","20190125",-12.8,19.45,FALSE
203095,"Evan Fournier","1610612753","Orlando Magic",2019,"0021800737","20190127",9.7,28.95,TRUE
203095,"Evan Fournier","1610612753","Orlando Magic",2019,"0021800737","20190127",1.5,5.75,TRUE
203095,"Evan Fournier","1610612753","Orlando Magic",2019,"0021800737","20190127",13.9,27.85,TRUE
203095,"Evan Fournier","1610612753","Orlando Magic",2019,"0021800737","20190127",-4,16.75,TRUE
203095,"Evan Fournier","1610612753","Orlando Magic",2019,"0021800737","20190127",10.6,23.55,FALSE
203095,"Evan Fournier","1610612753","Orlando Magic",2019,"0021800737","20190127",-0.2,6.55,FALSE
203095,"Evan Fournier","1610612753","Orlando Magic",2019,"0021800737","20190127",1.9,14.15,TRUE
203095,"Evan Fournier","1610612753","Orlando Magic",2019,"0021800737","20190127",4.2,14.05,FALSE
203095,"Evan Fournier","1610612753","Orlando Magic",2019,"0021800737","20190127",-12.3,26.65,FALSE
203095,"Evan Fournier","1610612753","Orlando Magic",2019,"0021800737","20190127",-20.1,3.65,TRUE
203095,"Evan Fournier","1610612753","Orlando Magic",2019,"0021800737","20190127",-0.8,5.65,TRUE
203095,"Evan Fournier","1610612753","Orlando Magic",2019,"0021800737","20190127",-0.4,14.45,FALSE
203095,"Evan Fournier","1610612753","Orlando Magic",2019,"0021800737","20190127",0.1,5.25,FALSE
203095,"Evan Fournier","1610612753","Orlando Magic",2019,"0021800737","20190127",19.9,13.25,TRUE
203095,"Evan Fournier","1610612753","Orlando Magic",2019,"0021800737","20190127",22.8,9.65,FALSE
203095,"Evan Fournier","1610612753","Orlando Magic",2019,"0021800737","20190127",-2.7,4.85,FALSE
203095,"Evan Fournier","1610612753","Orlando Magic",2019,"0021800751","20190129",0,7.95,FALSE
203095,"Evan Fournier","1610612753","Orlando Magic",2019,"0021800751","20190129",-1.7,6.35,FALSE
203095,"Evan Fournier","1610612753","Orlando Magic",2019,"0021800751","20190129",-0.3,6.95,TRUE
203095,"Evan Fournier","1610612753","Orlando Magic",2019,"0021800751","20190129",-1.5,8.05,TRUE
203095,"Evan Fournier","1610612753","Orlando Magic",2019,"0021800751","20190129",-1.2,10.55,TRUE
203095,"Evan Fournier","1610612753","Orlando Magic",2019,"0021800751","20190129",-15.9,27.05,FALSE
203095,"Evan Fournier","1610612753","Orlando Magic",2019,"0021800751","20190129",23,5.55,TRUE
203095,"Evan Fournier","1610612753","Orlando Magic",2019,"0021800751","20190129",11.2,29.55,TRUE
203095,"Evan Fournier","1610612753","Orlando Magic",2019,"0021800751","20190129",1.1,6.55,TRUE
203095,"Evan Fournier","1610612753","Orlando Magic",2019,"0021800751","20190129",-3,30.05,FALSE
203095,"Evan Fournier","1610612753","Orlando Magic",2019,"0021800751","20190129",-23.2,13.65,FALSE
203095,"Evan Fournier","1610612753","Orlando Magic",2019,"0021800751","20190129",0.7,15.75,TRUE
203095,"Evan Fournier","1610612753","Orlando Magic",2019,"0021800751","20190129",-0.2,17.45,FALSE
203095,"Evan Fournier","1610612753","Orlando Magic",2019,"0021800751","20190129",19.1,23.15,FALSE
203095,"Evan Fournier","1610612753","Orlando Magic",2019,"0021800765","20190131",22.6,6.95,FALSE
203095,"Evan Fournier","1610612753","Orlando Magic",2019,"0021800765","20190131",-2.7,9.85,FALSE
203095,"Evan Fournier","1610612753","Orlando Magic",2019,"0021800765","20190131",-2.4,7.95,FALSE
203095,"Evan Fournier","1610612753","Orlando Magic",2019,"0021800765","20190131",-16.1,3.65,FALSE
203095,"Evan Fournier","1610612753","Orlando Magic",2019,"0021800765","20190131",-2.2,26.05,FALSE
203095,"Evan Fournier","1610612753","Orlando Magic",2019,"0021800765","20190131",2.5,15.95,TRUE
203095,"Evan Fournier","1610612753","Orlando Magic",2019,"0021800765","20190131",3.9,14.95,FALSE
203095,"Evan Fournier","1610612753","Orlando Magic",2019,"0021800765","20190131",10.3,28.75,TRUE
203095,"Evan Fournier","1610612753","Orlando Magic",2019,"0021800765","20190131",8.3,23.85,TRUE
203095,"Evan Fournier","1610612753","Orlando Magic",2019,"0021800765","20190131",-8.6,24.05,FALSE
203095,"Evan Fournier","1610612753","Orlando Magic",2019,"0021800765","20190131",23.1,6.85,FALSE
203095,"Evan Fournier","1610612753","Orlando Magic",2019,"0021800777","20190202",0,20.55,TRUE
203095,"Evan Fournier","1610612753","Orlando Magic",2019,"0021800777","20190202",-13.3,27.45,FALSE
203095,"Evan Fournier","1610612753","Orlando Magic",2019,"0021800777","20190202",-0.5,31.75,TRUE
203095,"Evan Fournier","1610612753","Orlando Magic",2019,"0021800777","20190202",15.5,18.25,TRUE
203095,"Evan Fournier","1610612753","Orlando Magic",2019,"0021800777","20190202",-3.6,7.45,TRUE
203095,"Evan Fournier","1610612753","Orlando Magic",2019,"0021800777","20190202",8.9,24.35,FALSE
203095,"Evan Fournier","1610612753","Orlando Magic",2019,"0021800777","20190202",-9.8,21.75,FALSE
203095,"Evan Fournier","1610612753","Orlando Magic",2019,"0021800777","20190202",-13.4,17.65,FALSE
203095,"Evan Fournier","1610612753","Orlando Magic",2019,"0021800777","20190202",23,2.95,TRUE
203095,"Evan Fournier","1610612753","Orlando Magic",2019,"0021800777","20190202",13.8,19.95,FALSE
203095,"Evan Fournier","1610612753","Orlando Magic",2019,"0021800777","20190202",15.6,26.25,TRUE
203095,"Evan Fournier","1610612753","Orlando Magic",2019,"0021800802","20190205",0.8,30.95,FALSE
203095,"Evan Fournier","1610612753","Orlando Magic",2019,"0021800802","20190205",23.1,5.75,TRUE
203095,"Evan Fournier","1610612753","Orlando Magic",2019,"0021800802","20190205",-4,4.85,FALSE
203095,"Evan Fournier","1610612753","Orlando Magic",2019,"0021800802","20190205",0.6,5.45,FALSE
203095,"Evan Fournier","1610612753","Orlando Magic",2019,"0021800802","20190205",-1.5,17.05,FALSE
203095,"Evan Fournier","1610612753","Orlando Magic",2019,"0021800802","20190205",0.7,30.35,TRUE
203095,"Evan Fournier","1610612753","Orlando Magic",2019,"0021800802","20190205",9.4,29.35,TRUE
203095,"Evan Fournier","1610612753","Orlando Magic",2019,"0021800802","20190205",1.2,6.55,TRUE
203095,"Evan Fournier","1610612753","Orlando Magic",2019,"0021800802","20190205",-17,25.75,FALSE
203095,"Evan Fournier","1610612753","Orlando Magic",2019,"0021800802","20190205",-0.7,5.35,TRUE
203095,"Evan Fournier","1610612753","Orlando Magic",2019,"0021800802","20190205",-0.6,6.75,TRUE
203095,"Evan Fournier","1610612753","Orlando Magic",2019,"0021800802","20190205",-0.5,7.25,FALSE
203095,"Evan Fournier","1610612753","Orlando Magic",2019,"0021800802","20190205",7.8,29.45,TRUE
203095,"Evan Fournier","1610612753","Orlando Magic",2019,"0021800802","20190205",-11.6,27.95,FALSE
203095,"Evan Fournier","1610612753","Orlando Magic",2019,"0021800802","20190205",4.3,5.85,FALSE
203095,"Evan Fournier","1610612753","Orlando Magic",2019,"0021800802","20190205",10.6,11.35,TRUE
203095,"Evan Fournier","1610612753","Orlando Magic",2019,"0021800812","20190207",-15.2,7.45,TRUE
203095,"Evan Fournier","1610612753","Orlando Magic",2019,"0021800812","20190207",-1.2,6.55,TRUE
203095,"Evan Fournier","1610612753","Orlando Magic",2019,"0021800812","20190207",21.1,18.65,TRUE
203095,"Evan Fournier","1610612753","Orlando Magic",2019,"0021800812","20190207",2.5,20.05,FALSE
203095,"Evan Fournier","1610612753","Orlando Magic",2019,"0021800812","20190207",8.1,6.05,TRUE
203095,"Evan Fournier","1610612753","Orlando Magic",2019,"0021800812","20190207",-0.6,5.15,TRUE
203095,"Evan Fournier","1610612753","Orlando Magic",2019,"0021800812","20190207",2.9,6.15,FALSE
203095,"Evan Fournier","1610612753","Orlando Magic",2019,"0021800812","20190207",-4.4,14.75,TRUE
203095,"Evan Fournier","1610612753","Orlando Magic",2019,"0021800812","20190207",-1.5,6.75,TRUE
203095,"Evan Fournier","1610612753","Orlando Magic",2019,"0021800812","20190207",-4.1,5.45,FALSE
203095,"Evan Fournier","1610612753","Orlando Magic",2019,"0021800812","20190207",22.1,6.25,FALSE
203095,"Evan Fournier","1610612753","Orlando Magic",2019,"0021800812","20190207",19.7,6.65,TRUE
203095,"Evan Fournier","1610612753","Orlando Magic",2019,"0021800812","20190207",23.2,12.65,FALSE
203095,"Evan Fournier","1610612753","Orlando Magic",2019,"0021800833","20190209",4.1,21.75,FALSE
203095,"Evan Fournier","1610612753","Orlando Magic",2019,"0021800833","20190209",19,26.65,FALSE
203095,"Evan Fournier","1610612753","Orlando Magic",2019,"0021800833","20190209",6.7,17.85,FALSE
203095,"Evan Fournier","1610612753","Orlando Magic",2019,"0021800833","20190209",7,14.65,TRUE
203095,"Evan Fournier","1610612753","Orlando Magic",2019,"0021800833","20190209",-3.2,15.65,FALSE
203095,"Evan Fournier","1610612753","Orlando Magic",2019,"0021800833","20190209",4.4,13.85,FALSE
203095,"Evan Fournier","1610612753","Orlando Magic",2019,"0021800833","20190209",11.2,30.55,TRUE
203095,"Evan Fournier","1610612753","Orlando Magic",2019,"0021800833","20190209",-1.9,18.95,FALSE
203095,"Evan Fournier","1610612753","Orlando Magic",2019,"0021800833","20190209",-1.1,8.95,FALSE
203095,"Evan Fournier","1610612753","Orlando Magic",2019,"0021800833","20190209",-15.7,27.25,FALSE
203095,"Evan Fournier","1610612753","Orlando Magic",2019,"0021800833","20190209",20.7,19.55,FALSE
203095,"Evan Fournier","1610612753","Orlando Magic",2019,"0021800833","20190209",9,29.35,FALSE
203095,"Evan Fournier","1610612753","Orlando Magic",2019,"0021800833","20190209",-12.1,9.85,TRUE
203095,"Evan Fournier","1610612753","Orlando Magic",2019,"0021800837","20190210",-1.2,26.25,TRUE
203095,"Evan Fournier","1610612753","Orlando Magic",2019,"0021800837","20190210",-0.6,17.75,FALSE
203095,"Evan Fournier","1610612753","Orlando Magic",2019,"0021800837","20190210",-1.6,6.85,FALSE
203095,"Evan Fournier","1610612753","Orlando Magic",2019,"0021800837","20190210",22.8,6.85,TRUE
203095,"Evan Fournier","1610612753","Orlando Magic",2019,"0021800837","20190210",-0.2,6.75,FALSE
203095,"Evan Fournier","1610612753","Orlando Magic",2019,"0021800837","20190210",8.1,28.35,FALSE
203095,"Evan Fournier","1610612753","Orlando Magic",2019,"0021800837","20190210",-0.4,6.55,TRUE
203095,"Evan Fournier","1610612753","Orlando Magic",2019,"0021800837","20190210",-11.6,24.95,TRUE
203095,"Evan Fournier","1610612753","Orlando Magic",2019,"0021800837","20190210",-14.6,16.45,TRUE
203095,"Evan Fournier","1610612753","Orlando Magic",2019,"0021800837","20190210",3.5,17.45,TRUE
203095,"Evan Fournier","1610612753","Orlando Magic",2019,"0021800837","20190210",8.7,21.75,FALSE
203095,"Evan Fournier","1610612753","Orlando Magic",2019,"0021800837","20190210",-23.3,11.95,FALSE
203095,"Evan Fournier","1610612753","Orlando Magic",2019,"0021800851","20190212",19.9,19.95,FALSE
203095,"Evan Fournier","1610612753","Orlando Magic",2019,"0021800851","20190212",19.5,20.05,TRUE
203095,"Evan Fournier","1610612753","Orlando Magic",2019,"0021800851","20190212",13.5,27.25,TRUE
203095,"Evan Fournier","1610612753","Orlando Magic",2019,"0021800851","20190212",13.1,25.85,TRUE
203095,"Evan Fournier","1610612753","Orlando Magic",2019,"0021800851","20190212",-1.9,5.55,TRUE
203095,"Evan Fournier","1610612753","Orlando Magic",2019,"0021800851","20190212",1.1,5.25,TRUE
203095,"Evan Fournier","1610612753","Orlando Magic",2019,"0021800851","20190212",-1.4,5.65,FALSE
203095,"Evan Fournier","1610612753","Orlando Magic",2019,"0021800851","20190212",11.6,12.15,FALSE
203095,"Evan Fournier","1610612753","Orlando Magic",2019,"0021800851","20190212",-1.4,7.45,FALSE
203095,"Evan Fournier","1610612753","Orlando Magic",2019,"0021800851","20190212",-3.3,13.35,FALSE
203095,"Evan Fournier","1610612753","Orlando Magic",2019,"0021800851","20190212",6.1,27.45,FALSE
203095,"Evan Fournier","1610612753","Orlando Magic",2019,"0021800851","20190212",-8.1,20.05,FALSE
203095,"Evan Fournier","1610612753","Orlando Magic",2019,"0021800851","20190212",1.2,6.75,TRUE
203095,"Evan Fournier","1610612753","Orlando Magic",2019,"0021800851","20190212",-1.4,5.15,TRUE
203095,"Evan Fournier","1610612753","Orlando Magic",2019,"0021800851","20190212",0.9,13.75,FALSE
203095,"Evan Fournier","1610612753","Orlando Magic",2019,"0021800851","20190212",-7.3,8.45,FALSE
203095,"Evan Fournier","1610612753","Orlando Magic",2019,"0021800864","20190214",7.9,29.85,FALSE
203095,"Evan Fournier","1610612753","Orlando Magic",2019,"0021800864","20190214",12.7,13.65,TRUE
203095,"Evan Fournier","1610612753","Orlando Magic",2019,"0021800864","20190214",-1.4,6.65,TRUE
203095,"Evan Fournier","1610612753","Orlando Magic",2019,"0021800864","20190214",-2.5,30.45,TRUE
203095,"Evan Fournier","1610612753","Orlando Magic",2019,"0021800864","20190214",0.9,31.55,FALSE
203095,"Evan Fournier","1610612753","Orlando Magic",2019,"0021800864","20190214",-1.2,6.75,TRUE
203095,"Evan Fournier","1610612753","Orlando Magic",2019,"0021800864","20190214",22.6,6.85,FALSE
203095,"Evan Fournier","1610612753","Orlando Magic",2019,"0021800864","20190214",-7.4,21.05,FALSE
203095,"Evan Fournier","1610612753","Orlando Magic",2019,"0021800864","20190214",0.3,6.85,TRUE
203095,"Evan Fournier","1610612753","Orlando Magic",2019,"0021800864","20190214",1.2,19.85,FALSE
203095,"Evan Fournier","1610612753","Orlando Magic",2019,"0021800864","20190214",2.5,30.35,FALSE
203095,"Evan Fournier","1610612753","Orlando Magic",2019,"0021800864","20190214",23.9,7.25,FALSE
203095,"Evan Fournier","1610612753","Orlando Magic",2019,"0021800875","20190222",23,7.45,FALSE
203095,"Evan Fournier","1610612753","Orlando Magic",2019,"0021800875","20190222",17.2,24.25,TRUE
203095,"Evan Fournier","1610612753","Orlando Magic",2019,"0021800875","20190222",0.8,23.05,TRUE
203095,"Evan Fournier","1610612753","Orlando Magic",2019,"0021800875","20190222",-4.3,30.45,FALSE
203095,"Evan Fournier","1610612753","Orlando Magic",2019,"0021800875","20190222",9.3,15.95,FALSE
203095,"Evan Fournier","1610612753","Orlando Magic",2019,"0021800875","20190222",-22.6,12.65,TRUE
203095,"Evan Fournier","1610612753","Orlando Magic",2019,"0021800875","20190222",9.4,29.95,FALSE
203095,"Evan Fournier","1610612753","Orlando Magic",2019,"0021800875","20190222",1.5,30.25,FALSE
203095,"Evan Fournier","1610612753","Orlando Magic",2019,"0021800875","20190222",6.3,8.65,TRUE
203095,"Evan Fournier","1610612753","Orlando Magic",2019,"0021800875","20190222",-2,5.75,FALSE
203095,"Evan Fournier","1610612753","Orlando Magic",2019,"0021800875","20190222",1.5,6.05,TRUE
203095,"Evan Fournier","1610612753","Orlando Magic",2019,"0021800875","20190222",0.6,30.75,FALSE
203095,"Evan Fournier","1610612753","Orlando Magic",2019,"0021800875","20190222",6.4,28.65,FALSE
203095,"Evan Fournier","1610612753","Orlando Magic",2019,"0021800875","20190222",11.7,27.05,FALSE
203095,"Evan Fournier","1610612753","Orlando Magic",2019,"0021800875","20190222",14.5,10.35,TRUE
203095,"Evan Fournier","1610612753","Orlando Magic",2019,"0021800875","20190222",-0.9,6.95,TRUE
203095,"Evan Fournier","1610612753","Orlando Magic",2019,"0021800875","20190222",0.9,29.95,TRUE
203095,"Evan Fournier","1610612753","Orlando Magic",2019,"0021800894","20190224",18.7,19.85,FALSE
203095,"Evan Fournier","1610612753","Orlando Magic",2019,"0021800894","20190224",5.7,29.35,FALSE
203095,"Evan Fournier","1610612753","Orlando Magic",2019,"0021800894","20190224",-17.5,23.25,FALSE
203095,"Evan Fournier","1610612753","Orlando Magic",2019,"0021800894","20190224",-5.4,29.35,TRUE
203095,"Evan Fournier","1610612753","Orlando Magic",2019,"0021800894","20190224",20.6,18.15,TRUE
203095,"Evan Fournier","1610612753","Orlando Magic",2019,"0021800894","20190224",1.2,31.55,FALSE
203095,"Evan Fournier","1610612753","Orlando Magic",2019,"0021800894","20190224",1.4,7.85,TRUE
203095,"Evan Fournier","1610612753","Orlando Magic",2019,"0021800894","20190224",22.8,5.85,FALSE
203095,"Evan Fournier","1610612753","Orlando Magic",2019,"0021800894","20190224",17.1,7.25,TRUE
203095,"Evan Fournier","1610612753","Orlando Magic",2019,"0021800894","20190224",18,23.35,FALSE
203095,"Evan Fournier","1610612753","Orlando Magic",2019,"0021800894","20190224",-12.7,17.45,FALSE
203095,"Evan Fournier","1610612753","Orlando Magic",2019,"0021800908","20190226",-23,6.75,FALSE
203095,"Evan Fournier","1610612753","Orlando Magic",2019,"0021800908","20190226",1.9,10.55,TRUE
203095,"Evan Fournier","1610612753","Orlando Magic",2019,"0021800908","20190226",-1.4,5.65,TRUE
203095,"Evan Fournier","1610612753","Orlando Magic",2019,"0021800908","20190226",-11.4,23.15,FALSE
203095,"Evan Fournier","1610612753","Orlando Magic",2019,"0021800908","20190226",18.5,22.05,FALSE
203095,"Evan Fournier","1610612753","Orlando Magic",2019,"0021800908","20190226",-2.2,25.05,TRUE
203095,"Evan Fournier","1610612753","Orlando Magic",2019,"0021800908","20190226",10.5,5.25,TRUE
203095,"Evan Fournier","1610612753","Orlando Magic",2019,"0021800908","20190226",23.4,5.15,FALSE
203095,"Evan Fournier","1610612753","Orlando Magic",2019,"0021800908","20190226",0.5,6.55,TRUE
203095,"Evan Fournier","1610612753","Orlando Magic",2019,"0021800908","20190226",19,23.35,FALSE
203095,"Evan Fournier","1610612753","Orlando Magic",2019,"0021800908","20190226",-0.6,18.65,FALSE
203095,"Evan Fournier","1610612753","Orlando Magic",2019,"0021800908","20190226",14.3,20.75,TRUE
203095,"Evan Fournier","1610612753","Orlando Magic",2019,"0021800908","20190226",11.5,28.35,FALSE
203095,"Evan Fournier","1610612753","Orlando Magic",2019,"0021800908","20190226",15.9,26.35,FALSE
203095,"Evan Fournier","1610612753","Orlando Magic",2019,"0021800908","20190226",-9.3,12.15,FALSE
203095,"Evan Fournier","1610612753","Orlando Magic",2019,"0021800908","20190226",17.1,27.05,FALSE
203095,"Evan Fournier","1610612753","Orlando Magic",2019,"0021800923","20190228",23,1.95,TRUE
203095,"Evan Fournier","1610612753","Orlando Magic",2019,"0021800923","20190228",-0.6,18.45,FALSE
203095,"Evan Fournier","1610612753","Orlando Magic",2019,"0021800923","20190228",12,3.05,FALSE
203095,"Evan Fournier","1610612753","Orlando Magic",2019,"0021800923","20190228",-14.7,17.75,FALSE
203095,"Evan Fournier","1610612753","Orlando Magic",2019,"0021800923","20190228",-0.5,6.15,FALSE
203095,"Evan Fournier","1610612753","Orlando Magic",2019,"0021800923","20190228",-3.4,15.25,TRUE
203095,"Evan Fournier","1610612753","Orlando Magic",2019,"0021800923","20190228",18.3,22.85,FALSE
203095,"Evan Fournier","1610612753","Orlando Magic",2019,"0021800923","20190228",-13,26.25,TRUE
203095,"Evan Fournier","1610612753","Orlando Magic",2019,"0021800923","20190228",-0.6,6.75,FALSE
203095,"Evan Fournier","1610612753","Orlando Magic",2019,"0021800923","20190228",23.5,11.45,FALSE
203095,"Evan Fournier","1610612753","Orlando Magic",2019,"0021800923","20190228",2.9,19.65,FALSE
203095,"Evan Fournier","1610612753","Orlando Magic",2019,"0021800923","20190228",5.2,17.25,FALSE
203095,"Evan Fournier","1610612753","Orlando Magic",2019,"0021800936","20190302",10.2,21.45,TRUE
203095,"Evan Fournier","1610612753","Orlando Magic",2019,"0021800936","20190302",11.4,28.15,TRUE
203095,"Evan Fournier","1610612753","Orlando Magic",2019,"0021800936","20190302",-10.9,20.75,TRUE
203095,"Evan Fournier","1610612753","Orlando Magic",2019,"0021800936","20190302",-13.7,21.95,TRUE
203095,"Evan Fournier","1610612753","Orlando Magic",2019,"0021800936","20190302",-4.9,16.05,FALSE
203095,"Evan Fournier","1610612753","Orlando Magic",2019,"0021800936","20190302",0.6,5.95,TRUE
203095,"Evan Fournier","1610612753","Orlando Magic",2019,"0021800936","20190302",-0.3,4.15,FALSE
203095,"Evan Fournier","1610612753","Orlando Magic",2019,"0021800936","20190302",16.1,27.95,FALSE
203095,"Evan Fournier","1610612753","Orlando Magic",2019,"0021800936","20190302",2.7,22.05,FALSE
203095,"Evan Fournier","1610612753","Orlando Magic",2019,"0021800936","20190302",0.5,4.45,FALSE
203095,"Evan Fournier","1610612753","Orlando Magic",2019,"0021800936","20190302",-4.9,34.65,TRUE
203095,"Evan Fournier","1610612753","Orlando Magic",2019,"0021800936","20190302",-12.3,28.75,TRUE
203095,"Evan Fournier","1610612753","Orlando Magic",2019,"0021800948","20190303",-6.6,15.85,FALSE
203095,"Evan Fournier","1610612753","Orlando Magic",2019,"0021800948","20190303",2,27.85,FALSE
203095,"Evan Fournier","1610612753","Orlando Magic",2019,"0021800948","20190303",-20.7,19.05,TRUE
203095,"Evan Fournier","1610612753","Orlando Magic",2019,"0021800948","20190303",12.5,27.05,TRUE
203095,"Evan Fournier","1610612753","Orlando Magic",2019,"0021800948","20190303",-3.6,23.25,FALSE
203095,"Evan Fournier","1610612753","Orlando Magic",2019,"0021800948","20190303",7.9,29.45,FALSE
203095,"Evan Fournier","1610612753","Orlando Magic",2019,"0021800948","20190303",2.8,12.05,FALSE
203095,"Evan Fournier","1610612753","Orlando Magic",2019,"0021800948","20190303",9.4,23.35,TRUE
203095,"Evan Fournier","1610612753","Orlando Magic",2019,"0021800948","20190303",21.8,20.75,FALSE
203095,"Evan Fournier","1610612753","Orlando Magic",2019,"0021800948","20190303",-11.1,27.95,TRUE
203095,"Evan Fournier","1610612753","Orlando Magic",2019,"0021800948","20190303",19.6,22.65,FALSE
203095,"Evan Fournier","1610612753","Orlando Magic",2019,"0021800948","20190303",-6,7.35,FALSE
203095,"Evan Fournier","1610612753","Orlando Magic",2019,"0021800948","20190303",20.7,23.25,FALSE
203095,"Evan Fournier","1610612753","Orlando Magic",2019,"0021800960","20190305",-2.5,24.65,FALSE
203095,"Evan Fournier","1610612753","Orlando Magic",2019,"0021800960","20190305",23.9,7.85,TRUE
203095,"Evan Fournier","1610612753","Orlando Magic",2019,"0021800960","20190305",13.1,13.25,TRUE
203095,"Evan Fournier","1610612753","Orlando Magic",2019,"0021800960","20190305",11,28.45,TRUE
203095,"Evan Fournier","1610612753","Orlando Magic",2019,"0021800960","20190305",2.7,31.25,TRUE
203095,"Evan Fournier","1610612753","Orlando Magic",2019,"0021800960","20190305",3.5,23.75,TRUE
203095,"Evan Fournier","1610612753","Orlando Magic",2019,"0021800960","20190305",16.4,25.45,TRUE
203095,"Evan Fournier","1610612753","Orlando Magic",2019,"0021800960","20190305",6.1,26.45,FALSE
203095,"Evan Fournier","1610612753","Orlando Magic",2019,"0021800960","20190305",-2.2,6.15,TRUE
203095,"Evan Fournier","1610612753","Orlando Magic",2019,"0021800960","20190305",0,10.85,FALSE
203095,"Evan Fournier","1610612753","Orlando Magic",2019,"0021800960","20190305",7.5,30.25,FALSE
203095,"Evan Fournier","1610612753","Orlando Magic",2019,"0021800960","20190305",5.8,23.55,FALSE
203095,"Evan Fournier","1610612753","Orlando Magic",2019,"0021800960","20190305",-1.3,8.45,FALSE
203095,"Evan Fournier","1610612753","Orlando Magic",2019,"0021800960","20190305",-12.7,10.75,FALSE
203095,"Evan Fournier","1610612753","Orlando Magic",2019,"0021800960","20190305",-1.1,32.55,FALSE
203095,"Evan Fournier","1610612753","Orlando Magic",2019,"0021800960","20190305",12,27.15,FALSE
203095,"Evan Fournier","1610612753","Orlando Magic",2019,"0021800960","20190305",9,29.25,TRUE
203095,"Evan Fournier","1610612753","Orlando Magic",2019,"0021800960","20190305",15,24.65,FALSE
203095,"Evan Fournier","1610612753","Orlando Magic",2019,"0021800960","20190305",-1.3,7.45,FALSE
203095,"Evan Fournier","1610612753","Orlando Magic",2019,"0021800960","20190305",0.2,5.55,TRUE
203095,"Evan Fournier","1610612753","Orlando Magic",2019,"0021800960","20190305",11.9,28.15,FALSE
203095,"Evan Fournier","1610612753","Orlando Magic",2019,"0021800978","20190308",-5.5,17.95,FALSE
203095,"Evan Fournier","1610612753","Orlando Magic",2019,"0021800978","20190308",5.8,29.55,TRUE
203095,"Evan Fournier","1610612753","Orlando Magic",2019,"0021800978","20190308",-12.5,21.45,FALSE
203095,"Evan Fournier","1610612753","Orlando Magic",2019,"0021800978","20190308",23.3,3.75,FALSE
203095,"Evan Fournier","1610612753","Orlando Magic",2019,"0021800978","20190308",-1.9,19.35,TRUE
203095,"Evan Fournier","1610612753","Orlando Magic",2019,"0021800978","20190308",-4,19.65,FALSE
203095,"Evan Fournier","1610612753","Orlando Magic",2019,"0021800978","20190308",3.2,5.95,TRUE
203095,"Evan Fournier","1610612753","Orlando Magic",2019,"0021800978","20190308",-1.5,10.65,FALSE
203095,"Evan Fournier","1610612753","Orlando Magic",2019,"0021800978","20190308",11.6,28.75,FALSE
203095,"Evan Fournier","1610612753","Orlando Magic",2019,"0021800978","20190308",1.8,7.45,TRUE
203095,"Evan Fournier","1610612753","Orlando Magic",2019,"0021800996","20190310",0.7,12.65,FALSE
203095,"Evan Fournier","1610612753","Orlando Magic",2019,"0021800996","20190310",18.7,21.45,FALSE
203095,"Evan Fournier","1610612753","Orlando Magic",2019,"0021800996","20190310",-2.4,6.55,FALSE
203095,"Evan Fournier","1610612753","Orlando Magic",2019,"0021800996","20190310",9.8,11.45,FALSE
203095,"Evan Fournier","1610612753","Orlando Magic",2019,"0021801015","20190313",-21.5,19.45,FALSE
203095,"Evan Fournier","1610612753","Orlando Magic",2019,"0021801015","20190313",1.9,24.05,TRUE
203095,"Evan Fournier","1610612753","Orlando Magic",2019,"0021801015","20190313",5.4,9.55,FALSE
203095,"Evan Fournier","1610612753","Orlando Magic",2019,"0021801015","20190313",13.6,28.65,FALSE
203095,"Evan Fournier","1610612753","Orlando Magic",2019,"0021801015","20190313",-0.3,31.45,TRUE
203095,"Evan Fournier","1610612753","Orlando Magic",2019,"0021801015","20190313",-0.2,19.55,FALSE
203095,"Evan Fournier","1610612753","Orlando Magic",2019,"0021801015","20190313",-19.9,13.85,FALSE
203095,"Evan Fournier","1610612753","Orlando Magic",2019,"0021801015","20190313",-15.8,24.05,TRUE
203095,"Evan Fournier","1610612753","Orlando Magic",2019,"0021801015","20190313",-1.4,31.55,FALSE
203095,"Evan Fournier","1610612753","Orlando Magic",2019,"0021801021","20190314",-2.1,7.45,FALSE
203095,"Evan Fournier","1610612753","Orlando Magic",2019,"0021801021","20190314",5.6,7.85,FALSE
203095,"Evan Fournier","1610612753","Orlando Magic",2019,"0021801021","20190314",21.2,19.35,TRUE
203095,"Evan Fournier","1610612753","Orlando Magic",2019,"0021801021","20190314",0.1,10.65,TRUE
203095,"Evan Fournier","1610612753","Orlando Magic",2019,"0021801021","20190314",-1.9,5.35,FALSE
203095,"Evan Fournier","1610612753","Orlando Magic",2019,"0021801021","20190314",-22.7,7.95,TRUE
203095,"Evan Fournier","1610612753","Orlando Magic",2019,"0021801021","20190314",22.4,14.35,FALSE
203095,"Evan Fournier","1610612753","Orlando Magic",2019,"0021801021","20190314",2.9,6.35,FALSE
203095,"Evan Fournier","1610612753","Orlando Magic",2019,"0021801021","20190314",0,4.65,TRUE
203095,"Evan Fournier","1610612753","Orlando Magic",2019,"0021801021","20190314",-2.9,30.95,FALSE
203095,"Evan Fournier","1610612753","Orlando Magic",2019,"0021801021","20190314",7.3,31.05,FALSE
203095,"Evan Fournier","1610612753","Orlando Magic",2019,"0021801046","20190317",-17.1,23.75,FALSE
203095,"Evan Fournier","1610612753","Orlando Magic",2019,"0021801046","20190317",-0.7,30.45,FALSE
203095,"Evan Fournier","1610612753","Orlando Magic",2019,"0021801046","20190317",-0.8,7.35,TRUE
203095,"Evan Fournier","1610612753","Orlando Magic",2019,"0021801046","20190317",-9.2,29.85,FALSE
203095,"Evan Fournier","1610612753","Orlando Magic",2019,"0021801046","20190317",0.5,14.05,FALSE
203095,"Evan Fournier","1610612753","Orlando Magic",2019,"0021801046","20190317",-16.7,24.25,FALSE
203095,"Evan Fournier","1610612753","Orlando Magic",2019,"0021801046","20190317",0.9,8.65,TRUE
203095,"Evan Fournier","1610612753","Orlando Magic",2019,"0021801046","20190317",-7.6,21.55,FALSE
203095,"Evan Fournier","1610612753","Orlando Magic",2019,"0021801046","20190317",13.7,27.05,FALSE
203095,"Evan Fournier","1610612753","Orlando Magic",2019,"0021801046","20190317",0.9,8.95,FALSE
203095,"Evan Fournier","1610612753","Orlando Magic",2019,"0021801046","20190317",-0.6,11.15,TRUE
203095,"Evan Fournier","1610612753","Orlando Magic",2019,"0021801046","20190317",23.2,10.65,TRUE
203095,"Evan Fournier","1610612753","Orlando Magic",2019,"0021801066","20190320",-1.3,7.65,TRUE
203095,"Evan Fournier","1610612753","Orlando Magic",2019,"0021801066","20190320",20.5,20.05,TRUE
203095,"Evan Fournier","1610612753","Orlando Magic",2019,"0021801066","20190320",0.9,17.45,TRUE
203095,"Evan Fournier","1610612753","Orlando Magic",2019,"0021801066","20190320",-11,28.85,TRUE
203095,"Evan Fournier","1610612753","Orlando Magic",2019,"0021801066","20190320",2.6,28.15,TRUE
203095,"Evan Fournier","1610612753","Orlando Magic",2019,"0021801066","20190320",-8.3,29.95,TRUE
203095,"Evan Fournier","1610612753","Orlando Magic",2019,"0021801066","20190320",-8.8,31.05,FALSE
203095,"Evan Fournier","1610612753","Orlando Magic",2019,"0021801066","20190320",15.2,21.15,TRUE
203095,"Evan Fournier","1610612753","Orlando Magic",2019,"0021801066","20190320",1.2,31.55,FALSE
203095,"Evan Fournier","1610612753","Orlando Magic",2019,"0021801066","20190320",-4.7,11.75,TRUE
203095,"Evan Fournier","1610612753","Orlando Magic",2019,"0021801066","20190320",0.7,17.75,FALSE
203095,"Evan Fournier","1610612753","Orlando Magic",2019,"0021801066","20190320",-0.5,13.55,FALSE
203095,"Evan Fournier","1610612753","Orlando Magic",2019,"0021801066","20190320",-0.4,8.05,TRUE
203095,"Evan Fournier","1610612753","Orlando Magic",2019,"0021801080","20190322",-7.1,17.65,FALSE
203095,"Evan Fournier","1610612753","Orlando Magic",2019,"0021801080","20190322",10.3,7.15,FALSE
203095,"Evan Fournier","1610612753","Orlando Magic",2019,"0021801080","20190322",-22.4,8.75,TRUE
203095,"Evan Fournier","1610612753","Orlando Magic",2019,"0021801080","20190322",-0.8,9.05,TRUE
203095,"Evan Fournier","1610612753","Orlando Magic",2019,"0021801080","20190322",15.2,25.55,FALSE
203095,"Evan Fournier","1610612753","Orlando Magic",2019,"0021801080","20190322",0.9,6.95,TRUE
203095,"Evan Fournier","1610612753","Orlando Magic",2019,"0021801080","20190322",-0.8,8.35,TRUE
203095,"Evan Fournier","1610612753","Orlando Magic",2019,"0021801080","20190322",0,30.15,TRUE
203095,"Evan Fournier","1610612753","Orlando Magic",2019,"0021801080","20190322",-15.4,25.65,TRUE
203095,"Evan Fournier","1610612753","Orlando Magic",2019,"0021801080","20190322",-1.8,7.55,FALSE
203095,"Evan Fournier","1610612753","Orlando Magic",2019,"0021801080","20190322",9.2,29.55,FALSE
203095,"Evan Fournier","1610612753","Orlando Magic",2019,"0021801080","20190322",-10.3,27.45,FALSE
203095,"Evan Fournier","1610612753","Orlando Magic",2019,"0021801080","20190322",-0.5,7.35,TRUE
203095,"Evan Fournier","1610612753","Orlando Magic",2019,"0021801080","20190322",-11.3,29.95,FALSE
203095,"Evan Fournier","1610612753","Orlando Magic",2019,"0021801080","20190322",0.5,6.85,TRUE
203095,"Evan Fournier","1610612753","Orlando Magic",2019,"0021801080","20190322",22.1,14.05,FALSE
203095,"Evan Fournier","1610612753","Orlando Magic",2019,"0021801080","20190322",-4.6,20.45,TRUE
203095,"Evan Fournier","1610612753","Orlando Magic",2019,"0021801103","20190325",-4.1,15.35,TRUE
203095,"Evan Fournier","1610612753","Orlando Magic",2019,"0021801103","20190325",-5.2,13.05,FALSE
203095,"Evan Fournier","1610612753","Orlando Magic",2019,"0021801103","20190325",23.4,4.45,FALSE
203095,"Evan Fournier","1610612753","Orlando Magic",2019,"0021801103","20190325",8.5,29.45,FALSE
203095,"Evan Fournier","1610612753","Orlando Magic",2019,"0021801103","20190325",0,6.05,FALSE
203095,"Evan Fournier","1610612753","Orlando Magic",2019,"0021801103","20190325",-1.1,7.85,TRUE
203095,"Evan Fournier","1610612753","Orlando Magic",2019,"0021801103","20190325",-1.8,6.55,TRUE
203095,"Evan Fournier","1610612753","Orlando Magic",2019,"0021801103","20190325",-1,6.95,TRUE
203095,"Evan Fournier","1610612753","Orlando Magic",2019,"0021801103","20190325",7.2,30.35,TRUE
203095,"Evan Fournier","1610612753","Orlando Magic",2019,"0021801103","20190325",14.3,8.55,TRUE
203095,"Evan Fournier","1610612753","Orlando Magic",2019,"0021801103","20190325",22.9,11.75,TRUE
203095,"Evan Fournier","1610612753","Orlando Magic",2019,"0021801103","20190325",-16.5,24.75,FALSE
203095,"Evan Fournier","1610612753","Orlando Magic",2019,"0021801103","20190325",1.6,7.25,TRUE
203095,"Evan Fournier","1610612753","Orlando Magic",2019,"0021801103","20190325",1.4,7.45,TRUE
203095,"Evan Fournier","1610612753","Orlando Magic",2019,"0021801103","20190325",2,7.95,TRUE
203095,"Evan Fournier","1610612753","Orlando Magic",2019,"0021801103","20190325",3.8,8.45,TRUE
203095,"Evan Fournier","1610612753","Orlando Magic",2019,"0021801103","20190325",11,21.15,FALSE
203095,"Evan Fournier","1610612753","Orlando Magic",2019,"0021801109","20190326",-22.6,13.15,TRUE
203095,"Evan Fournier","1610612753","Orlando Magic",2019,"0021801109","20190326",5.2,30.55,FALSE
203095,"Evan Fournier","1610612753","Orlando Magic",2019,"0021801109","20190326",1.1,5.65,FALSE
203095,"Evan Fournier","1610612753","Orlando Magic",2019,"0021801109","20190326",1.6,30.55,FALSE
203095,"Evan Fournier","1610612753","Orlando Magic",2019,"0021801109","20190326",-5.2,29.95,FALSE
203095,"Evan Fournier","1610612753","Orlando Magic",2019,"0021801109","20190326",20.7,19.25,TRUE
203095,"Evan Fournier","1610612753","Orlando Magic",2019,"0021801109","20190326",0,7.25,TRUE
203095,"Evan Fournier","1610612753","Orlando Magic",2019,"0021801109","20190326",-19.5,23.95,FALSE
203095,"Evan Fournier","1610612753","Orlando Magic",2019,"0021801109","20190326",-1.6,6.35,TRUE
203095,"Evan Fournier","1610612753","Orlando Magic",2019,"0021801122","20190328",-2.2,8.95,FALSE
203095,"Evan Fournier","1610612753","Orlando Magic",2019,"0021801122","20190328",9.1,29.55,FALSE
203095,"Evan Fournier","1610612753","Orlando Magic",2019,"0021801122","20190328",2.4,19.95,FALSE
203095,"Evan Fournier","1610612753","Orlando Magic",2019,"0021801122","20190328",9.2,5.75,TRUE
203095,"Evan Fournier","1610612753","Orlando Magic",2019,"0021801122","20190328",6.9,29.75,TRUE
203095,"Evan Fournier","1610612753","Orlando Magic",2019,"0021801122","20190328",-17.4,25.85,FALSE
203095,"Evan Fournier","1610612753","Orlando Magic",2019,"0021801122","20190328",23.2,8.65,FALSE
203095,"Evan Fournier","1610612753","Orlando Magic",2019,"0021801122","20190328",1.4,6.75,TRUE
203095,"Evan Fournier","1610612753","Orlando Magic",2019,"0021801122","20190328",-2.5,5.85,TRUE
203095,"Evan Fournier","1610612753","Orlando Magic",2019,"0021801122","20190328",-5.1,32.25,FALSE
203095,"Evan Fournier","1610612753","Orlando Magic",2019,"0021801122","20190328",0,7.75,TRUE
203095,"Evan Fournier","1610612753","Orlando Magic",2019,"0021801122","20190328",1.9,7.05,TRUE
203095,"Evan Fournier","1610612753","Orlando Magic",2019,"0021801122","20190328",-22.3,17.05,FALSE
203095,"Evan Fournier","1610612753","Orlando Magic",2019,"0021801122","20190328",10.2,25.35,FALSE
203095,"Evan Fournier","1610612753","Orlando Magic",2019,"0021801122","20190328",23.5,8.45,FALSE
203095,"Evan Fournier","1610612753","Orlando Magic",2019,"0021801140","20190330",-17.2,5.65,TRUE
203095,"Evan Fournier","1610612753","Orlando Magic",2019,"0021801140","20190330",14.5,28.25,FALSE
203095,"Evan Fournier","1610612753","Orlando Magic",2019,"0021801140","20190330",0.4,5.65,FALSE
203095,"Evan Fournier","1610612753","Orlando Magic",2019,"0021801140","20190330",0.5,6.85,TRUE
203095,"Evan Fournier","1610612753","Orlando Magic",2019,"0021801140","20190330",-9.2,32.45,FALSE
203095,"Evan Fournier","1610612753","Orlando Magic",2019,"0021801140","20190330",15.3,28.35,TRUE
203095,"Evan Fournier","1610612753","Orlando Magic",2019,"0021801140","20190330",-1.1,6.35,FALSE
203095,"Evan Fournier","1610612753","Orlando Magic",2019,"0021801140","20190330",0.7,5.95,FALSE
203095,"Evan Fournier","1610612753","Orlando Magic",2019,"0021801140","20190330",16.5,2.95,FALSE
203095,"Evan Fournier","1610612753","Orlando Magic",2019,"0021801156","20190401",-0.8,5.65,TRUE
203095,"Evan Fournier","1610612753","Orlando Magic",2019,"0021801156","20190401",23.4,14.15,FALSE
203095,"Evan Fournier","1610612753","Orlando Magic",2019,"0021801156","20190401",-0.1,5.85,TRUE
203095,"Evan Fournier","1610612753","Orlando Magic",2019,"0021801156","20190401",11.1,27.65,TRUE
203095,"Evan Fournier","1610612753","Orlando Magic",2019,"0021801156","20190401",8.1,23.25,TRUE
203095,"Evan Fournier","1610612753","Orlando Magic",2019,"0021801156","20190401",11.6,13.45,TRUE
203095,"Evan Fournier","1610612753","Orlando Magic",2019,"0021801156","20190401",-1.9,6.55,FALSE
203095,"Evan Fournier","1610612753","Orlando Magic",2019,"0021801156","20190401",-0.5,8.95,FALSE
203095,"Evan Fournier","1610612753","Orlando Magic",2019,"0021801156","20190401",0.9,5.75,FALSE
203095,"Evan Fournier","1610612753","Orlando Magic",2019,"0021801156","20190401",-2.3,5.65,TRUE
203095,"Evan Fournier","1610612753","Orlando Magic",2019,"0021801156","20190401",-7.8,31.65,FALSE
203095,"Evan Fournier","1610612753","Orlando Magic",2019,"0021801156","20190401",-4.4,10.05,FALSE
203095,"Evan Fournier","1610612753","Orlando Magic",2019,"0021801156","20190401",0.2,15.35,TRUE
203095,"Evan Fournier","1610612753","Orlando Magic",2019,"0021801156","20190401",1.6,19.15,TRUE
203095,"Evan Fournier","1610612753","Orlando Magic",2019,"0021801156","20190401",0.1,9.15,FALSE
203095,"Evan Fournier","1610612753","Orlando Magic",2019,"0021801156","20190401",6.3,21.05,FALSE
203095,"Evan Fournier","1610612753","Orlando Magic",2019,"0021801166","20190403",0,7.65,TRUE
203095,"Evan Fournier","1610612753","Orlando Magic",2019,"0021801166","20190403",0.2,5.75,TRUE
203095,"Evan Fournier","1610612753","Orlando Magic",2019,"0021801166","20190403",22.3,7.95,TRUE
203095,"Evan Fournier","1610612753","Orlando Magic",2019,"0021801166","20190403",1.1,28.45,TRUE
203095,"Evan Fournier","1610612753","Orlando Magic",2019,"0021801166","20190403",-3.6,14.35,TRUE
203095,"Evan Fournier","1610612753","Orlando Magic",2019,"0021801166","20190403",4.8,20.95,TRUE
203095,"Evan Fournier","1610612753","Orlando Magic",2019,"0021801166","20190403",-8.8,24.45,FALSE
203095,"Evan Fournier","1610612753","Orlando Magic",2019,"0021801166","20190403",0.5,6.05,TRUE
203095,"Evan Fournier","1610612753","Orlando Magic",2019,"0021801166","20190403",13.1,18.65,FALSE
203095,"Evan Fournier","1610612753","Orlando Magic",2019,"0021801166","20190403",-1.4,9.45,FALSE
203095,"Evan Fournier","1610612753","Orlando Magic",2019,"0021801166","20190403",-7.1,25.85,FALSE
203095,"Evan Fournier","1610612753","Orlando Magic",2019,"0021801166","20190403",6.5,19.45,TRUE
203095,"Evan Fournier","1610612753","Orlando Magic",2019,"0021801166","20190403",-17.4,25.15,FALSE
203095,"Evan Fournier","1610612753","Orlando Magic",2019,"0021801166","20190403",-2,7.95,FALSE
203095,"Evan Fournier","1610612753","Orlando Magic",2019,"0021801166","20190403",20.9,7.25,FALSE
203095,"Evan Fournier","1610612753","Orlando Magic",2019,"0021801181","20190405",3.6,23.75,FALSE
203095,"Evan Fournier","1610612753","Orlando Magic",2019,"0021801181","20190405",-0.8,5.65,TRUE
203095,"Evan Fournier","1610612753","Orlando Magic",2019,"0021801181","20190405",9.3,18.45,TRUE
203095,"Evan Fournier","1610612753","Orlando Magic",2019,"0021801181","20190405",9.3,28.95,FALSE
203095,"Evan Fournier","1610612753","Orlando Magic",2019,"0021801181","20190405",-1.9,9.25,TRUE
203095,"Evan Fournier","1610612753","Orlando Magic",2019,"0021801181","20190405",-1.1,8.65,TRUE
203095,"Evan Fournier","1610612753","Orlando Magic",2019,"0021801181","20190405",-1.1,5.75,TRUE
203095,"Evan Fournier","1610612753","Orlando Magic",2019,"0021801181","20190405",1.8,9.25,FALSE
203095,"Evan Fournier","1610612753","Orlando Magic",2019,"0021801181","20190405",2.2,6.35,TRUE
203095,"Evan Fournier","1610612753","Orlando Magic",2019,"0021801181","20190405",3.2,7.55,TRUE
203095,"Evan Fournier","1610612753","Orlando Magic",2019,"0021801181","20190405",-5.3,11.15,TRUE
203095,"Evan Fournier","1610612753","Orlando Magic",2019,"0021801181","20190405",-1.6,26.15,TRUE
203095,"Evan Fournier","1610612753","Orlando Magic",2019,"0021801181","20190405",-1,5.95,TRUE
203095,"Evan Fournier","1610612753","Orlando Magic",2019,"0021801181","20190405",-10.1,27.75,TRUE
203095,"Evan Fournier","1610612753","Orlando Magic",2019,"0021801203","20190407",-4.5,13.55,TRUE
203095,"Evan Fournier","1610612753","Orlando Magic",2019,"0021801203","20190407",9.7,23.05,FALSE
203095,"Evan Fournier","1610612753","Orlando Magic",2019,"0021801203","20190407",18.2,22.65,TRUE
203095,"Evan Fournier","1610612753","Orlando Magic",2019,"0021801203","20190407",-4.4,15.65,FALSE
203095,"Evan Fournier","1610612753","Orlando Magic",2019,"0021801203","20190407",22.2,17.45,FALSE
203095,"Evan Fournier","1610612753","Orlando Magic",2019,"0021801203","20190407",22,17.45,TRUE
203095,"Evan Fournier","1610612753","Orlando Magic",2019,"0021801203","20190407",-4.1,6.55,FALSE
203095,"Evan Fournier","1610612753","Orlando Magic",2019,"0021801203","20190407",-9.6,29.65,TRUE
203095,"Evan Fournier","1610612753","Orlando Magic",2019,"0021801203","20190407",1.3,5.95,TRUE
203095,"Evan Fournier","1610612753","Orlando Magic",2019,"0021801203","20190407",-14,28.45,FALSE
203095,"Evan Fournier","1610612753","Orlando Magic",2019,"0021801203","20190407",20.7,11.15,FALSE
203095,"Evan Fournier","1610612753","Orlando Magic",2019,"0021801203","20190407",-0.6,5.95,TRUE
203095,"Evan Fournier","1610612753","Orlando Magic",2019,"0021801203","20190407",0.9,12.85,FALSE
203095,"Evan Fournier","1610612753","Orlando Magic",2019,"0021801203","20190407",9.3,29.65,FALSE
203095,"Evan Fournier","1610612753","Orlando Magic",2019,"0021801203","20190407",-4.1,8.35,TRUE
203095,"Evan Fournier","1610612753","Orlando Magic",2019,"0021801203","20190407",0.2,5.95,TRUE
203095,"Evan Fournier","1610612753","Orlando Magic",2019,"0021801222","20190410",-0.9,6.65,TRUE
203095,"Evan Fournier","1610612753","Orlando Magic",2019,"0021801222","20190410",12,26.65,FALSE
203095,"Evan Fournier","1610612753","Orlando Magic",2019,"0021801222","20190410",-0.1,7.45,TRUE
203095,"Evan Fournier","1610612753","Orlando Magic",2019,"0021801222","20190410",2.1,24.55,FALSE
203095,"Evan Fournier","1610612753","Orlando Magic",2019,"0021801222","20190410",-7.2,30.05,FALSE
203095,"Evan Fournier","1610612753","Orlando Magic",2019,"0021801222","20190410",1,14.75,TRUE
203095,"Evan Fournier","1610612753","Orlando Magic",2019,"0021801222","20190410",0.2,15.35,FALSE
203095,"Evan Fournier","1610612753","Orlando Magic",2019,"0021801222","20190410",0.5,5.65,TRUE
203095,"Evan Fournier","1610612753","Orlando Magic",2019,"0021801222","20190410",10.9,29.35,FALSE
203095,"Evan Fournier","1610612753","Orlando Magic",2019,"0021801222","20190410",1.3,7.05,TRUE
203095,"Evan Fournier","1610612753","Orlando Magic",2019,"0021801222","20190410",23.1,7.05,FALSE
203095,"Evan Fournier","1610612753","Orlando Magic",2019,"0021801222","20190410",-4.8,20.65,TRUE
203095,"Evan Fournier","1610612753","Orlando Magic",2019,"0021801222","20190410",-3.3,6.55,FALSE
203095,"Evan Fournier","1610612753","Orlando Magic",2019,"0021801222","20190410",-1.1,10.25,FALSE
203095,"Evan Fournier","1610612753","Orlando Magic",2019,"0021801222","20190410",17.9,23.85,FALSE
203095,"Evan Fournier","1610612753","Orlando Magic",2020,"0021900005","20191023",-2.7,30.85,TRUE
203095,"Evan Fournier","1610612753","Orlando Magic",2020,"0021900005","20191023",1.1,5.65,TRUE
203095,"Evan Fournier","1610612753","Orlando Magic",2020,"0021900005","20191023",8.7,15.85,FALSE
203095,"Evan Fournier","1610612753","Orlando Magic",2020,"0021900005","20191023",12.6,27.75,TRUE
203095,"Evan Fournier","1610612753","Orlando Magic",2020,"0021900005","20191023",-23,4.85,FALSE
203095,"Evan Fournier","1610612753","Orlando Magic",2020,"0021900005","20191023",-7,12.85,TRUE
203095,"Evan Fournier","1610612753","Orlando Magic",2020,"0021900005","20191023",-1.1,8.45,TRUE
203095,"Evan Fournier","1610612753","Orlando Magic",2020,"0021900005","20191023",0.5,10.05,FALSE
203095,"Evan Fournier","1610612753","Orlando Magic",2020,"0021900005","20191023",3.6,4.05,FALSE
203095,"Evan Fournier","1610612753","Orlando Magic",2020,"0021900005","20191023",8.9,9.35,TRUE
203095,"Evan Fournier","1610612753","Orlando Magic",2020,"0021900005","20191023",2.7,17.15,TRUE
203095,"Evan Fournier","1610612753","Orlando Magic",2020,"0021900005","20191023",-8.2,11.65,FALSE
203095,"Evan Fournier","1610612753","Orlando Magic",2020,"0021900005","20191023",-0.9,31.45,FALSE
203095,"Evan Fournier","1610612753","Orlando Magic",2020,"0021900028","20191026",-10.6,28.45,TRUE
203095,"Evan Fournier","1610612753","Orlando Magic",2020,"0021900028","20191026",-4,15.25,FALSE
203095,"Evan Fournier","1610612753","Orlando Magic",2020,"0021900028","20191026",-0.5,6.55,TRUE
203095,"Evan Fournier","1610612753","Orlando Magic",2020,"0021900028","20191026",-3.5,14.55,TRUE
203095,"Evan Fournier","1610612753","Orlando Magic",2020,"0021900028","20191026",-0.9,6.95,FALSE
203095,"Evan Fournier","1610612753","Orlando Magic",2020,"0021900028","20191026",5.4,30.35,FALSE
203095,"Evan Fournier","1610612753","Orlando Magic",2020,"0021900028","20191026",14.2,18.25,FALSE
203095,"Evan Fournier","1610612753","Orlando Magic",2020,"0021900028","20191026",-0.3,7.05,TRUE
203095,"Evan Fournier","1610612753","Orlando Magic",2020,"0021900028","20191026",0.1,6.45,TRUE
203095,"Evan Fournier","1610612753","Orlando Magic",2020,"0021900028","20191026",-6.8,29.35,FALSE
203095,"Evan Fournier","1610612753","Orlando Magic",2020,"0021900028","20191026",2.9,7.75,TRUE
203095,"Evan Fournier","1610612753","Orlando Magic",2020,"0021900028","20191026",0.7,6.55,TRUE
203095,"Evan Fournier","1610612753","Orlando Magic",2020,"0021900028","20191026",0.8,21.75,FALSE
203095,"Evan Fournier","1610612753","Orlando Magic",2020,"0021900028","20191026",1.7,7.55,FALSE
203095,"Evan Fournier","1610612753","Orlando Magic",2020,"0021900028","20191026",8.1,29.85,FALSE
203095,"Evan Fournier","1610612753","Orlando Magic",2020,"0021900028","20191026",-3.2,30.35,FALSE
203095,"Evan Fournier","1610612753","Orlando Magic",2020,"0021900028","20191026",1.1,6.35,TRUE
203095,"Evan Fournier","1610612753","Orlando Magic",2020,"0021900028","20191026",-15.4,25.35,FALSE
203095,"Evan Fournier","1610612753","Orlando Magic",2020,"0021900044","20191028",14.4,25.85,FALSE
203095,"Evan Fournier","1610612753","Orlando Magic",2020,"0021900044","20191028",7.8,29.85,FALSE
203095,"Evan Fournier","1610612753","Orlando Magic",2020,"0021900044","20191028",-3,12.75,FALSE
203095,"Evan Fournier","1610612753","Orlando Magic",2020,"0021900044","20191028",-16,26.05,FALSE
203095,"Evan Fournier","1610612753","Orlando Magic",2020,"0021900044","20191028",20.9,17.95,FALSE
203095,"Evan Fournier","1610612753","Orlando Magic",2020,"0021900044","20191028",-0.6,6.15,TRUE
203095,"Evan Fournier","1610612753","Orlando Magic",2020,"0021900044","20191028",-3.9,8.15,TRUE
203095,"Evan Fournier","1610612753","Orlando Magic",2020,"0021900044","20191028",16.1,17.95,TRUE
203095,"Evan Fournier","1610612753","Orlando Magic",2020,"0021900044","20191028",-16.2,25.45,FALSE
203095,"Evan Fournier","1610612753","Orlando Magic",2020,"0021900044","20191028",1.6,8.65,TRUE
203095,"Evan Fournier","1610612753","Orlando Magic",2020,"0021900044","20191028",-0.6,10.05,TRUE
203095,"Evan Fournier","1610612753","Orlando Magic",2020,"0021900044","20191028",9,32.95,TRUE
203095,"Evan Fournier","1610612753","Orlando Magic",2020,"0021900044","20191028",1.3,5.35,TRUE
203095,"Evan Fournier","1610612753","Orlando Magic",2020,"0021900044","20191028",3.3,8.95,FALSE
203095,"Evan Fournier","1610612753","Orlando Magic",2020,"0021900044","20191028",9.5,31.55,FALSE
203095,"Evan Fournier","1610612753","Orlando Magic",2020,"0021900056","20191030",-1.8,15.25,FALSE
203095,"Evan Fournier","1610612753","Orlando Magic",2020,"0021900056","20191030",-1.9,26.75,FALSE
203095,"Evan Fournier","1610612753","Orlando Magic",2020,"0021900056","20191030",0.4,6.35,TRUE
203095,"Evan Fournier","1610612753","Orlando Magic",2020,"0021900056","20191030",-2,8.65,TRUE
203095,"Evan Fournier","1610612753","Orlando Magic",2020,"0021900056","20191030",1,30.25,TRUE
203095,"Evan Fournier","1610612753","Orlando Magic",2020,"0021900056","20191030",0,20.25,FALSE
203095,"Evan Fournier","1610612753","Orlando Magic",2020,"0021900056","20191030",-2.5,15.75,FALSE
203095,"Evan Fournier","1610612753","Orlando Magic",2020,"0021900056","20191030",22.9,13.15,TRUE
203095,"Evan Fournier","1610612753","Orlando Magic",2020,"0021900056","20191030",1.1,9.35,FALSE
203095,"Evan Fournier","1610612753","Orlando Magic",2020,"0021900056","20191030",-16.1,25.65,FALSE
203095,"Evan Fournier","1610612753","Orlando Magic",2020,"0021900056","20191030",-14.3,4.45,TRUE
203095,"Evan Fournier","1610612753","Orlando Magic",2020,"0021900056","20191030",-23.1,11.15,FALSE
203095,"Evan Fournier","1610612753","Orlando Magic",2020,"0021900071","20191101",14.5,20.15,TRUE
203095,"Evan Fournier","1610612753","Orlando Magic",2020,"0021900071","20191101",22.8,12.15,TRUE
203095,"Evan Fournier","1610612753","Orlando Magic",2020,"0021900071","20191101",6.2,30.15,TRUE
203095,"Evan Fournier","1610612753","Orlando Magic",2020,"0021900071","20191101",-4.8,15.75,TRUE
203095,"Evan Fournier","1610612753","Orlando Magic",2020,"0021900071","20191101",14.5,26.95,FALSE
203095,"Evan Fournier","1610612753","Orlando Magic",2020,"0021900071","20191101",5.2,13.25,TRUE
203095,"Evan Fournier","1610612753","Orlando Magic",2020,"0021900071","20191101",22.5,6.55,FALSE
203095,"Evan Fournier","1610612753","Orlando Magic",2020,"0021900071","20191101",-8.5,13.15,FALSE
203095,"Evan Fournier","1610612753","Orlando Magic",2020,"0021900071","20191101",-23.6,9.55,FALSE
203095,"Evan Fournier","1610612753","Orlando Magic",2020,"0021900071","20191101",17.4,23.45,TRUE
203095,"Evan Fournier","1610612753","Orlando Magic",2020,"0021900071","20191101",16.9,23.55,FALSE
203095,"Evan Fournier","1610612753","Orlando Magic",2020,"0021900071","20191101",2.7,30.05,TRUE
203095,"Evan Fournier","1610612753","Orlando Magic",2020,"0021900079","20191102",17.8,3.75,FALSE
203095,"Evan Fournier","1610612753","Orlando Magic",2020,"0021900079","20191102",-6.9,23.25,TRUE
203095,"Evan Fournier","1610612753","Orlando Magic",2020,"0021900079","20191102",2.9,14.25,FALSE
203095,"Evan Fournier","1610612753","Orlando Magic",2020,"0021900079","20191102",-6.8,24.75,TRUE
203095,"Evan Fournier","1610612753","Orlando Magic",2020,"0021900079","20191102",5.1,31.05,FALSE
203095,"Evan Fournier","1610612753","Orlando Magic",2020,"0021900079","20191102",-1.1,31.25,TRUE
203095,"Evan Fournier","1610612753","Orlando Magic",2020,"0021900079","20191102",6.6,16.85,FALSE
203095,"Evan Fournier","1610612753","Orlando Magic",2020,"0021900079","20191102",12.5,29.15,FALSE
203095,"Evan Fournier","1610612753","Orlando Magic",2020,"0021900079","20191102",14.8,33.75,FALSE
203095,"Evan Fournier","1610612753","Orlando Magic",2020,"0021900079","20191102",13.4,24.25,TRUE
203095,"Evan Fournier","1610612753","Orlando Magic",2020,"0021900079","20191102",0,7.85,TRUE
203095,"Evan Fournier","1610612753","Orlando Magic",2020,"0021900079","20191102",13,27.75,FALSE
203095,"Evan Fournier","1610612753","Orlando Magic",2020,"0021900101","20191105",4.9,31.95,FALSE
203095,"Evan Fournier","1610612753","Orlando Magic",2020,"0021900101","20191105",-1.3,7.45,FALSE
203095,"Evan Fournier","1610612753","Orlando Magic",2020,"0021900101","20191105",3.7,29.95,FALSE
203095,"Evan Fournier","1610612753","Orlando Magic",2020,"0021900101","20191105",-1.2,6.75,FALSE
203095,"Evan Fournier","1610612753","Orlando Magic",2020,"0021900101","20191105",0.9,5.55,FALSE
203095,"Evan Fournier","1610612753","Orlando Magic",2020,"0021900101","20191105",-7,18.95,FALSE
203095,"Evan Fournier","1610612753","Orlando Magic",2020,"0021900101","20191105",11.1,14.55,FALSE
203095,"Evan Fournier","1610612753","Orlando Magic",2020,"0021900109","20191106",0.4,20.35,FALSE
203095,"Evan Fournier","1610612753","Orlando Magic",2020,"0021900109","20191106",10.1,30.95,TRUE
203095,"Evan Fournier","1610612753","Orlando Magic",2020,"0021900109","20191106",-7.3,29.85,FALSE
203095,"Evan Fournier","1610612753","Orlando Magic",2020,"0021900109","20191106",-1.1,12.85,TRUE
203095,"Evan Fournier","1610612753","Orlando Magic",2020,"0021900109","20191106",0.9,5.35,TRUE
203095,"Evan Fournier","1610612753","Orlando Magic",2020,"0021900117","20191108",16.5,6.75,TRUE
203095,"Evan Fournier","1610612753","Orlando Magic",2020,"0021900117","20191108",-0.8,7.35,FALSE
203095,"Evan Fournier","1610612753","Orlando Magic",2020,"0021900117","20191108",0.5,14.45,TRUE
203095,"Evan Fournier","1610612753","Orlando Magic",2020,"0021900117","20191108",-1.9,7.35,FALSE
203095,"Evan Fournier","1610612753","Orlando Magic",2020,"0021900117","20191108",-14.1,18.35,FALSE
203095,"Evan Fournier","1610612753","Orlando Magic",2020,"0021900117","20191108",0.1,6.85,FALSE
203095,"Evan Fournier","1610612753","Orlando Magic",2020,"0021900117","20191108",-1,8.45,TRUE
203095,"Evan Fournier","1610612753","Orlando Magic",2020,"0021900117","20191108",-13.1,27.85,TRUE
203095,"Evan Fournier","1610612753","Orlando Magic",2020,"0021900117","20191108",7.1,29.85,TRUE
203095,"Evan Fournier","1610612753","Orlando Magic",2020,"0021900117","20191108",16.5,24.15,FALSE
203095,"Evan Fournier","1610612753","Orlando Magic",2020,"0021900117","20191108",0,14.15,TRUE
203095,"Evan Fournier","1610612753","Orlando Magic",2020,"0021900117","20191108",8.2,30.45,FALSE
203095,"Evan Fournier","1610612753","Orlando Magic",2020,"0021900117","20191108",12.8,22.85,TRUE
203095,"Evan Fournier","1610612753","Orlando Magic",2020,"0021900133","20191110",14.1,25.85,TRUE
203095,"Evan Fournier","1610612753","Orlando Magic",2020,"0021900133","20191110",12.2,3.25,FALSE
203095,"Evan Fournier","1610612753","Orlando Magic",2020,"0021900133","20191110",0.8,26.05,TRUE
203095,"Evan Fournier","1610612753","Orlando Magic",2020,"0021900133","20191110",-13,27.75,TRUE
203095,"Evan Fournier","1610612753","Orlando Magic",2020,"0021900133","20191110",6.5,30.75,TRUE
203095,"Evan Fournier","1610612753","Orlando Magic",2020,"0021900133","20191110",1.8,22.75,FALSE
203095,"Evan Fournier","1610612753","Orlando Magic",2020,"0021900133","20191110",12.7,27.45,TRUE
203095,"Evan Fournier","1610612753","Orlando Magic",2020,"0021900133","20191110",-22.8,8.45,FALSE
203095,"Evan Fournier","1610612753","Orlando Magic",2020,"0021900133","20191110",-0.4,7.05,FALSE
203095,"Evan Fournier","1610612753","Orlando Magic",2020,"0021900133","20191110",-1.5,10.75,FALSE
203095,"Evan Fournier","1610612753","Orlando Magic",2020,"0021900133","20191110",-1,30.35,TRUE
203095,"Evan Fournier","1610612753","Orlando Magic",2020,"0021900133","20191110",-8.1,28.75,TRUE
203095,"Evan Fournier","1610612753","Orlando Magic",2020,"0021900133","20191110",10.4,29.35,FALSE
203095,"Evan Fournier","1610612753","Orlando Magic",2020,"0021900155","20191113",14.9,27.95,FALSE
203095,"Evan Fournier","1610612753","Orlando Magic",2020,"0021900155","20191113",-8.6,12.85,TRUE
203095,"Evan Fournier","1610612753","Orlando Magic",2020,"0021900155","20191113",-2.9,6.85,TRUE
203095,"Evan Fournier","1610612753","Orlando Magic",2020,"0021900155","20191113",0.7,8.65,TRUE
203095,"Evan Fournier","1610612753","Orlando Magic",2020,"0021900155","20191113",4,8.55,FALSE
203095,"Evan Fournier","1610612753","Orlando Magic",2020,"0021900155","20191113",-4,31.95,FALSE
203095,"Evan Fournier","1610612753","Orlando Magic",2020,"0021900155","20191113",1.4,8.65,TRUE
203095,"Evan Fournier","1610612753","Orlando Magic",2020,"0021900155","20191113",9.5,29.55,FALSE
203095,"Evan Fournier","1610612753","Orlando Magic",2020,"0021900155","20191113",-0.2,29.85,FALSE
203095,"Evan Fournier","1610612753","Orlando Magic",2020,"0021900155","20191113",-24,13.05,TRUE
203095,"Evan Fournier","1610612753","Orlando Magic",2020,"0021900168","20191115",11.1,20.45,TRUE
203095,"Evan Fournier","1610612753","Orlando Magic",2020,"0021900168","20191115",1.1,7.05,TRUE
203095,"Evan Fournier","1610612753","Orlando Magic",2020,"0021900168","20191115",-0.4,13.15,FALSE
203095,"Evan Fournier","1610612753","Orlando Magic",2020,"0021900168","20191115",6.3,13.75,FALSE
203095,"Evan Fournier","1610612753","Orlando Magic",2020,"0021900168","20191115",13.4,20.55,FALSE
203095,"Evan Fournier","1610612753","Orlando Magic",2020,"0021900168","20191115",-1,6.25,TRUE
203095,"Evan Fournier","1610612753","Orlando Magic",2020,"0021900168","20191115",16.4,23.75,TRUE
203095,"Evan Fournier","1610612753","Orlando Magic",2020,"0021900168","20191115",-2.6,30.95,FALSE
203095,"Evan Fournier","1610612753","Orlando Magic",2020,"0021900168","20191115",0.2,15.15,FALSE
203095,"Evan Fournier","1610612753","Orlando Magic",2020,"0021900168","20191115",23.2,2.15,TRUE
203095,"Evan Fournier","1610612753","Orlando Magic",2020,"0021900168","20191115",21.4,17.65,TRUE
203095,"Evan Fournier","1610612753","Orlando Magic",2020,"0021900168","20191115",-3,7.45,FALSE
203095,"Evan Fournier","1610612753","Orlando Magic",2020,"0021900168","20191115",0.2,19.35,TRUE
203095,"Evan Fournier","1610612753","Orlando Magic",2020,"0021900168","20191115",-5,30.45,TRUE
203095,"Evan Fournier","1610612753","Orlando Magic",2020,"0021900168","20191115",-21.4,19.95,TRUE
203095,"Evan Fournier","1610612753","Orlando Magic",2020,"0021900185","20191117",-13.9,30.85,FALSE
203095,"Evan Fournier","1610612753","Orlando Magic",2020,"0021900185","20191117",1.8,29.85,TRUE
203095,"Evan Fournier","1610612753","Orlando Magic",2020,"0021900185","20191117",-2.3,10.45,FALSE
203095,"Evan Fournier","1610612753","Orlando Magic",2020,"0021900185","20191117",4.2,23.75,TRUE
203095,"Evan Fournier","1610612753","Orlando Magic",2020,"0021900185","20191117",5.6,30.55,TRUE
203095,"Evan Fournier","1610612753","Orlando Magic",2020,"0021900185","20191117",16,26.25,FALSE
203095,"Evan Fournier","1610612753","Orlando Magic",2020,"0021900185","20191117",-1.1,11.05,FALSE
203095,"Evan Fournier","1610612753","Orlando Magic",2020,"0021900185","20191117",-1.1,7.85,FALSE
203095,"Evan Fournier","1610612753","Orlando Magic",2020,"0021900185","20191117",-12,28.85,TRUE
203095,"Evan Fournier","1610612753","Orlando Magic",2020,"0021900185","20191117",-15.8,15.45,TRUE
203095,"Evan Fournier","1610612753","Orlando Magic",2020,"0021900185","20191117",23,7.05,TRUE
203095,"Evan Fournier","1610612753","Orlando Magic",2020,"0021900185","20191117",-19.3,21.05,FALSE
203095,"Evan Fournier","1610612753","Orlando Magic",2020,"0021900185","20191117",11.2,28.85,TRUE
203095,"Evan Fournier","1610612753","Orlando Magic",2020,"0021900207","20191120",-0.3,9.35,TRUE
203095,"Evan Fournier","1610612753","Orlando Magic",2020,"0021900207","20191120",-0.8,9.95,TRUE
203095,"Evan Fournier","1610612753","Orlando Magic",2020,"0021900207","20191120",0.5,30.45,TRUE
203095,"Evan Fournier","1610612753","Orlando Magic",2020,"0021900207","20191120",23,7.65,TRUE
203095,"Evan Fournier","1610612753","Orlando Magic",2020,"0021900207","20191120",-3.6,16.85,FALSE
203095,"Evan Fournier","1610612753","Orlando Magic",2020,"0021900207","20191120",2.1,31.05,FALSE
203095,"Evan Fournier","1610612753","Orlando Magic",2020,"0021900207","20191120",-0.8,24.55,FALSE
203095,"Evan Fournier","1610612753","Orlando Magic",2020,"0021900207","20191120",0.2,11.55,FALSE
203095,"Evan Fournier","1610612753","Orlando Magic",2020,"0021900207","20191120",5.7,17.55,TRUE
203095,"Evan Fournier","1610612753","Orlando Magic",2020,"0021900207","20191120",-1,6.05,FALSE
203095,"Evan Fournier","1610612753","Orlando Magic",2020,"0021900207","20191120",16,23.65,FALSE
203095,"Evan Fournier","1610612753","Orlando Magic",2020,"0021900207","20191120",0.2,30.45,TRUE
203095,"Evan Fournier","1610612753","Orlando Magic",2020,"0021900207","20191120",2.7,16.55,FALSE
203095,"Evan Fournier","1610612753","Orlando Magic",2020,"0021900207","20191120",-2,5.15,TRUE
203095,"Evan Fournier","1610612753","Orlando Magic",2020,"0021900207","20191120",-3.6,29.65,FALSE
203095,"Evan Fournier","1610612753","Orlando Magic",2020,"0021900227","20191123",-0.9,6.15,FALSE
203095,"Evan Fournier","1610612753","Orlando Magic",2020,"0021900227","20191123",-7.6,28.95,TRUE
203095,"Evan Fournier","1610612753","Orlando Magic",2020,"0021900227","20191123",0,7.85,FALSE
203095,"Evan Fournier","1610612753","Orlando Magic",2020,"0021900227","20191123",1,17.25,TRUE
203095,"Evan Fournier","1610612753","Orlando Magic",2020,"0021900227","20191123",0.2,8.85,FALSE
203095,"Evan Fournier","1610612753","Orlando Magic",2020,"0021900227","20191123",-1.9,18.45,TRUE
203095,"Evan Fournier","1610612753","Orlando Magic",2020,"0021900227","20191123",0.6,6.15,FALSE
203095,"Evan Fournier","1610612753","Orlando Magic",2020,"0021900227","20191123",23.6,6.25,FALSE
203095,"Evan Fournier","1610612753","Orlando Magic",2020,"0021900227","20191123",0.1,32.05,TRUE
203095,"Evan Fournier","1610612753","Orlando Magic",2020,"0021900227","20191123",10.1,29.85,FALSE
203095,"Evan Fournier","1610612753","Orlando Magic",2020,"0021900227","20191123",-1.9,30.55,FALSE
203095,"Evan Fournier","1610612753","Orlando Magic",2020,"0021900227","20191123",4.9,12.35,TRUE
203095,"Evan Fournier","1610612753","Orlando Magic",2020,"0021900227","20191123",-10.1,28.25,TRUE
203095,"Evan Fournier","1610612753","Orlando Magic",2020,"0021900227","20191123",11.9,20.45,TRUE
203095,"Evan Fournier","1610612753","Orlando Magic",2020,"0021900227","20191123",-2.2,20.55,TRUE
203095,"Evan Fournier","1610612753","Orlando Magic",2020,"0021900227","20191123",-23.4,7.75,TRUE
203095,"Evan Fournier","1610612753","Orlando Magic",2020,"0021900227","20191123",-2,22.75,TRUE
203095,"Evan Fournier","1610612753","Orlando Magic",2020,"0021900227","20191123",-1.3,6.75,TRUE
203095,"Evan Fournier","1610612753","Orlando Magic",2020,"0021900227","20191123",14.7,26.45,FALSE
203095,"Evan Fournier","1610612753","Orlando Magic",2020,"0021900227","20191123",11.5,29.45,FALSE
203095,"Evan Fournier","1610612753","Orlando Magic",2020,"0021900227","20191123",-2.9,10.95,FALSE
203095,"Evan Fournier","1610612753","Orlando Magic",2020,"0021900227","20191123",-1.5,32.15,FALSE
203095,"Evan Fournier","1610612753","Orlando Magic",2020,"0021900227","20191123",-2.1,20.65,FALSE
203095,"Evan Fournier","1610612753","Orlando Magic",2020,"0021900241","20191125",-12.6,18.45,FALSE
203095,"Evan Fournier","1610612753","Orlando Magic",2020,"0021900241","20191125",12.2,11.35,TRUE
203095,"Evan Fournier","1610612753","Orlando Magic",2020,"0021900241","20191125",10.7,14.15,FALSE
203095,"Evan Fournier","1610612753","Orlando Magic",2020,"0021900241","20191125",11.2,9.25,TRUE
203095,"Evan Fournier","1610612753","Orlando Magic",2020,"0021900241","20191125",17.1,24.75,FALSE
203095,"Evan Fournier","1610612753","Orlando Magic",2020,"0021900241","20191125",-0.5,8.65,TRUE
203095,"Evan Fournier","1610612753","Orlando Magic",2020,"0021900241","20191125",14.1,26.55,FALSE
203095,"Evan Fournier","1610612753","Orlando Magic",2020,"0021900241","20191125",14.5,14.25,TRUE
203095,"Evan Fournier","1610612753","Orlando Magic",2020,"0021900241","20191125",0.6,6.35,FALSE
203095,"Evan Fournier","1610612753","Orlando Magic",2020,"0021900241","20191125",7.7,14.75,FALSE
203095,"Evan Fournier","1610612753","Orlando Magic",2020,"0021900241","20191125",-12.4,27.45,FALSE
203095,"Evan Fournier","1610612753","Orlando Magic",2020,"0021900241","20191125",10.4,28.95,FALSE
203095,"Evan Fournier","1610612753","Orlando Magic",2020,"0021900241","20191125",11.9,14.75,TRUE
203095,"Evan Fournier","1610612753","Orlando Magic",2020,"0021900241","20191125",-2.2,7.05,FALSE
203095,"Evan Fournier","1610612753","Orlando Magic",2020,"0021900241","20191125",5,27.55,FALSE
203095,"Evan Fournier","1610612753","Orlando Magic",2020,"0021900241","20191125",-14.9,26.95,FALSE
203095,"Evan Fournier","1610612753","Orlando Magic",2020,"0021900255","20191127",-8.3,14.55,TRUE
203095,"Evan Fournier","1610612753","Orlando Magic",2020,"0021900255","20191127",9.3,29.85,FALSE
203095,"Evan Fournier","1610612753","Orlando Magic",2020,"0021900255","20191127",-9.9,22.05,FALSE
203095,"Evan Fournier","1610612753","Orlando Magic",2020,"0021900255","20191127",22.6,6.25,TRUE
203095,"Evan Fournier","1610612753","Orlando Magic",2020,"0021900255","20191127",-14.1,5.55,TRUE
203095,"Evan Fournier","1610612753","Orlando Magic",2020,"0021900255","20191127",23.9,5.55,TRUE
203095,"Evan Fournier","1610612753","Orlando Magic",2020,"0021900255","20191127",-11.2,30.75,FALSE
203095,"Evan Fournier","1610612753","Orlando Magic",2020,"0021900255","20191127",23.1,4.05,TRUE
203095,"Evan Fournier","1610612753","Orlando Magic",2020,"0021900255","20191127",0.4,6.25,TRUE
203095,"Evan Fournier","1610612753","Orlando Magic",2020,"0021900255","20191127",-3.5,16.55,FALSE
203095,"Evan Fournier","1610612753","Orlando Magic",2020,"0021900255","20191127",-19.5,17.25,FALSE
203095,"Evan Fournier","1610612753","Orlando Magic",2020,"0021900255","20191127",2.7,24.05,FALSE
203095,"Evan Fournier","1610612753","Orlando Magic",2020,"0021900255","20191127",22.3,3.65,FALSE
203095,"Evan Fournier","1610612753","Orlando Magic",2020,"0021900255","20191127",-3.9,23.25,TRUE
203095,"Evan Fournier","1610612753","Orlando Magic",2020,"0021900255","20191127",14.1,26.15,FALSE
203095,"Evan Fournier","1610612753","Orlando Magic",2020,"0021900255","20191127",-13.8,26.65,TRUE
203095,"Evan Fournier","1610612753","Orlando Magic",2020,"0021900255","20191127",-2.4,16.45,TRUE
203095,"Evan Fournier","1610612753","Orlando Magic",2020,"0021900255","20191127",-7.9,14.85,TRUE
203095,"Evan Fournier","1610612753","Orlando Magic",2020,"0021900255","20191127",-1.1,5.85,FALSE
203095,"Evan Fournier","1610612753","Orlando Magic",2020,"0021900255","20191127",16.4,4.85,FALSE
203095,"Evan Fournier","1610612753","Orlando Magic",2020,"0021900255","20191127",0.5,11.65,FALSE
203095,"Evan Fournier","1610612753","Orlando Magic",2020,"0021900255","20191127",19.5,23.35,FALSE
203095,"Evan Fournier","1610612753","Orlando Magic",2020,"0021900269","20191129",20.4,20.95,TRUE
203095,"Evan Fournier","1610612753","Orlando Magic",2020,"0021900269","20191129",-9.4,17.25,TRUE
203095,"Evan Fournier","1610612753","Orlando Magic",2020,"0021900269","20191129",-18.1,23.25,FALSE
203095,"Evan Fournier","1610612753","Orlando Magic",2020,"0021900269","20191129",17.4,23.75,FALSE
203095,"Evan Fournier","1610612753","Orlando Magic",2020,"0021900269","20191129",-7.6,29.65,FALSE
203095,"Evan Fournier","1610612753","Orlando Magic",2020,"0021900269","20191129",14.8,25.95,FALSE
203095,"Evan Fournier","1610612753","Orlando Magic",2020,"0021900269","20191129",-0.3,13.25,FALSE
203095,"Evan Fournier","1610612753","Orlando Magic",2020,"0021900269","20191129",0,7.25,TRUE
203095,"Evan Fournier","1610612753","Orlando Magic",2020,"0021900269","20191129",0.9,31.55,FALSE
203095,"Evan Fournier","1610612753","Orlando Magic",2020,"0021900290","20191201",1.6,7.35,FALSE
203095,"Evan Fournier","1610612753","Orlando Magic",2020,"0021900290","20191201",-0.5,15.55,TRUE
203095,"Evan Fournier","1610612753","Orlando Magic",2020,"0021900290","20191201",-10.1,29.95,FALSE
203095,"Evan Fournier","1610612753","Orlando Magic",2020,"0021900290","20191201",0.2,6.65,TRUE
203095,"Evan Fournier","1610612753","Orlando Magic",2020,"0021900290","20191201",-0.6,5.05,TRUE
203095,"Evan Fournier","1610612753","Orlando Magic",2020,"0021900290","20191201",0.4,15.05,FALSE
203095,"Evan Fournier","1610612753","Orlando Magic",2020,"0021900290","20191201",12.3,28.75,TRUE
203095,"Evan Fournier","1610612753","Orlando Magic",2020,"0021900290","20191201",-4.5,15.25,TRUE
203095,"Evan Fournier","1610612753","Orlando Magic",2020,"0021900290","20191201",22.6,4.85,FALSE
203095,"Evan Fournier","1610612753","Orlando Magic",2020,"0021900290","20191201",1.4,5.25,TRUE
203095,"Evan Fournier","1610612753","Orlando Magic",2020,"0021900290","20191201",-3,12.05,FALSE
203095,"Evan Fournier","1610612753","Orlando Magic",2020,"0021900290","20191201",15,21.15,TRUE
203095,"Evan Fournier","1610612753","Orlando Magic",2020,"0021900290","20191201",0.2,30.95,TRUE
203095,"Evan Fournier","1610612753","Orlando Magic",2020,"0021900290","20191201",10.7,31.05,FALSE
203095,"Evan Fournier","1610612753","Orlando Magic",2020,"0021900290","20191201",-9.3,29.85,TRUE
203095,"Evan Fournier","1610612753","Orlando Magic",2020,"0021900290","20191201",-15.5,27.45,TRUE
203095,"Evan Fournier","1610612753","Orlando Magic",2020,"0021900290","20191201",-22.8,7.45,TRUE
203095,"Evan Fournier","1610612753","Orlando Magic",2020,"0021900290","20191201",-17.6,8.15,FALSE
203095,"Evan Fournier","1610612753","Orlando Magic",2020,"0021900290","20191201",-1.1,31.65,TRUE
203095,"Evan Fournier","1610612753","Orlando Magic",2020,"0021900290","20191201",3.3,31.05,FALSE
203095,"Evan Fournier","1610612753","Orlando Magic",2020,"0021900290","20191201",-0.9,5.75,TRUE
203095,"Evan Fournier","1610612753","Orlando Magic",2020,"0021900300","20191203",-1.7,31.65,TRUE
203095,"Evan Fournier","1610612753","Orlando Magic",2020,"0021900300","20191203",4.1,23.15,TRUE
203095,"Evan Fournier","1610612753","Orlando Magic",2020,"0021900300","20191203",19.2,23.15,FALSE
203095,"Evan Fournier","1610612753","Orlando Magic",2020,"0021900300","20191203",-7.7,14.45,FALSE
203095,"Evan Fournier","1610612753","Orlando Magic",2020,"0021900300","20191203",-1.9,6.85,TRUE
203095,"Evan Fournier","1610612753","Orlando Magic",2020,"0021900300","20191203",1.3,9.55,TRUE
203095,"Evan Fournier","1610612753","Orlando Magic",2020,"0021900300","20191203",-1.2,7.85,TRUE
203095,"Evan Fournier","1610612753","Orlando Magic",2020,"0021900300","20191203",22.8,12.15,TRUE
203095,"Evan Fournier","1610612753","Orlando Magic",2020,"0021900300","20191203",-0.9,7.75,FALSE
203095,"Evan Fournier","1610612753","Orlando Magic",2020,"0021900300","20191203",14.4,27.05,TRUE
203095,"Evan Fournier","1610612753","Orlando Magic",2020,"0021900300","20191203",-22.6,10.45,TRUE
203095,"Evan Fournier","1610612753","Orlando Magic",2020,"0021900300","20191203",17.6,25.85,FALSE
203095,"Evan Fournier","1610612753","Orlando Magic",2020,"0021900300","20191203",-4.3,10.15,FALSE
203095,"Evan Fournier","1610612753","Orlando Magic",2020,"0021900300","20191203",23.4,5.25,TRUE
203095,"Evan Fournier","1610612753","Orlando Magic",2020,"0021900300","20191203",6.7,31.15,TRUE
203095,"Evan Fournier","1610612753","Orlando Magic",2020,"0021900300","20191203",1.1,6.85,TRUE
203095,"Evan Fournier","1610612753","Orlando Magic",2020,"0021900300","20191203",9.2,23.65,FALSE
203095,"Evan Fournier","1610612753","Orlando Magic",2020,"0021900300","20191203",2.2,7.95,FALSE
203095,"Evan Fournier","1610612753","Orlando Magic",2020,"0021900308","20191204",1.4,6.45,TRUE
203095,"Evan Fournier","1610612753","Orlando Magic",2020,"0021900308","20191204",22.5,7.25,FALSE
203095,"Evan Fournier","1610612753","Orlando Magic",2020,"0021900308","20191204",-2,30.55,FALSE
203095,"Evan Fournier","1610612753","Orlando Magic",2020,"0021900308","20191204",19.7,21.25,FALSE
203095,"Evan Fournier","1610612753","Orlando Magic",2020,"0021900308","20191204",16.9,24.85,FALSE
203095,"Evan Fournier","1610612753","Orlando Magic",2020,"0021900308","20191204",1.3,19.15,TRUE
203095,"Evan Fournier","1610612753","Orlando Magic",2020,"0021900308","20191204",0.7,8.65,FALSE
203095,"Evan Fournier","1610612753","Orlando Magic",2020,"0021900308","20191204",-1.9,6.55,TRUE
203095,"Evan Fournier","1610612753","Orlando Magic",2020,"0021900308","20191204",-2.8,14.15,TRUE
203095,"Evan Fournier","1610612753","Orlando Magic",2020,"0021900308","20191204",23,11.65,TRUE
203095,"Evan Fournier","1610612753","Orlando Magic",2020,"0021900308","20191204",-16.5,16.75,FALSE
203095,"Evan Fournier","1610612753","Orlando Magic",2020,"0021900308","20191204",22.3,2.75,TRUE
203095,"Evan Fournier","1610612753","Orlando Magic",2020,"0021900308","20191204",14.4,4.85,TRUE
203095,"Evan Fournier","1610612753","Orlando Magic",2020,"0021900308","20191204",-1.3,6.65,TRUE
203095,"Evan Fournier","1610612753","Orlando Magic",2020,"0021900308","20191204",5.3,29.95,TRUE
203095,"Evan Fournier","1610612753","Orlando Magic",2020,"0021900321","20191206",19.3,22.45,TRUE
203095,"Evan Fournier","1610612753","Orlando Magic",2020,"0021900321","20191206",0.4,13.05,FALSE
203095,"Evan Fournier","1610612753","Orlando Magic",2020,"0021900321","20191206",23.1,4.85,TRUE
203095,"Evan Fournier","1610612753","Orlando Magic",2020,"0021900321","20191206",16.9,24.65,FALSE
203095,"Evan Fournier","1610612753","Orlando Magic",2020,"0021900321","20191206",-5.7,8.35,TRUE
203095,"Evan Fournier","1610612753","Orlando Magic",2020,"0021900321","20191206",18,14.05,TRUE
203095,"Evan Fournier","1610612753","Orlando Magic",2020,"0021900321","20191206",2.9,8.25,FALSE
203095,"Evan Fournier","1610612753","Orlando Magic",2020,"0021900321","20191206",1,16.85,TRUE
203095,"Evan Fournier","1610612753","Orlando Magic",2020,"0021900321","20191206",-13.6,29.35,FALSE
203095,"Evan Fournier","1610612753","Orlando Magic",2020,"0021900321","20191206",-9.2,17.55,FALSE
203095,"Evan Fournier","1610612753","Orlando Magic",2020,"0021900321","20191206",-5.3,31.15,FALSE
203095,"Evan Fournier","1610612753","Orlando Magic",2020,"0021900321","20191206",2.8,10.15,TRUE
203095,"Evan Fournier","1610612753","Orlando Magic",2020,"0021900321","20191206",-1,6.35,FALSE
203095,"Evan Fournier","1610612753","Orlando Magic",2020,"0021900321","20191206",6.5,9.85,FALSE
203095,"Evan Fournier","1610612753","Orlando Magic",2020,"0021900321","20191206",-0.6,8.65,FALSE
203095,"Evan Fournier","1610612753","Orlando Magic",2020,"0021900347","20191209",0.5,25.45,TRUE
203095,"Evan Fournier","1610612753","Orlando Magic",2020,"0021900347","20191209",10.4,20.65,FALSE
203095,"Evan Fournier","1610612753","Orlando Magic",2020,"0021900347","20191209",9,20.65,FALSE
203095,"Evan Fournier","1610612753","Orlando Magic",2020,"0021900347","20191209",20.4,24.55,FALSE
203095,"Evan Fournier","1610612753","Orlando Magic",2020,"0021900347","20191209",0,5.85,TRUE
203095,"Evan Fournier","1610612753","Orlando Magic",2020,"0021900347","20191209",5.7,32.05,FALSE
203095,"Evan Fournier","1610612753","Orlando Magic",2020,"0021900347","20191209",10.7,12.75,FALSE
203095,"Evan Fournier","1610612753","Orlando Magic",2020,"0021900347","20191209",7.8,33.15,TRUE
203095,"Evan Fournier","1610612753","Orlando Magic",2020,"0021900347","20191209",14.8,28.45,TRUE
203095,"Evan Fournier","1610612753","Orlando Magic",2020,"0021900347","20191209",-0.7,15.15,TRUE
203095,"Evan Fournier","1610612753","Orlando Magic",2020,"0021900347","20191209",11.2,28.95,FALSE
203095,"Evan Fournier","1610612753","Orlando Magic",2020,"0021900347","20191209",-6.5,23.55,FALSE
203095,"Evan Fournier","1610612753","Orlando Magic",2020,"0021900347","20191209",-12.1,30.25,TRUE
203095,"Evan Fournier","1610612753","Orlando Magic",2020,"0021900347","20191209",6.7,20.45,FALSE
203095,"Evan Fournier","1610612753","Orlando Magic",2020,"0021900347","20191209",-0.3,6.75,FALSE
203095,"Evan Fournier","1610612753","Orlando Magic",2020,"0021900347","20191209",18.2,24.65,TRUE
203095,"Evan Fournier","1610612753","Orlando Magic",2020,"0021900347","20191209",-7.3,30.45,FALSE
203095,"Evan Fournier","1610612753","Orlando Magic",2020,"0021900358","20191211",10.8,28.25,FALSE
203095,"Evan Fournier","1610612753","Orlando Magic",2020,"0021900358","20191211",-1.3,6.65,TRUE
203095,"Evan Fournier","1610612753","Orlando Magic",2020,"0021900358","20191211",10.6,28.65,FALSE
203095,"Evan Fournier","1610612753","Orlando Magic",2020,"0021900358","20191211",0.3,12.45,TRUE
203095,"Evan Fournier","1610612753","Orlando Magic",2020,"0021900358","20191211",2.1,5.75,TRUE
203095,"Evan Fournier","1610612753","Orlando Magic",2020,"0021900358","20191211",2.1,7.25,FALSE
203095,"Evan Fournier","1610612753","Orlando Magic",2020,"0021900358","20191211",0.9,6.95,FALSE
203095,"Evan Fournier","1610612753","Orlando Magic",2020,"0021900358","20191211",14.4,26.05,FALSE
203095,"Evan Fournier","1610612753","Orlando Magic",2020,"0021900358","20191211",12.7,27.45,TRUE
203095,"Evan Fournier","1610612753","Orlando Magic",2020,"0021900358","20191211",-14.1,26.85,TRUE
203095,"Evan Fournier","1610612753","Orlando Magic",2020,"0021900358","20191211",0.7,9.05,FALSE
203095,"Evan Fournier","1610612753","Orlando Magic",2020,"0021900358","20191211",-6,31.15,TRUE
203095,"Evan Fournier","1610612753","Orlando Magic",2020,"0021900358","20191211",-11.1,27.55,FALSE
203095,"Evan Fournier","1610612753","Orlando Magic",2020,"0021900358","20191211",-2.7,13.35,FALSE
203095,"Evan Fournier","1610612753","Orlando Magic",2020,"0021900358","20191211",-1.5,7.25,TRUE
203095,"Evan Fournier","1610612753","Orlando Magic",2020,"0021900358","20191211",18.7,21.75,FALSE
203095,"Evan Fournier","1610612753","Orlando Magic",2020,"0021900358","20191211",-7.3,29.45,FALSE
203095,"Evan Fournier","1610612753","Orlando Magic",2020,"0021900371","20191213",-15.7,25.65,FALSE
203095,"Evan Fournier","1610612753","Orlando Magic",2020,"0021900371","20191213",-17.5,23.55,TRUE
203095,"Evan Fournier","1610612753","Orlando Magic",2020,"0021900371","20191213",3.3,9.05,TRUE
203095,"Evan Fournier","1610612753","Orlando Magic",2020,"0021900371","20191213",19.6,21.65,FALSE
203095,"Evan Fournier","1610612753","Orlando Magic",2020,"0021900371","20191213",-11.1,19.85,FALSE
203095,"Evan Fournier","1610612753","Orlando Magic",2020,"0021900371","20191213",0.3,10.35,FALSE
203095,"Evan Fournier","1610612753","Orlando Magic",2020,"0021900371","20191213",17.2,24.55,TRUE
203095,"Evan Fournier","1610612753","Orlando Magic",2020,"0021900371","20191213",18.9,20.75,TRUE
203095,"Evan Fournier","1610612753","Orlando Magic",2020,"0021900371","20191213",22.8,7.95,FALSE
203095,"Evan Fournier","1610612753","Orlando Magic",2020,"0021900371","20191213",-19.8,21.95,TRUE
203095,"Evan Fournier","1610612753","Orlando Magic",2020,"0021900371","20191213",-0.6,6.75,TRUE
203095,"Evan Fournier","1610612753","Orlando Magic",2020,"0021900371","20191213",18.4,23.05,TRUE
203095,"Evan Fournier","1610612753","Orlando Magic",2020,"0021900371","20191213",13.2,30.95,FALSE
203095,"Evan Fournier","1610612753","Orlando Magic",2020,"0021900371","20191213",0.1,5.75,TRUE
203095,"Evan Fournier","1610612753","Orlando Magic",2020,"0021900371","20191213",0,12.85,TRUE
203095,"Evan Fournier","1610612753","Orlando Magic",2020,"0021900371","20191213",-1,31.95,TRUE
203095,"Evan Fournier","1610612753","Orlando Magic",2020,"0021900371","20191213",2.2,31.55,FALSE
203095,"Evan Fournier","1610612753","Orlando Magic",2020,"0021900371","20191213",-0.8,7.95,FALSE
203095,"Evan Fournier","1610612753","Orlando Magic",2020,"0021900388","20191215",-0.1,11.85,FALSE
203095,"Evan Fournier","1610612753","Orlando Magic",2020,"0021900388","20191215",10.7,27.25,TRUE
203095,"Evan Fournier","1610612753","Orlando Magic",2020,"0021900388","20191215",-4.1,26.55,TRUE
203095,"Evan Fournier","1610612753","Orlando Magic",2020,"0021900388","20191215",-3.2,19.35,FALSE
203095,"Evan Fournier","1610612753","Orlando Magic",2020,"0021900388","20191215",-1.8,5.75,FALSE
203095,"Evan Fournier","1610612753","Orlando Magic",2020,"0021900388","20191215",17.8,24.25,FALSE
203095,"Evan Fournier","1610612753","Orlando Magic",2020,"0021900388","20191215",-2,29.95,TRUE
203095,"Evan Fournier","1610612753","Orlando Magic",2020,"0021900388","20191215",-0.5,14.55,TRUE
203095,"Evan Fournier","1610612753","Orlando Magic",2020,"0021900388","20191215",16.1,24.25,FALSE
203095,"Evan Fournier","1610612753","Orlando Magic",2020,"0021900388","20191215",-1.9,17.75,TRUE
203095,"Evan Fournier","1610612753","Orlando Magic",2020,"0021900388","20191215",-8.2,30.65,FALSE
203095,"Evan Fournier","1610612753","Orlando Magic",2020,"0021900388","20191215",21.4,20.15,TRUE
203095,"Evan Fournier","1610612753","Orlando Magic",2020,"0021900388","20191215",-16,25.75,FALSE
203095,"Evan Fournier","1610612753","Orlando Magic",2020,"0021900388","20191215",1.3,5.75,FALSE
203095,"Evan Fournier","1610612753","Orlando Magic",2020,"0021900405","20191217",-12.8,19.45,TRUE
203095,"Evan Fournier","1610612753","Orlando Magic",2020,"0021900405","20191217",22.1,16.05,FALSE
203095,"Evan Fournier","1610612753","Orlando Magic",2020,"0021900405","20191217",15,25.15,FALSE
203095,"Evan Fournier","1610612753","Orlando Magic",2020,"0021900405","20191217",11.2,18.25,TRUE
203095,"Evan Fournier","1610612753","Orlando Magic",2020,"0021900405","20191217",21.8,16.95,FALSE
203095,"Evan Fournier","1610612753","Orlando Magic",2020,"0021900405","20191217",20.4,3.65,TRUE
203095,"Evan Fournier","1610612753","Orlando Magic",2020,"0021900405","20191217",-6.5,18.95,FALSE
203095,"Evan Fournier","1610612753","Orlando Magic",2020,"0021900405","20191217",2.6,5.65,TRUE
203095,"Evan Fournier","1610612753","Orlando Magic",2020,"0021900405","20191217",-2.2,6.95,TRUE
203095,"Evan Fournier","1610612753","Orlando Magic",2020,"0021900405","20191217",17.9,23.65,FALSE
203095,"Evan Fournier","1610612753","Orlando Magic",2020,"0021900405","20191217",-1.6,5.45,TRUE
203095,"Evan Fournier","1610612753","Orlando Magic",2020,"0021900405","20191217",13.7,27.45,FALSE
203095,"Evan Fournier","1610612753","Orlando Magic",2020,"0021900405","20191217",-4.4,29.45,FALSE
203095,"Evan Fournier","1610612753","Orlando Magic",2020,"0021900405","20191217",7.8,19.45,TRUE
203095,"Evan Fournier","1610612753","Orlando Magic",2020,"0021900405","20191217",-1.1,31.15,FALSE
203095,"Evan Fournier","1610612753","Orlando Magic",2020,"0021900405","20191217",-1.4,31.55,FALSE
203095,"Evan Fournier","1610612753","Orlando Magic",2020,"0021900405","20191217",2.8,7.75,TRUE
203095,"Evan Fournier","1610612753","Orlando Magic",2020,"0021900414","20191218",0.2,31.45,FALSE
203095,"Evan Fournier","1610612753","Orlando Magic",2020,"0021900414","20191218",-0.9,5.85,FALSE
203095,"Evan Fournier","1610612753","Orlando Magic",2020,"0021900414","20191218",-3.2,30.35,TRUE
203095,"Evan Fournier","1610612753","Orlando Magic",2020,"0021900414","20191218",-4.2,12.05,FALSE
203095,"Evan Fournier","1610612753","Orlando Magic",2020,"0021900414","20191218",22.8,15.65,FALSE
203095,"Evan Fournier","1610612753","Orlando Magic",2020,"0021900414","20191218",-2.4,6.25,FALSE
203095,"Evan Fournier","1610612753","Orlando Magic",2020,"0021900414","20191218",-4.2,29.65,TRUE
203095,"Evan Fournier","1610612753","Orlando Magic",2020,"0021900414","20191218",11.5,28.55,TRUE
203095,"Evan Fournier","1610612753","Orlando Magic",2020,"0021900414","20191218",-4.9,10.45,TRUE
203095,"Evan Fournier","1610612753","Orlando Magic",2020,"0021900414","20191218",-20,19.15,FALSE
203095,"Evan Fournier","1610612753","Orlando Magic",2020,"0021900428","20191220",-0.7,6.15,TRUE
203095,"Evan Fournier","1610612753","Orlando Magic",2020,"0021900428","20191220",-14.4,25.75,FALSE
203095,"Evan Fournier","1610612753","Orlando Magic",2020,"0021900428","20191220",6.8,18.65,FALSE
203095,"Evan Fournier","1610612753","Orlando Magic",2020,"0021900428","20191220",-1.1,5.05,TRUE
203095,"Evan Fournier","1610612753","Orlando Magic",2020,"0021900428","20191220",23.3,5.65,FALSE
203095,"Evan Fournier","1610612753","Orlando Magic",2020,"0021900428","20191220",0.4,6.05,FALSE
203095,"Evan Fournier","1610612753","Orlando Magic",2020,"0021900428","20191220",-11.6,19.95,TRUE
203095,"Evan Fournier","1610612753","Orlando Magic",2020,"0021900428","20191220",-17.6,9.25,TRUE
203095,"Evan Fournier","1610612753","Orlando Magic",2020,"0021900428","20191220",0.9,6.95,FALSE
203095,"Evan Fournier","1610612753","Orlando Magic",2020,"0021900428","20191220",-1.1,5.25,FALSE
203095,"Evan Fournier","1610612753","Orlando Magic",2020,"0021900428","20191220",-1.2,7.15,FALSE
203095,"Evan Fournier","1610612753","Orlando Magic",2020,"0021900428","20191220",-9.1,18.55,TRUE
203095,"Evan Fournier","1610612753","Orlando Magic",2020,"0021900428","20191220",-2.9,9.65,TRUE
203095,"Evan Fournier","1610612753","Orlando Magic",2020,"0021900428","20191220",9.6,28.85,FALSE
203095,"Evan Fournier","1610612753","Orlando Magic",2020,"0021900428","20191220",-6.4,30.55,FALSE
203095,"Evan Fournier","1610612753","Orlando Magic",2020,"0021900428","20191220",-1.1,16.85,FALSE
203095,"Evan Fournier","1610612753","Orlando Magic",2020,"0021900428","20191220",16.5,23.75,TRUE
203095,"Evan Fournier","1610612753","Orlando Magic",2020,"0021900448","20191223",15.7,24.95,FALSE
203095,"Evan Fournier","1610612753","Orlando Magic",2020,"0021900448","20191223",-0.2,7.45,TRUE
203095,"Evan Fournier","1610612753","Orlando Magic",2020,"0021900448","20191223",2.4,6.55,TRUE
203095,"Evan Fournier","1610612753","Orlando Magic",2020,"0021900448","20191223",-6.4,29.65,FALSE
203095,"Evan Fournier","1610612753","Orlando Magic",2020,"0021900468","20191227",-11.8,27.85,FALSE
203095,"Evan Fournier","1610612753","Orlando Magic",2020,"0021900468","20191227",15.4,9.05,TRUE
203095,"Evan Fournier","1610612753","Orlando Magic",2020,"0021900468","20191227",-8.7,21.45,FALSE
203095,"Evan Fournier","1610612753","Orlando Magic",2020,"0021900468","20191227",2.9,17.75,TRUE
203095,"Evan Fournier","1610612753","Orlando Magic",2020,"0021900468","20191227",8.3,29.65,FALSE
203095,"Evan Fournier","1610612753","Orlando Magic",2020,"0021900468","20191227",-1.3,5.65,TRUE
203095,"Evan Fournier","1610612753","Orlando Magic",2020,"0021900468","20191227",-0.4,15.45,TRUE
203095,"Evan Fournier","1610612753","Orlando Magic",2020,"0021900468","20191227",22.3,12.15,FALSE
203095,"Evan Fournier","1610612753","Orlando Magic",2020,"0021900468","20191227",6,31.45,TRUE
203095,"Evan Fournier","1610612753","Orlando Magic",2020,"0021900468","20191227",0.8,9.05,TRUE
203095,"Evan Fournier","1610612753","Orlando Magic",2020,"0021900468","20191227",-1.6,15.25,TRUE
203095,"Evan Fournier","1610612753","Orlando Magic",2020,"0021900468","20191227",21,17.15,FALSE
203095,"Evan Fournier","1610612753","Orlando Magic",2020,"0021900468","20191227",15.4,25.65,TRUE
203095,"Evan Fournier","1610612753","Orlando Magic",2020,"0021900468","20191227",-10.9,28.75,FALSE
203095,"Evan Fournier","1610612753","Orlando Magic",2020,"0021900480","20191228",0.8,13.55,FALSE
203095,"Evan Fournier","1610612753","Orlando Magic",2020,"0021900480","20191228",23.4,4.15,FALSE
203095,"Evan Fournier","1610612753","Orlando Magic",2020,"0021900480","20191228",-1.9,5.95,FALSE
203095,"Evan Fournier","1610612753","Orlando Magic",2020,"0021900480","20191228",-0.4,14.05,TRUE
203095,"Evan Fournier","1610612753","Orlando Magic",2020,"0021900480","20191228",-0.5,6.35,TRUE
203095,"Evan Fournier","1610612753","Orlando Magic",2020,"0021900480","20191228",0.1,7.35,TRUE
203095,"Evan Fournier","1610612753","Orlando Magic",2020,"0021900480","20191228",0,17.95,FALSE
203095,"Evan Fournier","1610612753","Orlando Magic",2020,"0021900480","20191228",-10.9,27.85,TRUE
203095,"Evan Fournier","1610612753","Orlando Magic",2020,"0021900480","20191228",13.4,27.35,FALSE
203095,"Evan Fournier","1610612753","Orlando Magic",2020,"0021900480","20191228",-11.9,27.35,FALSE
203095,"Evan Fournier","1610612753","Orlando Magic",2020,"0021900480","20191228",-18.3,21.35,TRUE
203095,"Evan Fournier","1610612753","Orlando Magic",2020,"0021900480","20191228",1.4,29.85,TRUE
203095,"Evan Fournier","1610612753","Orlando Magic",2020,"0021900480","20191228",-8.8,18.25,TRUE
203095,"Evan Fournier","1610612753","Orlando Magic",2020,"0021900480","20191228",-6.8,11.15,FALSE
203095,"Evan Fournier","1610612753","Orlando Magic",2020,"0021900480","20191228",8.2,15.65,FALSE
203095,"Evan Fournier","1610612753","Orlando Magic",2020,"0021900480","20191228",1.9,30.25,TRUE
203095,"Evan Fournier","1610612753","Orlando Magic",2020,"0021900491","20191230",-9.4,8.85,FALSE
203095,"Evan Fournier","1610612753","Orlando Magic",2020,"0021900491","20191230",21.8,16.85,FALSE
203095,"Evan Fournier","1610612753","Orlando Magic",2020,"0021900491","20191230",1.6,6.75,FALSE
203095,"Evan Fournier","1610612753","Orlando Magic",2020,"0021900491","20191230",2.1,7.15,TRUE
203095,"Evan Fournier","1610612753","Orlando Magic",2020,"0021900491","20191230",-2.7,7.95,TRUE
203095,"Evan Fournier","1610612753","Orlando Magic",2020,"0021900491","20191230",-0.1,25.55,TRUE
203095,"Evan Fournier","1610612753","Orlando Magic",2020,"0021900491","20191230",18.2,3.75,TRUE
203095,"Evan Fournier","1610612753","Orlando Magic",2020,"0021900491","20191230",22.8,4.05,TRUE
203095,"Evan Fournier","1610612753","Orlando Magic",2020,"0021900491","20191230",10.7,29.55,FALSE
203095,"Evan Fournier","1610612753","Orlando Magic",2020,"0021900491","20191230",1.1,27.55,FALSE
203095,"Evan Fournier","1610612753","Orlando Magic",2020,"0021900491","20191230",2.3,14.45,TRUE
203095,"Evan Fournier","1610612753","Orlando Magic",2020,"0021900491","20191230",-1.7,8.15,FALSE
203095,"Evan Fournier","1610612753","Orlando Magic",2020,"0021900491","20191230",23.1,10.55,TRUE
203095,"Evan Fournier","1610612753","Orlando Magic",2020,"0021900491","20191230",6.5,10.75,FALSE
203095,"Evan Fournier","1610612753","Orlando Magic",2020,"0021900491","20191230",1.8,7.45,TRUE
203095,"Evan Fournier","1610612753","Orlando Magic",2020,"0021900491","20191230",-1.4,11.65,FALSE
203095,"Evan Fournier","1610612753","Orlando Magic",2020,"0021900491","20191230",0.1,32.55,FALSE
203095,"Evan Fournier","1610612753","Orlando Magic",2020,"0021900491","20191230",-2.1,7.85,TRUE
203095,"Evan Fournier","1610612753","Orlando Magic",2020,"0021900491","20191230",-18.9,23.25,FALSE
203095,"Evan Fournier","1610612753","Orlando Magic",2020,"0021900491","20191230",-3.3,7.75,TRUE
203095,"Evan Fournier","1610612753","Orlando Magic",2020,"0021900491","20191230",1.2,12.05,FALSE
203095,"Evan Fournier","1610612753","Orlando Magic",2020,"0021900504","20200101",-7.2,31.85,FALSE
203095,"Evan Fournier","1610612753","Orlando Magic",2020,"0021900504","20200101",19.2,23.95,TRUE
203095,"Evan Fournier","1610612753","Orlando Magic",2020,"0021900504","20200101",-1.1,6.75,TRUE
203095,"Evan Fournier","1610612753","Orlando Magic",2020,"0021900504","20200101",4,9.85,FALSE
203095,"Evan Fournier","1610612753","Orlando Magic",2020,"0021900504","20200101",18.5,24.45,TRUE
203095,"Evan Fournier","1610612753","Orlando Magic",2020,"0021900504","20200101",-2.9,9.25,FALSE
203095,"Evan Fournier","1610612753","Orlando Magic",2020,"0021900504","20200101",0,6.35,TRUE
203095,"Evan Fournier","1610612753","Orlando Magic",2020,"0021900504","20200101",-16.3,25.85,FALSE
203095,"Evan Fournier","1610612753","Orlando Magic",2020,"0021900504","20200101",0.5,7.25,FALSE
203095,"Evan Fournier","1610612753","Orlando Magic",2020,"0021900504","20200101",-0.2,6.35,TRUE
203095,"Evan Fournier","1610612753","Orlando Magic",2020,"0021900504","20200101",6.5,31.75,FALSE
203095,"Evan Fournier","1610612753","Orlando Magic",2020,"0021900504","20200101",0,12.85,TRUE
203095,"Evan Fournier","1610612753","Orlando Magic",2020,"0021900504","20200101",-0.2,9.95,TRUE
203095,"Evan Fournier","1610612753","Orlando Magic",2020,"0021900504","20200101",1.6,7.55,FALSE
203095,"Evan Fournier","1610612753","Orlando Magic",2020,"0021900504","20200101",-7,16.55,FALSE
203095,"Evan Fournier","1610612753","Orlando Magic",2020,"0021900504","20200101",9.8,29.55,FALSE
203095,"Evan Fournier","1610612753","Orlando Magic",2020,"0021900518","20200103",11.6,28.45,TRUE
203095,"Evan Fournier","1610612753","Orlando Magic",2020,"0021900518","20200103",22.5,13.55,FALSE
203095,"Evan Fournier","1610612753","Orlando Magic",2020,"0021900518","20200103",2.4,4.85,TRUE
203095,"Evan Fournier","1610612753","Orlando Magic",2020,"0021900518","20200103",3.1,12.15,FALSE
203095,"Evan Fournier","1610612753","Orlando Magic",2020,"0021900518","20200103",15,25.05,FALSE
203095,"Evan Fournier","1610612753","Orlando Magic",2020,"0021900518","20200103",9.2,30.65,TRUE
203095,"Evan Fournier","1610612753","Orlando Magic",2020,"0021900518","20200103",-0.5,17.95,FALSE
203095,"Evan Fournier","1610612753","Orlando Magic",2020,"0021900518","20200103",1.8,6.95,FALSE
203095,"Evan Fournier","1610612753","Orlando Magic",2020,"0021900518","20200103",0.9,6.55,TRUE
203095,"Evan Fournier","1610612753","Orlando Magic",2020,"0021900518","20200103",-1.6,6.45,TRUE
203095,"Evan Fournier","1610612753","Orlando Magic",2020,"0021900525","20200104",0.5,23.25,FALSE
203095,"Evan Fournier","1610612753","Orlando Magic",2020,"0021900525","20200104",-1.3,30.45,FALSE
203095,"Evan Fournier","1610612753","Orlando Magic",2020,"0021900525","20200104",3.2,6.85,TRUE
203095,"Evan Fournier","1610612753","Orlando Magic",2020,"0021900525","20200104",1.8,31.25,FALSE
203095,"Evan Fournier","1610612753","Orlando Magic",2020,"0021900525","20200104",22.9,8.55,FALSE
203095,"Evan Fournier","1610612753","Orlando Magic",2020,"0021900525","20200104",-2,14.25,FALSE
203095,"Evan Fournier","1610612753","Orlando Magic",2020,"0021900525","20200104",3.8,32.05,TRUE
203095,"Evan Fournier","1610612753","Orlando Magic",2020,"0021900525","20200104",1.6,7.95,FALSE
203095,"Evan Fournier","1610612753","Orlando Magic",2020,"0021900525","20200104",-7.9,21.15,TRUE
203095,"Evan Fournier","1610612753","Orlando Magic",2020,"0021900525","20200104",-12.8,27.65,FALSE
203095,"Evan Fournier","1610612753","Orlando Magic",2020,"0021900525","20200104",-1.2,18.65,FALSE
203095,"Evan Fournier","1610612753","Orlando Magic",2020,"0021900525","20200104",15.7,25.85,FALSE
203095,"Evan Fournier","1610612753","Orlando Magic",2020,"0021900525","20200104",-5.4,30.95,FALSE
203095,"Evan Fournier","1610612753","Orlando Magic",2020,"0021900525","20200104",0,33.95,FALSE
203095,"Evan Fournier","1610612753","Orlando Magic",2020,"0021900525","20200104",2.2,5.85,TRUE
203095,"Evan Fournier","1610612753","Orlando Magic",2020,"0021900540","20200106",-19.5,8.85,FALSE
203095,"Evan Fournier","1610612753","Orlando Magic",2020,"0021900540","20200106",1.2,6.05,TRUE
203095,"Evan Fournier","1610612753","Orlando Magic",2020,"0021900540","20200106",13,28.45,TRUE
203095,"Evan Fournier","1610612753","Orlando Magic",2020,"0021900540","20200106",22.7,6.75,FALSE
203095,"Evan Fournier","1610612753","Orlando Magic",2020,"0021900540","20200106",-2.5,7.45,FALSE
203095,"Evan Fournier","1610612753","Orlando Magic",2020,"0021900540","20200106",5.8,18.75,TRUE
203095,"Evan Fournier","1610612753","Orlando Magic",2020,"0021900540","20200106",5.8,23.05,FALSE
203095,"Evan Fournier","1610612753","Orlando Magic",2020,"0021900540","20200106",14.7,9.45,FALSE
203095,"Evan Fournier","1610612753","Orlando Magic",2020,"0021900557","20200108",-15,26.65,TRUE
203095,"Evan Fournier","1610612753","Orlando Magic",2020,"0021900557","20200108",23.1,3.45,FALSE
203095,"Evan Fournier","1610612753","Orlando Magic",2020,"0021900557","20200108",20.4,21.85,TRUE
203095,"Evan Fournier","1610612753","Orlando Magic",2020,"0021900557","20200108",-10.5,19.95,TRUE
203095,"Evan Fournier","1610612753","Orlando Magic",2020,"0021900557","20200108",23.1,5.15,TRUE
203095,"Evan Fournier","1610612753","Orlando Magic",2020,"0021900557","20200108",-3.9,12.15,TRUE
203095,"Evan Fournier","1610612753","Orlando Magic",2020,"0021900557","20200108",22.4,4.25,FALSE
203095,"Evan Fournier","1610612753","Orlando Magic",2020,"0021900557","20200108",4.4,7.85,TRUE
203095,"Evan Fournier","1610612753","Orlando Magic",2020,"0021900557","20200108",-8.5,32.45,TRUE
203095,"Evan Fournier","1610612753","Orlando Magic",2020,"0021900557","20200108",21.8,21.05,FALSE
203095,"Evan Fournier","1610612753","Orlando Magic",2020,"0021900573","20200110",23.7,12.15,TRUE
203095,"Evan Fournier","1610612753","Orlando Magic",2020,"0021900573","20200110",-0.3,5.85,TRUE
203095,"Evan Fournier","1610612753","Orlando Magic",2020,"0021900573","20200110",-11.1,28.25,FALSE
203095,"Evan Fournier","1610612753","Orlando Magic",2020,"0021900573","20200110",-0.5,10.55,FALSE
203095,"Evan Fournier","1610612753","Orlando Magic",2020,"0021900573","20200110",-1.1,6.15,FALSE
203095,"Evan Fournier","1610612753","Orlando Magic",2020,"0021900573","20200110",15.6,26.85,FALSE
203095,"Evan Fournier","1610612753","Orlando Magic",2020,"0021900573","20200110",-0.2,6.35,TRUE
203095,"Evan Fournier","1610612753","Orlando Magic",2020,"0021900573","20200110",-1.1,5.75,TRUE
203095,"Evan Fournier","1610612753","Orlando Magic",2020,"0021900573","20200110",1.5,6.75,FALSE
203095,"Evan Fournier","1610612753","Orlando Magic",2020,"0021900573","20200110",-0.1,26.55,TRUE
203095,"Evan Fournier","1610612753","Orlando Magic",2020,"0021900573","20200110",0.5,30.85,FALSE
203095,"Evan Fournier","1610612753","Orlando Magic",2020,"0021900573","20200110",12.1,28.05,FALSE
203095,"Evan Fournier","1610612753","Orlando Magic",2020,"0021900573","20200110",0.6,5.25,TRUE
203095,"Evan Fournier","1610612753","Orlando Magic",2020,"0021900573","20200110",-9.7,29.95,TRUE
203095,"Evan Fournier","1610612753","Orlando Magic",2020,"0021900573","20200110",-4.4,30.15,TRUE
203095,"Evan Fournier","1610612753","Orlando Magic",2020,"0021900573","20200110",18.2,6.85,FALSE
203095,"Evan Fournier","1610612753","Orlando Magic",2020,"0021900573","20200110",16.3,25.15,FALSE
203095,"Evan Fournier","1610612753","Orlando Magic",2020,"0021900573","20200110",-1.1,5.65,TRUE
203095,"Evan Fournier","1610612753","Orlando Magic",2020,"0021900573","20200110",-16.3,25.45,FALSE
203095,"Evan Fournier","1610612753","Orlando Magic",2020,"0021900573","20200110",0.3,31.05,FALSE
203095,"Evan Fournier","1610612753","Orlando Magic",2020,"0021900573","20200110",-7.1,29.65,FALSE
203095,"Evan Fournier","1610612753","Orlando Magic",2020,"0021900596","20200113",-1.8,6.45,TRUE
203095,"Evan Fournier","1610612753","Orlando Magic",2020,"0021900596","20200113",0.1,12.15,FALSE
203095,"Evan Fournier","1610612753","Orlando Magic",2020,"0021900596","20200113",-3.3,30.15,TRUE
203095,"Evan Fournier","1610612753","Orlando Magic",2020,"0021900596","20200113",8.3,8.65,FALSE
203095,"Evan Fournier","1610612753","Orlando Magic",2020,"0021900596","20200113",2.9,5.75,TRUE
203095,"Evan Fournier","1610612753","Orlando Magic",2020,"0021900596","20200113",-8.1,29.55,FALSE
203095,"Evan Fournier","1610612753","Orlando Magic",2020,"0021900596","20200113",-1.7,18.45,FALSE
203095,"Evan Fournier","1610612753","Orlando Magic",2020,"0021900596","20200113",-6.8,30.55,FALSE
203095,"Evan Fournier","1610612753","Orlando Magic",2020,"0021900596","20200113",-3.9,32.05,FALSE
203095,"Evan Fournier","1610612753","Orlando Magic",2020,"0021900596","20200113",-9.9,29.45,FALSE
203095,"Evan Fournier","1610612753","Orlando Magic",2020,"0021900596","20200113",18.3,21.45,FALSE
203095,"Evan Fournier","1610612753","Orlando Magic",2020,"0021900596","20200113",-2,6.05,TRUE
203095,"Evan Fournier","1610612753","Orlando Magic",2020,"0021900596","20200113",-7.1,6.55,FALSE
203095,"Evan Fournier","1610612753","Orlando Magic",2020,"0021900596","20200113",-2.2,5.15,TRUE
203095,"Evan Fournier","1610612753","Orlando Magic",2020,"0021900596","20200113",4.2,5.75,TRUE
203095,"Evan Fournier","1610612753","Orlando Magic",2020,"0021900596","20200113",1,7.45,FALSE
203095,"Evan Fournier","1610612753","Orlando Magic",2020,"0021900618","20200116",-17.8,7.05,TRUE
203095,"Evan Fournier","1610612753","Orlando Magic",2020,"0021900618","20200116",-1.4,5.65,TRUE
203095,"Evan Fournier","1610612753","Orlando Magic",2020,"0021900618","20200116",9.4,21.45,FALSE
203095,"Evan Fournier","1610612753","Orlando Magic",2020,"0021900618","20200116",3.3,22.65,FALSE
203095,"Evan Fournier","1610612753","Orlando Magic",2020,"0021900618","20200116",0,18.55,FALSE
203095,"Evan Fournier","1610612753","Orlando Magic",2020,"0021900618","20200116",23,13.55,FALSE
203095,"Evan Fournier","1610612753","Orlando Magic",2020,"0021900618","20200116",-1.5,7.05,FALSE
203095,"Evan Fournier","1610612753","Orlando Magic",2020,"0021900618","20200116",-5.2,29.65,FALSE
203095,"Evan Fournier","1610612753","Orlando Magic",2020,"0021900618","20200116",1.1,5.35,TRUE
203095,"Evan Fournier","1610612753","Orlando Magic",2020,"0021900618","20200116",-15.6,15.45,FALSE
203095,"Evan Fournier","1610612753","Orlando Magic",2020,"0021900618","20200116",-4.9,14.05,FALSE
203095,"Evan Fournier","1610612753","Orlando Magic",2020,"0021900618","20200116",7.1,28.65,FALSE
203095,"Evan Fournier","1610612753","Orlando Magic",2020,"0021900618","20200116",0.5,14.65,TRUE
203095,"Evan Fournier","1610612753","Orlando Magic",2020,"0021900618","20200116",1,5.65,TRUE
203095,"Evan Fournier","1610612753","Orlando Magic",2020,"0021900618","20200116",0.9,7.75,TRUE
203095,"Evan Fournier","1610612753","Orlando Magic",2020,"0021900634","20200118",-0.1,16.05,FALSE
203095,"Evan Fournier","1610612753","Orlando Magic",2020,"0021900634","20200118",0.2,31.95,TRUE
203095,"Evan Fournier","1610612753","Orlando Magic",2020,"0021900634","20200118",-1.2,31.05,TRUE
203095,"Evan Fournier","1610612753","Orlando Magic",2020,"0021900634","20200118",-11.4,30.05,FALSE
203095,"Evan Fournier","1610612753","Orlando Magic",2020,"0021900634","20200118",2.5,7.95,FALSE
203095,"Evan Fournier","1610612753","Orlando Magic",2020,"0021900634","20200118",-13.2,7.45,FALSE
203095,"Evan Fournier","1610612753","Orlando Magic",2020,"0021900634","20200118",23,8.05,TRUE
203095,"Evan Fournier","1610612753","Orlando Magic",2020,"0021900634","20200118",-10.6,22.05,FALSE
203095,"Evan Fournier","1610612753","Orlando Magic",2020,"0021900634","20200118",23.2,9.85,TRUE
203095,"Evan Fournier","1610612753","Orlando Magic",2020,"0021900634","20200118",1.4,32.15,FALSE
203095,"Evan Fournier","1610612753","Orlando Magic",2020,"0021900634","20200118",0.2,11.05,FALSE
203095,"Evan Fournier","1610612753","Orlando Magic",2020,"0021900642","20200120",-15.9,6.35,TRUE
203095,"Evan Fournier","1610612753","Orlando Magic",2020,"0021900642","20200120",-16.5,31.55,FALSE
203095,"Evan Fournier","1610612753","Orlando Magic",2020,"0021900642","20200120",-0.9,6.75,TRUE
203095,"Evan Fournier","1610612753","Orlando Magic",2020,"0021900642","20200120",-0.1,6.35,TRUE
203095,"Evan Fournier","1610612753","Orlando Magic",2020,"0021900642","20200120",-1.4,30.25,FALSE
203095,"Evan Fournier","1610612753","Orlando Magic",2020,"0021900642","20200120",1.5,6.65,FALSE
203095,"Evan Fournier","1610612753","Orlando Magic",2020,"0021900642","20200120",-9.3,30.15,TRUE
203095,"Evan Fournier","1610612753","Orlando Magic",2020,"0021900642","20200120",5.1,31.55,TRUE
203095,"Evan Fournier","1610612753","Orlando Magic",2020,"0021900642","20200120",20.2,12.05,TRUE
203095,"Evan Fournier","1610612753","Orlando Magic",2020,"0021900642","20200120",5.2,30.95,TRUE
203095,"Evan Fournier","1610612753","Orlando Magic",2020,"0021900642","20200120",1.6,22.25,FALSE
203095,"Evan Fournier","1610612753","Orlando Magic",2020,"0021900642","20200120",17.6,24.55,TRUE
203095,"Evan Fournier","1610612753","Orlando Magic",2020,"0021900642","20200120",23.2,7.25,TRUE
203095,"Evan Fournier","1610612753","Orlando Magic",2020,"0021900642","20200120",-20.6,18.65,TRUE
203095,"Evan Fournier","1610612753","Orlando Magic",2020,"0021900655","20200122",1.3,31.45,FALSE
203095,"Evan Fournier","1610612753","Orlando Magic",2020,"0021900655","20200122",-15.8,25.15,TRUE
203095,"Evan Fournier","1610612753","Orlando Magic",2020,"0021900655","20200122",21.8,18.15,FALSE
203095,"Evan Fournier","1610612753","Orlando Magic",2020,"0021900655","20200122",0.6,13.55,TRUE
203095,"Evan Fournier","1610612753","Orlando Magic",2020,"0021900655","20200122",-10.6,22.25,TRUE
203095,"Evan Fournier","1610612753","Orlando Magic",2020,"0021900655","20200122",-1.5,20.95,FALSE
203095,"Evan Fournier","1610612753","Orlando Magic",2020,"0021900655","20200122",-0.3,13.65,TRUE
203095,"Evan Fournier","1610612753","Orlando Magic",2020,"0021900655","20200122",-0.4,6.75,TRUE
203095,"Evan Fournier","1610612753","Orlando Magic",2020,"0021900655","20200122",-17.7,23.15,FALSE
203095,"Evan Fournier","1610612753","Orlando Magic",2020,"0021900655","20200122",-5.4,15.45,FALSE
203095,"Evan Fournier","1610612753","Orlando Magic",2020,"0021900655","20200122",-9,31.05,FALSE
203095,"Evan Fournier","1610612753","Orlando Magic",2020,"0021900655","20200122",16.9,25.95,FALSE
203095,"Evan Fournier","1610612753","Orlando Magic",2020,"0021900671","20200124",-17.8,24.55,FALSE
203095,"Evan Fournier","1610612753","Orlando Magic",2020,"0021900671","20200124",10,30.05,TRUE
203095,"Evan Fournier","1610612753","Orlando Magic",2020,"0021900671","20200124",7.2,21.45,TRUE
203095,"Evan Fournier","1610612753","Orlando Magic",2020,"0021900671","20200124",2.7,9.45,FALSE
203095,"Evan Fournier","1610612753","Orlando Magic",2020,"0021900671","20200124",0.6,29.05,TRUE
203095,"Evan Fournier","1610612753","Orlando Magic",2020,"0021900671","20200124",-3.5,25.75,TRUE
203095,"Evan Fournier","1610612753","Orlando Magic",2020,"0021900671","20200124",-2.5,21.15,FALSE
203095,"Evan Fournier","1610612753","Orlando Magic",2020,"0021900671","20200124",-10.2,19.45,TRUE
203095,"Evan Fournier","1610612753","Orlando Magic",2020,"0021900671","20200124",1.1,7.05,TRUE
203095,"Evan Fournier","1610612753","Orlando Magic",2020,"0021900671","20200124",-12.3,4.65,FALSE
203095,"Evan Fournier","1610612753","Orlando Magic",2020,"0021900671","20200124",10.9,29.85,TRUE
203095,"Evan Fournier","1610612753","Orlando Magic",2020,"0021900671","20200124",15.5,25.05,FALSE
203095,"Evan Fournier","1610612753","Orlando Magic",2020,"0021900671","20200124",-13.6,25.75,FALSE
203095,"Evan Fournier","1610612753","Orlando Magic",2020,"0021900671","20200124",9.1,9.05,TRUE
203095,"Evan Fournier","1610612753","Orlando Magic",2020,"0021900671","20200124",23.4,2.55,TRUE
203095,"Evan Fournier","1610612753","Orlando Magic",2020,"0021900671","20200124",-19.5,19.55,TRUE
203095,"Evan Fournier","1610612753","Orlando Magic",2020,"0021900671","20200124",-12.3,28.65,TRUE
203095,"Evan Fournier","1610612753","Orlando Magic",2020,"0021900671","20200124",4.1,30.35,FALSE
203095,"Evan Fournier","1610612753","Orlando Magic",2020,"0021900671","20200124",-13.4,29.35,FALSE
203095,"Evan Fournier","1610612753","Orlando Magic",2020,"0021900689","20200126",-3.8,15.05,FALSE
203095,"Evan Fournier","1610612753","Orlando Magic",2020,"0021900689","20200126",-2,11.25,FALSE
203095,"Evan Fournier","1610612753","Orlando Magic",2020,"0021900689","20200126",4.8,29.45,TRUE
203095,"Evan Fournier","1610612753","Orlando Magic",2020,"0021900689","20200126",8.1,5.85,TRUE
203095,"Evan Fournier","1610612753","Orlando Magic",2020,"0021900689","20200126",13.9,6.85,FALSE
203095,"Evan Fournier","1610612753","Orlando Magic",2020,"0021900689","20200126",1.3,5.65,TRUE
203095,"Evan Fournier","1610612753","Orlando Magic",2020,"0021900689","20200126",18.7,22.95,FALSE
203095,"Evan Fournier","1610612753","Orlando Magic",2020,"0021900689","20200126",3.3,7.15,FALSE
203095,"Evan Fournier","1610612753","Orlando Magic",2020,"0021900689","20200126",1.8,15.05,FALSE
203095,"Evan Fournier","1610612753","Orlando Magic",2020,"0021900689","20200126",-5.7,12.05,TRUE
203095,"Evan Fournier","1610612753","Orlando Magic",2020,"0021900689","20200126",12.7,27.15,FALSE
203095,"Evan Fournier","1610612753","Orlando Magic",2020,"0021900689","20200126",23.4,13.65,FALSE
203095,"Evan Fournier","1610612753","Orlando Magic",2020,"0021900689","20200126",-8.6,24.15,FALSE
203095,"Evan Fournier","1610612753","Orlando Magic",2020,"0021900689","20200126",4.3,31.15,FALSE
203095,"Evan Fournier","1610612753","Orlando Magic",2020,"0021900689","20200126",0.6,31.25,FALSE
203095,"Evan Fournier","1610612753","Orlando Magic",2020,"0021900689","20200126",-12.8,27.75,FALSE
203095,"Evan Fournier","1610612753","Orlando Magic",2020,"0021900689","20200126",-6.9,29.85,FALSE
203095,"Evan Fournier","1610612753","Orlando Magic",2020,"0021900689","20200126",4.7,8.65,FALSE
203095,"Evan Fournier","1610612753","Orlando Magic",2020,"0021900689","20200126",1.4,8.85,TRUE
203095,"Evan Fournier","1610612753","Orlando Magic",2020,"0021900694","20200127",20.3,5.65,FALSE
203095,"Evan Fournier","1610612753","Orlando Magic",2020,"0021900694","20200127",15.7,25.85,TRUE
203095,"Evan Fournier","1610612753","Orlando Magic",2020,"0021900694","20200127",-0.3,5.75,TRUE
203095,"Evan Fournier","1610612753","Orlando Magic",2020,"0021900694","20200127",23.4,11.45,FALSE
203095,"Evan Fournier","1610612753","Orlando Magic",2020,"0021900694","20200127",3,19.55,FALSE
203095,"Evan Fournier","1610612753","Orlando Magic",2020,"0021900694","20200127",-12.5,26.65,FALSE
203095,"Evan Fournier","1610612753","Orlando Magic",2020,"0021900694","20200127",1.1,5.65,TRUE
203095,"Evan Fournier","1610612753","Orlando Magic",2020,"0021900694","20200127",-16.1,24.55,FALSE
203095,"Evan Fournier","1610612753","Orlando Magic",2020,"0021900694","20200127",-1.1,19.75,FALSE
203095,"Evan Fournier","1610612753","Orlando Magic",2020,"0021900694","20200127",20,19.45,FALSE
203095,"Evan Fournier","1610612753","Orlando Magic",2020,"0021900694","20200127",-0.8,27.05,FALSE
203095,"Evan Fournier","1610612753","Orlando Magic",2020,"0021900694","20200127",-22.9,10.75,FALSE
203095,"Evan Fournier","1610612753","Orlando Magic",2020,"0021900694","20200127",13.9,26.85,FALSE
203095,"Evan Fournier","1610612753","Orlando Magic",2020,"0021900729","20200201",-5.8,31.65,FALSE
203095,"Evan Fournier","1610612753","Orlando Magic",2020,"0021900729","20200201",3.7,29.75,TRUE
203095,"Evan Fournier","1610612753","Orlando Magic",2020,"0021900729","20200201",1.3,9.45,TRUE
203095,"Evan Fournier","1610612753","Orlando Magic",2020,"0021900729","20200201",-7.8,29.85,FALSE
203095,"Evan Fournier","1610612753","Orlando Magic",2020,"0021900729","20200201",0.5,6.55,FALSE
203095,"Evan Fournier","1610612753","Orlando Magic",2020,"0021900729","20200201",5,17.05,FALSE
203095,"Evan Fournier","1610612753","Orlando Magic",2020,"0021900729","20200201",9.6,28.75,FALSE
203095,"Evan Fournier","1610612753","Orlando Magic",2020,"0021900729","20200201",0.8,21.05,FALSE
203095,"Evan Fournier","1610612753","Orlando Magic",2020,"0021900729","20200201",8.2,30.85,TRUE
203095,"Evan Fournier","1610612753","Orlando Magic",2020,"0021900729","20200201",2.3,22.15,FALSE
203095,"Evan Fournier","1610612753","Orlando Magic",2020,"0021900729","20200201",-3.5,17.45,FALSE
203095,"Evan Fournier","1610612753","Orlando Magic",2020,"0021900729","20200201",8.4,29.95,FALSE
203095,"Evan Fournier","1610612753","Orlando Magic",2020,"0021900729","20200201",8.5,29.55,FALSE
203095,"Evan Fournier","1610612753","Orlando Magic",2020,"0021900741","20200203",1.1,5.25,TRUE
203095,"Evan Fournier","1610612753","Orlando Magic",2020,"0021900741","20200203",12.4,26.75,TRUE
203095,"Evan Fournier","1610612753","Orlando Magic",2020,"0021900741","20200203",5.5,21.05,FALSE
203095,"Evan Fournier","1610612753","Orlando Magic",2020,"0021900741","20200203",-12.6,26.85,TRUE
203095,"Evan Fournier","1610612753","Orlando Magic",2020,"0021900741","20200203",-0.2,7.15,FALSE
203095,"Evan Fournier","1610612753","Orlando Magic",2020,"0021900741","20200203",-1.3,6.15,TRUE
203095,"Evan Fournier","1610612753","Orlando Magic",2020,"0021900741","20200203",-0.5,11.15,FALSE
203095,"Evan Fournier","1610612753","Orlando Magic",2020,"0021900741","20200203",1.4,6.55,TRUE
203095,"Evan Fournier","1610612753","Orlando Magic",2020,"0021900741","20200203",3.5,26.75,TRUE
203095,"Evan Fournier","1610612753","Orlando Magic",2020,"0021900741","20200203",1.3,31.65,FALSE
203095,"Evan Fournier","1610612753","Orlando Magic",2020,"0021900741","20200203",13.4,28.05,TRUE
203095,"Evan Fournier","1610612753","Orlando Magic",2020,"0021900741","20200203",19.6,22.25,FALSE
203095,"Evan Fournier","1610612753","Orlando Magic",2020,"0021900741","20200203",2.8,11.95,FALSE
203095,"Evan Fournier","1610612753","Orlando Magic",2020,"0021900741","20200203",17.7,24.15,FALSE
203095,"Evan Fournier","1610612753","Orlando Magic",2020,"0021900756","20200205",-18.5,21.55,TRUE
203095,"Evan Fournier","1610612753","Orlando Magic",2020,"0021900756","20200205",-5.6,7.65,FALSE
203095,"Evan Fournier","1610612753","Orlando Magic",2020,"0021900756","20200205",-0.3,31.55,TRUE
203095,"Evan Fournier","1610612753","Orlando Magic",2020,"0021900756","20200205",-10.9,28.95,TRUE
203095,"Evan Fournier","1610612753","Orlando Magic",2020,"0021900756","20200205",3.1,11.55,FALSE
203095,"Evan Fournier","1610612753","Orlando Magic",2020,"0021900756","20200205",1.6,17.85,FALSE
203095,"Evan Fournier","1610612753","Orlando Magic",2020,"0021900756","20200205",6.2,30.15,TRUE
203095,"Evan Fournier","1610612753","Orlando Magic",2020,"0021900756","20200205",23.2,10.75,FALSE
203095,"Evan Fournier","1610612753","Orlando Magic",2020,"0021900756","20200205",2.3,7.35,TRUE
203095,"Evan Fournier","1610612753","Orlando Magic",2020,"0021900756","20200205",3.6,30.35,FALSE
203095,"Evan Fournier","1610612753","Orlando Magic",2020,"0021900756","20200205",2.2,6.35,TRUE
203095,"Evan Fournier","1610612753","Orlando Magic",2020,"0021900756","20200205",3.3,30.65,TRUE
203095,"Evan Fournier","1610612753","Orlando Magic",2020,"0021900756","20200205",22,17.75,TRUE
203095,"Evan Fournier","1610612753","Orlando Magic",2020,"0021900756","20200205",-2.6,19.05,FALSE
203095,"Evan Fournier","1610612753","Orlando Magic",2020,"0021900756","20200205",-3.6,8.35,FALSE
203095,"Evan Fournier","1610612753","Orlando Magic",2020,"0021900764","20200206",-8.1,29.75,TRUE
203095,"Evan Fournier","1610612753","Orlando Magic",2020,"0021900764","20200206",3.3,30.25,FALSE
203095,"Evan Fournier","1610612753","Orlando Magic",2020,"0021900764","20200206",-3,24.45,TRUE
203095,"Evan Fournier","1610612753","Orlando Magic",2020,"0021900764","20200206",-0.8,6.55,FALSE
203095,"Evan Fournier","1610612753","Orlando Magic",2020,"0021900764","20200206",3.8,29.35,FALSE
203095,"Evan Fournier","1610612753","Orlando Magic",2020,"0021900764","20200206",23.5,8.05,TRUE
203095,"Evan Fournier","1610612753","Orlando Magic",2020,"0021900764","20200206",18,24.75,FALSE
203095,"Evan Fournier","1610612753","Orlando Magic",2020,"0021900777","20200208",23.6,8.45,TRUE
203095,"Evan Fournier","1610612753","Orlando Magic",2020,"0021900777","20200208",11.5,28.45,TRUE
203095,"Evan Fournier","1610612753","Orlando Magic",2020,"0021900777","20200208",22.6,9.45,FALSE
203095,"Evan Fournier","1610612753","Orlando Magic",2020,"0021900777","20200208",1.1,30.95,TRUE
203095,"Evan Fournier","1610612753","Orlando Magic",2020,"0021900777","20200208",22.8,9.85,TRUE
203095,"Evan Fournier","1610612753","Orlando Magic",2020,"0021900777","20200208",14.9,25.35,FALSE
203095,"Evan Fournier","1610612753","Orlando Magic",2020,"0021900777","20200208",-3.5,22.65,FALSE
203095,"Evan Fournier","1610612753","Orlando Magic",2020,"0021900777","20200208",2.6,21.95,FALSE
203095,"Evan Fournier","1610612753","Orlando Magic",2020,"0021900777","20200208",-22.8,6.75,FALSE
203095,"Evan Fournier","1610612753","Orlando Magic",2020,"0021900777","20200208",2.2,7.35,FALSE
203095,"Evan Fournier","1610612753","Orlando Magic",2020,"0021900777","20200208",-15.2,25.05,FALSE
203095,"Evan Fournier","1610612753","Orlando Magic",2020,"0021900777","20200208",2.6,6.85,TRUE
203095,"Evan Fournier","1610612753","Orlando Magic",2020,"0021900777","20200208",3.2,7.15,FALSE
203095,"Evan Fournier","1610612753","Orlando Magic",2020,"0021900777","20200208",11.8,27.35,FALSE
203095,"Evan Fournier","1610612753","Orlando Magic",2020,"0021900795","20200210",0,8.65,TRUE
203095,"Evan Fournier","1610612753","Orlando Magic",2020,"0021900795","20200210",-0.1,7.45,FALSE
203095,"Evan Fournier","1610612753","Orlando Magic",2020,"0021900795","20200210",15.4,25.55,FALSE
203095,"Evan Fournier","1610612753","Orlando Magic",2020,"0021900795","20200210",-7.6,29.75,FALSE
203095,"Evan Fournier","1610612753","Orlando Magic",2020,"0021900795","20200210",-13.8,27.25,FALSE
203095,"Evan Fournier","1610612753","Orlando Magic",2020,"0021900795","20200210",-0.7,6.85,TRUE
203095,"Evan Fournier","1610612753","Orlando Magic",2020,"0021900795","20200210",2,12.05,TRUE
203095,"Evan Fournier","1610612753","Orlando Magic",2020,"0021900795","20200210",1,5.35,TRUE
203095,"Evan Fournier","1610612753","Orlando Magic",2020,"0021900795","20200210",6.3,10.05,FALSE
203095,"Evan Fournier","1610612753","Orlando Magic",2020,"0021900795","20200210",-7.8,31.85,TRUE
203095,"Evan Fournier","1610612753","Orlando Magic",2020,"0021900795","20200210",-1.9,25.85,FALSE
203095,"Evan Fournier","1610612753","Orlando Magic",2020,"0021900795","20200210",-5.8,30.35,FALSE
203095,"Evan Fournier","1610612753","Orlando Magic",2020,"0021900795","20200210",-0.2,6.95,TRUE
203095,"Evan Fournier","1610612753","Orlando Magic",2020,"0021900795","20200210",-21,19.05,TRUE
203095,"Evan Fournier","1610612753","Orlando Magic",2020,"0021900795","20200210",-3.2,18.45,TRUE
203095,"Evan Fournier","1610612753","Orlando Magic",2020,"0021900795","20200210",-5.1,29.05,TRUE
203095,"Evan Fournier","1610612753","Orlando Magic",2020,"0021900795","20200210",17.1,23.75,FALSE
203095,"Evan Fournier","1610612753","Orlando Magic",2020,"0021900808","20200212",7,29.95,TRUE
203095,"Evan Fournier","1610612753","Orlando Magic",2020,"0021900808","20200212",3.5,15.35,FALSE
203095,"Evan Fournier","1610612753","Orlando Magic",2020,"0021900808","20200212",8.5,29.35,TRUE
203095,"Evan Fournier","1610612753","Orlando Magic",2020,"0021900808","20200212",-1.9,31.65,TRUE
203095,"Evan Fournier","1610612753","Orlando Magic",2020,"0021900808","20200212",-3.9,16.65,TRUE
203095,"Evan Fournier","1610612753","Orlando Magic",2020,"0021900808","20200212",13.8,27.75,FALSE
203095,"Evan Fournier","1610612753","Orlando Magic",2020,"0021900808","20200212",22.3,6.75,TRUE
203095,"Evan Fournier","1610612753","Orlando Magic",2020,"0021900808","20200212",1.2,19.95,FALSE
203095,"Evan Fournier","1610612753","Orlando Magic",2020,"0021900808","20200212",13,28.85,FALSE
203095,"Evan Fournier","1610612753","Orlando Magic",2020,"0021900808","20200212",18.5,8.15,FALSE
203095,"Evan Fournier","1610612753","Orlando Magic",2020,"0021900808","20200212",5.1,13.55,FALSE
203095,"Evan Fournier","1610612753","Orlando Magic",2020,"0021900808","20200212",0.1,13.35,TRUE
203095,"Evan Fournier","1610612753","Orlando Magic",2020,"0021900808","20200212",-9,28.95,FALSE
203095,"Evan Fournier","1610612753","Orlando Magic",2020,"0021900826","20200221",10.6,27.95,FALSE
203095,"Evan Fournier","1610612753","Orlando Magic",2020,"0021900826","20200221",-3.5,7.35,TRUE
203095,"Evan Fournier","1610612753","Orlando Magic",2020,"0021900826","20200221",6.3,19.25,FALSE
203095,"Evan Fournier","1610612753","Orlando Magic",2020,"0021900826","20200221",19.6,22.15,TRUE
203095,"Evan Fournier","1610612753","Orlando Magic",2020,"0021900826","20200221",-3.5,34.65,TRUE
203095,"Evan Fournier","1610612753","Orlando Magic",2020,"0021900826","20200221",-14.5,28.15,FALSE
203095,"Evan Fournier","1610612753","Orlando Magic",2020,"0021900826","20200221",16.1,25.65,FALSE
203095,"Evan Fournier","1610612753","Orlando Magic",2020,"0021900826","20200221",13.7,26.65,TRUE
203095,"Evan Fournier","1610612753","Orlando Magic",2020,"0021900826","20200221",23.6,7.55,TRUE
203095,"Evan Fournier","1610612753","Orlando Magic",2020,"0021900826","20200221",-17.3,23.85,FALSE
203095,"Evan Fournier","1610612753","Orlando Magic",2020,"0021900826","20200221",-0.3,8.15,TRUE
203095,"Evan Fournier","1610612753","Orlando Magic",2020,"0021900826","20200221",23.2,7.05,FALSE
203095,"Evan Fournier","1610612753","Orlando Magic",2020,"0021900826","20200221",-1.4,27.05,TRUE
203095,"Evan Fournier","1610612753","Orlando Magic",2020,"0021900826","20200221",8.4,31.25,TRUE
203095,"Evan Fournier","1610612753","Orlando Magic",2020,"0021900826","20200221",-1.6,6.35,TRUE
203095,"Evan Fournier","1610612753","Orlando Magic",2020,"0021900826","20200221",-0.6,9.85,TRUE
203095,"Evan Fournier","1610612753","Orlando Magic",2020,"0021900826","20200221",14.8,27.05,FALSE
203095,"Evan Fournier","1610612753","Orlando Magic",2020,"0021900826","20200221",17.2,24.05,FALSE
203095,"Evan Fournier","1610612753","Orlando Magic",2020,"0021900826","20200221",-4.4,7.95,FALSE
203095,"Evan Fournier","1610612753","Orlando Magic",2020,"0021900852","20200224",-16.3,24.15,TRUE
203095,"Evan Fournier","1610612753","Orlando Magic",2020,"0021900852","20200224",6.5,19.05,FALSE
203095,"Evan Fournier","1610612753","Orlando Magic",2020,"0021900852","20200224",15.2,26.15,FALSE
203095,"Evan Fournier","1610612753","Orlando Magic",2020,"0021900852","20200224",2.3,6.05,TRUE
203095,"Evan Fournier","1610612753","Orlando Magic",2020,"0021900852","20200224",1.7,5.85,TRUE
203095,"Evan Fournier","1610612753","Orlando Magic",2020,"0021900852","20200224",18.5,23.75,FALSE
203095,"Evan Fournier","1610612753","Orlando Magic",2020,"0021900852","20200224",-0.4,8.85,TRUE
203095,"Evan Fournier","1610612753","Orlando Magic",2020,"0021900852","20200224",-0.8,32.65,FALSE
203095,"Evan Fournier","1610612753","Orlando Magic",2020,"0021900852","20200224",1.7,6.95,TRUE
203095,"Evan Fournier","1610612753","Orlando Magic",2020,"0021900852","20200224",-1.6,31.25,TRUE
203095,"Evan Fournier","1610612753","Orlando Magic",2020,"0021900852","20200224",-4.1,30.45,FALSE
203095,"Evan Fournier","1610612753","Orlando Magic",2020,"0021900852","20200224",-7.9,22.15,FALSE
203095,"Evan Fournier","1610612753","Orlando Magic",2020,"0021900852","20200224",-2.4,6.15,TRUE
203095,"Evan Fournier","1610612753","Orlando Magic",2020,"0021900852","20200224",-20.6,20.85,TRUE
203095,"Evan Fournier","1610612753","Orlando Magic",2020,"0021900852","20200224",1.3,24.15,FALSE
203095,"Evan Fournier","1610612753","Orlando Magic",2020,"0021900852","20200224",13.5,27.75,FALSE
203095,"Evan Fournier","1610612753","Orlando Magic",2020,"0021900867","20200226",0,6.35,TRUE
203095,"Evan Fournier","1610612753","Orlando Magic",2020,"0021900867","20200226",-2.7,7.55,FALSE
203095,"Evan Fournier","1610612753","Orlando Magic",2020,"0021900867","20200226",-2.4,31.45,FALSE
203095,"Evan Fournier","1610612753","Orlando Magic",2020,"0021900867","20200226",0.9,7.55,TRUE
203095,"Evan Fournier","1610612753","Orlando Magic",2020,"0021900867","20200226",0.3,6.25,TRUE
203095,"Evan Fournier","1610612753","Orlando Magic",2020,"0021900867","20200226",22.9,5.85,TRUE
203095,"Evan Fournier","1610612753","Orlando Magic",2020,"0021900867","20200226",10.7,29.15,FALSE
203095,"Evan Fournier","1610612753","Orlando Magic",2020,"0021900867","20200226",3.5,18.45,TRUE
203095,"Evan Fournier","1610612753","Orlando Magic",2020,"0021900867","20200226",-22.7,5.75,FALSE
203095,"Evan Fournier","1610612753","Orlando Magic",2020,"0021900867","20200226",-0.2,5.85,TRUE
203095,"Evan Fournier","1610612753","Orlando Magic",2020,"0021900867","20200226",7,29.55,FALSE
203095,"Evan Fournier","1610612753","Orlando Magic",2020,"0021900867","20200226",9.3,28.25,TRUE
203095,"Evan Fournier","1610612753","Orlando Magic",2020,"0021900867","20200226",1.5,23.75,FALSE
203095,"Evan Fournier","1610612753","Orlando Magic",2020,"0021900867","20200226",-0.5,5.85,TRUE
203095,"Evan Fournier","1610612753","Orlando Magic",2020,"0021900867","20200226",-0.3,5.75,TRUE
203095,"Evan Fournier","1610612753","Orlando Magic",2020,"0021900867","20200226",-10.9,28.25,FALSE
203095,"Evan Fournier","1610612753","Orlando Magic",2020,"0021900867","20200226",0.2,5.75,TRUE
203095,"Evan Fournier","1610612753","Orlando Magic",2020,"0021900867","20200226",7.3,21.65,TRUE
203095,"Evan Fournier","1610612753","Orlando Magic",2020,"0021900877","20200228",-0.1,5.55,TRUE
203095,"Evan Fournier","1610612753","Orlando Magic",2020,"0021900877","20200228",11.6,12.95,TRUE
203095,"Evan Fournier","1610612753","Orlando Magic",2020,"0021900877","20200228",1.3,13.75,TRUE
203095,"Evan Fournier","1610612753","Orlando Magic",2020,"0021900877","20200228",0.7,8.05,TRUE
203095,"Evan Fournier","1610612753","Orlando Magic",2020,"0021900877","20200228",1.8,30.95,TRUE
203095,"Evan Fournier","1610612753","Orlando Magic",2020,"0021900877","20200228",-2.7,30.65,FALSE
203095,"Evan Fournier","1610612753","Orlando Magic",2020,"0021900877","20200228",-8.4,30.95,FALSE
203095,"Evan Fournier","1610612753","Orlando Magic",2020,"0021900877","20200228",-13.6,28.85,FALSE
203095,"Evan Fournier","1610612753","Orlando Magic",2020,"0021900893","20200229",-15.5,24.95,FALSE
203095,"Evan Fournier","1610612753","Orlando Magic",2020,"0021900893","20200229",1.8,6.35,FALSE
203095,"Evan Fournier","1610612753","Orlando Magic",2020,"0021900893","20200229",-16.2,25.95,FALSE
203095,"Evan Fournier","1610612753","Orlando Magic",2020,"0021900893","20200229",-3.7,30.35,TRUE
203095,"Evan Fournier","1610612753","Orlando Magic",2020,"0021900893","20200229",0.3,9.25,FALSE
203095,"Evan Fournier","1610612753","Orlando Magic",2020,"0021900893","20200229",22.8,17.85,TRUE
203095,"Evan Fournier","1610612753","Orlando Magic",2020,"0021900893","20200229",0.5,5.25,TRUE
203095,"Evan Fournier","1610612753","Orlando Magic",2020,"0021900893","20200229",0.3,7.95,TRUE
203095,"Evan Fournier","1610612753","Orlando Magic",2020,"0021900893","20200229",-21.4,20.25,FALSE
203095,"Evan Fournier","1610612753","Orlando Magic",2020,"0021900893","20200229",0.2,8.25,TRUE
203095,"Evan Fournier","1610612753","Orlando Magic",2020,"0021900893","20200229",-12.8,27.45,TRUE
203095,"Evan Fournier","1610612753","Orlando Magic",2020,"0021900893","20200229",-4.1,29.95,FALSE
203095,"Evan Fournier","1610612753","Orlando Magic",2020,"0021900893","20200229",-1.3,29.85,TRUE
203095,"Evan Fournier","1610612753","Orlando Magic",2020,"0021900893","20200229",14.3,25.65,TRUE
203095,"Evan Fournier","1610612753","Orlando Magic",2020,"0021900893","20200229",-17,26.35,FALSE
203095,"Evan Fournier","1610612753","Orlando Magic",2020,"0021900893","20200229",-0.8,6.55,FALSE
203095,"Evan Fournier","1610612753","Orlando Magic",2020,"0021900904","20200302",23,14.65,FALSE
203095,"Evan Fournier","1610612753","Orlando Magic",2020,"0021900904","20200302",16.3,24.95,TRUE
203095,"Evan Fournier","1610612753","Orlando Magic",2020,"0021900904","20200302",-12.7,3.75,TRUE
203095,"Evan Fournier","1610612753","Orlando Magic",2020,"0021900904","20200302",-15,16.25,FALSE
203095,"Evan Fournier","1610612753","Orlando Magic",2020,"0021900904","20200302",23.8,3.65,FALSE
203095,"Evan Fournier","1610612753","Orlando Magic",2020,"0021900904","20200302",-8.4,11.05,FALSE
203095,"Evan Fournier","1610612753","Orlando Magic",2020,"0021900904","20200302",-13.9,25.75,TRUE
203095,"Evan Fournier","1610612753","Orlando Magic",2020,"0021900904","20200302",22.8,3.05,FALSE
203095,"Evan Fournier","1610612753","Orlando Magic",2020,"0021900904","20200302",22.6,7.45,FALSE
203095,"Evan Fournier","1610612753","Orlando Magic",2020,"0021900904","20200302",-10.6,29.55,FALSE
203095,"Evan Fournier","1610612753","Orlando Magic",2020,"0021900904","20200302",12.1,27.55,FALSE
203095,"Evan Fournier","1610612753","Orlando Magic",2020,"0021900904","20200302",-6.8,13.65,TRUE
203095,"Evan Fournier","1610612753","Orlando Magic",2020,"0021900904","20200302",-3.6,7.25,FALSE
203095,"Evan Fournier","1610612753","Orlando Magic",2020,"0021900904","20200302",-1.6,5.95,TRUE
203095,"Evan Fournier","1610612753","Orlando Magic",2020,"0021900919","20200304",20.6,18.25,TRUE
203095,"Evan Fournier","1610612753","Orlando Magic",2020,"0021900919","20200304",23,8.45,TRUE
203095,"Evan Fournier","1610612753","Orlando Magic",2020,"0021900919","20200304",20,20.45,FALSE
203095,"Evan Fournier","1610612753","Orlando Magic",2020,"0021900919","20200304",-1,6.85,TRUE
203095,"Evan Fournier","1610612753","Orlando Magic",2020,"0021900919","20200304",2.2,6.55,TRUE
203095,"Evan Fournier","1610612753","Orlando Magic",2020,"0021900919","20200304",2.5,6.85,FALSE
203095,"Evan Fournier","1610612753","Orlando Magic",2020,"0021900919","20200304",-22.8,6.05,TRUE
203095,"Evan Fournier","1610612753","Orlando Magic",2020,"0021900919","20200304",0.8,6.35,TRUE
203095,"Evan Fournier","1610612753","Orlando Magic",2020,"0021900919","20200304",-3.5,8.55,FALSE
203095,"Evan Fournier","1610612753","Orlando Magic",2020,"0021901233","20200731",0,27.35,TRUE
203095,"Evan Fournier","1610612753","Orlando Magic",2020,"0021901233","20200731",-23.2,7.85,FALSE
203095,"Evan Fournier","1610612753","Orlando Magic",2020,"0021901233","20200731",-1.5,7.55,TRUE
203095,"Evan Fournier","1610612753","Orlando Magic",2020,"0021901233","20200731",0.9,7.35,TRUE
203095,"Evan Fournier","1610612753","Orlando Magic",2020,"0021901233","20200731",9.5,30.35,FALSE
203095,"Evan Fournier","1610612753","Orlando Magic",2020,"0021901233","20200731",18,8.05,TRUE
203095,"Evan Fournier","1610612753","Orlando Magic",2020,"0021901233","20200731",2.3,7.05,TRUE
203095,"Evan Fournier","1610612753","Orlando Magic",2020,"0021901233","20200731",-1.5,6.05,FALSE
203095,"Evan Fournier","1610612753","Orlando Magic",2020,"0021901233","20200731",-17.2,24.65,TRUE
203095,"Evan Fournier","1610612753","Orlando Magic",2020,"0021901233","20200731",8.2,29.85,TRUE
203095,"Evan Fournier","1610612753","Orlando Magic",2020,"0021901233","20200731",-18.8,26.55,FALSE
203095,"Evan Fournier","1610612753","Orlando Magic",2020,"0021901233","20200731",2.6,27.65,TRUE
203095,"Evan Fournier","1610612753","Orlando Magic",2020,"0021901233","20200731",22.2,6.35,TRUE
203095,"Evan Fournier","1610612753","Orlando Magic",2020,"0021901233","20200731",8.1,9.75,TRUE
203095,"Evan Fournier","1610612753","Orlando Magic",2020,"0021901233","20200731",6.2,10.75,FALSE
203095,"Evan Fournier","1610612753","Orlando Magic",2020,"0021901247","20200802",2.6,30.45,FALSE
203095,"Evan Fournier","1610612753","Orlando Magic",2020,"0021901247","20200802",2.1,5.85,TRUE
203095,"Evan Fournier","1610612753","Orlando Magic",2020,"0021901247","20200802",-23,14.65,FALSE
203095,"Evan Fournier","1610612753","Orlando Magic",2020,"0021901247","20200802",0.7,20.75,FALSE
203095,"Evan Fournier","1610612753","Orlando Magic",2020,"0021901247","20200802",-1.1,7.85,TRUE
203095,"Evan Fournier","1610612753","Orlando Magic",2020,"0021901247","20200802",3.3,7.55,FALSE
203095,"Evan Fournier","1610612753","Orlando Magic",2020,"0021901259","20200804",12,28.35,FALSE
203095,"Evan Fournier","1610612753","Orlando Magic",2020,"0021901259","20200804",-0.4,19.35,FALSE
203095,"Evan Fournier","1610612753","Orlando Magic",2020,"0021901259","20200804",-4.8,7.85,FALSE
203095,"Evan Fournier","1610612753","Orlando Magic",2020,"0021901259","20200804",6.6,31.55,TRUE
203095,"Evan Fournier","1610612753","Orlando Magic",2020,"0021901259","20200804",18.2,21.45,FALSE
203095,"Evan Fournier","1610612753","Orlando Magic",2020,"0021901259","20200804",18.2,21.55,FALSE
203095,"Evan Fournier","1610612753","Orlando Magic",2020,"0021901259","20200804",0,30.75,FALSE
203095,"Evan Fournier","1610612753","Orlando Magic",2020,"0021901259","20200804",22.3,6.75,TRUE
203095,"Evan Fournier","1610612753","Orlando Magic",2020,"0021901259","20200804",-10.3,28.75,FALSE
203095,"Evan Fournier","1610612753","Orlando Magic",2020,"0021901259","20200804",3.3,29.75,FALSE
203095,"Evan Fournier","1610612753","Orlando Magic",2020,"0021901266","20200805",-13.6,22.35,FALSE
203095,"Evan Fournier","1610612753","Orlando Magic",2020,"0021901266","20200805",17.4,23.45,FALSE
203095,"Evan Fournier","1610612753","Orlando Magic",2020,"0021901266","20200805",20.1,7.25,TRUE
203095,"Evan Fournier","1610612753","Orlando Magic",2020,"0021901266","20200805",0.4,5.55,TRUE
203095,"Evan Fournier","1610612753","Orlando Magic",2020,"0021901266","20200805",19.4,14.75,FALSE
203095,"Evan Fournier","1610612753","Orlando Magic",2020,"0021901266","20200805",14.8,26.45,FALSE
203095,"Evan Fournier","1610612753","Orlando Magic",2020,"0021901266","20200805",13,27.25,FALSE
203095,"Evan Fournier","1610612753","Orlando Magic",2020,"0021901266","20200805",0.2,5.95,TRUE
203095,"Evan Fournier","1610612753","Orlando Magic",2020,"0021901266","20200805",-21.4,18.45,TRUE
203095,"Evan Fournier","1610612753","Orlando Magic",2020,"0021901266","20200805",-23,6.25,FALSE
203095,"Evan Fournier","1610612753","Orlando Magic",2020,"0021901266","20200805",17,18.25,FALSE
203095,"Evan Fournier","1610612753","Orlando Magic",2020,"0021901277","20200807",-15.4,25.25,FALSE
203095,"Evan Fournier","1610612753","Orlando Magic",2020,"0021901277","20200807",2.4,8.65,TRUE
203095,"Evan Fournier","1610612753","Orlando Magic",2020,"0021901277","20200807",-5.7,20.15,FALSE
203095,"Evan Fournier","1610612753","Orlando Magic",2020,"0021901277","20200807",-1,31.55,TRUE
203095,"Evan Fournier","1610612753","Orlando Magic",2020,"0021901277","20200807",3.4,17.55,FALSE
203095,"Evan Fournier","1610612753","Orlando Magic",2020,"0021901277","20200807",3.9,14.45,TRUE
203095,"Evan Fournier","1610612753","Orlando Magic",2020,"0021901277","20200807",11,19.95,FALSE
203095,"Evan Fournier","1610612753","Orlando Magic",2020,"0021901277","20200807",-12.2,29.45,FALSE
203095,"Evan Fournier","1610612753","Orlando Magic",2020,"0021901277","20200807",0.9,6.75,TRUE
203095,"Evan Fournier","1610612753","Orlando Magic",2020,"0021901277","20200807",8.1,29.95,TRUE
203095,"Evan Fournier","1610612753","Orlando Magic",2020,"0021901277","20200807",2.2,31.95,FALSE
203095,"Evan Fournier","1610612753","Orlando Magic",2020,"0021901277","20200807",-1.8,5.35,TRUE
203095,"Evan Fournier","1610612753","Orlando Magic",2020,"0021901277","20200807",19,10.05,FALSE
203095,"Evan Fournier","1610612753","Orlando Magic",2020,"0021901277","20200807",4.2,14.05,FALSE
203095,"Evan Fournier","1610612753","Orlando Magic",2020,"0021901277","20200807",-8.4,30.95,FALSE
203095,"Evan Fournier","1610612753","Orlando Magic",2020,"0021901277","20200807",-14.4,25.35,FALSE
203095,"Evan Fournier","1610612753","Orlando Magic",2020,"0021901277","20200807",-0.8,6.15,TRUE
203095,"Evan Fournier","1610612753","Orlando Magic",2020,"0021901277","20200807",0.5,7.85,TRUE
203095,"Evan Fournier","1610612753","Orlando Magic",2021,"0022000012","20201223",-9.4,28.85,TRUE
203095,"Evan Fournier","1610612753","Orlando Magic",2021,"0022000012","20201223",0.4,7.15,TRUE
203095,"Evan Fournier","1610612753","Orlando Magic",2021,"0022000012","20201223",19.9,21.45,FALSE
203095,"Evan Fournier","1610612753","Orlando Magic",2021,"0022000012","20201223",0.9,6.15,TRUE
203095,"Evan Fournier","1610612753","Orlando Magic",2021,"0022000012","20201223",-1.6,13.65,FALSE
203095,"Evan Fournier","1610612753","Orlando Magic",2021,"0022000012","20201223",1.6,17.75,FALSE
203095,"Evan Fournier","1610612753","Orlando Magic",2021,"0022000012","20201223",13.6,8.35,TRUE
203095,"Evan Fournier","1610612753","Orlando Magic",2021,"0022000012","20201223",-7.5,29.95,TRUE
203095,"Evan Fournier","1610612753","Orlando Magic",2021,"0022000012","20201223",2.2,7.45,TRUE
203095,"Evan Fournier","1610612753","Orlando Magic",2021,"0022000012","20201223",-7.6,29.65,FALSE
203095,"Evan Fournier","1610612753","Orlando Magic",2021,"0022000012","20201223",-19.5,20.05,TRUE
203095,"Evan Fournier","1610612753","Orlando Magic",2021,"0022000012","20201223",-2,13.85,TRUE
203095,"Evan Fournier","1610612753","Orlando Magic",2021,"0022000012","20201223",2,7.05,TRUE
203095,"Evan Fournier","1610612753","Orlando Magic",2021,"0022000024","20201226",-4.4,13.75,TRUE
203095,"Evan Fournier","1610612753","Orlando Magic",2021,"0022000024","20201226",-14.6,26.85,TRUE
203095,"Evan Fournier","1610612753","Orlando Magic",2021,"0022000024","20201226",9.4,30.35,FALSE
203095,"Evan Fournier","1610612753","Orlando Magic",2021,"0022000024","20201226",0,5.25,TRUE
203095,"Evan Fournier","1610612753","Orlando Magic",2021,"0022000024","20201226",22.1,19.95,FALSE
203095,"Evan Fournier","1610612753","Orlando Magic",2021,"0022000024","20201226",0.6,8.45,TRUE
203095,"Evan Fournier","1610612753","Orlando Magic",2021,"0022000024","20201226",-20.1,19.25,FALSE
203095,"Evan Fournier","1610612753","Orlando Magic",2021,"0022000024","20201226",4.2,32.35,FALSE
203095,"Evan Fournier","1610612753","Orlando Magic",2021,"0022000033","20201227",15.2,26.15,FALSE
203095,"Evan Fournier","1610612753","Orlando Magic",2021,"0022000033","20201227",1.9,5.75,FALSE
203095,"Evan Fournier","1610612753","Orlando Magic",2021,"0022000033","20201227",0.6,26.95,TRUE
203095,"Evan Fournier","1610612753","Orlando Magic",2021,"0022000033","20201227",11.7,20.65,FALSE
203095,"Evan Fournier","1610612753","Orlando Magic",2021,"0022000033","20201227",23.4,4.75,TRUE
203095,"Evan Fournier","1610612753","Orlando Magic",2021,"0022000033","20201227",15,27.05,FALSE
203095,"Evan Fournier","1610612753","Orlando Magic",2021,"0022000033","20201227",-1.7,8.25,TRUE
203095,"Evan Fournier","1610612753","Orlando Magic",2021,"0022000033","20201227",2.2,9.55,FALSE
203095,"Evan Fournier","1610612753","Orlando Magic",2021,"0022000033","20201227",2.2,36.35,FALSE
203095,"Evan Fournier","1610612753","Orlando Magic",2021,"0022000033","20201227",20.7,21.35,TRUE
203095,"Evan Fournier","1610612753","Orlando Magic",2021,"0022000052","20201229",1,5.85,TRUE
203095,"Evan Fournier","1610612753","Orlando Magic",2021,"0022000052","20201229",6.8,29.25,TRUE
203095,"Evan Fournier","1610612753","Orlando Magic",2021,"0022000052","20201229",3.1,6.15,FALSE
203095,"Evan Fournier","1610612753","Orlando Magic",2021,"0022000052","20201229",-8.3,27.85,FALSE
203095,"Evan Fournier","1610612753","Orlando Magic",2021,"0022000052","20201229",-13.2,26.15,FALSE
203095,"Evan Fournier","1610612753","Orlando Magic",2021,"0022000052","20201229",-2.3,5.15,TRUE
203095,"Evan Fournier","1610612753","Orlando Magic",2021,"0022000052","20201229",-0.4,7.35,TRUE
203095,"Evan Fournier","1610612753","Orlando Magic",2021,"0022000052","20201229",22.1,12.05,TRUE
203095,"Evan Fournier","1610612753","Orlando Magic",2021,"0022000052","20201229",-0.2,9.85,FALSE
203095,"Evan Fournier","1610612753","Orlando Magic",2021,"0022000052","20201229",-6,30.05,FALSE
203095,"Evan Fournier","1610612753","Orlando Magic",2021,"0022000052","20201229",4.4,29.15,FALSE
203095,"Evan Fournier","1610612753","Orlando Magic",2021,"0022000064","20201231",23,3.25,FALSE
203095,"Evan Fournier","1610612753","Orlando Magic",2021,"0022000064","20201231",1.8,6.85,TRUE
203095,"Evan Fournier","1610612753","Orlando Magic",2021,"0022000064","20201231",0.3,31.05,FALSE
203095,"Evan Fournier","1610612753","Orlando Magic",2021,"0022000145","20210509",23.5,5.65,FALSE
203095,"Evan Fournier","1610612753","Orlando Magic",2021,"0022000145","20210509",-0.6,7.95,TRUE
203095,"Evan Fournier","1610612753","Orlando Magic",2021,"0022000145","20210509",19,24.75,FALSE
203095,"Evan Fournier","1610612753","Orlando Magic",2021,"0022000145","20210509",-19.2,24.35,TRUE
203095,"Evan Fournier","1610612753","Orlando Magic",2021,"0022000145","20210509",17,6.25,TRUE
203095,"Evan Fournier","1610612753","Orlando Magic",2021,"0022000145","20210509",22,19.85,TRUE
203095,"Evan Fournier","1610612753","Orlando Magic",2021,"0022000145","20210509",10.6,27.35,FALSE
203095,"Evan Fournier","1610612753","Orlando Magic",2021,"0022000145","20210509",-23,3.95,TRUE
203095,"Evan Fournier","1610612753","Orlando Magic",2021,"0022000145","20210509",-5.2,7.35,TRUE
203095,"Evan Fournier","1610612753","Orlando Magic",2021,"0022000145","20210509",0.3,12.55,TRUE
203095,"Evan Fournier","1610612753","Orlando Magic",2021,"0022000145","20210509",5.5,9.25,FALSE
203095,"Evan Fournier","1610612753","Orlando Magic",2021,"0022000145","20210509",-18.5,23.65,TRUE
203095,"Evan Fournier","1610612753","Orlando Magic",2021,"0022000145","20210509",19,20.85,FALSE
203095,"Evan Fournier","1610612753","Orlando Magic",2021,"0022000145","20210509",4.7,29.25,TRUE
203095,"Evan Fournier","1610612753","Orlando Magic",2021,"0022000145","20210509",23,3.25,TRUE
203095,"Evan Fournier","1610612753","Orlando Magic",2021,"0022000145","20210509",1.8,30.55,TRUE
203095,"Evan Fournier","1610612753","Orlando Magic",2021,"0022000160","20210507",-2,27.25,TRUE
203095,"Evan Fournier","1610612753","Orlando Magic",2021,"0022000160","20210507",6.9,28.95,TRUE
203095,"Evan Fournier","1610612753","Orlando Magic",2021,"0022000160","20210507",0.6,13.15,TRUE
203095,"Evan Fournier","1610612753","Orlando Magic",2021,"0022000160","20210507",23.3,9.25,TRUE
203095,"Evan Fournier","1610612753","Orlando Magic",2021,"0022000160","20210507",21.2,17.45,TRUE
203095,"Evan Fournier","1610612753","Orlando Magic",2021,"0022000160","20210507",-2.3,5.55,TRUE
203095,"Evan Fournier","1610612753","Orlando Magic",2021,"0022000160","20210507",13.1,6.75,FALSE
203095,"Evan Fournier","1610612753","Orlando Magic",2021,"0022000160","20210507",18.8,6.45,TRUE
203095,"Evan Fournier","1610612753","Orlando Magic",2021,"0022000160","20210507",14.3,24.85,FALSE
203095,"Evan Fournier","1610612753","Orlando Magic",2021,"0022000160","20210507",-2,6.25,FALSE
203095,"Evan Fournier","1610612753","Orlando Magic",2021,"0022000160","20210507",-1.6,13.55,FALSE
203095,"Evan Fournier","1610612753","Orlando Magic",2021,"0022000167","20210321",-19.9,21.15,TRUE
203095,"Evan Fournier","1610612753","Orlando Magic",2021,"0022000167","20210321",-9.1,10.15,FALSE
203095,"Evan Fournier","1610612753","Orlando Magic",2021,"0022000167","20210321",-0.4,6.85,TRUE
203095,"Evan Fournier","1610612753","Orlando Magic",2021,"0022000167","20210321",17.6,19.35,FALSE
203095,"Evan Fournier","1610612753","Orlando Magic",2021,"0022000167","20210321",8.1,29.55,FALSE
203095,"Evan Fournier","1610612753","Orlando Magic",2021,"0022000167","20210321",17,24.75,FALSE
203095,"Evan Fournier","1610612753","Orlando Magic",2021,"0022000167","20210321",-0.6,14.85,FALSE
203095,"Evan Fournier","1610612753","Orlando Magic",2021,"0022000167","20210321",-3.8,6.65,TRUE
203095,"Evan Fournier","1610612753","Orlando Magic",2021,"0022000167","20210321",8.1,19.15,FALSE
203095,"Evan Fournier","1610612753","Orlando Magic",2021,"0022000167","20210321",-0.2,7.35,TRUE
203095,"Evan Fournier","1610612753","Orlando Magic",2021,"0022000167","20210321",-16.3,27.15,FALSE
203095,"Evan Fournier","1610612753","Orlando Magic",2021,"0022000167","20210321",-15.2,28.65,TRUE
203095,"Evan Fournier","1610612753","Orlando Magic",2021,"0022000167","20210321",-2.4,15.15,FALSE
203095,"Evan Fournier","1610612753","Orlando Magic",2021,"0022000167","20210321",2.4,6.05,FALSE
203095,"Evan Fournier","1610612753","Orlando Magic",2021,"0022000167","20210321",13.3,20.05,FALSE
203095,"Evan Fournier","1610612753","Orlando Magic",2021,"0022000167","20210321",-9.2,24.65,TRUE
203095,"Evan Fournier","1610612753","Orlando Magic",2021,"0022000167","20210321",-7.3,28.95,FALSE
203095,"Evan Fournier","1610612753","Orlando Magic",2021,"0022000167","20210321",-5.2,30.85,FALSE
203095,"Evan Fournier","1610612753","Orlando Magic",2021,"0022000167","20210321",17.1,23.05,FALSE
203095,"Evan Fournier","1610612753","Orlando Magic",2021,"0022000221","20210120",0,29.75,FALSE
203095,"Evan Fournier","1610612753","Orlando Magic",2021,"0022000221","20210120",0.4,5.85,TRUE
203095,"Evan Fournier","1610612753","Orlando Magic",2021,"0022000221","20210120",-0.8,9.55,FALSE
203095,"Evan Fournier","1610612753","Orlando Magic",2021,"0022000221","20210120",-0.9,15.05,TRUE
203095,"Evan Fournier","1610612753","Orlando Magic",2021,"0022000221","20210120",-0.7,21.15,FALSE
203095,"Evan Fournier","1610612753","Orlando Magic",2021,"0022000221","20210120",14.5,25.55,FALSE
203095,"Evan Fournier","1610612753","Orlando Magic",2021,"0022000221","20210120",-2.6,14.35,TRUE
203095,"Evan Fournier","1610612753","Orlando Magic",2021,"0022000221","20210120",11,28.25,TRUE
203095,"Evan Fournier","1610612753","Orlando Magic",2021,"0022000221","20210120",0,5.95,TRUE
203095,"Evan Fournier","1610612753","Orlando Magic",2021,"0022000221","20210120",0.1,17.55,TRUE
203095,"Evan Fournier","1610612753","Orlando Magic",2021,"0022000221","20210120",17.2,24.25,FALSE
203095,"Evan Fournier","1610612753","Orlando Magic",2021,"0022000221","20210120",1.7,11.95,FALSE
203095,"Evan Fournier","1610612753","Orlando Magic",2021,"0022000221","20210120",0.1,7.25,FALSE
203095,"Evan Fournier","1610612753","Orlando Magic",2021,"0022000221","20210120",0.1,8.85,TRUE
203095,"Evan Fournier","1610612753","Orlando Magic",2021,"0022000221","20210120",23.1,5.35,FALSE
203095,"Evan Fournier","1610612753","Orlando Magic",2021,"0022000221","20210120",13.3,26.45,FALSE
203095,"Evan Fournier","1610612753","Orlando Magic",2021,"0022000221","20210120",8.8,28.95,FALSE
203095,"Evan Fournier","1610612753","Orlando Magic",2021,"0022000221","20210120",-0.2,5.85,TRUE
203095,"Evan Fournier","1610612753","Orlando Magic",2021,"0022000221","20210120",1.9,29.65,TRUE
203095,"Evan Fournier","1610612753","Orlando Magic",2021,"0022000221","20210120",-1.1,6.85,FALSE
203095,"Evan Fournier","1610612753","Orlando Magic",2021,"0022000221","20210120",-22.5,3.95,FALSE
203095,"Evan Fournier","1610612753","Orlando Magic",2021,"0022000231","20210122",-20.9,20.75,TRUE
203095,"Evan Fournier","1610612753","Orlando Magic",2021,"0022000231","20210122",-2,31.75,TRUE
203095,"Evan Fournier","1610612753","Orlando Magic",2021,"0022000231","20210122",0.1,9.95,TRUE
203095,"Evan Fournier","1610612753","Orlando Magic",2021,"0022000231","20210122",-14.6,27.55,TRUE
203095,"Evan Fournier","1610612753","Orlando Magic",2021,"0022000231","20210122",-1.9,11.45,FALSE
203095,"Evan Fournier","1610612753","Orlando Magic",2021,"0022000231","20210122",0.4,11.35,TRUE
203095,"Evan Fournier","1610612753","Orlando Magic",2021,"0022000231","20210122",-0.5,6.95,TRUE
203095,"Evan Fournier","1610612753","Orlando Magic",2021,"0022000231","20210122",15.8,26.35,FALSE
203095,"Evan Fournier","1610612753","Orlando Magic",2021,"0022000231","20210122",1,6.55,FALSE
203095,"Evan Fournier","1610612753","Orlando Magic",2021,"0022000231","20210122",-3.4,22.65,TRUE
203095,"Evan Fournier","1610612753","Orlando Magic",2021,"0022000231","20210122",8.6,29.95,TRUE
203095,"Evan Fournier","1610612753","Orlando Magic",2021,"0022000231","20210122",-5.4,31.95,FALSE
203095,"Evan Fournier","1610612753","Orlando Magic",2021,"0022000231","20210122",-18.7,25.65,FALSE
203095,"Evan Fournier","1610612753","Orlando Magic",2021,"0022000231","20210122",7.4,32.35,FALSE
203095,"Evan Fournier","1610612753","Orlando Magic",2021,"0022000252","20210124",-2,9.35,TRUE
203095,"Evan Fournier","1610612753","Orlando Magic",2021,"0022000252","20210124",3.5,7.75,TRUE
203095,"Evan Fournier","1610612753","Orlando Magic",2021,"0022000252","20210124",14.5,26.15,TRUE
203095,"Evan Fournier","1610612753","Orlando Magic",2021,"0022000252","20210124",17.1,25.25,FALSE
203095,"Evan Fournier","1610612753","Orlando Magic",2021,"0022000252","20210124",6.2,29.95,FALSE
203095,"Evan Fournier","1610612753","Orlando Magic",2021,"0022000252","20210124",5.2,9.25,TRUE
203095,"Evan Fournier","1610612753","Orlando Magic",2021,"0022000252","20210124",-1.3,32.45,FALSE
203095,"Evan Fournier","1610612753","Orlando Magic",2021,"0022000252","20210124",-0.8,19.05,TRUE
203095,"Evan Fournier","1610612753","Orlando Magic",2021,"0022000252","20210124",-0.9,32.45,FALSE
203095,"Evan Fournier","1610612753","Orlando Magic",2021,"0022000252","20210124",23.1,17.85,FALSE
203095,"Evan Fournier","1610612753","Orlando Magic",2021,"0022000252","20210124",-3.3,8.45,FALSE
203095,"Evan Fournier","1610612753","Orlando Magic",2021,"0022000252","20210124",6,19.55,FALSE
203095,"Evan Fournier","1610612753","Orlando Magic",2021,"0022000252","20210124",5.4,9.85,FALSE
203095,"Evan Fournier","1610612753","Orlando Magic",2021,"0022000252","20210124",16,27.45,TRUE
203095,"Evan Fournier","1610612753","Orlando Magic",2021,"0022000252","20210124",2,8.55,FALSE
203095,"Evan Fournier","1610612753","Orlando Magic",2021,"0022000252","20210124",17.4,26.65,TRUE
203095,"Evan Fournier","1610612753","Orlando Magic",2021,"0022000259","20210125",-22.8,3.75,TRUE
203095,"Evan Fournier","1610612753","Orlando Magic",2021,"0022000259","20210125",0.5,7.35,FALSE
203095,"Evan Fournier","1610612753","Orlando Magic",2021,"0022000259","20210125",7.5,28.75,FALSE
203095,"Evan Fournier","1610612753","Orlando Magic",2021,"0022000259","20210125",1.1,7.65,TRUE
203095,"Evan Fournier","1610612753","Orlando Magic",2021,"0022000259","20210125",22.8,14.25,FALSE
203095,"Evan Fournier","1610612753","Orlando Magic",2021,"0022000259","20210125",7.2,29.55,TRUE
203095,"Evan Fournier","1610612753","Orlando Magic",2021,"0022000259","20210125",-6.3,30.15,TRUE
203095,"Evan Fournier","1610612753","Orlando Magic",2021,"0022000259","20210125",-4.1,30.15,FALSE
203095,"Evan Fournier","1610612753","Orlando Magic",2021,"0022000259","20210125",4.3,30.55,TRUE
203095,"Evan Fournier","1610612753","Orlando Magic",2021,"0022000259","20210125",0.1,12.55,FALSE
203095,"Evan Fournier","1610612753","Orlando Magic",2021,"0022000259","20210125",-0.4,18.65,FALSE
203095,"Evan Fournier","1610612753","Orlando Magic",2021,"0022000259","20210125",-23,10.55,TRUE
203095,"Evan Fournier","1610612753","Orlando Magic",2021,"0022000259","20210125",-0.4,7.45,TRUE
203095,"Evan Fournier","1610612753","Orlando Magic",2021,"0022000259","20210125",1.6,5.65,FALSE
203095,"Evan Fournier","1610612753","Orlando Magic",2021,"0022000273","20210127",-3.3,30.55,TRUE
203095,"Evan Fournier","1610612753","Orlando Magic",2021,"0022000273","20210127",3.1,18.35,TRUE
203095,"Evan Fournier","1610612753","Orlando Magic",2021,"0022000273","20210127",0.3,18.85,FALSE
203095,"Evan Fournier","1610612753","Orlando Magic",2021,"0022000273","20210127",-3.8,8.25,FALSE
203095,"Evan Fournier","1610612753","Orlando Magic",2021,"0022000273","20210127",-14.8,28.85,FALSE
203095,"Evan Fournier","1610612753","Orlando Magic",2021,"0022000273","20210127",-4,6.85,TRUE
203095,"Evan Fournier","1610612753","Orlando Magic",2021,"0022000273","20210127",-2,12.75,FALSE
203095,"Evan Fournier","1610612753","Orlando Magic",2021,"0022000273","20210127",22.7,6.35,FALSE
203095,"Evan Fournier","1610612753","Orlando Magic",2021,"0022000273","20210127",0.2,14.75,TRUE
203095,"Evan Fournier","1610612753","Orlando Magic",2021,"0022000273","20210127",-0.2,32.25,TRUE
203095,"Evan Fournier","1610612753","Orlando Magic",2021,"0022000273","20210127",10,30.95,FALSE
203095,"Evan Fournier","1610612753","Orlando Magic",2021,"0022000273","20210127",-21.8,18.85,FALSE
203095,"Evan Fournier","1610612753","Orlando Magic",2021,"0022000273","20210127",-1.1,10.25,TRUE
203095,"Evan Fournier","1610612753","Orlando Magic",2021,"0022000273","20210127",18.3,24.95,TRUE
203095,"Evan Fournier","1610612753","Orlando Magic",2021,"0022000273","20210127",-20.3,22.75,FALSE
203095,"Evan Fournier","1610612753","Orlando Magic",2021,"0022000289","20210129",2.9,30.35,TRUE
203095,"Evan Fournier","1610612753","Orlando Magic",2021,"0022000289","20210129",-3,31.05,FALSE
203095,"Evan Fournier","1610612753","Orlando Magic",2021,"0022000289","20210129",-0.1,7.15,FALSE
203095,"Evan Fournier","1610612753","Orlando Magic",2021,"0022000289","20210129",0.3,5.55,FALSE
203095,"Evan Fournier","1610612753","Orlando Magic",2021,"0022000289","20210129",2,4.05,FALSE
203095,"Evan Fournier","1610612753","Orlando Magic",2021,"0022000289","20210129",8.2,28.65,FALSE
203095,"Evan Fournier","1610612753","Orlando Magic",2021,"0022000289","20210129",-6.3,28.65,FALSE
203095,"Evan Fournier","1610612753","Orlando Magic",2021,"0022000289","20210129",0.3,6.25,FALSE
203095,"Evan Fournier","1610612753","Orlando Magic",2021,"0022000289","20210129",-0.8,7.05,TRUE
203095,"Evan Fournier","1610612753","Orlando Magic",2021,"0022000289","20210129",-2.6,29.65,FALSE
203095,"Evan Fournier","1610612753","Orlando Magic",2021,"0022000289","20210129",13.6,26.45,FALSE
203095,"Evan Fournier","1610612753","Orlando Magic",2021,"0022000289","20210129",4.5,15.45,FALSE
203095,"Evan Fournier","1610612753","Orlando Magic",2021,"0022000289","20210129",0.1,6.45,TRUE
203095,"Evan Fournier","1610612753","Orlando Magic",2021,"0022000309","20210131",-1.1,14.05,FALSE
203095,"Evan Fournier","1610612753","Orlando Magic",2021,"0022000309","20210131",16.9,26.75,TRUE
203095,"Evan Fournier","1610612753","Orlando Magic",2021,"0022000309","20210131",13,29.15,FALSE
203095,"Evan Fournier","1610612753","Orlando Magic",2021,"0022000309","20210131",-0.8,20.65,FALSE
203095,"Evan Fournier","1610612753","Orlando Magic",2021,"0022000309","20210131",-1.1,15.95,TRUE
203095,"Evan Fournier","1610612753","Orlando Magic",2021,"0022000309","20210131",-3.3,6.85,FALSE
203095,"Evan Fournier","1610612753","Orlando Magic",2021,"0022000309","20210131",17.4,17.55,FALSE
203095,"Evan Fournier","1610612753","Orlando Magic",2021,"0022000309","20210131",9.5,32.55,FALSE
203095,"Evan Fournier","1610612753","Orlando Magic",2021,"0022000309","20210131",12.4,29.55,FALSE
203095,"Evan Fournier","1610612753","Orlando Magic",2021,"0022000309","20210131",-8.8,28.35,FALSE
203095,"Evan Fournier","1610612753","Orlando Magic",2021,"0022000309","20210131",-8.2,22.15,FALSE
203095,"Evan Fournier","1610612753","Orlando Magic",2021,"0022000309","20210131",8.9,29.55,FALSE
203095,"Evan Fournier","1610612753","Orlando Magic",2021,"0022000323","20210202",19.3,20.85,TRUE
203095,"Evan Fournier","1610612753","Orlando Magic",2021,"0022000323","20210202",3.8,25.15,TRUE
203095,"Evan Fournier","1610612753","Orlando Magic",2021,"0022000323","20210202",-8.7,10.45,TRUE
203095,"Evan Fournier","1610612753","Orlando Magic",2021,"0022000323","20210202",3.1,13.65,TRUE
203095,"Evan Fournier","1610612753","Orlando Magic",2021,"0022000323","20210202",15.5,25.05,FALSE
203095,"Evan Fournier","1610612753","Orlando Magic",2021,"0022000323","20210202",19.6,25.25,FALSE
203095,"Evan Fournier","1610612753","Orlando Magic",2021,"0022000323","20210202",0.8,5.65,TRUE
203095,"Evan Fournier","1610612753","Orlando Magic",2021,"0022000323","20210202",-5,17.25,TRUE
203095,"Evan Fournier","1610612753","Orlando Magic",2021,"0022000323","20210202",-1.8,13.65,FALSE
203095,"Evan Fournier","1610612753","Orlando Magic",2021,"0022000323","20210202",21.2,11.85,FALSE
203095,"Evan Fournier","1610612753","Orlando Magic",2021,"0022000323","20210202",22.6,7.15,FALSE
203095,"Evan Fournier","1610612753","Orlando Magic",2021,"0022000323","20210202",-9.8,29.65,FALSE
203095,"Evan Fournier","1610612753","Orlando Magic",2021,"0022000323","20210202",2.3,13.65,TRUE
203095,"Evan Fournier","1610612753","Orlando Magic",2021,"0022000323","20210202",0.9,16.75,FALSE
203095,"Evan Fournier","1610612753","Orlando Magic",2021,"0022000323","20210202",-5.9,22.15,FALSE
203095,"Evan Fournier","1610612753","Orlando Magic",2021,"0022000344","20210205",5.4,20.35,FALSE
203095,"Evan Fournier","1610612753","Orlando Magic",2021,"0022000344","20210205",22.8,6.75,FALSE
203095,"Evan Fournier","1610612753","Orlando Magic",2021,"0022000344","20210205",-6.2,31.05,TRUE
203095,"Evan Fournier","1610612753","Orlando Magic",2021,"0022000344","20210205",-0.8,7.85,TRUE
203095,"Evan Fournier","1610612753","Orlando Magic",2021,"0022000344","20210205",-12.4,29.15,TRUE
203095,"Evan Fournier","1610612753","Orlando Magic",2021,"0022000344","20210205",11.1,27.45,TRUE
203095,"Evan Fournier","1610612753","Orlando Magic",2021,"0022000344","20210205",9.7,11.05,FALSE
203095,"Evan Fournier","1610612753","Orlando Magic",2021,"0022000344","20210205",0.6,5.05,TRUE
203095,"Evan Fournier","1610612753","Orlando Magic",2021,"0022000344","20210205",-12.5,26.05,FALSE
203095,"Evan Fournier","1610612753","Orlando Magic",2021,"0022000344","20210205",11.9,28.65,FALSE
203095,"Evan Fournier","1610612753","Orlando Magic",2021,"0022000344","20210205",12.5,26.15,FALSE
203095,"Evan Fournier","1610612753","Orlando Magic",2021,"0022000344","20210205",0.5,7.95,FALSE
203095,"Evan Fournier","1610612753","Orlando Magic",2021,"0022000344","20210205",-13.3,7.85,TRUE
203095,"Evan Fournier","1610612753","Orlando Magic",2021,"0022000436","20210217",9.6,28.85,TRUE
203095,"Evan Fournier","1610612753","Orlando Magic",2021,"0022000436","20210217",2.7,7.05,TRUE
203095,"Evan Fournier","1610612753","Orlando Magic",2021,"0022000436","20210217",4.2,12.45,FALSE
203095,"Evan Fournier","1610612753","Orlando Magic",2021,"0022000436","20210217",2.6,30.85,FALSE
203095,"Evan Fournier","1610612753","Orlando Magic",2021,"0022000436","20210217",0.6,7.35,FALSE
203095,"Evan Fournier","1610612753","Orlando Magic",2021,"0022000436","20210217",0.9,7.35,FALSE
203095,"Evan Fournier","1610612753","Orlando Magic",2021,"0022000436","20210217",0.2,20.35,FALSE
203095,"Evan Fournier","1610612753","Orlando Magic",2021,"0022000436","20210217",17.4,19.15,FALSE
203095,"Evan Fournier","1610612753","Orlando Magic",2021,"0022000436","20210217",11.2,17.95,TRUE
203095,"Evan Fournier","1610612753","Orlando Magic",2021,"0022000436","20210217",16,27.35,TRUE
203095,"Evan Fournier","1610612753","Orlando Magic",2021,"0022000436","20210217",-15.8,28.25,FALSE
203095,"Evan Fournier","1610612753","Orlando Magic",2021,"0022000436","20210217",0.5,20.75,TRUE
203095,"Evan Fournier","1610612753","Orlando Magic",2021,"0022000436","20210217",-13.9,26.35,TRUE
203095,"Evan Fournier","1610612753","Orlando Magic",2021,"0022000436","20210217",-5.7,20.15,TRUE
203095,"Evan Fournier","1610612753","Orlando Magic",2021,"0022000436","20210217",-0.6,6.85,TRUE
203095,"Evan Fournier","1610612753","Orlando Magic",2021,"0022000449","20210219",19.3,22.15,FALSE
203095,"Evan Fournier","1610612753","Orlando Magic",2021,"0022000449","20210219",23.6,7.55,TRUE
203095,"Evan Fournier","1610612753","Orlando Magic",2021,"0022000449","20210219",0.5,5.25,TRUE
203095,"Evan Fournier","1610612753","Orlando Magic",2021,"0022000449","20210219",17.7,23.65,TRUE
203095,"Evan Fournier","1610612753","Orlando Magic",2021,"0022000449","20210219",1.3,18.95,TRUE
203095,"Evan Fournier","1610612753","Orlando Magic",2021,"0022000449","20210219",2,30.25,TRUE
203095,"Evan Fournier","1610612753","Orlando Magic",2021,"0022000449","20210219",-13.9,27.25,FALSE
203095,"Evan Fournier","1610612753","Orlando Magic",2021,"0022000449","20210219",-3.4,17.35,TRUE
203095,"Evan Fournier","1610612753","Orlando Magic",2021,"0022000449","20210219",-1.8,30.35,FALSE
203095,"Evan Fournier","1610612753","Orlando Magic",2021,"0022000449","20210219",-4,25.85,FALSE
203095,"Evan Fournier","1610612753","Orlando Magic",2021,"0022000449","20210219",-17.2,21.95,TRUE
203095,"Evan Fournier","1610612753","Orlando Magic",2021,"0022000449","20210219",-4,14.55,TRUE
203095,"Evan Fournier","1610612753","Orlando Magic",2021,"0022000449","20210219",-0.3,12.55,TRUE
203095,"Evan Fournier","1610612753","Orlando Magic",2021,"0022000449","20210219",-0.5,28.25,TRUE
203095,"Evan Fournier","1610612753","Orlando Magic",2021,"0022000449","20210219",-7,31.55,TRUE
203095,"Evan Fournier","1610612753","Orlando Magic",2021,"0022000449","20210219",-0.5,8.05,FALSE
203095,"Evan Fournier","1610612753","Orlando Magic",2021,"0022000449","20210219",11.2,28.05,FALSE
203095,"Evan Fournier","1610612753","Orlando Magic",2021,"0022000449","20210219",0.9,7.95,FALSE
203095,"Evan Fournier","1610612753","Orlando Magic",2021,"0022000467","20210221",0,19.25,TRUE
203095,"Evan Fournier","1610612753","Orlando Magic",2021,"0022000467","20210221",-0.6,13.05,TRUE
203095,"Evan Fournier","1610612753","Orlando Magic",2021,"0022000467","20210221",9.8,27.75,TRUE
203095,"Evan Fournier","1610612753","Orlando Magic",2021,"0022000467","20210221",22,16.65,FALSE
203095,"Evan Fournier","1610612753","Orlando Magic",2021,"0022000467","20210221",14.6,20.55,TRUE
203095,"Evan Fournier","1610612753","Orlando Magic",2021,"0022000467","20210221",23.6,1.85,FALSE
203095,"Evan Fournier","1610612753","Orlando Magic",2021,"0022000467","20210221",6,29.85,FALSE
203095,"Evan Fournier","1610612753","Orlando Magic",2021,"0022000467","20210221",23.7,11.55,TRUE
203095,"Evan Fournier","1610612753","Orlando Magic",2021,"0022000467","20210221",-0.6,20.65,TRUE
203095,"Evan Fournier","1610612753","Orlando Magic",2021,"0022000467","20210221",-12.3,29.45,TRUE
203095,"Evan Fournier","1610612753","Orlando Magic",2021,"0022000467","20210221",24.4,9.85,FALSE
203095,"Evan Fournier","1610612753","Orlando Magic",2021,"0022000467","20210221",4.5,31.55,FALSE
203095,"Evan Fournier","1610612753","Orlando Magic",2021,"0022000467","20210221",7.6,30.95,FALSE
203095,"Evan Fournier","1610612753","Orlando Magic",2021,"0022000467","20210221",-2.2,8.45,FALSE
203095,"Evan Fournier","1610612753","Orlando Magic",2021,"0022000467","20210221",18.6,33.05,FALSE
203095,"Evan Fournier","1610612753","Orlando Magic",2021,"0022000481","20210223",-1.1,7.15,FALSE
203095,"Evan Fournier","1610612753","Orlando Magic",2021,"0022000481","20210223",9.6,28.35,TRUE
203095,"Evan Fournier","1610612753","Orlando Magic",2021,"0022000481","20210223",-7.9,33.65,TRUE
203095,"Evan Fournier","1610612753","Orlando Magic",2021,"0022000481","20210223",4.2,16.35,FALSE
203095,"Evan Fournier","1610612753","Orlando Magic",2021,"0022000481","20210223",19.4,15.55,FALSE
203095,"Evan Fournier","1610612753","Orlando Magic",2021,"0022000481","20210223",-3,29.85,FALSE
203095,"Evan Fournier","1610612753","Orlando Magic",2021,"0022000481","20210223",-13.1,27.35,FALSE
203095,"Evan Fournier","1610612753","Orlando Magic",2021,"0022000481","20210223",-22.1,10.15,FALSE
203095,"Evan Fournier","1610612753","Orlando Magic",2021,"0022000481","20210223",0.2,11.75,FALSE
203095,"Evan Fournier","1610612753","Orlando Magic",2021,"0022000481","20210223",-1.4,6.05,FALSE
203095,"Evan Fournier","1610612753","Orlando Magic",2021,"0022000481","20210223",15.7,24.85,FALSE
203095,"Evan Fournier","1610612753","Orlando Magic",2021,"0022000481","20210223",-2.1,5.75,TRUE
203095,"Evan Fournier","1610612753","Orlando Magic",2021,"0022000481","20210223",-9.8,29.15,TRUE
203095,"Evan Fournier","1610612753","Orlando Magic",2021,"0022000481","20210223",-13.1,26.75,FALSE
203095,"Evan Fournier","1610612753","Orlando Magic",2021,"0022000499","20210225",0.9,23.85,FALSE
203095,"Evan Fournier","1610612753","Orlando Magic",2021,"0022000499","20210225",-15.6,8.05,FALSE
203095,"Evan Fournier","1610612753","Orlando Magic",2021,"0022000499","20210225",14.1,26.75,TRUE
203095,"Evan Fournier","1610612753","Orlando Magic",2021,"0022000499","20210225",-0.4,5.95,TRUE
203095,"Evan Fournier","1610612753","Orlando Magic",2021,"0022000499","20210225",5.7,10.45,TRUE
203095,"Evan Fournier","1610612753","Orlando Magic",2021,"0022000499","20210225",-8.1,29.05,FALSE
203095,"Evan Fournier","1610612753","Orlando Magic",2021,"0022000499","20210225",-9.8,29.55,FALSE
203095,"Evan Fournier","1610612753","Orlando Magic",2021,"0022000499","20210225",12,27.35,FALSE
203095,"Evan Fournier","1610612753","Orlando Magic",2021,"0022000499","20210225",-1.2,30.85,FALSE
203095,"Evan Fournier","1610612753","Orlando Magic",2021,"0022000516","20210227",8.9,21.95,TRUE
203095,"Evan Fournier","1610612753","Orlando Magic",2021,"0022000516","20210227",-1.5,28.05,FALSE
203095,"Evan Fournier","1610612753","Orlando Magic",2021,"0022000516","20210227",-13,29.05,FALSE
203095,"Evan Fournier","1610612753","Orlando Magic",2021,"0022000516","20210227",7.3,23.15,FALSE
203095,"Evan Fournier","1610612753","Orlando Magic",2021,"0022000516","20210227",-1,8.35,TRUE
203095,"Evan Fournier","1610612753","Orlando Magic",2021,"0022000516","20210227",3.9,18.35,TRUE
203095,"Evan Fournier","1610612753","Orlando Magic",2021,"0022000516","20210227",-3.2,20.45,FALSE
203095,"Evan Fournier","1610612753","Orlando Magic",2021,"0022000516","20210227",0.2,8.95,FALSE
203095,"Evan Fournier","1610612753","Orlando Magic",2021,"0022000516","20210227",-0.8,5.35,TRUE
203095,"Evan Fournier","1610612753","Orlando Magic",2021,"0022000516","20210227",-1.4,15.05,TRUE
203095,"Evan Fournier","1610612753","Orlando Magic",2021,"0022000516","20210227",-1.8,6.35,TRUE
203095,"Evan Fournier","1610612753","Orlando Magic",2021,"0022000516","20210227",5.9,28.95,FALSE
203095,"Evan Fournier","1610612753","Orlando Magic",2021,"0022000516","20210227",-0.8,10.45,FALSE
203095,"Evan Fournier","1610612753","Orlando Magic",2021,"0022000516","20210227",-14.2,19.75,FALSE
203095,"Evan Fournier","1610612753","Orlando Magic",2021,"0022000516","20210227",23.4,13.25,FALSE
203095,"Evan Fournier","1610612753","Orlando Magic",2021,"0022000516","20210227",-11,28.15,FALSE
203095,"Evan Fournier","1610612753","Orlando Magic",2021,"0022000516","20210227",-16.9,23.05,FALSE
203095,"Evan Fournier","1610612753","Orlando Magic",2021,"0022000516","20210227",23.8,11.95,TRUE
203095,"Evan Fournier","1610612753","Orlando Magic",2021,"0022000516","20210227",9.3,28.25,FALSE
203095,"Evan Fournier","1610612753","Orlando Magic",2021,"0022000516","20210227",8.6,18.45,FALSE
203095,"Evan Fournier","1610612753","Orlando Magic",2021,"0022000529","20210301",0.6,14.25,TRUE
203095,"Evan Fournier","1610612753","Orlando Magic",2021,"0022000529","20210301",-8.8,30.05,FALSE
203095,"Evan Fournier","1610612753","Orlando Magic",2021,"0022000529","20210301",1.1,5.65,TRUE
203095,"Evan Fournier","1610612753","Orlando Magic",2021,"0022000529","20210301",0.6,5.25,TRUE
203095,"Evan Fournier","1610612753","Orlando Magic",2021,"0022000529","20210301",-1.2,31.25,TRUE
203095,"Evan Fournier","1610612753","Orlando Magic",2021,"0022000529","20210301",-11.6,28.45,FALSE
203095,"Evan Fournier","1610612753","Orlando Magic",2021,"0022000529","20210301",-0.5,7.45,FALSE
203095,"Evan Fournier","1610612753","Orlando Magic",2021,"0022000529","20210301",21.4,18.65,TRUE
203095,"Evan Fournier","1610612753","Orlando Magic",2021,"0022000529","20210301",14.9,24.65,TRUE
203095,"Evan Fournier","1610612753","Orlando Magic",2021,"0022000529","20210301",16.4,26.15,TRUE
203095,"Evan Fournier","1610612753","Orlando Magic",2021,"0022000529","20210301",-11.1,29.05,FALSE
203095,"Evan Fournier","1610612753","Orlando Magic",2021,"0022000529","20210301",-0.5,13.05,FALSE
203095,"Evan Fournier","1610612753","Orlando Magic",2021,"0022000529","20210301",15.5,27.05,TRUE
203095,"Evan Fournier","1610612753","Orlando Magic",2021,"0022000627","20210318",-7.3,29.65,FALSE
203095,"Evan Fournier","1610612753","Orlando Magic",2021,"0022000627","20210318",-1.1,6.05,FALSE
203095,"Evan Fournier","1610612753","Orlando Magic",2021,"0022000627","20210318",9,9.65,TRUE
203095,"Evan Fournier","1610612753","Orlando Magic",2021,"0022000627","20210318",-24.4,4.75,TRUE
203095,"Evan Fournier","1610612753","Orlando Magic",2021,"0022000627","20210318",-14.5,24.95,FALSE
203095,"Evan Fournier","1610612753","Orlando Magic",2021,"0022000627","20210318",0.9,5.65,TRUE
203095,"Evan Fournier","1610612753","Orlando Magic",2021,"0022000627","20210318",17.2,26.15,FALSE
203095,"Evan Fournier","1610612753","Orlando Magic",2021,"0022000627","20210318",22.8,7.65,FALSE
203095,"Evan Fournier","1610612753","Orlando Magic",2021,"0022000627","20210318",0.8,25.35,FALSE
203095,"Evan Fournier","1610612753","Orlando Magic",2021,"0022000627","20210318",-13.1,26.75,FALSE
203095,"Evan Fournier","1610612753","Orlando Magic",2021,"0022000627","20210318",-1.8,17.65,FALSE
203095,"Evan Fournier","1610612753","Orlando Magic",2021,"0022000627","20210318",2.5,30.35,FALSE
203095,"Evan Fournier","1610612753","Orlando Magic",2021,"0022000627","20210318",2.9,27.15,TRUE
203095,"Evan Fournier","1610612753","Orlando Magic",2021,"0022000627","20210318",1.4,8.85,FALSE
203095,"Evan Fournier","1610612753","Orlando Magic",2021,"0022000627","20210318",2.9,7.45,TRUE
203095,"Evan Fournier","1610612753","Orlando Magic",2021,"0022000627","20210318",24.2,4.55,TRUE
203095,"Evan Fournier","1610612753","Orlando Magic",2021,"0022000627","20210318",-0.3,9.45,FALSE
203095,"Evan Fournier","1610612753","Orlando Magic",2021,"0022000627","20210318",7.8,29.15,TRUE
203095,"Evan Fournier","1610612753","Orlando Magic",2021,"0022000627","20210318",6.4,29.25,FALSE
203095,"Evan Fournier","1610612753","Orlando Magic",2021,"0022000627","20210318",0.4,7.75,TRUE
203095,"Evan Fournier","1610612753","Orlando Magic",2021,"0022000627","20210318",5.5,29.95,TRUE
203095,"Evan Fournier","1610612753","Orlando Magic",2021,"0022000633","20210319",0.6,6.65,TRUE
203095,"Evan Fournier","1610612753","Orlando Magic",2021,"0022000633","20210319",22.7,5.55,TRUE
203095,"Evan Fournier","1610612753","Orlando Magic",2021,"0022000633","20210319",17.2,22.85,FALSE
203095,"Evan Fournier","1610612753","Orlando Magic",2021,"0022000633","20210319",13.6,27.15,TRUE
203095,"Evan Fournier","1610612753","Orlando Magic",2021,"0022000633","20210319",13.3,27.25,TRUE
203095,"Evan Fournier","1610612753","Orlando Magic",2021,"0022000633","20210319",2.5,31.55,TRUE
203095,"Evan Fournier","1610612753","Orlando Magic",2021,"0022000633","20210319",-1.5,31.45,TRUE
203095,"Evan Fournier","1610612753","Orlando Magic",2021,"0022000633","20210319",-0.8,6.75,TRUE
203095,"Evan Fournier","1610612753","Orlando Magic",2021,"0022000633","20210319",-10.9,21.65,TRUE
203095,"Evan Fournier","1610612753","Orlando Magic",2021,"0022000633","20210319",16.8,5.15,FALSE
203095,"Evan Fournier","1610612753","Orlando Magic",2021,"0022000633","20210319",8.8,29.95,TRUE
203095,"Evan Fournier","1610612753","Orlando Magic",2021,"0022000633","20210319",-0.4,32.55,FALSE
203095,"Evan Fournier","1610612753","Orlando Magic",2021,"0022000633","20210319",-1.3,6.55,TRUE
203095,"Evan Fournier","1610612753","Orlando Magic",2021,"0022000661","20210323",3,6.05,TRUE
203095,"Evan Fournier","1610612753","Orlando Magic",2021,"0022000661","20210323",20,21.55,FALSE
203095,"Evan Fournier","1610612753","Orlando Magic",2021,"0022000661","20210323",3.2,27.45,TRUE
203095,"Evan Fournier","1610612753","Orlando Magic",2021,"0022000661","20210323",5.3,30.25,FALSE
203095,"Evan Fournier","1610612753","Orlando Magic",2021,"0022000661","20210323",21.5,18.35,FALSE
203095,"Evan Fournier","1610612753","Orlando Magic",2021,"0022000661","20210323",2.9,7.45,FALSE
203095,"Evan Fournier","1610612753","Orlando Magic",2021,"0022000661","20210323",23.3,3.25,TRUE
203095,"Evan Fournier","1610612753","Orlando Magic",2021,"0022000661","20210323",16.2,25.85,TRUE
203095,"Evan Fournier","1610612753","Orlando Magic",2021,"0022000661","20210323",-5.6,29.95,TRUE
203095,"Evan Fournier","1610612753","Orlando Magic",2021,"0022000661","20210323",4.6,8.65,TRUE
203095,"Evan Fournier","1610612753","Orlando Magic",2021,"0022000661","20210323",-2.7,31.65,FALSE
203095,"Evan Fournier","1610612753","Orlando Magic",2021,"0022000661","20210323",-0.5,7.25,TRUE
203095,"Evan Fournier","1610612753","Orlando Magic",2021,"0022000661","20210323",-1,31.65,FALSE
203095,"Evan Fournier","1610612753","Orlando Magic",2021,"0022000661","20210323",22.6,6.35,TRUE
203095,"Evan Fournier","1610612753","Orlando Magic",2021,"0022000661","20210323",3.9,31.15,FALSE
203095,"Evan Fournier","1610612753","Orlando Magic",2021,"0022000661","20210323",13.3,27.95,TRUE
203095,"Evan Fournier","1610612753","Orlando Magic",2021,"0022000661","20210323",0.3,7.25,TRUE
203095,"Evan Fournier","1610612753","Orlando Magic",2021,"0022000661","20210323",3,31.05,FALSE
203095,"Evan Fournier","1610612753","Orlando Magic",2021,"0022000670","20210324",1.6,19.35,TRUE
203095,"Evan Fournier","1610612753","Orlando Magic",2021,"0022000670","20210324",11.9,28.25,TRUE
203095,"Evan Fournier","1610612753","Orlando Magic",2021,"0022000670","20210324",5.6,31.05,TRUE
203095,"Evan Fournier","1610612753","Orlando Magic",2021,"0022000670","20210324",-0.6,22.65,FALSE
203095,"Evan Fournier","1610612753","Orlando Magic",2021,"0022000670","20210324",22.9,7.95,TRUE
203095,"Evan Fournier","1610612753","Orlando Magic",2021,"0022000670","20210324",6.7,8.55,FALSE
203095,"Evan Fournier","1610612753","Orlando Magic",2021,"0022000670","20210324",-21,17.45,FALSE
203095,"Evan Fournier","1610612753","Orlando Magic",2021,"0022000670","20210324",3.5,6.75,FALSE
203095,"Evan Fournier","1610612753","Orlando Magic",2021,"0022000670","20210324",-9.5,20.25,TRUE
203095,"Evan Fournier","1610612753","Orlando Magic",2021,"0022000670","20210324",-8.3,29.55,FALSE
203095,"Evan Fournier","1610612753","Orlando Magic",2021,"0022000670","20210324",-22.4,9.55,FALSE
203095,"Evan Fournier","1610612753","Orlando Magic",2021,"0022000670","20210324",12.2,28.15,FALSE
203095,"Evan Fournier","1610612753","Orlando Magic",2021,"0022000670","20210324",12.4,26.65,TRUE
203095,"Evan Fournier","1610612753","Orlando Magic",2021,"0022000670","20210324",15,25.05,FALSE
203095,"Evan Fournier","1610612753","Orlando Magic",2021,"0022000670","20210324",-15,4.15,TRUE
203095,"Evan Fournier","1610612753","Orlando Magic",2021,"0022000670","20210324",-1.8,7.75,TRUE
203095,"Evan Fournier","1610612753","Orlando Magic",2021,"0022000708","20210329",-7.9,31.75,FALSE
203095,"Evan Fournier","1610612753","Orlando Magic",2021,"0022000708","20210329",4.6,7.45,FALSE
203095,"Evan Fournier","1610612753","Orlando Magic",2021,"0022000708","20210329",18.1,25.25,FALSE
203095,"Evan Fournier","1610612753","Orlando Magic",2021,"0022000708","20210329",-1.9,59.25,FALSE
203095,"Evan Fournier","1610612753","Orlando Magic",2021,"0022000708","20210329",-13,24.65,FALSE
203095,"Evan Fournier","1610612753","Orlando Magic",2021,"0022000708","20210329",23.2,5.25,FALSE
203095,"Evan Fournier","1610612753","Orlando Magic",2021,"0022000708","20210329",-0.3,6.65,FALSE
203095,"Evan Fournier","1610612753","Orlando Magic",2021,"0022000708","20210329",0,16.65,FALSE
203095,"Evan Fournier","1610612753","Orlando Magic",2021,"0022000708","20210329",15.8,24.75,FALSE
203095,"Evan Fournier","1610612753","Orlando Magic",2021,"0022000708","20210329",19.6,11.55,FALSE
203095,"Evan Fournier","1610612753","Orlando Magic",2021,"0022000723","20210331",2,22.15,TRUE
203095,"Evan Fournier","1610612753","Orlando Magic",2021,"0022000723","20210331",-1.8,7.05,FALSE
203095,"Evan Fournier","1610612753","Orlando Magic",2021,"0022000723","20210331",7.6,26.75,TRUE
203095,"Evan Fournier","1610612753","Orlando Magic",2021,"0022000723","20210331",7.7,32.45,FALSE
203095,"Evan Fournier","1610612753","Orlando Magic",2021,"0022000723","20210331",-3.6,12.15,TRUE
203095,"Evan Fournier","1610612753","Orlando Magic",2021,"0022000723","20210331",-22.1,16.55,FALSE
203095,"Evan Fournier","1610612753","Orlando Magic",2021,"0022000738","20210402",13.6,30.85,TRUE
203095,"Evan Fournier","1610612753","Orlando Magic",2021,"0022000738","20210402",23.4,8.55,FALSE
203095,"Evan Fournier","1610612753","Orlando Magic",2021,"0022000738","20210402",4.3,32.15,FALSE
203095,"Evan Fournier","1610612753","Orlando Magic",2021,"0022000738","20210402",-22.5,7.55,FALSE
203095,"Evan Fournier","1610612753","Orlando Magic",2021,"0022000738","20210402",1.1,19.95,FALSE
203095,"Evan Fournier","1610612753","Orlando Magic",2021,"0022000738","20210402",5.1,29.75,FALSE
203095,"Evan Fournier","1610612753","Orlando Magic",2021,"0022000738","20210402",14.3,25.35,TRUE
203095,"Evan Fournier","1610612753","Orlando Magic",2021,"0022000738","20210402",14.7,25.85,TRUE
203095,"Evan Fournier","1610612753","Orlando Magic",2021,"0022000738","20210402",23.4,7.15,TRUE
203095,"Evan Fournier","1610612753","Orlando Magic",2021,"0022000738","20210402",19,21.55,TRUE
203095,"Evan Fournier","1610612753","Orlando Magic",2021,"0022000738","20210402",9.2,28.95,TRUE
203095,"Evan Fournier","1610612753","Orlando Magic",2021,"0022000738","20210402",-2.9,26.25,TRUE
203095,"Evan Fournier","1610612753","Orlando Magic",2021,"0022000738","20210402",-23.5,9.55,TRUE
203095,"Evan Fournier","1610612753","Orlando Magic",2021,"0022000757","20210404",-22.7,7.25,TRUE
203095,"Evan Fournier","1610612753","Orlando Magic",2021,"0022000757","20210404",1.1,31.55,TRUE
203095,"Evan Fournier","1610612753","Orlando Magic",2021,"0022000757","20210404",4.5,10.55,TRUE
203095,"Evan Fournier","1610612753","Orlando Magic",2021,"0022000757","20210404",3.5,19.55,FALSE
203095,"Evan Fournier","1610612753","Orlando Magic",2021,"0022000757","20210404",20.6,21.95,TRUE
203095,"Evan Fournier","1610612753","Orlando Magic",2021,"0022000757","20210404",-5.3,26.95,FALSE
203095,"Evan Fournier","1610612753","Orlando Magic",2021,"0022000757","20210404",-4.5,9.45,FALSE
203095,"Evan Fournier","1610612753","Orlando Magic",2021,"0022000757","20210404",15.6,25.05,TRUE
203095,"Evan Fournier","1610612753","Orlando Magic",2021,"0022000757","20210404",14.6,24.75,FALSE
203095,"Evan Fournier","1610612753","Orlando Magic",2021,"0022000899","20210423",-0.5,10.25,FALSE
203095,"Evan Fournier","1610612753","Orlando Magic",2021,"0022000899","20210423",9.5,28.95,FALSE
203095,"Evan Fournier","1610612753","Orlando Magic",2021,"0022000899","20210423",1.3,22.45,FALSE
203095,"Evan Fournier","1610612753","Orlando Magic",2021,"0022000899","20210423",14.7,25.75,FALSE
203095,"Evan Fournier","1610612753","Orlando Magic",2021,"0022000899","20210423",-0.5,4.05,FALSE
203095,"Evan Fournier","1610612753","Orlando Magic",2021,"0022000899","20210423",-22.5,5.55,FALSE
203095,"Evan Fournier","1610612753","Orlando Magic",2021,"0022000899","20210423",-0.3,5.55,FALSE
203095,"Evan Fournier","1610612753","Orlando Magic",2021,"0022000911","20210425",18.5,23.05,FALSE
203095,"Evan Fournier","1610612753","Orlando Magic",2021,"0022000911","20210425",17.7,4.45,FALSE
203095,"Evan Fournier","1610612753","Orlando Magic",2021,"0022000911","20210425",-0.3,31.05,FALSE
203095,"Evan Fournier","1610612753","Orlando Magic",2021,"0022000927","20210427",-14.9,26.55,FALSE
203095,"Evan Fournier","1610612753","Orlando Magic",2021,"0022000927","20210427",-0.9,7.05,FALSE
203095,"Evan Fournier","1610612753","Orlando Magic",2021,"0022000927","20210427",17,26.95,FALSE
203095,"Evan Fournier","1610612753","Orlando Magic",2021,"0022000927","20210427",-2,19.55,TRUE
203095,"Evan Fournier","1610612753","Orlando Magic",2021,"0022000927","20210427",4.5,32.25,FALSE
203095,"Evan Fournier","1610612753","Orlando Magic",2021,"0022000927","20210427",1.3,8.05,FALSE
203095,"Evan Fournier","1610612753","Orlando Magic",2021,"0022000927","20210427",5.2,30.55,TRUE
203095,"Evan Fournier","1610612753","Orlando Magic",2021,"0022000927","20210427",16.7,24.05,TRUE
203095,"Evan Fournier","1610612753","Orlando Magic",2021,"0022000927","20210427",2.2,30.45,FALSE
203095,"Evan Fournier","1610612753","Orlando Magic",2021,"0022000927","20210427",-11.4,17.25,FALSE
203095,"Evan Fournier","1610612753","Orlando Magic",2021,"0022000927","20210427",-17.2,24.45,FALSE
203095,"Evan Fournier","1610612753","Orlando Magic",2021,"0022000927","20210427",11.3,27.05,FALSE
203095,"Evan Fournier","1610612753","Orlando Magic",2021,"0022000927","20210427",-0.5,6.95,TRUE
203095,"Evan Fournier","1610612753","Orlando Magic",2021,"0022000927","20210427",-3.6,30.55,FALSE
203095,"Evan Fournier","1610612753","Orlando Magic",2021,"0022000936","20210428",0.5,16.15,FALSE
203095,"Evan Fournier","1610612753","Orlando Magic",2021,"0022000936","20210428",24.1,5.15,FALSE
203095,"Evan Fournier","1610612753","Orlando Magic",2021,"0022000936","20210428",0,9.85,TRUE
203095,"Evan Fournier","1610612753","Orlando Magic",2021,"0022000936","20210428",-13,29.35,FALSE
203095,"Evan Fournier","1610612753","Orlando Magic",2021,"0022000936","20210428",-18.6,6.95,FALSE
203095,"Evan Fournier","1610612753","Orlando Magic",2021,"0022000936","20210428",3,31.95,FALSE
203095,"Evan Fournier","1610612753","Orlando Magic",2021,"0022000936","20210428",3.3,9.75,FALSE
203095,"Evan Fournier","1610612753","Orlando Magic",2021,"0022000950","20210430",-1.3,30.35,FALSE
203095,"Evan Fournier","1610612753","Orlando Magic",2021,"0022000950","20210430",18.9,7.85,FALSE
203095,"Evan Fournier","1610612753","Orlando Magic",2021,"0022000950","20210430",23.6,6.65,FALSE
203095,"Evan Fournier","1610612753","Orlando Magic",2021,"0022000950","20210430",23.4,4.65,TRUE
203095,"Evan Fournier","1610612753","Orlando Magic",2021,"0022000950","20210430",18.1,25.15,TRUE
203095,"Evan Fournier","1610612753","Orlando Magic",2021,"0022000950","20210430",-0.8,7.95,TRUE
203095,"Evan Fournier","1610612753","Orlando Magic",2021,"0022000968","20210502",14.4,19.65,TRUE
203095,"Evan Fournier","1610612753","Orlando Magic",2021,"0022000968","20210502",6,31.25,TRUE
203095,"Evan Fournier","1610612753","Orlando Magic",2021,"0022000968","20210502",-3,28.95,TRUE
203095,"Evan Fournier","1610612753","Orlando Magic",2021,"0022000968","20210502",19.3,29.55,TRUE
203095,"Evan Fournier","1610612753","Orlando Magic",2021,"0022000968","20210502",-12.8,27.25,TRUE
203095,"Evan Fournier","1610612753","Orlando Magic",2021,"0022000968","20210502",2,8.65,TRUE
203095,"Evan Fournier","1610612753","Orlando Magic",2021,"0022000968","20210502",-12,29.95,TRUE
203095,"Evan Fournier","1610612753","Orlando Magic",2021,"0022000968","20210502",-0.7,29.95,FALSE
203095,"Evan Fournier","1610612753","Orlando Magic",2021,"0022000968","20210502",11.6,27.75,FALSE
203095,"Evan Fournier","1610612753","Orlando Magic",2021,"0022000968","20210502",-23.1,7.75,TRUE
203095,"Evan Fournier","1610612753","Orlando Magic",2021,"0022000990","20210505",2.9,6.55,FALSE
203095,"Evan Fournier","1610612753","Orlando Magic",2021,"0022000990","20210505",-8.9,28.95,TRUE
203095,"Evan Fournier","1610612753","Orlando Magic",2021,"0022000990","20210505",-6.5,31.35,FALSE
203095,"Evan Fournier","1610612753","Orlando Magic",2021,"0022000990","20210505",2.6,6.25,TRUE
203095,"Evan Fournier","1610612753","Orlando Magic",2021,"0022000990","20210505",-11.4,29.25,TRUE
203095,"Evan Fournier","1610612753","Orlando Magic",2021,"0022000990","20210505",0.6,19.05,TRUE
203095,"Evan Fournier","1610612753","Orlando Magic",2021,"0022000990","20210505",-5,18.45,FALSE
203095,"Evan Fournier","1610612753","Orlando Magic",2021,"0022000990","20210505",5.1,11.45,FALSE
203095,"Evan Fournier","1610612753","Orlando Magic",2021,"0022000990","20210505",12.7,28.35,FALSE
203095,"Evan Fournier","1610612753","Orlando Magic",2021,"0022000990","20210505",7.3,10.95,TRUE
203095,"Evan Fournier","1610612753","Orlando Magic",2021,"0022000990","20210505",-3,33.25,FALSE
203095,"Evan Fournier","1610612753","Orlando Magic",2021,"0022000990","20210505",-0.6,15.35,TRUE
203095,"Evan Fournier","1610612753","Orlando Magic",2021,"0022000990","20210505",2,12.55,TRUE
203095,"Evan Fournier","1610612753","Orlando Magic",2021,"0022000990","20210505",-2.2,9.65,TRUE
203095,"Evan Fournier","1610612753","Orlando Magic",2021,"0022001032","20210511",23.4,6.95,TRUE
203095,"Evan Fournier","1610612753","Orlando Magic",2021,"0022001032","20210511",10.3,14.25,TRUE
203095,"Evan Fournier","1610612753","Orlando Magic",2021,"0022001032","20210511",2.3,17.85,FALSE
203095,"Evan Fournier","1610612753","Orlando Magic",2021,"0022001032","20210511",-0.4,21.55,TRUE
203095,"Evan Fournier","1610612753","Orlando Magic",2021,"0022001032","20210511",9.2,31.55,TRUE
203095,"Evan Fournier","1610612753","Orlando Magic",2021,"0022001032","20210511",0.6,10.25,FALSE
203095,"Evan Fournier","1610612753","Orlando Magic",2021,"0022001032","20210511",1.9,9.85,FALSE
203095,"Evan Fournier","1610612753","Orlando Magic",2021,"0022001032","20210511",20.1,22.15,TRUE
203095,"Evan Fournier","1610612753","Orlando Magic",2021,"0022001032","20210511",1.8,14.95,TRUE
203095,"Evan Fournier","1610612753","Orlando Magic",2021,"0022001032","20210511",-11.7,29.95,FALSE
203095,"Evan Fournier","1610612753","Orlando Magic",2021,"0022001032","20210511",12.8,26.75,FALSE
203095,"Evan Fournier","1610612753","Orlando Magic",2021,"0022001032","20210511",1.9,30.35,FALSE
203095,"Evan Fournier","1610612753","Orlando Magic",2021,"0022001032","20210511",14,11.75,FALSE
203095,"Evan Fournier","1610612753","Orlando Magic",2021,"0022001032","20210511",-5.4,12.55,FALSE
203095,"Evan Fournier","1610612753","Orlando Magic",2021,"0022001032","20210511",0.5,29.95,TRUE
203095,"Evan Fournier","1610612753","Orlando Magic",2021,"0022001044","20210512",24.2,7.45,FALSE
203095,"Evan Fournier","1610612753","Orlando Magic",2021,"0022001044","20210512",-0.3,5.85,TRUE
203095,"Evan Fournier","1610612753","Orlando Magic",2021,"0022001044","20210512",-1.8,7.25,FALSE
203095,"Evan Fournier","1610612753","Orlando Magic",2021,"0022001044","20210512",-15.8,26.35,FALSE
203095,"Evan Fournier","1610612753","Orlando Magic",2021,"0022001044","20210512",-0.5,5.25,FALSE
203095,"Evan Fournier","1610612753","Orlando Magic",2021,"0022001044","20210512",-0.5,5.45,TRUE
203095,"Evan Fournier","1610612753","Orlando Magic",2021,"0022001044","20210512",4,10.15,FALSE
203095,"Evan Fournier","1610612753","Orlando Magic",2021,"0022001044","20210512",-4,10.75,TRUE
203095,"Evan Fournier","1610612753","Orlando Magic",2021,"0022001044","20210512",11.2,28.75,FALSE
203095,"Evan Fournier","1610612753","Orlando Magic",2021,"0022001044","20210512",-13.3,18.55,FALSE
203095,"Evan Fournier","1610612753","Orlando Magic",2021,"0022001044","20210512",-0.9,13.15,FALSE
203095,"Evan Fournier","1610612753","Orlando Magic",2021,"0022001044","20210512",18,23.75,TRUE
203095,"Evan Fournier","1610612753","Orlando Magic",2021,"0022001044","20210512",0.6,7.25,FALSE
203095,"Evan Fournier","1610612753","Orlando Magic",2021,"0022001044","20210512",0.3,31.45,FALSE
203095,"Evan Fournier","1610612753","Orlando Magic",2021,"0022001044","20210512",2.5,31.55,TRUE
203095,"Evan Fournier","1610612753","Orlando Magic",2021,"0022001044","20210512",10.6,28.65,FALSE
203095,"Evan Fournier","1610612753","Orlando Magic",2021,"0022001044","20210512",-10.9,6.65,FALSE
203095,"Evan Fournier","1610612753","Orlando Magic",2021,"0022001044","20210512",8.1,24.05,FALSE
203095,"Evan Fournier","1610612753","Orlando Magic",2021,"0022001044","20210512",-22.5,6.55,TRUE
203095,"Evan Fournier","1610612753","Orlando Magic",2021,"0022001044","20210512",7.5,32.35,FALSE
203095,"Evan Fournier","1610612753","Orlando Magic",2021,"0022001063","20210515",-1.8,5.85,FALSE
203095,"Evan Fournier","1610612753","Orlando Magic",2021,"0022001063","20210515",-4.4,29.75,FALSE
203095,"Evan Fournier","1610612753","Orlando Magic",2021,"0022001063","20210515",-1.8,29.95,TRUE
203095,"Evan Fournier","1610612753","Orlando Magic",2021,"0022001063","20210515",7,19.45,FALSE
203095,"Evan Fournier","1610612753","Orlando Magic",2021,"0022001063","20210515",-0.1,29.95,FALSE
203095,"Evan Fournier","1610612753","Orlando Magic",2021,"0022001063","20210515",12.2,27.45,TRUE
203095,"Evan Fournier","1610612753","Orlando Magic",2021,"0022001063","20210515",13.3,25.85,TRUE
203095,"Evan Fournier","1610612753","Orlando Magic",2021,"0022001063","20210515",23.2,5.25,TRUE
203095,"Evan Fournier","1610612753","Orlando Magic",2021,"0022001063","20210515",4.9,29.95,FALSE
203095,"Evan Fournier","1610612753","Orlando Magic",2021,"0022001063","20210515",0,6.95,TRUE
203095,"Evan Fournier","1610612753","Orlando Magic",2021,"0022001063","20210515",-23.8,5.45,TRUE
203095,"Evan Fournier","1610612752","New York Knicks",2022,"0022100005","20211020",-2.6,7.15,FALSE
203095,"Evan Fournier","1610612752","New York Knicks",2022,"0022100005","20211020",2.9,28.05,FALSE
203095,"Evan Fournier","1610612752","New York Knicks",2022,"0022100005","20211020",0.2,6.75,TRUE
203095,"Evan Fournier","1610612752","New York Knicks",2022,"0022100005","20211020",9.7,27.35,TRUE
203095,"Evan Fournier","1610612752","New York Knicks",2022,"0022100005","20211020",0.1,5.35,TRUE
203095,"Evan Fournier","1610612752","New York Knicks",2022,"0022100005","20211020",-15.7,25.25,FALSE
203095,"Evan Fournier","1610612752","New York Knicks",2022,"0022100005","20211020",-1.2,6.25,TRUE
203095,"Evan Fournier","1610612752","New York Knicks",2022,"0022100005","20211020",-20.2,5.15,FALSE
203095,"Evan Fournier","1610612752","New York Knicks",2022,"0022100005","20211020",1,6.45,TRUE
203095,"Evan Fournier","1610612752","New York Knicks",2022,"0022100005","20211020",-0.4,5.95,TRUE
203095,"Evan Fournier","1610612752","New York Knicks",2022,"0022100005","20211020",22.5,16.15,FALSE
203095,"Evan Fournier","1610612752","New York Knicks",2022,"0022100005","20211020",23.2,12.55,FALSE
203095,"Evan Fournier","1610612752","New York Knicks",2022,"0022100005","20211020",1.7,5.35,TRUE
203095,"Evan Fournier","1610612752","New York Knicks",2022,"0022100005","20211020",17,23.35,FALSE
203095,"Evan Fournier","1610612752","New York Knicks",2022,"0022100005","20211020",19.2,20.15,TRUE
203095,"Evan Fournier","1610612752","New York Knicks",2022,"0022100005","20211020",2,5.35,TRUE
203095,"Evan Fournier","1610612752","New York Knicks",2022,"0022100005","20211020",4.2,30.55,TRUE
203095,"Evan Fournier","1610612752","New York Knicks",2022,"0022100005","20211020",12,28.35,TRUE
203095,"Evan Fournier","1610612752","New York Knicks",2022,"0022100005","20211020",21,20.95,TRUE
203095,"Evan Fournier","1610612752","New York Knicks",2022,"0022100005","20211020",5,22.45,FALSE
203095,"Evan Fournier","1610612752","New York Knicks",2022,"0022100005","20211020",9.3,28.85,FALSE
203095,"Evan Fournier","1610612752","New York Knicks",2022,"0022100005","20211020",23.3,4.75,FALSE
203095,"Evan Fournier","1610612752","New York Knicks",2022,"0022100005","20211020",21.7,18.85,FALSE
203095,"Evan Fournier","1610612752","New York Knicks",2022,"0022100005","20211020",3.2,6.85,FALSE
203095,"Evan Fournier","1610612752","New York Knicks",2022,"0022100005","20211020",11.6,28.45,TRUE
203095,"Evan Fournier","1610612752","New York Knicks",2022,"0022100018","20211022",9.2,30.35,FALSE
203095,"Evan Fournier","1610612752","New York Knicks",2022,"0022100018","20211022",-18.5,23.55,TRUE
203095,"Evan Fournier","1610612752","New York Knicks",2022,"0022100018","20211022",-22.4,11.95,FALSE
203095,"Evan Fournier","1610612752","New York Knicks",2022,"0022100018","20211022",-2.8,7.95,TRUE
203095,"Evan Fournier","1610612752","New York Knicks",2022,"0022100018","20211022",4.8,7.55,FALSE
203095,"Evan Fournier","1610612752","New York Knicks",2022,"0022100018","20211022",6.2,12.15,FALSE
203095,"Evan Fournier","1610612752","New York Knicks",2022,"0022100018","20211022",-15.6,26.85,TRUE
203095,"Evan Fournier","1610612752","New York Knicks",2022,"0022100018","20211022",24,5.45,TRUE
203095,"Evan Fournier","1610612752","New York Knicks",2022,"0022100018","20211022",-15.6,26.85,FALSE
203095,"Evan Fournier","1610612752","New York Knicks",2022,"0022100018","20211022",-11.9,27.35,FALSE
203095,"Evan Fournier","1610612752","New York Knicks",2022,"0022100018","20211022",11.2,27.75,TRUE
203095,"Evan Fournier","1610612752","New York Knicks",2022,"0022100018","20211022",-18.6,23.25,FALSE
203095,"Evan Fournier","1610612752","New York Knicks",2022,"0022100036","20211024",-6.9,6.15,FALSE
203095,"Evan Fournier","1610612752","New York Knicks",2022,"0022100036","20211024",22.8,14.65,FALSE
203095,"Evan Fournier","1610612752","New York Knicks",2022,"0022100036","20211024",4.2,31.35,TRUE
203095,"Evan Fournier","1610612752","New York Knicks",2022,"0022100036","20211024",2.5,29.55,TRUE
203095,"Evan Fournier","1610612752","New York Knicks",2022,"0022100036","20211024",8.9,28.45,FALSE
203095,"Evan Fournier","1610612752","New York Knicks",2022,"0022100036","20211024",-0.4,5.75,TRUE
203095,"Evan Fournier","1610612752","New York Knicks",2022,"0022100036","20211024",5.4,28.85,FALSE
203095,"Evan Fournier","1610612752","New York Knicks",2022,"0022100036","20211024",-1.7,6.75,FALSE
203095,"Evan Fournier","1610612752","New York Knicks",2022,"0022100036","20211024",-1,14.25,FALSE
203095,"Evan Fournier","1610612752","New York Knicks",2022,"0022100036","20211024",19.6,21.65,FALSE
203095,"Evan Fournier","1610612752","New York Knicks",2022,"0022100036","20211024",-4.4,30.65,FALSE
203095,"Evan Fournier","1610612752","New York Knicks",2022,"0022100050","20211026",-10.9,22.15,FALSE
203095,"Evan Fournier","1610612752","New York Knicks",2022,"0022100050","20211026",15.1,25.35,FALSE
203095,"Evan Fournier","1610612752","New York Knicks",2022,"0022100050","20211026",-8.1,28.55,TRUE
203095,"Evan Fournier","1610612752","New York Knicks",2022,"0022100050","20211026",0.6,11.55,FALSE
203095,"Evan Fournier","1610612752","New York Knicks",2022,"0022100050","20211026",0.2,31.05,TRUE
203095,"Evan Fournier","1610612752","New York Knicks",2022,"0022100050","20211026",-1.3,12.45,TRUE
203095,"Evan Fournier","1610612752","New York Knicks",2022,"0022100050","20211026",8.7,28.25,TRUE
203095,"Evan Fournier","1610612752","New York Knicks",2022,"0022100050","20211026",23.8,4.15,FALSE
203095,"Evan Fournier","1610612752","New York Knicks",2022,"0022100050","20211026",-1.2,16.65,TRUE
203095,"Evan Fournier","1610612752","New York Knicks",2022,"0022100050","20211026",8.3,27.85,TRUE
203095,"Evan Fournier","1610612752","New York Knicks",2022,"0022100067","20211028",16.7,24.95,FALSE
203095,"Evan Fournier","1610612752","New York Knicks",2022,"0022100067","20211028",12.3,8.45,TRUE
203095,"Evan Fournier","1610612752","New York Knicks",2022,"0022100067","20211028",1.3,5.85,FALSE
203095,"Evan Fournier","1610612752","New York Knicks",2022,"0022100067","20211028",-0.4,31.95,FALSE
203095,"Evan Fournier","1610612752","New York Knicks",2022,"0022100067","20211028",22.7,7.95,TRUE
203095,"Evan Fournier","1610612752","New York Knicks",2022,"0022100067","20211028",23.4,3.95,TRUE
203095,"Evan Fournier","1610612752","New York Knicks",2022,"0022100067","20211028",16.4,48.45,FALSE
203095,"Evan Fournier","1610612752","New York Knicks",2022,"0022100067","20211028",9.9,27.95,FALSE
203095,"Evan Fournier","1610612752","New York Knicks",2022,"0022100067","20211028",16.2,3.65,TRUE
203095,"Evan Fournier","1610612752","New York Knicks",2022,"0022100067","20211028",-0.1,12.65,FALSE
203095,"Evan Fournier","1610612752","New York Knicks",2022,"0022100067","20211028",-0.5,18.35,FALSE
203095,"Evan Fournier","1610612752","New York Knicks",2022,"0022100067","20211028",0,11.15,FALSE
203095,"Evan Fournier","1610612752","New York Knicks",2022,"0022100067","20211028",13.5,25.55,FALSE
203095,"Evan Fournier","1610612752","New York Knicks",2022,"0022100067","20211028",3.9,29.75,FALSE
203095,"Evan Fournier","1610612752","New York Knicks",2022,"0022100080","20211030",22.9,16.25,TRUE
203095,"Evan Fournier","1610612752","New York Knicks",2022,"0022100080","20211030",-0.2,14.45,FALSE
203095,"Evan Fournier","1610612752","New York Knicks",2022,"0022100080","20211030",23.8,5.15,FALSE
203095,"Evan Fournier","1610612752","New York Knicks",2022,"0022100080","20211030",11.6,12.75,TRUE
203095,"Evan Fournier","1610612752","New York Knicks",2022,"0022100080","20211030",-21.7,18.95,TRUE
203095,"Evan Fournier","1610612752","New York Knicks",2022,"0022100080","20211030",-7.4,16.15,FALSE
203095,"Evan Fournier","1610612752","New York Knicks",2022,"0022100080","20211030",11.3,28.55,FALSE
203095,"Evan Fournier","1610612752","New York Knicks",2022,"0022100080","20211030",23.3,6.05,TRUE
203095,"Evan Fournier","1610612752","New York Knicks",2022,"0022100080","20211030",2.5,15.15,FALSE
203095,"Evan Fournier","1610612752","New York Knicks",2022,"0022100080","20211030",-8.7,2.25,FALSE
203095,"Evan Fournier","1610612752","New York Knicks",2022,"0022100080","20211030",-10.5,28.55,TRUE
203095,"Evan Fournier","1610612752","New York Knicks",2022,"0022100080","20211030",-17.3,25.95,FALSE
203095,"Evan Fournier","1610612752","New York Knicks",2022,"0022100080","20211030",-23.5,9.95,TRUE
203095,"Evan Fournier","1610612752","New York Knicks",2022,"0022100080","20211030",-5.8,17.55,FALSE
203095,"Evan Fournier","1610612752","New York Knicks",2022,"0022100099","20211101",10.2,29.65,FALSE
203095,"Evan Fournier","1610612752","New York Knicks",2022,"0022100099","20211101",6.2,30.15,TRUE
203095,"Evan Fournier","1610612752","New York Knicks",2022,"0022100099","20211101",20.2,20.65,TRUE
203095,"Evan Fournier","1610612752","New York Knicks",2022,"0022100099","20211101",23.2,5.25,FALSE
203095,"Evan Fournier","1610612752","New York Knicks",2022,"0022100099","20211101",1.2,7.05,TRUE
203095,"Evan Fournier","1610612752","New York Knicks",2022,"0022100099","20211101",-0.2,5.15,TRUE
203095,"Evan Fournier","1610612752","New York Knicks",2022,"0022100099","20211101",12,24.55,FALSE
203095,"Evan Fournier","1610612752","New York Knicks",2022,"0022100099","20211101",1,12.65,TRUE
203095,"Evan Fournier","1610612752","New York Knicks",2022,"0022100099","20211101",23,5.85,FALSE
203095,"Evan Fournier","1610612752","New York Knicks",2022,"0022100099","20211101",11,27.65,FALSE
203095,"Evan Fournier","1610612752","New York Knicks",2022,"0022100099","20211101",-0.5,15.25,FALSE
203095,"Evan Fournier","1610612752","New York Knicks",2022,"0022100099","20211101",-0.7,7.35,FALSE
203095,"Evan Fournier","1610612752","New York Knicks",2022,"0022100099","20211101",8.3,28.95,FALSE
203095,"Evan Fournier","1610612752","New York Knicks",2022,"0022100109","20211103",0.2,25.55,FALSE
203095,"Evan Fournier","1610612752","New York Knicks",2022,"0022100109","20211103",22.3,17.15,TRUE
203095,"Evan Fournier","1610612752","New York Knicks",2022,"0022100109","20211103",-23,7.35,FALSE
203095,"Evan Fournier","1610612752","New York Knicks",2022,"0022100109","20211103",-12.3,28.25,FALSE
203095,"Evan Fournier","1610612752","New York Knicks",2022,"0022100109","20211103",-2.2,10.45,TRUE
203095,"Evan Fournier","1610612752","New York Knicks",2022,"0022100109","20211103",3.6,14.75,FALSE
203095,"Evan Fournier","1610612752","New York Knicks",2022,"0022100109","20211103",23,7.45,FALSE
203095,"Evan Fournier","1610612752","New York Knicks",2022,"0022100109","20211103",-2.2,17.45,TRUE
203095,"Evan Fournier","1610612752","New York Knicks",2022,"0022100109","20211103",-15.9,6.85,TRUE
203095,"Evan Fournier","1610612752","New York Knicks",2022,"0022100109","20211103",2.3,7.55,TRUE
203095,"Evan Fournier","1610612752","New York Knicks",2022,"0022100109","20211103",7.8,15.35,FALSE
203095,"Evan Fournier","1610612752","New York Knicks",2022,"0022100109","20211103",-10.8,31.25,FALSE
203095,"Evan Fournier","1610612752","New York Knicks",2022,"0022100128","20211105",12.6,29.95,FALSE
203095,"Evan Fournier","1610612752","New York Knicks",2022,"0022100128","20211105",-23.2,3.55,FALSE
203095,"Evan Fournier","1610612752","New York Knicks",2022,"0022100128","20211105",4.2,33.05,FALSE
203095,"Evan Fournier","1610612752","New York Knicks",2022,"0022100128","20211105",21.6,21.75,TRUE
203095,"Evan Fournier","1610612752","New York Knicks",2022,"0022100128","20211105",16.5,28.35,FALSE
203095,"Evan Fournier","1610612752","New York Knicks",2022,"0022100128","20211105",-0.6,7.45,TRUE
203095,"Evan Fournier","1610612752","New York Knicks",2022,"0022100128","20211105",21.3,19.45,FALSE
203095,"Evan Fournier","1610612752","New York Knicks",2022,"0022100140","20211107",17.4,23.65,FALSE
203095,"Evan Fournier","1610612752","New York Knicks",2022,"0022100140","20211107",12.5,6.95,TRUE
203095,"Evan Fournier","1610612752","New York Knicks",2022,"0022100140","20211107",0.7,15.85,TRUE
203095,"Evan Fournier","1610612752","New York Knicks",2022,"0022100140","20211107",-12.9,26.95,TRUE
203095,"Evan Fournier","1610612752","New York Knicks",2022,"0022100140","20211107",11.4,28.25,TRUE
203095,"Evan Fournier","1610612752","New York Knicks",2022,"0022100140","20211107",6.5,35.65,FALSE
203095,"Evan Fournier","1610612752","New York Knicks",2022,"0022100140","20211107",2.5,9.55,TRUE
203095,"Evan Fournier","1610612752","New York Knicks",2022,"0022100140","20211107",-0.2,29.05,FALSE
203095,"Evan Fournier","1610612752","New York Knicks",2022,"0022100140","20211107",22.9,17.35,FALSE
203095,"Evan Fournier","1610612752","New York Knicks",2022,"0022100140","20211107",21,18.65,FALSE
203095,"Evan Fournier","1610612752","New York Knicks",2022,"0022100140","20211107",-3.4,13.55,FALSE
203095,"Evan Fournier","1610612752","New York Knicks",2022,"0022100140","20211107",-16.1,26.05,FALSE
203095,"Evan Fournier","1610612752","New York Knicks",2022,"0022100140","20211107",-0.2,11.45,FALSE
203095,"Evan Fournier","1610612752","New York Knicks",2022,"0022100147","20211108",15.8,9.35,TRUE
203095,"Evan Fournier","1610612752","New York Knicks",2022,"0022100147","20211108",5.8,32.05,FALSE
203095,"Evan Fournier","1610612752","New York Knicks",2022,"0022100147","20211108",-1.3,5.25,TRUE
203095,"Evan Fournier","1610612752","New York Knicks",2022,"0022100147","20211108",-3.6,23.75,TRUE
203095,"Evan Fournier","1610612752","New York Knicks",2022,"0022100147","20211108",21.7,19.35,FALSE
203095,"Evan Fournier","1610612752","New York Knicks",2022,"0022100147","20211108",-23.2,11.25,TRUE
203095,"Evan Fournier","1610612752","New York Knicks",2022,"0022100147","20211108",4.9,6.95,TRUE
203095,"Evan Fournier","1610612752","New York Knicks",2022,"0022100147","20211108",24.4,9.05,FALSE
203095,"Evan Fournier","1610612752","New York Knicks",2022,"0022100161","20211110",-8.1,32.15,FALSE
203095,"Evan Fournier","1610612752","New York Knicks",2022,"0022100161","20211110",-1.5,6.85,TRUE
203095,"Evan Fournier","1610612752","New York Knicks",2022,"0022100161","20211110",-0.2,30.25,FALSE
203095,"Evan Fournier","1610612752","New York Knicks",2022,"0022100161","20211110",13.1,26.75,FALSE
203095,"Evan Fournier","1610612752","New York Knicks",2022,"0022100161","20211110",11.8,14.15,FALSE
203095,"Evan Fournier","1610612752","New York Knicks",2022,"0022100174","20211112",23.9,7.85,TRUE
203095,"Evan Fournier","1610612752","New York Knicks",2022,"0022100174","20211112",20.6,1.95,FALSE
203095,"Evan Fournier","1610612752","New York Knicks",2022,"0022100174","20211112",4.4,15.75,TRUE
203095,"Evan Fournier","1610612752","New York Knicks",2022,"0022100174","20211112",23.3,5.45,FALSE
203095,"Evan Fournier","1610612752","New York Knicks",2022,"0022100174","20211112",0,5.25,FALSE
203095,"Evan Fournier","1610612752","New York Knicks",2022,"0022100174","20211112",-9.4,28.95,FALSE
203095,"Evan Fournier","1610612752","New York Knicks",2022,"0022100203","20211115",1,6.95,FALSE
203095,"Evan Fournier","1610612752","New York Knicks",2022,"0022100203","20211115",-21.9,12.65,FALSE
203095,"Evan Fournier","1610612752","New York Knicks",2022,"0022100203","20211115",4.3,16.85,TRUE
203095,"Evan Fournier","1610612752","New York Knicks",2022,"0022100203","20211115",16.4,25.75,TRUE
203095,"Evan Fournier","1610612752","New York Knicks",2022,"0022100203","20211115",0.6,22.45,TRUE
203095,"Evan Fournier","1610612752","New York Knicks",2022,"0022100203","20211115",-1.6,8.75,FALSE
203095,"Evan Fournier","1610612752","New York Knicks",2022,"0022100203","20211115",13.8,25.55,FALSE
203095,"Evan Fournier","1610612752","New York Knicks",2022,"0022100203","20211115",-0.1,30.25,FALSE
203095,"Evan Fournier","1610612752","New York Knicks",2022,"0022100203","20211115",2.6,5.85,FALSE
203095,"Evan Fournier","1610612752","New York Knicks",2022,"0022100218","20211117",5.9,24.75,FALSE
203095,"Evan Fournier","1610612752","New York Knicks",2022,"0022100218","20211117",11.6,26.65,FALSE
203095,"Evan Fournier","1610612752","New York Knicks",2022,"0022100218","20211117",10.4,28.15,TRUE
203095,"Evan Fournier","1610612752","New York Knicks",2022,"0022100218","20211117",9.4,27.85,FALSE
203095,"Evan Fournier","1610612752","New York Knicks",2022,"0022100218","20211117",19.7,16.45,TRUE
203095,"Evan Fournier","1610612752","New York Knicks",2022,"0022100218","20211117",10.2,27.65,FALSE
203095,"Evan Fournier","1610612752","New York Knicks",2022,"0022100239","20211120",-7.4,33.75,FALSE
203095,"Evan Fournier","1610612752","New York Knicks",2022,"0022100239","20211120",6.4,29.85,TRUE
203095,"Evan Fournier","1610612752","New York Knicks",2022,"0022100239","20211120",0.2,6.55,TRUE
203095,"Evan Fournier","1610612752","New York Knicks",2022,"0022100239","20211120",19.5,21.15,TRUE
203095,"Evan Fournier","1610612752","New York Knicks",2022,"0022100239","20211120",-21.7,18.35,TRUE
203095,"Evan Fournier","1610612752","New York Knicks",2022,"0022100239","20211120",23.9,5.95,FALSE
203095,"Evan Fournier","1610612752","New York Knicks",2022,"0022100239","20211120",19.1,3.95,FALSE
203095,"Evan Fournier","1610612752","New York Knicks",2022,"0022100239","20211120",-16.8,24.25,TRUE
203095,"Evan Fournier","1610612752","New York Knicks",2022,"0022100239","20211120",0.6,29.95,TRUE
203095,"Evan Fournier","1610612752","New York Knicks",2022,"0022100239","20211120",10.9,27.35,FALSE
203095,"Evan Fournier","1610612752","New York Knicks",2022,"0022100239","20211120",-5,6.55,TRUE
203095,"Evan Fournier","1610612752","New York Knicks",2022,"0022100239","20211120",5,29.35,FALSE
203095,"Evan Fournier","1610612752","New York Knicks",2022,"0022100239","20211120",-22.3,3.95,FALSE
203095,"Evan Fournier","1610612752","New York Knicks",2022,"0022100250","20211121",1.5,5.65,TRUE
203095,"Evan Fournier","1610612752","New York Knicks",2022,"0022100250","20211121",-14,27.45,FALSE
203095,"Evan Fournier","1610612752","New York Knicks",2022,"0022100250","20211121",2.1,7.05,FALSE
203095,"Evan Fournier","1610612752","New York Knicks",2022,"0022100250","20211121",-15.2,24.85,FALSE
203095,"Evan Fournier","1610612752","New York Knicks",2022,"0022100250","20211121",-2.1,10.25,FALSE
203095,"Evan Fournier","1610612752","New York Knicks",2022,"0022100250","20211121",2.2,6.15,FALSE
203095,"Evan Fournier","1610612752","New York Knicks",2022,"0022100250","20211121",-18.5,22.25,FALSE
203095,"Evan Fournier","1610612752","New York Knicks",2022,"0022100264","20211123",8.8,28.35,TRUE
203095,"Evan Fournier","1610612752","New York Knicks",2022,"0022100264","20211123",-22.9,3.25,TRUE
203095,"Evan Fournier","1610612752","New York Knicks",2022,"0022100264","20211123",17.8,21.65,FALSE
203095,"Evan Fournier","1610612752","New York Knicks",2022,"0022100264","20211123",10.3,28.45,FALSE
203095,"Evan Fournier","1610612752","New York Knicks",2022,"0022100264","20211123",-13.7,29.55,TRUE
203095,"Evan Fournier","1610612752","New York Knicks",2022,"0022100264","20211123",22.4,5.85,TRUE
203095,"Evan Fournier","1610612752","New York Knicks",2022,"0022100264","20211123",4.5,8.45,FALSE
203095,"Evan Fournier","1610612752","New York Knicks",2022,"0022100264","20211123",-22.3,6.25,TRUE
203095,"Evan Fournier","1610612752","New York Knicks",2022,"0022100264","20211123",-15.6,27.35,TRUE
203095,"Evan Fournier","1610612752","New York Knicks",2022,"0022100264","20211123",5,17.35,FALSE
203095,"Evan Fournier","1610612752","New York Knicks",2022,"0022100264","20211123",0.6,10.25,TRUE
203095,"Evan Fournier","1610612752","New York Knicks",2022,"0022100264","20211123",2.9,30.05,FALSE
203095,"Evan Fournier","1610612752","New York Knicks",2022,"0022100264","20211123",0,5.25,TRUE
203095,"Evan Fournier","1610612752","New York Knicks",2022,"0022100264","20211123",-4.5,7.75,FALSE
203095,"Evan Fournier","1610612752","New York Knicks",2022,"0022100282","20211126",20.3,24.25,TRUE
203095,"Evan Fournier","1610612752","New York Knicks",2022,"0022100282","20211126",21.6,19.35,TRUE
203095,"Evan Fournier","1610612752","New York Knicks",2022,"0022100282","20211126",-23.4,4.65,TRUE
203095,"Evan Fournier","1610612752","New York Knicks",2022,"0022100282","20211126",-0.1,8.35,FALSE
203095,"Evan Fournier","1610612752","New York Knicks",2022,"0022100282","20211126",4.5,6.25,FALSE
203095,"Evan Fournier","1610612752","New York Knicks",2022,"0022100282","20211126",16.8,4.05,FALSE
203095,"Evan Fournier","1610612752","New York Knicks",2022,"0022100282","20211126",23.9,5.55,FALSE
203095,"Evan Fournier","1610612752","New York Knicks",2022,"0022100282","20211126",-0.1,15.55,FALSE
203095,"Evan Fournier","1610612752","New York Knicks",2022,"0022100282","20211126",18,23.15,FALSE
203095,"Evan Fournier","1610612752","New York Knicks",2022,"0022100282","20211126",23.2,5.05,FALSE
203095,"Evan Fournier","1610612752","New York Knicks",2022,"0022100282","20211126",-4,11.25,FALSE
203095,"Evan Fournier","1610612752","New York Knicks",2022,"0022100282","20211126",19.4,19.85,FALSE
203095,"Evan Fournier","1610612752","New York Knicks",2022,"0022100282","20211126",0,5.25,FALSE
203095,"Evan Fournier","1610612752","New York Knicks",2022,"0022100282","20211126",-0.4,4.95,TRUE
203095,"Evan Fournier","1610612752","New York Knicks",2022,"0022100282","20211126",17.2,6.95,FALSE
203095,"Evan Fournier","1610612752","New York Knicks",2022,"0022100293","20211127",17.8,24.05,TRUE
203095,"Evan Fournier","1610612752","New York Knicks",2022,"0022100293","20211127",1.6,30.35,FALSE
203095,"Evan Fournier","1610612752","New York Knicks",2022,"0022100293","20211127",14,10.35,FALSE
203095,"Evan Fournier","1610612752","New York Knicks",2022,"0022100293","20211127",-1.1,5.75,TRUE
203095,"Evan Fournier","1610612752","New York Knicks",2022,"0022100293","20211127",10.4,27.95,TRUE
203095,"Evan Fournier","1610612752","New York Knicks",2022,"0022100293","20211127",-0.9,30.55,FALSE
203095,"Evan Fournier","1610612752","New York Knicks",2022,"0022100293","20211127",-2,21.85,FALSE
203095,"Evan Fournier","1610612752","New York Knicks",2022,"0022100293","20211127",3.3,31.15,TRUE
203095,"Evan Fournier","1610612752","New York Knicks",2022,"0022100293","20211127",0.2,6.75,TRUE
203095,"Evan Fournier","1610612752","New York Knicks",2022,"0022100293","20211127",1.1,6.35,FALSE
203095,"Evan Fournier","1610612752","New York Knicks",2022,"0022100293","20211127",7.7,12.25,TRUE
203095,"Evan Fournier","1610612752","New York Knicks",2022,"0022100293","20211127",-3.9,30.55,TRUE
203095,"Evan Fournier","1610612752","New York Knicks",2022,"0022100293","20211127",16.1,21.15,FALSE
203095,"Evan Fournier","1610612752","New York Knicks",2022,"0022100314","20211130",4.4,25.75,TRUE
203095,"Evan Fournier","1610612752","New York Knicks",2022,"0022100314","20211130",13.2,27.35,FALSE
203095,"Evan Fournier","1610612752","New York Knicks",2022,"0022100314","20211130",23.4,2.45,FALSE
203095,"Evan Fournier","1610612752","New York Knicks",2022,"0022100314","20211130",-0.7,5.05,TRUE
203095,"Evan Fournier","1610612752","New York Knicks",2022,"0022100314","20211130",0,30.75,FALSE
203095,"Evan Fournier","1610612752","New York Knicks",2022,"0022100314","20211130",12.3,26.75,FALSE
203095,"Evan Fournier","1610612752","New York Knicks",2022,"0022100314","20211130",-1,5.25,FALSE
203095,"Evan Fournier","1610612752","New York Knicks",2022,"0022100314","20211130",0.7,15.25,FALSE
203095,"Evan Fournier","1610612752","New York Knicks",2022,"0022100314","20211130",-23.2,3.95,TRUE
203095,"Evan Fournier","1610612752","New York Knicks",2022,"0022100314","20211130",0.6,31.25,TRUE
203095,"Evan Fournier","1610612752","New York Knicks",2022,"0022100314","20211130",-7.7,30.65,TRUE
203095,"Evan Fournier","1610612752","New York Knicks",2022,"0022100314","20211130",-21.1,44.55,FALSE
203095,"Evan Fournier","1610612752","New York Knicks",2022,"0022100328","20211202",5.4,29.45,FALSE
203095,"Evan Fournier","1610612752","New York Knicks",2022,"0022100328","20211202",23.5,12.75,TRUE
203095,"Evan Fournier","1610612752","New York Knicks",2022,"0022100328","20211202",8.2,26.85,FALSE
203095,"Evan Fournier","1610612752","New York Knicks",2022,"0022100328","20211202",-1.3,5.55,TRUE
203095,"Evan Fournier","1610612752","New York Knicks",2022,"0022100328","20211202",1.8,29.95,FALSE
203095,"Evan Fournier","1610612752","New York Knicks",2022,"0022100328","20211202",0.6,6.25,TRUE
203095,"Evan Fournier","1610612752","New York Knicks",2022,"0022100328","20211202",19.1,23.25,TRUE
203095,"Evan Fournier","1610612752","New York Knicks",2022,"0022100328","20211202",23,9.05,TRUE
203095,"Evan Fournier","1610612752","New York Knicks",2022,"0022100328","20211202",-23.9,6.95,FALSE
203095,"Evan Fournier","1610612752","New York Knicks",2022,"0022100328","20211202",1.2,7.55,FALSE
203095,"Evan Fournier","1610612752","New York Knicks",2022,"0022100328","20211202",19.9,20.55,FALSE
203095,"Evan Fournier","1610612752","New York Knicks",2022,"0022100328","20211202",18.8,21.25,TRUE
203095,"Evan Fournier","1610612752","New York Knicks",2022,"0022100328","20211202",23.2,5.15,FALSE
203095,"Evan Fournier","1610612752","New York Knicks",2022,"0022100328","20211202",6,33.05,FALSE
203095,"Evan Fournier","1610612752","New York Knicks",2022,"0022100342","20211204",10.7,28.35,FALSE
203095,"Evan Fournier","1610612752","New York Knicks",2022,"0022100342","20211204",19.7,20.55,TRUE
203095,"Evan Fournier","1610612752","New York Knicks",2022,"0022100342","20211204",22.7,4.25,FALSE
203095,"Evan Fournier","1610612752","New York Knicks",2022,"0022100342","20211204",-2.1,5.45,FALSE
203095,"Evan Fournier","1610612752","New York Knicks",2022,"0022100342","20211204",-0.6,5.45,TRUE
203095,"Evan Fournier","1610612752","New York Knicks",2022,"0022100342","20211204",-0.6,15.65,TRUE
203095,"Evan Fournier","1610612752","New York Knicks",2022,"0022100342","20211204",11.8,27.25,TRUE
203095,"Evan Fournier","1610612752","New York Knicks",2022,"0022100342","20211204",22.9,5.25,TRUE
203095,"Evan Fournier","1610612752","New York Knicks",2022,"0022100342","20211204",-0.2,10.35,FALSE
203095,"Evan Fournier","1610612752","New York Knicks",2022,"0022100342","20211204",15.3,25.25,FALSE
203095,"Evan Fournier","1610612752","New York Knicks",2022,"0022100342","20211204",-14.6,27.65,FALSE
203095,"Evan Fournier","1610612752","New York Knicks",2022,"0022100342","20211204",-2.7,12.95,FALSE
203095,"Evan Fournier","1610612752","New York Knicks",2022,"0022100342","20211204",-1.2,31.05,FALSE
203095,"Evan Fournier","1610612752","New York Knicks",2022,"0022100342","20211204",0,6.35,TRUE
203095,"Evan Fournier","1610612752","New York Knicks",2022,"0022100364","20211207",-17.6,24.05,FALSE
203095,"Evan Fournier","1610612752","New York Knicks",2022,"0022100364","20211207",-3.8,6.15,TRUE
203095,"Evan Fournier","1610612752","New York Knicks",2022,"0022100364","20211207",13.7,26.35,FALSE
203095,"Evan Fournier","1610612752","New York Knicks",2022,"0022100364","20211207",15.9,26.05,FALSE
203095,"Evan Fournier","1610612752","New York Knicks",2022,"0022100364","20211207",-15.3,26.05,FALSE
203095,"Evan Fournier","1610612752","New York Knicks",2022,"0022100364","20211207",18,24.75,TRUE
203095,"Evan Fournier","1610612752","New York Knicks",2022,"0022100364","20211207",20.7,7.75,TRUE
203095,"Evan Fournier","1610612752","New York Knicks",2022,"0022100364","20211207",0.9,31.75,FALSE
203095,"Evan Fournier","1610612752","New York Knicks",2022,"0022100369","20211208",-17.6,22.45,TRUE
203095,"Evan Fournier","1610612752","New York Knicks",2022,"0022100369","20211208",12.1,21.35,FALSE
203095,"Evan Fournier","1610612752","New York Knicks",2022,"0022100369","20211208",19.2,23.05,FALSE
203095,"Evan Fournier","1610612752","New York Knicks",2022,"0022100369","20211208",-11.8,28.35,FALSE
203095,"Evan Fournier","1610612752","New York Knicks",2022,"0022100369","20211208",9.4,24.85,TRUE
203095,"Evan Fournier","1610612752","New York Knicks",2022,"0022100369","20211208",6,12.25,FALSE
203095,"Evan Fournier","1610612752","New York Knicks",2022,"0022100385","20211210",12.4,28.25,TRUE
203095,"Evan Fournier","1610612752","New York Knicks",2022,"0022100385","20211210",-9.4,31.85,FALSE
203095,"Evan Fournier","1610612752","New York Knicks",2022,"0022100385","20211210",-17.2,25.35,TRUE
203095,"Evan Fournier","1610612752","New York Knicks",2022,"0022100385","20211210",-15.1,30.25,FALSE
203095,"Evan Fournier","1610612752","New York Knicks",2022,"0022100385","20211210",12.3,28.05,FALSE
203095,"Evan Fournier","1610612752","New York Knicks",2022,"0022100385","20211210",22.7,9.85,TRUE
203095,"Evan Fournier","1610612752","New York Knicks",2022,"0022100385","20211210",3.7,11.15,FALSE
203095,"Evan Fournier","1610612752","New York Knicks",2022,"0022100385","20211210",22.7,4.95,FALSE
203095,"Evan Fournier","1610612752","New York Knicks",2022,"0022100398","20211212",24.3,6.15,FALSE
203095,"Evan Fournier","1610612752","New York Knicks",2022,"0022100398","20211212",-15.6,28.95,FALSE
203095,"Evan Fournier","1610612752","New York Knicks",2022,"0022100398","20211212",9.7,22.35,TRUE
203095,"Evan Fournier","1610612752","New York Knicks",2022,"0022100398","20211212",7.8,29.45,FALSE
203095,"Evan Fournier","1610612752","New York Knicks",2022,"0022100398","20211212",24,4.15,FALSE
203095,"Evan Fournier","1610612752","New York Knicks",2022,"0022100398","20211212",11.8,28.15,FALSE
203095,"Evan Fournier","1610612752","New York Knicks",2022,"0022100398","20211212",8.5,28.75,TRUE
203095,"Evan Fournier","1610612752","New York Knicks",2022,"0022100398","20211212",-23,4.45,FALSE
203095,"Evan Fournier","1610612752","New York Knicks",2022,"0022100414","20211214",16.4,25.75,FALSE
203095,"Evan Fournier","1610612752","New York Knicks",2022,"0022100414","20211214",2.1,5.15,TRUE
203095,"Evan Fournier","1610612752","New York Knicks",2022,"0022100414","20211214",15,26.35,FALSE
203095,"Evan Fournier","1610612752","New York Knicks",2022,"0022100414","20211214",-18.3,22.55,FALSE
203095,"Evan Fournier","1610612752","New York Knicks",2022,"0022100414","20211214",2.8,31.45,FALSE
203095,"Evan Fournier","1610612752","New York Knicks",2022,"0022100431","20211216",0.9,14.55,TRUE
203095,"Evan Fournier","1610612752","New York Knicks",2022,"0022100431","20211216",0.4,30.25,TRUE
203095,"Evan Fournier","1610612752","New York Knicks",2022,"0022100431","20211216",-11.2,28.45,FALSE
203095,"Evan Fournier","1610612752","New York Knicks",2022,"0022100431","20211216",20,5.15,TRUE
203095,"Evan Fournier","1610612752","New York Knicks",2022,"0022100431","20211216",14.3,25.55,FALSE
203095,"Evan Fournier","1610612752","New York Knicks",2022,"0022100431","20211216",-10.5,28.85,TRUE
203095,"Evan Fournier","1610612752","New York Knicks",2022,"0022100431","20211216",6.5,11.65,TRUE
203095,"Evan Fournier","1610612752","New York Knicks",2022,"0022100431","20211216",-10.7,29.65,FALSE
203095,"Evan Fournier","1610612752","New York Knicks",2022,"0022100431","20211216",5.8,22.55,FALSE
203095,"Evan Fournier","1610612752","New York Knicks",2022,"0022100431","20211216",-2.1,19.15,TRUE
203095,"Evan Fournier","1610612752","New York Knicks",2022,"0022100431","20211216",-23,12.15,TRUE
203095,"Evan Fournier","1610612752","New York Knicks",2022,"0022100431","20211216",7.6,10.15,TRUE
203095,"Evan Fournier","1610612752","New York Knicks",2022,"0022100445","20211218",-4.5,9.85,FALSE
203095,"Evan Fournier","1610612752","New York Knicks",2022,"0022100445","20211218",-23.3,6.55,FALSE
203095,"Evan Fournier","1610612752","New York Knicks",2022,"0022100445","20211218",10.2,29.35,FALSE
203095,"Evan Fournier","1610612752","New York Knicks",2022,"0022100445","20211218",4.8,10.85,TRUE
203095,"Evan Fournier","1610612752","New York Knicks",2022,"0022100445","20211218",-2.5,11.85,TRUE
203095,"Evan Fournier","1610612752","New York Knicks",2022,"0022100445","20211218",1.8,6.65,TRUE
203095,"Evan Fournier","1610612752","New York Knicks",2022,"0022100445","20211218",-5.1,31.25,TRUE
203095,"Evan Fournier","1610612752","New York Knicks",2022,"0022100445","20211218",8.8,20.95,FALSE
203095,"Evan Fournier","1610612752","New York Knicks",2022,"0022100445","20211218",2.2,5.65,FALSE
203095,"Evan Fournier","1610612752","New York Knicks",2022,"0022100445","20211218",16.2,23.95,FALSE
203095,"Evan Fournier","1610612752","New York Knicks",2022,"0022100445","20211218",1.8,6.05,TRUE
203095,"Evan Fournier","1610612752","New York Knicks",2022,"0022100445","20211218",16.9,24.95,TRUE
203095,"Evan Fournier","1610612752","New York Knicks",2022,"0022100445","20211218",2.1,8.25,TRUE
203095,"Evan Fournier","1610612752","New York Knicks",2022,"0022100445","20211218",20.1,22.75,TRUE
203095,"Evan Fournier","1610612752","New York Knicks",2022,"0022100445","20211218",2.9,7.45,TRUE
203095,"Evan Fournier","1610612752","New York Knicks",2022,"0022100445","20211218",13.2,29.55,FALSE
203095,"Evan Fournier","1610612752","New York Knicks",2022,"0022100445","20211218",-0.6,32.65,FALSE
203095,"Evan Fournier","1610612752","New York Knicks",2022,"0022100445","20211218",-18.5,24.65,TRUE
203095,"Evan Fournier","1610612752","New York Knicks",2022,"0022100445","20211218",0.1,18.95,TRUE
203095,"Evan Fournier","1610612752","New York Knicks",2022,"0022100445","20211218",4,11.15,TRUE
203095,"Evan Fournier","1610612752","New York Knicks",2022,"0022100445","20211218",2.2,17.45,FALSE
203095,"Evan Fournier","1610612752","New York Knicks",2022,"0022100445","20211218",5.4,16.25,FALSE
203095,"Evan Fournier","1610612752","New York Knicks",2022,"0022100445","20211218",-2.5,13.35,TRUE
203095,"Evan Fournier","1610612752","New York Knicks",2022,"0022100445","20211218",10.1,30.55,FALSE
203095,"Evan Fournier","1610612752","New York Knicks",2022,"0022100466","20211221",-5.5,9.95,TRUE
203095,"Evan Fournier","1610612752","New York Knicks",2022,"0022100466","20211221",14.8,26.65,FALSE
203095,"Evan Fournier","1610612752","New York Knicks",2022,"0022100466","20211221",-1.3,14.85,FALSE
203095,"Evan Fournier","1610612752","New York Knicks",2022,"0022100466","20211221",19,22.05,FALSE
203095,"Evan Fournier","1610612752","New York Knicks",2022,"0022100466","20211221",-1.6,6.05,FALSE
203095,"Evan Fournier","1610612752","New York Knicks",2022,"0022100466","20211221",0.5,12.85,FALSE
203095,"Evan Fournier","1610612752","New York Knicks",2022,"0022100466","20211221",20.5,5.35,FALSE
203095,"Evan Fournier","1610612752","New York Knicks",2022,"0022100466","20211221",20.2,23.05,TRUE
203095,"Evan Fournier","1610612752","New York Knicks",2022,"0022100466","20211221",17.5,25.85,TRUE
203095,"Evan Fournier","1610612752","New York Knicks",2022,"0022100466","20211221",5.3,19.55,TRUE
203095,"Evan Fournier","1610612752","New York Knicks",2022,"0022100466","20211221",-0.1,5.25,FALSE
203095,"Evan Fournier","1610612752","New York Knicks",2022,"0022100466","20211221",24,8.15,TRUE
203095,"Evan Fournier","1610612752","New York Knicks",2022,"0022100466","20211221",0.5,7.35,TRUE
203095,"Evan Fournier","1610612752","New York Knicks",2022,"0022100466","20211221",-17,24.95,FALSE
203095,"Evan Fournier","1610612752","New York Knicks",2022,"0022100466","20211221",24.5,11.65,FALSE
203095,"Evan Fournier","1610612752","New York Knicks",2022,"0022100466","20211221",0.9,20.35,TRUE
203095,"Evan Fournier","1610612752","New York Knicks",2022,"0022100466","20211221",-0.2,22.65,TRUE
203095,"Evan Fournier","1610612752","New York Knicks",2022,"0022100466","20211221",-8.9,30.45,FALSE
203095,"Evan Fournier","1610612752","New York Knicks",2022,"0022100466","20211221",1.3,10.55,FALSE
203095,"Evan Fournier","1610612752","New York Knicks",2022,"0022100466","20211221",16.3,26.75,FALSE
203095,"Evan Fournier","1610612752","New York Knicks",2022,"0022100466","20211221",10.3,28.45,TRUE
203095,"Evan Fournier","1610612752","New York Knicks",2022,"0022100466","20211221",22.7,11.15,FALSE
203095,"Evan Fournier","1610612752","New York Knicks",2022,"0022100466","20211221",5.9,19.55,FALSE
203095,"Evan Fournier","1610612752","New York Knicks",2022,"0022100466","20211221",-8.7,25.25,FALSE
203095,"Evan Fournier","1610612752","New York Knicks",2022,"0022100480","20211223",17.3,25.45,TRUE
203095,"Evan Fournier","1610612752","New York Knicks",2022,"0022100480","20211223",0.4,31.25,FALSE
203095,"Evan Fournier","1610612752","New York Knicks",2022,"0022100480","20211223",6.2,10.65,FALSE
203095,"Evan Fournier","1610612752","New York Knicks",2022,"0022100480","20211223",0.7,7.25,FALSE
203095,"Evan Fournier","1610612752","New York Knicks",2022,"0022100480","20211223",19.4,21.25,FALSE
203095,"Evan Fournier","1610612752","New York Knicks",2022,"0022100480","20211223",2.1,31.45,FALSE
203095,"Evan Fournier","1610612752","New York Knicks",2022,"0022100480","20211223",-8.8,29.55,FALSE
203095,"Evan Fournier","1610612752","New York Knicks",2022,"0022100480","20211223",21.4,21.25,FALSE
203095,"Evan Fournier","1610612752","New York Knicks",2022,"0022100480","20211223",18.1,22.85,FALSE
203095,"Evan Fournier","1610612752","New York Knicks",2022,"0022100480","20211223",0.6,31.25,FALSE
203095,"Evan Fournier","1610612752","New York Knicks",2022,"0022100480","20211223",-23.2,8.25,TRUE
203095,"Evan Fournier","1610612752","New York Knicks",2022,"0022100480","20211223",-20.6,20.25,FALSE
203095,"Evan Fournier","1610612752","New York Knicks",2022,"0022100480","20211223",-22.9,10.85,FALSE
203095,"Evan Fournier","1610612752","New York Knicks",2022,"0022100488","20211225",16.2,25.95,TRUE
203095,"Evan Fournier","1610612752","New York Knicks",2022,"0022100488","20211225",11.2,28.95,FALSE
203095,"Evan Fournier","1610612752","New York Knicks",2022,"0022100488","20211225",-23.3,5.35,FALSE
203095,"Evan Fournier","1610612752","New York Knicks",2022,"0022100488","20211225",-0.7,8.95,TRUE
203095,"Evan Fournier","1610612752","New York Knicks",2022,"0022100488","20211225",-14.7,26.65,TRUE
203095,"Evan Fournier","1610612752","New York Knicks",2022,"0022100488","20211225",-6.2,5.65,TRUE
203095,"Evan Fournier","1610612752","New York Knicks",2022,"0022100488","20211225",-18.8,23.25,TRUE
203095,"Evan Fournier","1610612752","New York Knicks",2022,"0022100488","20211225",23.8,5.75,FALSE
203095,"Evan Fournier","1610612752","New York Knicks",2022,"0022100488","20211225",-2.7,6.05,FALSE
203095,"Evan Fournier","1610612752","New York Knicks",2022,"0022100488","20211225",2,26.85,FALSE
203095,"Evan Fournier","1610612752","New York Knicks",2022,"0022100488","20211225",-14,3.05,TRUE
203095,"Evan Fournier","1610612752","New York Knicks",2022,"0022100488","20211225",-12.9,10.95,FALSE
203095,"Evan Fournier","1610612752","New York Knicks",2022,"0022100512","20211228",2,16.35,TRUE
203095,"Evan Fournier","1610612752","New York Knicks",2022,"0022100512","20211228",23.3,5.95,TRUE
203095,"Evan Fournier","1610612752","New York Knicks",2022,"0022100512","20211228",-2.8,7.45,FALSE
203095,"Evan Fournier","1610612752","New York Knicks",2022,"0022100512","20211228",22.8,7.75,TRUE
203095,"Evan Fournier","1610612752","New York Knicks",2022,"0022100512","20211228",1.2,8.85,TRUE
203095,"Evan Fournier","1610612752","New York Knicks",2022,"0022100512","20211228",20.6,17.55,FALSE
203095,"Evan Fournier","1610612752","New York Knicks",2022,"0022100512","20211228",-20.6,19.35,FALSE
203095,"Evan Fournier","1610612752","New York Knicks",2022,"0022100512","20211228",-8,29.55,FALSE
203095,"Evan Fournier","1610612752","New York Knicks",2022,"0022100512","20211228",5.1,7.35,FALSE
203095,"Evan Fournier","1610612752","New York Knicks",2022,"0022100512","20211228",9.2,28.35,TRUE
203095,"Evan Fournier","1610612752","New York Knicks",2022,"0022100512","20211228",-2.9,12.45,FALSE
203095,"Evan Fournier","1610612752","New York Knicks",2022,"0022100512","20211228",-3.4,19.35,FALSE
203095,"Evan Fournier","1610612752","New York Knicks",2022,"0022100512","20211228",4.7,10.25,FALSE
203095,"Evan Fournier","1610612752","New York Knicks",2022,"0022100512","20211228",22.9,5.05,FALSE
203095,"Evan Fournier","1610612752","New York Knicks",2022,"0022100536","20211231",9.6,28.35,TRUE
203095,"Evan Fournier","1610612752","New York Knicks",2022,"0022100536","20211231",1.2,5.65,FALSE
203095,"Evan Fournier","1610612752","New York Knicks",2022,"0022100536","20211231",-15.6,25.95,FALSE
203095,"Evan Fournier","1610612752","New York Knicks",2022,"0022100536","20211231",-20.5,20.15,FALSE
203095,"Evan Fournier","1610612752","New York Knicks",2022,"0022100536","20211231",6,11.95,FALSE
203095,"Evan Fournier","1610612752","New York Knicks",2022,"0022100536","20211231",-0.9,7.55,FALSE
203095,"Evan Fournier","1610612752","New York Knicks",2022,"0022100536","20211231",2,31.45,FALSE
203095,"Evan Fournier","1610612752","New York Knicks",2022,"0022100536","20211231",-18.3,23.55,FALSE
203095,"Evan Fournier","1610612752","New York Knicks",2022,"0022100545","20220102",-0.1,8.45,TRUE
203095,"Evan Fournier","1610612752","New York Knicks",2022,"0022100545","20220102",19.5,23.25,FALSE
203095,"Evan Fournier","1610612752","New York Knicks",2022,"0022100545","20220102",11.8,11.05,FALSE
203095,"Evan Fournier","1610612752","New York Knicks",2022,"0022100545","20220102",-21.2,20.55,FALSE
203095,"Evan Fournier","1610612752","New York Knicks",2022,"0022100545","20220102",-0.4,19.95,TRUE
203095,"Evan Fournier","1610612752","New York Knicks",2022,"0022100545","20220102",-18.8,23.05,TRUE
203095,"Evan Fournier","1610612752","New York Knicks",2022,"0022100545","20220102",12.6,18.65,FALSE
203095,"Evan Fournier","1610612752","New York Knicks",2022,"0022100545","20220102",22.2,17.35,FALSE
203095,"Evan Fournier","1610612752","New York Knicks",2022,"0022100545","20220102",23.3,7.95,FALSE
203095,"Evan Fournier","1610612752","New York Knicks",2022,"0022100545","20220102",7.2,30.35,TRUE
203095,"Evan Fournier","1610612752","New York Knicks",2022,"0022100545","20220102",10.9,29.95,FALSE
203095,"Evan Fournier","1610612752","New York Knicks",2022,"0022100545","20220102",22.5,5.85,TRUE
203095,"Evan Fournier","1610612752","New York Knicks",2022,"0022100545","20220102",21.1,20.15,FALSE
203095,"Evan Fournier","1610612752","New York Knicks",2022,"0022100545","20220102",-22.4,10.05,TRUE
203095,"Evan Fournier","1610612752","New York Knicks",2022,"0022100564","20220104",15.8,24.55,FALSE
203095,"Evan Fournier","1610612752","New York Knicks",2022,"0022100564","20220104",-4.7,27.75,FALSE
203095,"Evan Fournier","1610612752","New York Knicks",2022,"0022100564","20220104",-23.7,5.15,FALSE
203095,"Evan Fournier","1610612752","New York Knicks",2022,"0022100564","20220104",12.5,27.05,FALSE
203095,"Evan Fournier","1610612752","New York Knicks",2022,"0022100578","20220106",11.9,29.25,TRUE
203095,"Evan Fournier","1610612752","New York Knicks",2022,"0022100578","20220106",12.9,27.85,FALSE
203095,"Evan Fournier","1610612752","New York Knicks",2022,"0022100578","20220106",-5.6,15.85,TRUE
203095,"Evan Fournier","1610612752","New York Knicks",2022,"0022100578","20220106",-14,27.05,TRUE
203095,"Evan Fournier","1610612752","New York Knicks",2022,"0022100578","20220106",3.4,22.85,FALSE
203095,"Evan Fournier","1610612752","New York Knicks",2022,"0022100578","20220106",13.1,27.25,TRUE
203095,"Evan Fournier","1610612752","New York Knicks",2022,"0022100578","20220106",-20.1,5.75,FALSE
203095,"Evan Fournier","1610612752","New York Knicks",2022,"0022100578","20220106",-0.4,5.15,TRUE
203095,"Evan Fournier","1610612752","New York Knicks",2022,"0022100578","20220106",2.5,19.75,TRUE
203095,"Evan Fournier","1610612752","New York Knicks",2022,"0022100578","20220106",-1.8,7.95,FALSE
203095,"Evan Fournier","1610612752","New York Knicks",2022,"0022100578","20220106",11.8,26.75,TRUE
203095,"Evan Fournier","1610612752","New York Knicks",2022,"0022100578","20220106",2.8,48.05,FALSE
203095,"Evan Fournier","1610612752","New York Knicks",2022,"0022100578","20220106",-23.3,16.55,TRUE
203095,"Evan Fournier","1610612752","New York Knicks",2022,"0022100578","20220106",22.7,9.35,FALSE
203095,"Evan Fournier","1610612752","New York Knicks",2022,"0022100578","20220106",-8,29.45,FALSE
203095,"Evan Fournier","1610612752","New York Knicks",2022,"0022100578","20220106",-13.8,7.75,FALSE
203095,"Evan Fournier","1610612752","New York Knicks",2022,"0022100578","20220106",23.8,9.15,TRUE
203095,"Evan Fournier","1610612752","New York Knicks",2022,"0022100578","20220106",4.8,30.65,TRUE
203095,"Evan Fournier","1610612752","New York Knicks",2022,"0022100578","20220106",6,29.95,TRUE
203095,"Evan Fournier","1610612752","New York Knicks",2022,"0022100578","20220106",3.7,23.15,FALSE
203095,"Evan Fournier","1610612752","New York Knicks",2022,"0022100578","20220106",20.6,7.05,TRUE
203095,"Evan Fournier","1610612752","New York Knicks",2022,"0022100578","20220106",17.5,23.75,TRUE
203095,"Evan Fournier","1610612752","New York Knicks",2022,"0022100578","20220106",20.7,12.25,TRUE
203095,"Evan Fournier","1610612752","New York Knicks",2022,"0022100578","20220106",-0.2,8.55,FALSE
203095,"Evan Fournier","1610612752","New York Knicks",2022,"0022100578","20220106",23.3,3.85,TRUE
203095,"Evan Fournier","1610612752","New York Knicks",2022,"0022100610","20220110",-0.6,7.95,FALSE
203095,"Evan Fournier","1610612752","New York Knicks",2022,"0022100610","20220110",16.2,24.05,TRUE
203095,"Evan Fournier","1610612752","New York Knicks",2022,"0022100610","20220110",-22.5,12.15,FALSE
203095,"Evan Fournier","1610612752","New York Knicks",2022,"0022100610","20220110",-22.8,4.45,TRUE
203095,"Evan Fournier","1610612752","New York Knicks",2022,"0022100610","20220110",15.2,6.55,TRUE
203095,"Evan Fournier","1610612752","New York Knicks",2022,"0022100610","20220110",-14,26.35,FALSE
203095,"Evan Fournier","1610612752","New York Knicks",2022,"0022100610","20220110",1.5,15.75,FALSE
203095,"Evan Fournier","1610612752","New York Knicks",2022,"0022100610","20220110",-22.5,10.55,FALSE
203095,"Evan Fournier","1610612752","New York Knicks",2022,"0022100610","20220110",-1.2,15.45,FALSE
203095,"Evan Fournier","1610612752","New York Knicks",2022,"0022100610","20220110",0,14.65,FALSE
203095,"Evan Fournier","1610612752","New York Knicks",2022,"0022100610","20220110",-7,28.85,TRUE
203095,"Evan Fournier","1610612752","New York Knicks",2022,"0022100610","20220110",0.4,30.75,TRUE
203095,"Evan Fournier","1610612752","New York Knicks",2022,"0022100622","20220112",12.7,26.75,TRUE
203095,"Evan Fournier","1610612752","New York Knicks",2022,"0022100622","20220112",1.6,14.25,FALSE
203095,"Evan Fournier","1610612752","New York Knicks",2022,"0022100622","20220112",-0.9,9.95,FALSE
203095,"Evan Fournier","1610612752","New York Knicks",2022,"0022100622","20220112",0.2,15.75,TRUE
203095,"Evan Fournier","1610612752","New York Knicks",2022,"0022100622","20220112",-20.2,5.85,TRUE
203095,"Evan Fournier","1610612752","New York Knicks",2022,"0022100622","20220112",5,30.45,FALSE
203095,"Evan Fournier","1610612752","New York Knicks",2022,"0022100622","20220112",22.9,4.95,TRUE
203095,"Evan Fournier","1610612752","New York Knicks",2022,"0022100622","20220112",-17.5,26.65,FALSE
203095,"Evan Fournier","1610612752","New York Knicks",2022,"0022100622","20220112",20.1,8.45,TRUE
203095,"Evan Fournier","1610612752","New York Knicks",2022,"0022100643","20220115",7.8,12.45,FALSE
203095,"Evan Fournier","1610612752","New York Knicks",2022,"0022100643","20220115",22.2,4.65,TRUE
203095,"Evan Fournier","1610612752","New York Knicks",2022,"0022100643","20220115",22.3,4.25,FALSE
203095,"Evan Fournier","1610612752","New York Knicks",2022,"0022100643","20220115",4.5,29.55,TRUE
203095,"Evan Fournier","1610612752","New York Knicks",2022,"0022100643","20220115",21.9,16.25,TRUE
203095,"Evan Fournier","1610612752","New York Knicks",2022,"0022100643","20220115",-1.3,28.45,FALSE
203095,"Evan Fournier","1610612752","New York Knicks",2022,"0022100643","20220115",17.9,23.15,FALSE
203095,"Evan Fournier","1610612752","New York Knicks",2022,"0022100643","20220115",13.6,27.35,FALSE
203095,"Evan Fournier","1610612752","New York Knicks",2022,"0022100643","20220115",23.4,12.65,FALSE
203095,"Evan Fournier","1610612752","New York Knicks",2022,"0022100643","20220115",14.8,20.95,TRUE
203095,"Evan Fournier","1610612752","New York Knicks",2022,"0022100643","20220115",2.1,11.25,TRUE
203095,"Evan Fournier","1610612752","New York Knicks",2022,"0022100643","20220115",-15.7,24.75,TRUE
203095,"Evan Fournier","1610612752","New York Knicks",2022,"0022100643","20220115",2.1,12.15,TRUE
203095,"Evan Fournier","1610612752","New York Knicks",2022,"0022100655","20220117",12,27.35,FALSE
203095,"Evan Fournier","1610612752","New York Knicks",2022,"0022100655","20220117",-12.5,21.75,FALSE
203095,"Evan Fournier","1610612752","New York Knicks",2022,"0022100655","20220117",-22.7,5.35,TRUE
203095,"Evan Fournier","1610612752","New York Knicks",2022,"0022100655","20220117",2.1,30.85,FALSE
203095,"Evan Fournier","1610612752","New York Knicks",2022,"0022100655","20220117",-2.9,18.75,FALSE
203095,"Evan Fournier","1610612752","New York Knicks",2022,"0022100655","20220117",22.8,4.05,TRUE
203095,"Evan Fournier","1610612752","New York Knicks",2022,"0022100655","20220117",-14.8,26.05,FALSE
203095,"Evan Fournier","1610612752","New York Knicks",2022,"0022100655","20220117",-0.1,6.25,FALSE
203095,"Evan Fournier","1610612752","New York Knicks",2022,"0022100655","20220117",0.1,27.45,FALSE
203095,"Evan Fournier","1610612752","New York Knicks",2022,"0022100666","20220118",22.7,4.45,TRUE
203095,"Evan Fournier","1610612752","New York Knicks",2022,"0022100666","20220118",-1.3,6.05,TRUE
203095,"Evan Fournier","1610612752","New York Knicks",2022,"0022100666","20220118",23,5.65,FALSE
203095,"Evan Fournier","1610612752","New York Knicks",2022,"0022100666","20220118",0.4,14.45,TRUE
203095,"Evan Fournier","1610612752","New York Knicks",2022,"0022100666","20220118",22.5,6.35,FALSE
203095,"Evan Fournier","1610612752","New York Knicks",2022,"0022100666","20220118",0,27.25,TRUE
203095,"Evan Fournier","1610612752","New York Knicks",2022,"0022100666","20220118",4.7,30.65,TRUE
203095,"Evan Fournier","1610612752","New York Knicks",2022,"0022100666","20220118",-2.2,7.75,TRUE
203095,"Evan Fournier","1610612752","New York Knicks",2022,"0022100666","20220118",23.8,7.75,TRUE
203095,"Evan Fournier","1610612752","New York Knicks",2022,"0022100666","20220118",-23.4,5.35,TRUE
203095,"Evan Fournier","1610612752","New York Knicks",2022,"0022100666","20220118",-20.1,4.75,TRUE
203095,"Evan Fournier","1610612752","New York Knicks",2022,"0022100666","20220118",16.5,24.55,TRUE
203095,"Evan Fournier","1610612752","New York Knicks",2022,"0022100666","20220118",1.7,8.45,FALSE
203095,"Evan Fournier","1610612752","New York Knicks",2022,"0022100666","20220118",-23,10.95,FALSE
203095,"Evan Fournier","1610612752","New York Knicks",2022,"0022100666","20220118",22.4,4.25,FALSE
203095,"Evan Fournier","1610612752","New York Knicks",2022,"0022100666","20220118",22.8,6.05,FALSE
203095,"Evan Fournier","1610612752","New York Knicks",2022,"0022100666","20220118",3.7,7.85,FALSE
203095,"Evan Fournier","1610612752","New York Knicks",2022,"0022100681","20220120",-2.3,30.25,FALSE
203095,"Evan Fournier","1610612752","New York Knicks",2022,"0022100681","20220120",-19.2,23.15,FALSE
203095,"Evan Fournier","1610612752","New York Knicks",2022,"0022100681","20220120",0,5.25,TRUE
203095,"Evan Fournier","1610612752","New York Knicks",2022,"0022100681","20220120",22.5,3.65,FALSE
203095,"Evan Fournier","1610612752","New York Knicks",2022,"0022100681","20220120",-2.6,6.05,FALSE
203095,"Evan Fournier","1610612752","New York Knicks",2022,"0022100681","20220120",9.4,29.55,TRUE
203095,"Evan Fournier","1610612752","New York Knicks",2022,"0022100681","20220120",9.7,28.25,FALSE
203095,"Evan Fournier","1610612752","New York Knicks",2022,"0022100681","20220120",22.5,17.75,FALSE
203095,"Evan Fournier","1610612752","New York Knicks",2022,"0022100698","20220123",-2.9,7.85,FALSE
203095,"Evan Fournier","1610612752","New York Knicks",2022,"0022100698","20220123",9.6,29.25,TRUE
203095,"Evan Fournier","1610612752","New York Knicks",2022,"0022100698","20220123",23.4,5.25,FALSE
203095,"Evan Fournier","1610612752","New York Knicks",2022,"0022100698","20220123",0.1,14.05,FALSE
203095,"Evan Fournier","1610612752","New York Knicks",2022,"0022100698","20220123",-9.8,14.45,TRUE
203095,"Evan Fournier","1610612752","New York Knicks",2022,"0022100698","20220123",-21.1,18.35,TRUE
203095,"Evan Fournier","1610612752","New York Knicks",2022,"0022100698","20220123",14.5,25.45,FALSE
203095,"Evan Fournier","1610612752","New York Knicks",2022,"0022100698","20220123",23.3,4.75,FALSE
203095,"Evan Fournier","1610612752","New York Knicks",2022,"0022100698","20220123",-8.2,29.85,TRUE
203095,"Evan Fournier","1610612752","New York Knicks",2022,"0022100698","20220123",-22.8,5.65,TRUE
203095,"Evan Fournier","1610612752","New York Knicks",2022,"0022100698","20220123",-22.7,5.65,FALSE
203095,"Evan Fournier","1610612752","New York Knicks",2022,"0022100698","20220123",0,6.05,FALSE
203095,"Evan Fournier","1610612752","New York Knicks",2022,"0022100709","20220124",10.9,27.85,FALSE
203095,"Evan Fournier","1610612752","New York Knicks",2022,"0022100709","20220124",-20.7,4.25,TRUE
203095,"Evan Fournier","1610612752","New York Knicks",2022,"0022100709","20220124",6.7,20.55,TRUE
203095,"Evan Fournier","1610612752","New York Knicks",2022,"0022100709","20220124",23.3,5.85,TRUE
203095,"Evan Fournier","1610612752","New York Knicks",2022,"0022100709","20220124",22.5,3.45,FALSE
203095,"Evan Fournier","1610612752","New York Knicks",2022,"0022100709","20220124",8.8,6.05,FALSE
203095,"Evan Fournier","1610612752","New York Knicks",2022,"0022100709","20220124",24.3,4.05,FALSE
203095,"Evan Fournier","1610612752","New York Knicks",2022,"0022100709","20220124",-23.3,5.85,FALSE
203095,"Evan Fournier","1610612752","New York Knicks",2022,"0022100709","20220124",16.5,22.75,FALSE
203095,"Evan Fournier","1610612752","New York Knicks",2022,"0022100727","20220126",14.3,28.35,FALSE
203095,"Evan Fournier","1610612752","New York Knicks",2022,"0022100727","20220126",9.6,16.35,FALSE
203095,"Evan Fournier","1610612752","New York Knicks",2022,"0022100727","20220126",-9.8,28.35,TRUE
203095,"Evan Fournier","1610612752","New York Knicks",2022,"0022100727","20220126",-22.7,6.05,TRUE
203095,"Evan Fournier","1610612752","New York Knicks",2022,"0022100727","20220126",-15.8,25.25,FALSE
203095,"Evan Fournier","1610612752","New York Knicks",2022,"0022100727","20220126",-11.5,27.85,FALSE
203095,"Evan Fournier","1610612752","New York Knicks",2022,"0022100727","20220126",-6.4,9.05,FALSE
203095,"Evan Fournier","1610612752","New York Knicks",2022,"0022100744","20220128",4.5,13.25,TRUE
203095,"Evan Fournier","1610612752","New York Knicks",2022,"0022100744","20220128",11.9,30.55,TRUE
203095,"Evan Fournier","1610612752","New York Knicks",2022,"0022100744","20220128",23.3,4.35,TRUE
203095,"Evan Fournier","1610612752","New York Knicks",2022,"0022100744","20220128",10.7,29.45,FALSE
203095,"Evan Fournier","1610612752","New York Knicks",2022,"0022100744","20220128",11.8,20.65,TRUE
203095,"Evan Fournier","1610612752","New York Knicks",2022,"0022100744","20220128",7.8,13.65,TRUE
203095,"Evan Fournier","1610612752","New York Knicks",2022,"0022100744","20220128",-21.8,17.95,FALSE
203095,"Evan Fournier","1610612752","New York Knicks",2022,"0022100744","20220128",18.4,24.25,FALSE
203095,"Evan Fournier","1610612752","New York Knicks",2022,"0022100744","20220128",0,6.65,TRUE
203095,"Evan Fournier","1610612752","New York Knicks",2022,"0022100744","20220128",10.8,27.65,TRUE
203095,"Evan Fournier","1610612752","New York Knicks",2022,"0022100744","20220128",22.4,18.75,FALSE
203095,"Evan Fournier","1610612752","New York Knicks",2022,"0022100744","20220128",-21.4,20.45,TRUE
203095,"Evan Fournier","1610612752","New York Knicks",2022,"0022100744","20220128",-0.5,6.35,FALSE
203095,"Evan Fournier","1610612752","New York Knicks",2022,"0022100744","20220128",-3.4,33.95,TRUE
203095,"Evan Fournier","1610612752","New York Knicks",2022,"0022100744","20220128",-9.6,29.75,FALSE
203095,"Evan Fournier","1610612752","New York Knicks",2022,"0022100744","20220128",8.9,21.05,FALSE
203095,"Evan Fournier","1610612752","New York Knicks",2022,"0022100744","20220128",-15.9,27.25,FALSE
203095,"Evan Fournier","1610612752","New York Knicks",2022,"0022100744","20220128",-5.4,30.45,FALSE
203095,"Evan Fournier","1610612752","New York Knicks",2022,"0022100744","20220128",-0.5,5.35,TRUE
203095,"Evan Fournier","1610612752","New York Knicks",2022,"0022100763","20220131",-17.5,17.55,TRUE
203095,"Evan Fournier","1610612752","New York Knicks",2022,"0022100763","20220131",1.7,19.55,TRUE
203095,"Evan Fournier","1610612752","New York Knicks",2022,"0022100763","20220131",22.8,15.35,TRUE
203095,"Evan Fournier","1610612752","New York Knicks",2022,"0022100763","20220131",-12.5,27.05,TRUE
203095,"Evan Fournier","1610612752","New York Knicks",2022,"0022100763","20220131",20.5,19.35,TRUE
203095,"Evan Fournier","1610612752","New York Knicks",2022,"0022100763","20220131",12.4,28.85,TRUE
203095,"Evan Fournier","1610612752","New York Knicks",2022,"0022100763","20220131",23.3,6.35,FALSE
203095,"Evan Fournier","1610612752","New York Knicks",2022,"0022100763","20220131",-1.6,5.95,TRUE
203095,"Evan Fournier","1610612752","New York Knicks",2022,"0022100763","20220131",18.5,22.15,FALSE
203095,"Evan Fournier","1610612752","New York Knicks",2022,"0022100763","20220131",17,23.45,FALSE
203095,"Evan Fournier","1610612752","New York Knicks",2022,"0022100763","20220131",11.8,24.65,FALSE
203095,"Evan Fournier","1610612752","New York Knicks",2022,"0022100776","20220202",18.5,22.55,TRUE
203095,"Evan Fournier","1610612752","New York Knicks",2022,"0022100776","20220202",17,24.65,FALSE
203095,"Evan Fournier","1610612752","New York Knicks",2022,"0022100776","20220202",-1.1,5.65,FALSE
203095,"Evan Fournier","1610612752","New York Knicks",2022,"0022100776","20220202",22.8,9.05,TRUE
203095,"Evan Fournier","1610612752","New York Knicks",2022,"0022100776","20220202",22.7,4.55,TRUE
203095,"Evan Fournier","1610612752","New York Knicks",2022,"0022100776","20220202",6.5,29.25,TRUE
203095,"Evan Fournier","1610612752","New York Knicks",2022,"0022100776","20220202",7.1,29.45,FALSE
203095,"Evan Fournier","1610612752","New York Knicks",2022,"0022100776","20220202",23.2,4.95,TRUE
203095,"Evan Fournier","1610612752","New York Knicks",2022,"0022100776","20220202",3.6,7.05,FALSE
203095,"Evan Fournier","1610612752","New York Knicks",2022,"0022100776","20220202",21.7,19.45,FALSE
203095,"Evan Fournier","1610612752","New York Knicks",2022,"0022100776","20220202",0,15.95,TRUE
203095,"Evan Fournier","1610612752","New York Knicks",2022,"0022100776","20220202",14.2,26.75,TRUE
203095,"Evan Fournier","1610612752","New York Knicks",2022,"0022100776","20220202",-16.2,23.75,TRUE
203095,"Evan Fournier","1610612752","New York Knicks",2022,"0022100776","20220202",-2.5,14.25,TRUE
203095,"Evan Fournier","1610612752","New York Knicks",2022,"0022100776","20220202",9.8,28.75,TRUE
203095,"Evan Fournier","1610612752","New York Knicks",2022,"0022100776","20220202",1.3,5.45,FALSE
203095,"Evan Fournier","1610612752","New York Knicks",2022,"0022100776","20220202",2.1,10.15,TRUE
203095,"Evan Fournier","1610612752","New York Knicks",2022,"0022100776","20220202",-6.9,30.05,FALSE
203095,"Evan Fournier","1610612752","New York Knicks",2022,"0022100799","20220205",-18.5,21.05,TRUE
203095,"Evan Fournier","1610612752","New York Knicks",2022,"0022100799","20220205",14.3,27.35,TRUE
203095,"Evan Fournier","1610612752","New York Knicks",2022,"0022100799","20220205",-3.7,6.25,TRUE
203095,"Evan Fournier","1610612752","New York Knicks",2022,"0022100799","20220205",20.1,23.05,FALSE
203095,"Evan Fournier","1610612752","New York Knicks",2022,"0022100799","20220205",23.2,8.35,FALSE
203095,"Evan Fournier","1610612752","New York Knicks",2022,"0022100799","20220205",-22.9,5.85,FALSE
203095,"Evan Fournier","1610612752","New York Knicks",2022,"0022100799","20220205",-3.3,17.15,FALSE
203095,"Evan Fournier","1610612752","New York Knicks",2022,"0022100799","20220205",-0.2,30.75,FALSE
203095,"Evan Fournier","1610612752","New York Knicks",2022,"0022100799","20220205",1.2,6.15,TRUE
203095,"Evan Fournier","1610612752","New York Knicks",2022,"0022100799","20220205",-6,29.95,FALSE
203095,"Evan Fournier","1610612752","New York Knicks",2022,"0022100799","20220205",22.8,7.25,FALSE
203095,"Evan Fournier","1610612752","New York Knicks",2022,"0022100799","20220205",-23.5,5.85,TRUE
203095,"Evan Fournier","1610612752","New York Knicks",2022,"0022100799","20220205",-2.7,23.65,FALSE
203095,"Evan Fournier","1610612752","New York Knicks",2022,"0022100799","20220205",-12.3,27.75,FALSE
203095,"Evan Fournier","1610612752","New York Knicks",2022,"0022100814","20220207",21.2,12.95,FALSE
203095,"Evan Fournier","1610612752","New York Knicks",2022,"0022100814","20220207",20.8,6.15,TRUE
203095,"Evan Fournier","1610612752","New York Knicks",2022,"0022100814","20220207",21.9,17.35,TRUE
203095,"Evan Fournier","1610612752","New York Knicks",2022,"0022100814","20220207",15,25.85,FALSE
203095,"Evan Fournier","1610612752","New York Knicks",2022,"0022100814","20220207",21.7,16.05,FALSE
203095,"Evan Fournier","1610612752","New York Knicks",2022,"0022100814","20220207",-9.8,24.45,FALSE
203095,"Evan Fournier","1610612752","New York Knicks",2022,"0022100814","20220207",-10.7,29.05,FALSE
203095,"Evan Fournier","1610612752","New York Knicks",2022,"0022100814","20220207",18.8,7.45,FALSE
203095,"Evan Fournier","1610612752","New York Knicks",2022,"0022100814","20220207",19,22.45,FALSE
203095,"Evan Fournier","1610612752","New York Knicks",2022,"0022100814","20220207",23.8,9.95,TRUE
203095,"Evan Fournier","1610612752","New York Knicks",2022,"0022100814","20220207",21.6,24.35,TRUE
203095,"Evan Fournier","1610612752","New York Knicks",2022,"0022100814","20220207",23.9,6.55,TRUE
203095,"Evan Fournier","1610612752","New York Knicks",2022,"0022100821","20220208",-3.4,30.05,TRUE
203095,"Evan Fournier","1610612752","New York Knicks",2022,"0022100821","20220208",22.9,6.35,TRUE
203095,"Evan Fournier","1610612752","New York Knicks",2022,"0022100821","20220208",23.3,6.15,TRUE
203095,"Evan Fournier","1610612752","New York Knicks",2022,"0022100821","20220208",3.3,6.25,FALSE
203095,"Evan Fournier","1610612752","New York Knicks",2022,"0022100821","20220208",1.5,14.75,TRUE
203095,"Evan Fournier","1610612752","New York Knicks",2022,"0022100821","20220208",-2.5,31.85,FALSE
203095,"Evan Fournier","1610612752","New York Knicks",2022,"0022100821","20220208",9.2,9.95,TRUE
203095,"Evan Fournier","1610612752","New York Knicks",2022,"0022100821","20220208",23.2,5.25,FALSE
203095,"Evan Fournier","1610612752","New York Knicks",2022,"0022100821","20220208",20.8,19.45,FALSE
203095,"Evan Fournier","1610612752","New York Knicks",2022,"0022100821","20220208",4.9,13.05,TRUE
203095,"Evan Fournier","1610612752","New York Knicks",2022,"0022100821","20220208",-3.8,30.35,FALSE
203095,"Evan Fournier","1610612752","New York Knicks",2022,"0022100821","20220208",23.8,5.95,TRUE
203095,"Evan Fournier","1610612752","New York Knicks",2022,"0022100821","20220208",1.1,6.35,TRUE
203095,"Evan Fournier","1610612752","New York Knicks",2022,"0022100821","20220208",23.7,7.75,FALSE
203095,"Evan Fournier","1610612752","New York Knicks",2022,"0022100821","20220208",-15.8,25.15,FALSE
203095,"Evan Fournier","1610612752","New York Knicks",2022,"0022100821","20220208",14.7,7.75,FALSE
203095,"Evan Fournier","1610612752","New York Knicks",2022,"0022100837","20220210",-12,29.75,TRUE
203095,"Evan Fournier","1610612752","New York Knicks",2022,"0022100837","20220210",2.1,17.95,TRUE
203095,"Evan Fournier","1610612752","New York Knicks",2022,"0022100837","20220210",-3.2,30.95,FALSE
203095,"Evan Fournier","1610612752","New York Knicks",2022,"0022100837","20220210",-9.2,9.85,TRUE
203095,"Evan Fournier","1610612752","New York Knicks",2022,"0022100837","20220210",-7.4,30.45,FALSE
203095,"Evan Fournier","1610612752","New York Knicks",2022,"0022100837","20220210",16.3,26.25,TRUE
203095,"Evan Fournier","1610612752","New York Knicks",2022,"0022100837","20220210",18.1,24.75,FALSE
203095,"Evan Fournier","1610612752","New York Knicks",2022,"0022100837","20220210",16.7,27.95,TRUE
203095,"Evan Fournier","1610612752","New York Knicks",2022,"0022100837","20220210",-5.9,31.25,FALSE
203095,"Evan Fournier","1610612752","New York Knicks",2022,"0022100837","20220210",23.2,4.45,TRUE
203095,"Evan Fournier","1610612752","New York Knicks",2022,"0022100837","20220210",11.9,30.65,FALSE
203095,"Evan Fournier","1610612752","New York Knicks",2022,"0022100837","20220210",-22.7,3.85,FALSE
203095,"Evan Fournier","1610612752","New York Knicks",2022,"0022100837","20220210",-0.5,15.45,FALSE
203095,"Evan Fournier","1610612752","New York Knicks",2022,"0022100837","20220210",14.2,28.55,TRUE
203095,"Evan Fournier","1610612752","New York Knicks",2022,"0022100837","20220210",-16.2,26.35,FALSE
203095,"Evan Fournier","1610612752","New York Knicks",2022,"0022100837","20220210",-6.9,31.65,FALSE
203095,"Evan Fournier","1610612752","New York Knicks",2022,"0022100837","20220210",4.5,12.25,FALSE
203095,"Evan Fournier","1610612752","New York Knicks",2022,"0022100845","20220212",2.5,9.15,FALSE
203095,"Evan Fournier","1610612752","New York Knicks",2022,"0022100845","20220212",18.5,22.45,FALSE
203095,"Evan Fournier","1610612752","New York Knicks",2022,"0022100845","20220212",22.4,6.85,TRUE
203095,"Evan Fournier","1610612752","New York Knicks",2022,"0022100845","20220212",22.5,10.75,FALSE
203095,"Evan Fournier","1610612752","New York Knicks",2022,"0022100845","20220212",-22.4,7.25,FALSE
203095,"Evan Fournier","1610612752","New York Knicks",2022,"0022100845","20220212",-1.7,6.25,FALSE
203095,"Evan Fournier","1610612752","New York Knicks",2022,"0022100845","20220212",10.9,29.05,FALSE
203095,"Evan Fournier","1610612752","New York Knicks",2022,"0022100845","20220212",18.8,23.55,FALSE
203095,"Evan Fournier","1610612752","New York Knicks",2022,"0022100845","20220212",0.2,10.05,FALSE
203095,"Evan Fournier","1610612752","New York Knicks",2022,"0022100845","20220212",22.9,10.15,FALSE
203095,"Evan Fournier","1610612752","New York Knicks",2022,"0022100845","20220212",-8.8,30.15,FALSE
203095,"Evan Fournier","1610612752","New York Knicks",2022,"0022100845","20220212",21.9,17.35,FALSE
203095,"Evan Fournier","1610612752","New York Knicks",2022,"0022100845","20220212",22.8,8.45,FALSE
203095,"Evan Fournier","1610612752","New York Knicks",2022,"0022100860","20220214",21.9,17.75,FALSE
203095,"Evan Fournier","1610612752","New York Knicks",2022,"0022100860","20220214",22.9,7.35,TRUE
203095,"Evan Fournier","1610612752","New York Knicks",2022,"0022100860","20220214",-19.5,8.55,TRUE
203095,"Evan Fournier","1610612752","New York Knicks",2022,"0022100860","20220214",-14,26.25,TRUE
203095,"Evan Fournier","1610612752","New York Knicks",2022,"0022100860","20220214",-19.2,15.35,TRUE
203095,"Evan Fournier","1610612752","New York Knicks",2022,"0022100860","20220214",-9.4,28.35,FALSE
203095,"Evan Fournier","1610612752","New York Knicks",2022,"0022100860","20220214",16.3,25.65,FALSE
203095,"Evan Fournier","1610612752","New York Knicks",2022,"0022100860","20220214",23.7,5.25,TRUE
203095,"Evan Fournier","1610612752","New York Knicks",2022,"0022100860","20220214",-18.5,22.35,TRUE
203095,"Evan Fournier","1610612752","New York Knicks",2022,"0022100860","20220214",15.6,23.65,FALSE
203095,"Evan Fournier","1610612752","New York Knicks",2022,"0022100860","20220214",22.5,4.05,TRUE
203095,"Evan Fournier","1610612752","New York Knicks",2022,"0022100860","20220214",3.7,29.85,FALSE
203095,"Evan Fournier","1610612752","New York Knicks",2022,"0022100860","20220214",4.5,6.55,FALSE
203095,"Evan Fournier","1610612752","New York Knicks",2022,"0022100860","20220214",-11.3,28.75,FALSE
203095,"Evan Fournier","1610612752","New York Knicks",2022,"0022100860","20220214",-1.2,6.55,TRUE
203095,"Evan Fournier","1610612752","New York Knicks",2022,"0022100860","20220214",-0.2,14.55,TRUE
203095,"Evan Fournier","1610612752","New York Knicks",2022,"0022100860","20220214",14.2,26.55,TRUE
203095,"Evan Fournier","1610612752","New York Knicks",2022,"0022100860","20220214",13.6,26.55,FALSE
203095,"Evan Fournier","1610612752","New York Knicks",2022,"0022100877","20220216",3.6,9.15,FALSE
203095,"Evan Fournier","1610612752","New York Knicks",2022,"0022100877","20220216",-13.8,25.15,TRUE
203095,"Evan Fournier","1610612752","New York Knicks",2022,"0022100877","20220216",0,17.25,TRUE
203095,"Evan Fournier","1610612752","New York Knicks",2022,"0022100877","20220216",-0.6,31.05,TRUE
203095,"Evan Fournier","1610612752","New York Knicks",2022,"0022100877","20220216",20.1,20.95,FALSE
203095,"Evan Fournier","1610612752","New York Knicks",2022,"0022100877","20220216",-22.8,4.15,FALSE
203095,"Evan Fournier","1610612752","New York Knicks",2022,"0022100877","20220216",-19.6,20.55,FALSE
203095,"Evan Fournier","1610612752","New York Knicks",2022,"0022100877","20220216",23.3,6.55,TRUE
203095,"Evan Fournier","1610612752","New York Knicks",2022,"0022100877","20220216",-1.5,31.05,FALSE
203095,"Evan Fournier","1610612752","New York Knicks",2022,"0022100877","20220216",-2.7,7.85,FALSE
203095,"Evan Fournier","1610612752","New York Knicks",2022,"0022100877","20220216",-0.5,30.95,FALSE
203095,"Evan Fournier","1610612752","New York Knicks",2022,"0022100877","20220216",0,5.25,TRUE
203095,"Evan Fournier","1610612752","New York Knicks",2022,"0022100877","20220216",0.4,6.05,FALSE
203095,"Evan Fournier","1610612752","New York Knicks",2022,"0022100877","20220216",-2.2,30.25,FALSE
203095,"Evan Fournier","1610612752","New York Knicks",2022,"0022100877","20220216",9.9,27.45,FALSE
203095,"Evan Fournier","1610612752","New York Knicks",2022,"0022100877","20220216",10.7,28.75,TRUE
203095,"Evan Fournier","1610612752","New York Knicks",2022,"0022100877","20220216",23.4,3.25,FALSE
203095,"Evan Fournier","1610612752","New York Knicks",2022,"0022100900","20220225",-16.9,24.05,FALSE
203095,"Evan Fournier","1610612752","New York Knicks",2022,"0022100900","20220225",-0.6,5.45,TRUE
203095,"Evan Fournier","1610612752","New York Knicks",2022,"0022100900","20220225",18.5,21.65,TRUE
203095,"Evan Fournier","1610612752","New York Knicks",2022,"0022100900","20220225",16.1,25.45,FALSE
203095,"Evan Fournier","1610612752","New York Knicks",2022,"0022100900","20220225",19.2,22.25,FALSE
203095,"Evan Fournier","1610612752","New York Knicks",2022,"0022100900","20220225",12.4,26.95,FALSE
203095,"Evan Fournier","1610612752","New York Knicks",2022,"0022100900","20220225",17.8,24.55,FALSE
203095,"Evan Fournier","1610612752","New York Knicks",2022,"0022100900","20220225",-1,17.85,FALSE
203095,"Evan Fournier","1610612752","New York Knicks",2022,"0022100900","20220225",4.2,16.95,FALSE
203095,"Evan Fournier","1610612752","New York Knicks",2022,"0022100900","20220225",14.2,26.55,TRUE
203095,"Evan Fournier","1610612752","New York Knicks",2022,"0022100900","20220225",2.8,7.35,FALSE
203095,"Evan Fournier","1610612752","New York Knicks",2022,"0022100900","20220225",7.2,29.45,TRUE
203095,"Evan Fournier","1610612752","New York Knicks",2022,"0022100900","20220225",19.2,19.25,FALSE
203095,"Evan Fournier","1610612752","New York Knicks",2022,"0022100900","20220225",-20,4.05,TRUE
203095,"Evan Fournier","1610612752","New York Knicks",2022,"0022100900","20220225",-19.4,16.75,FALSE
203095,"Evan Fournier","1610612752","New York Knicks",2022,"0022100900","20220225",-22.8,2.05,FALSE
203095,"Evan Fournier","1610612752","New York Knicks",2022,"0022100912","20220227",0.2,31.75,TRUE
203095,"Evan Fournier","1610612752","New York Knicks",2022,"0022100912","20220227",1,6.05,TRUE
203095,"Evan Fournier","1610612752","New York Knicks",2022,"0022100912","20220227",23.3,5.65,FALSE
203095,"Evan Fournier","1610612752","New York Knicks",2022,"0022100912","20220227",23.7,4.15,FALSE
203095,"Evan Fournier","1610612752","New York Knicks",2022,"0022100912","20220227",-10.7,28.05,TRUE
203095,"Evan Fournier","1610612752","New York Knicks",2022,"0022100912","20220227",23,8.45,TRUE
203095,"Evan Fournier","1610612752","New York Knicks",2022,"0022100912","20220227",-22.8,4.15,FALSE
203095,"Evan Fournier","1610612752","New York Knicks",2022,"0022100912","20220227",-22.5,6.25,TRUE
203095,"Evan Fournier","1610612752","New York Knicks",2022,"0022100912","20220227",-2.6,13.65,FALSE
203095,"Evan Fournier","1610612752","New York Knicks",2022,"0022100912","20220227",-2.5,30.45,TRUE
203095,"Evan Fournier","1610612752","New York Knicks",2022,"0022100912","20220227",-5,5.85,TRUE
203095,"Evan Fournier","1610612752","New York Knicks",2022,"0022100912","20220227",-5,30.75,FALSE
203095,"Evan Fournier","1610612752","New York Knicks",2022,"0022100912","20220227",-22.7,7.65,FALSE
203095,"Evan Fournier","1610612752","New York Knicks",2022,"0022100912","20220227",-0.6,5.15,TRUE
203095,"Evan Fournier","1610612752","New York Knicks",2022,"0022100912","20220227",-5.9,30.35,TRUE
203095,"Evan Fournier","1610612752","New York Knicks",2022,"0022100912","20220227",-1.7,10.45,FALSE
203095,"Evan Fournier","1610612752","New York Knicks",2022,"0022100934","20220302",20.7,23.05,FALSE
203095,"Evan Fournier","1610612752","New York Knicks",2022,"0022100934","20220302",1,11.55,FALSE
203095,"Evan Fournier","1610612752","New York Knicks",2022,"0022100934","20220302",6.7,4.95,FALSE
203095,"Evan Fournier","1610612752","New York Knicks",2022,"0022100934","20220302",5.6,30.85,FALSE
203095,"Evan Fournier","1610612752","New York Knicks",2022,"0022100934","20220302",-14.6,28.25,FALSE
203095,"Evan Fournier","1610612752","New York Knicks",2022,"0022100934","20220302",-0.2,10.75,TRUE
203095,"Evan Fournier","1610612752","New York Knicks",2022,"0022100934","20220302",16.3,25.35,FALSE
203095,"Evan Fournier","1610612752","New York Knicks",2022,"0022100934","20220302",-23.3,10.25,FALSE
203095,"Evan Fournier","1610612752","New York Knicks",2022,"0022100953","20220304",9.3,12.75,FALSE
203095,"Evan Fournier","1610612752","New York Knicks",2022,"0022100953","20220304",10.7,27.25,FALSE
203095,"Evan Fournier","1610612752","New York Knicks",2022,"0022100953","20220304",-3.1,14.25,TRUE
203095,"Evan Fournier","1610612752","New York Knicks",2022,"0022100953","20220304",19.9,22.45,TRUE
203095,"Evan Fournier","1610612752","New York Knicks",2022,"0022100953","20220304",22.9,6.05,FALSE
203095,"Evan Fournier","1610612752","New York Knicks",2022,"0022100953","20220304",19.2,22.75,TRUE
203095,"Evan Fournier","1610612752","New York Knicks",2022,"0022100953","20220304",8,32.05,FALSE
203095,"Evan Fournier","1610612752","New York Knicks",2022,"0022100953","20220304",15.6,26.25,TRUE
203095,"Evan Fournier","1610612752","New York Knicks",2022,"0022100953","20220304",-3.2,31.65,TRUE
203095,"Evan Fournier","1610612752","New York Knicks",2022,"0022100953","20220304",11.9,20.65,FALSE
203095,"Evan Fournier","1610612752","New York Knicks",2022,"0022100953","20220304",21.1,15.35,FALSE
203095,"Evan Fournier","1610612752","New York Knicks",2022,"0022100966","20220306",-12.7,21.75,TRUE
203095,"Evan Fournier","1610612752","New York Knicks",2022,"0022100966","20220306",-16.6,23.55,FALSE
203095,"Evan Fournier","1610612752","New York Knicks",2022,"0022100966","20220306",2.5,14.65,FALSE
203095,"Evan Fournier","1610612752","New York Knicks",2022,"0022100966","20220306",23.5,8.95,FALSE
203095,"Evan Fournier","1610612752","New York Knicks",2022,"0022100966","20220306",23.5,10.35,TRUE
203095,"Evan Fournier","1610612752","New York Knicks",2022,"0022100966","20220306",16.7,25.55,FALSE
203095,"Evan Fournier","1610612752","New York Knicks",2022,"0022100966","20220306",19.9,15.05,TRUE
203095,"Evan Fournier","1610612752","New York Knicks",2022,"0022100966","20220306",23.8,8.65,FALSE
203095,"Evan Fournier","1610612752","New York Knicks",2022,"0022100974","20220307",6,7.05,FALSE
203095,"Evan Fournier","1610612752","New York Knicks",2022,"0022100974","20220307",23.3,5.85,FALSE
203095,"Evan Fournier","1610612752","New York Knicks",2022,"0022100974","20220307",23,10.75,FALSE
203095,"Evan Fournier","1610612752","New York Knicks",2022,"0022100974","20220307",10.4,29.35,FALSE
203095,"Evan Fournier","1610612752","New York Knicks",2022,"0022100974","20220307",1.6,7.25,TRUE
203095,"Evan Fournier","1610612752","New York Knicks",2022,"0022100974","20220307",22.8,6.95,TRUE
203095,"Evan Fournier","1610612752","New York Knicks",2022,"0022100974","20220307",19.6,20.75,FALSE
203095,"Evan Fournier","1610612752","New York Knicks",2022,"0022100974","20220307",-2.5,5.65,TRUE
203095,"Evan Fournier","1610612752","New York Knicks",2022,"0022100974","20220307",10,27.75,TRUE
203095,"Evan Fournier","1610612752","New York Knicks",2022,"0022100974","20220307",20,19.05,FALSE
203095,"Evan Fournier","1610612752","New York Knicks",2022,"0022100974","20220307",-22.1,17.25,FALSE
203095,"Evan Fournier","1610612752","New York Knicks",2022,"0022100974","20220307",2.1,30.05,TRUE
203095,"Evan Fournier","1610612752","New York Knicks",2022,"0022100974","20220307",-23,6.05,FALSE
203095,"Evan Fournier","1610612752","New York Knicks",2022,"0022100974","20220307",6.2,15.65,FALSE
203095,"Evan Fournier","1610612752","New York Knicks",2022,"0022100988","20220309",22.7,15.75,FALSE
203095,"Evan Fournier","1610612752","New York Knicks",2022,"0022100988","20220309",22.5,16.25,TRUE
203095,"Evan Fournier","1610612752","New York Knicks",2022,"0022100988","20220309",1.6,5.85,TRUE
203095,"Evan Fournier","1610612752","New York Knicks",2022,"0022100988","20220309",23.4,5.15,FALSE
203095,"Evan Fournier","1610612752","New York Knicks",2022,"0022100988","20220309",14.3,6.25,FALSE
203095,"Evan Fournier","1610612752","New York Knicks",2022,"0022100988","20220309",21.1,6.55,TRUE
203095,"Evan Fournier","1610612752","New York Knicks",2022,"0022100988","20220309",-18.9,21.75,TRUE
203095,"Evan Fournier","1610612752","New York Knicks",2022,"0022100988","20220309",12.6,27.55,FALSE
203095,"Evan Fournier","1610612752","New York Knicks",2022,"0022100988","20220309",22.9,15.65,FALSE
203095,"Evan Fournier","1610612752","New York Knicks",2022,"0022101000","20220311",13.7,28.05,FALSE
203095,"Evan Fournier","1610612752","New York Knicks",2022,"0022101000","20220311",0.1,17.95,FALSE
203095,"Evan Fournier","1610612752","New York Knicks",2022,"0022101000","20220311",23,8.95,TRUE
203095,"Evan Fournier","1610612752","New York Knicks",2022,"0022101000","20220311",22.8,9.95,FALSE
203095,"Evan Fournier","1610612752","New York Knicks",2022,"0022101000","20220311",13.5,26.55,FALSE
203095,"Evan Fournier","1610612752","New York Knicks",2022,"0022101000","20220311",-6.5,29.45,TRUE
203095,"Evan Fournier","1610612752","New York Knicks",2022,"0022101000","20220311",-9.8,28.85,FALSE
203095,"Evan Fournier","1610612752","New York Knicks",2022,"0022101000","20220311",1.6,30.25,TRUE
203095,"Evan Fournier","1610612752","New York Knicks",2022,"0022101012","20220313",-5.8,26.65,TRUE
203095,"Evan Fournier","1610612752","New York Knicks",2022,"0022101012","20220313",0.9,29.95,TRUE
203095,"Evan Fournier","1610612752","New York Knicks",2022,"0022101012","20220313",-6.7,16.25,TRUE
203095,"Evan Fournier","1610612752","New York Knicks",2022,"0022101012","20220313",2.1,29.95,TRUE
203095,"Evan Fournier","1610612752","New York Knicks",2022,"0022101012","20220313",5.3,7.75,TRUE
203095,"Evan Fournier","1610612752","New York Knicks",2022,"0022101012","20220313",-0.7,30.25,FALSE
203095,"Evan Fournier","1610612752","New York Knicks",2022,"0022101012","20220313",19.2,20.45,FALSE
203095,"Evan Fournier","1610612752","New York Knicks",2022,"0022101012","20220313",13.7,27.05,TRUE
203095,"Evan Fournier","1610612752","New York Knicks",2022,"0022101012","20220313",0.9,13.65,TRUE
203095,"Evan Fournier","1610612752","New York Knicks",2022,"0022101012","20220313",9.7,28.95,TRUE
203095,"Evan Fournier","1610612752","New York Knicks",2022,"0022101012","20220313",-10.8,27.45,FALSE
203095,"Evan Fournier","1610612752","New York Knicks",2022,"0022101012","20220313",19.4,6.55,FALSE
203095,"Evan Fournier","1610612752","New York Knicks",2022,"0022101012","20220313",22.5,7.25,TRUE
203095,"Evan Fournier","1610612752","New York Knicks",2022,"0022101037","20220316",-8.8,30.15,FALSE
203095,"Evan Fournier","1610612752","New York Knicks",2022,"0022101037","20220316",14.5,25.95,FALSE
203095,"Evan Fournier","1610612752","New York Knicks",2022,"0022101037","20220316",22.7,6.85,TRUE
203095,"Evan Fournier","1610612752","New York Knicks",2022,"0022101037","20220316",16.7,24.05,FALSE
203095,"Evan Fournier","1610612752","New York Knicks",2022,"0022101037","20220316",23,14.15,TRUE
203095,"Evan Fournier","1610612752","New York Knicks",2022,"0022101037","20220316",2.7,29.85,TRUE
203095,"Evan Fournier","1610612752","New York Knicks",2022,"0022101037","20220316",-2.1,30.85,FALSE
203095,"Evan Fournier","1610612752","New York Knicks",2022,"0022101037","20220316",4.5,30.35,TRUE
203095,"Evan Fournier","1610612752","New York Knicks",2022,"0022101037","20220316",-9.9,29.25,FALSE
203095,"Evan Fournier","1610612752","New York Knicks",2022,"0022101037","20220316",0.2,6.05,TRUE
203095,"Evan Fournier","1610612752","New York Knicks",2022,"0022101050","20220318",-4.7,30.35,TRUE
203095,"Evan Fournier","1610612752","New York Knicks",2022,"0022101050","20220318",6.4,30.15,TRUE
203095,"Evan Fournier","1610612752","New York Knicks",2022,"0022101050","20220318",17.2,23.65,FALSE
203095,"Evan Fournier","1610612752","New York Knicks",2022,"0022101050","20220318",-0.2,17.35,FALSE
203095,"Evan Fournier","1610612752","New York Knicks",2022,"0022101050","20220318",-22.3,18.85,FALSE
203095,"Evan Fournier","1610612752","New York Knicks",2022,"0022101050","20220318",-6.2,31.05,TRUE
203095,"Evan Fournier","1610612752","New York Knicks",2022,"0022101050","20220318",22.1,18.35,FALSE
203095,"Evan Fournier","1610612752","New York Knicks",2022,"0022101050","20220318",12.3,27.45,TRUE
203095,"Evan Fournier","1610612752","New York Knicks",2022,"0022101050","20220318",16.1,24.95,TRUE
203095,"Evan Fournier","1610612752","New York Knicks",2022,"0022101050","20220318",2.7,5.85,FALSE
203095,"Evan Fournier","1610612752","New York Knicks",2022,"0022101050","20220318",17.9,21.85,FALSE
203095,"Evan Fournier","1610612752","New York Knicks",2022,"0022101050","20220318",-10.7,32.15,FALSE
203095,"Evan Fournier","1610612752","New York Knicks",2022,"0022101050","20220318",-5.8,29.95,FALSE
203095,"Evan Fournier","1610612752","New York Knicks",2022,"0022101067","20220320",5.6,29.45,TRUE
203095,"Evan Fournier","1610612752","New York Knicks",2022,"0022101067","20220320",-1.1,29.75,FALSE
203095,"Evan Fournier","1610612752","New York Knicks",2022,"0022101067","20220320",-17.8,24.15,TRUE
203095,"Evan Fournier","1610612752","New York Knicks",2022,"0022101067","20220320",0.9,19.35,TRUE
203095,"Evan Fournier","1610612752","New York Knicks",2022,"0022101067","20220320",11,27.65,TRUE
203095,"Evan Fournier","1610612752","New York Knicks",2022,"0022101067","20220320",7.7,29.55,FALSE
203095,"Evan Fournier","1610612752","New York Knicks",2022,"0022101067","20220320",23.9,6.45,FALSE
203095,"Evan Fournier","1610612752","New York Knicks",2022,"0022101067","20220320",-6.7,29.65,FALSE
203095,"Evan Fournier","1610612752","New York Knicks",2022,"0022101067","20220320",0.1,17.25,FALSE
203095,"Evan Fournier","1610612752","New York Knicks",2022,"0022101067","20220320",-5.8,30.65,TRUE
203095,"Evan Fournier","1610612752","New York Knicks",2022,"0022101067","20220320",-19.2,21.95,FALSE
203095,"Evan Fournier","1610612752","New York Knicks",2022,"0022101067","20220320",23.5,12.15,TRUE
203095,"Evan Fournier","1610612752","New York Knicks",2022,"0022101067","20220320",3.2,7.55,FALSE
203095,"Evan Fournier","1610612752","New York Knicks",2022,"0022101081","20220322",12.6,28.85,FALSE
203095,"Evan Fournier","1610612752","New York Knicks",2022,"0022101081","20220322",-1.5,8.05,FALSE
203095,"Evan Fournier","1610612752","New York Knicks",2022,"0022101081","20220322",4.4,29.95,FALSE
203095,"Evan Fournier","1610612752","New York Knicks",2022,"0022101081","20220322",22.9,5.75,FALSE
203095,"Evan Fournier","1610612752","New York Knicks",2022,"0022101081","20220322",-22.1,3.75,TRUE
203095,"Evan Fournier","1610612752","New York Knicks",2022,"0022101081","20220322",-0.5,11.95,TRUE
203095,"Evan Fournier","1610612752","New York Knicks",2022,"0022101081","20220322",-8.1,28.45,FALSE
203095,"Evan Fournier","1610612752","New York Knicks",2022,"0022101081","20220322",-22.7,5.65,TRUE
203095,"Evan Fournier","1610612752","New York Knicks",2022,"0022101081","20220322",22.8,7.85,FALSE
203095,"Evan Fournier","1610612752","New York Knicks",2022,"0022101081","20220322",-20.7,19.25,FALSE
203095,"Evan Fournier","1610612752","New York Knicks",2022,"0022101081","20220322",-12.5,27.35,TRUE
203095,"Evan Fournier","1610612752","New York Knicks",2022,"0022101084","20220323",-3.3,7.85,FALSE
203095,"Evan Fournier","1610612752","New York Knicks",2022,"0022101084","20220323",-23.3,7.95,FALSE
203095,"Evan Fournier","1610612752","New York Knicks",2022,"0022101084","20220323",13.5,26.75,FALSE
203095,"Evan Fournier","1610612752","New York Knicks",2022,"0022101084","20220323",22.8,5.65,TRUE
203095,"Evan Fournier","1610612752","New York Knicks",2022,"0022101084","20220323",-19.5,22.55,FALSE
203095,"Evan Fournier","1610612752","New York Knicks",2022,"0022101084","20220323",1.1,30.95,TRUE
203095,"Evan Fournier","1610612752","New York Knicks",2022,"0022101084","20220323",22.9,6.55,TRUE
203095,"Evan Fournier","1610612752","New York Knicks",2022,"0022101084","20220323",22.9,6.55,FALSE
203095,"Evan Fournier","1610612752","New York Knicks",2022,"0022101084","20220323",-0.4,8.85,FALSE
203095,"Evan Fournier","1610612752","New York Knicks",2022,"0022101084","20220323",15.8,26.65,FALSE
203095,"Evan Fournier","1610612752","New York Knicks",2022,"0022101084","20220323",-23.3,7.35,FALSE
203095,"Evan Fournier","1610612752","New York Knicks",2022,"0022101084","20220323",-3.3,7.75,FALSE
203095,"Evan Fournier","1610612752","New York Knicks",2022,"0022101084","20220323",13.5,27.05,TRUE
203095,"Evan Fournier","1610612752","New York Knicks",2022,"0022101084","20220323",-4.4,11.25,FALSE
203095,"Evan Fournier","1610612752","New York Knicks",2022,"0022101103","20220325",23.5,14.95,TRUE
203095,"Evan Fournier","1610612752","New York Knicks",2022,"0022101103","20220325",1.3,31.95,FALSE
203095,"Evan Fournier","1610612752","New York Knicks",2022,"0022101103","20220325",8.3,31.65,FALSE
203095,"Evan Fournier","1610612752","New York Knicks",2022,"0022101103","20220325",-23,6.45,FALSE
203095,"Evan Fournier","1610612752","New York Knicks",2022,"0022101103","20220325",18.6,25.75,TRUE
203095,"Evan Fournier","1610612752","New York Knicks",2022,"0022101103","20220325",-23.4,7.35,FALSE
203095,"Evan Fournier","1610612752","New York Knicks",2022,"0022101103","20220325",23.5,6.45,FALSE
203095,"Evan Fournier","1610612752","New York Knicks",2022,"0022101103","20220325",-21.6,18.85,FALSE
203095,"Evan Fournier","1610612752","New York Knicks",2022,"0022101103","20220325",1.5,30.55,FALSE
203095,"Evan Fournier","1610612752","New York Knicks",2022,"0022101103","20220325",-23.2,6.95,FALSE
203095,"Evan Fournier","1610612752","New York Knicks",2022,"0022101103","20220325",3.3,13.05,FALSE
203095,"Evan Fournier","1610612752","New York Knicks",2022,"0022101115","20220327",-2.8,11.15,TRUE
203095,"Evan Fournier","1610612752","New York Knicks",2022,"0022101115","20220327",-8.5,2.95,FALSE
203095,"Evan Fournier","1610612752","New York Knicks",2022,"0022101115","20220327",-0.9,32.35,TRUE
203095,"Evan Fournier","1610612752","New York Knicks",2022,"0022101115","20220327",13.4,28.75,FALSE
203095,"Evan Fournier","1610612752","New York Knicks",2022,"0022101115","20220327",-5.3,31.25,FALSE
203095,"Evan Fournier","1610612752","New York Knicks",2022,"0022101115","20220327",-23.7,11.55,FALSE
203095,"Evan Fournier","1610612752","New York Knicks",2022,"0022101115","20220327",-22.3,17.25,FALSE
203095,"Evan Fournier","1610612752","New York Knicks",2022,"0022101115","20220327",3.7,31.95,FALSE
203095,"Evan Fournier","1610612752","New York Knicks",2022,"0022101115","20220327",23.4,5.25,TRUE
203095,"Evan Fournier","1610612752","New York Knicks",2022,"0022101115","20220327",-21.9,5.25,TRUE
203095,"Evan Fournier","1610612752","New York Knicks",2022,"0022101115","20220327",21.9,18.85,FALSE
203095,"Evan Fournier","1610612752","New York Knicks",2022,"0022101115","20220327",22.8,4.65,FALSE
203095,"Evan Fournier","1610612752","New York Knicks",2022,"0022101126","20220328",-2.1,29.75,FALSE
203095,"Evan Fournier","1610612752","New York Knicks",2022,"0022101126","20220328",0.6,30.35,FALSE
203095,"Evan Fournier","1610612752","New York Knicks",2022,"0022101126","20220328",-0.6,5.75,TRUE
203095,"Evan Fournier","1610612752","New York Knicks",2022,"0022101126","20220328",-23.7,3.95,FALSE
203095,"Evan Fournier","1610612752","New York Knicks",2022,"0022101126","20220328",-11.4,28.45,FALSE
203095,"Evan Fournier","1610612752","New York Knicks",2022,"0022101126","20220328",-7.5,42.95,FALSE
203095,"Evan Fournier","1610612752","New York Knicks",2022,"0022101126","20220328",24.1,5.15,TRUE
203095,"Evan Fournier","1610612752","New York Knicks",2022,"0022101126","20220328",-17.4,22.75,FALSE
203095,"Evan Fournier","1610612752","New York Knicks",2022,"0022101126","20220328",1.5,30.85,FALSE
203095,"Evan Fournier","1610612752","New York Knicks",2022,"0022101126","20220328",2.2,9.35,FALSE
203095,"Evan Fournier","1610612752","New York Knicks",2022,"0022101140","20220330",23.4,5.95,FALSE
203095,"Evan Fournier","1610612752","New York Knicks",2022,"0022101140","20220330",10.5,28.45,TRUE
203095,"Evan Fournier","1610612752","New York Knicks",2022,"0022101140","20220330",-11.5,7.05,TRUE
203095,"Evan Fournier","1610612752","New York Knicks",2022,"0022101140","20220330",8.3,12.75,TRUE
203095,"Evan Fournier","1610612752","New York Knicks",2022,"0022101140","20220330",-0.5,19.55,TRUE
203095,"Evan Fournier","1610612752","New York Knicks",2022,"0022101140","20220330",9.9,28.25,FALSE
203095,"Evan Fournier","1610612752","New York Knicks",2022,"0022101140","20220330",9.7,9.45,FALSE
203095,"Evan Fournier","1610612752","New York Knicks",2022,"0022101140","20220330",23.8,5.75,TRUE
203095,"Evan Fournier","1610612752","New York Knicks",2022,"0022101140","20220330",-0.2,30.45,TRUE
203095,"Evan Fournier","1610612752","New York Knicks",2022,"0022101140","20220330",-22.9,5.05,TRUE
203095,"Evan Fournier","1610612752","New York Knicks",2022,"0022101140","20220330",-2,25.15,FALSE
203095,"Evan Fournier","1610612752","New York Knicks",2022,"0022101140","20220330",-20.2,22.15,TRUE
203095,"Evan Fournier","1610612752","New York Knicks",2022,"0022101140","20220330",-1.1,5.85,FALSE
203095,"Evan Fournier","1610612752","New York Knicks",2022,"0022101140","20220330",22.1,7.45,TRUE
203095,"Evan Fournier","1610612752","New York Knicks",2022,"0022101140","20220330",4.3,27.65,FALSE
203095,"Evan Fournier","1610612752","New York Knicks",2022,"0022101140","20220330",4.8,6.65,TRUE
203095,"Evan Fournier","1610612752","New York Knicks",2022,"0022101162","20220402",9.9,15.15,FALSE
203095,"Evan Fournier","1610612752","New York Knicks",2022,"0022101162","20220402",15.8,25.25,TRUE
203095,"Evan Fournier","1610612752","New York Knicks",2022,"0022101162","20220402",11.2,28.35,TRUE
203095,"Evan Fournier","1610612752","New York Knicks",2022,"0022101162","20220402",4.8,29.95,FALSE
203095,"Evan Fournier","1610612752","New York Knicks",2022,"0022101162","20220402",-0.5,10.55,TRUE
203095,"Evan Fournier","1610612752","New York Knicks",2022,"0022101162","20220402",-0.5,10.55,TRUE
203095,"Evan Fournier","1610612752","New York Knicks",2022,"0022101162","20220402",1.6,7.65,TRUE
203095,"Evan Fournier","1610612752","New York Knicks",2022,"0022101162","20220402",8.3,29.35,TRUE
203095,"Evan Fournier","1610612752","New York Knicks",2022,"0022101162","20220402",-5.3,30.35,FALSE
203095,"Evan Fournier","1610612752","New York Knicks",2022,"0022101162","20220402",-2.6,15.65,FALSE
203095,"Evan Fournier","1610612752","New York Knicks",2022,"0022101171","20220403",-5.6,8.65,FALSE
203095,"Evan Fournier","1610612752","New York Knicks",2022,"0022101171","20220403",23.7,9.65,FALSE
203095,"Evan Fournier","1610612752","New York Knicks",2022,"0022101171","20220403",-2.7,31.05,FALSE
203095,"Evan Fournier","1610612752","New York Knicks",2022,"0022101171","20220403",10,5.65,TRUE
203095,"Evan Fournier","1610612752","New York Knicks",2022,"0022101171","20220403",18.5,21.95,FALSE
203095,"Evan Fournier","1610612752","New York Knicks",2022,"0022101191","20220406",-1.6,30.15,FALSE
203095,"Evan Fournier","1610612752","New York Knicks",2022,"0022101191","20220406",-16.5,24.15,FALSE
203095,"Evan Fournier","1610612752","New York Knicks",2022,"0022101191","20220406",0.7,14.85,TRUE
203095,"Evan Fournier","1610612752","New York Knicks",2022,"0022101191","20220406",23,5.75,TRUE
203095,"Evan Fournier","1610612752","New York Knicks",2022,"0022101191","20220406",23,7.55,FALSE
203095,"Evan Fournier","1610612752","New York Knicks",2022,"0022101191","20220406",23.5,5.45,TRUE
203095,"Evan Fournier","1610612752","New York Knicks",2022,"0022101191","20220406",13.4,26.85,FALSE
203095,"Evan Fournier","1610612752","New York Knicks",2022,"0022101191","20220406",-19.7,19.35,FALSE
203095,"Evan Fournier","1610612752","New York Knicks",2022,"0022101191","20220406",8.6,12.95,FALSE
203095,"Evan Fournier","1610612752","New York Knicks",2022,"0022101204","20220408",13.6,28.15,FALSE
203095,"Evan Fournier","1610612752","New York Knicks",2022,"0022101204","20220408",3.7,12.55,FALSE
203095,"Evan Fournier","1610612752","New York Knicks",2022,"0022101204","20220408",15.2,26.35,FALSE
203095,"Evan Fournier","1610612752","New York Knicks",2022,"0022101204","20220408",9.2,29.45,FALSE
203095,"Evan Fournier","1610612752","New York Knicks",2022,"0022101204","20220408",24,6.65,TRUE
203095,"Evan Fournier","1610612752","New York Knicks",2022,"0022101204","20220408",23.9,12.45,FALSE
203095,"Evan Fournier","1610612752","New York Knicks",2022,"0022101204","20220408",-2.7,15.45,TRUE
203095,"Evan Fournier","1610612752","New York Knicks",2022,"0022101204","20220408",21.9,6.85,FALSE
203095,"Evan Fournier","1610612752","New York Knicks",2022,"0022101204","20220408",23.3,4.25,TRUE
203095,"Evan Fournier","1610612752","New York Knicks",2022,"0022101204","20220408",22.7,9.45,TRUE
203095,"Evan Fournier","1610612752","New York Knicks",2022,"0022101204","20220408",19.7,6.35,TRUE
203095,"Evan Fournier","1610612752","New York Knicks",2022,"0022101204","20220408",20.5,20.45,FALSE
203095,"Evan Fournier","1610612752","New York Knicks",2022,"0022101204","20220408",8.2,15.25,FALSE
203095,"Evan Fournier","1610612752","New York Knicks",2022,"0022101204","20220408",22.7,6.55,TRUE
203095,"Evan Fournier","1610612752","New York Knicks",2022,"0022101226","20220410",5.5,30.85,FALSE
203095,"Evan Fournier","1610612752","New York Knicks",2022,"0022101226","20220410",-23,4.45,TRUE
203095,"Evan Fournier","1610612752","New York Knicks",2022,"0022101226","20220410",-22.9,4.65,FALSE
203095,"Evan Fournier","1610612752","New York Knicks",2022,"0022101226","20220410",-9.2,25.85,FALSE
203095,"Evan Fournier","1610612752","New York Knicks",2022,"0022101226","20220410",23.9,5.45,TRUE
203095,"Evan Fournier","1610612752","New York Knicks",2022,"0022101226","20220410",1.5,19.85,FALSE
203095,"Evan Fournier","1610612752","New York Knicks",2022,"0022101226","20220410",17,25.85,FALSE
203095,"Evan Fournier","1610612752","New York Knicks",2022,"0022101226","20220410",-7.1,30.95,FALSE
203095,"Evan Fournier","1610612752","New York Knicks",2022,"0022101226","20220410",23.2,2.45,FALSE
203095,"Evan Fournier","1610612752","New York Knicks",2022,"0022101226","20220410",-23.7,5.25,FALSE
203095,"Evan Fournier","1610612752","New York Knicks",2022,"0022101226","20220410",23.2,4.55,FALSE
203095,"Evan Fournier","1610612752","New York Knicks",2023,"0022200009","20221019",-2.3,9.55,FALSE
203095,"Evan Fournier","1610612752","New York Knicks",2023,"0022200009","20221019",-5.8,17.35,FALSE
203095,"Evan Fournier","1610612752","New York Knicks",2023,"0022200009","20221019",22.4,11.65,TRUE
203095,"Evan Fournier","1610612752","New York Knicks",2023,"0022200009","20221019",-1.8,31.05,FALSE
203095,"Evan Fournier","1610612752","New York Knicks",2023,"0022200009","20221019",3.1,8.15,TRUE
203095,"Evan Fournier","1610612752","New York Knicks",2023,"0022200009","20221019",22.9,6.85,TRUE
203095,"Evan Fournier","1610612752","New York Knicks",2023,"0022200009","20221019",1,6.85,FALSE
203095,"Evan Fournier","1610612752","New York Knicks",2023,"0022200009","20221019",-4.4,13.45,FALSE
203095,"Evan Fournier","1610612752","New York Knicks",2023,"0022200009","20221019",-16.2,23.95,FALSE
203095,"Evan Fournier","1610612752","New York Knicks",2023,"0022200009","20221019",8,29.45,TRUE
203095,"Evan Fournier","1610612752","New York Knicks",2023,"0022200009","20221019",22.9,7.35,FALSE
203095,"Evan Fournier","1610612752","New York Knicks",2023,"0022200023","20221021",-13.2,26.25,TRUE
203095,"Evan Fournier","1610612752","New York Knicks",2023,"0022200023","20221021",1.5,6.05,FALSE
203095,"Evan Fournier","1610612752","New York Knicks",2023,"0022200023","20221021",10.7,28.35,TRUE
203095,"Evan Fournier","1610612752","New York Knicks",2023,"0022200023","20221021",23.3,4.15,FALSE
203095,"Evan Fournier","1610612752","New York Knicks",2023,"0022200023","20221021",16.4,9.45,FALSE
203095,"Evan Fournier","1610612752","New York Knicks",2023,"0022200023","20221021",15.2,25.55,FALSE
203095,"Evan Fournier","1610612752","New York Knicks",2023,"0022200023","20221021",-0.5,7.45,TRUE
203095,"Evan Fournier","1610612752","New York Knicks",2023,"0022200023","20221021",15,25.25,FALSE
203095,"Evan Fournier","1610612752","New York Knicks",2023,"0022200046","20221024",13.7,25.65,FALSE
203095,"Evan Fournier","1610612752","New York Knicks",2023,"0022200046","20221024",19.4,21.55,FALSE
203095,"Evan Fournier","1610612752","New York Knicks",2023,"0022200046","20221024",17.3,23.15,TRUE
203095,"Evan Fournier","1610612752","New York Knicks",2023,"0022200046","20221024",22.7,7.55,FALSE
203095,"Evan Fournier","1610612752","New York Knicks",2023,"0022200046","20221024",-22.7,5.55,TRUE
203095,"Evan Fournier","1610612752","New York Knicks",2023,"0022200046","20221024",15.2,25.25,FALSE
203095,"Evan Fournier","1610612752","New York Knicks",2023,"0022200046","20221024",6.2,30.05,FALSE
203095,"Evan Fournier","1610612752","New York Knicks",2023,"0022200046","20221024",7.6,29.15,FALSE
203095,"Evan Fournier","1610612752","New York Knicks",2023,"0022200058","20221026",17.6,22.65,TRUE
203095,"Evan Fournier","1610612752","New York Knicks",2023,"0022200058","20221026",0.7,24.25,TRUE
203095,"Evan Fournier","1610612752","New York Knicks",2023,"0022200058","20221026",8.6,15.15,TRUE
203095,"Evan Fournier","1610612752","New York Knicks",2023,"0022200058","20221026",-22.5,3.55,FALSE
203095,"Evan Fournier","1610612752","New York Knicks",2023,"0022200058","20221026",0.1,18.85,TRUE
203095,"Evan Fournier","1610612752","New York Knicks",2023,"0022200058","20221026",4.7,12.85,TRUE
203095,"Evan Fournier","1610612752","New York Knicks",2023,"0022200058","20221026",-22.5,8.95,FALSE
203095,"Evan Fournier","1610612752","New York Knicks",2023,"0022200058","20221026",-12.3,28.85,FALSE
203095,"Evan Fournier","1610612752","New York Knicks",2023,"0022200058","20221026",-17.6,22.85,TRUE
203095,"Evan Fournier","1610612752","New York Knicks",2023,"0022200058","20221026",4.8,11.45,FALSE
203095,"Evan Fournier","1610612752","New York Knicks",2023,"0022200058","20221026",1.7,30.65,FALSE
203095,"Evan Fournier","1610612752","New York Knicks",2023,"0022200075","20221028",-5.1,33.25,FALSE
203095,"Evan Fournier","1610612752","New York Knicks",2023,"0022200075","20221028",-12.1,10.05,FALSE
203095,"Evan Fournier","1610612752","New York Knicks",2023,"0022200075","20221028",22.1,17.95,TRUE
203095,"Evan Fournier","1610612752","New York Knicks",2023,"0022200075","20221028",-12.7,6.75,FALSE
203095,"Evan Fournier","1610612752","New York Knicks",2023,"0022200075","20221028",21.8,21.15,TRUE
203095,"Evan Fournier","1610612752","New York Knicks",2023,"0022200075","20221028",1.8,8.35,FALSE
203095,"Evan Fournier","1610612752","New York Knicks",2023,"0022200075","20221028",7,9.55,TRUE
203095,"Evan Fournier","1610612752","New York Knicks",2023,"0022200075","20221028",19.2,25.85,FALSE
203095,"Evan Fournier","1610612752","New York Knicks",2023,"0022200075","20221028",22.8,6.75,FALSE
203095,"Evan Fournier","1610612752","New York Knicks",2023,"0022200075","20221028",-5.6,16.75,FALSE
203095,"Evan Fournier","1610612752","New York Knicks",2023,"0022200075","20221028",24.1,15.25,TRUE
203095,"Evan Fournier","1610612752","New York Knicks",2023,"0022200075","20221028",12.3,28.95,FALSE
203095,"Evan Fournier","1610612752","New York Knicks",2023,"0022200090","20221030",-20.6,20.45,TRUE
203095,"Evan Fournier","1610612752","New York Knicks",2023,"0022200090","20221030",10.3,19.45,TRUE
203095,"Evan Fournier","1610612752","New York Knicks",2023,"0022200090","20221030",-6.6,15.25,FALSE
203095,"Evan Fournier","1610612752","New York Knicks",2023,"0022200090","20221030",0.4,7.75,TRUE
203095,"Evan Fournier","1610612752","New York Knicks",2023,"0022200090","20221030",24,4.95,TRUE
203095,"Evan Fournier","1610612752","New York Knicks",2023,"0022200090","20221030",23.8,4.95,TRUE
203095,"Evan Fournier","1610612752","New York Knicks",2023,"0022200090","20221030",6.9,30.95,FALSE
203095,"Evan Fournier","1610612752","New York Knicks",2023,"0022200090","20221030",24.8,9.45,FALSE
203095,"Evan Fournier","1610612752","New York Knicks",2023,"0022200090","20221030",-0.4,6.45,TRUE
203095,"Evan Fournier","1610612752","New York Knicks",2023,"0022200110","20221102",-7,29.85,FALSE
203095,"Evan Fournier","1610612752","New York Knicks",2023,"0022200110","20221102",10.9,28.85,FALSE
203095,"Evan Fournier","1610612752","New York Knicks",2023,"0022200110","20221102",-14.2,25.25,TRUE
203095,"Evan Fournier","1610612752","New York Knicks",2023,"0022200110","20221102",-3.8,15.75,FALSE
203095,"Evan Fournier","1610612752","New York Knicks",2023,"0022200110","20221102",0.5,19.45,FALSE
203095,"Evan Fournier","1610612752","New York Knicks",2023,"0022200110","20221102",-18.1,21.85,FALSE
203095,"Evan Fournier","1610612752","New York Knicks",2023,"0022200122","20221104",3.4,34.05,FALSE
203095,"Evan Fournier","1610612752","New York Knicks",2023,"0022200122","20221104",-19.1,23.15,FALSE
203095,"Evan Fournier","1610612752","New York Knicks",2023,"0022200122","20221104",-0.5,7.15,TRUE
203095,"Evan Fournier","1610612752","New York Knicks",2023,"0022200122","20221104",0.9,17.45,FALSE
203095,"Evan Fournier","1610612752","New York Knicks",2023,"0022200135","20221105",7.8,29.65,TRUE
203095,"Evan Fournier","1610612752","New York Knicks",2023,"0022200153","20221107",18.9,22.45,FALSE
203095,"Evan Fournier","1610612752","New York Knicks",2023,"0022200153","20221107",-16.3,24.85,FALSE
203095,"Evan Fournier","1610612752","New York Knicks",2023,"0022200153","20221107",1.5,17.75,TRUE
203095,"Evan Fournier","1610612752","New York Knicks",2023,"0022200164","20221109",-17,22.95,TRUE
203095,"Evan Fournier","1610612752","New York Knicks",2023,"0022200164","20221109",-22.8,6.75,TRUE
203095,"Evan Fournier","1610612752","New York Knicks",2023,"0022200164","20221109",15.3,26.85,FALSE
203095,"Evan Fournier","1610612752","New York Knicks",2023,"0022200164","20221109",17.9,23.75,FALSE
203095,"Evan Fournier","1610612752","New York Knicks",2023,"0022200164","20221109",-2.8,7.45,FALSE
203095,"Evan Fournier","1610612752","New York Knicks",2023,"0022200164","20221109",-2.3,4.65,FALSE
203095,"Evan Fournier","1610612752","New York Knicks",2023,"0022200164","20221109",19.1,24.55,FALSE
203095,"Evan Fournier","1610612752","New York Knicks",2023,"0022200178","20221111",-16.1,24.35,FALSE
203095,"Evan Fournier","1610612752","New York Knicks",2023,"0022200178","20221111",-1.2,4.75,FALSE
203095,"Evan Fournier","1610612752","New York Knicks",2023,"0022200178","20221111",0.4,5.85,FALSE
203095,"Evan Fournier","1610612752","New York Knicks",2023,"0022200178","20221111",-1.3,31.25,FALSE
203095,"Evan Fournier","1610612752","New York Knicks",2023,"0022200178","20221111",22.5,6.85,FALSE
203095,"Evan Fournier","1610612752","New York Knicks",2023,"0022200192","20221113",8,12.35,FALSE
203095,"Evan Fournier","1610612752","New York Knicks",2023,"0022200192","20221113",-17.6,23.05,FALSE
203095,"Evan Fournier","1610612752","New York Knicks",2023,"0022200192","20221113",-12.9,27.45,FALSE
203095,"Evan Fournier","1610612752","New York Knicks",2023,"0022200192","20221113",-22.7,3.95,FALSE
203095,"Evan Fournier","1610612752","New York Knicks",2023,"0022200192","20221113",1.5,5.95,FALSE
203095,"Evan Fournier","1610612752","New York Knicks",2023,"0022200527","20221229",-1,32.05,FALSE
203095,"Evan Fournier","1610612752","New York Knicks",2023,"0022200527","20221229",-2,15.55,TRUE
203095,"Evan Fournier","1610612752","New York Knicks",2023,"0022200527","20221229",12,29.35,TRUE
203095,"Evan Fournier","1610612752","New York Knicks",2023,"0022200527","20221229",1.5,6.05,TRUE
203095,"Evan Fournier","1610612752","New York Knicks",2023,"0022200527","20221229",-20.2,20.35,FALSE
203095,"Evan Fournier","1610612752","New York Knicks",2023,"0022200527","20221229",-3.1,14.35,TRUE
203095,"Evan Fournier","1610612752","New York Knicks",2023,"0022200541","20221231",22.7,5.85,TRUE
203095,"Evan Fournier","1610612752","New York Knicks",2023,"0022200541","20221231",21.9,15.05,FALSE
203095,"Evan Fournier","1610612752","New York Knicks",2023,"0022200541","20221231",-5.6,23.05,FALSE
203095,"Evan Fournier","1610612752","New York Knicks",2023,"0022200541","20221231",-2.5,32.25,TRUE
203095,"Evan Fournier","1610612752","New York Knicks",2023,"0022200541","20221231",1.5,32.65,FALSE
203095,"Evan Fournier","1610612752","New York Knicks",2023,"0022200541","20221231",2,33.05,FALSE
203095,"Evan Fournier","1610612752","New York Knicks",2023,"0022200541","20221231",-13.8,6.05,FALSE
203095,"Evan Fournier","1610612752","New York Knicks",2023,"0022200541","20221231",23.3,7.55,FALSE
203095,"Evan Fournier","1610612752","New York Knicks",2023,"0022200550","20230102",23.3,4.45,FALSE
203095,"Evan Fournier","1610612752","New York Knicks",2023,"0022200550","20230102",-19.2,20.95,FALSE
203095,"Evan Fournier","1610612752","New York Knicks",2023,"0022200550","20230102",2.7,17.45,TRUE
203095,"Evan Fournier","1610612752","New York Knicks",2023,"0022200550","20230102",14,23.55,FALSE
203095,"Evan Fournier","1610612752","New York Knicks",2023,"0022200550","20230102",23.2,14.15,TRUE
203095,"Evan Fournier","1610612752","New York Knicks",2023,"0022200550","20230102",-14,25.15,FALSE
203095,"Evan Fournier","1610612752","New York Knicks",2023,"0022200568","20230104",-4,10.55,FALSE
203095,"Evan Fournier","1610612752","New York Knicks",2023,"0022200568","20230104",-18.4,23.05,FALSE
203095,"Evan Fournier","1610612752","New York Knicks",2023,"0022200568","20230104",-20.7,19.05,FALSE
203095,"Evan Fournier","1610612752","New York Knicks",2023,"0022200568","20230104",23.5,3.85,TRUE
203095,"Evan Fournier","1610612752","New York Knicks",2023,"0022200568","20230104",-23.5,2.75,FALSE
203095,"Evan Fournier","1610612752","New York Knicks",2023,"0022200582","20230106",-11.9,14.85,TRUE
203095,"Evan Fournier","1610612752","New York Knicks",2023,"0022200582","20230106",23.2,6.85,FALSE
203095,"Evan Fournier","1610612752","New York Knicks",2023,"0022200582","20230106",-0.2,12.55,TRUE
203095,"Evan Fournier","1610612752","New York Knicks",2023,"0022200582","20230106",22.1,21.05,FALSE
203095,"Evan Fournier","1610612752","New York Knicks",2023,"0022200607","20230109",14.2,25.85,FALSE
203095,"Evan Fournier","1610612752","New York Knicks",2023,"0022200607","20230109",15.1,25.05,FALSE
203095,"Evan Fournier","1610612752","New York Knicks",2023,"0022200607","20230109",-11,28.35,TRUE
203095,"Evan Fournier","1610612752","New York Knicks",2023,"0022200607","20230109",-9.2,29.05,FALSE
203095,"Evan Fournier","1610612752","New York Knicks",2023,"0022200700","20230122",-11.6,29.75,FALSE
203095,"Evan Fournier","1610612752","New York Knicks",2023,"0022200700","20230122",10.2,30.85,FALSE
203095,"Evan Fournier","1610612752","New York Knicks",2023,"0022200700","20230122",-18.5,23.75,FALSE
203095,"Evan Fournier","1610612752","New York Knicks",2023,"0022200700","20230122",9.7,20.45,FALSE
203095,"Evan Fournier","1610612752","New York Knicks",2023,"0022200700","20230122",0,5.25,TRUE
203095,"Evan Fournier","1610612752","New York Knicks",2023,"0022200700","20230122",16.4,25.85,TRUE
203095,"Evan Fournier","1610612752","New York Knicks",2023,"0022200700","20230122",18,25.65,FALSE
203095,"Evan Fournier","1610612752","New York Knicks",2023,"0022200700","20230122",-2.1,30.55,TRUE
203095,"Evan Fournier","1610612752","New York Knicks",2023,"0022200700","20230122",23.3,6.55,FALSE
203095,"Evan Fournier","1610612752","New York Knicks",2023,"0022200780","20230202",-22.3,10.05,FALSE
203095,"Evan Fournier","1610612752","New York Knicks",2023,"0022200780","20230202",18.6,22.05,FALSE
203095,"Evan Fournier","1610612752","New York Knicks",2023,"0022200780","20230202",19.1,24.15,TRUE
203095,"Evan Fournier","1610612752","New York Knicks",2023,"0022200780","20230202",4.2,8.55,FALSE
203095,"Evan Fournier","1610612752","New York Knicks",2023,"0022200780","20230202",-22.8,9.95,FALSE
203095,"Evan Fournier","1610612752","New York Knicks",2023,"0022200780","20230202",9.9,59.65,FALSE
203095,"Evan Fournier","1610612752","New York Knicks",2023,"0022200780","20230202",-15,26.55,FALSE
203095,"Evan Fournier","1610612752","New York Knicks",2023,"0022200804","20230205",-14.3,25.45,TRUE
203095,"Evan Fournier","1610612752","New York Knicks",2023,"0022200804","20230205",5.3,7.75,TRUE
203095,"Evan Fournier","1610612752","New York Knicks",2023,"0022200804","20230205",-23,4.95,TRUE
203095,"Evan Fournier","1610612752","New York Knicks",2023,"0022200804","20230205",12.3,28.45,FALSE
203095,"Evan Fournier","1610612752","New York Knicks",2023,"0022200804","20230205",3.7,7.75,FALSE
203095,"Evan Fournier","1610612752","New York Knicks",2023,"0022200804","20230205",14.5,26.25,FALSE
203095,"Evan Fournier","1610612752","New York Knicks",2023,"0022200804","20230205",17.2,6.35,FALSE
203095,"Evan Fournier","1610612752","New York Knicks",2023,"0022200804","20230205",23.2,12.95,TRUE
203095,"Evan Fournier","1610612752","New York Knicks",2023,"0022200804","20230205",-16.7,27.15,TRUE
203095,"Evan Fournier","1610612752","New York Knicks",2023,"0022200804","20230205",-12.1,27.65,TRUE
203095,"Evan Fournier","1610612752","New York Knicks",2023,"0022200804","20230205",22.7,3.55,FALSE
203095,"Evan Fournier","1610612752","New York Knicks",2023,"0022200862","20230213",1.8,30.85,FALSE
203095,"Evan Fournier","1610612752","New York Knicks",2023,"0022201168","20230402",-5.4,29.75,FALSE
203095,"Evan Fournier","1610612752","New York Knicks",2023,"0022201190","20230405",-20.8,19.55,FALSE
203095,"Evan Fournier","1610612752","New York Knicks",2023,"0022201190","20230405",0.6,31.25,FALSE
203095,"Evan Fournier","1610612752","New York Knicks",2023,"0022201190","20230405",4.8,30.45,FALSE
203095,"Evan Fournier","1610612752","New York Knicks",2023,"0022201209","20230407",22.7,7.65,FALSE
203095,"Evan Fournier","1610612752","New York Knicks",2023,"0022201209","20230407",3.9,30.75,TRUE
203095,"Evan Fournier","1610612752","New York Knicks",2023,"0022201209","20230407",2.8,16.95,FALSE
203095,"Evan Fournier","1610612752","New York Knicks",2023,"0022201209","20230407",-3.1,8.55,TRUE
203095,"Evan Fournier","1610612752","New York Knicks",2023,"0022201209","20230407",8.6,29.55,FALSE
203095,"Evan Fournier","1610612752","New York Knicks",2023,"0022201209","20230407",14.1,27.95,TRUE
203095,"Evan Fournier","1610612752","New York Knicks",2023,"0022201209","20230407",20.2,23.85,FALSE
203095,"Evan Fournier","1610612752","New York Knicks",2023,"0022201220","20230409",16.3,25.65,FALSE
203095,"Evan Fournier","1610612752","New York Knicks",2023,"0022201220","20230409",9.2,26.15,FALSE
203095,"Evan Fournier","1610612752","New York Knicks",2023,"0022201220","20230409",22.9,3.25,FALSE
203095,"Evan Fournier","1610612752","New York Knicks",2023,"0022201220","20230409",-9.1,31.65,FALSE
203095,"Evan Fournier","1610612752","New York Knicks",2024,"0022300028","20231117",12.4,12.55,FALSE
203095,"Evan Fournier","1610612752","New York Knicks",2024,"0022300028","20231117",-12.5,6.65,TRUE
203095,"Evan Fournier","1610612752","New York Knicks",2024,"0022300028","20231117",0.7,32.35,FALSE
203095,"Evan Fournier","1610612752","New York Knicks",2024,"0022300028","20231117",-22.8,3.15,FALSE
203095,"Evan Fournier","1610612752","New York Knicks",2024,"0022300028","20231117",1.7,32.25,FALSE
203095,"Evan Fournier","1610612752","New York Knicks",2024,"0022300028","20231117",14,30.05,FALSE
203095,"Evan Fournier","1610612752","New York Knicks",2024,"0022300441","20231230",-7.6,30.05,FALSE
203095,"Evan Fournier","1610612752","New York Knicks",2024,"0022300441","20231230",-12.4,28.15,FALSE
203095,"Evan Fournier","1610612752","New York Knicks",2024,"0022300441","20231230",1.2,8.15,FALSE
203095,"Evan Fournier","1610612752","New York Knicks",2024,"0022300441","20231230",15.1,25.05,FALSE
203095,"Evan Fournier","1610612752","New York Knicks",2024,"0022300441","20231230",21.2,19.55,FALSE
203095,"Evan Fournier","1610612752","New York Knicks",2024,"0022300441","20231230",22.9,4.25,TRUE
203095,"Evan Fournier","1610612752","New York Knicks",2024,"0022300441","20231230",23.2,5.15,TRUE
203095,"Evan Fournier","1610612752","New York Knicks",2024,"0022300441","20231230",-22.2,6.35,FALSE
203095,"Evan Fournier","1610612752","New York Knicks",2024,"0022300441","20231230",-2,5.85,TRUE
203095,"Evan Fournier","1610612752","New York Knicks",2024,"0022300441","20231230",8.5,32.45,FALSE
203095,"Evan Fournier","1610612752","New York Knicks",2024,"0022300579","20240118",-18.8,21.45,FALSE
203095,"Evan Fournier","1610612752","New York Knicks",2024,"0022300579","20240118",14,26.05,FALSE
203095,"Evan Fournier","1610612752","New York Knicks",2024,"0022300579","20240118",15.9,25.35,FALSE
203095,"Evan Fournier","1610612752","New York Knicks",2024,"0022300579","20240118",-13,15.25,FALSE
203095,"Evan Fournier","1610612752","New York Knicks",2024,"0022300776","20240213",22.5,6.75,FALSE
203095,"Evan Fournier","1610612752","New York Knicks",2024,"0022300776","20240213",1,17.45,FALSE
203095,"Evan Fournier","1610612752","New York Knicks",2024,"0022300776","20240213",-6.2,19.25,TRUE
203095,"Evan Fournier","1610612752","New York Knicks",2024,"0022300776","20240213",23.5,4.85,TRUE
203095,"Evan Fournier","1610612752","New York Knicks",2024,"0022300776","20240213",15,25.35,FALSE
203095,"Evan Fournier","1610612752","New York Knicks",2024,"0022300776","20240213",0.4,18.65,TRUE
203095,"Evan Fournier","1610612752","New York Knicks",2024,"0022300776","20240213",5.9,8.85,FALSE
203095,"Evan Fournier","1610612752","New York Knicks",2024,"0022300776","20240213",-11.3,28.75,TRUE
203095,"Evan Fournier","1610612752","New York Knicks",2024,"0022300776","20240213",-23.5,14.05,FALSE
203095,"Evan Fournier","1610612752","New York Knicks",2024,"0022300787","20240214",17.9,23.35,FALSE
203095,"Evan Fournier","1610612752","New York Knicks",2024,"0022300787","20240214",-0.2,13.65,FALSE
203095,"Evan Fournier","1610612752","New York Knicks",2024,"0022300787","20240214",23.4,14.15,FALSE
203095,"Evan Fournier","1610612752","New York Knicks",2024,"0022300787","20240214",-17.6,23.35,TRUE
203095,"Evan Fournier","1610612752","New York Knicks",2024,"0022300787","20240214",-1.1,6.95,TRUE
203095,"Evan Fournier","1610612752","New York Knicks",2024,"0022300787","20240214",17,31.25,FALSE
203095,"Evan Fournier","1610612752","New York Knicks",2024,"0022300787","20240214",-18.6,24.75,TRUE
203095,"Evan Fournier","1610612752","New York Knicks",2024,"0022300787","20240214",1.1,6.65,TRUE
203095,"Evan Fournier","1610612752","New York Knicks",2024,"0022300787","20240214",-0.5,7.45,FALSE
203095,"Evan Fournier","1610612752","New York Knicks",2024,"0022300787","20240214",-16.1,24.75,FALSE
203095,"Evan Fournier","1610612752","New York Knicks",2024,"0022300787","20240214",-1.5,6.75,FALSE
203095,"Evan Fournier","1610612752","New York Knicks",2024,"0022300787","20240214",-16.2,24.65,FALSE
203095,"Evan Fournier","1610612752","New York Knicks",2024,"0022300793","20240222",22.7,4.95,FALSE
203095,"Evan Fournier","1610612752","New York Knicks",2024,"0022300793","20240222",-17.6,24.25,TRUE
203095,"Evan Fournier","1610612752","New York Knicks",2024,"0022300793","20240222",22.9,5.25,TRUE
203095,"Evan Fournier","1610612752","New York Knicks",2024,"0022300793","20240222",24.1,9.55,TRUE
203095,"Evan Fournier","1610612752","New York Knicks",2024,"0022300814","20240224",23.3,6.95,TRUE
203095,"Evan Fournier","1610612752","New York Knicks",2024,"0022300814","20240224",-4.4,10.55,TRUE
203095,"Evan Fournier","1610612752","New York Knicks",2024,"0022300814","20240224",0.2,11.95,FALSE
203095,"Evan Fournier","1610612752","New York Knicks",2024,"0022300814","20240224",18.4,21.45,FALSE
203095,"Evan Fournier","1610612752","New York Knicks",2024,"0022300814","20240224",6.5,9.05,TRUE
203095,"Evan Fournier","1610612752","New York Knicks",2024,"0022300814","20240224",18.8,21.85,TRUE
203095,"Evan Fournier","1610612752","New York Knicks",2024,"0022300814","20240224",-1.2,5.85,TRUE
203095,"Evan Fournier","1610612752","New York Knicks",2024,"0022300828","20240226",-0.9,5.85,TRUE
203095,"Evan Fournier","1610612752","New York Knicks",2024,"0022300828","20240226",21,4.35,TRUE
203095,"Evan Fournier","1610612752","New York Knicks",2024,"0022300828","20240226",-22.3,6.05,FALSE
203095,"Evan Fournier","1610612752","New York Knicks",2024,"0022300828","20240226",-22.1,8.95,FALSE
203095,"Evan Fournier","1610612752","New York Knicks",2024,"0022300828","20240226",19.1,23.15,TRUE
203095,"Evan Fournier","1610612752","New York Knicks",2024,"0022300839","20240227",5,9.35,FALSE
203095,"Evan Fournier","1610612752","New York Knicks",2024,"0022300839","20240227",-10.3,29.45,FALSE
203095,"Evan Fournier","1610612752","New York Knicks",2024,"0022300857","20240301",17.3,24.35,FALSE
203095,"Evan Fournier","1610612752","New York Knicks",2024,"0022300857","20240301",-4.3,9.35,FALSE
203095,"Evan Fournier","1610612752","New York Knicks",2024,"0022300874","20240303",-2.7,27.05,FALSE
203095,"Evan Fournier","1610612752","New York Knicks",2024,"0022300874","20240303",12.6,14.95,TRUE
203095,"Evan Fournier","1610612752","New York Knicks",2024,"0022300874","20240303",13.4,26.25,TRUE
203095,"Evan Fournier","1610612752","New York Knicks",2024,"0022300874","20240303",1.8,21.45,FALSE
203095,"Evan Fournier","1610612752","New York Knicks",2024,"0022300874","20240303",12.4,27.65,FALSE
203095,"Evan Fournier","1610612752","New York Knicks",2024,"0022300874","20240303",-16.4,25.75,FALSE
203095,"Evan Fournier","1610612752","New York Knicks",2024,"0022300874","20240303",17.5,24.05,TRUE
203095,"Evan Fournier","1610612752","New York Knicks",2024,"0022300874","20240303",2.2,7.75,TRUE
203095,"Evan Fournier","1610612752","New York Knicks",2024,"0022300874","20240303",19.6,21.95,TRUE
203095,"Evan Fournier","1610612752","New York Knicks",2024,"0022300874","20240303",11.9,28.75,FALSE
203095,"Evan Fournier","1610612752","New York Knicks",2024,"0022300874","20240303",-3.1,14.75,TRUE
203095,"Evan Fournier","1610612752","New York Knicks",2024,"0022300874","20240303",-18.9,22.45,FALSE
203095,"Evan Fournier","1610612752","New York Knicks",2024,"0022300874","20240303",20.7,19.35,FALSE
203095,"Evan Fournier","1610612752","New York Knicks",2024,"0022300888","20240305",-1.7,31.35,FALSE
203095,"Evan Fournier","1610612752","New York Knicks",2024,"0022300888","20240305",-10.3,30.95,FALSE
203095,"Evan Fournier","1610612752","New York Knicks",2024,"0022300888","20240305",-23.9,6.35,FALSE
203095,"Evan Fournier","1610612752","New York Knicks",2024,"0022300888","20240305",2.3,6.15,FALSE
203095,"Evan Fournier","1610612752","New York Knicks",2024,"0022300888","20240305",-22.4,5.75,FALSE
203095,"Evan Fournier","1610612752","New York Knicks",2024,"0022300888","20240305",-13.7,26.75,TRUE
203095,"Evan Fournier","1610612752","New York Knicks",2024,"0022300888","20240305",22.5,6.95,TRUE
203095,"Evan Fournier","1610612752","New York Knicks",2024,"0022300888","20240305",23.3,4.95,FALSE
203095,"Evan Fournier","1610612752","New York Knicks",2024,"0022300888","20240305",17.6,7.35,FALSE
203095,"Evan Fournier","1610612752","New York Knicks",2024,"0022300888","20240305",13.6,28.55,FALSE
203095,"Evan Fournier","1610612752","New York Knicks",2024,"0022300902","20240307",-2.5,9.95,TRUE
203095,"Evan Fournier","1610612752","New York Knicks",2024,"0022300902","20240307",20.7,20.75,FALSE
203095,"Evan Fournier","1610612752","New York Knicks",2024,"0022300919","20240309",2.1,35.25,FALSE
203095,"Evan Fournier","1610612752","New York Knicks",2024,"0022300919","20240309",21,21.15,FALSE
203095,"Evan Fournier","1610612752","New York Knicks",2024,"0022300919","20240309",9.2,5.55,FALSE
203095,"Evan Fournier","1610612752","New York Knicks",2024,"0022300933","20240311",-23.8,13.75,TRUE
203095,"Evan Fournier","1610612752","New York Knicks",2024,"0022300933","20240311",-20.6,19.75,FALSE
203095,"Evan Fournier","1610612752","New York Knicks",2024,"0022300933","20240311",-2.5,31.05,FALSE
203095,"Evan Fournier","1610612752","New York Knicks",2024,"0022300933","20240311",-7.7,29.65,FALSE
203095,"Evan Fournier","1610612752","New York Knicks",2024,"0022300946","20240313",17.5,14.45,FALSE
203095,"Evan Fournier","1610612752","New York Knicks",2024,"0022300946","20240313",-4.9,5.25,TRUE
203095,"Evan Fournier","1610612752","New York Knicks",2024,"0022300946","20240313",23.7,5.05,FALSE
203095,"Evan Fournier","1610612752","New York Knicks",2024,"0022300962","20240315",-2.5,11.15,TRUE
203095,"Evan Fournier","1610612752","New York Knicks",2024,"0022300962","20240315",-22.7,2.85,TRUE
203095,"Evan Fournier","1610612752","New York Knicks",2024,"0022300962","20240315",23.3,5.75,FALSE
203095,"Evan Fournier","1610612752","New York Knicks",2024,"0022300962","20240315",-22.4,11.55,FALSE
203095,"Evan Fournier","1610612752","New York Knicks",2024,"0022300962","20240315",-23.9,7.65,FALSE
203095,"Evan Fournier","1610612752","New York Knicks",2024,"0022300962","20240315",2,20.35,TRUE
203095,"Evan Fournier","1610612752","New York Knicks",2024,"0022300962","20240315",-15.1,1.35,TRUE
203095,"Evan Fournier","1610612752","New York Knicks",2024,"0022300962","20240315",-23,5.15,FALSE
203095,"Evan Fournier","1610612752","New York Knicks",2024,"0022300977","20240317",-22.5,5.75,FALSE
203095,"Evan Fournier","1610612752","New York Knicks",2024,"0022300977","20240317",-0.7,30.85,TRUE
203095,"Evan Fournier","1610612752","New York Knicks",2024,"0022300977","20240317",22.3,7.95,FALSE
203095,"Evan Fournier","1610612752","New York Knicks",2024,"0022300977","20240317",1.6,11.25,FALSE
203095,"Evan Fournier","1610612752","New York Knicks",2024,"0022300977","20240317",15.2,19.05,TRUE
203095,"Evan Fournier","1610612752","New York Knicks",2024,"0022300977","20240317",-13.1,28.75,TRUE
203095,"Evan Fournier","1610612752","New York Knicks",2024,"0022300977","20240317",-7.7,30.05,FALSE
203095,"Evan Fournier","1610612752","New York Knicks",2024,"0022300977","20240317",0.2,8.05,FALSE
203095,"Evan Fournier","1610612752","New York Knicks",2024,"0022300977","20240317",17.5,3.05,FALSE
203095,"Evan Fournier","1610612752","New York Knicks",2024,"0022300977","20240317",4.4,30.85,TRUE
203095,"Evan Fournier","1610612752","New York Knicks",2024,"0022300977","20240317",-1.7,21.15,TRUE
203095,"Evan Fournier","1610612752","New York Knicks",2024,"0022300977","20240317",-23.5,2.35,FALSE
203095,"Evan Fournier","1610612752","New York Knicks",2024,"0022300977","20240317",18.9,21.85,TRUE
203095,"Evan Fournier","1610612752","New York Knicks",2024,"0022300977","20240317",-20.5,6.75,FALSE
203095,"Evan Fournier","1610612752","New York Knicks",2024,"0022300984","20240318",-5.8,8.35,FALSE
203095,"Evan Fournier","1610612752","New York Knicks",2024,"0022300984","20240318",23,7.25,TRUE
203095,"Evan Fournier","1610612752","New York Knicks",2024,"0022300984","20240318",0.2,32.05,FALSE
203095,"Evan Fournier","1610612752","New York Knicks",2024,"0022300984","20240318",-22.9,12.15,FALSE
203095,"Evan Fournier","1610612752","New York Knicks",2024,"0022300984","20240318",-14.6,26.25,FALSE
203095,"Evan Fournier","1610612752","New York Knicks",2024,"0022300984","20240318",11.6,16.95,FALSE
203095,"Evan Fournier","1610612752","New York Knicks",2024,"0022300984","20240318",9.9,29.15,FALSE
203095,"Evan Fournier","1610612752","New York Knicks",2024,"0022300984","20240318",11.2,29.15,FALSE
203095,"Evan Fournier","1610612752","New York Knicks",2024,"0022300984","20240318",13.8,26.55,FALSE
203095,"Evan Fournier","1610612752","New York Knicks",2024,"0022300997","20240320",3.4,8.45,FALSE
203095,"Evan Fournier","1610612752","New York Knicks",2024,"0022300997","20240320",-4.8,7.65,FALSE
203095,"Evan Fournier","1610612752","New York Knicks",2024,"0022300997","20240320",5.4,30.75,FALSE
203095,"Evan Fournier","1610612752","New York Knicks",2024,"0022300997","20240320",-5.3,14.15,TRUE
203095,"Evan Fournier","1610612752","New York Knicks",2024,"0022300997","20240320",-14.7,27.85,TRUE
203095,"Evan Fournier","1610612752","New York Knicks",2024,"0022300997","20240320",-9.2,4.35,FALSE
203095,"Evan Fournier","1610612752","New York Knicks",2024,"0022301011","20240322",0.7,14.05,FALSE
203095,"Evan Fournier","1610612752","New York Knicks",2024,"0022301011","20240322",23.5,9.35,FALSE
203095,"Evan Fournier","1610612752","New York Knicks",2024,"0022301011","20240322",-23.8,6.45,FALSE
203095,"Evan Fournier","1610612752","New York Knicks",2024,"0022301011","20240322",-13.1,9.35,TRUE
203095,"Evan Fournier","1610612752","New York Knicks",2024,"0022301011","20240322",-1.1,11.35,TRUE
203095,"Evan Fournier","1610612752","New York Knicks",2024,"0022301011","20240322",0.4,12.55,TRUE
203095,"Evan Fournier","1610612752","New York Knicks",2024,"0022301011","20240322",-19.5,24.75,FALSE
203095,"Evan Fournier","1610612752","New York Knicks",2024,"0022301027","20240324",14,27.75,FALSE
203095,"Evan Fournier","1610612752","New York Knicks",2024,"0022301027","20240324",0.1,31.05,FALSE
203095,"Evan Fournier","1610612752","New York Knicks",2024,"0022301027","20240324",23.4,7.65,FALSE
203095,"Evan Fournier","1610612752","New York Knicks",2024,"0022301027","20240324",-1.1,11.75,FALSE
203095,"Evan Fournier","1610612752","New York Knicks",2024,"0022301027","20240324",23.7,6.25,FALSE
203095,"Evan Fournier","1610612752","New York Knicks",2024,"0022301035","20240325",-12,26.95,TRUE
203095,"Evan Fournier","1610612752","New York Knicks",2024,"0022301035","20240325",9.8,10.95,FALSE
203095,"Evan Fournier","1610612752","New York Knicks",2024,"0022301035","20240325",-22.5,12.75,FALSE
203095,"Evan Fournier","1610612752","New York Knicks",2024,"0022301035","20240325",-1.7,4.95,FALSE
203095,"Evan Fournier","1610612752","New York Knicks",2024,"0022301035","20240325",6.7,13.15,TRUE
203095,"Evan Fournier","1610612752","New York Knicks",2024,"0022301035","20240325",1.6,16.65,FALSE
203095,"Evan Fournier","1610612752","New York Knicks",2024,"0022301035","20240325",-2.2,14.55,TRUE
203095,"Evan Fournier","1610612752","New York Knicks",2024,"0022301035","20240325",14.3,26.15,FALSE
203095,"Evan Fournier","1610612752","New York Knicks",2024,"0022301035","20240325",-1.3,6.35,TRUE
203095,"Evan Fournier","1610612752","New York Knicks",2024,"0022301035","20240325",11.9,26.65,FALSE
203095,"Evan Fournier","1610612752","New York Knicks",2024,"0022301035","20240325",1,12.45,TRUE
203095,"Evan Fournier","1610612752","New York Knicks",2024,"0022301056","20240327",6.6,29.35,FALSE
203095,"Evan Fournier","1610612752","New York Knicks",2024,"0022301056","20240327",-8.9,30.35,FALSE
203095,"Evan Fournier","1610612752","New York Knicks",2024,"0022301056","20240327",-2.6,22.25,FALSE
203095,"Evan Fournier","1610612752","New York Knicks",2024,"0022301056","20240327",12.5,26.95,FALSE
203095,"Evan Fournier","1610612752","New York Knicks",2024,"0022301056","20240327",-22.9,12.05,FALSE
203095,"Evan Fournier","1610612752","New York Knicks",2024,"0022301056","20240327",9.4,11.55,FALSE
203095,"Evan Fournier","1610612752","New York Knicks",2024,"0022301065","20240329",20.5,6.45,TRUE
203095,"Evan Fournier","1610612752","New York Knicks",2024,"0022301065","20240329",-10.8,19.45,TRUE
203095,"Evan Fournier","1610612752","New York Knicks",2024,"0022301065","20240329",-22.8,14.15,FALSE
203095,"Evan Fournier","1610612752","New York Knicks",2024,"0022301065","20240329",-17.4,25.75,TRUE
203095,"Evan Fournier","1610612752","New York Knicks",2024,"0022301065","20240329",9.8,31.55,FALSE
203095,"Evan Fournier","1610612752","New York Knicks",2024,"0022301065","20240329",-23.4,14.25,TRUE
203095,"Evan Fournier","1610612752","New York Knicks",2024,"0022301088","20240401",19,20.95,FALSE
203095,"Evan Fournier","1610612752","New York Knicks",2024,"0022301088","20240401",2.1,6.15,FALSE
203095,"Evan Fournier","1610612752","New York Knicks",2024,"0022301088","20240401",1.5,12.05,FALSE
203095,"Evan Fournier","1610612752","New York Knicks",2024,"0022301088","20240401",18.1,22.65,FALSE
203095,"Evan Fournier","1610612752","New York Knicks",2024,"0022301088","20240401",-14.6,25.75,FALSE
203095,"Evan Fournier","1610612752","New York Knicks",2024,"0022301088","20240401",-2.8,11.05,TRUE
203095,"Evan Fournier","1610612752","New York Knicks",2024,"0022301088","20240401",-18.4,24.15,FALSE
203095,"Evan Fournier","1610612752","New York Knicks",2024,"0022301088","20240401",22.2,18.85,TRUE
203095,"Evan Fournier","1610612752","New York Knicks",2024,"0022301104","20240403",0.6,24.65,FALSE
203095,"Evan Fournier","1610612752","New York Knicks",2024,"0022301104","20240403",22.3,3.15,FALSE
203095,"Evan Fournier","1610612752","New York Knicks",2024,"0022301104","20240403",-3.3,12.05,FALSE
203095,"Evan Fournier","1610612752","New York Knicks",2024,"0022301104","20240403",-22.3,6.15,FALSE
203095,"Evan Fournier","1610612752","New York Knicks",2024,"0022301104","20240403",-12.5,29.15,FALSE
203095,"Evan Fournier","1610612752","New York Knicks",2024,"0022301145","20240409",23.3,19.05,TRUE
203095,"Evan Fournier","1610612752","New York Knicks",2024,"0022301145","20240409",-9.1,30.95,TRUE
203095,"Evan Fournier","1610612752","New York Knicks",2024,"0022301145","20240409",-1.5,5.55,TRUE
203095,"Evan Fournier","1610612752","New York Knicks",2024,"0022301145","20240409",4.2,31.95,TRUE
203095,"Evan Fournier","1610612752","New York Knicks",2024,"0022301145","20240409",-1.5,17.15,TRUE
203095,"Evan Fournier","1610612752","New York Knicks",2024,"0022301145","20240409",-22.8,3.15,FALSE
203095,"Evan Fournier","1610612752","New York Knicks",2024,"0022301145","20240409",-0.6,17.55,FALSE
203095,"Evan Fournier","1610612752","New York Knicks",2024,"0022301145","20240409",-0.2,18.05,TRUE
203095,"Evan Fournier","1610612752","New York Knicks",2024,"0022301145","20240409",1,7.05,TRUE
203095,"Evan Fournier","1610612752","New York Knicks",2024,"0022301145","20240409",-3.1,31.55,FALSE
203095,"Evan Fournier","1610612752","New York Knicks",2024,"0022301145","20240409",-2.5,21.55,FALSE
203095,"Evan Fournier","1610612752","New York Knicks",2024,"0022301166","20240411",22.2,18.85,FALSE
203095,"Evan Fournier","1610612752","New York Knicks",2024,"0022301166","20240411",-10.9,8.95,TRUE
203095,"Evan Fournier","1610612752","New York Knicks",2024,"0022301166","20240411",23.8,12.45,FALSE
203095,"Evan Fournier","1610612752","New York Knicks",2024,"0022301166","20240411",-6.6,6.05,TRUE
203095,"Evan Fournier","1610612752","New York Knicks",2024,"0022301166","20240411",-3.6,12.05,FALSE
203095,"Evan Fournier","1610612752","New York Knicks",2024,"0022301166","20240411",7.6,31.35,FALSE
203095,"Evan Fournier","1610612752","New York Knicks",2024,"0022301166","20240411",23.3,6.45,FALSE
203095,"Evan Fournier","1610612752","New York Knicks",2024,"0022301181","20240412",-16.4,24.75,FALSE
203095,"Evan Fournier","1610612752","New York Knicks",2024,"0022301181","20240412",0.1,15.25,TRUE
203095,"Evan Fournier","1610612752","New York Knicks",2024,"0022301181","20240412",-1.2,25.85,FALSE
203095,"Evan Fournier","1610612752","New York Knicks",2024,"0022301181","20240412",9.3,13.85,TRUE
203095,"Evan Fournier","1610612752","New York Knicks",2024,"0022301181","20240412",1,34.85,TRUE
203095,"Evan Fournier","1610612752","New York Knicks",2024,"0022301181","20240412",5.1,31.05,FALSE
203095,"Evan Fournier","1610612752","New York Knicks",2024,"0022301181","20240412",-4.2,10.45,TRUE
203095,"Evan Fournier","1610612752","New York Knicks",2024,"0022301181","20240412",-0.2,9.45,FALSE
203095,"Evan Fournier","1610612752","New York Knicks",2024,"0022301181","20240412",-11.6,28.35,FALSE
203095,"Evan Fournier","1610612752","New York Knicks",2024,"0022301181","20240412",-9.8,11.65,TRUE
203095,"Evan Fournier","1610612752","New York Knicks",2024,"0022301181","20240412",-4.2,18.25,TRUE
203095,"Evan Fournier","1610612752","New York Knicks",2024,"0022301181","20240412",4.9,29.75,FALSE
203095,"Evan Fournier","1610612752","New York Knicks",2024,"0022301181","20240412",0.6,7.45,FALSE
203095,"Evan Fournier","1610612752","New York Knicks",2024,"0022301181","20240412",18.9,21.85,FALSE
203095,"Evan Fournier","1610612752","New York Knicks",2024,"0022301197","20240414",-3.1,9.55,TRUE
203095,"Evan Fournier","1610612752","New York Knicks",2024,"0022301197","20240414",0.7,19.15,FALSE
203095,"Evan Fournier","1610612752","New York Knicks",2024,"0022301197","20240414",-4.3,41.55,FALSE
203095,"Evan Fournier","1610612752","New York Knicks",2024,"0022301197","20240414",21.3,19.15,FALSE
203095,"Evan Fournier","1610612752","New York Knicks",2024,"0022301197","20240414",-1.2,16.25,FALSE
203095,"Evan Fournier","1610612752","New York Knicks",2024,"0022301197","20240414",-0.1,14.55,TRUE
203095,"Evan Fournier","1610612752","New York Knicks",2024,"0022301197","20240414",23,7.85,FALSE
203095,"Evan Fournier","1610612752","New York Knicks",2024,"0022301197","20240414",0.7,5.15,TRUE
