"PLAYER_ID","PLAYER_NAME","TEAM_ID","TEAM_NAME","SEASON","GAME_ID","GAME_DATE","LOC_X","LOC_Y","SHOT_MADE"
1628386,"Jarrett Allen","1610612751","Brooklyn Nets",2018,"0021700022","20171020",0.6,5.35,TRUE
1628386,"Jarrett Allen","1610612751","Brooklyn Nets",2018,"0021700022","20171020",0.7,5.95,TRUE
1628386,"Jarrett Allen","1610612751","Brooklyn Nets",2018,"0021700022","20171020",-0.1,6.75,TRUE
1628386,"Jarrett Allen","1610612751","Brooklyn Nets",2018,"0021700038","20171022",-1.1,8.35,FALSE
1628386,"Jarrett Allen","1610612751","Brooklyn Nets",2018,"0021700038","20171022",-4.6,5.15,TRUE
1628386,"Jarrett Allen","1610612751","Brooklyn Nets",2018,"0021700038","20171022",6.4,73.55,FALSE
1628386,"Jarrett Allen","1610612751","Brooklyn Nets",2018,"0021700038","20171022",0,4.65,FALSE
1628386,"Jarrett Allen","1610612751","Brooklyn Nets",2018,"0021700038","20171022",1.6,12.85,FALSE
1628386,"Jarrett Allen","1610612751","Brooklyn Nets",2018,"0021700050","20171024",0,7.65,FALSE
1628386,"Jarrett Allen","1610612751","Brooklyn Nets",2018,"0021700050","20171024",0.5,8.75,FALSE
1628386,"Jarrett Allen","1610612751","Brooklyn Nets",2018,"0021700050","20171024",-0.5,6.85,TRUE
1628386,"Jarrett Allen","1610612751","Brooklyn Nets",2018,"0021700050","20171024",-0.2,5.95,TRUE
1628386,"Jarrett Allen","1610612751","Brooklyn Nets",2018,"0021700058","20171025",4.8,6.95,FALSE
1628386,"Jarrett Allen","1610612751","Brooklyn Nets",2018,"0021700058","20171025",8,7.15,TRUE
1628386,"Jarrett Allen","1610612751","Brooklyn Nets",2018,"0021700058","20171025",3.5,9.75,FALSE
1628386,"Jarrett Allen","1610612751","Brooklyn Nets",2018,"0021700073","20171027",2.4,11.25,FALSE
1628386,"Jarrett Allen","1610612751","Brooklyn Nets",2018,"0021700073","20171027",-1.1,7.35,FALSE
1628386,"Jarrett Allen","1610612751","Brooklyn Nets",2018,"0021700073","20171027",-0.5,7.65,TRUE
1628386,"Jarrett Allen","1610612751","Brooklyn Nets",2018,"0021700073","20171027",-2.3,7.65,FALSE
1628386,"Jarrett Allen","1610612751","Brooklyn Nets",2018,"0021700087","20171029",1.8,8.35,FALSE
1628386,"Jarrett Allen","1610612751","Brooklyn Nets",2018,"0021700087","20171029",0,4.65,TRUE
1628386,"Jarrett Allen","1610612751","Brooklyn Nets",2018,"0021700087","20171029",-0.5,6.95,FALSE
1628386,"Jarrett Allen","1610612751","Brooklyn Nets",2018,"0021700201","20171114",-2.8,8.15,TRUE
1628386,"Jarrett Allen","1610612751","Brooklyn Nets",2018,"0021700201","20171114",-2.2,5.45,FALSE
1628386,"Jarrett Allen","1610612751","Brooklyn Nets",2018,"0021700236","20171119",-3.1,9.05,FALSE
1628386,"Jarrett Allen","1610612751","Brooklyn Nets",2018,"0021700236","20171119",-0.2,5.25,TRUE
1628386,"Jarrett Allen","1610612751","Brooklyn Nets",2018,"0021700236","20171119",-1.6,6.05,TRUE
1628386,"Jarrett Allen","1610612751","Brooklyn Nets",2018,"0021700236","20171119",1.4,11.05,TRUE
1628386,"Jarrett Allen","1610612751","Brooklyn Nets",2018,"0021700254","20171122",-4.3,14.05,TRUE
1628386,"Jarrett Allen","1610612751","Brooklyn Nets",2018,"0021700254","20171122",0.3,5.65,TRUE
1628386,"Jarrett Allen","1610612751","Brooklyn Nets",2018,"0021700254","20171122",-21.5,5.55,TRUE
1628386,"Jarrett Allen","1610612751","Brooklyn Nets",2018,"0021700267","20171124",17.9,5.85,FALSE
1628386,"Jarrett Allen","1610612751","Brooklyn Nets",2018,"0021700267","20171124",0,6.65,TRUE
1628386,"Jarrett Allen","1610612751","Brooklyn Nets",2018,"0021700267","20171124",5.7,8.85,TRUE
1628386,"Jarrett Allen","1610612751","Brooklyn Nets",2018,"0021700267","20171124",1.5,6.55,FALSE
1628386,"Jarrett Allen","1610612751","Brooklyn Nets",2018,"0021700267","20171124",1.3,4.85,FALSE
1628386,"Jarrett Allen","1610612751","Brooklyn Nets",2018,"0021700267","20171124",0.5,5.85,TRUE
1628386,"Jarrett Allen","1610612751","Brooklyn Nets",2018,"0021700267","20171124",16.5,5.65,FALSE
1628386,"Jarrett Allen","1610612751","Brooklyn Nets",2018,"0021700267","20171124",0,9.15,FALSE
1628386,"Jarrett Allen","1610612751","Brooklyn Nets",2018,"0021700267","20171124",0.5,11.55,FALSE
1628386,"Jarrett Allen","1610612751","Brooklyn Nets",2018,"0021700267","20171124",2.8,9.85,FALSE
1628386,"Jarrett Allen","1610612751","Brooklyn Nets",2018,"0021700289","20171126",0.4,5.85,FALSE
1628386,"Jarrett Allen","1610612751","Brooklyn Nets",2018,"0021700310","20171129",0.3,9.35,TRUE
1628386,"Jarrett Allen","1610612751","Brooklyn Nets",2018,"0021700310","20171129",-0.3,5.85,TRUE
1628386,"Jarrett Allen","1610612751","Brooklyn Nets",2018,"0021700310","20171129",0,4.65,FALSE
1628386,"Jarrett Allen","1610612751","Brooklyn Nets",2018,"0021700310","20171129",0.3,6.05,TRUE
1628386,"Jarrett Allen","1610612751","Brooklyn Nets",2018,"0021700328","20171202",-3,5.35,FALSE
1628386,"Jarrett Allen","1610612751","Brooklyn Nets",2018,"0021700328","20171202",-0.5,6.35,FALSE
1628386,"Jarrett Allen","1610612751","Brooklyn Nets",2018,"0021700328","20171202",2.2,5.95,TRUE
1628386,"Jarrett Allen","1610612751","Brooklyn Nets",2018,"0021700328","20171202",0.2,4.95,TRUE
1628386,"Jarrett Allen","1610612751","Brooklyn Nets",2018,"0021700328","20171202",1.2,5.85,TRUE
1628386,"Jarrett Allen","1610612751","Brooklyn Nets",2018,"0021700328","20171202",0.8,6.55,TRUE
1628386,"Jarrett Allen","1610612751","Brooklyn Nets",2018,"0021700342","20171204",-23.1,6.65,TRUE
1628386,"Jarrett Allen","1610612751","Brooklyn Nets",2018,"0021700342","20171204",-0.8,12.15,FALSE
1628386,"Jarrett Allen","1610612751","Brooklyn Nets",2018,"0021700342","20171204",0,6.05,TRUE
1628386,"Jarrett Allen","1610612751","Brooklyn Nets",2018,"0021700342","20171204",-0.6,6.45,TRUE
1628386,"Jarrett Allen","1610612751","Brooklyn Nets",2018,"0021700342","20171204",-0.2,5.15,TRUE
1628386,"Jarrett Allen","1610612751","Brooklyn Nets",2018,"0021700342","20171204",0.7,6.05,TRUE
1628386,"Jarrett Allen","1610612751","Brooklyn Nets",2018,"0021700365","20171207",-1,4.75,TRUE
1628386,"Jarrett Allen","1610612751","Brooklyn Nets",2018,"0021700365","20171207",-0.2,5.65,TRUE
1628386,"Jarrett Allen","1610612751","Brooklyn Nets",2018,"0021700376","20171209",0.2,4.55,TRUE
1628386,"Jarrett Allen","1610612751","Brooklyn Nets",2018,"0021700376","20171209",-0.4,5.65,FALSE
1628386,"Jarrett Allen","1610612751","Brooklyn Nets",2018,"0021700376","20171209",-1.8,4.95,FALSE
1628386,"Jarrett Allen","1610612751","Brooklyn Nets",2018,"0021700400","20171212",-3,10.25,TRUE
1628386,"Jarrett Allen","1610612751","Brooklyn Nets",2018,"0021700400","20171212",-0.3,7.05,TRUE
1628386,"Jarrett Allen","1610612751","Brooklyn Nets",2018,"0021700400","20171212",-0.9,6.25,TRUE
1628386,"Jarrett Allen","1610612751","Brooklyn Nets",2018,"0021700400","20171212",1.9,5.85,FALSE
1628386,"Jarrett Allen","1610612751","Brooklyn Nets",2018,"0021700400","20171212",0,4.65,FALSE
1628386,"Jarrett Allen","1610612751","Brooklyn Nets",2018,"0021700400","20171212",-0.2,5.55,TRUE
1628386,"Jarrett Allen","1610612751","Brooklyn Nets",2018,"0021700414","20171214",3.5,8.05,FALSE
1628386,"Jarrett Allen","1610612751","Brooklyn Nets",2018,"0021700414","20171214",0.5,7.55,FALSE
1628386,"Jarrett Allen","1610612751","Brooklyn Nets",2018,"0021700414","20171214",-4.3,6.95,FALSE
1628386,"Jarrett Allen","1610612751","Brooklyn Nets",2018,"0021700414","20171214",-1.1,6.25,TRUE
1628386,"Jarrett Allen","1610612751","Brooklyn Nets",2018,"0021700439","20171217",-2.2,10.45,FALSE
1628386,"Jarrett Allen","1610612751","Brooklyn Nets",2018,"0021700439","20171217",-0.2,6.15,TRUE
1628386,"Jarrett Allen","1610612751","Brooklyn Nets",2018,"0021700439","20171217",2.1,9.05,FALSE
1628386,"Jarrett Allen","1610612751","Brooklyn Nets",2018,"0021700439","20171217",-5.5,15.35,TRUE
1628386,"Jarrett Allen","1610612751","Brooklyn Nets",2018,"0021700439","20171217",0,4.65,TRUE
1628386,"Jarrett Allen","1610612751","Brooklyn Nets",2018,"0021700457","20171220",4.9,8.95,FALSE
1628386,"Jarrett Allen","1610612751","Brooklyn Nets",2018,"0021700457","20171220",-0.8,25.35,FALSE
1628386,"Jarrett Allen","1610612751","Brooklyn Nets",2018,"0021700457","20171220",11.9,8.85,FALSE
1628386,"Jarrett Allen","1610612751","Brooklyn Nets",2018,"0021700473","20171222",3.6,8.35,TRUE
1628386,"Jarrett Allen","1610612751","Brooklyn Nets",2018,"0021700473","20171222",0,4.65,TRUE
1628386,"Jarrett Allen","1610612751","Brooklyn Nets",2018,"0021700473","20171222",-16.7,15.15,FALSE
1628386,"Jarrett Allen","1610612751","Brooklyn Nets",2018,"0021700473","20171222",9.7,13.05,FALSE
1628386,"Jarrett Allen","1610612751","Brooklyn Nets",2018,"0021700473","20171222",-5.1,5.35,TRUE
1628386,"Jarrett Allen","1610612751","Brooklyn Nets",2018,"0021700473","20171222",7.1,14.85,TRUE
1628386,"Jarrett Allen","1610612751","Brooklyn Nets",2018,"0021700482","20171223",23.1,6.85,FALSE
1628386,"Jarrett Allen","1610612751","Brooklyn Nets",2018,"0021700482","20171223",-0.2,6.95,TRUE
1628386,"Jarrett Allen","1610612751","Brooklyn Nets",2018,"0021700482","20171223",-0.6,5.55,FALSE
1628386,"Jarrett Allen","1610612751","Brooklyn Nets",2018,"0021700482","20171223",2.2,6.85,FALSE
1628386,"Jarrett Allen","1610612751","Brooklyn Nets",2018,"0021700502","20171226",-2.4,11.65,FALSE
1628386,"Jarrett Allen","1610612751","Brooklyn Nets",2018,"0021700502","20171226",-0.6,6.95,TRUE
1628386,"Jarrett Allen","1610612751","Brooklyn Nets",2018,"0021700502","20171226",0,4.65,TRUE
1628386,"Jarrett Allen","1610612751","Brooklyn Nets",2018,"0021700502","20171226",0,4.65,FALSE
1628386,"Jarrett Allen","1610612751","Brooklyn Nets",2018,"0021700502","20171226",0,4.65,TRUE
1628386,"Jarrett Allen","1610612751","Brooklyn Nets",2018,"0021700502","20171226",2,5.85,FALSE
1628386,"Jarrett Allen","1610612751","Brooklyn Nets",2018,"0021700502","20171226",0,4.65,TRUE
1628386,"Jarrett Allen","1610612751","Brooklyn Nets",2018,"0021700502","20171226",0,4.65,TRUE
1628386,"Jarrett Allen","1610612751","Brooklyn Nets",2018,"0021700502","20171226",-6.3,30.35,FALSE
1628386,"Jarrett Allen","1610612751","Brooklyn Nets",2018,"0021700502","20171226",-1.3,10.25,TRUE
1628386,"Jarrett Allen","1610612751","Brooklyn Nets",2018,"0021700502","20171226",-5.7,20.35,FALSE
1628386,"Jarrett Allen","1610612751","Brooklyn Nets",2018,"0021700511","20171227",-0.9,16.15,FALSE
1628386,"Jarrett Allen","1610612751","Brooklyn Nets",2018,"0021700511","20171227",11.9,5.15,FALSE
1628386,"Jarrett Allen","1610612751","Brooklyn Nets",2018,"0021700511","20171227",3.8,14.05,FALSE
1628386,"Jarrett Allen","1610612751","Brooklyn Nets",2018,"0021700511","20171227",1.8,6.35,FALSE
1628386,"Jarrett Allen","1610612751","Brooklyn Nets",2018,"0021700511","20171227",-15.2,6.05,FALSE
1628386,"Jarrett Allen","1610612751","Brooklyn Nets",2018,"0021700511","20171227",23,4.85,TRUE
1628386,"Jarrett Allen","1610612751","Brooklyn Nets",2018,"0021700511","20171227",2.2,12.35,FALSE
1628386,"Jarrett Allen","1610612751","Brooklyn Nets",2018,"0021700511","20171227",1.1,6.35,FALSE
1628386,"Jarrett Allen","1610612751","Brooklyn Nets",2018,"0021700523","20171229",-1.3,7.65,TRUE
1628386,"Jarrett Allen","1610612751","Brooklyn Nets",2018,"0021700523","20171229",22.6,5.25,FALSE
1628386,"Jarrett Allen","1610612751","Brooklyn Nets",2018,"0021700523","20171229",2.2,6.95,TRUE
1628386,"Jarrett Allen","1610612751","Brooklyn Nets",2018,"0021700523","20171229",0,4.65,FALSE
1628386,"Jarrett Allen","1610612751","Brooklyn Nets",2018,"0021700523","20171229",0,4.65,TRUE
1628386,"Jarrett Allen","1610612751","Brooklyn Nets",2018,"0021700523","20171229",-1,9.15,TRUE
1628386,"Jarrett Allen","1610612751","Brooklyn Nets",2018,"0021700523","20171229",1.4,7.75,TRUE
1628386,"Jarrett Allen","1610612751","Brooklyn Nets",2018,"0021700523","20171229",0,4.65,FALSE
1628386,"Jarrett Allen","1610612751","Brooklyn Nets",2018,"0021700523","20171229",5,10.65,FALSE
1628386,"Jarrett Allen","1610612751","Brooklyn Nets",2018,"0021700523","20171229",2.3,10.55,FALSE
1628386,"Jarrett Allen","1610612751","Brooklyn Nets",2018,"0021700539","20171231",0.5,7.05,TRUE
1628386,"Jarrett Allen","1610612751","Brooklyn Nets",2018,"0021700539","20171231",5.5,12.55,FALSE
1628386,"Jarrett Allen","1610612751","Brooklyn Nets",2018,"0021700539","20171231",-0.3,7.95,FALSE
1628386,"Jarrett Allen","1610612751","Brooklyn Nets",2018,"0021700539","20171231",-11,6.55,FALSE
1628386,"Jarrett Allen","1610612751","Brooklyn Nets",2018,"0021700545","20180101",2.4,15.95,FALSE
1628386,"Jarrett Allen","1610612751","Brooklyn Nets",2018,"0021700545","20180101",0,6.55,TRUE
1628386,"Jarrett Allen","1610612751","Brooklyn Nets",2018,"0021700545","20180101",0,4.65,TRUE
1628386,"Jarrett Allen","1610612751","Brooklyn Nets",2018,"0021700545","20180101",0,6.95,TRUE
1628386,"Jarrett Allen","1610612751","Brooklyn Nets",2018,"0021700545","20180101",-0.5,6.85,TRUE
1628386,"Jarrett Allen","1610612751","Brooklyn Nets",2018,"0021700545","20180101",-0.3,5.05,TRUE
1628386,"Jarrett Allen","1610612751","Brooklyn Nets",2018,"0021700545","20180101",0.9,9.05,TRUE
1628386,"Jarrett Allen","1610612751","Brooklyn Nets",2018,"0021700545","20180101",0,4.65,TRUE
1628386,"Jarrett Allen","1610612751","Brooklyn Nets",2018,"0021700557","20180103",0.5,5.95,FALSE
1628386,"Jarrett Allen","1610612751","Brooklyn Nets",2018,"0021700557","20180103",1.6,9.55,TRUE
1628386,"Jarrett Allen","1610612751","Brooklyn Nets",2018,"0021700557","20180103",0,6.35,TRUE
1628386,"Jarrett Allen","1610612751","Brooklyn Nets",2018,"0021700557","20180103",-0.7,5.35,FALSE
1628386,"Jarrett Allen","1610612751","Brooklyn Nets",2018,"0021700557","20180103",0.2,5.35,TRUE
1628386,"Jarrett Allen","1610612751","Brooklyn Nets",2018,"0021700592","20180108",0.3,5.75,TRUE
1628386,"Jarrett Allen","1610612751","Brooklyn Nets",2018,"0021700592","20180108",0,5.95,TRUE
1628386,"Jarrett Allen","1610612751","Brooklyn Nets",2018,"0021700592","20180108",-0.7,5.15,TRUE
1628386,"Jarrett Allen","1610612751","Brooklyn Nets",2018,"0021700592","20180108",0.8,5.15,TRUE
1628386,"Jarrett Allen","1610612751","Brooklyn Nets",2018,"0021700592","20180108",-0.2,6.05,TRUE
1628386,"Jarrett Allen","1610612751","Brooklyn Nets",2018,"0021700606","20180110",0.7,5.45,TRUE
1628386,"Jarrett Allen","1610612751","Brooklyn Nets",2018,"0021700606","20180110",5,10.95,TRUE
1628386,"Jarrett Allen","1610612751","Brooklyn Nets",2018,"0021700606","20180110",-5.3,7.55,FALSE
1628386,"Jarrett Allen","1610612751","Brooklyn Nets",2018,"0021700606","20180110",-0.2,9.35,FALSE
1628386,"Jarrett Allen","1610612751","Brooklyn Nets",2018,"0021700606","20180110",-15.9,4.85,FALSE
1628386,"Jarrett Allen","1610612751","Brooklyn Nets",2018,"0021700621","20180112",0.9,14.15,FALSE
1628386,"Jarrett Allen","1610612751","Brooklyn Nets",2018,"0021700621","20180112",0.5,5.85,FALSE
1628386,"Jarrett Allen","1610612751","Brooklyn Nets",2018,"0021700621","20180112",0.3,6.55,TRUE
1628386,"Jarrett Allen","1610612751","Brooklyn Nets",2018,"0021700621","20180112",-0.6,5.15,TRUE
1628386,"Jarrett Allen","1610612751","Brooklyn Nets",2018,"0021700630","20180113",0.2,5.95,FALSE
1628386,"Jarrett Allen","1610612751","Brooklyn Nets",2018,"0021700630","20180113",0.2,5.65,TRUE
1628386,"Jarrett Allen","1610612751","Brooklyn Nets",2018,"0021700630","20180113",-0.9,6.45,TRUE
1628386,"Jarrett Allen","1610612751","Brooklyn Nets",2018,"0021700630","20180113",-0.4,5.95,TRUE
1628386,"Jarrett Allen","1610612751","Brooklyn Nets",2018,"0021700630","20180113",-3.1,7.45,FALSE
1628386,"Jarrett Allen","1610612751","Brooklyn Nets",2018,"0021700630","20180113",-0.1,7.95,TRUE
1628386,"Jarrett Allen","1610612751","Brooklyn Nets",2018,"0021700630","20180113",0,8.15,FALSE
1628386,"Jarrett Allen","1610612751","Brooklyn Nets",2018,"0021700630","20180113",0,4.65,TRUE
1628386,"Jarrett Allen","1610612751","Brooklyn Nets",2018,"0021700630","20180113",0.5,6.25,TRUE
1628386,"Jarrett Allen","1610612751","Brooklyn Nets",2018,"0021700630","20180113",0,4.65,FALSE
1628386,"Jarrett Allen","1610612751","Brooklyn Nets",2018,"0021700642","20180115",0.2,5.85,TRUE
1628386,"Jarrett Allen","1610612751","Brooklyn Nets",2018,"0021700642","20180115",-6.8,6.45,FALSE
1628386,"Jarrett Allen","1610612751","Brooklyn Nets",2018,"0021700642","20180115",-1.2,6.95,FALSE
1628386,"Jarrett Allen","1610612751","Brooklyn Nets",2018,"0021700655","20180117",0.4,5.75,TRUE
1628386,"Jarrett Allen","1610612751","Brooklyn Nets",2018,"0021700655","20180117",-4,15.85,FALSE
1628386,"Jarrett Allen","1610612751","Brooklyn Nets",2018,"0021700655","20180117",2.5,8.75,TRUE
1628386,"Jarrett Allen","1610612751","Brooklyn Nets",2018,"0021700655","20180117",2.8,8.45,FALSE
1628386,"Jarrett Allen","1610612751","Brooklyn Nets",2018,"0021700655","20180117",0,4.65,TRUE
1628386,"Jarrett Allen","1610612751","Brooklyn Nets",2018,"0021700655","20180117",0.8,8.45,FALSE
1628386,"Jarrett Allen","1610612751","Brooklyn Nets",2018,"0021700668","20180119",0.8,6.05,TRUE
1628386,"Jarrett Allen","1610612751","Brooklyn Nets",2018,"0021700668","20180119",-0.7,4.65,TRUE
1628386,"Jarrett Allen","1610612751","Brooklyn Nets",2018,"0021700685","20180121",1.2,5.15,TRUE
1628386,"Jarrett Allen","1610612751","Brooklyn Nets",2018,"0021700697","20180123",10.1,6.25,TRUE
1628386,"Jarrett Allen","1610612751","Brooklyn Nets",2018,"0021700697","20180123",-1.2,6.15,FALSE
1628386,"Jarrett Allen","1610612751","Brooklyn Nets",2018,"0021700697","20180123",0.1,6.55,TRUE
1628386,"Jarrett Allen","1610612751","Brooklyn Nets",2018,"0021700697","20180123",23.1,6.35,TRUE
1628386,"Jarrett Allen","1610612751","Brooklyn Nets",2018,"0021700697","20180123",0,4.65,FALSE
1628386,"Jarrett Allen","1610612751","Brooklyn Nets",2018,"0021700697","20180123",0.3,5.85,TRUE
1628386,"Jarrett Allen","1610612751","Brooklyn Nets",2018,"0021700719","20180126",-0.5,5.95,TRUE
1628386,"Jarrett Allen","1610612751","Brooklyn Nets",2018,"0021700719","20180126",0.8,7.85,FALSE
1628386,"Jarrett Allen","1610612751","Brooklyn Nets",2018,"0021700719","20180126",-2,8.15,FALSE
1628386,"Jarrett Allen","1610612751","Brooklyn Nets",2018,"0021700719","20180126",-1.7,5.25,TRUE
1628386,"Jarrett Allen","1610612751","Brooklyn Nets",2018,"0021700719","20180126",-0.6,6.35,TRUE
1628386,"Jarrett Allen","1610612751","Brooklyn Nets",2018,"0021700719","20180126",0.4,5.85,TRUE
1628386,"Jarrett Allen","1610612751","Brooklyn Nets",2018,"0021700719","20180126",-0.2,6.35,TRUE
1628386,"Jarrett Allen","1610612751","Brooklyn Nets",2018,"0021700719","20180126",0.2,6.65,TRUE
1628386,"Jarrett Allen","1610612751","Brooklyn Nets",2018,"0021700729","20180127",0.5,7.35,TRUE
1628386,"Jarrett Allen","1610612751","Brooklyn Nets",2018,"0021700729","20180127",4.7,8.05,TRUE
1628386,"Jarrett Allen","1610612751","Brooklyn Nets",2018,"0021700729","20180127",0,6.45,TRUE
1628386,"Jarrett Allen","1610612751","Brooklyn Nets",2018,"0021700729","20180127",0,4.65,TRUE
1628386,"Jarrett Allen","1610612751","Brooklyn Nets",2018,"0021700745","20180130",0.6,11.55,TRUE
1628386,"Jarrett Allen","1610612751","Brooklyn Nets",2018,"0021700745","20180130",1.1,5.95,TRUE
1628386,"Jarrett Allen","1610612751","Brooklyn Nets",2018,"0021700745","20180130",0.5,6.45,TRUE
1628386,"Jarrett Allen","1610612751","Brooklyn Nets",2018,"0021700745","20180130",-1,6.05,TRUE
1628386,"Jarrett Allen","1610612751","Brooklyn Nets",2018,"0021700745","20180130",3.1,10.85,TRUE
1628386,"Jarrett Allen","1610612751","Brooklyn Nets",2018,"0021700745","20180130",1.5,9.45,TRUE
1628386,"Jarrett Allen","1610612751","Brooklyn Nets",2018,"0021700756","20180131",4.5,20.95,TRUE
1628386,"Jarrett Allen","1610612751","Brooklyn Nets",2018,"0021700756","20180131",-4.1,18.65,TRUE
1628386,"Jarrett Allen","1610612751","Brooklyn Nets",2018,"0021700756","20180131",1.1,6.75,TRUE
1628386,"Jarrett Allen","1610612751","Brooklyn Nets",2018,"0021700756","20180131",-0.8,11.65,FALSE
1628386,"Jarrett Allen","1610612751","Brooklyn Nets",2018,"0021700756","20180131",-3.3,10.75,TRUE
1628386,"Jarrett Allen","1610612751","Brooklyn Nets",2018,"0021700756","20180131",2.7,12.35,TRUE
1628386,"Jarrett Allen","1610612751","Brooklyn Nets",2018,"0021700768","20180202",0.3,5.95,TRUE
1628386,"Jarrett Allen","1610612751","Brooklyn Nets",2018,"0021700768","20180202",4,9.95,TRUE
1628386,"Jarrett Allen","1610612751","Brooklyn Nets",2018,"0021700768","20180202",0,4.65,TRUE
1628386,"Jarrett Allen","1610612751","Brooklyn Nets",2018,"0021700768","20180202",1.4,5.95,TRUE
1628386,"Jarrett Allen","1610612751","Brooklyn Nets",2018,"0021700768","20180202",0.2,5.15,TRUE
1628386,"Jarrett Allen","1610612751","Brooklyn Nets",2018,"0021700768","20180202",-0.3,9.85,TRUE
1628386,"Jarrett Allen","1610612751","Brooklyn Nets",2018,"0021700768","20180202",-1.1,5.35,FALSE
1628386,"Jarrett Allen","1610612751","Brooklyn Nets",2018,"0021700768","20180202",0.6,5.75,TRUE
1628386,"Jarrett Allen","1610612751","Brooklyn Nets",2018,"0021700768","20180202",1.6,5.25,FALSE
1628386,"Jarrett Allen","1610612751","Brooklyn Nets",2018,"0021700768","20180202",0.9,6.95,TRUE
1628386,"Jarrett Allen","1610612751","Brooklyn Nets",2018,"0021700768","20180202",1,5.65,FALSE
1628386,"Jarrett Allen","1610612751","Brooklyn Nets",2018,"0021700785","20180204",-3.6,8.65,TRUE
1628386,"Jarrett Allen","1610612751","Brooklyn Nets",2018,"0021700785","20180204",-2.7,6.25,FALSE
1628386,"Jarrett Allen","1610612751","Brooklyn Nets",2018,"0021700785","20180204",0.7,5.35,TRUE
1628386,"Jarrett Allen","1610612751","Brooklyn Nets",2018,"0021700785","20180204",-1.3,6.35,TRUE
1628386,"Jarrett Allen","1610612751","Brooklyn Nets",2018,"0021700785","20180204",-0.3,11.05,TRUE
1628386,"Jarrett Allen","1610612751","Brooklyn Nets",2018,"0021700785","20180204",-2,6.75,FALSE
1628386,"Jarrett Allen","1610612751","Brooklyn Nets",2018,"0021700785","20180204",-0.2,6.85,TRUE
1628386,"Jarrett Allen","1610612751","Brooklyn Nets",2018,"0021700785","20180204",1.6,6.55,FALSE
1628386,"Jarrett Allen","1610612751","Brooklyn Nets",2018,"0021700785","20180204",1.6,6.65,FALSE
1628386,"Jarrett Allen","1610612751","Brooklyn Nets",2018,"0021700785","20180204",-0.5,6.15,TRUE
1628386,"Jarrett Allen","1610612751","Brooklyn Nets",2018,"0021700785","20180204",-0.7,5.85,TRUE
1628386,"Jarrett Allen","1610612751","Brooklyn Nets",2018,"0021700800","20180206",0.9,6.35,FALSE
1628386,"Jarrett Allen","1610612751","Brooklyn Nets",2018,"0021700800","20180206",-0.4,4.45,FALSE
1628386,"Jarrett Allen","1610612751","Brooklyn Nets",2018,"0021700800","20180206",-1.9,5.45,TRUE
1628386,"Jarrett Allen","1610612751","Brooklyn Nets",2018,"0021700800","20180206",1.6,5.75,FALSE
1628386,"Jarrett Allen","1610612751","Brooklyn Nets",2018,"0021700800","20180206",1.8,4.85,TRUE
1628386,"Jarrett Allen","1610612751","Brooklyn Nets",2018,"0021700800","20180206",-1,5.35,TRUE
1628386,"Jarrett Allen","1610612751","Brooklyn Nets",2018,"0021700800","20180206",-0.3,11.95,TRUE
1628386,"Jarrett Allen","1610612751","Brooklyn Nets",2018,"0021700800","20180206",-22.5,4.65,FALSE
1628386,"Jarrett Allen","1610612751","Brooklyn Nets",2018,"0021700800","20180206",0.3,5.75,TRUE
1628386,"Jarrett Allen","1610612751","Brooklyn Nets",2018,"0021700800","20180206",-0.8,4.65,FALSE
1628386,"Jarrett Allen","1610612751","Brooklyn Nets",2018,"0021700800","20180206",0.3,6.05,TRUE
1628386,"Jarrett Allen","1610612751","Brooklyn Nets",2018,"0021700805","20180207",1.3,5.85,FALSE
1628386,"Jarrett Allen","1610612751","Brooklyn Nets",2018,"0021700805","20180207",-1,4.95,TRUE
1628386,"Jarrett Allen","1610612751","Brooklyn Nets",2018,"0021700805","20180207",-0.2,5.65,FALSE
1628386,"Jarrett Allen","1610612751","Brooklyn Nets",2018,"0021700805","20180207",4.4,6.85,FALSE
1628386,"Jarrett Allen","1610612751","Brooklyn Nets",2018,"0021700805","20180207",-6.3,8.55,FALSE
1628386,"Jarrett Allen","1610612751","Brooklyn Nets",2018,"0021700805","20180207",2,10.25,FALSE
1628386,"Jarrett Allen","1610612751","Brooklyn Nets",2018,"0021700805","20180207",-0.2,5.85,TRUE
1628386,"Jarrett Allen","1610612751","Brooklyn Nets",2018,"0021700805","20180207",-0.9,4.85,TRUE
1628386,"Jarrett Allen","1610612751","Brooklyn Nets",2018,"0021700805","20180207",-0.5,6.35,TRUE
1628386,"Jarrett Allen","1610612751","Brooklyn Nets",2018,"0021700805","20180207",0.3,6.35,TRUE
1628386,"Jarrett Allen","1610612751","Brooklyn Nets",2018,"0021700805","20180207",23,6.65,FALSE
1628386,"Jarrett Allen","1610612751","Brooklyn Nets",2018,"0021700826","20180210",1.1,5.95,TRUE
1628386,"Jarrett Allen","1610612751","Brooklyn Nets",2018,"0021700826","20180210",1.1,6.85,FALSE
1628386,"Jarrett Allen","1610612751","Brooklyn Nets",2018,"0021700826","20180210",-0.6,5.65,TRUE
1628386,"Jarrett Allen","1610612751","Brooklyn Nets",2018,"0021700826","20180210",0,4.65,TRUE
1628386,"Jarrett Allen","1610612751","Brooklyn Nets",2018,"0021700826","20180210",0.2,6.25,FALSE
1628386,"Jarrett Allen","1610612751","Brooklyn Nets",2018,"0021700826","20180210",0,5.55,TRUE
1628386,"Jarrett Allen","1610612751","Brooklyn Nets",2018,"0021700843","20180212",0.3,6.05,TRUE
1628386,"Jarrett Allen","1610612751","Brooklyn Nets",2018,"0021700843","20180212",0,6.55,TRUE
1628386,"Jarrett Allen","1610612751","Brooklyn Nets",2018,"0021700843","20180212",0,10.05,TRUE
1628386,"Jarrett Allen","1610612751","Brooklyn Nets",2018,"0021700856","20180214",-2.9,5.95,TRUE
1628386,"Jarrett Allen","1610612751","Brooklyn Nets",2018,"0021700856","20180214",0,4.65,TRUE
1628386,"Jarrett Allen","1610612751","Brooklyn Nets",2018,"0021700856","20180214",-0.3,21.95,TRUE
1628386,"Jarrett Allen","1610612751","Brooklyn Nets",2018,"0021700856","20180214",-8.6,9.85,TRUE
1628386,"Jarrett Allen","1610612751","Brooklyn Nets",2018,"0021700856","20180214",-4.8,8.05,FALSE
1628386,"Jarrett Allen","1610612751","Brooklyn Nets",2018,"0021700856","20180214",-0.2,6.65,FALSE
1628386,"Jarrett Allen","1610612751","Brooklyn Nets",2018,"0021700856","20180214",0.9,11.35,FALSE
1628386,"Jarrett Allen","1610612751","Brooklyn Nets",2018,"0021700867","20180222",-0.9,5.85,TRUE
1628386,"Jarrett Allen","1610612751","Brooklyn Nets",2018,"0021700867","20180222",-1.5,8.85,TRUE
1628386,"Jarrett Allen","1610612751","Brooklyn Nets",2018,"0021700867","20180222",1.8,8.45,FALSE
1628386,"Jarrett Allen","1610612751","Brooklyn Nets",2018,"0021700867","20180222",-0.2,5.45,TRUE
1628386,"Jarrett Allen","1610612751","Brooklyn Nets",2018,"0021700867","20180222",0,7.35,FALSE
1628386,"Jarrett Allen","1610612751","Brooklyn Nets",2018,"0021700867","20180222",-1.3,6.55,FALSE
1628386,"Jarrett Allen","1610612751","Brooklyn Nets",2018,"0021700867","20180222",-0.1,6.15,TRUE
1628386,"Jarrett Allen","1610612751","Brooklyn Nets",2018,"0021700899","20180226",0.2,6.75,TRUE
1628386,"Jarrett Allen","1610612751","Brooklyn Nets",2018,"0021700899","20180226",1.7,7.05,FALSE
1628386,"Jarrett Allen","1610612751","Brooklyn Nets",2018,"0021700899","20180226",0.8,6.95,TRUE
1628386,"Jarrett Allen","1610612751","Brooklyn Nets",2018,"0021700899","20180226",2.5,7.35,FALSE
1628386,"Jarrett Allen","1610612751","Brooklyn Nets",2018,"0021700899","20180226",0.5,5.85,TRUE
1628386,"Jarrett Allen","1610612751","Brooklyn Nets",2018,"0021700899","20180226",0.4,6.05,TRUE
1628386,"Jarrett Allen","1610612751","Brooklyn Nets",2018,"0021700899","20180226",0.3,6.25,TRUE
1628386,"Jarrett Allen","1610612751","Brooklyn Nets",2018,"0021700899","20180226",-1.2,5.75,TRUE
1628386,"Jarrett Allen","1610612751","Brooklyn Nets",2018,"0021700899","20180226",1.5,6.55,FALSE
1628386,"Jarrett Allen","1610612751","Brooklyn Nets",2018,"0021700899","20180226",-0.3,5.65,TRUE
1628386,"Jarrett Allen","1610612751","Brooklyn Nets",2018,"0021700899","20180226",1.5,5.75,TRUE
1628386,"Jarrett Allen","1610612751","Brooklyn Nets",2018,"0021700908","20180227",-0.5,8.55,FALSE
1628386,"Jarrett Allen","1610612751","Brooklyn Nets",2018,"0021700908","20180227",-0.2,7.55,TRUE
1628386,"Jarrett Allen","1610612751","Brooklyn Nets",2018,"0021700908","20180227",0.3,5.95,TRUE
1628386,"Jarrett Allen","1610612751","Brooklyn Nets",2018,"0021700908","20180227",0.9,7.15,FALSE
1628386,"Jarrett Allen","1610612751","Brooklyn Nets",2018,"0021700908","20180227",0.2,11.85,FALSE
1628386,"Jarrett Allen","1610612751","Brooklyn Nets",2018,"0021700908","20180227",-0.8,6.95,FALSE
1628386,"Jarrett Allen","1610612751","Brooklyn Nets",2018,"0021700908","20180227",-0.3,6.05,TRUE
1628386,"Jarrett Allen","1610612751","Brooklyn Nets",2018,"0021700908","20180227",-1.6,6.35,TRUE
1628386,"Jarrett Allen","1610612751","Brooklyn Nets",2018,"0021700924","20180301",2,5.25,TRUE
1628386,"Jarrett Allen","1610612751","Brooklyn Nets",2018,"0021700924","20180301",1.1,6.25,TRUE
1628386,"Jarrett Allen","1610612751","Brooklyn Nets",2018,"0021700924","20180301",0,5.55,TRUE
1628386,"Jarrett Allen","1610612751","Brooklyn Nets",2018,"0021700924","20180301",-0.6,5.85,TRUE
1628386,"Jarrett Allen","1610612751","Brooklyn Nets",2018,"0021700924","20180301",0,4.65,FALSE
1628386,"Jarrett Allen","1610612751","Brooklyn Nets",2018,"0021700924","20180301",3.2,10.05,FALSE
1628386,"Jarrett Allen","1610612751","Brooklyn Nets",2018,"0021700924","20180301",2.9,8.95,FALSE
1628386,"Jarrett Allen","1610612751","Brooklyn Nets",2018,"0021700924","20180301",1.1,6.75,TRUE
1628386,"Jarrett Allen","1610612751","Brooklyn Nets",2018,"0021700924","20180301",-0.5,6.35,TRUE
1628386,"Jarrett Allen","1610612751","Brooklyn Nets",2018,"0021700948","20180304",-0.8,7.95,TRUE
1628386,"Jarrett Allen","1610612751","Brooklyn Nets",2018,"0021700948","20180304",-1.8,6.95,FALSE
1628386,"Jarrett Allen","1610612751","Brooklyn Nets",2018,"0021700948","20180304",-1.2,6.85,TRUE
1628386,"Jarrett Allen","1610612751","Brooklyn Nets",2018,"0021700948","20180304",24.1,7.15,FALSE
1628386,"Jarrett Allen","1610612751","Brooklyn Nets",2018,"0021700948","20180304",0.8,7.75,TRUE
1628386,"Jarrett Allen","1610612751","Brooklyn Nets",2018,"0021700963","20180306",1.4,7.35,TRUE
1628386,"Jarrett Allen","1610612751","Brooklyn Nets",2018,"0021700963","20180306",0.9,16.75,TRUE
1628386,"Jarrett Allen","1610612751","Brooklyn Nets",2018,"0021700963","20180306",-0.8,6.55,FALSE
1628386,"Jarrett Allen","1610612751","Brooklyn Nets",2018,"0021700963","20180306",-0.6,5.75,TRUE
1628386,"Jarrett Allen","1610612751","Brooklyn Nets",2018,"0021700972","20180308",-0.2,6.85,TRUE
1628386,"Jarrett Allen","1610612751","Brooklyn Nets",2018,"0021700972","20180308",0.5,9.35,TRUE
1628386,"Jarrett Allen","1610612751","Brooklyn Nets",2018,"0021700972","20180308",-0.9,6.55,TRUE
1628386,"Jarrett Allen","1610612751","Brooklyn Nets",2018,"0021700972","20180308",1.6,12.15,FALSE
1628386,"Jarrett Allen","1610612751","Brooklyn Nets",2018,"0021700972","20180308",-0.2,7.15,TRUE
1628386,"Jarrett Allen","1610612751","Brooklyn Nets",2018,"0021700972","20180308",-1.1,6.55,FALSE
1628386,"Jarrett Allen","1610612751","Brooklyn Nets",2018,"0021700972","20180308",0,4.65,FALSE
1628386,"Jarrett Allen","1610612751","Brooklyn Nets",2018,"0021700972","20180308",0.5,6.15,TRUE
1628386,"Jarrett Allen","1610612751","Brooklyn Nets",2018,"0021700999","20180311",-1,6.35,FALSE
1628386,"Jarrett Allen","1610612751","Brooklyn Nets",2018,"0021700999","20180311",0.7,6.85,TRUE
1628386,"Jarrett Allen","1610612751","Brooklyn Nets",2018,"0021700999","20180311",-5.5,9.95,FALSE
1628386,"Jarrett Allen","1610612751","Brooklyn Nets",2018,"0021700999","20180311",23.1,3.85,FALSE
1628386,"Jarrett Allen","1610612751","Brooklyn Nets",2018,"0021700999","20180311",-1.7,6.75,TRUE
1628386,"Jarrett Allen","1610612751","Brooklyn Nets",2018,"0021700999","20180311",-0.5,6.85,FALSE
1628386,"Jarrett Allen","1610612751","Brooklyn Nets",2018,"0021701030","20180316",-2.2,6.75,TRUE
1628386,"Jarrett Allen","1610612751","Brooklyn Nets",2018,"0021701030","20180316",-5.6,9.75,FALSE
1628386,"Jarrett Allen","1610612751","Brooklyn Nets",2018,"0021701030","20180316",0.5,6.65,TRUE
1628386,"Jarrett Allen","1610612751","Brooklyn Nets",2018,"0021701030","20180316",2.7,8.35,FALSE
1628386,"Jarrett Allen","1610612751","Brooklyn Nets",2018,"0021701030","20180316",0,4.65,FALSE
1628386,"Jarrett Allen","1610612751","Brooklyn Nets",2018,"0021701030","20180316",-1.9,5.35,FALSE
1628386,"Jarrett Allen","1610612751","Brooklyn Nets",2018,"0021701037","20180317",1.2,4.85,FALSE
1628386,"Jarrett Allen","1610612751","Brooklyn Nets",2018,"0021701037","20180317",0.3,7.55,FALSE
1628386,"Jarrett Allen","1610612751","Brooklyn Nets",2018,"0021701037","20180317",2,8.95,TRUE
1628386,"Jarrett Allen","1610612751","Brooklyn Nets",2018,"0021701037","20180317",0,4.65,TRUE
1628386,"Jarrett Allen","1610612751","Brooklyn Nets",2018,"0021701037","20180317",17.7,4.75,FALSE
1628386,"Jarrett Allen","1610612751","Brooklyn Nets",2018,"0021701053","20180319",1.3,5.15,TRUE
1628386,"Jarrett Allen","1610612751","Brooklyn Nets",2018,"0021701053","20180319",0,5.15,FALSE
1628386,"Jarrett Allen","1610612751","Brooklyn Nets",2018,"0021701053","20180319",1.4,5.25,TRUE
1628386,"Jarrett Allen","1610612751","Brooklyn Nets",2018,"0021701067","20180321",-1.3,5.75,TRUE
1628386,"Jarrett Allen","1610612751","Brooklyn Nets",2018,"0021701067","20180321",0.6,6.05,TRUE
1628386,"Jarrett Allen","1610612751","Brooklyn Nets",2018,"0021701067","20180321",-0.6,6.25,TRUE
1628386,"Jarrett Allen","1610612751","Brooklyn Nets",2018,"0021701067","20180321",22.3,7.45,FALSE
1628386,"Jarrett Allen","1610612751","Brooklyn Nets",2018,"0021701082","20180323",-0.3,8.15,FALSE
1628386,"Jarrett Allen","1610612751","Brooklyn Nets",2018,"0021701082","20180323",-1.3,5.95,TRUE
1628386,"Jarrett Allen","1610612751","Brooklyn Nets",2018,"0021701082","20180323",-1,7.75,TRUE
1628386,"Jarrett Allen","1610612751","Brooklyn Nets",2018,"0021701082","20180323",0,7.45,TRUE
1628386,"Jarrett Allen","1610612751","Brooklyn Nets",2018,"0021701082","20180323",10,9.45,FALSE
1628386,"Jarrett Allen","1610612751","Brooklyn Nets",2018,"0021701082","20180323",-1.4,6.75,FALSE
1628386,"Jarrett Allen","1610612751","Brooklyn Nets",2018,"0021701082","20180323",0,4.65,FALSE
1628386,"Jarrett Allen","1610612751","Brooklyn Nets",2018,"0021701094","20180325",0.2,5.65,TRUE
1628386,"Jarrett Allen","1610612751","Brooklyn Nets",2018,"0021701117","20180328",0.3,6.25,TRUE
1628386,"Jarrett Allen","1610612751","Brooklyn Nets",2018,"0021701117","20180328",3.5,7.85,FALSE
1628386,"Jarrett Allen","1610612751","Brooklyn Nets",2018,"0021701117","20180328",-2.7,9.45,TRUE
1628386,"Jarrett Allen","1610612751","Brooklyn Nets",2018,"0021701117","20180328",2.1,8.75,FALSE
1628386,"Jarrett Allen","1610612751","Brooklyn Nets",2018,"0021701117","20180328",-2.4,6.95,TRUE
1628386,"Jarrett Allen","1610612751","Brooklyn Nets",2018,"0021701117","20180328",-23.2,5.75,FALSE
1628386,"Jarrett Allen","1610612751","Brooklyn Nets",2018,"0021701117","20180328",2,6.05,TRUE
1628386,"Jarrett Allen","1610612751","Brooklyn Nets",2018,"0021701117","20180328",0.8,6.05,TRUE
1628386,"Jarrett Allen","1610612751","Brooklyn Nets",2018,"0021701117","20180328",-0.2,6.05,TRUE
1628386,"Jarrett Allen","1610612751","Brooklyn Nets",2018,"0021701141","20180331",-0.2,8.35,FALSE
1628386,"Jarrett Allen","1610612751","Brooklyn Nets",2018,"0021701141","20180331",-1.4,6.05,TRUE
1628386,"Jarrett Allen","1610612751","Brooklyn Nets",2018,"0021701141","20180331",-0.8,6.05,TRUE
1628386,"Jarrett Allen","1610612751","Brooklyn Nets",2018,"0021701141","20180331",-0.7,5.75,TRUE
1628386,"Jarrett Allen","1610612751","Brooklyn Nets",2018,"0021701141","20180331",-4.3,5.55,FALSE
1628386,"Jarrett Allen","1610612751","Brooklyn Nets",2018,"0021701141","20180331",9.2,6.75,FALSE
1628386,"Jarrett Allen","1610612751","Brooklyn Nets",2018,"0021701141","20180331",0.4,5.65,TRUE
1628386,"Jarrett Allen","1610612751","Brooklyn Nets",2018,"0021701141","20180331",0.5,7.35,FALSE
1628386,"Jarrett Allen","1610612751","Brooklyn Nets",2018,"0021701141","20180331",0.8,5.45,TRUE
1628386,"Jarrett Allen","1610612751","Brooklyn Nets",2018,"0021701148","20180401",0.3,6.85,TRUE
1628386,"Jarrett Allen","1610612751","Brooklyn Nets",2018,"0021701148","20180401",-0.4,7.05,FALSE
1628386,"Jarrett Allen","1610612751","Brooklyn Nets",2018,"0021701148","20180401",0.1,6.45,TRUE
1628386,"Jarrett Allen","1610612751","Brooklyn Nets",2018,"0021701148","20180401",-1.4,6.25,FALSE
1628386,"Jarrett Allen","1610612751","Brooklyn Nets",2018,"0021701148","20180401",-7.8,11.35,FALSE
1628386,"Jarrett Allen","1610612751","Brooklyn Nets",2018,"0021701148","20180401",4.1,8.25,TRUE
1628386,"Jarrett Allen","1610612751","Brooklyn Nets",2018,"0021701148","20180401",-22.9,6.65,TRUE
1628386,"Jarrett Allen","1610612751","Brooklyn Nets",2018,"0021701148","20180401",-1.2,6.75,TRUE
1628386,"Jarrett Allen","1610612751","Brooklyn Nets",2018,"0021701148","20180401",-0.7,6.35,TRUE
1628386,"Jarrett Allen","1610612751","Brooklyn Nets",2018,"0021701157","20180403",-1.3,6.25,TRUE
1628386,"Jarrett Allen","1610612751","Brooklyn Nets",2018,"0021701178","20180405",-2,6.35,FALSE
1628386,"Jarrett Allen","1610612751","Brooklyn Nets",2018,"0021701178","20180405",2.5,11.45,TRUE
1628386,"Jarrett Allen","1610612751","Brooklyn Nets",2018,"0021701178","20180405",-0.6,5.65,TRUE
1628386,"Jarrett Allen","1610612751","Brooklyn Nets",2018,"0021701178","20180405",-3.2,11.95,FALSE
1628386,"Jarrett Allen","1610612751","Brooklyn Nets",2018,"0021701178","20180405",-0.1,7.85,FALSE
1628386,"Jarrett Allen","1610612751","Brooklyn Nets",2018,"0021701178","20180405",0.3,9.55,FALSE
1628386,"Jarrett Allen","1610612751","Brooklyn Nets",2018,"0021701193","20180407",-2,6.65,TRUE
1628386,"Jarrett Allen","1610612751","Brooklyn Nets",2018,"0021701193","20180407",-0.6,5.55,TRUE
1628386,"Jarrett Allen","1610612751","Brooklyn Nets",2018,"0021701193","20180407",-1.8,7.15,FALSE
1628386,"Jarrett Allen","1610612751","Brooklyn Nets",2018,"0021701193","20180407",-23.5,3.55,TRUE
1628386,"Jarrett Allen","1610612751","Brooklyn Nets",2018,"0021701193","20180407",0,4.65,FALSE
1628386,"Jarrett Allen","1610612751","Brooklyn Nets",2018,"0021701193","20180407",0,5.35,TRUE
1628386,"Jarrett Allen","1610612751","Brooklyn Nets",2018,"0021701205","20180409",1.3,4.45,TRUE
1628386,"Jarrett Allen","1610612751","Brooklyn Nets",2018,"0021701205","20180409",-0.3,4.85,TRUE
1628386,"Jarrett Allen","1610612751","Brooklyn Nets",2018,"0021701205","20180409",1.9,5.05,TRUE
1628386,"Jarrett Allen","1610612751","Brooklyn Nets",2018,"0021701205","20180409",-2.8,5.75,FALSE
1628386,"Jarrett Allen","1610612751","Brooklyn Nets",2018,"0021701205","20180409",-0.2,5.65,TRUE
1628386,"Jarrett Allen","1610612751","Brooklyn Nets",2018,"0021701219","20180411",-0.8,11.45,TRUE
1628386,"Jarrett Allen","1610612751","Brooklyn Nets",2018,"0021701219","20180411",2.4,5.95,TRUE
1628386,"Jarrett Allen","1610612751","Brooklyn Nets",2018,"0021701219","20180411",0.2,5.45,TRUE
1628386,"Jarrett Allen","1610612751","Brooklyn Nets",2018,"0021701219","20180411",0.9,6.25,TRUE
1628386,"Jarrett Allen","1610612751","Brooklyn Nets",2018,"0021701219","20180411",1.2,4.85,FALSE
1628386,"Jarrett Allen","1610612751","Brooklyn Nets",2019,"0021800004","20181017",0.5,5.45,TRUE
1628386,"Jarrett Allen","1610612751","Brooklyn Nets",2019,"0021800004","20181017",-2.6,5.55,FALSE
1628386,"Jarrett Allen","1610612751","Brooklyn Nets",2019,"0021800004","20181017",2.5,7.75,TRUE
1628386,"Jarrett Allen","1610612751","Brooklyn Nets",2019,"0021800004","20181017",1.2,6.45,FALSE
1628386,"Jarrett Allen","1610612751","Brooklyn Nets",2019,"0021800004","20181017",23.4,4.95,TRUE
1628386,"Jarrett Allen","1610612751","Brooklyn Nets",2019,"0021800004","20181017",2.1,7.15,TRUE
1628386,"Jarrett Allen","1610612751","Brooklyn Nets",2019,"0021800004","20181017",24,5.15,FALSE
1628386,"Jarrett Allen","1610612751","Brooklyn Nets",2019,"0021800004","20181017",23.9,6.25,TRUE
1628386,"Jarrett Allen","1610612751","Brooklyn Nets",2019,"0021800004","20181017",-1.6,8.05,TRUE
1628386,"Jarrett Allen","1610612751","Brooklyn Nets",2019,"0021800004","20181017",-0.8,8.35,FALSE
1628386,"Jarrett Allen","1610612751","Brooklyn Nets",2019,"0021800018","20181019",-0.8,6.85,TRUE
1628386,"Jarrett Allen","1610612751","Brooklyn Nets",2019,"0021800018","20181019",0.7,6.95,TRUE
1628386,"Jarrett Allen","1610612751","Brooklyn Nets",2019,"0021800018","20181019",-0.2,5.95,TRUE
1628386,"Jarrett Allen","1610612751","Brooklyn Nets",2019,"0021800018","20181019",0.2,6.95,TRUE
1628386,"Jarrett Allen","1610612751","Brooklyn Nets",2019,"0021800018","20181019",4.5,9.55,TRUE
1628386,"Jarrett Allen","1610612751","Brooklyn Nets",2019,"0021800018","20181019",23.2,8.85,FALSE
1628386,"Jarrett Allen","1610612751","Brooklyn Nets",2019,"0021800018","20181019",-0.9,5.85,FALSE
1628386,"Jarrett Allen","1610612751","Brooklyn Nets",2019,"0021800018","20181019",-4.1,7.85,TRUE
1628386,"Jarrett Allen","1610612751","Brooklyn Nets",2019,"0021800026","20181020",0.2,4.35,FALSE
1628386,"Jarrett Allen","1610612751","Brooklyn Nets",2019,"0021800026","20181020",-1.6,9.55,FALSE
1628386,"Jarrett Allen","1610612751","Brooklyn Nets",2019,"0021800026","20181020",0.9,5.85,TRUE
1628386,"Jarrett Allen","1610612751","Brooklyn Nets",2019,"0021800026","20181020",-0.3,8.15,TRUE
1628386,"Jarrett Allen","1610612751","Brooklyn Nets",2019,"0021800026","20181020",-0.2,6.15,TRUE
1628386,"Jarrett Allen","1610612751","Brooklyn Nets",2019,"0021800026","20181020",-0.5,6.85,TRUE
1628386,"Jarrett Allen","1610612751","Brooklyn Nets",2019,"0021800026","20181020",-23.9,7.35,FALSE
1628386,"Jarrett Allen","1610612751","Brooklyn Nets",2019,"0021800053","20181024",0,4.85,FALSE
1628386,"Jarrett Allen","1610612751","Brooklyn Nets",2019,"0021800053","20181024",0.1,7.05,TRUE
1628386,"Jarrett Allen","1610612751","Brooklyn Nets",2019,"0021800053","20181024",-0.3,5.65,TRUE
1628386,"Jarrett Allen","1610612751","Brooklyn Nets",2019,"0021800053","20181024",-0.8,15.25,FALSE
1628386,"Jarrett Allen","1610612751","Brooklyn Nets",2019,"0021800053","20181024",-0.6,6.95,FALSE
1628386,"Jarrett Allen","1610612751","Brooklyn Nets",2019,"0021800053","20181024",0.6,6.55,TRUE
1628386,"Jarrett Allen","1610612751","Brooklyn Nets",2019,"0021800053","20181024",1.2,6.05,FALSE
1628386,"Jarrett Allen","1610612751","Brooklyn Nets",2019,"0021800053","20181024",-0.8,6.55,TRUE
1628386,"Jarrett Allen","1610612751","Brooklyn Nets",2019,"0021800053","20181024",0,4.65,TRUE
1628386,"Jarrett Allen","1610612751","Brooklyn Nets",2019,"0021800072","20181026",-0.5,6.45,TRUE
1628386,"Jarrett Allen","1610612751","Brooklyn Nets",2019,"0021800072","20181026",-1.6,6.05,FALSE
1628386,"Jarrett Allen","1610612751","Brooklyn Nets",2019,"0021800072","20181026",-1.6,5.85,FALSE
1628386,"Jarrett Allen","1610612751","Brooklyn Nets",2019,"0021800072","20181026",1.9,6.55,FALSE
1628386,"Jarrett Allen","1610612751","Brooklyn Nets",2019,"0021800072","20181026",-2.7,12.75,TRUE
1628386,"Jarrett Allen","1610612751","Brooklyn Nets",2019,"0021800072","20181026",-0.9,4.75,TRUE
1628386,"Jarrett Allen","1610612751","Brooklyn Nets",2019,"0021800083","20181028",-1.1,5.35,FALSE
1628386,"Jarrett Allen","1610612751","Brooklyn Nets",2019,"0021800083","20181028",0.2,5.75,TRUE
1628386,"Jarrett Allen","1610612751","Brooklyn Nets",2019,"0021800083","20181028",-1.8,4.85,TRUE
1628386,"Jarrett Allen","1610612751","Brooklyn Nets",2019,"0021800083","20181028",0.5,6.25,TRUE
1628386,"Jarrett Allen","1610612751","Brooklyn Nets",2019,"0021800083","20181028",0.6,5.65,TRUE
1628386,"Jarrett Allen","1610612751","Brooklyn Nets",2019,"0021800083","20181028",-6.3,6.15,TRUE
1628386,"Jarrett Allen","1610612751","Brooklyn Nets",2019,"0021800090","20181029",0.5,6.55,TRUE
1628386,"Jarrett Allen","1610612751","Brooklyn Nets",2019,"0021800090","20181029",0.6,6.55,TRUE
1628386,"Jarrett Allen","1610612751","Brooklyn Nets",2019,"0021800090","20181029",-0.4,14.75,FALSE
1628386,"Jarrett Allen","1610612751","Brooklyn Nets",2019,"0021800090","20181029",0.2,6.75,FALSE
1628386,"Jarrett Allen","1610612751","Brooklyn Nets",2019,"0021800090","20181029",-23,6.45,FALSE
1628386,"Jarrett Allen","1610612751","Brooklyn Nets",2019,"0021800090","20181029",-1.1,5.55,FALSE
1628386,"Jarrett Allen","1610612751","Brooklyn Nets",2019,"0021800104","20181031",-0.4,6.05,TRUE
1628386,"Jarrett Allen","1610612751","Brooklyn Nets",2019,"0021800104","20181031",0.2,6.75,TRUE
1628386,"Jarrett Allen","1610612751","Brooklyn Nets",2019,"0021800104","20181031",0.5,6.65,TRUE
1628386,"Jarrett Allen","1610612751","Brooklyn Nets",2019,"0021800104","20181031",-2.7,5.35,TRUE
1628386,"Jarrett Allen","1610612751","Brooklyn Nets",2019,"0021800104","20181031",-4,6.55,FALSE
1628386,"Jarrett Allen","1610612751","Brooklyn Nets",2019,"0021800104","20181031",0.3,6.85,FALSE
1628386,"Jarrett Allen","1610612751","Brooklyn Nets",2019,"0021800104","20181031",0.2,5.85,TRUE
1628386,"Jarrett Allen","1610612751","Brooklyn Nets",2019,"0021800104","20181031",-0.7,5.85,TRUE
1628386,"Jarrett Allen","1610612751","Brooklyn Nets",2019,"0021800118","20181102",0.6,6.75,TRUE
1628386,"Jarrett Allen","1610612751","Brooklyn Nets",2019,"0021800118","20181102",0.8,6.75,TRUE
1628386,"Jarrett Allen","1610612751","Brooklyn Nets",2019,"0021800118","20181102",0.1,6.55,TRUE
1628386,"Jarrett Allen","1610612751","Brooklyn Nets",2019,"0021800118","20181102",23.2,6.75,FALSE
1628386,"Jarrett Allen","1610612751","Brooklyn Nets",2019,"0021800118","20181102",23.3,8.25,FALSE
1628386,"Jarrett Allen","1610612751","Brooklyn Nets",2019,"0021800118","20181102",-1.1,6.05,TRUE
1628386,"Jarrett Allen","1610612751","Brooklyn Nets",2019,"0021800118","20181102",2.6,6.05,FALSE
1628386,"Jarrett Allen","1610612751","Brooklyn Nets",2019,"0021800118","20181102",1.6,7.45,FALSE
1628386,"Jarrett Allen","1610612751","Brooklyn Nets",2019,"0021800134","20181104",-1.5,7.55,FALSE
1628386,"Jarrett Allen","1610612751","Brooklyn Nets",2019,"0021800134","20181104",0,4.65,FALSE
1628386,"Jarrett Allen","1610612751","Brooklyn Nets",2019,"0021800134","20181104",-5.1,5.65,TRUE
1628386,"Jarrett Allen","1610612751","Brooklyn Nets",2019,"0021800134","20181104",-0.1,6.95,TRUE
1628386,"Jarrett Allen","1610612751","Brooklyn Nets",2019,"0021800134","20181104",0,4.65,TRUE
1628386,"Jarrett Allen","1610612751","Brooklyn Nets",2019,"0021800134","20181104",0,4.65,TRUE
1628386,"Jarrett Allen","1610612751","Brooklyn Nets",2019,"0021800134","20181104",0,5.85,TRUE
1628386,"Jarrett Allen","1610612751","Brooklyn Nets",2019,"0021800151","20181106",-23.2,9.55,FALSE
1628386,"Jarrett Allen","1610612751","Brooklyn Nets",2019,"0021800151","20181106",-0.2,5.45,TRUE
1628386,"Jarrett Allen","1610612751","Brooklyn Nets",2019,"0021800151","20181106",0,5.45,TRUE
1628386,"Jarrett Allen","1610612751","Brooklyn Nets",2019,"0021800151","20181106",0,4.65,TRUE
1628386,"Jarrett Allen","1610612751","Brooklyn Nets",2019,"0021800151","20181106",0.5,8.25,FALSE
1628386,"Jarrett Allen","1610612751","Brooklyn Nets",2019,"0021800151","20181106",0.9,5.65,FALSE
1628386,"Jarrett Allen","1610612751","Brooklyn Nets",2019,"0021800151","20181106",0.6,5.15,TRUE
1628386,"Jarrett Allen","1610612751","Brooklyn Nets",2019,"0021800171","20181109",0.5,6.05,TRUE
1628386,"Jarrett Allen","1610612751","Brooklyn Nets",2019,"0021800171","20181109",-0.6,5.75,TRUE
1628386,"Jarrett Allen","1610612751","Brooklyn Nets",2019,"0021800171","20181109",1.1,7.85,FALSE
1628386,"Jarrett Allen","1610612751","Brooklyn Nets",2019,"0021800171","20181109",0.1,5.75,TRUE
1628386,"Jarrett Allen","1610612751","Brooklyn Nets",2019,"0021800171","20181109",1.7,6.55,TRUE
1628386,"Jarrett Allen","1610612751","Brooklyn Nets",2019,"0021800171","20181109",-5.7,16.95,FALSE
1628386,"Jarrett Allen","1610612751","Brooklyn Nets",2019,"0021800171","20181109",-0.7,6.65,FALSE
1628386,"Jarrett Allen","1610612751","Brooklyn Nets",2019,"0021800171","20181109",-0.2,5.75,TRUE
1628386,"Jarrett Allen","1610612751","Brooklyn Nets",2019,"0021800171","20181109",-0.9,8.25,FALSE
1628386,"Jarrett Allen","1610612751","Brooklyn Nets",2019,"0021800171","20181109",-0.6,5.85,TRUE
1628386,"Jarrett Allen","1610612751","Brooklyn Nets",2019,"0021800171","20181109",-0.3,6.95,FALSE
1628386,"Jarrett Allen","1610612751","Brooklyn Nets",2019,"0021800171","20181109",0.3,5.65,FALSE
1628386,"Jarrett Allen","1610612751","Brooklyn Nets",2019,"0021800171","20181109",3.2,4.55,FALSE
1628386,"Jarrett Allen","1610612751","Brooklyn Nets",2019,"0021800171","20181109",-1.3,6.25,TRUE
1628386,"Jarrett Allen","1610612751","Brooklyn Nets",2019,"0021800182","20181110",0,6.55,TRUE
1628386,"Jarrett Allen","1610612751","Brooklyn Nets",2019,"0021800182","20181110",1,6.85,TRUE
1628386,"Jarrett Allen","1610612751","Brooklyn Nets",2019,"0021800219","20181116",-4.7,17.45,FALSE
1628386,"Jarrett Allen","1610612751","Brooklyn Nets",2019,"0021800219","20181116",-0.4,6.35,FALSE
1628386,"Jarrett Allen","1610612751","Brooklyn Nets",2019,"0021800219","20181116",3.3,7.05,TRUE
1628386,"Jarrett Allen","1610612751","Brooklyn Nets",2019,"0021800219","20181116",3.8,11.55,TRUE
1628386,"Jarrett Allen","1610612751","Brooklyn Nets",2019,"0021800219","20181116",0,4.65,TRUE
1628386,"Jarrett Allen","1610612751","Brooklyn Nets",2019,"0021800219","20181116",-0.3,9.95,FALSE
1628386,"Jarrett Allen","1610612751","Brooklyn Nets",2019,"0021800219","20181116",-0.3,8.15,FALSE
1628386,"Jarrett Allen","1610612751","Brooklyn Nets",2019,"0021800219","20181116",-1.2,6.85,TRUE
1628386,"Jarrett Allen","1610612751","Brooklyn Nets",2019,"0021800219","20181116",1.6,5.65,TRUE
1628386,"Jarrett Allen","1610612751","Brooklyn Nets",2019,"0021800219","20181116",0,7.95,FALSE
1628386,"Jarrett Allen","1610612751","Brooklyn Nets",2019,"0021800219","20181116",3.8,9.35,FALSE
1628386,"Jarrett Allen","1610612751","Brooklyn Nets",2019,"0021800224","20181117",0.5,6.45,TRUE
1628386,"Jarrett Allen","1610612751","Brooklyn Nets",2019,"0021800224","20181117",0.8,5.95,TRUE
1628386,"Jarrett Allen","1610612751","Brooklyn Nets",2019,"0021800224","20181117",10.1,8.05,TRUE
1628386,"Jarrett Allen","1610612751","Brooklyn Nets",2019,"0021800224","20181117",0,4.65,FALSE
1628386,"Jarrett Allen","1610612751","Brooklyn Nets",2019,"0021800224","20181117",0,4.65,FALSE
1628386,"Jarrett Allen","1610612751","Brooklyn Nets",2019,"0021800224","20181117",0,7.55,TRUE
1628386,"Jarrett Allen","1610612751","Brooklyn Nets",2019,"0021800224","20181117",2,6.95,TRUE
1628386,"Jarrett Allen","1610612751","Brooklyn Nets",2019,"0021800224","20181117",0.8,6.05,TRUE
1628386,"Jarrett Allen","1610612751","Brooklyn Nets",2019,"0021800224","20181117",7.8,9.05,FALSE
1628386,"Jarrett Allen","1610612751","Brooklyn Nets",2019,"0021800224","20181117",22.3,2.75,FALSE
1628386,"Jarrett Allen","1610612751","Brooklyn Nets",2019,"0021800224","20181117",-5.1,8.35,FALSE
1628386,"Jarrett Allen","1610612751","Brooklyn Nets",2019,"0021800224","20181117",-1.1,5.75,TRUE
1628386,"Jarrett Allen","1610612751","Brooklyn Nets",2019,"0021800224","20181117",-1.2,7.35,TRUE
1628386,"Jarrett Allen","1610612751","Brooklyn Nets",2019,"0021800250","20181120",6.7,7.45,FALSE
1628386,"Jarrett Allen","1610612751","Brooklyn Nets",2019,"0021800250","20181120",0.2,6.65,FALSE
1628386,"Jarrett Allen","1610612751","Brooklyn Nets",2019,"0021800250","20181120",-2.4,12.05,TRUE
1628386,"Jarrett Allen","1610612751","Brooklyn Nets",2019,"0021800250","20181120",2.5,10.25,TRUE
1628386,"Jarrett Allen","1610612751","Brooklyn Nets",2019,"0021800250","20181120",-1.9,6.85,FALSE
1628386,"Jarrett Allen","1610612751","Brooklyn Nets",2019,"0021800250","20181120",-1.1,5.75,TRUE
1628386,"Jarrett Allen","1610612751","Brooklyn Nets",2019,"0021800250","20181120",0.2,14.35,TRUE
1628386,"Jarrett Allen","1610612751","Brooklyn Nets",2019,"0021800250","20181120",5.7,6.05,TRUE
1628386,"Jarrett Allen","1610612751","Brooklyn Nets",2019,"0021800261","20181121",0.7,6.55,FALSE
1628386,"Jarrett Allen","1610612751","Brooklyn Nets",2019,"0021800261","20181121",0.6,6.85,TRUE
1628386,"Jarrett Allen","1610612751","Brooklyn Nets",2019,"0021800261","20181121",-6.3,9.25,FALSE
1628386,"Jarrett Allen","1610612751","Brooklyn Nets",2019,"0021800261","20181121",0,4.65,FALSE
1628386,"Jarrett Allen","1610612751","Brooklyn Nets",2019,"0021800261","20181121",0,9.95,TRUE
1628386,"Jarrett Allen","1610612751","Brooklyn Nets",2019,"0021800261","20181121",-23.1,7.75,FALSE
1628386,"Jarrett Allen","1610612751","Brooklyn Nets",2019,"0021800261","20181121",0.5,5.85,TRUE
1628386,"Jarrett Allen","1610612751","Brooklyn Nets",2019,"0021800261","20181121",-22.5,9.95,FALSE
1628386,"Jarrett Allen","1610612751","Brooklyn Nets",2019,"0021800265","20181123",-2.5,9.45,FALSE
1628386,"Jarrett Allen","1610612751","Brooklyn Nets",2019,"0021800265","20181123",-22.1,9.05,FALSE
1628386,"Jarrett Allen","1610612751","Brooklyn Nets",2019,"0021800265","20181123",2.3,6.75,TRUE
1628386,"Jarrett Allen","1610612751","Brooklyn Nets",2019,"0021800265","20181123",0.3,6.45,TRUE
1628386,"Jarrett Allen","1610612751","Brooklyn Nets",2019,"0021800265","20181123",23.2,6.05,FALSE
1628386,"Jarrett Allen","1610612751","Brooklyn Nets",2019,"0021800265","20181123",-0.3,6.25,TRUE
1628386,"Jarrett Allen","1610612751","Brooklyn Nets",2019,"0021800265","20181123",-3.8,5.55,TRUE
1628386,"Jarrett Allen","1610612751","Brooklyn Nets",2019,"0021800265","20181123",0.4,6.05,TRUE
1628386,"Jarrett Allen","1610612751","Brooklyn Nets",2019,"0021800289","20181125",1.3,6.45,TRUE
1628386,"Jarrett Allen","1610612751","Brooklyn Nets",2019,"0021800289","20181125",-3.8,6.45,TRUE
1628386,"Jarrett Allen","1610612751","Brooklyn Nets",2019,"0021800289","20181125",2.5,7.75,FALSE
1628386,"Jarrett Allen","1610612751","Brooklyn Nets",2019,"0021800289","20181125",1.4,6.35,TRUE
1628386,"Jarrett Allen","1610612751","Brooklyn Nets",2019,"0021800289","20181125",0.8,8.65,TRUE
1628386,"Jarrett Allen","1610612751","Brooklyn Nets",2019,"0021800289","20181125",2,6.85,FALSE
1628386,"Jarrett Allen","1610612751","Brooklyn Nets",2019,"0021800289","20181125",2.3,6.85,TRUE
1628386,"Jarrett Allen","1610612751","Brooklyn Nets",2019,"0021800289","20181125",-22,5.45,FALSE
1628386,"Jarrett Allen","1610612751","Brooklyn Nets",2019,"0021800289","20181125",-1.2,5.35,TRUE
1628386,"Jarrett Allen","1610612751","Brooklyn Nets",2019,"0021800289","20181125",-6,9.75,FALSE
1628386,"Jarrett Allen","1610612751","Brooklyn Nets",2019,"0021800289","20181125",0,4.65,TRUE
1628386,"Jarrett Allen","1610612751","Brooklyn Nets",2019,"0021800308","20181128",0,4.65,FALSE
1628386,"Jarrett Allen","1610612751","Brooklyn Nets",2019,"0021800308","20181128",-2.9,6.75,FALSE
1628386,"Jarrett Allen","1610612751","Brooklyn Nets",2019,"0021800308","20181128",-1.8,7.45,TRUE
1628386,"Jarrett Allen","1610612751","Brooklyn Nets",2019,"0021800308","20181128",-5.4,13.75,FALSE
1628386,"Jarrett Allen","1610612751","Brooklyn Nets",2019,"0021800308","20181128",-0.9,6.95,TRUE
1628386,"Jarrett Allen","1610612751","Brooklyn Nets",2019,"0021800308","20181128",-1.3,7.25,TRUE
1628386,"Jarrett Allen","1610612751","Brooklyn Nets",2019,"0021800323","20181130",-0.6,5.65,TRUE
1628386,"Jarrett Allen","1610612751","Brooklyn Nets",2019,"0021800323","20181130",-3.2,7.15,TRUE
1628386,"Jarrett Allen","1610612751","Brooklyn Nets",2019,"0021800323","20181130",-2.2,6.35,TRUE
1628386,"Jarrett Allen","1610612751","Brooklyn Nets",2019,"0021800323","20181130",-1.2,8.15,TRUE
1628386,"Jarrett Allen","1610612751","Brooklyn Nets",2019,"0021800323","20181130",-0.3,10.25,TRUE
1628386,"Jarrett Allen","1610612751","Brooklyn Nets",2019,"0021800333","20181201",0,4.65,FALSE
1628386,"Jarrett Allen","1610612751","Brooklyn Nets",2019,"0021800333","20181201",1.5,6.85,TRUE
1628386,"Jarrett Allen","1610612751","Brooklyn Nets",2019,"0021800333","20181201",0,7.65,TRUE
1628386,"Jarrett Allen","1610612751","Brooklyn Nets",2019,"0021800333","20181201",-0.5,6.85,TRUE
1628386,"Jarrett Allen","1610612751","Brooklyn Nets",2019,"0021800345","20181203",-0.3,5.35,TRUE
1628386,"Jarrett Allen","1610612751","Brooklyn Nets",2019,"0021800345","20181203",0.5,8.65,FALSE
1628386,"Jarrett Allen","1610612751","Brooklyn Nets",2019,"0021800345","20181203",23,4.65,TRUE
1628386,"Jarrett Allen","1610612751","Brooklyn Nets",2019,"0021800345","20181203",1.3,6.25,TRUE
1628386,"Jarrett Allen","1610612751","Brooklyn Nets",2019,"0021800345","20181203",0.4,11.15,TRUE
1628386,"Jarrett Allen","1610612751","Brooklyn Nets",2019,"0021800345","20181203",23,3.55,FALSE
1628386,"Jarrett Allen","1610612751","Brooklyn Nets",2019,"0021800345","20181203",-1.2,13.05,FALSE
1628386,"Jarrett Allen","1610612751","Brooklyn Nets",2019,"0021800358","20181205",0,4.65,TRUE
1628386,"Jarrett Allen","1610612751","Brooklyn Nets",2019,"0021800358","20181205",-12.3,27.45,FALSE
1628386,"Jarrett Allen","1610612751","Brooklyn Nets",2019,"0021800358","20181205",-22.3,7.45,FALSE
1628386,"Jarrett Allen","1610612751","Brooklyn Nets",2019,"0021800358","20181205",1.9,6.35,FALSE
1628386,"Jarrett Allen","1610612751","Brooklyn Nets",2019,"0021800358","20181205",0.8,9.85,FALSE
1628386,"Jarrett Allen","1610612751","Brooklyn Nets",2019,"0021800358","20181205",0.3,8.55,FALSE
1628386,"Jarrett Allen","1610612751","Brooklyn Nets",2019,"0021800358","20181205",0.5,7.75,TRUE
1628386,"Jarrett Allen","1610612751","Brooklyn Nets",2019,"0021800358","20181205",0.8,5.95,FALSE
1628386,"Jarrett Allen","1610612751","Brooklyn Nets",2019,"0021800358","20181205",0.1,6.45,FALSE
1628386,"Jarrett Allen","1610612751","Brooklyn Nets",2019,"0021800358","20181205",-0.9,6.35,TRUE
1628386,"Jarrett Allen","1610612751","Brooklyn Nets",2019,"0021800358","20181205",-1.7,6.65,FALSE
1628386,"Jarrett Allen","1610612751","Brooklyn Nets",2019,"0021800358","20181205",-1.3,5.55,TRUE
1628386,"Jarrett Allen","1610612751","Brooklyn Nets",2019,"0021800358","20181205",0.9,6.95,TRUE
1628386,"Jarrett Allen","1610612751","Brooklyn Nets",2019,"0021800358","20181205",-1.7,6.35,FALSE
1628386,"Jarrett Allen","1610612751","Brooklyn Nets",2019,"0021800371","20181207",-0.2,10.95,TRUE
1628386,"Jarrett Allen","1610612751","Brooklyn Nets",2019,"0021800371","20181207",0.1,7.75,TRUE
1628386,"Jarrett Allen","1610612751","Brooklyn Nets",2019,"0021800371","20181207",-0.6,10.95,TRUE
1628386,"Jarrett Allen","1610612751","Brooklyn Nets",2019,"0021800371","20181207",6.2,30.55,FALSE
1628386,"Jarrett Allen","1610612751","Brooklyn Nets",2019,"0021800371","20181207",0,4.65,TRUE
1628386,"Jarrett Allen","1610612751","Brooklyn Nets",2019,"0021800371","20181207",-2.2,6.05,TRUE
1628386,"Jarrett Allen","1610612751","Brooklyn Nets",2019,"0021800382","20181208",0.6,5.65,TRUE
1628386,"Jarrett Allen","1610612751","Brooklyn Nets",2019,"0021800382","20181208",0,4.65,TRUE
1628386,"Jarrett Allen","1610612751","Brooklyn Nets",2019,"0021800382","20181208",0.2,14.15,FALSE
1628386,"Jarrett Allen","1610612751","Brooklyn Nets",2019,"0021800382","20181208",0.2,4.85,FALSE
1628386,"Jarrett Allen","1610612751","Brooklyn Nets",2019,"0021800382","20181208",2.9,6.55,TRUE
1628386,"Jarrett Allen","1610612751","Brooklyn Nets",2019,"0021800382","20181208",-0.2,6.55,TRUE
1628386,"Jarrett Allen","1610612751","Brooklyn Nets",2019,"0021800382","20181208",-1.6,12.05,TRUE
1628386,"Jarrett Allen","1610612751","Brooklyn Nets",2019,"0021800382","20181208",-1.7,9.35,FALSE
1628386,"Jarrett Allen","1610612751","Brooklyn Nets",2019,"0021800382","20181208",0,4.65,FALSE
1628386,"Jarrett Allen","1610612751","Brooklyn Nets",2019,"0021800408","20181212",-0.3,5.35,TRUE
1628386,"Jarrett Allen","1610612751","Brooklyn Nets",2019,"0021800408","20181212",-0.8,6.25,TRUE
1628386,"Jarrett Allen","1610612751","Brooklyn Nets",2019,"0021800408","20181212",23.4,7.55,FALSE
1628386,"Jarrett Allen","1610612751","Brooklyn Nets",2019,"0021800408","20181212",1.1,5.45,TRUE
1628386,"Jarrett Allen","1610612751","Brooklyn Nets",2019,"0021800422","20181214",-1.5,5.85,TRUE
1628386,"Jarrett Allen","1610612751","Brooklyn Nets",2019,"0021800422","20181214",0.3,6.85,TRUE
1628386,"Jarrett Allen","1610612751","Brooklyn Nets",2019,"0021800422","20181214",1.9,13.15,FALSE
1628386,"Jarrett Allen","1610612751","Brooklyn Nets",2019,"0021800422","20181214",-3.8,5.85,FALSE
1628386,"Jarrett Allen","1610612751","Brooklyn Nets",2019,"0021800422","20181214",-0.1,6.55,FALSE
1628386,"Jarrett Allen","1610612751","Brooklyn Nets",2019,"0021800422","20181214",-0.3,5.65,TRUE
1628386,"Jarrett Allen","1610612751","Brooklyn Nets",2019,"0021800422","20181214",-0.5,6.55,TRUE
1628386,"Jarrett Allen","1610612751","Brooklyn Nets",2019,"0021800436","20181216",-0.7,8.85,FALSE
1628386,"Jarrett Allen","1610612751","Brooklyn Nets",2019,"0021800436","20181216",0,4.65,TRUE
1628386,"Jarrett Allen","1610612751","Brooklyn Nets",2019,"0021800436","20181216",1.4,6.05,TRUE
1628386,"Jarrett Allen","1610612751","Brooklyn Nets",2019,"0021800436","20181216",1.1,6.95,TRUE
1628386,"Jarrett Allen","1610612751","Brooklyn Nets",2019,"0021800436","20181216",-1.9,11.05,TRUE
1628386,"Jarrett Allen","1610612751","Brooklyn Nets",2019,"0021800436","20181216",-2.7,5.85,TRUE
1628386,"Jarrett Allen","1610612751","Brooklyn Nets",2019,"0021800453","20181218",0.2,10.05,FALSE
1628386,"Jarrett Allen","1610612751","Brooklyn Nets",2019,"0021800453","20181218",0.2,5.85,TRUE
1628386,"Jarrett Allen","1610612751","Brooklyn Nets",2019,"0021800453","20181218",-1.1,7.05,FALSE
1628386,"Jarrett Allen","1610612751","Brooklyn Nets",2019,"0021800453","20181218",4.1,6.95,TRUE
1628386,"Jarrett Allen","1610612751","Brooklyn Nets",2019,"0021800453","20181218",-0.6,6.25,FALSE
1628386,"Jarrett Allen","1610612751","Brooklyn Nets",2019,"0021800453","20181218",22.8,6.05,FALSE
1628386,"Jarrett Allen","1610612751","Brooklyn Nets",2019,"0021800453","20181218",-0.7,6.25,TRUE
1628386,"Jarrett Allen","1610612751","Brooklyn Nets",2019,"0021800460","20181219",-0.1,5.25,TRUE
1628386,"Jarrett Allen","1610612751","Brooklyn Nets",2019,"0021800460","20181219",-1.9,5.75,TRUE
1628386,"Jarrett Allen","1610612751","Brooklyn Nets",2019,"0021800460","20181219",-2.3,5.65,TRUE
1628386,"Jarrett Allen","1610612751","Brooklyn Nets",2019,"0021800460","20181219",-0.3,5.05,TRUE
1628386,"Jarrett Allen","1610612751","Brooklyn Nets",2019,"0021800460","20181219",0.9,5.15,TRUE
1628386,"Jarrett Allen","1610612751","Brooklyn Nets",2019,"0021800460","20181219",0.3,7.75,FALSE
1628386,"Jarrett Allen","1610612751","Brooklyn Nets",2019,"0021800460","20181219",0,4.65,FALSE
1628386,"Jarrett Allen","1610612751","Brooklyn Nets",2019,"0021800460","20181219",-3.3,10.95,FALSE
1628386,"Jarrett Allen","1610612751","Brooklyn Nets",2019,"0021800460","20181219",0.3,8.85,FALSE
1628386,"Jarrett Allen","1610612751","Brooklyn Nets",2019,"0021800460","20181219",-2.5,10.75,TRUE
1628386,"Jarrett Allen","1610612751","Brooklyn Nets",2019,"0021800460","20181219",0.3,5.65,TRUE
1628386,"Jarrett Allen","1610612751","Brooklyn Nets",2019,"0021800460","20181219",1.1,8.65,FALSE
1628386,"Jarrett Allen","1610612751","Brooklyn Nets",2019,"0021800471","20181221",0,8.95,TRUE
1628386,"Jarrett Allen","1610612751","Brooklyn Nets",2019,"0021800471","20181221",-0.9,7.55,TRUE
1628386,"Jarrett Allen","1610612751","Brooklyn Nets",2019,"0021800471","20181221",0,4.65,TRUE
1628386,"Jarrett Allen","1610612751","Brooklyn Nets",2019,"0021800489","20181223",0,9.05,FALSE
1628386,"Jarrett Allen","1610612751","Brooklyn Nets",2019,"0021800489","20181223",0.2,7.25,TRUE
1628386,"Jarrett Allen","1610612751","Brooklyn Nets",2019,"0021800489","20181223",0.3,4.35,TRUE
1628386,"Jarrett Allen","1610612751","Brooklyn Nets",2019,"0021800489","20181223",-23.2,6.05,TRUE
1628386,"Jarrett Allen","1610612751","Brooklyn Nets",2019,"0021800489","20181223",-0.5,6.05,TRUE
1628386,"Jarrett Allen","1610612751","Brooklyn Nets",2019,"0021800489","20181223",-7.4,16.35,FALSE
1628386,"Jarrett Allen","1610612751","Brooklyn Nets",2019,"0021800489","20181223",0.9,8.15,FALSE
1628386,"Jarrett Allen","1610612751","Brooklyn Nets",2019,"0021800489","20181223",-0.8,8.45,FALSE
1628386,"Jarrett Allen","1610612751","Brooklyn Nets",2019,"0021800489","20181223",0.2,4.65,TRUE
1628386,"Jarrett Allen","1610612751","Brooklyn Nets",2019,"0021800505","20181226",-1.1,5.35,TRUE
1628386,"Jarrett Allen","1610612751","Brooklyn Nets",2019,"0021800505","20181226",0,4.65,TRUE
1628386,"Jarrett Allen","1610612751","Brooklyn Nets",2019,"0021800505","20181226",-1.2,6.65,TRUE
1628386,"Jarrett Allen","1610612751","Brooklyn Nets",2019,"0021800505","20181226",-0.9,6.05,FALSE
1628386,"Jarrett Allen","1610612751","Brooklyn Nets",2019,"0021800505","20181226",22.8,3.15,FALSE
1628386,"Jarrett Allen","1610612751","Brooklyn Nets",2019,"0021800517","20181228",0.9,11.05,FALSE
1628386,"Jarrett Allen","1610612751","Brooklyn Nets",2019,"0021800517","20181228",2.4,5.35,FALSE
1628386,"Jarrett Allen","1610612751","Brooklyn Nets",2019,"0021800517","20181228",0.8,8.85,FALSE
1628386,"Jarrett Allen","1610612751","Brooklyn Nets",2019,"0021800517","20181228",0.7,8.15,FALSE
1628386,"Jarrett Allen","1610612751","Brooklyn Nets",2019,"0021800517","20181228",0.7,10.15,FALSE
1628386,"Jarrett Allen","1610612751","Brooklyn Nets",2019,"0021800517","20181228",0.7,9.85,FALSE
1628386,"Jarrett Allen","1610612751","Brooklyn Nets",2019,"0021800517","20181228",1.6,11.45,FALSE
1628386,"Jarrett Allen","1610612751","Brooklyn Nets",2019,"0021800517","20181228",-0.5,4.65,TRUE
1628386,"Jarrett Allen","1610612751","Brooklyn Nets",2019,"0021800527","20181229",-1.3,7.25,TRUE
1628386,"Jarrett Allen","1610612751","Brooklyn Nets",2019,"0021800527","20181229",-1.2,6.75,TRUE
1628386,"Jarrett Allen","1610612751","Brooklyn Nets",2019,"0021800527","20181229",0.5,6.85,FALSE
1628386,"Jarrett Allen","1610612751","Brooklyn Nets",2019,"0021800527","20181229",0.3,6.25,FALSE
1628386,"Jarrett Allen","1610612751","Brooklyn Nets",2019,"0021800527","20181229",0,6.45,TRUE
1628386,"Jarrett Allen","1610612751","Brooklyn Nets",2019,"0021800557","20190102",0.5,6.75,FALSE
1628386,"Jarrett Allen","1610612751","Brooklyn Nets",2019,"0021800557","20190102",0.9,6.35,TRUE
1628386,"Jarrett Allen","1610612751","Brooklyn Nets",2019,"0021800557","20190102",-3.8,14.55,FALSE
1628386,"Jarrett Allen","1610612751","Brooklyn Nets",2019,"0021800557","20190102",13.8,7.45,FALSE
1628386,"Jarrett Allen","1610612751","Brooklyn Nets",2019,"0021800557","20190102",0.4,6.25,TRUE
1628386,"Jarrett Allen","1610612751","Brooklyn Nets",2019,"0021800557","20190102",-0.8,6.35,TRUE
1628386,"Jarrett Allen","1610612751","Brooklyn Nets",2019,"0021800570","20190104",7.3,4.85,FALSE
1628386,"Jarrett Allen","1610612751","Brooklyn Nets",2019,"0021800570","20190104",0.5,4.65,TRUE
1628386,"Jarrett Allen","1610612751","Brooklyn Nets",2019,"0021800570","20190104",-0.2,4.85,TRUE
1628386,"Jarrett Allen","1610612751","Brooklyn Nets",2019,"0021800570","20190104",0,4.65,TRUE
1628386,"Jarrett Allen","1610612751","Brooklyn Nets",2019,"0021800570","20190104",-0.6,5.35,TRUE
1628386,"Jarrett Allen","1610612751","Brooklyn Nets",2019,"0021800570","20190104",6.3,8.85,FALSE
1628386,"Jarrett Allen","1610612751","Brooklyn Nets",2019,"0021800570","20190104",22.6,4.25,FALSE
1628386,"Jarrett Allen","1610612751","Brooklyn Nets",2019,"0021800570","20190104",0,4.65,TRUE
1628386,"Jarrett Allen","1610612751","Brooklyn Nets",2019,"0021800570","20190104",2.3,7.05,FALSE
1628386,"Jarrett Allen","1610612751","Brooklyn Nets",2019,"0021800570","20190104",0.6,5.35,TRUE
1628386,"Jarrett Allen","1610612751","Brooklyn Nets",2019,"0021800570","20190104",5.4,8.95,FALSE
1628386,"Jarrett Allen","1610612751","Brooklyn Nets",2019,"0021800584","20190106",-0.6,6.75,FALSE
1628386,"Jarrett Allen","1610612751","Brooklyn Nets",2019,"0021800584","20190106",-0.3,10.95,FALSE
1628386,"Jarrett Allen","1610612751","Brooklyn Nets",2019,"0021800584","20190106",0,5.55,TRUE
1628386,"Jarrett Allen","1610612751","Brooklyn Nets",2019,"0021800584","20190106",0.9,5.65,TRUE
1628386,"Jarrett Allen","1610612751","Brooklyn Nets",2019,"0021800584","20190106",0.2,5.65,TRUE
1628386,"Jarrett Allen","1610612751","Brooklyn Nets",2019,"0021800584","20190106",0.1,5.45,TRUE
1628386,"Jarrett Allen","1610612751","Brooklyn Nets",2019,"0021800584","20190106",0.7,5.65,TRUE
1628386,"Jarrett Allen","1610612751","Brooklyn Nets",2019,"0021800584","20190106",-0.8,6.55,TRUE
1628386,"Jarrett Allen","1610612751","Brooklyn Nets",2019,"0021800592","20190107",-3.3,6.95,FALSE
1628386,"Jarrett Allen","1610612751","Brooklyn Nets",2019,"0021800592","20190107",-1.1,7.75,FALSE
1628386,"Jarrett Allen","1610612751","Brooklyn Nets",2019,"0021800592","20190107",1.9,10.25,TRUE
1628386,"Jarrett Allen","1610612751","Brooklyn Nets",2019,"0021800592","20190107",-0.7,6.05,TRUE
1628386,"Jarrett Allen","1610612751","Brooklyn Nets",2019,"0021800592","20190107",4.4,7.25,FALSE
1628386,"Jarrett Allen","1610612751","Brooklyn Nets",2019,"0021800609","20190109",3.2,5.95,TRUE
1628386,"Jarrett Allen","1610612751","Brooklyn Nets",2019,"0021800609","20190109",-0.8,7.45,TRUE
1628386,"Jarrett Allen","1610612751","Brooklyn Nets",2019,"0021800609","20190109",-0.1,5.65,TRUE
1628386,"Jarrett Allen","1610612751","Brooklyn Nets",2019,"0021800609","20190109",-0.9,5.15,TRUE
1628386,"Jarrett Allen","1610612751","Brooklyn Nets",2019,"0021800624","20190111",1.4,12.55,FALSE
1628386,"Jarrett Allen","1610612751","Brooklyn Nets",2019,"0021800624","20190111",0.5,6.35,FALSE
1628386,"Jarrett Allen","1610612751","Brooklyn Nets",2019,"0021800624","20190111",1.6,6.05,TRUE
1628386,"Jarrett Allen","1610612751","Brooklyn Nets",2019,"0021800624","20190111",-0.2,6.25,TRUE
1628386,"Jarrett Allen","1610612751","Brooklyn Nets",2019,"0021800624","20190111",-4.5,7.15,FALSE
1628386,"Jarrett Allen","1610612751","Brooklyn Nets",2019,"0021800624","20190111",0,4.65,TRUE
1628386,"Jarrett Allen","1610612751","Brooklyn Nets",2019,"0021800624","20190111",-0.3,4.65,TRUE
1628386,"Jarrett Allen","1610612751","Brooklyn Nets",2019,"0021800645","20190114",0,4.65,TRUE
1628386,"Jarrett Allen","1610612751","Brooklyn Nets",2019,"0021800645","20190114",0.3,6.95,FALSE
1628386,"Jarrett Allen","1610612751","Brooklyn Nets",2019,"0021800645","20190114",-0.2,6.75,FALSE
1628386,"Jarrett Allen","1610612751","Brooklyn Nets",2019,"0021800645","20190114",-1.6,6.25,TRUE
1628386,"Jarrett Allen","1610612751","Brooklyn Nets",2019,"0021800645","20190114",0,4.65,TRUE
1628386,"Jarrett Allen","1610612751","Brooklyn Nets",2019,"0021800645","20190114",0.5,5.85,TRUE
1628386,"Jarrett Allen","1610612751","Brooklyn Nets",2019,"0021800645","20190114",0,7.05,TRUE
1628386,"Jarrett Allen","1610612751","Brooklyn Nets",2019,"0021800645","20190114",0,4.65,FALSE
1628386,"Jarrett Allen","1610612751","Brooklyn Nets",2019,"0021800645","20190114",0.6,7.35,FALSE
1628386,"Jarrett Allen","1610612751","Brooklyn Nets",2019,"0021800659","20190116",0.7,6.95,TRUE
1628386,"Jarrett Allen","1610612751","Brooklyn Nets",2019,"0021800659","20190116",4.1,4.85,FALSE
1628386,"Jarrett Allen","1610612751","Brooklyn Nets",2019,"0021800659","20190116",-1.1,7.75,FALSE
1628386,"Jarrett Allen","1610612751","Brooklyn Nets",2019,"0021800659","20190116",0.7,6.75,TRUE
1628386,"Jarrett Allen","1610612751","Brooklyn Nets",2019,"0021800659","20190116",0.2,7.35,TRUE
1628386,"Jarrett Allen","1610612751","Brooklyn Nets",2019,"0021800659","20190116",-0.2,6.75,TRUE
1628386,"Jarrett Allen","1610612751","Brooklyn Nets",2019,"0021800659","20190116",22.9,9.95,FALSE
1628386,"Jarrett Allen","1610612751","Brooklyn Nets",2019,"0021800659","20190116",-1,12.55,FALSE
1628386,"Jarrett Allen","1610612751","Brooklyn Nets",2019,"0021800659","20190116",-1.4,7.25,TRUE
1628386,"Jarrett Allen","1610612751","Brooklyn Nets",2019,"0021800659","20190116",-22.1,5.85,FALSE
1628386,"Jarrett Allen","1610612751","Brooklyn Nets",2019,"0021800659","20190116",7.6,10.95,FALSE
1628386,"Jarrett Allen","1610612751","Brooklyn Nets",2019,"0021800659","20190116",0.4,10.25,TRUE
1628386,"Jarrett Allen","1610612751","Brooklyn Nets",2019,"0021800659","20190116",-0.1,6.75,FALSE
1628386,"Jarrett Allen","1610612751","Brooklyn Nets",2019,"0021800659","20190116",22.8,10.05,FALSE
1628386,"Jarrett Allen","1610612751","Brooklyn Nets",2019,"0021800659","20190116",0.8,8.75,FALSE
1628386,"Jarrett Allen","1610612751","Brooklyn Nets",2019,"0021800659","20190116",0.2,6.35,TRUE
1628386,"Jarrett Allen","1610612751","Brooklyn Nets",2019,"0021800659","20190116",0.6,7.75,TRUE
1628386,"Jarrett Allen","1610612751","Brooklyn Nets",2019,"0021800659","20190116",1.1,7.15,TRUE
1628386,"Jarrett Allen","1610612751","Brooklyn Nets",2019,"0021800659","20190116",0.5,7.25,TRUE
1628386,"Jarrett Allen","1610612751","Brooklyn Nets",2019,"0021800673","20190118",-15.3,5.05,FALSE
1628386,"Jarrett Allen","1610612751","Brooklyn Nets",2019,"0021800673","20190118",-0.5,6.55,TRUE
1628386,"Jarrett Allen","1610612751","Brooklyn Nets",2019,"0021800673","20190118",2.7,12.15,FALSE
1628386,"Jarrett Allen","1610612751","Brooklyn Nets",2019,"0021800673","20190118",-0.6,6.85,FALSE
1628386,"Jarrett Allen","1610612751","Brooklyn Nets",2019,"0021800673","20190118",0.2,12.25,TRUE
1628386,"Jarrett Allen","1610612751","Brooklyn Nets",2019,"0021800673","20190118",5.4,7.75,FALSE
1628386,"Jarrett Allen","1610612751","Brooklyn Nets",2019,"0021800696","20190121",-3.1,7.85,FALSE
1628386,"Jarrett Allen","1610612751","Brooklyn Nets",2019,"0021800696","20190121",-2.7,6.05,TRUE
1628386,"Jarrett Allen","1610612751","Brooklyn Nets",2019,"0021800696","20190121",-0.7,5.15,TRUE
1628386,"Jarrett Allen","1610612751","Brooklyn Nets",2019,"0021800696","20190121",22.3,2.95,FALSE
1628386,"Jarrett Allen","1610612751","Brooklyn Nets",2019,"0021800696","20190121",1.6,5.05,TRUE
1628386,"Jarrett Allen","1610612751","Brooklyn Nets",2019,"0021800708","20190123",0,4.65,TRUE
1628386,"Jarrett Allen","1610612751","Brooklyn Nets",2019,"0021800708","20190123",-0.8,6.05,FALSE
1628386,"Jarrett Allen","1610612751","Brooklyn Nets",2019,"0021800708","20190123",0.2,7.25,TRUE
1628386,"Jarrett Allen","1610612751","Brooklyn Nets",2019,"0021800708","20190123",22.7,3.45,FALSE
1628386,"Jarrett Allen","1610612751","Brooklyn Nets",2019,"0021800708","20190123",-0.1,13.95,FALSE
1628386,"Jarrett Allen","1610612751","Brooklyn Nets",2019,"0021800708","20190123",1.3,5.85,FALSE
1628386,"Jarrett Allen","1610612751","Brooklyn Nets",2019,"0021800708","20190123",-0.9,9.25,TRUE
1628386,"Jarrett Allen","1610612751","Brooklyn Nets",2019,"0021800721","20190125",3.9,6.85,FALSE
1628386,"Jarrett Allen","1610612751","Brooklyn Nets",2019,"0021800721","20190125",-0.2,6.65,TRUE
1628386,"Jarrett Allen","1610612751","Brooklyn Nets",2019,"0021800746","20190128",0,4.65,TRUE
1628386,"Jarrett Allen","1610612751","Brooklyn Nets",2019,"0021800746","20190128",3.3,3.15,TRUE
1628386,"Jarrett Allen","1610612751","Brooklyn Nets",2019,"0021800746","20190128",1.7,4.85,TRUE
1628386,"Jarrett Allen","1610612751","Brooklyn Nets",2019,"0021800746","20190128",0,4.65,FALSE
1628386,"Jarrett Allen","1610612751","Brooklyn Nets",2019,"0021800746","20190128",-1.1,7.25,FALSE
1628386,"Jarrett Allen","1610612751","Brooklyn Nets",2019,"0021800746","20190128",-22.5,7.95,FALSE
1628386,"Jarrett Allen","1610612751","Brooklyn Nets",2019,"0021800752","20190129",-1.1,9.45,TRUE
1628386,"Jarrett Allen","1610612751","Brooklyn Nets",2019,"0021800752","20190129",2.4,9.05,FALSE
1628386,"Jarrett Allen","1610612751","Brooklyn Nets",2019,"0021800752","20190129",-0.2,8.05,FALSE
1628386,"Jarrett Allen","1610612751","Brooklyn Nets",2019,"0021800752","20190129",3.6,6.75,TRUE
1628386,"Jarrett Allen","1610612751","Brooklyn Nets",2019,"0021800767","20190131",-0.4,5.65,FALSE
1628386,"Jarrett Allen","1610612751","Brooklyn Nets",2019,"0021800767","20190131",0.9,12.75,TRUE
1628386,"Jarrett Allen","1610612751","Brooklyn Nets",2019,"0021800767","20190131",0.2,6.75,TRUE
1628386,"Jarrett Allen","1610612751","Brooklyn Nets",2019,"0021800767","20190131",0.7,6.35,TRUE
1628386,"Jarrett Allen","1610612751","Brooklyn Nets",2019,"0021800767","20190131",0.3,11.65,TRUE
1628386,"Jarrett Allen","1610612751","Brooklyn Nets",2019,"0021800767","20190131",0,4.85,TRUE
1628386,"Jarrett Allen","1610612751","Brooklyn Nets",2019,"0021800767","20190131",22.5,6.25,TRUE
1628386,"Jarrett Allen","1610612751","Brooklyn Nets",2019,"0021800777","20190202",-0.1,7.95,TRUE
1628386,"Jarrett Allen","1610612751","Brooklyn Nets",2019,"0021800777","20190202",-1.6,5.75,TRUE
1628386,"Jarrett Allen","1610612751","Brooklyn Nets",2019,"0021800777","20190202",0.5,5.85,TRUE
1628386,"Jarrett Allen","1610612751","Brooklyn Nets",2019,"0021800777","20190202",3.3,8.55,FALSE
1628386,"Jarrett Allen","1610612751","Brooklyn Nets",2019,"0021800792","20190204",0,4.65,TRUE
1628386,"Jarrett Allen","1610612751","Brooklyn Nets",2019,"0021800792","20190204",-0.8,6.95,TRUE
1628386,"Jarrett Allen","1610612751","Brooklyn Nets",2019,"0021800792","20190204",0,4.65,FALSE
1628386,"Jarrett Allen","1610612751","Brooklyn Nets",2019,"0021800792","20190204",0,7.35,TRUE
1628386,"Jarrett Allen","1610612751","Brooklyn Nets",2019,"0021800792","20190204",0.2,30.35,FALSE
1628386,"Jarrett Allen","1610612751","Brooklyn Nets",2019,"0021800792","20190204",0,4.65,FALSE
1628386,"Jarrett Allen","1610612751","Brooklyn Nets",2019,"0021800792","20190204",1.3,6.05,TRUE
1628386,"Jarrett Allen","1610612751","Brooklyn Nets",2019,"0021800804","20190206",2.4,6.25,FALSE
1628386,"Jarrett Allen","1610612751","Brooklyn Nets",2019,"0021800804","20190206",0.3,7.25,TRUE
1628386,"Jarrett Allen","1610612751","Brooklyn Nets",2019,"0021800804","20190206",-1.8,6.05,TRUE
1628386,"Jarrett Allen","1610612751","Brooklyn Nets",2019,"0021800804","20190206",-2.5,6.35,TRUE
1628386,"Jarrett Allen","1610612751","Brooklyn Nets",2019,"0021800804","20190206",-1.8,6.95,TRUE
1628386,"Jarrett Allen","1610612751","Brooklyn Nets",2019,"0021800804","20190206",-0.4,6.45,TRUE
1628386,"Jarrett Allen","1610612751","Brooklyn Nets",2019,"0021800804","20190206",-3.2,6.35,FALSE
1628386,"Jarrett Allen","1610612751","Brooklyn Nets",2019,"0021800804","20190206",0,7.85,FALSE
1628386,"Jarrett Allen","1610612751","Brooklyn Nets",2019,"0021800804","20190206",-0.3,6.75,TRUE
1628386,"Jarrett Allen","1610612751","Brooklyn Nets",2019,"0021800804","20190206",23.7,3.95,FALSE
1628386,"Jarrett Allen","1610612751","Brooklyn Nets",2019,"0021800820","20190208",-4.5,15.65,FALSE
1628386,"Jarrett Allen","1610612751","Brooklyn Nets",2019,"0021800820","20190208",-1.1,5.35,TRUE
1628386,"Jarrett Allen","1610612751","Brooklyn Nets",2019,"0021800820","20190208",-3.3,11.05,FALSE
1628386,"Jarrett Allen","1610612751","Brooklyn Nets",2019,"0021800820","20190208",-0.1,6.25,TRUE
1628386,"Jarrett Allen","1610612751","Brooklyn Nets",2019,"0021800820","20190208",-0.3,5.45,TRUE
1628386,"Jarrett Allen","1610612751","Brooklyn Nets",2019,"0021800820","20190208",-1.9,7.75,FALSE
1628386,"Jarrett Allen","1610612751","Brooklyn Nets",2019,"0021800820","20190208",0.8,6.85,FALSE
1628386,"Jarrett Allen","1610612751","Brooklyn Nets",2019,"0021800820","20190208",-0.2,6.05,TRUE
1628386,"Jarrett Allen","1610612751","Brooklyn Nets",2019,"0021800842","20190211",0.1,9.05,TRUE
1628386,"Jarrett Allen","1610612751","Brooklyn Nets",2019,"0021800842","20190211",-22.7,6.85,FALSE
1628386,"Jarrett Allen","1610612751","Brooklyn Nets",2019,"0021800842","20190211",-0.8,6.55,TRUE
1628386,"Jarrett Allen","1610612751","Brooklyn Nets",2019,"0021800842","20190211",0.1,6.55,FALSE
1628386,"Jarrett Allen","1610612751","Brooklyn Nets",2019,"0021800842","20190211",-0.3,14.45,FALSE
1628386,"Jarrett Allen","1610612751","Brooklyn Nets",2019,"0021800842","20190211",-0.6,6.05,TRUE
1628386,"Jarrett Allen","1610612751","Brooklyn Nets",2019,"0021800842","20190211",0.5,4.45,TRUE
1628386,"Jarrett Allen","1610612751","Brooklyn Nets",2019,"0021800842","20190211",1.6,4.85,TRUE
1628386,"Jarrett Allen","1610612751","Brooklyn Nets",2019,"0021800842","20190211",0.9,5.65,FALSE
1628386,"Jarrett Allen","1610612751","Brooklyn Nets",2019,"0021800842","20190211",-23.7,5.75,TRUE
1628386,"Jarrett Allen","1610612751","Brooklyn Nets",2019,"0021800853","20190213",0.7,5.65,TRUE
1628386,"Jarrett Allen","1610612751","Brooklyn Nets",2019,"0021800853","20190213",8.4,12.25,TRUE
1628386,"Jarrett Allen","1610612751","Brooklyn Nets",2019,"0021800853","20190213",0.1,5.75,TRUE
1628386,"Jarrett Allen","1610612751","Brooklyn Nets",2019,"0021800853","20190213",-1.3,5.85,TRUE
1628386,"Jarrett Allen","1610612751","Brooklyn Nets",2019,"0021800853","20190213",22.7,3.45,FALSE
1628386,"Jarrett Allen","1610612751","Brooklyn Nets",2019,"0021800853","20190213",-4.4,12.45,FALSE
1628386,"Jarrett Allen","1610612751","Brooklyn Nets",2019,"0021800853","20190213",-1.8,5.65,FALSE
1628386,"Jarrett Allen","1610612751","Brooklyn Nets",2019,"0021800853","20190213",-12.5,18.85,FALSE
1628386,"Jarrett Allen","1610612751","Brooklyn Nets",2019,"0021800853","20190213",-5.2,17.25,FALSE
1628386,"Jarrett Allen","1610612751","Brooklyn Nets",2019,"0021800853","20190213",-5.8,11.05,FALSE
1628386,"Jarrett Allen","1610612751","Brooklyn Nets",2019,"0021800853","20190213",-10.4,11.45,FALSE
1628386,"Jarrett Allen","1610612751","Brooklyn Nets",2019,"0021800869","20190221",-2.4,7.25,TRUE
1628386,"Jarrett Allen","1610612751","Brooklyn Nets",2019,"0021800869","20190221",-0.9,5.15,TRUE
1628386,"Jarrett Allen","1610612751","Brooklyn Nets",2019,"0021800869","20190221",-0.7,9.85,FALSE
1628386,"Jarrett Allen","1610612751","Brooklyn Nets",2019,"0021800869","20190221",-0.8,6.35,FALSE
1628386,"Jarrett Allen","1610612751","Brooklyn Nets",2019,"0021800869","20190221",4,9.35,FALSE
1628386,"Jarrett Allen","1610612751","Brooklyn Nets",2019,"0021800869","20190221",1.3,6.25,TRUE
1628386,"Jarrett Allen","1610612751","Brooklyn Nets",2019,"0021800869","20190221",-1.3,5.95,TRUE
1628386,"Jarrett Allen","1610612751","Brooklyn Nets",2019,"0021800884","20190223",2,6.45,TRUE
1628386,"Jarrett Allen","1610612751","Brooklyn Nets",2019,"0021800884","20190223",-0.4,5.95,TRUE
1628386,"Jarrett Allen","1610612751","Brooklyn Nets",2019,"0021800884","20190223",0.7,6.45,TRUE
1628386,"Jarrett Allen","1610612751","Brooklyn Nets",2019,"0021800884","20190223",22.8,6.95,FALSE
1628386,"Jarrett Allen","1610612751","Brooklyn Nets",2019,"0021800884","20190223",0.5,6.25,FALSE
1628386,"Jarrett Allen","1610612751","Brooklyn Nets",2019,"0021800884","20190223",1.5,6.55,FALSE
1628386,"Jarrett Allen","1610612751","Brooklyn Nets",2019,"0021800884","20190223",-1.3,6.15,TRUE
1628386,"Jarrett Allen","1610612751","Brooklyn Nets",2019,"0021800884","20190223",-24,7.45,FALSE
1628386,"Jarrett Allen","1610612751","Brooklyn Nets",2019,"0021800900","20190225",0,5.75,TRUE
1628386,"Jarrett Allen","1610612751","Brooklyn Nets",2019,"0021800900","20190225",-0.9,5.85,TRUE
1628386,"Jarrett Allen","1610612751","Brooklyn Nets",2019,"0021800900","20190225",0.6,6.25,TRUE
1628386,"Jarrett Allen","1610612751","Brooklyn Nets",2019,"0021800900","20190225",-0.5,6.65,TRUE
1628386,"Jarrett Allen","1610612751","Brooklyn Nets",2019,"0021800914","20190227",-3.1,7.25,FALSE
1628386,"Jarrett Allen","1610612751","Brooklyn Nets",2019,"0021800914","20190227",-1.4,6.85,TRUE
1628386,"Jarrett Allen","1610612751","Brooklyn Nets",2019,"0021800914","20190227",0.6,6.05,TRUE
1628386,"Jarrett Allen","1610612751","Brooklyn Nets",2019,"0021800914","20190227",-0.5,6.35,TRUE
1628386,"Jarrett Allen","1610612751","Brooklyn Nets",2019,"0021800914","20190227",0.1,7.05,TRUE
1628386,"Jarrett Allen","1610612751","Brooklyn Nets",2019,"0021800914","20190227",0.5,6.05,TRUE
1628386,"Jarrett Allen","1610612751","Brooklyn Nets",2019,"0021800914","20190227",22,5.65,FALSE
1628386,"Jarrett Allen","1610612751","Brooklyn Nets",2019,"0021800914","20190227",-1.1,4.85,TRUE
1628386,"Jarrett Allen","1610612751","Brooklyn Nets",2019,"0021800914","20190227",-2.8,5.35,FALSE
1628386,"Jarrett Allen","1610612751","Brooklyn Nets",2019,"0021800929","20190301",-0.3,6.35,TRUE
1628386,"Jarrett Allen","1610612751","Brooklyn Nets",2019,"0021800929","20190301",-1.1,5.75,FALSE
1628386,"Jarrett Allen","1610612751","Brooklyn Nets",2019,"0021800929","20190301",0,6.95,TRUE
1628386,"Jarrett Allen","1610612751","Brooklyn Nets",2019,"0021800929","20190301",0.1,5.85,TRUE
1628386,"Jarrett Allen","1610612751","Brooklyn Nets",2019,"0021800929","20190301",-1.9,6.15,TRUE
1628386,"Jarrett Allen","1610612751","Brooklyn Nets",2019,"0021800937","20190302",-23.9,6.75,FALSE
1628386,"Jarrett Allen","1610612751","Brooklyn Nets",2019,"0021800937","20190302",1,5.75,TRUE
1628386,"Jarrett Allen","1610612751","Brooklyn Nets",2019,"0021800937","20190302",-1.4,6.05,TRUE
1628386,"Jarrett Allen","1610612751","Brooklyn Nets",2019,"0021800937","20190302",0.8,6.85,FALSE
1628386,"Jarrett Allen","1610612751","Brooklyn Nets",2019,"0021800937","20190302",1.2,5.95,FALSE
1628386,"Jarrett Allen","1610612751","Brooklyn Nets",2019,"0021800937","20190302",-0.9,6.75,TRUE
1628386,"Jarrett Allen","1610612751","Brooklyn Nets",2019,"0021800952","20190304",0.8,6.35,TRUE
1628386,"Jarrett Allen","1610612751","Brooklyn Nets",2019,"0021800952","20190304",1.1,6.35,TRUE
1628386,"Jarrett Allen","1610612751","Brooklyn Nets",2019,"0021800952","20190304",-0.3,6.35,TRUE
1628386,"Jarrett Allen","1610612751","Brooklyn Nets",2019,"0021800952","20190304",23.1,5.65,FALSE
1628386,"Jarrett Allen","1610612751","Brooklyn Nets",2019,"0021800952","20190304",-0.6,6.15,TRUE
1628386,"Jarrett Allen","1610612751","Brooklyn Nets",2019,"0021800969","20190306",-0.5,7.25,TRUE
1628386,"Jarrett Allen","1610612751","Brooklyn Nets",2019,"0021800969","20190306",-0.8,4.15,TRUE
1628386,"Jarrett Allen","1610612751","Brooklyn Nets",2019,"0021800969","20190306",-0.2,5.55,TRUE
1628386,"Jarrett Allen","1610612751","Brooklyn Nets",2019,"0021800969","20190306",-0.6,6.55,TRUE
1628386,"Jarrett Allen","1610612751","Brooklyn Nets",2019,"0021800969","20190306",-1.1,6.55,FALSE
1628386,"Jarrett Allen","1610612751","Brooklyn Nets",2019,"0021800969","20190306",-0.9,6.55,TRUE
1628386,"Jarrett Allen","1610612751","Brooklyn Nets",2019,"0021800969","20190306",1.1,5.95,TRUE
1628386,"Jarrett Allen","1610612751","Brooklyn Nets",2019,"0021800987","20190309",-0.2,5.65,TRUE
1628386,"Jarrett Allen","1610612751","Brooklyn Nets",2019,"0021800987","20190309",-0.2,6.35,TRUE
1628386,"Jarrett Allen","1610612751","Brooklyn Nets",2019,"0021800987","20190309",-0.3,6.75,FALSE
1628386,"Jarrett Allen","1610612751","Brooklyn Nets",2019,"0021800987","20190309",-0.7,6.05,TRUE
1628386,"Jarrett Allen","1610612751","Brooklyn Nets",2019,"0021800987","20190309",0,6.65,TRUE
1628386,"Jarrett Allen","1610612751","Brooklyn Nets",2019,"0021800987","20190309",0,8.25,TRUE
1628386,"Jarrett Allen","1610612751","Brooklyn Nets",2019,"0021801003","20190311",-0.3,6.35,TRUE
1628386,"Jarrett Allen","1610612751","Brooklyn Nets",2019,"0021801003","20190311",0.1,6.05,TRUE
1628386,"Jarrett Allen","1610612751","Brooklyn Nets",2019,"0021801003","20190311",-0.9,6.65,TRUE
1628386,"Jarrett Allen","1610612751","Brooklyn Nets",2019,"0021801003","20190311",2.7,5.65,FALSE
1628386,"Jarrett Allen","1610612751","Brooklyn Nets",2019,"0021801003","20190311",-0.8,7.95,TRUE
1628386,"Jarrett Allen","1610612751","Brooklyn Nets",2019,"0021801003","20190311",0.3,6.25,TRUE
1628386,"Jarrett Allen","1610612751","Brooklyn Nets",2019,"0021801017","20190313",-0.9,5.85,TRUE
1628386,"Jarrett Allen","1610612751","Brooklyn Nets",2019,"0021801017","20190313",0.5,5.85,TRUE
1628386,"Jarrett Allen","1610612751","Brooklyn Nets",2019,"0021801017","20190313",-0.1,6.85,TRUE
1628386,"Jarrett Allen","1610612751","Brooklyn Nets",2019,"0021801017","20190313",0.3,6.95,FALSE
1628386,"Jarrett Allen","1610612751","Brooklyn Nets",2019,"0021801041","20190316",-22.9,4.55,FALSE
1628386,"Jarrett Allen","1610612751","Brooklyn Nets",2019,"0021801049","20190317",1.1,5.35,TRUE
1628386,"Jarrett Allen","1610612751","Brooklyn Nets",2019,"0021801049","20190317",-0.3,7.45,TRUE
1628386,"Jarrett Allen","1610612751","Brooklyn Nets",2019,"0021801049","20190317",-1.4,10.35,FALSE
1628386,"Jarrett Allen","1610612751","Brooklyn Nets",2019,"0021801049","20190317",0.9,6.55,FALSE
1628386,"Jarrett Allen","1610612751","Brooklyn Nets",2019,"0021801049","20190317",0.7,4.95,TRUE
1628386,"Jarrett Allen","1610612751","Brooklyn Nets",2019,"0021801049","20190317",-1.1,7.75,FALSE
1628386,"Jarrett Allen","1610612751","Brooklyn Nets",2019,"0021801049","20190317",-0.3,6.95,TRUE
1628386,"Jarrett Allen","1610612751","Brooklyn Nets",2019,"0021801049","20190317",0,12.15,FALSE
1628386,"Jarrett Allen","1610612751","Brooklyn Nets",2019,"0021801049","20190317",-0.9,6.95,FALSE
1628386,"Jarrett Allen","1610612751","Brooklyn Nets",2019,"0021801049","20190317",-0.4,6.55,TRUE
1628386,"Jarrett Allen","1610612751","Brooklyn Nets",2019,"0021801063","20190319",2.4,9.05,FALSE
1628386,"Jarrett Allen","1610612751","Brooklyn Nets",2019,"0021801063","20190319",0,4.65,FALSE
1628386,"Jarrett Allen","1610612751","Brooklyn Nets",2019,"0021801063","20190319",-3.4,7.35,FALSE
1628386,"Jarrett Allen","1610612751","Brooklyn Nets",2019,"0021801063","20190319",-0.3,5.65,TRUE
1628386,"Jarrett Allen","1610612751","Brooklyn Nets",2019,"0021801063","20190319",-0.6,6.75,TRUE
1628386,"Jarrett Allen","1610612751","Brooklyn Nets",2019,"0021801063","20190319",-2,5.65,TRUE
1628386,"Jarrett Allen","1610612751","Brooklyn Nets",2019,"0021801063","20190319",0.1,6.25,TRUE
1628386,"Jarrett Allen","1610612751","Brooklyn Nets",2019,"0021801063","20190319",-2,9.95,TRUE
1628386,"Jarrett Allen","1610612751","Brooklyn Nets",2019,"0021801086","20190322",-0.8,6.95,TRUE
1628386,"Jarrett Allen","1610612751","Brooklyn Nets",2019,"0021801086","20190322",0,4.65,TRUE
1628386,"Jarrett Allen","1610612751","Brooklyn Nets",2019,"0021801086","20190322",1.1,5.75,FALSE
1628386,"Jarrett Allen","1610612751","Brooklyn Nets",2019,"0021801086","20190322",-0.7,6.85,TRUE
1628386,"Jarrett Allen","1610612751","Brooklyn Nets",2019,"0021801086","20190322",0.5,7.65,FALSE
1628386,"Jarrett Allen","1610612751","Brooklyn Nets",2019,"0021801086","20190322",1.1,5.95,TRUE
1628386,"Jarrett Allen","1610612751","Brooklyn Nets",2019,"0021801086","20190322",0.5,14.85,FALSE
1628386,"Jarrett Allen","1610612751","Brooklyn Nets",2019,"0021801106","20190325",2.5,6.25,FALSE
1628386,"Jarrett Allen","1610612751","Brooklyn Nets",2019,"0021801106","20190325",3,5.35,FALSE
1628386,"Jarrett Allen","1610612751","Brooklyn Nets",2019,"0021801106","20190325",-3,6.05,FALSE
1628386,"Jarrett Allen","1610612751","Brooklyn Nets",2019,"0021801106","20190325",1.6,4.85,FALSE
1628386,"Jarrett Allen","1610612751","Brooklyn Nets",2019,"0021801106","20190325",-0.2,5.25,TRUE
1628386,"Jarrett Allen","1610612751","Brooklyn Nets",2019,"0021801106","20190325",1.1,5.75,FALSE
1628386,"Jarrett Allen","1610612751","Brooklyn Nets",2019,"0021801106","20190325",0,4.85,TRUE
1628386,"Jarrett Allen","1610612751","Brooklyn Nets",2019,"0021801106","20190325",-0.1,5.05,TRUE
1628386,"Jarrett Allen","1610612751","Brooklyn Nets",2019,"0021801123","20190328",-0.3,6.55,TRUE
1628386,"Jarrett Allen","1610612751","Brooklyn Nets",2019,"0021801123","20190328",0,4.65,FALSE
1628386,"Jarrett Allen","1610612751","Brooklyn Nets",2019,"0021801123","20190328",0,8.15,TRUE
1628386,"Jarrett Allen","1610612751","Brooklyn Nets",2019,"0021801137","20190330",-0.3,9.75,FALSE
1628386,"Jarrett Allen","1610612751","Brooklyn Nets",2019,"0021801137","20190330",-1.4,5.95,TRUE
1628386,"Jarrett Allen","1610612751","Brooklyn Nets",2019,"0021801137","20190330",1.8,4.75,TRUE
1628386,"Jarrett Allen","1610612751","Brooklyn Nets",2019,"0021801154","20190401",21.8,4.25,FALSE
1628386,"Jarrett Allen","1610612751","Brooklyn Nets",2019,"0021801154","20190401",-1.2,7.25,FALSE
1628386,"Jarrett Allen","1610612751","Brooklyn Nets",2019,"0021801154","20190401",-1.6,7.55,TRUE
1628386,"Jarrett Allen","1610612751","Brooklyn Nets",2019,"0021801154","20190401",-1.1,5.75,TRUE
1628386,"Jarrett Allen","1610612751","Brooklyn Nets",2019,"0021801154","20190401",-1.4,6.55,TRUE
1628386,"Jarrett Allen","1610612751","Brooklyn Nets",2019,"0021801154","20190401",-4.7,5.75,FALSE
1628386,"Jarrett Allen","1610612751","Brooklyn Nets",2019,"0021801154","20190401",0,4.65,TRUE
1628386,"Jarrett Allen","1610612751","Brooklyn Nets",2019,"0021801169","20190403",-1,6.95,TRUE
1628386,"Jarrett Allen","1610612751","Brooklyn Nets",2019,"0021801169","20190403",0,4.65,TRUE
1628386,"Jarrett Allen","1610612751","Brooklyn Nets",2019,"0021801169","20190403",0.6,5.75,TRUE
1628386,"Jarrett Allen","1610612751","Brooklyn Nets",2019,"0021801169","20190403",0.9,6.25,TRUE
1628386,"Jarrett Allen","1610612751","Brooklyn Nets",2019,"0021801169","20190403",-3.4,13.25,TRUE
1628386,"Jarrett Allen","1610612751","Brooklyn Nets",2019,"0021801169","20190403",-0.9,5.75,TRUE
1628386,"Jarrett Allen","1610612751","Brooklyn Nets",2019,"0021801193","20190406",-1.4,6.85,TRUE
1628386,"Jarrett Allen","1610612751","Brooklyn Nets",2019,"0021801193","20190406",-3.4,10.05,TRUE
1628386,"Jarrett Allen","1610612751","Brooklyn Nets",2019,"0021801193","20190406",1.6,5.95,TRUE
1628386,"Jarrett Allen","1610612751","Brooklyn Nets",2019,"0021801193","20190406",2.8,7.45,TRUE
1628386,"Jarrett Allen","1610612751","Brooklyn Nets",2019,"0021801199","20190407",0.1,5.85,FALSE
1628386,"Jarrett Allen","1610612751","Brooklyn Nets",2019,"0021801199","20190407",4.5,11.55,FALSE
1628386,"Jarrett Allen","1610612751","Brooklyn Nets",2019,"0021801199","20190407",0,4.65,TRUE
1628386,"Jarrett Allen","1610612751","Brooklyn Nets",2019,"0021801199","20190407",1.1,7.05,FALSE
1628386,"Jarrett Allen","1610612751","Brooklyn Nets",2019,"0021801199","20190407",-22.6,5.95,FALSE
1628386,"Jarrett Allen","1610612751","Brooklyn Nets",2019,"0021801199","20190407",-0.6,7.25,TRUE
1628386,"Jarrett Allen","1610612751","Brooklyn Nets",2019,"0021801199","20190407",-7.1,8.15,TRUE
1628386,"Jarrett Allen","1610612751","Brooklyn Nets",2019,"0021801199","20190407",-0.1,8.15,TRUE
1628386,"Jarrett Allen","1610612751","Brooklyn Nets",2019,"0021801199","20190407",-0.8,13.05,TRUE
1628386,"Jarrett Allen","1610612751","Brooklyn Nets",2019,"0021801199","20190407",0.3,6.25,TRUE
1628386,"Jarrett Allen","1610612751","Brooklyn Nets",2019,"0021801221","20190410",-0.3,6.45,FALSE
1628386,"Jarrett Allen","1610612751","Brooklyn Nets",2019,"0021801221","20190410",-0.8,7.55,FALSE
1628386,"Jarrett Allen","1610612751","Brooklyn Nets",2019,"0021801221","20190410",0.3,5.95,FALSE
1628386,"Jarrett Allen","1610612751","Brooklyn Nets",2019,"0021801221","20190410",-0.9,5.65,FALSE
1628386,"Jarrett Allen","1610612751","Brooklyn Nets",2020,"0021900006","20191023",-1.1,4.85,FALSE
1628386,"Jarrett Allen","1610612751","Brooklyn Nets",2020,"0021900006","20191023",3.6,6.55,FALSE
1628386,"Jarrett Allen","1610612751","Brooklyn Nets",2020,"0021900006","20191023",2,5.85,TRUE
1628386,"Jarrett Allen","1610612751","Brooklyn Nets",2020,"0021900006","20191023",2.7,9.95,FALSE
1628386,"Jarrett Allen","1610612751","Brooklyn Nets",2020,"0021900006","20191023",-0.8,7.05,TRUE
1628386,"Jarrett Allen","1610612751","Brooklyn Nets",2020,"0021900006","20191023",-0.6,8.15,TRUE
1628386,"Jarrett Allen","1610612751","Brooklyn Nets",2020,"0021900019","20191025",1.1,8.45,TRUE
1628386,"Jarrett Allen","1610612751","Brooklyn Nets",2020,"0021900019","20191025",0,4.65,FALSE
1628386,"Jarrett Allen","1610612751","Brooklyn Nets",2020,"0021900019","20191025",0.1,7.95,FALSE
1628386,"Jarrett Allen","1610612751","Brooklyn Nets",2020,"0021900019","20191025",3.3,6.65,FALSE
1628386,"Jarrett Allen","1610612751","Brooklyn Nets",2020,"0021900019","20191025",-2.2,7.65,TRUE
1628386,"Jarrett Allen","1610612751","Brooklyn Nets",2020,"0021900019","20191025",0,4.65,FALSE
1628386,"Jarrett Allen","1610612751","Brooklyn Nets",2020,"0021900037","20191027",-0.5,5.65,TRUE
1628386,"Jarrett Allen","1610612751","Brooklyn Nets",2020,"0021900037","20191027",-0.3,7.35,FALSE
1628386,"Jarrett Allen","1610612751","Brooklyn Nets",2020,"0021900037","20191027",0.8,6.85,TRUE
1628386,"Jarrett Allen","1610612751","Brooklyn Nets",2020,"0021900037","20191027",0,5.45,TRUE
1628386,"Jarrett Allen","1610612751","Brooklyn Nets",2020,"0021900037","20191027",0.1,5.75,TRUE
1628386,"Jarrett Allen","1610612751","Brooklyn Nets",2020,"0021900037","20191027",0.8,5.45,TRUE
1628386,"Jarrett Allen","1610612751","Brooklyn Nets",2020,"0021900059","20191030",2.2,6.25,TRUE
1628386,"Jarrett Allen","1610612751","Brooklyn Nets",2020,"0021900059","20191030",-0.2,6.05,TRUE
1628386,"Jarrett Allen","1610612751","Brooklyn Nets",2020,"0021900059","20191030",-0.2,6.25,FALSE
1628386,"Jarrett Allen","1610612751","Brooklyn Nets",2020,"0021900059","20191030",0.5,6.35,TRUE
1628386,"Jarrett Allen","1610612751","Brooklyn Nets",2020,"0021900059","20191030",0,4.65,FALSE
1628386,"Jarrett Allen","1610612751","Brooklyn Nets",2020,"0021900069","20191101",0.7,7.35,TRUE
1628386,"Jarrett Allen","1610612751","Brooklyn Nets",2020,"0021900069","20191101",-1.1,5.55,TRUE
1628386,"Jarrett Allen","1610612751","Brooklyn Nets",2020,"0021900069","20191101",0,5.75,TRUE
1628386,"Jarrett Allen","1610612751","Brooklyn Nets",2020,"0021900078","20191102",-4.2,8.15,FALSE
1628386,"Jarrett Allen","1610612751","Brooklyn Nets",2020,"0021900078","20191102",-0.5,7.75,FALSE
1628386,"Jarrett Allen","1610612751","Brooklyn Nets",2020,"0021900078","20191102",2.5,7.35,TRUE
1628386,"Jarrett Allen","1610612751","Brooklyn Nets",2020,"0021900078","20191102",-2.1,6.85,TRUE
1628386,"Jarrett Allen","1610612751","Brooklyn Nets",2020,"0021900078","20191102",-0.2,8.05,FALSE
1628386,"Jarrett Allen","1610612751","Brooklyn Nets",2020,"0021900078","20191102",-1,8.45,TRUE
1628386,"Jarrett Allen","1610612751","Brooklyn Nets",2020,"0021900078","20191102",-6.1,8.45,FALSE
1628386,"Jarrett Allen","1610612751","Brooklyn Nets",2020,"0021900092","20191104",0.1,7.45,TRUE
1628386,"Jarrett Allen","1610612751","Brooklyn Nets",2020,"0021900092","20191104",-3.3,6.95,FALSE
1628386,"Jarrett Allen","1610612751","Brooklyn Nets",2020,"0021900092","20191104",0,6.45,TRUE
1628386,"Jarrett Allen","1610612751","Brooklyn Nets",2020,"0021900092","20191104",0.8,7.45,TRUE
1628386,"Jarrett Allen","1610612751","Brooklyn Nets",2020,"0021900092","20191104",-0.5,10.75,TRUE
1628386,"Jarrett Allen","1610612751","Brooklyn Nets",2020,"0021900092","20191104",-0.5,8.45,TRUE
1628386,"Jarrett Allen","1610612751","Brooklyn Nets",2020,"0021900092","20191104",0.4,7.95,TRUE
1628386,"Jarrett Allen","1610612751","Brooklyn Nets",2020,"0021900092","20191104",0,4.65,TRUE
1628386,"Jarrett Allen","1610612751","Brooklyn Nets",2020,"0021900125","20191108",-1.3,9.55,FALSE
1628386,"Jarrett Allen","1610612751","Brooklyn Nets",2020,"0021900125","20191108",0,4.65,TRUE
1628386,"Jarrett Allen","1610612751","Brooklyn Nets",2020,"0021900125","20191108",-1.8,9.45,FALSE
1628386,"Jarrett Allen","1610612751","Brooklyn Nets",2020,"0021900125","20191108",-0.2,5.75,TRUE
1628386,"Jarrett Allen","1610612751","Brooklyn Nets",2020,"0021900125","20191108",-0.8,15.75,FALSE
1628386,"Jarrett Allen","1610612751","Brooklyn Nets",2020,"0021900125","20191108",-0.3,6.15,TRUE
1628386,"Jarrett Allen","1610612751","Brooklyn Nets",2020,"0021900125","20191108",-0.3,5.15,FALSE
1628386,"Jarrett Allen","1610612751","Brooklyn Nets",2020,"0021900125","20191108",-1.7,6.15,TRUE
1628386,"Jarrett Allen","1610612751","Brooklyn Nets",2020,"0021900137","20191110",0.8,6.25,FALSE
1628386,"Jarrett Allen","1610612751","Brooklyn Nets",2020,"0021900137","20191110",-0.3,6.85,TRUE
1628386,"Jarrett Allen","1610612751","Brooklyn Nets",2020,"0021900152","20191112",-0.4,9.95,FALSE
1628386,"Jarrett Allen","1610612751","Brooklyn Nets",2020,"0021900152","20191112",0,4.65,TRUE
1628386,"Jarrett Allen","1610612751","Brooklyn Nets",2020,"0021900166","20191114",1.7,6.95,TRUE
1628386,"Jarrett Allen","1610612751","Brooklyn Nets",2020,"0021900166","20191114",-0.3,6.25,TRUE
1628386,"Jarrett Allen","1610612751","Brooklyn Nets",2020,"0021900166","20191114",-1.3,6.35,TRUE
1628386,"Jarrett Allen","1610612751","Brooklyn Nets",2020,"0021900166","20191114",1.1,8.15,TRUE
1628386,"Jarrett Allen","1610612751","Brooklyn Nets",2020,"0021900166","20191114",-0.6,6.25,FALSE
1628386,"Jarrett Allen","1610612751","Brooklyn Nets",2020,"0021900166","20191114",1.8,5.25,TRUE
1628386,"Jarrett Allen","1610612751","Brooklyn Nets",2020,"0021900166","20191114",4.2,7.95,FALSE
1628386,"Jarrett Allen","1610612751","Brooklyn Nets",2020,"0021900166","20191114",22.2,5.05,FALSE
1628386,"Jarrett Allen","1610612751","Brooklyn Nets",2020,"0021900166","20191114",-0.6,5.85,TRUE
1628386,"Jarrett Allen","1610612751","Brooklyn Nets",2020,"0021900166","20191114",0.3,5.85,TRUE
1628386,"Jarrett Allen","1610612751","Brooklyn Nets",2020,"0021900175","20191116",0.3,5.85,TRUE
1628386,"Jarrett Allen","1610612751","Brooklyn Nets",2020,"0021900175","20191116",1.8,6.05,TRUE
1628386,"Jarrett Allen","1610612751","Brooklyn Nets",2020,"0021900175","20191116",-0.2,6.15,TRUE
1628386,"Jarrett Allen","1610612751","Brooklyn Nets",2020,"0021900175","20191116",0.2,9.95,TRUE
1628386,"Jarrett Allen","1610612751","Brooklyn Nets",2020,"0021900175","20191116",1.9,5.85,TRUE
1628386,"Jarrett Allen","1610612751","Brooklyn Nets",2020,"0021900190","20191118",-1.4,5.65,FALSE
1628386,"Jarrett Allen","1610612751","Brooklyn Nets",2020,"0021900190","20191118",-0.5,5.75,TRUE
1628386,"Jarrett Allen","1610612751","Brooklyn Nets",2020,"0021900190","20191118",-0.8,7.35,TRUE
1628386,"Jarrett Allen","1610612751","Brooklyn Nets",2020,"0021900190","20191118",0,5.95,TRUE
1628386,"Jarrett Allen","1610612751","Brooklyn Nets",2020,"0021900190","20191118",-0.5,8.15,FALSE
1628386,"Jarrett Allen","1610612751","Brooklyn Nets",2020,"0021900190","20191118",1.4,6.45,TRUE
1628386,"Jarrett Allen","1610612751","Brooklyn Nets",2020,"0021900190","20191118",-0.8,6.55,FALSE
1628386,"Jarrett Allen","1610612751","Brooklyn Nets",2020,"0021900205","20191120",0.3,8.95,FALSE
1628386,"Jarrett Allen","1610612751","Brooklyn Nets",2020,"0021900205","20191120",0.5,6.85,TRUE
1628386,"Jarrett Allen","1610612751","Brooklyn Nets",2020,"0021900205","20191120",0,6.35,TRUE
1628386,"Jarrett Allen","1610612751","Brooklyn Nets",2020,"0021900205","20191120",0,5.75,TRUE
1628386,"Jarrett Allen","1610612751","Brooklyn Nets",2020,"0021900205","20191120",-0.4,7.45,FALSE
1628386,"Jarrett Allen","1610612751","Brooklyn Nets",2020,"0021900205","20191120",0,4.65,TRUE
1628386,"Jarrett Allen","1610612751","Brooklyn Nets",2020,"0021900205","20191120",0,5.25,TRUE
1628386,"Jarrett Allen","1610612751","Brooklyn Nets",2020,"0021900205","20191120",-0.7,6.25,TRUE
1628386,"Jarrett Allen","1610612751","Brooklyn Nets",2020,"0021900205","20191120",0,4.65,TRUE
1628386,"Jarrett Allen","1610612751","Brooklyn Nets",2020,"0021900205","20191120",0,4.65,FALSE
1628386,"Jarrett Allen","1610612751","Brooklyn Nets",2020,"0021900205","20191120",-2.3,5.55,TRUE
1628386,"Jarrett Allen","1610612751","Brooklyn Nets",2020,"0021900205","20191120",0,4.65,TRUE
1628386,"Jarrett Allen","1610612751","Brooklyn Nets",2020,"0021900217","20191122",-0.5,5.95,TRUE
1628386,"Jarrett Allen","1610612751","Brooklyn Nets",2020,"0021900217","20191122",0.2,6.05,TRUE
1628386,"Jarrett Allen","1610612751","Brooklyn Nets",2020,"0021900217","20191122",0,11.05,FALSE
1628386,"Jarrett Allen","1610612751","Brooklyn Nets",2020,"0021900217","20191122",0.9,5.65,TRUE
1628386,"Jarrett Allen","1610612751","Brooklyn Nets",2020,"0021900217","20191122",0.8,6.15,TRUE
1628386,"Jarrett Allen","1610612751","Brooklyn Nets",2020,"0021900217","20191122",0,6.25,TRUE
1628386,"Jarrett Allen","1610612751","Brooklyn Nets",2020,"0021900236","20191124",0.6,5.35,TRUE
1628386,"Jarrett Allen","1610612751","Brooklyn Nets",2020,"0021900236","20191124",0.2,6.25,TRUE
1628386,"Jarrett Allen","1610612751","Brooklyn Nets",2020,"0021900236","20191124",0.5,5.15,TRUE
1628386,"Jarrett Allen","1610612751","Brooklyn Nets",2020,"0021900236","20191124",1.1,5.15,TRUE
1628386,"Jarrett Allen","1610612751","Brooklyn Nets",2020,"0021900236","20191124",4.3,10.45,FALSE
1628386,"Jarrett Allen","1610612751","Brooklyn Nets",2020,"0021900236","20191124",0.4,5.05,TRUE
1628386,"Jarrett Allen","1610612751","Brooklyn Nets",2020,"0021900236","20191124",-0.9,7.45,FALSE
1628386,"Jarrett Allen","1610612751","Brooklyn Nets",2020,"0021900236","20191124",0,4.65,FALSE
1628386,"Jarrett Allen","1610612751","Brooklyn Nets",2020,"0021900236","20191124",-0.1,5.85,FALSE
1628386,"Jarrett Allen","1610612751","Brooklyn Nets",2020,"0021900240","20191125",0.9,5.35,TRUE
1628386,"Jarrett Allen","1610612751","Brooklyn Nets",2020,"0021900240","20191125",0,4.65,TRUE
1628386,"Jarrett Allen","1610612751","Brooklyn Nets",2020,"0021900240","20191125",8.9,10.55,FALSE
1628386,"Jarrett Allen","1610612751","Brooklyn Nets",2020,"0021900240","20191125",0.9,4.75,TRUE
1628386,"Jarrett Allen","1610612751","Brooklyn Nets",2020,"0021900240","20191125",-0.2,6.35,TRUE
1628386,"Jarrett Allen","1610612751","Brooklyn Nets",2020,"0021900240","20191125",-0.3,5.55,TRUE
1628386,"Jarrett Allen","1610612751","Brooklyn Nets",2020,"0021900240","20191125",0,4.65,TRUE
1628386,"Jarrett Allen","1610612751","Brooklyn Nets",2020,"0021900240","20191125",-0.5,4.85,TRUE
1628386,"Jarrett Allen","1610612751","Brooklyn Nets",2020,"0021900240","20191125",0,4.65,TRUE
1628386,"Jarrett Allen","1610612751","Brooklyn Nets",2020,"0021900240","20191125",-0.9,5.85,TRUE
1628386,"Jarrett Allen","1610612751","Brooklyn Nets",2020,"0021900253","20191127",1.7,6.25,TRUE
1628386,"Jarrett Allen","1610612751","Brooklyn Nets",2020,"0021900253","20191127",-3.5,11.25,FALSE
1628386,"Jarrett Allen","1610612751","Brooklyn Nets",2020,"0021900253","20191127",1.9,7.45,TRUE
1628386,"Jarrett Allen","1610612751","Brooklyn Nets",2020,"0021900253","20191127",-0.4,5.25,TRUE
1628386,"Jarrett Allen","1610612751","Brooklyn Nets",2020,"0021900253","20191127",1.1,6.05,TRUE
1628386,"Jarrett Allen","1610612751","Brooklyn Nets",2020,"0021900253","20191127",-2.3,7.25,TRUE
1628386,"Jarrett Allen","1610612751","Brooklyn Nets",2020,"0021900253","20191127",0.5,7.25,TRUE
1628386,"Jarrett Allen","1610612751","Brooklyn Nets",2020,"0021900253","20191127",0.5,8.45,FALSE
1628386,"Jarrett Allen","1610612751","Brooklyn Nets",2020,"0021900267","20191129",-1.8,7.25,TRUE
1628386,"Jarrett Allen","1610612751","Brooklyn Nets",2020,"0021900267","20191129",-0.1,6.75,TRUE
1628386,"Jarrett Allen","1610612751","Brooklyn Nets",2020,"0021900267","20191129",0,4.65,FALSE
1628386,"Jarrett Allen","1610612751","Brooklyn Nets",2020,"0021900267","20191129",1.5,11.15,FALSE
1628386,"Jarrett Allen","1610612751","Brooklyn Nets",2020,"0021900267","20191129",-0.3,6.65,TRUE
1628386,"Jarrett Allen","1610612751","Brooklyn Nets",2020,"0021900267","20191129",4.6,16.15,FALSE
1628386,"Jarrett Allen","1610612751","Brooklyn Nets",2020,"0021900267","20191129",4.4,8.85,FALSE
1628386,"Jarrett Allen","1610612751","Brooklyn Nets",2020,"0021900267","20191129",0.5,5.75,TRUE
1628386,"Jarrett Allen","1610612751","Brooklyn Nets",2020,"0021900267","20191129",0,6.35,TRUE
1628386,"Jarrett Allen","1610612751","Brooklyn Nets",2020,"0021900267","20191129",-0.4,6.75,TRUE
1628386,"Jarrett Allen","1610612751","Brooklyn Nets",2020,"0021900267","20191129",1.6,10.65,FALSE
1628386,"Jarrett Allen","1610612751","Brooklyn Nets",2020,"0021900267","20191129",0.5,5.45,TRUE
1628386,"Jarrett Allen","1610612751","Brooklyn Nets",2020,"0021900284","20191201",-3.1,6.85,FALSE
1628386,"Jarrett Allen","1610612751","Brooklyn Nets",2020,"0021900284","20191201",0,4.65,TRUE
1628386,"Jarrett Allen","1610612751","Brooklyn Nets",2020,"0021900284","20191201",0,4.65,FALSE
1628386,"Jarrett Allen","1610612751","Brooklyn Nets",2020,"0021900309","20191204",0.7,14.95,TRUE
1628386,"Jarrett Allen","1610612751","Brooklyn Nets",2020,"0021900309","20191204",-0.3,7.05,FALSE
1628386,"Jarrett Allen","1610612751","Brooklyn Nets",2020,"0021900309","20191204",0,4.65,TRUE
1628386,"Jarrett Allen","1610612751","Brooklyn Nets",2020,"0021900309","20191204",0.7,6.05,TRUE
1628386,"Jarrett Allen","1610612751","Brooklyn Nets",2020,"0021900309","20191204",4,14.05,FALSE
1628386,"Jarrett Allen","1610612751","Brooklyn Nets",2020,"0021900309","20191204",0,4.65,FALSE
1628386,"Jarrett Allen","1610612751","Brooklyn Nets",2020,"0021900309","20191204",-0.3,6.35,TRUE
1628386,"Jarrett Allen","1610612751","Brooklyn Nets",2020,"0021900309","20191204",0.3,6.25,TRUE
1628386,"Jarrett Allen","1610612751","Brooklyn Nets",2020,"0021900309","20191204",0.3,5.15,TRUE
1628386,"Jarrett Allen","1610612751","Brooklyn Nets",2020,"0021900309","20191204",0.4,6.05,TRUE
1628386,"Jarrett Allen","1610612751","Brooklyn Nets",2020,"0021900309","20191204",-9.9,7.45,TRUE
1628386,"Jarrett Allen","1610612751","Brooklyn Nets",2020,"0021900320","20191206",-4.7,5.25,FALSE
1628386,"Jarrett Allen","1610612751","Brooklyn Nets",2020,"0021900320","20191206",-1,6.85,TRUE
1628386,"Jarrett Allen","1610612751","Brooklyn Nets",2020,"0021900320","20191206",-2.6,8.55,FALSE
1628386,"Jarrett Allen","1610612751","Brooklyn Nets",2020,"0021900320","20191206",1.4,6.25,TRUE
1628386,"Jarrett Allen","1610612751","Brooklyn Nets",2020,"0021900320","20191206",-0.5,7.05,TRUE
1628386,"Jarrett Allen","1610612751","Brooklyn Nets",2020,"0021900320","20191206",-0.6,8.25,FALSE
1628386,"Jarrett Allen","1610612751","Brooklyn Nets",2020,"0021900320","20191206",0.9,6.55,TRUE
1628386,"Jarrett Allen","1610612751","Brooklyn Nets",2020,"0021900320","20191206",-0.7,6.05,TRUE
1628386,"Jarrett Allen","1610612751","Brooklyn Nets",2020,"0021900320","20191206",0,6.75,TRUE
1628386,"Jarrett Allen","1610612751","Brooklyn Nets",2020,"0021900320","20191206",-1.2,5.55,TRUE
1628386,"Jarrett Allen","1610612751","Brooklyn Nets",2020,"0021900335","20191208",0.3,5.65,TRUE
1628386,"Jarrett Allen","1610612751","Brooklyn Nets",2020,"0021900335","20191208",-1,6.05,TRUE
1628386,"Jarrett Allen","1610612751","Brooklyn Nets",2020,"0021900335","20191208",0,4.65,FALSE
1628386,"Jarrett Allen","1610612751","Brooklyn Nets",2020,"0021900335","20191208",-0.9,5.95,FALSE
1628386,"Jarrett Allen","1610612751","Brooklyn Nets",2020,"0021900335","20191208",0,4.65,FALSE
1628386,"Jarrett Allen","1610612751","Brooklyn Nets",2020,"0021900335","20191208",-1.1,6.95,TRUE
1628386,"Jarrett Allen","1610612751","Brooklyn Nets",2020,"0021900335","20191208",-1,8.85,TRUE
1628386,"Jarrett Allen","1610612751","Brooklyn Nets",2020,"0021900335","20191208",-1.3,5.75,TRUE
1628386,"Jarrett Allen","1610612751","Brooklyn Nets",2020,"0021900335","20191208",-1.9,5.15,TRUE
1628386,"Jarrett Allen","1610612751","Brooklyn Nets",2020,"0021900335","20191208",0,4.65,FALSE
1628386,"Jarrett Allen","1610612751","Brooklyn Nets",2020,"0021900335","20191208",-1.2,9.95,FALSE
1628386,"Jarrett Allen","1610612751","Brooklyn Nets",2020,"0021900335","20191208",-0.3,5.25,TRUE
1628386,"Jarrett Allen","1610612751","Brooklyn Nets",2020,"0021900335","20191208",4.1,6.25,FALSE
1628386,"Jarrett Allen","1610612751","Brooklyn Nets",2020,"0021900360","20191211",0.6,6.75,TRUE
1628386,"Jarrett Allen","1610612751","Brooklyn Nets",2020,"0021900360","20191211",0.6,6.05,FALSE
1628386,"Jarrett Allen","1610612751","Brooklyn Nets",2020,"0021900360","20191211",0.5,6.05,TRUE
1628386,"Jarrett Allen","1610612751","Brooklyn Nets",2020,"0021900360","20191211",-0.3,6.55,TRUE
1628386,"Jarrett Allen","1610612751","Brooklyn Nets",2020,"0021900360","20191211",0.2,5.95,FALSE
1628386,"Jarrett Allen","1610612751","Brooklyn Nets",2020,"0021900360","20191211",0,5.45,TRUE
1628386,"Jarrett Allen","1610612751","Brooklyn Nets",2020,"0021900360","20191211",-1,6.45,TRUE
1628386,"Jarrett Allen","1610612751","Brooklyn Nets",2020,"0021900360","20191211",0,4.65,TRUE
1628386,"Jarrett Allen","1610612751","Brooklyn Nets",2020,"0021900360","20191211",-0.6,7.15,TRUE
1628386,"Jarrett Allen","1610612751","Brooklyn Nets",2020,"0021900381","20191214",-0.3,6.35,TRUE
1628386,"Jarrett Allen","1610612751","Brooklyn Nets",2020,"0021900381","20191214",0.5,5.85,TRUE
1628386,"Jarrett Allen","1610612751","Brooklyn Nets",2020,"0021900381","20191214",1.3,13.75,TRUE
1628386,"Jarrett Allen","1610612751","Brooklyn Nets",2020,"0021900391","20191215",-0.1,7.25,TRUE
1628386,"Jarrett Allen","1610612751","Brooklyn Nets",2020,"0021900391","20191215",0,4.65,FALSE
1628386,"Jarrett Allen","1610612751","Brooklyn Nets",2020,"0021900391","20191215",3.1,10.85,FALSE
1628386,"Jarrett Allen","1610612751","Brooklyn Nets",2020,"0021900391","20191215",0,4.65,FALSE
1628386,"Jarrett Allen","1610612751","Brooklyn Nets",2020,"0021900391","20191215",0,4.65,TRUE
1628386,"Jarrett Allen","1610612751","Brooklyn Nets",2020,"0021900391","20191215",3.1,6.35,FALSE
1628386,"Jarrett Allen","1610612751","Brooklyn Nets",2020,"0021900391","20191215",-2.2,6.25,FALSE
1628386,"Jarrett Allen","1610612751","Brooklyn Nets",2020,"0021900391","20191215",-3.7,5.65,FALSE
1628386,"Jarrett Allen","1610612751","Brooklyn Nets",2020,"0021900391","20191215",-0.4,6.25,TRUE
1628386,"Jarrett Allen","1610612751","Brooklyn Nets",2020,"0021900404","20191217",0.1,5.95,TRUE
1628386,"Jarrett Allen","1610612751","Brooklyn Nets",2020,"0021900404","20191217",4.7,6.15,FALSE
1628386,"Jarrett Allen","1610612751","Brooklyn Nets",2020,"0021900404","20191217",0,4.65,TRUE
1628386,"Jarrett Allen","1610612751","Brooklyn Nets",2020,"0021900404","20191217",-1.9,6.95,TRUE
1628386,"Jarrett Allen","1610612751","Brooklyn Nets",2020,"0021900404","20191217",-0.6,4.45,TRUE
1628386,"Jarrett Allen","1610612751","Brooklyn Nets",2020,"0021900404","20191217",-0.7,5.75,TRUE
1628386,"Jarrett Allen","1610612751","Brooklyn Nets",2020,"0021900404","20191217",-0.9,5.15,TRUE
1628386,"Jarrett Allen","1610612751","Brooklyn Nets",2020,"0021900418","20191219",0.3,5.75,TRUE
1628386,"Jarrett Allen","1610612751","Brooklyn Nets",2020,"0021900418","20191219",-1.1,6.85,TRUE
1628386,"Jarrett Allen","1610612751","Brooklyn Nets",2020,"0021900418","20191219",0,4.65,TRUE
1628386,"Jarrett Allen","1610612751","Brooklyn Nets",2020,"0021900418","20191219",0.2,6.75,TRUE
1628386,"Jarrett Allen","1610612751","Brooklyn Nets",2020,"0021900418","20191219",0,4.65,TRUE
1628386,"Jarrett Allen","1610612751","Brooklyn Nets",2020,"0021900418","20191219",0.4,7.15,FALSE
1628386,"Jarrett Allen","1610612751","Brooklyn Nets",2020,"0021900418","20191219",-5.6,8.25,FALSE
1628386,"Jarrett Allen","1610612751","Brooklyn Nets",2020,"0021900418","20191219",0.4,6.25,TRUE
1628386,"Jarrett Allen","1610612751","Brooklyn Nets",2020,"0021900418","20191219",0.6,7.85,FALSE
1628386,"Jarrett Allen","1610612751","Brooklyn Nets",2020,"0021900418","20191219",0,4.65,TRUE
1628386,"Jarrett Allen","1610612751","Brooklyn Nets",2020,"0021900431","20191221",2.4,9.95,FALSE
1628386,"Jarrett Allen","1610612751","Brooklyn Nets",2020,"0021900431","20191221",-23.2,7.55,FALSE
1628386,"Jarrett Allen","1610612751","Brooklyn Nets",2020,"0021900431","20191221",-0.9,6.25,TRUE
1628386,"Jarrett Allen","1610612751","Brooklyn Nets",2020,"0021900431","20191221",-0.4,7.25,TRUE
1628386,"Jarrett Allen","1610612751","Brooklyn Nets",2020,"0021900431","20191221",0,4.65,TRUE
1628386,"Jarrett Allen","1610612751","Brooklyn Nets",2020,"0021900431","20191221",-1.8,7.25,FALSE
1628386,"Jarrett Allen","1610612751","Brooklyn Nets",2020,"0021900461","20191226",-0.6,11.05,FALSE
1628386,"Jarrett Allen","1610612751","Brooklyn Nets",2020,"0021900461","20191226",0,4.65,FALSE
1628386,"Jarrett Allen","1610612751","Brooklyn Nets",2020,"0021900478","20191228",-0.9,4.75,TRUE
1628386,"Jarrett Allen","1610612751","Brooklyn Nets",2020,"0021900478","20191228",0,4.65,FALSE
1628386,"Jarrett Allen","1610612751","Brooklyn Nets",2020,"0021900478","20191228",-1.4,5.15,TRUE
1628386,"Jarrett Allen","1610612751","Brooklyn Nets",2020,"0021900478","20191228",-0.4,5.75,TRUE
1628386,"Jarrett Allen","1610612751","Brooklyn Nets",2020,"0021900478","20191228",1.5,5.85,TRUE
1628386,"Jarrett Allen","1610612751","Brooklyn Nets",2020,"0021900478","20191228",0,5.35,TRUE
1628386,"Jarrett Allen","1610612751","Brooklyn Nets",2020,"0021900478","20191228",-1.1,6.65,FALSE
1628386,"Jarrett Allen","1610612751","Brooklyn Nets",2020,"0021900494","20191230",0,8.35,TRUE
1628386,"Jarrett Allen","1610612751","Brooklyn Nets",2020,"0021900494","20191230",0.2,5.85,FALSE
1628386,"Jarrett Allen","1610612751","Brooklyn Nets",2020,"0021900494","20191230",1.5,6.15,FALSE
1628386,"Jarrett Allen","1610612751","Brooklyn Nets",2020,"0021900494","20191230",-0.3,5.55,TRUE
1628386,"Jarrett Allen","1610612751","Brooklyn Nets",2020,"0021900513","20200102",-0.3,9.35,TRUE
1628386,"Jarrett Allen","1610612751","Brooklyn Nets",2020,"0021900513","20200102",0,4.65,TRUE
1628386,"Jarrett Allen","1610612751","Brooklyn Nets",2020,"0021900513","20200102",0,6.75,TRUE
1628386,"Jarrett Allen","1610612751","Brooklyn Nets",2020,"0021900513","20200102",1.1,6.65,FALSE
1628386,"Jarrett Allen","1610612751","Brooklyn Nets",2020,"0021900524","20200104",0.3,7.85,FALSE
1628386,"Jarrett Allen","1610612751","Brooklyn Nets",2020,"0021900524","20200104",-0.5,4.75,TRUE
1628386,"Jarrett Allen","1610612751","Brooklyn Nets",2020,"0021900524","20200104",0.5,7.75,TRUE
1628386,"Jarrett Allen","1610612751","Brooklyn Nets",2020,"0021900524","20200104",0.3,5.65,TRUE
1628386,"Jarrett Allen","1610612751","Brooklyn Nets",2020,"0021900540","20200106",-2.8,7.85,FALSE
1628386,"Jarrett Allen","1610612751","Brooklyn Nets",2020,"0021900540","20200106",3.3,6.65,FALSE
1628386,"Jarrett Allen","1610612751","Brooklyn Nets",2020,"0021900540","20200106",-2.8,11.35,FALSE
1628386,"Jarrett Allen","1610612751","Brooklyn Nets",2020,"0021900540","20200106",-0.7,6.85,TRUE
1628386,"Jarrett Allen","1610612751","Brooklyn Nets",2020,"0021900540","20200106",0,4.65,TRUE
1628386,"Jarrett Allen","1610612751","Brooklyn Nets",2020,"0021900540","20200106",1.1,9.35,FALSE
1628386,"Jarrett Allen","1610612751","Brooklyn Nets",2020,"0021900550","20200107",-23,6.05,FALSE
1628386,"Jarrett Allen","1610612751","Brooklyn Nets",2020,"0021900550","20200107",-0.2,5.95,TRUE
1628386,"Jarrett Allen","1610612751","Brooklyn Nets",2020,"0021900550","20200107",0.2,5.35,FALSE
1628386,"Jarrett Allen","1610612751","Brooklyn Nets",2020,"0021900550","20200107",1.9,6.85,TRUE
1628386,"Jarrett Allen","1610612751","Brooklyn Nets",2020,"0021900550","20200107",-0.3,5.95,TRUE
1628386,"Jarrett Allen","1610612751","Brooklyn Nets",2020,"0021900550","20200107",-0.8,6.95,TRUE
1628386,"Jarrett Allen","1610612751","Brooklyn Nets",2020,"0021900550","20200107",-0.5,5.55,FALSE
1628386,"Jarrett Allen","1610612751","Brooklyn Nets",2020,"0021900568","20200110",-0.2,6.05,TRUE
1628386,"Jarrett Allen","1610612751","Brooklyn Nets",2020,"0021900568","20200110",-2.1,7.25,FALSE
1628386,"Jarrett Allen","1610612751","Brooklyn Nets",2020,"0021900568","20200110",0,4.65,TRUE
1628386,"Jarrett Allen","1610612751","Brooklyn Nets",2020,"0021900568","20200110",-0.2,5.95,TRUE
1628386,"Jarrett Allen","1610612751","Brooklyn Nets",2020,"0021900568","20200110",-0.2,6.05,TRUE
1628386,"Jarrett Allen","1610612751","Brooklyn Nets",2020,"0021900568","20200110",1,7.25,TRUE
1628386,"Jarrett Allen","1610612751","Brooklyn Nets",2020,"0021900586","20200112",1.1,9.35,TRUE
1628386,"Jarrett Allen","1610612751","Brooklyn Nets",2020,"0021900586","20200112",0.2,7.25,TRUE
1628386,"Jarrett Allen","1610612751","Brooklyn Nets",2020,"0021900586","20200112",-0.2,6.55,TRUE
1628386,"Jarrett Allen","1610612751","Brooklyn Nets",2020,"0021900586","20200112",-7.2,10.75,FALSE
1628386,"Jarrett Allen","1610612751","Brooklyn Nets",2020,"0021900586","20200112",-0.6,5.35,TRUE
1628386,"Jarrett Allen","1610612751","Brooklyn Nets",2020,"0021900599","20200114",0.6,6.25,TRUE
1628386,"Jarrett Allen","1610612751","Brooklyn Nets",2020,"0021900599","20200114",-1.3,4.75,TRUE
1628386,"Jarrett Allen","1610612751","Brooklyn Nets",2020,"0021900599","20200114",-12,21.35,FALSE
1628386,"Jarrett Allen","1610612751","Brooklyn Nets",2020,"0021900599","20200114",-0.2,6.35,TRUE
1628386,"Jarrett Allen","1610612751","Brooklyn Nets",2020,"0021900599","20200114",-4.4,9.95,FALSE
1628386,"Jarrett Allen","1610612751","Brooklyn Nets",2020,"0021900599","20200114",2.6,6.35,FALSE
1628386,"Jarrett Allen","1610612751","Brooklyn Nets",2020,"0021900599","20200114",0.5,6.25,TRUE
1628386,"Jarrett Allen","1610612751","Brooklyn Nets",2020,"0021900599","20200114",-1.6,6.25,FALSE
1628386,"Jarrett Allen","1610612751","Brooklyn Nets",2020,"0021900605","20200115",-2.8,5.05,FALSE
1628386,"Jarrett Allen","1610612751","Brooklyn Nets",2020,"0021900605","20200115",-2.7,7.15,TRUE
1628386,"Jarrett Allen","1610612751","Brooklyn Nets",2020,"0021900605","20200115",-0.1,5.15,TRUE
1628386,"Jarrett Allen","1610612751","Brooklyn Nets",2020,"0021900605","20200115",-3.6,4.75,TRUE
1628386,"Jarrett Allen","1610612751","Brooklyn Nets",2020,"0021900605","20200115",0,4.65,TRUE
1628386,"Jarrett Allen","1610612751","Brooklyn Nets",2020,"0021900605","20200115",0.3,5.85,TRUE
1628386,"Jarrett Allen","1610612751","Brooklyn Nets",2020,"0021900605","20200115",0,10.55,TRUE
1628386,"Jarrett Allen","1610612751","Brooklyn Nets",2020,"0021900605","20200115",0,6.45,TRUE
1628386,"Jarrett Allen","1610612751","Brooklyn Nets",2020,"0021900627","20200118",-0.9,6.05,FALSE
1628386,"Jarrett Allen","1610612751","Brooklyn Nets",2020,"0021900627","20200118",2,5.25,TRUE
1628386,"Jarrett Allen","1610612751","Brooklyn Nets",2020,"0021900627","20200118",1.4,5.95,FALSE
1628386,"Jarrett Allen","1610612751","Brooklyn Nets",2020,"0021900641","20200120",-0.9,5.95,FALSE
1628386,"Jarrett Allen","1610612751","Brooklyn Nets",2020,"0021900641","20200120",0.3,5.95,TRUE
1628386,"Jarrett Allen","1610612751","Brooklyn Nets",2020,"0021900641","20200120",0,4.65,TRUE
1628386,"Jarrett Allen","1610612751","Brooklyn Nets",2020,"0021900641","20200120",0.6,6.75,TRUE
1628386,"Jarrett Allen","1610612751","Brooklyn Nets",2020,"0021900641","20200120",0,4.65,FALSE
1628386,"Jarrett Allen","1610612751","Brooklyn Nets",2020,"0021900641","20200120",-1.4,4.85,TRUE
1628386,"Jarrett Allen","1610612751","Brooklyn Nets",2020,"0021900641","20200120",-1.6,5.65,FALSE
1628386,"Jarrett Allen","1610612751","Brooklyn Nets",2020,"0021900641","20200120",-0.2,5.75,TRUE
1628386,"Jarrett Allen","1610612751","Brooklyn Nets",2020,"0021900667","20200123",0,7.75,FALSE
1628386,"Jarrett Allen","1610612751","Brooklyn Nets",2020,"0021900667","20200123",-0.5,5.75,TRUE
1628386,"Jarrett Allen","1610612751","Brooklyn Nets",2020,"0021900667","20200123",-0.3,6.95,TRUE
1628386,"Jarrett Allen","1610612751","Brooklyn Nets",2020,"0021900667","20200123",22.5,8.85,FALSE
1628386,"Jarrett Allen","1610612751","Brooklyn Nets",2020,"0021900667","20200123",0.2,6.25,TRUE
1628386,"Jarrett Allen","1610612751","Brooklyn Nets",2020,"0021900667","20200123",0,4.65,FALSE
1628386,"Jarrett Allen","1610612751","Brooklyn Nets",2020,"0021900667","20200123",-1.2,6.05,FALSE
1628386,"Jarrett Allen","1610612751","Brooklyn Nets",2020,"0021900667","20200123",-1.1,5.25,FALSE
1628386,"Jarrett Allen","1610612751","Brooklyn Nets",2020,"0021900681","20200125",0,4.65,TRUE
1628386,"Jarrett Allen","1610612751","Brooklyn Nets",2020,"0021900681","20200125",1.7,10.15,TRUE
1628386,"Jarrett Allen","1610612751","Brooklyn Nets",2020,"0021900681","20200125",-9.7,6.25,FALSE
1628386,"Jarrett Allen","1610612751","Brooklyn Nets",2020,"0021900681","20200125",-1.1,9.35,TRUE
1628386,"Jarrett Allen","1610612751","Brooklyn Nets",2020,"0021900681","20200125",-1.8,9.55,FALSE
1628386,"Jarrett Allen","1610612751","Brooklyn Nets",2020,"0021900681","20200125",3.3,7.85,TRUE
1628386,"Jarrett Allen","1610612751","Brooklyn Nets",2020,"0021900681","20200125",0,4.65,FALSE
1628386,"Jarrett Allen","1610612751","Brooklyn Nets",2020,"0021900681","20200125",4.1,5.85,TRUE
1628386,"Jarrett Allen","1610612751","Brooklyn Nets",2020,"0021900681","20200125",0.8,8.15,FALSE
1628386,"Jarrett Allen","1610612751","Brooklyn Nets",2020,"0021900681","20200125",0,4.65,FALSE
1628386,"Jarrett Allen","1610612751","Brooklyn Nets",2020,"0021900681","20200125",-2.3,6.65,TRUE
1628386,"Jarrett Allen","1610612751","Brooklyn Nets",2020,"0021900681","20200125",-2.8,6.15,TRUE
1628386,"Jarrett Allen","1610612751","Brooklyn Nets",2020,"0021900681","20200125",-2.8,7.35,TRUE
1628386,"Jarrett Allen","1610612751","Brooklyn Nets",2020,"0021900688","20200126",0.7,5.95,TRUE
1628386,"Jarrett Allen","1610612751","Brooklyn Nets",2020,"0021900688","20200126",-0.1,10.35,FALSE
1628386,"Jarrett Allen","1610612751","Brooklyn Nets",2020,"0021900688","20200126",-0.6,6.55,TRUE
1628386,"Jarrett Allen","1610612751","Brooklyn Nets",2020,"0021900709","20200129",0.1,6.95,TRUE
1628386,"Jarrett Allen","1610612751","Brooklyn Nets",2020,"0021900709","20200129",-0.5,6.75,TRUE
1628386,"Jarrett Allen","1610612751","Brooklyn Nets",2020,"0021900709","20200129",-4.4,7.35,FALSE
1628386,"Jarrett Allen","1610612751","Brooklyn Nets",2020,"0021900709","20200129",0,5.95,TRUE
1628386,"Jarrett Allen","1610612751","Brooklyn Nets",2020,"0021900709","20200129",-0.3,9.35,TRUE
1628386,"Jarrett Allen","1610612751","Brooklyn Nets",2020,"0021900709","20200129",0,4.65,FALSE
1628386,"Jarrett Allen","1610612751","Brooklyn Nets",2020,"0021900709","20200129",-1.1,5.55,FALSE
1628386,"Jarrett Allen","1610612751","Brooklyn Nets",2020,"0021900721","20200131",0.1,5.75,TRUE
1628386,"Jarrett Allen","1610612751","Brooklyn Nets",2020,"0021900721","20200131",0.9,7.45,TRUE
1628386,"Jarrett Allen","1610612751","Brooklyn Nets",2020,"0021900721","20200131",0.1,5.85,TRUE
1628386,"Jarrett Allen","1610612751","Brooklyn Nets",2020,"0021900721","20200131",0.3,6.55,TRUE
1628386,"Jarrett Allen","1610612751","Brooklyn Nets",2020,"0021900721","20200131",-1.7,6.05,TRUE
1628386,"Jarrett Allen","1610612751","Brooklyn Nets",2020,"0021900731","20200201",0.6,6.05,TRUE
1628386,"Jarrett Allen","1610612751","Brooklyn Nets",2020,"0021900731","20200201",-5.2,5.95,TRUE
1628386,"Jarrett Allen","1610612751","Brooklyn Nets",2020,"0021900731","20200201",0.9,7.25,TRUE
1628386,"Jarrett Allen","1610612751","Brooklyn Nets",2020,"0021900731","20200201",-6.2,13.15,FALSE
1628386,"Jarrett Allen","1610612751","Brooklyn Nets",2020,"0021900731","20200201",0.2,5.25,TRUE
1628386,"Jarrett Allen","1610612751","Brooklyn Nets",2020,"0021900731","20200201",0.3,5.75,TRUE
1628386,"Jarrett Allen","1610612751","Brooklyn Nets",2020,"0021900746","20200203",-0.3,9.25,TRUE
1628386,"Jarrett Allen","1610612751","Brooklyn Nets",2020,"0021900746","20200203",0,4.65,FALSE
1628386,"Jarrett Allen","1610612751","Brooklyn Nets",2020,"0021900746","20200203",0.2,6.15,TRUE
1628386,"Jarrett Allen","1610612751","Brooklyn Nets",2020,"0021900746","20200203",-3.2,10.35,TRUE
1628386,"Jarrett Allen","1610612751","Brooklyn Nets",2020,"0021900746","20200203",-15.3,27.15,FALSE
1628386,"Jarrett Allen","1610612751","Brooklyn Nets",2020,"0021900746","20200203",3,8.65,TRUE
1628386,"Jarrett Allen","1610612751","Brooklyn Nets",2020,"0021900746","20200203",0.3,12.55,FALSE
1628386,"Jarrett Allen","1610612751","Brooklyn Nets",2020,"0021900757","20200205",0,4.65,FALSE
1628386,"Jarrett Allen","1610612751","Brooklyn Nets",2020,"0021900757","20200205",-0.6,6.75,TRUE
1628386,"Jarrett Allen","1610612751","Brooklyn Nets",2020,"0021900757","20200205",-0.6,6.35,TRUE
1628386,"Jarrett Allen","1610612751","Brooklyn Nets",2020,"0021900757","20200205",3.6,3.65,FALSE
1628386,"Jarrett Allen","1610612751","Brooklyn Nets",2020,"0021900757","20200205",-3.8,6.05,FALSE
1628386,"Jarrett Allen","1610612751","Brooklyn Nets",2020,"0021900757","20200205",-4.6,4.15,FALSE
1628386,"Jarrett Allen","1610612751","Brooklyn Nets",2020,"0021900781","20200208",-0.4,6.25,FALSE
1628386,"Jarrett Allen","1610612751","Brooklyn Nets",2020,"0021900781","20200208",-1.6,5.45,TRUE
1628386,"Jarrett Allen","1610612751","Brooklyn Nets",2020,"0021900794","20200210",-0.4,6.25,TRUE
1628386,"Jarrett Allen","1610612751","Brooklyn Nets",2020,"0021900794","20200210",-0.9,6.55,TRUE
1628386,"Jarrett Allen","1610612751","Brooklyn Nets",2020,"0021900794","20200210",0.8,7.55,TRUE
1628386,"Jarrett Allen","1610612751","Brooklyn Nets",2020,"0021900794","20200210",-3.2,3.55,FALSE
1628386,"Jarrett Allen","1610612751","Brooklyn Nets",2020,"0021900794","20200210",0,5.95,TRUE
1628386,"Jarrett Allen","1610612751","Brooklyn Nets",2020,"0021900794","20200210",0.5,6.95,FALSE
1628386,"Jarrett Allen","1610612751","Brooklyn Nets",2020,"0021900794","20200210",1.3,6.15,TRUE
1628386,"Jarrett Allen","1610612751","Brooklyn Nets",2020,"0021900794","20200210",0,4.65,FALSE
1628386,"Jarrett Allen","1610612751","Brooklyn Nets",2020,"0021900794","20200210",-1.7,8.25,TRUE
1628386,"Jarrett Allen","1610612751","Brooklyn Nets",2020,"0021900809","20200212",3,5.85,FALSE
1628386,"Jarrett Allen","1610612751","Brooklyn Nets",2020,"0021900809","20200212",1.2,7.15,FALSE
1628386,"Jarrett Allen","1610612751","Brooklyn Nets",2020,"0021900809","20200212",1.2,6.45,TRUE
1628386,"Jarrett Allen","1610612751","Brooklyn Nets",2020,"0021900809","20200212",0,4.65,FALSE
1628386,"Jarrett Allen","1610612751","Brooklyn Nets",2020,"0021900809","20200212",-2.2,6.85,TRUE
1628386,"Jarrett Allen","1610612751","Brooklyn Nets",2020,"0021900809","20200212",-0.1,5.65,TRUE
1628386,"Jarrett Allen","1610612751","Brooklyn Nets",2020,"0021900822","20200220",-3.5,6.95,FALSE
1628386,"Jarrett Allen","1610612751","Brooklyn Nets",2020,"0021900822","20200220",-1.7,11.05,FALSE
1628386,"Jarrett Allen","1610612751","Brooklyn Nets",2020,"0021900822","20200220",0.6,3.25,FALSE
1628386,"Jarrett Allen","1610612751","Brooklyn Nets",2020,"0021900822","20200220",0.7,6.55,FALSE
1628386,"Jarrett Allen","1610612751","Brooklyn Nets",2020,"0021900836","20200222",-0.2,6.85,TRUE
1628386,"Jarrett Allen","1610612751","Brooklyn Nets",2020,"0021900836","20200222",0.2,7.85,FALSE
1628386,"Jarrett Allen","1610612751","Brooklyn Nets",2020,"0021900836","20200222",-0.3,6.25,TRUE
1628386,"Jarrett Allen","1610612751","Brooklyn Nets",2020,"0021900836","20200222",1.5,6.35,TRUE
1628386,"Jarrett Allen","1610612751","Brooklyn Nets",2020,"0021900836","20200222",-0.9,6.25,TRUE
1628386,"Jarrett Allen","1610612751","Brooklyn Nets",2020,"0021900852","20200224",0,4.65,TRUE
1628386,"Jarrett Allen","1610612751","Brooklyn Nets",2020,"0021900852","20200224",-0.6,6.55,TRUE
1628386,"Jarrett Allen","1610612751","Brooklyn Nets",2020,"0021900852","20200224",0,4.65,TRUE
1628386,"Jarrett Allen","1610612751","Brooklyn Nets",2020,"0021900852","20200224",0,4.65,TRUE
1628386,"Jarrett Allen","1610612751","Brooklyn Nets",2020,"0021900852","20200224",-1.9,5.35,TRUE
1628386,"Jarrett Allen","1610612751","Brooklyn Nets",2020,"0021900852","20200224",-0.4,6.95,TRUE
1628386,"Jarrett Allen","1610612751","Brooklyn Nets",2020,"0021900852","20200224",0.1,5.65,TRUE
1628386,"Jarrett Allen","1610612751","Brooklyn Nets",2020,"0021900852","20200224",0.3,6.95,TRUE
1628386,"Jarrett Allen","1610612751","Brooklyn Nets",2020,"0021900866","20200226",0,4.65,TRUE
1628386,"Jarrett Allen","1610612751","Brooklyn Nets",2020,"0021900866","20200226",0,4.65,FALSE
1628386,"Jarrett Allen","1610612751","Brooklyn Nets",2020,"0021900878","20200228",-2.9,7.85,TRUE
1628386,"Jarrett Allen","1610612751","Brooklyn Nets",2020,"0021900878","20200228",0,4.65,TRUE
1628386,"Jarrett Allen","1610612751","Brooklyn Nets",2020,"0021900889","20200229",-0.8,5.85,TRUE
1628386,"Jarrett Allen","1610612751","Brooklyn Nets",2020,"0021900889","20200229",-0.1,9.45,TRUE
1628386,"Jarrett Allen","1610612751","Brooklyn Nets",2020,"0021900889","20200229",0.4,6.15,TRUE
1628386,"Jarrett Allen","1610612751","Brooklyn Nets",2020,"0021900889","20200229",2.1,7.15,FALSE
1628386,"Jarrett Allen","1610612751","Brooklyn Nets",2020,"0021900889","20200229",0,4.65,TRUE
1628386,"Jarrett Allen","1610612751","Brooklyn Nets",2020,"0021900889","20200229",0.2,5.95,TRUE
1628386,"Jarrett Allen","1610612751","Brooklyn Nets",2020,"0021900889","20200229",1.8,5.75,TRUE
1628386,"Jarrett Allen","1610612751","Brooklyn Nets",2020,"0021900889","20200229",0.9,6.35,TRUE
1628386,"Jarrett Allen","1610612751","Brooklyn Nets",2020,"0021900910","20200303",1.7,5.95,TRUE
1628386,"Jarrett Allen","1610612751","Brooklyn Nets",2020,"0021900910","20200303",-2.1,6.75,TRUE
1628386,"Jarrett Allen","1610612751","Brooklyn Nets",2020,"0021900910","20200303",1.8,7.05,FALSE
1628386,"Jarrett Allen","1610612751","Brooklyn Nets",2020,"0021900910","20200303",-0.2,7.45,FALSE
1628386,"Jarrett Allen","1610612751","Brooklyn Nets",2020,"0021900910","20200303",-0.3,7.25,FALSE
1628386,"Jarrett Allen","1610612751","Brooklyn Nets",2020,"0021900910","20200303",-1.1,5.35,FALSE
1628386,"Jarrett Allen","1610612751","Brooklyn Nets",2020,"0021900910","20200303",-1.7,6.25,TRUE
1628386,"Jarrett Allen","1610612751","Brooklyn Nets",2020,"0021900910","20200303",-1.6,6.85,FALSE
1628386,"Jarrett Allen","1610612751","Brooklyn Nets",2020,"0021900920","20200304",-0.1,8.25,FALSE
1628386,"Jarrett Allen","1610612751","Brooklyn Nets",2020,"0021900920","20200304",-1.1,7.15,FALSE
1628386,"Jarrett Allen","1610612751","Brooklyn Nets",2020,"0021900920","20200304",-0.9,5.65,TRUE
1628386,"Jarrett Allen","1610612751","Brooklyn Nets",2020,"0021900920","20200304",0,4.65,TRUE
1628386,"Jarrett Allen","1610612751","Brooklyn Nets",2020,"0021900920","20200304",0,4.65,TRUE
1628386,"Jarrett Allen","1610612751","Brooklyn Nets",2020,"0021900931","20200306",-0.2,7.25,FALSE
1628386,"Jarrett Allen","1610612751","Brooklyn Nets",2020,"0021900931","20200306",-0.2,5.75,TRUE
1628386,"Jarrett Allen","1610612751","Brooklyn Nets",2020,"0021900931","20200306",1.1,6.05,TRUE
1628386,"Jarrett Allen","1610612751","Brooklyn Nets",2020,"0021900931","20200306",0.6,6.05,FALSE
1628386,"Jarrett Allen","1610612751","Brooklyn Nets",2020,"0021900931","20200306",-1.3,6.25,TRUE
1628386,"Jarrett Allen","1610612751","Brooklyn Nets",2020,"0021900931","20200306",-1.1,5.15,TRUE
1628386,"Jarrett Allen","1610612751","Brooklyn Nets",2020,"0021900931","20200306",-1.6,5.15,TRUE
1628386,"Jarrett Allen","1610612751","Brooklyn Nets",2020,"0021900946","20200308",-0.4,6.85,TRUE
1628386,"Jarrett Allen","1610612751","Brooklyn Nets",2020,"0021900946","20200308",0,4.65,FALSE
1628386,"Jarrett Allen","1610612751","Brooklyn Nets",2020,"0021900946","20200308",-0.3,5.45,TRUE
1628386,"Jarrett Allen","1610612751","Brooklyn Nets",2020,"0021900946","20200308",0,6.85,TRUE
1628386,"Jarrett Allen","1610612751","Brooklyn Nets",2020,"0021900946","20200308",-0.5,6.25,TRUE
1628386,"Jarrett Allen","1610612751","Brooklyn Nets",2020,"0021900968","20200310",-0.5,11.65,FALSE
1628386,"Jarrett Allen","1610612751","Brooklyn Nets",2020,"0021900968","20200310",0,5.85,TRUE
1628386,"Jarrett Allen","1610612751","Brooklyn Nets",2020,"0021901233","20200731",0.8,9.85,TRUE
1628386,"Jarrett Allen","1610612751","Brooklyn Nets",2020,"0021901233","20200731",0.4,5.05,TRUE
1628386,"Jarrett Allen","1610612751","Brooklyn Nets",2020,"0021901233","20200731",0,4.65,TRUE
1628386,"Jarrett Allen","1610612751","Brooklyn Nets",2020,"0021901233","20200731",0.2,5.85,TRUE
1628386,"Jarrett Allen","1610612751","Brooklyn Nets",2020,"0021901233","20200731",-6.3,17.85,TRUE
1628386,"Jarrett Allen","1610612751","Brooklyn Nets",2020,"0021901233","20200731",0.8,15.35,FALSE
1628386,"Jarrett Allen","1610612751","Brooklyn Nets",2020,"0021901233","20200731",0.8,5.65,TRUE
1628386,"Jarrett Allen","1610612751","Brooklyn Nets",2020,"0021901233","20200731",-4.8,7.95,FALSE
1628386,"Jarrett Allen","1610612751","Brooklyn Nets",2020,"0021901233","20200731",0.1,5.75,TRUE
1628386,"Jarrett Allen","1610612751","Brooklyn Nets",2020,"0021901244","20200802",-0.5,11.75,FALSE
1628386,"Jarrett Allen","1610612751","Brooklyn Nets",2020,"0021901244","20200802",6.1,10.05,FALSE
1628386,"Jarrett Allen","1610612751","Brooklyn Nets",2020,"0021901244","20200802",0.2,5.85,TRUE
1628386,"Jarrett Allen","1610612751","Brooklyn Nets",2020,"0021901244","20200802",-1.1,8.85,FALSE
1628386,"Jarrett Allen","1610612751","Brooklyn Nets",2020,"0021901244","20200802",-2.2,6.75,TRUE
1628386,"Jarrett Allen","1610612751","Brooklyn Nets",2020,"0021901244","20200802",1.2,6.95,TRUE
1628386,"Jarrett Allen","1610612751","Brooklyn Nets",2020,"0021901244","20200802",-0.4,5.85,TRUE
1628386,"Jarrett Allen","1610612751","Brooklyn Nets",2020,"0021901244","20200802",-0.6,6.95,TRUE
1628386,"Jarrett Allen","1610612751","Brooklyn Nets",2020,"0021901244","20200802",0.2,8.85,FALSE
1628386,"Jarrett Allen","1610612751","Brooklyn Nets",2020,"0021901244","20200802",-2.2,8.15,TRUE
1628386,"Jarrett Allen","1610612751","Brooklyn Nets",2020,"0021901267","20200805",0,6.55,TRUE
1628386,"Jarrett Allen","1610612751","Brooklyn Nets",2020,"0021901267","20200805",23.6,10.15,FALSE
1628386,"Jarrett Allen","1610612751","Brooklyn Nets",2020,"0021901267","20200805",0.2,7.75,TRUE
1628386,"Jarrett Allen","1610612751","Brooklyn Nets",2020,"0021901267","20200805",0.5,6.25,TRUE
1628386,"Jarrett Allen","1610612751","Brooklyn Nets",2020,"0021901267","20200805",-3,11.15,FALSE
1628386,"Jarrett Allen","1610612751","Brooklyn Nets",2020,"0021901267","20200805",-0.5,5.75,TRUE
1628386,"Jarrett Allen","1610612751","Brooklyn Nets",2020,"0021901267","20200805",-0.2,5.75,TRUE
1628386,"Jarrett Allen","1610612751","Brooklyn Nets",2020,"0021901267","20200805",-4.4,8.95,FALSE
1628386,"Jarrett Allen","1610612751","Brooklyn Nets",2020,"0021901276","20200807",-2.6,5.45,FALSE
1628386,"Jarrett Allen","1610612751","Brooklyn Nets",2020,"0021901276","20200807",1.3,7.35,FALSE
1628386,"Jarrett Allen","1610612751","Brooklyn Nets",2020,"0021901276","20200807",0.9,6.45,TRUE
1628386,"Jarrett Allen","1610612751","Brooklyn Nets",2020,"0021901276","20200807",0.5,6.85,TRUE
1628386,"Jarrett Allen","1610612751","Brooklyn Nets",2020,"0021901276","20200807",-1.8,6.95,TRUE
1628386,"Jarrett Allen","1610612751","Brooklyn Nets",2020,"0021901276","20200807",-2.9,4.85,TRUE
1628386,"Jarrett Allen","1610612751","Brooklyn Nets",2020,"0021901276","20200807",1.4,3.55,FALSE
1628386,"Jarrett Allen","1610612751","Brooklyn Nets",2020,"0021901276","20200807",1.8,5.55,TRUE
1628386,"Jarrett Allen","1610612751","Brooklyn Nets",2020,"0021901291","20200809",-0.8,16.15,TRUE
1628386,"Jarrett Allen","1610612751","Brooklyn Nets",2020,"0021901291","20200809",0.8,5.85,TRUE
1628386,"Jarrett Allen","1610612751","Brooklyn Nets",2020,"0021901291","20200809",-0.3,6.95,TRUE
1628386,"Jarrett Allen","1610612751","Brooklyn Nets",2020,"0021901291","20200809",-4.2,6.45,TRUE
1628386,"Jarrett Allen","1610612751","Brooklyn Nets",2020,"0021901291","20200809",8.7,12.15,TRUE
1628386,"Jarrett Allen","1610612751","Brooklyn Nets",2020,"0021901291","20200809",-1.5,6.95,FALSE
1628386,"Jarrett Allen","1610612751","Brooklyn Nets",2020,"0021901291","20200809",-5.3,6.45,FALSE
1628386,"Jarrett Allen","1610612751","Brooklyn Nets",2020,"0021901291","20200809",0.5,6.95,TRUE
1628386,"Jarrett Allen","1610612751","Brooklyn Nets",2020,"0021901291","20200809",0.2,11.25,TRUE
1628386,"Jarrett Allen","1610612751","Brooklyn Nets",2020,"0021901309","20200813",-0.2,6.45,TRUE
1628386,"Jarrett Allen","1610612751","Brooklyn Nets",2020,"0021901309","20200813",1.3,5.75,TRUE
1628386,"Jarrett Allen","1610612751","Brooklyn Nets",2020,"0021901309","20200813",1.1,6.45,TRUE
1628386,"Jarrett Allen","1610612751","Brooklyn Nets",2020,"0021901309","20200813",-0.1,12.45,FALSE
1628386,"Jarrett Allen","1610612751","Brooklyn Nets",2020,"0021901309","20200813",1.4,6.05,FALSE
1628386,"Jarrett Allen","1610612751","Brooklyn Nets",2020,"0021901309","20200813",0,4.65,TRUE
1628386,"Jarrett Allen","1610612751","Brooklyn Nets",2020,"0021901309","20200813",0,11.55,TRUE
1628386,"Jarrett Allen","1610612751","Brooklyn Nets",2020,"0021901309","20200813",-1.1,10.25,FALSE
1628386,"Jarrett Allen","1610612751","Brooklyn Nets",2021,"0022000001","20201222",-2.2,6.15,TRUE
1628386,"Jarrett Allen","1610612751","Brooklyn Nets",2021,"0022000001","20201222",4.8,17.25,FALSE
1628386,"Jarrett Allen","1610612751","Brooklyn Nets",2021,"0022000001","20201222",-2,5.65,TRUE
1628386,"Jarrett Allen","1610612751","Brooklyn Nets",2021,"0022000007","20201225",-6.2,6.35,FALSE
1628386,"Jarrett Allen","1610612751","Brooklyn Nets",2021,"0022000007","20201225",0.2,5.15,TRUE
1628386,"Jarrett Allen","1610612751","Brooklyn Nets",2021,"0022000007","20201225",-0.2,7.45,TRUE
1628386,"Jarrett Allen","1610612751","Brooklyn Nets",2021,"0022000032","20201227",1.3,9.35,FALSE
1628386,"Jarrett Allen","1610612751","Brooklyn Nets",2021,"0022000032","20201227",-0.5,5.75,TRUE
1628386,"Jarrett Allen","1610612751","Brooklyn Nets",2021,"0022000042","20201228",-0.3,6.15,FALSE
1628386,"Jarrett Allen","1610612751","Brooklyn Nets",2021,"0022000042","20201228",4.8,21.35,TRUE
1628386,"Jarrett Allen","1610612751","Brooklyn Nets",2021,"0022000042","20201228",0,5.25,FALSE
1628386,"Jarrett Allen","1610612751","Brooklyn Nets",2021,"0022000042","20201228",-0.2,8.55,FALSE
1628386,"Jarrett Allen","1610612751","Brooklyn Nets",2021,"0022000042","20201228",0,5.25,TRUE
1628386,"Jarrett Allen","1610612751","Brooklyn Nets",2021,"0022000042","20201228",2,19.55,TRUE
1628386,"Jarrett Allen","1610612751","Brooklyn Nets",2021,"0022000057","20201230",0,5.25,TRUE
1628386,"Jarrett Allen","1610612751","Brooklyn Nets",2021,"0022000057","20201230",0.5,8.65,TRUE
1628386,"Jarrett Allen","1610612751","Brooklyn Nets",2021,"0022000057","20201230",0.6,5.75,TRUE
1628386,"Jarrett Allen","1610612751","Brooklyn Nets",2021,"0022000057","20201230",-7.3,21.65,FALSE
1628386,"Jarrett Allen","1610612751","Brooklyn Nets",2021,"0022000057","20201230",-0.7,6.05,TRUE
1628386,"Jarrett Allen","1610612751","Brooklyn Nets",2021,"0022000057","20201230",-0.5,5.05,TRUE
1628386,"Jarrett Allen","1610612751","Brooklyn Nets",2021,"0022000057","20201230",-0.9,3.05,TRUE
1628386,"Jarrett Allen","1610612751","Brooklyn Nets",2021,"0022000072","20210101",0,6.95,TRUE
1628386,"Jarrett Allen","1610612751","Brooklyn Nets",2021,"0022000072","20210101",0,5.25,FALSE
1628386,"Jarrett Allen","1610612751","Brooklyn Nets",2021,"0022000072","20210101",0.6,5.15,TRUE
1628386,"Jarrett Allen","1610612751","Brooklyn Nets",2021,"0022000086","20210103",0,6.25,TRUE
1628386,"Jarrett Allen","1610612751","Brooklyn Nets",2021,"0022000086","20210103",0.5,16.15,FALSE
1628386,"Jarrett Allen","1610612751","Brooklyn Nets",2021,"0022000086","20210103",-3.2,5.55,FALSE
1628386,"Jarrett Allen","1610612751","Brooklyn Nets",2021,"0022000086","20210103",0.3,5.15,TRUE
1628386,"Jarrett Allen","1610612751","Brooklyn Nets",2021,"0022000086","20210103",0.6,5.05,TRUE
1628386,"Jarrett Allen","1610612751","Brooklyn Nets",2021,"0022000086","20210103",-16.1,4.75,FALSE
1628386,"Jarrett Allen","1610612751","Brooklyn Nets",2021,"0022000102","20210105",0.2,5.75,TRUE
1628386,"Jarrett Allen","1610612751","Brooklyn Nets",2021,"0022000102","20210105",-0.9,4.55,TRUE
1628386,"Jarrett Allen","1610612751","Brooklyn Nets",2021,"0022000102","20210105",-0.8,3.75,TRUE
1628386,"Jarrett Allen","1610612751","Brooklyn Nets",2021,"0022000102","20210105",0.6,10.05,FALSE
1628386,"Jarrett Allen","1610612751","Brooklyn Nets",2021,"0022000102","20210105",-0.3,5.15,TRUE
1628386,"Jarrett Allen","1610612751","Brooklyn Nets",2021,"0022000102","20210105",0.5,5.85,TRUE
1628386,"Jarrett Allen","1610612751","Brooklyn Nets",2021,"0022000102","20210105",0.5,7.25,TRUE
1628386,"Jarrett Allen","1610612751","Brooklyn Nets",2021,"0022000102","20210105",0.9,4.95,TRUE
1628386,"Jarrett Allen","1610612751","Brooklyn Nets",2021,"0022000102","20210105",-0.4,6.95,TRUE
1628386,"Jarrett Allen","1610612751","Brooklyn Nets",2021,"0022000118","20210107",-0.4,8.45,TRUE
1628386,"Jarrett Allen","1610612751","Brooklyn Nets",2021,"0022000118","20210107",0.1,5.85,FALSE
1628386,"Jarrett Allen","1610612751","Brooklyn Nets",2021,"0022000118","20210107",0,5.25,TRUE
1628386,"Jarrett Allen","1610612751","Brooklyn Nets",2021,"0022000118","20210107",-0.2,5.25,TRUE
1628386,"Jarrett Allen","1610612751","Brooklyn Nets",2021,"0022000118","20210107",-0.2,5.05,TRUE
1628386,"Jarrett Allen","1610612751","Brooklyn Nets",2021,"0022000118","20210107",-0.1,5.05,TRUE
1628386,"Jarrett Allen","1610612751","Brooklyn Nets",2021,"0022000128","20210108",0.2,8.65,FALSE
1628386,"Jarrett Allen","1610612751","Brooklyn Nets",2021,"0022000128","20210108",-0.3,6.75,FALSE
1628386,"Jarrett Allen","1610612751","Brooklyn Nets",2021,"0022000128","20210108",1.3,13.75,TRUE
1628386,"Jarrett Allen","1610612751","Brooklyn Nets",2021,"0022000128","20210108",0.6,7.35,FALSE
1628386,"Jarrett Allen","1610612751","Brooklyn Nets",2021,"0022000128","20210108",0.1,6.55,TRUE
1628386,"Jarrett Allen","1610612751","Brooklyn Nets",2021,"0022000128","20210108",-0.9,7.85,FALSE
1628386,"Jarrett Allen","1610612751","Brooklyn Nets",2021,"0022000128","20210108",-1.8,7.25,TRUE
1628386,"Jarrett Allen","1610612751","Brooklyn Nets",2021,"0022000143","20210110",1.1,6.75,TRUE
1628386,"Jarrett Allen","1610612751","Brooklyn Nets",2021,"0022000143","20210110",0.1,5.35,TRUE
1628386,"Jarrett Allen","1610612751","Brooklyn Nets",2021,"0022000143","20210110",0.1,5.95,TRUE
1628386,"Jarrett Allen","1610612751","Brooklyn Nets",2021,"0022000143","20210110",2.8,7.45,FALSE
1628386,"Jarrett Allen","1610612751","Brooklyn Nets",2021,"0022000143","20210110",3.2,7.35,TRUE
1628386,"Jarrett Allen","1610612751","Brooklyn Nets",2021,"0022000143","20210110",-0.9,5.35,TRUE
1628386,"Jarrett Allen","1610612751","Brooklyn Nets",2021,"0022000143","20210110",0,5.25,TRUE
1628386,"Jarrett Allen","1610612751","Brooklyn Nets",2021,"0022000158","20210112",-1,6.45,TRUE
1628386,"Jarrett Allen","1610612751","Brooklyn Nets",2021,"0022000158","20210112",0.1,5.15,TRUE
1628386,"Jarrett Allen","1610612751","Brooklyn Nets",2021,"0022000158","20210112",0.2,10.95,FALSE
1628386,"Jarrett Allen","1610612751","Brooklyn Nets",2021,"0022000158","20210112",-2.3,5.15,TRUE
1628386,"Jarrett Allen","1610612751","Brooklyn Nets",2021,"0022000158","20210112",-0.3,6.95,FALSE
1628386,"Jarrett Allen","1610612751","Brooklyn Nets",2021,"0022000158","20210112",-0.9,5.35,FALSE
1628386,"Jarrett Allen","1610612751","Brooklyn Nets",2021,"0022000197","20210425",-2.9,6.25,TRUE
1628386,"Jarrett Allen","1610612751","Brooklyn Nets",2021,"0022000197","20210425",3.8,6.85,TRUE
1628386,"Jarrett Allen","1610612751","Brooklyn Nets",2021,"0022000197","20210425",0.6,10.75,TRUE
1628386,"Jarrett Allen","1610612751","Brooklyn Nets",2021,"0022000197","20210425",3.6,7.95,TRUE
1628386,"Jarrett Allen","1610612751","Brooklyn Nets",2021,"0022000197","20210425",0.5,15.65,FALSE
1628386,"Jarrett Allen","1610612751","Brooklyn Nets",2021,"0022000197","20210425",2.2,6.35,TRUE
1628386,"Jarrett Allen","1610612751","Brooklyn Nets",2021,"0022000197","20210425",0.6,6.35,TRUE
1628386,"Jarrett Allen","1610612751","Brooklyn Nets",2021,"0022000197","20210425",-0.5,7.55,TRUE
1628386,"Jarrett Allen","1610612751","Brooklyn Nets",2021,"0022000197","20210425",-0.9,6.15,FALSE
1628386,"Jarrett Allen","1610612751","Brooklyn Nets",2021,"0022000197","20210425",-0.9,6.05,TRUE
1628386,"Jarrett Allen","1610612751","Brooklyn Nets",2021,"0022000197","20210425",1.1,11.45,TRUE
1628386,"Jarrett Allen","1610612751","Brooklyn Nets",2021,"0022000197","20210425",-0.5,7.75,TRUE
1628386,"Jarrett Allen","1610612751","Brooklyn Nets",2021,"0022000204","20210514",-1.2,7.45,TRUE
1628386,"Jarrett Allen","1610612751","Brooklyn Nets",2021,"0022000204","20210514",1.1,15.85,TRUE
1628386,"Jarrett Allen","1610612751","Brooklyn Nets",2021,"0022000204","20210514",0.9,11.55,TRUE
1628386,"Jarrett Allen","1610612751","Brooklyn Nets",2021,"0022000204","20210514",-1.6,7.75,FALSE
1628386,"Jarrett Allen","1610612751","Brooklyn Nets",2021,"0022000204","20210514",-0.3,8.65,FALSE
1628386,"Jarrett Allen","1610612751","Brooklyn Nets",2021,"0022000204","20210514",2,11.65,FALSE
1628386,"Jarrett Allen","1610612751","Brooklyn Nets",2021,"0022000204","20210514",17.6,26.25,FALSE
1628386,"Jarrett Allen","1610612751","Brooklyn Nets",2021,"0022000204","20210514",1.6,7.25,TRUE
1628386,"Jarrett Allen","1610612751","Brooklyn Nets",2021,"0022000204","20210514",-3,6.85,TRUE
1628386,"Jarrett Allen","1610612751","Brooklyn Nets",2021,"0022000204","20210514",0.7,8.15,TRUE
1628386,"Jarrett Allen","1610612751","Brooklyn Nets",2021,"0022000204","20210514",1.1,10.25,TRUE
1628386,"Jarrett Allen","1610612751","Brooklyn Nets",2021,"0022000204","20210514",4.9,11.95,FALSE
1628386,"Jarrett Allen","1610612751","Brooklyn Nets",2021,"0022000216","20210120",0,5.25,TRUE
1628386,"Jarrett Allen","1610612751","Brooklyn Nets",2021,"0022000216","20210120",-4.5,21.45,FALSE
1628386,"Jarrett Allen","1610612751","Brooklyn Nets",2021,"0022000216","20210120",1.3,8.15,FALSE
1628386,"Jarrett Allen","1610612751","Brooklyn Nets",2021,"0022000216","20210120",0.4,6.55,TRUE
1628386,"Jarrett Allen","1610612751","Brooklyn Nets",2021,"0022000216","20210120",0,5.25,TRUE
1628386,"Jarrett Allen","1610612751","Brooklyn Nets",2021,"0022000216","20210120",0.5,6.35,TRUE
1628386,"Jarrett Allen","1610612751","Brooklyn Nets",2021,"0022000216","20210120",-3.8,13.15,FALSE
1628386,"Jarrett Allen","1610612751","Brooklyn Nets",2021,"0022000216","20210120",3.7,12.15,TRUE
1628386,"Jarrett Allen","1610612751","Brooklyn Nets",2021,"0022000216","20210120",-3.9,8.45,FALSE
1628386,"Jarrett Allen","1610612751","Brooklyn Nets",2021,"0022000216","20210120",-0.9,21.05,TRUE
1628386,"Jarrett Allen","1610612751","Brooklyn Nets",2021,"0022000232","20210122",0.1,5.85,TRUE
1628386,"Jarrett Allen","1610612751","Brooklyn Nets",2021,"0022000232","20210122",6,22.25,FALSE
1628386,"Jarrett Allen","1610612751","Brooklyn Nets",2021,"0022000232","20210122",-0.3,5.75,TRUE
1628386,"Jarrett Allen","1610612751","Brooklyn Nets",2021,"0022000232","20210122",-4.1,6.55,TRUE
1628386,"Jarrett Allen","1610612751","Brooklyn Nets",2021,"0022000232","20210122",1.2,6.95,TRUE
1628386,"Jarrett Allen","1610612751","Brooklyn Nets",2021,"0022000232","20210122",0.2,6.85,TRUE
1628386,"Jarrett Allen","1610612751","Brooklyn Nets",2021,"0022000232","20210122",6,9.45,FALSE
1628386,"Jarrett Allen","1610612751","Brooklyn Nets",2021,"0022000232","20210122",-0.7,5.75,TRUE
1628386,"Jarrett Allen","1610612751","Brooklyn Nets",2021,"0022000232","20210122",-5.2,7.45,TRUE
1628386,"Jarrett Allen","1610612751","Brooklyn Nets",2021,"0022000250","20210124",-2,6.85,FALSE
1628386,"Jarrett Allen","1610612751","Brooklyn Nets",2021,"0022000250","20210124",-7.8,15.55,FALSE
1628386,"Jarrett Allen","1610612751","Brooklyn Nets",2021,"0022000250","20210124",-1.1,6.65,TRUE
1628386,"Jarrett Allen","1610612751","Brooklyn Nets",2021,"0022000250","20210124",-1.4,9.55,TRUE
1628386,"Jarrett Allen","1610612751","Brooklyn Nets",2021,"0022000250","20210124",0.2,8.55,TRUE
1628386,"Jarrett Allen","1610612751","Brooklyn Nets",2021,"0022000250","20210124",-1.9,5.45,TRUE
1628386,"Jarrett Allen","1610612751","Brooklyn Nets",2021,"0022000250","20210124",-0.4,7.75,TRUE
1628386,"Jarrett Allen","1610612751","Brooklyn Nets",2021,"0022000261","20210125",-0.7,5.85,TRUE
1628386,"Jarrett Allen","1610612751","Brooklyn Nets",2021,"0022000261","20210125",-0.6,5.65,FALSE
1628386,"Jarrett Allen","1610612751","Brooklyn Nets",2021,"0022000261","20210125",0.2,7.35,TRUE
1628386,"Jarrett Allen","1610612751","Brooklyn Nets",2021,"0022000272","20210127",-0.4,6.55,TRUE
1628386,"Jarrett Allen","1610612751","Brooklyn Nets",2021,"0022000272","20210127",-0.6,6.25,TRUE
1628386,"Jarrett Allen","1610612751","Brooklyn Nets",2021,"0022000272","20210127",2.6,13.75,FALSE
1628386,"Jarrett Allen","1610612751","Brooklyn Nets",2021,"0022000272","20210127",0.3,6.15,TRUE
1628386,"Jarrett Allen","1610612751","Brooklyn Nets",2021,"0022000272","20210127",3.2,7.15,FALSE
1628386,"Jarrett Allen","1610612751","Brooklyn Nets",2021,"0022000272","20210127",-1.2,18.95,TRUE
1628386,"Jarrett Allen","1610612751","Brooklyn Nets",2021,"0022000272","20210127",-2,20.25,TRUE
1628386,"Jarrett Allen","1610612751","Brooklyn Nets",2021,"0022000291","20210129",0.2,5.75,TRUE
1628386,"Jarrett Allen","1610612751","Brooklyn Nets",2021,"0022000291","20210129",-0.5,6.25,FALSE
1628386,"Jarrett Allen","1610612751","Brooklyn Nets",2021,"0022000291","20210129",-1.7,20.95,FALSE
1628386,"Jarrett Allen","1610612751","Brooklyn Nets",2021,"0022000291","20210129",3.5,7.85,TRUE
1628386,"Jarrett Allen","1610612751","Brooklyn Nets",2021,"0022000291","20210129",-0.3,6.95,TRUE
1628386,"Jarrett Allen","1610612751","Brooklyn Nets",2021,"0022000291","20210129",-0.5,5.45,FALSE
1628386,"Jarrett Allen","1610612751","Brooklyn Nets",2021,"0022000291","20210129",-0.2,5.35,TRUE
1628386,"Jarrett Allen","1610612751","Brooklyn Nets",2021,"0022000291","20210129",-0.8,6.25,TRUE
1628386,"Jarrett Allen","1610612751","Brooklyn Nets",2021,"0022000311","20210131",0.1,6.85,TRUE
1628386,"Jarrett Allen","1610612751","Brooklyn Nets",2021,"0022000311","20210131",0.7,6.45,TRUE
1628386,"Jarrett Allen","1610612751","Brooklyn Nets",2021,"0022000311","20210131",0.2,5.25,TRUE
1628386,"Jarrett Allen","1610612751","Brooklyn Nets",2021,"0022000311","20210131",2.9,12.45,FALSE
1628386,"Jarrett Allen","1610612751","Brooklyn Nets",2021,"0022000311","20210131",-0.6,7.45,TRUE
1628386,"Jarrett Allen","1610612751","Brooklyn Nets",2021,"0022000312","20210201",-0.2,5.75,TRUE
1628386,"Jarrett Allen","1610612751","Brooklyn Nets",2021,"0022000312","20210201",3.2,10.05,TRUE
1628386,"Jarrett Allen","1610612751","Brooklyn Nets",2021,"0022000312","20210201",4.7,9.85,TRUE
1628386,"Jarrett Allen","1610612751","Brooklyn Nets",2021,"0022000312","20210201",-0.5,5.95,TRUE
1628386,"Jarrett Allen","1610612751","Brooklyn Nets",2021,"0022000312","20210201",-1,5.15,FALSE
1628386,"Jarrett Allen","1610612751","Brooklyn Nets",2021,"0022000312","20210201",-1.3,20.95,TRUE
1628386,"Jarrett Allen","1610612751","Brooklyn Nets",2021,"0022000312","20210201",-0.7,7.65,TRUE
1628386,"Jarrett Allen","1610612751","Brooklyn Nets",2021,"0022000312","20210201",2.7,10.05,FALSE
1628386,"Jarrett Allen","1610612751","Brooklyn Nets",2021,"0022000312","20210201",-1.9,5.65,TRUE
1628386,"Jarrett Allen","1610612751","Brooklyn Nets",2021,"0022000328","20210203",0,5.25,TRUE
1628386,"Jarrett Allen","1610612751","Brooklyn Nets",2021,"0022000328","20210203",-0.4,12.05,FALSE
1628386,"Jarrett Allen","1610612751","Brooklyn Nets",2021,"0022000328","20210203",-0.9,5.65,FALSE
1628386,"Jarrett Allen","1610612751","Brooklyn Nets",2021,"0022000328","20210203",0,5.25,FALSE
1628386,"Jarrett Allen","1610612751","Brooklyn Nets",2021,"0022000328","20210203",12.1,23.35,FALSE
1628386,"Jarrett Allen","1610612751","Brooklyn Nets",2021,"0022000328","20210203",1.7,10.45,TRUE
1628386,"Jarrett Allen","1610612751","Brooklyn Nets",2021,"0022000328","20210203",-0.2,6.75,TRUE
1628386,"Jarrett Allen","1610612751","Brooklyn Nets",2021,"0022000328","20210203",0.5,6.85,FALSE
1628386,"Jarrett Allen","1610612751","Brooklyn Nets",2021,"0022000346","20210205",24.1,4.25,TRUE
1628386,"Jarrett Allen","1610612751","Brooklyn Nets",2021,"0022000346","20210205",4.6,7.55,TRUE
1628386,"Jarrett Allen","1610612751","Brooklyn Nets",2021,"0022000346","20210205",1.2,5.65,TRUE
1628386,"Jarrett Allen","1610612751","Brooklyn Nets",2021,"0022000357","20210206",5.1,6.65,FALSE
1628386,"Jarrett Allen","1610612751","Brooklyn Nets",2021,"0022000357","20210206",-1,6.95,FALSE
1628386,"Jarrett Allen","1610612751","Brooklyn Nets",2021,"0022000357","20210206",17.9,25.65,FALSE
1628386,"Jarrett Allen","1610612751","Brooklyn Nets",2021,"0022000357","20210206",0,5.25,TRUE
1628386,"Jarrett Allen","1610612751","Brooklyn Nets",2021,"0022000372","20210208",-4.4,6.05,TRUE
1628386,"Jarrett Allen","1610612751","Brooklyn Nets",2021,"0022000372","20210208",1,5.75,TRUE
1628386,"Jarrett Allen","1610612751","Brooklyn Nets",2021,"0022000372","20210208",1.5,4.75,FALSE
1628386,"Jarrett Allen","1610612751","Brooklyn Nets",2021,"0022000372","20210208",2.1,5.85,TRUE
1628386,"Jarrett Allen","1610612751","Brooklyn Nets",2021,"0022000372","20210208",-0.9,6.45,TRUE
1628386,"Jarrett Allen","1610612751","Brooklyn Nets",2021,"0022000372","20210208",-0.3,7.95,TRUE
1628386,"Jarrett Allen","1610612751","Brooklyn Nets",2021,"0022000372","20210208",-2.4,7.55,FALSE
1628386,"Jarrett Allen","1610612751","Brooklyn Nets",2021,"0022000388","20210210",3.1,10.55,TRUE
1628386,"Jarrett Allen","1610612751","Brooklyn Nets",2021,"0022000388","20210210",0.5,19.25,TRUE
1628386,"Jarrett Allen","1610612751","Brooklyn Nets",2021,"0022000388","20210210",-13.9,28.35,FALSE
1628386,"Jarrett Allen","1610612751","Brooklyn Nets",2021,"0022000388","20210210",2.4,11.55,TRUE
1628386,"Jarrett Allen","1610612751","Brooklyn Nets",2021,"0022000388","20210210",-3.9,9.75,TRUE
1628386,"Jarrett Allen","1610612751","Brooklyn Nets",2021,"0022000388","20210210",-0.2,6.25,TRUE
1628386,"Jarrett Allen","1610612751","Brooklyn Nets",2021,"0022000388","20210210",4.6,4.45,FALSE
1628386,"Jarrett Allen","1610612751","Brooklyn Nets",2021,"0022000388","20210210",0,7.75,FALSE
1628386,"Jarrett Allen","1610612751","Brooklyn Nets",2021,"0022000388","20210210",11.2,16.95,FALSE
1628386,"Jarrett Allen","1610612751","Brooklyn Nets",2021,"0022000388","20210210",0,5.25,TRUE
1628386,"Jarrett Allen","1610612751","Brooklyn Nets",2021,"0022000388","20210210",1.9,8.15,TRUE
1628386,"Jarrett Allen","1610612751","Brooklyn Nets",2021,"0022000404","20210212",-0.3,6.55,FALSE
1628386,"Jarrett Allen","1610612751","Brooklyn Nets",2021,"0022000404","20210212",0.5,5.85,TRUE
1628386,"Jarrett Allen","1610612751","Brooklyn Nets",2021,"0022000404","20210212",0,5.25,TRUE
1628386,"Jarrett Allen","1610612751","Brooklyn Nets",2021,"0022000404","20210212",0.8,5.35,TRUE
1628386,"Jarrett Allen","1610612751","Brooklyn Nets",2021,"0022000404","20210212",-0.6,5.15,TRUE
1628386,"Jarrett Allen","1610612751","Brooklyn Nets",2021,"0022000404","20210212",0.2,6.25,TRUE
1628386,"Jarrett Allen","1610612751","Brooklyn Nets",2021,"0022000404","20210212",0.6,4.85,FALSE
1628386,"Jarrett Allen","1610612751","Brooklyn Nets",2021,"0022000404","20210212",3.8,12.05,TRUE
1628386,"Jarrett Allen","1610612751","Brooklyn Nets",2021,"0022000404","20210212",0.2,5.65,TRUE
1628386,"Jarrett Allen","1610612751","Brooklyn Nets",2021,"0022000404","20210212",-0.6,8.35,FALSE
1628386,"Jarrett Allen","1610612751","Brooklyn Nets",2021,"0022000404","20210212",-0.6,6.35,FALSE
1628386,"Jarrett Allen","1610612751","Brooklyn Nets",2021,"0022000404","20210212",22.8,4.35,FALSE
1628386,"Jarrett Allen","1610612751","Brooklyn Nets",2021,"0022000419","20210214",0.4,5.85,TRUE
1628386,"Jarrett Allen","1610612751","Brooklyn Nets",2021,"0022000419","20210214",-1.4,10.35,TRUE
1628386,"Jarrett Allen","1610612751","Brooklyn Nets",2021,"0022000419","20210214",2.1,6.25,TRUE
1628386,"Jarrett Allen","1610612751","Brooklyn Nets",2021,"0022000419","20210214",-1.1,10.45,TRUE
1628386,"Jarrett Allen","1610612751","Brooklyn Nets",2021,"0022000419","20210214",-3.3,8.65,TRUE
1628386,"Jarrett Allen","1610612751","Brooklyn Nets",2021,"0022000419","20210214",-0.2,6.35,TRUE
1628386,"Jarrett Allen","1610612751","Brooklyn Nets",2021,"0022000419","20210214",-0.2,9.45,FALSE
1628386,"Jarrett Allen","1610612751","Brooklyn Nets",2021,"0022000419","20210214",0,15.65,FALSE
1628386,"Jarrett Allen","1610612751","Brooklyn Nets",2021,"0022000419","20210214",-2.9,9.15,FALSE
1628386,"Jarrett Allen","1610612751","Brooklyn Nets",2021,"0022000419","20210214",1.1,8.95,FALSE
1628386,"Jarrett Allen","1610612751","Brooklyn Nets",2021,"0022000424","20210215",0.9,21.45,FALSE
1628386,"Jarrett Allen","1610612751","Brooklyn Nets",2021,"0022000424","20210215",0,5.25,TRUE
1628386,"Jarrett Allen","1610612751","Brooklyn Nets",2021,"0022000424","20210215",2.5,7.35,TRUE
1628386,"Jarrett Allen","1610612751","Brooklyn Nets",2021,"0022000424","20210215",-1.3,10.65,FALSE
1628386,"Jarrett Allen","1610612751","Brooklyn Nets",2021,"0022000424","20210215",2.9,7.75,TRUE
1628386,"Jarrett Allen","1610612751","Brooklyn Nets",2021,"0022000424","20210215",4.1,8.05,FALSE
1628386,"Jarrett Allen","1610612751","Brooklyn Nets",2021,"0022000424","20210215",0,5.25,FALSE
1628386,"Jarrett Allen","1610612751","Brooklyn Nets",2021,"0022000424","20210215",0,5.25,TRUE
1628386,"Jarrett Allen","1610612751","Brooklyn Nets",2021,"0022000424","20210215",2.5,7.45,FALSE
1628386,"Jarrett Allen","1610612751","Brooklyn Nets",2021,"0022000424","20210215",-1.4,9.35,FALSE
1628386,"Jarrett Allen","1610612751","Brooklyn Nets",2021,"0022000424","20210215",0,5.25,TRUE
1628386,"Jarrett Allen","1610612751","Brooklyn Nets",2021,"0022000424","20210215",-0.6,10.05,FALSE
1628386,"Jarrett Allen","1610612751","Brooklyn Nets",2021,"0022000435","20210319",4.7,7.95,TRUE
1628386,"Jarrett Allen","1610612751","Brooklyn Nets",2021,"0022000435","20210319",-11.3,15.45,TRUE
1628386,"Jarrett Allen","1610612751","Brooklyn Nets",2021,"0022000435","20210319",0.9,6.25,TRUE
1628386,"Jarrett Allen","1610612751","Brooklyn Nets",2021,"0022000435","20210319",0.5,6.55,FALSE
1628386,"Jarrett Allen","1610612751","Brooklyn Nets",2021,"0022000435","20210319",-5.5,7.05,FALSE
1628386,"Jarrett Allen","1610612751","Brooklyn Nets",2021,"0022000435","20210319",-0.9,5.85,TRUE
1628386,"Jarrett Allen","1610612751","Brooklyn Nets",2021,"0022000435","20210319",-0.3,5.25,TRUE
1628386,"Jarrett Allen","1610612751","Brooklyn Nets",2021,"0022000435","20210319",-8.9,6.75,TRUE
1628386,"Jarrett Allen","1610612751","Brooklyn Nets",2021,"0022000466","20210221",0.2,6.45,TRUE
1628386,"Jarrett Allen","1610612751","Brooklyn Nets",2021,"0022000466","20210221",0,5.25,TRUE
1628386,"Jarrett Allen","1610612751","Brooklyn Nets",2021,"0022000466","20210221",-0.9,6.25,TRUE
1628386,"Jarrett Allen","1610612751","Brooklyn Nets",2021,"0022000466","20210221",0.3,5.65,TRUE
1628386,"Jarrett Allen","1610612751","Brooklyn Nets",2021,"0022000466","20210221",-0.7,5.25,TRUE
1628386,"Jarrett Allen","1610612751","Brooklyn Nets",2021,"0022000466","20210221",0.5,6.15,TRUE
1628386,"Jarrett Allen","1610612751","Brooklyn Nets",2021,"0022000466","20210221",1.5,8.75,TRUE
1628386,"Jarrett Allen","1610612751","Brooklyn Nets",2021,"0022000466","20210221",-0.5,5.65,TRUE
1628386,"Jarrett Allen","1610612751","Brooklyn Nets",2021,"0022000466","20210221",0,5.25,TRUE
1628386,"Jarrett Allen","1610612751","Brooklyn Nets",2021,"0022000466","20210221",-0.1,6.55,TRUE
1628386,"Jarrett Allen","1610612751","Brooklyn Nets",2021,"0022000466","20210221",-0.3,7.15,TRUE
1628386,"Jarrett Allen","1610612751","Brooklyn Nets",2021,"0022000480","20210223",-8.1,29.85,TRUE
1628386,"Jarrett Allen","1610612751","Brooklyn Nets",2021,"0022000480","20210223",4.5,11.25,FALSE
1628386,"Jarrett Allen","1610612751","Brooklyn Nets",2021,"0022000480","20210223",-0.5,5.65,FALSE
1628386,"Jarrett Allen","1610612751","Brooklyn Nets",2021,"0022000480","20210223",1.1,5.25,TRUE
1628386,"Jarrett Allen","1610612751","Brooklyn Nets",2021,"0022000480","20210223",-1.5,5.65,FALSE
1628386,"Jarrett Allen","1610612751","Brooklyn Nets",2021,"0022000480","20210223",0,5.25,FALSE
1628386,"Jarrett Allen","1610612751","Brooklyn Nets",2021,"0022000480","20210223",3.9,7.75,TRUE
1628386,"Jarrett Allen","1610612751","Brooklyn Nets",2021,"0022000480","20210223",-12.9,12.65,FALSE
1628386,"Jarrett Allen","1610612751","Brooklyn Nets",2021,"0022000480","20210223",-1.2,8.45,FALSE
1628386,"Jarrett Allen","1610612751","Brooklyn Nets",2021,"0022000480","20210223",-0.1,6.55,TRUE
1628386,"Jarrett Allen","1610612751","Brooklyn Nets",2021,"0022000480","20210223",0,5.25,TRUE
1628386,"Jarrett Allen","1610612751","Brooklyn Nets",2021,"0022000491","20210224",0,5.25,TRUE
1628386,"Jarrett Allen","1610612751","Brooklyn Nets",2021,"0022000491","20210224",-19.9,23.15,TRUE
1628386,"Jarrett Allen","1610612751","Brooklyn Nets",2021,"0022000491","20210224",-0.8,5.95,TRUE
1628386,"Jarrett Allen","1610612751","Brooklyn Nets",2021,"0022000491","20210224",4,10.15,TRUE
1628386,"Jarrett Allen","1610612751","Brooklyn Nets",2021,"0022000491","20210224",5.6,6.55,TRUE
1628386,"Jarrett Allen","1610612751","Brooklyn Nets",2021,"0022000491","20210224",-0.6,5.25,TRUE
1628386,"Jarrett Allen","1610612751","Brooklyn Nets",2021,"0022000491","20210224",-3.5,8.65,FALSE
1628386,"Jarrett Allen","1610612751","Brooklyn Nets",2021,"0022000491","20210224",3.1,9.45,TRUE
1628386,"Jarrett Allen","1610612751","Brooklyn Nets",2021,"0022000491","20210224",0,5.25,TRUE
1628386,"Jarrett Allen","1610612751","Brooklyn Nets",2021,"0022000491","20210224",-1.2,6.85,TRUE
1628386,"Jarrett Allen","1610612751","Brooklyn Nets",2021,"0022000491","20210224",0.6,6.65,TRUE
1628386,"Jarrett Allen","1610612751","Brooklyn Nets",2021,"0022000513","20210227",-3.8,12.05,FALSE
1628386,"Jarrett Allen","1610612751","Brooklyn Nets",2021,"0022000513","20210227",0.1,6.05,TRUE
1628386,"Jarrett Allen","1610612751","Brooklyn Nets",2021,"0022000513","20210227",-1,5.75,TRUE
1628386,"Jarrett Allen","1610612751","Brooklyn Nets",2021,"0022000513","20210227",0.1,7.25,FALSE
1628386,"Jarrett Allen","1610612751","Brooklyn Nets",2021,"0022000513","20210227",-2.3,23.75,FALSE
1628386,"Jarrett Allen","1610612751","Brooklyn Nets",2021,"0022000513","20210227",-1.8,4.75,TRUE
1628386,"Jarrett Allen","1610612751","Brooklyn Nets",2021,"0022000513","20210227",3.2,33.35,TRUE
1628386,"Jarrett Allen","1610612751","Brooklyn Nets",2021,"0022000513","20210227",5.5,31.05,FALSE
1628386,"Jarrett Allen","1610612751","Brooklyn Nets",2021,"0022000513","20210227",3.6,11.65,FALSE
1628386,"Jarrett Allen","1610612751","Brooklyn Nets",2021,"0022000513","20210227",0.8,3.15,FALSE
1628386,"Jarrett Allen","1610612751","Brooklyn Nets",2021,"0022000513","20210227",0.4,4.55,TRUE
1628386,"Jarrett Allen","1610612751","Brooklyn Nets",2021,"0022000532","20210301",0.6,7.25,TRUE
1628386,"Jarrett Allen","1610612751","Brooklyn Nets",2021,"0022000532","20210301",0.9,12.35,FALSE
1628386,"Jarrett Allen","1610612751","Brooklyn Nets",2021,"0022000532","20210301",0.6,9.75,TRUE
1628386,"Jarrett Allen","1610612751","Brooklyn Nets",2021,"0022000532","20210301",-1.3,6.25,TRUE
1628386,"Jarrett Allen","1610612751","Brooklyn Nets",2021,"0022000532","20210301",-0.2,7.75,TRUE
1628386,"Jarrett Allen","1610612751","Brooklyn Nets",2021,"0022000532","20210301",-1.6,7.05,FALSE
1628386,"Jarrett Allen","1610612751","Brooklyn Nets",2021,"0022000532","20210301",1.2,6.55,TRUE
1628386,"Jarrett Allen","1610612751","Brooklyn Nets",2021,"0022000543","20210303",0.2,5.65,TRUE
1628386,"Jarrett Allen","1610612751","Brooklyn Nets",2021,"0022000543","20210303",1.2,6.95,TRUE
1628386,"Jarrett Allen","1610612751","Brooklyn Nets",2021,"0022000543","20210303",-0.4,6.45,TRUE
1628386,"Jarrett Allen","1610612751","Brooklyn Nets",2021,"0022000543","20210303",0.2,5.95,TRUE
1628386,"Jarrett Allen","1610612751","Brooklyn Nets",2021,"0022000543","20210303",-1.9,6.25,TRUE
1628386,"Jarrett Allen","1610612751","Brooklyn Nets",2021,"0022000543","20210303",-1.2,5.85,FALSE
1628386,"Jarrett Allen","1610612751","Brooklyn Nets",2021,"0022000543","20210303",-0.8,6.55,TRUE
1628386,"Jarrett Allen","1610612751","Brooklyn Nets",2021,"0022000563","20210219",0.1,6.05,TRUE
1628386,"Jarrett Allen","1610612751","Brooklyn Nets",2021,"0022000563","20210219",-1.1,6.75,TRUE
1628386,"Jarrett Allen","1610612751","Brooklyn Nets",2021,"0022000563","20210219",1.9,5.25,TRUE
1628386,"Jarrett Allen","1610612751","Brooklyn Nets",2021,"0022000563","20210219",0.6,4.95,TRUE
1628386,"Jarrett Allen","1610612751","Brooklyn Nets",2021,"0022000563","20210219",-0.5,5.65,TRUE
1628386,"Jarrett Allen","1610612751","Brooklyn Nets",2021,"0022000563","20210219",0.9,9.25,FALSE
1628386,"Jarrett Allen","1610612751","Brooklyn Nets",2021,"0022000563","20210219",-0.6,6.65,TRUE
1628386,"Jarrett Allen","1610612751","Brooklyn Nets",2021,"0022000563","20210219",0,5.25,TRUE
1628386,"Jarrett Allen","1610612751","Brooklyn Nets",2021,"0022000563","20210219",-0.7,6.05,TRUE
1628386,"Jarrett Allen","1610612751","Brooklyn Nets",2021,"0022000581","20210312",-1.9,5.65,TRUE
1628386,"Jarrett Allen","1610612751","Brooklyn Nets",2021,"0022000581","20210312",2.2,10.45,FALSE
1628386,"Jarrett Allen","1610612751","Brooklyn Nets",2021,"0022000581","20210312",0,5.65,TRUE
1628386,"Jarrett Allen","1610612751","Brooklyn Nets",2021,"0022000581","20210312",-0.2,11.85,FALSE
1628386,"Jarrett Allen","1610612751","Brooklyn Nets",2021,"0022000581","20210312",0.1,12.15,FALSE
1628386,"Jarrett Allen","1610612751","Brooklyn Nets",2021,"0022000581","20210312",-2.7,6.25,FALSE
1628386,"Jarrett Allen","1610612751","Brooklyn Nets",2021,"0022000597","20210314",0.4,5.35,TRUE
1628386,"Jarrett Allen","1610612751","Brooklyn Nets",2021,"0022000597","20210314",-0.6,31.35,FALSE
1628386,"Jarrett Allen","1610612751","Brooklyn Nets",2021,"0022000597","20210314",-0.6,5.55,TRUE
1628386,"Jarrett Allen","1610612751","Brooklyn Nets",2021,"0022000597","20210314",0.1,7.25,FALSE
1628386,"Jarrett Allen","1610612751","Brooklyn Nets",2021,"0022000610","20210316",1.4,7.25,TRUE
1628386,"Jarrett Allen","1610612751","Brooklyn Nets",2021,"0022000610","20210316",-0.4,6.95,TRUE
1628386,"Jarrett Allen","1610612751","Brooklyn Nets",2021,"0022000610","20210316",-1.1,7.45,TRUE
1628386,"Jarrett Allen","1610612751","Brooklyn Nets",2021,"0022000610","20210316",-0.4,7.85,FALSE
1628386,"Jarrett Allen","1610612751","Brooklyn Nets",2021,"0022000610","20210316",0,5.25,TRUE
1628386,"Jarrett Allen","1610612751","Brooklyn Nets",2021,"0022000610","20210316",0.8,8.35,FALSE
1628386,"Jarrett Allen","1610612751","Brooklyn Nets",2021,"0022000610","20210316",0.6,16.15,FALSE
1628386,"Jarrett Allen","1610612751","Brooklyn Nets",2021,"0022000610","20210316",-2.3,7.25,FALSE
1628386,"Jarrett Allen","1610612751","Brooklyn Nets",2021,"0022000620","20210317",-5,9.95,FALSE
1628386,"Jarrett Allen","1610612751","Brooklyn Nets",2021,"0022000620","20210317",-0.3,5.35,TRUE
1628386,"Jarrett Allen","1610612751","Brooklyn Nets",2021,"0022000620","20210317",-24.1,8.85,FALSE
1628386,"Jarrett Allen","1610612751","Brooklyn Nets",2021,"0022000620","20210317",-4.5,8.25,FALSE
1628386,"Jarrett Allen","1610612751","Brooklyn Nets",2021,"0022000620","20210317",-1.1,5.35,FALSE
1628386,"Jarrett Allen","1610612751","Brooklyn Nets",2021,"0022000620","20210317",-0.8,6.55,TRUE
1628386,"Jarrett Allen","1610612751","Brooklyn Nets",2021,"0022000648","20210321",-2.6,6.95,FALSE
1628386,"Jarrett Allen","1610612751","Brooklyn Nets",2021,"0022000648","20210321",4.1,7.55,FALSE
1628386,"Jarrett Allen","1610612751","Brooklyn Nets",2021,"0022000648","20210321",-1.1,6.05,TRUE
1628386,"Jarrett Allen","1610612751","Brooklyn Nets",2021,"0022000648","20210321",-0.2,5.95,TRUE
1628386,"Jarrett Allen","1610612751","Brooklyn Nets",2021,"0022000648","20210321",-1.8,5.65,FALSE
1628386,"Jarrett Allen","1610612751","Brooklyn Nets",2021,"0022000648","20210321",0,5.25,TRUE
1628386,"Jarrett Allen","1610612751","Brooklyn Nets",2021,"0022000648","20210321",0.5,6.85,TRUE
1628386,"Jarrett Allen","1610612751","Brooklyn Nets",2021,"0022000648","20210321",-1.9,19.95,FALSE
1628386,"Jarrett Allen","1610612751","Brooklyn Nets",2021,"0022000653","20210322",0.1,10.65,TRUE
1628386,"Jarrett Allen","1610612751","Brooklyn Nets",2021,"0022000653","20210322",-0.5,12.05,FALSE
1628386,"Jarrett Allen","1610612751","Brooklyn Nets",2021,"0022000653","20210322",-5.7,5.75,FALSE
1628386,"Jarrett Allen","1610612751","Brooklyn Nets",2021,"0022000653","20210322",-0.6,6.05,FALSE
1628386,"Jarrett Allen","1610612751","Brooklyn Nets",2021,"0022000653","20210322",-0.4,5.85,TRUE
1628386,"Jarrett Allen","1610612751","Brooklyn Nets",2021,"0022000653","20210322",7.8,10.65,TRUE
1628386,"Jarrett Allen","1610612751","Brooklyn Nets",2021,"0022000653","20210322",0.8,6.55,FALSE
1628386,"Jarrett Allen","1610612751","Brooklyn Nets",2021,"0022000653","20210322",-0.5,5.75,FALSE
1628386,"Jarrett Allen","1610612751","Brooklyn Nets",2021,"0022000653","20210322",-1.8,16.05,TRUE
1628386,"Jarrett Allen","1610612751","Brooklyn Nets",2021,"0022000653","20210322",-0.7,6.35,FALSE
1628386,"Jarrett Allen","1610612751","Brooklyn Nets",2021,"0022000653","20210322",9,5.85,FALSE
1628386,"Jarrett Allen","1610612751","Brooklyn Nets",2021,"0022000671","20210324",1.9,5.45,FALSE
1628386,"Jarrett Allen","1610612751","Brooklyn Nets",2021,"0022000671","20210324",2.7,5.45,TRUE
1628386,"Jarrett Allen","1610612751","Brooklyn Nets",2021,"0022000671","20210324",-0.3,8.05,TRUE
1628386,"Jarrett Allen","1610612751","Brooklyn Nets",2021,"0022000671","20210324",0.7,5.75,TRUE
1628386,"Jarrett Allen","1610612751","Brooklyn Nets",2021,"0022000671","20210324",-0.2,4.85,TRUE
1628386,"Jarrett Allen","1610612751","Brooklyn Nets",2021,"0022000671","20210324",0,5.25,FALSE
1628386,"Jarrett Allen","1610612751","Brooklyn Nets",2021,"0022000671","20210324",-0.1,6.15,TRUE
1628386,"Jarrett Allen","1610612751","Brooklyn Nets",2021,"0022000671","20210324",0,5.25,TRUE
1628386,"Jarrett Allen","1610612751","Brooklyn Nets",2021,"0022000671","20210324",0,5.25,TRUE
1628386,"Jarrett Allen","1610612751","Brooklyn Nets",2021,"0022000671","20210324",-0.8,6.05,FALSE
1628386,"Jarrett Allen","1610612751","Brooklyn Nets",2021,"0022000671","20210324",-2,6.65,TRUE
1628386,"Jarrett Allen","1610612751","Brooklyn Nets",2021,"0022000671","20210324",0.9,5.55,TRUE
1628386,"Jarrett Allen","1610612751","Brooklyn Nets",2021,"0022000693","20210326",-4.1,14.65,FALSE
1628386,"Jarrett Allen","1610612751","Brooklyn Nets",2021,"0022000693","20210326",-22.9,6.85,TRUE
1628386,"Jarrett Allen","1610612751","Brooklyn Nets",2021,"0022000693","20210326",9.7,14.65,FALSE
1628386,"Jarrett Allen","1610612751","Brooklyn Nets",2021,"0022000693","20210326",-0.9,8.95,TRUE
1628386,"Jarrett Allen","1610612751","Brooklyn Nets",2021,"0022000693","20210326",-1.1,8.45,FALSE
1628386,"Jarrett Allen","1610612751","Brooklyn Nets",2021,"0022000693","20210326",-1.7,6.85,TRUE
1628386,"Jarrett Allen","1610612751","Brooklyn Nets",2021,"0022000693","20210326",0.1,12.85,FALSE
1628386,"Jarrett Allen","1610612751","Brooklyn Nets",2021,"0022000693","20210326",12,29.85,FALSE
1628386,"Jarrett Allen","1610612751","Brooklyn Nets",2021,"0022000693","20210326",0,5.25,FALSE
1628386,"Jarrett Allen","1610612751","Brooklyn Nets",2021,"0022000693","20210326",0.3,7.05,TRUE
1628386,"Jarrett Allen","1610612751","Brooklyn Nets",2021,"0022000829","20210414",-0.7,5.05,TRUE
1628386,"Jarrett Allen","1610612751","Brooklyn Nets",2021,"0022000829","20210414",0,5.25,TRUE
1628386,"Jarrett Allen","1610612751","Brooklyn Nets",2021,"0022000829","20210414",2.5,6.25,FALSE
1628386,"Jarrett Allen","1610612751","Brooklyn Nets",2021,"0022000829","20210414",-3.9,6.85,FALSE
1628386,"Jarrett Allen","1610612751","Brooklyn Nets",2021,"0022000829","20210414",0.3,6.65,TRUE
1628386,"Jarrett Allen","1610612751","Brooklyn Nets",2021,"0022000829","20210414",1.1,31.55,FALSE
1628386,"Jarrett Allen","1610612751","Brooklyn Nets",2021,"0022000829","20210414",-1.6,7.45,FALSE
1628386,"Jarrett Allen","1610612751","Brooklyn Nets",2021,"0022000829","20210414",-1.4,6.05,TRUE
1628386,"Jarrett Allen","1610612751","Brooklyn Nets",2021,"0022000829","20210414",0.5,7.75,TRUE
1628386,"Jarrett Allen","1610612751","Brooklyn Nets",2021,"0022000841","20210415",0,5.25,FALSE
1628386,"Jarrett Allen","1610612751","Brooklyn Nets",2021,"0022000841","20210415",-0.5,5.45,TRUE
1628386,"Jarrett Allen","1610612751","Brooklyn Nets",2021,"0022000841","20210415",-0.5,6.25,TRUE
1628386,"Jarrett Allen","1610612751","Brooklyn Nets",2021,"0022000841","20210415",-2.1,14.95,TRUE
1628386,"Jarrett Allen","1610612751","Brooklyn Nets",2021,"0022000841","20210415",-5.4,5.65,TRUE
1628386,"Jarrett Allen","1610612751","Brooklyn Nets",2021,"0022000841","20210415",-0.6,5.55,TRUE
1628386,"Jarrett Allen","1610612751","Brooklyn Nets",2021,"0022000841","20210415",0.4,6.85,TRUE
1628386,"Jarrett Allen","1610612751","Brooklyn Nets",2021,"0022000857","20210417",0,5.25,FALSE
1628386,"Jarrett Allen","1610612751","Brooklyn Nets",2021,"0022000857","20210417",2.3,5.15,FALSE
1628386,"Jarrett Allen","1610612751","Brooklyn Nets",2021,"0022000857","20210417",0,5.25,FALSE
1628386,"Jarrett Allen","1610612751","Brooklyn Nets",2021,"0022000857","20210417",1.9,5.65,FALSE
1628386,"Jarrett Allen","1610612751","Brooklyn Nets",2021,"0022000857","20210417",0,5.65,TRUE
1628386,"Jarrett Allen","1610612751","Brooklyn Nets",2021,"0022000857","20210417",0.3,6.45,FALSE
1628386,"Jarrett Allen","1610612751","Brooklyn Nets",2021,"0022000857","20210417",-0.9,22.15,TRUE
1628386,"Jarrett Allen","1610612751","Brooklyn Nets",2021,"0022000857","20210417",-1.6,5.65,TRUE
1628386,"Jarrett Allen","1610612751","Brooklyn Nets",2021,"0022000857","20210417",-0.2,5.75,TRUE
1628386,"Jarrett Allen","1610612751","Brooklyn Nets",2021,"0022000868","20210419",-1.1,13.55,TRUE
1628386,"Jarrett Allen","1610612751","Brooklyn Nets",2021,"0022000868","20210419",-3.2,9.75,FALSE
1628386,"Jarrett Allen","1610612751","Brooklyn Nets",2021,"0022000868","20210419",-0.4,7.85,FALSE
1628386,"Jarrett Allen","1610612751","Brooklyn Nets",2021,"0022000868","20210419",4,9.05,TRUE
1628386,"Jarrett Allen","1610612751","Brooklyn Nets",2021,"0022000881","20210421",-0.1,6.25,TRUE
1628386,"Jarrett Allen","1610612751","Brooklyn Nets",2021,"0022000881","20210421",-11.2,23.95,FALSE
1628386,"Jarrett Allen","1610612751","Brooklyn Nets",2021,"0022000881","20210421",-1.3,7.75,TRUE
1628386,"Jarrett Allen","1610612751","Brooklyn Nets",2021,"0022000881","20210421",0,5.25,FALSE
1628386,"Jarrett Allen","1610612751","Brooklyn Nets",2021,"0022000881","20210421",-0.4,4.75,TRUE
1628386,"Jarrett Allen","1610612751","Brooklyn Nets",2021,"0022000881","20210421",-0.3,6.55,TRUE
1628386,"Jarrett Allen","1610612751","Brooklyn Nets",2021,"0022000900","20210423",0,5.25,TRUE
1628386,"Jarrett Allen","1610612751","Brooklyn Nets",2021,"0022000900","20210423",-1.4,5.85,TRUE
1628386,"Jarrett Allen","1610612751","Brooklyn Nets",2021,"0022000900","20210423",-0.1,6.15,TRUE
1628386,"Jarrett Allen","1610612751","Brooklyn Nets",2021,"0022000900","20210423",-0.2,5.85,TRUE
1628386,"Jarrett Allen","1610612751","Brooklyn Nets",2021,"0022000900","20210423",-1.2,5.55,TRUE
1628386,"Jarrett Allen","1610612751","Brooklyn Nets",2021,"0022000900","20210423",-0.1,6.55,TRUE
1628386,"Jarrett Allen","1610612751","Brooklyn Nets",2021,"0022000921","20210426",-1.3,8.75,TRUE
1628386,"Jarrett Allen","1610612751","Brooklyn Nets",2021,"0022000921","20210426",4.4,8.25,FALSE
1628386,"Jarrett Allen","1610612751","Brooklyn Nets",2021,"0022000921","20210426",-2.4,9.45,TRUE
1628386,"Jarrett Allen","1610612751","Brooklyn Nets",2021,"0022000921","20210426",0.2,8.45,TRUE
1628386,"Jarrett Allen","1610612751","Brooklyn Nets",2021,"0022000921","20210426",0,6.45,TRUE
1628386,"Jarrett Allen","1610612751","Brooklyn Nets",2021,"0022000921","20210426",4.3,8.65,FALSE
1628386,"Jarrett Allen","1610612751","Brooklyn Nets",2021,"0022000921","20210426",-4.7,7.75,FALSE
1628386,"Jarrett Allen","1610612751","Brooklyn Nets",2021,"0022000921","20210426",-1.1,10.95,FALSE
1628386,"Jarrett Allen","1610612751","Brooklyn Nets",2021,"0022000921","20210426",-2.7,6.55,TRUE
1628386,"Jarrett Allen","1610612751","Brooklyn Nets",2021,"0022000921","20210426",-1.3,7.75,TRUE
1628386,"Jarrett Allen","1610612751","Brooklyn Nets",2021,"0022000921","20210426",0,5.25,TRUE
1628386,"Jarrett Allen","1610612751","Brooklyn Nets",2021,"0022000933","20210428",0.5,21.85,TRUE
1628386,"Jarrett Allen","1610612751","Brooklyn Nets",2021,"0022000933","20210428",-5.7,6.95,FALSE
1628386,"Jarrett Allen","1610612751","Brooklyn Nets",2021,"0022000933","20210428",-1.3,5.25,TRUE
1628386,"Jarrett Allen","1610612751","Brooklyn Nets",2021,"0022000933","20210428",-0.8,5.75,TRUE
1628386,"Jarrett Allen","1610612751","Brooklyn Nets",2021,"0022000933","20210428",-6.1,8.15,FALSE
1628386,"Jarrett Allen","1610612751","Brooklyn Nets",2021,"0022000933","20210428",2.1,17.15,FALSE
1628386,"Jarrett Allen","1610612751","Brooklyn Nets",2021,"0022000933","20210428",-0.5,5.85,TRUE
1628386,"Jarrett Allen","1610612751","Brooklyn Nets",2021,"0022000933","20210428",2.3,9.95,FALSE
1628386,"Jarrett Allen","1610612751","Brooklyn Nets",2021,"0022000933","20210428",1.4,6.55,TRUE
1628386,"Jarrett Allen","1610612751","Brooklyn Nets",2021,"0022000933","20210428",-4.4,30.95,FALSE
1628386,"Jarrett Allen","1610612751","Brooklyn Nets",2021,"0022000933","20210428",-0.5,6.75,TRUE
1628386,"Jarrett Allen","1610612751","Brooklyn Nets",2021,"0022000933","20210428",-1.3,5.75,TRUE
1628386,"Jarrett Allen","1610612751","Brooklyn Nets",2021,"0022000951","20210430",5.6,6.85,TRUE
1628386,"Jarrett Allen","1610612751","Brooklyn Nets",2021,"0022000951","20210430",-5.3,20.65,FALSE
1628386,"Jarrett Allen","1610612751","Brooklyn Nets",2021,"0022000951","20210430",-0.6,5.85,TRUE
1628386,"Jarrett Allen","1610612751","Brooklyn Nets",2021,"0022000951","20210430",-0.8,5.65,TRUE
1628386,"Jarrett Allen","1610612751","Brooklyn Nets",2021,"0022000951","20210430",-5.8,5.45,FALSE
1628386,"Jarrett Allen","1610612751","Brooklyn Nets",2021,"0022000951","20210430",0,5.25,TRUE
1628386,"Jarrett Allen","1610612751","Brooklyn Nets",2021,"0022000951","20210430",0.3,6.35,TRUE
1628386,"Jarrett Allen","1610612751","Brooklyn Nets",2021,"0022000951","20210430",1.1,8.15,FALSE
1628386,"Jarrett Allen","1610612751","Brooklyn Nets",2021,"0022000951","20210430",0.9,9.35,TRUE
1628386,"Jarrett Allen","1610612751","Brooklyn Nets",2021,"0022000960","20210501",-2.2,5.85,FALSE
1628386,"Jarrett Allen","1610612751","Brooklyn Nets",2021,"0022000960","20210501",0.2,6.45,TRUE
1628386,"Jarrett Allen","1610612751","Brooklyn Nets",2021,"0022000960","20210501",-0.7,6.05,TRUE
1628386,"Jarrett Allen","1610612751","Brooklyn Nets",2021,"0022000983","20210504",-0.6,7.65,FALSE
1628386,"Jarrett Allen","1610612751","Brooklyn Nets",2021,"0022000983","20210504",0.8,5.35,TRUE
1628386,"Jarrett Allen","1610612751","Brooklyn Nets",2021,"0022000983","20210504",-8.1,17.65,FALSE
1628386,"Jarrett Allen","1610612751","Brooklyn Nets",2021,"0022000983","20210504",-0.7,6.65,TRUE
1628386,"Jarrett Allen","1610612751","Brooklyn Nets",2021,"0022000983","20210504",-2.2,9.85,TRUE
1628386,"Jarrett Allen","1610612751","Brooklyn Nets",2021,"0022000983","20210504",-0.2,6.05,TRUE
1628386,"Jarrett Allen","1610612751","Brooklyn Nets",2021,"0022000983","20210504",-7.9,9.05,FALSE
1628386,"Jarrett Allen","1610612751","Brooklyn Nets",2021,"0022000983","20210504",-0.8,6.45,TRUE
1628386,"Jarrett Allen","1610612751","Brooklyn Nets",2021,"0022000983","20210504",-0.3,6.35,TRUE
1628386,"Jarrett Allen","1610612751","Brooklyn Nets",2021,"0022000983","20210504",7.3,14.45,TRUE
1628386,"Jarrett Allen","1610612751","Brooklyn Nets",2021,"0022000983","20210504",7.6,21.55,FALSE
1628386,"Jarrett Allen","1610612751","Brooklyn Nets",2021,"0022000991","20210505",0,5.25,TRUE
1628386,"Jarrett Allen","1610612751","Brooklyn Nets",2021,"0022000991","20210505",-10.1,17.35,FALSE
1628386,"Jarrett Allen","1610612751","Brooklyn Nets",2021,"0022000991","20210505",0.2,5.95,TRUE
1628386,"Jarrett Allen","1610612751","Brooklyn Nets",2021,"0022000991","20210505",-23,5.85,FALSE
1628386,"Jarrett Allen","1610612751","Brooklyn Nets",2021,"0022000991","20210505",-0.6,5.85,FALSE
1628386,"Jarrett Allen","1610612751","Brooklyn Nets",2021,"0022000991","20210505",0.2,7.25,FALSE
1628386,"Jarrett Allen","1610612751","Brooklyn Nets",2021,"0022000991","20210505",0,5.25,TRUE
1628386,"Jarrett Allen","1610612751","Brooklyn Nets",2021,"0022000991","20210505",0.2,7.45,FALSE
1628386,"Jarrett Allen","1610612751","Brooklyn Nets",2021,"0022001007","20210507",1.6,5.95,FALSE
1628386,"Jarrett Allen","1610612751","Brooklyn Nets",2021,"0022001007","20210507",0.2,4.85,FALSE
1628386,"Jarrett Allen","1610612751","Brooklyn Nets",2021,"0022001007","20210507",-0.3,6.25,TRUE
1628386,"Jarrett Allen","1610612751","Brooklyn Nets",2021,"0022001007","20210507",-0.2,5.95,FALSE
1628386,"Jarrett Allen","1610612751","Brooklyn Nets",2021,"0022001007","20210507",1.9,6.25,FALSE
1628386,"Jarrett Allen","1610612751","Brooklyn Nets",2021,"0022001021","20210509",-0.8,6.05,FALSE
1628386,"Jarrett Allen","1610612751","Brooklyn Nets",2021,"0022001021","20210509",-23.1,7.35,FALSE
1628386,"Jarrett Allen","1610612751","Brooklyn Nets",2021,"0022001021","20210509",-1.4,8.95,FALSE
1628386,"Jarrett Allen","1610612751","Brooklyn Nets",2021,"0022001021","20210509",0.6,5.85,TRUE
1628386,"Jarrett Allen","1610612751","Brooklyn Nets",2021,"0022001021","20210509",0,5.25,TRUE
1628386,"Jarrett Allen","1610612751","Brooklyn Nets",2021,"0022001027","20210510",6.1,10.65,TRUE
1628386,"Jarrett Allen","1610612751","Brooklyn Nets",2021,"0022001027","20210510",3.2,10.15,FALSE
1628386,"Jarrett Allen","1610612751","Brooklyn Nets",2021,"0022001027","20210510",4.1,12.05,TRUE
1628386,"Jarrett Allen","1610612751","Brooklyn Nets",2021,"0022001027","20210510",-1.3,31.45,TRUE
1628386,"Jarrett Allen","1610612751","Brooklyn Nets",2021,"0022001027","20210510",0,5.25,TRUE
1628386,"Jarrett Allen","1610612751","Brooklyn Nets",2021,"0022001027","20210510",-0.6,8.25,FALSE
1628386,"Jarrett Allen","1610612751","Brooklyn Nets",2021,"0022001044","20210512",5.1,16.25,TRUE
1628386,"Jarrett Allen","1610612751","Brooklyn Nets",2021,"0022001044","20210512",-1.8,15.75,FALSE
1628386,"Jarrett Allen","1610612751","Brooklyn Nets",2021,"0022001044","20210512",-0.5,5.55,TRUE
1628386,"Jarrett Allen","1610612751","Brooklyn Nets",2021,"0022001044","20210512",-2,12.45,FALSE
1628386,"Jarrett Allen","1610612751","Brooklyn Nets",2021,"0022001044","20210512",-0.7,7.45,FALSE
1628386,"Jarrett Allen","1610612751","Brooklyn Nets",2021,"0022001044","20210512",-0.8,8.45,FALSE
1628386,"Jarrett Allen","1610612751","Brooklyn Nets",2021,"0022001044","20210512",-0.5,6.05,TRUE
1628386,"Jarrett Allen","1610612751","Brooklyn Nets",2021,"0022001044","20210512",-1,5.45,FALSE
1628386,"Jarrett Allen","1610612751","Brooklyn Nets",2021,"0022001044","20210512",9.8,7.75,FALSE
1628386,"Jarrett Allen","1610612751","Brooklyn Nets",2021,"0022001044","20210512",-0.8,6.45,TRUE
1628386,"Jarrett Allen","1610612751","Brooklyn Nets",2021,"0022001067","20210516",-4.6,13.05,FALSE
1628386,"Jarrett Allen","1610612751","Brooklyn Nets",2021,"0022001067","20210516",-8.4,8.45,FALSE
1628386,"Jarrett Allen","1610612751","Brooklyn Nets",2021,"0022001067","20210516",0,4.65,TRUE
1628386,"Jarrett Allen","1610612751","Brooklyn Nets",2021,"0022001067","20210516",-2,8.35,FALSE
1628386,"Jarrett Allen","1610612751","Brooklyn Nets",2021,"0022001067","20210516",1.3,12.55,TRUE
1628386,"Jarrett Allen","1610612751","Brooklyn Nets",2021,"0022001067","20210516",2,12.15,FALSE
1628386,"Jarrett Allen","1610612751","Brooklyn Nets",2021,"0022001067","20210516",23.2,6.45,FALSE
1628386,"Jarrett Allen","1610612739","Cleveland Cavaliers",2022,"0022100007","20211020",4.4,12.75,TRUE
1628386,"Jarrett Allen","1610612739","Cleveland Cavaliers",2022,"0022100007","20211020",-0.5,5.85,TRUE
1628386,"Jarrett Allen","1610612739","Cleveland Cavaliers",2022,"0022100007","20211020",-0.1,5.15,TRUE
1628386,"Jarrett Allen","1610612739","Cleveland Cavaliers",2022,"0022100007","20211020",-0.6,5.15,TRUE
1628386,"Jarrett Allen","1610612739","Cleveland Cavaliers",2022,"0022100007","20211020",2.9,10.75,TRUE
1628386,"Jarrett Allen","1610612739","Cleveland Cavaliers",2022,"0022100007","20211020",0.6,6.05,TRUE
1628386,"Jarrett Allen","1610612739","Cleveland Cavaliers",2022,"0022100007","20211020",-3.4,11.55,TRUE
1628386,"Jarrett Allen","1610612739","Cleveland Cavaliers",2022,"0022100007","20211020",1,20.35,TRUE
1628386,"Jarrett Allen","1610612739","Cleveland Cavaliers",2022,"0022100007","20211020",0.6,6.05,TRUE
1628386,"Jarrett Allen","1610612739","Cleveland Cavaliers",2022,"0022100007","20211020",-0.4,6.85,TRUE
1628386,"Jarrett Allen","1610612739","Cleveland Cavaliers",2022,"0022100007","20211020",-1,6.15,TRUE
1628386,"Jarrett Allen","1610612739","Cleveland Cavaliers",2022,"0022100017","20211022",-0.6,6.85,FALSE
1628386,"Jarrett Allen","1610612739","Cleveland Cavaliers",2022,"0022100017","20211022",0.2,6.05,TRUE
1628386,"Jarrett Allen","1610612739","Cleveland Cavaliers",2022,"0022100017","20211022",0,5.75,TRUE
1628386,"Jarrett Allen","1610612739","Cleveland Cavaliers",2022,"0022100017","20211022",0.1,6.25,TRUE
1628386,"Jarrett Allen","1610612739","Cleveland Cavaliers",2022,"0022100017","20211022",-0.2,5.75,TRUE
1628386,"Jarrett Allen","1610612739","Cleveland Cavaliers",2022,"0022100017","20211022",0,5.55,TRUE
1628386,"Jarrett Allen","1610612739","Cleveland Cavaliers",2022,"0022100027","20211023",6.2,7.95,FALSE
1628386,"Jarrett Allen","1610612739","Cleveland Cavaliers",2022,"0022100027","20211023",-0.5,10.95,FALSE
1628386,"Jarrett Allen","1610612739","Cleveland Cavaliers",2022,"0022100027","20211023",1,4.75,TRUE
1628386,"Jarrett Allen","1610612739","Cleveland Cavaliers",2022,"0022100027","20211023",-0.5,6.35,TRUE
1628386,"Jarrett Allen","1610612739","Cleveland Cavaliers",2022,"0022100027","20211023",-0.5,5.75,FALSE
1628386,"Jarrett Allen","1610612739","Cleveland Cavaliers",2022,"0022100027","20211023",-0.2,15.85,TRUE
1628386,"Jarrett Allen","1610612739","Cleveland Cavaliers",2022,"0022100027","20211023",0.2,6.55,TRUE
1628386,"Jarrett Allen","1610612739","Cleveland Cavaliers",2022,"0022100027","20211023",1.2,5.25,TRUE
1628386,"Jarrett Allen","1610612739","Cleveland Cavaliers",2022,"0022100027","20211023",0.6,6.05,FALSE
1628386,"Jarrett Allen","1610612739","Cleveland Cavaliers",2022,"0022100048","20211025",1.2,7.75,TRUE
1628386,"Jarrett Allen","1610612739","Cleveland Cavaliers",2022,"0022100048","20211025",-0.6,7.75,TRUE
1628386,"Jarrett Allen","1610612739","Cleveland Cavaliers",2022,"0022100048","20211025",0.2,9.05,TRUE
1628386,"Jarrett Allen","1610612739","Cleveland Cavaliers",2022,"0022100048","20211025",-2.8,8.45,FALSE
1628386,"Jarrett Allen","1610612739","Cleveland Cavaliers",2022,"0022100048","20211025",0.2,5.65,TRUE
1628386,"Jarrett Allen","1610612739","Cleveland Cavaliers",2022,"0022100048","20211025",0,5.25,TRUE
1628386,"Jarrett Allen","1610612739","Cleveland Cavaliers",2022,"0022100048","20211025",1.2,13.25,TRUE
1628386,"Jarrett Allen","1610612739","Cleveland Cavaliers",2022,"0022100048","20211025",-0.5,5.85,TRUE
1628386,"Jarrett Allen","1610612739","Cleveland Cavaliers",2022,"0022100048","20211025",3.2,4.95,TRUE
1628386,"Jarrett Allen","1610612739","Cleveland Cavaliers",2022,"0022100048","20211025",-2.1,6.95,TRUE
1628386,"Jarrett Allen","1610612739","Cleveland Cavaliers",2022,"0022100048","20211025",2.1,5.35,TRUE
1628386,"Jarrett Allen","1610612739","Cleveland Cavaliers",2022,"0022100064","20211027",-4.8,10.15,FALSE
1628386,"Jarrett Allen","1610612739","Cleveland Cavaliers",2022,"0022100064","20211027",0.6,7.25,TRUE
1628386,"Jarrett Allen","1610612739","Cleveland Cavaliers",2022,"0022100064","20211027",-1.3,16.95,FALSE
1628386,"Jarrett Allen","1610612739","Cleveland Cavaliers",2022,"0022100064","20211027",-0.7,19.95,TRUE
1628386,"Jarrett Allen","1610612739","Cleveland Cavaliers",2022,"0022100064","20211027",-23.9,11.65,FALSE
1628386,"Jarrett Allen","1610612739","Cleveland Cavaliers",2022,"0022100064","20211027",-0.9,9.35,FALSE
1628386,"Jarrett Allen","1610612739","Cleveland Cavaliers",2022,"0022100064","20211027",-4.4,6.25,FALSE
1628386,"Jarrett Allen","1610612739","Cleveland Cavaliers",2022,"0022100077","20211029",0.9,8.05,TRUE
1628386,"Jarrett Allen","1610612739","Cleveland Cavaliers",2022,"0022100077","20211029",0,5.25,TRUE
1628386,"Jarrett Allen","1610612739","Cleveland Cavaliers",2022,"0022100077","20211029",-9.4,8.85,FALSE
1628386,"Jarrett Allen","1610612739","Cleveland Cavaliers",2022,"0022100088","20211030",1,8.35,TRUE
1628386,"Jarrett Allen","1610612739","Cleveland Cavaliers",2022,"0022100088","20211030",-1.3,8.65,FALSE
1628386,"Jarrett Allen","1610612739","Cleveland Cavaliers",2022,"0022100088","20211030",-1.3,7.55,TRUE
1628386,"Jarrett Allen","1610612739","Cleveland Cavaliers",2022,"0022100094","20211101",0.2,6.75,FALSE
1628386,"Jarrett Allen","1610612739","Cleveland Cavaliers",2022,"0022100094","20211101",1.3,5.55,TRUE
1628386,"Jarrett Allen","1610612739","Cleveland Cavaliers",2022,"0022100094","20211101",-0.1,5.65,TRUE
1628386,"Jarrett Allen","1610612739","Cleveland Cavaliers",2022,"0022100094","20211101",0.5,5.55,TRUE
1628386,"Jarrett Allen","1610612739","Cleveland Cavaliers",2022,"0022100094","20211101",0.9,6.05,TRUE
1628386,"Jarrett Allen","1610612739","Cleveland Cavaliers",2022,"0022100094","20211101",-2,6.05,TRUE
1628386,"Jarrett Allen","1610612739","Cleveland Cavaliers",2022,"0022100094","20211101",0.9,13.95,TRUE
1628386,"Jarrett Allen","1610612739","Cleveland Cavaliers",2022,"0022100094","20211101",0,5.25,TRUE
1628386,"Jarrett Allen","1610612739","Cleveland Cavaliers",2022,"0022100094","20211101",-0.4,7.15,TRUE
1628386,"Jarrett Allen","1610612739","Cleveland Cavaliers",2022,"0022100094","20211101",5.1,7.55,TRUE
1628386,"Jarrett Allen","1610612739","Cleveland Cavaliers",2022,"0022100094","20211101",6.7,8.95,FALSE
1628386,"Jarrett Allen","1610612739","Cleveland Cavaliers",2022,"0022100094","20211101",2,7.05,FALSE
1628386,"Jarrett Allen","1610612739","Cleveland Cavaliers",2022,"0022100094","20211101",3.1,7.05,FALSE
1628386,"Jarrett Allen","1610612739","Cleveland Cavaliers",2022,"0022100108","20211103",-1.2,8.35,FALSE
1628386,"Jarrett Allen","1610612739","Cleveland Cavaliers",2022,"0022100108","20211103",-0.4,6.85,TRUE
1628386,"Jarrett Allen","1610612739","Cleveland Cavaliers",2022,"0022100108","20211103",-1.6,7.75,FALSE
1628386,"Jarrett Allen","1610612739","Cleveland Cavaliers",2022,"0022100108","20211103",-0.5,6.75,TRUE
1628386,"Jarrett Allen","1610612739","Cleveland Cavaliers",2022,"0022100108","20211103",-0.9,7.25,TRUE
1628386,"Jarrett Allen","1610612739","Cleveland Cavaliers",2022,"0022100108","20211103",6.6,9.85,TRUE
1628386,"Jarrett Allen","1610612739","Cleveland Cavaliers",2022,"0022100108","20211103",0.5,4.45,TRUE
1628386,"Jarrett Allen","1610612739","Cleveland Cavaliers",2022,"0022100108","20211103",24.1,5.55,FALSE
1628386,"Jarrett Allen","1610612739","Cleveland Cavaliers",2022,"0022100108","20211103",1.1,6.25,TRUE
1628386,"Jarrett Allen","1610612739","Cleveland Cavaliers",2022,"0022100108","20211103",0,5.25,TRUE
1628386,"Jarrett Allen","1610612739","Cleveland Cavaliers",2022,"0022100108","20211103",0.4,4.45,TRUE
1628386,"Jarrett Allen","1610612739","Cleveland Cavaliers",2022,"0022100108","20211103",-4.5,5.35,TRUE
1628386,"Jarrett Allen","1610612739","Cleveland Cavaliers",2022,"0022100108","20211103",0.1,7.75,FALSE
1628386,"Jarrett Allen","1610612739","Cleveland Cavaliers",2022,"0022100108","20211103",0.1,10.75,FALSE
1628386,"Jarrett Allen","1610612739","Cleveland Cavaliers",2022,"0022100108","20211103",1,5.75,FALSE
1628386,"Jarrett Allen","1610612739","Cleveland Cavaliers",2022,"0022100127","20211105",-4.5,10.05,FALSE
1628386,"Jarrett Allen","1610612739","Cleveland Cavaliers",2022,"0022100127","20211105",-1.1,6.75,TRUE
1628386,"Jarrett Allen","1610612739","Cleveland Cavaliers",2022,"0022100127","20211105",0.1,7.65,TRUE
1628386,"Jarrett Allen","1610612739","Cleveland Cavaliers",2022,"0022100127","20211105",8.1,28.85,TRUE
1628386,"Jarrett Allen","1610612739","Cleveland Cavaliers",2022,"0022100127","20211105",0,6.05,TRUE
1628386,"Jarrett Allen","1610612739","Cleveland Cavaliers",2022,"0022100127","20211105",-1.6,5.85,TRUE
1628386,"Jarrett Allen","1610612739","Cleveland Cavaliers",2022,"0022100140","20211107",-0.2,5.85,FALSE
1628386,"Jarrett Allen","1610612739","Cleveland Cavaliers",2022,"0022100140","20211107",0.1,6.85,FALSE
1628386,"Jarrett Allen","1610612739","Cleveland Cavaliers",2022,"0022100140","20211107",-0.4,5.55,FALSE
1628386,"Jarrett Allen","1610612739","Cleveland Cavaliers",2022,"0022100140","20211107",-0.2,4.55,TRUE
1628386,"Jarrett Allen","1610612739","Cleveland Cavaliers",2022,"0022100140","20211107",0.2,5.75,TRUE
1628386,"Jarrett Allen","1610612739","Cleveland Cavaliers",2022,"0022100140","20211107",0,5.25,FALSE
1628386,"Jarrett Allen","1610612739","Cleveland Cavaliers",2022,"0022100140","20211107",0.1,7.35,FALSE
1628386,"Jarrett Allen","1610612739","Cleveland Cavaliers",2022,"0022100140","20211107",0.4,5.75,TRUE
1628386,"Jarrett Allen","1610612739","Cleveland Cavaliers",2022,"0022100140","20211107",0.6,6.75,TRUE
1628386,"Jarrett Allen","1610612739","Cleveland Cavaliers",2022,"0022100140","20211107",0.4,6.25,TRUE
1628386,"Jarrett Allen","1610612739","Cleveland Cavaliers",2022,"0022100140","20211107",-0.9,6.85,FALSE
1628386,"Jarrett Allen","1610612739","Cleveland Cavaliers",2022,"0022100140","20211107",0,6.75,TRUE
1628386,"Jarrett Allen","1610612739","Cleveland Cavaliers",2022,"0022100140","20211107",1.6,6.75,FALSE
1628386,"Jarrett Allen","1610612739","Cleveland Cavaliers",2022,"0022100140","20211107",0.2,6.55,TRUE
1628386,"Jarrett Allen","1610612739","Cleveland Cavaliers",2022,"0022100140","20211107",-0.2,6.25,TRUE
1628386,"Jarrett Allen","1610612739","Cleveland Cavaliers",2022,"0022100158","20211110",7.2,8.35,FALSE
1628386,"Jarrett Allen","1610612739","Cleveland Cavaliers",2022,"0022100158","20211110",-0.1,5.35,FALSE
1628386,"Jarrett Allen","1610612739","Cleveland Cavaliers",2022,"0022100158","20211110",-0.6,6.95,TRUE
1628386,"Jarrett Allen","1610612739","Cleveland Cavaliers",2022,"0022100158","20211110",-0.4,5.95,TRUE
1628386,"Jarrett Allen","1610612739","Cleveland Cavaliers",2022,"0022100158","20211110",5.3,15.65,TRUE
1628386,"Jarrett Allen","1610612739","Cleveland Cavaliers",2022,"0022100158","20211110",0,6.45,TRUE
1628386,"Jarrett Allen","1610612739","Cleveland Cavaliers",2022,"0022100158","20211110",-1.5,5.35,FALSE
1628386,"Jarrett Allen","1610612739","Cleveland Cavaliers",2022,"0022100158","20211110",0.7,10.35,FALSE
1628386,"Jarrett Allen","1610612739","Cleveland Cavaliers",2022,"0022100158","20211110",-0.5,6.05,TRUE
1628386,"Jarrett Allen","1610612739","Cleveland Cavaliers",2022,"0022100158","20211110",-1.1,5.75,TRUE
1628386,"Jarrett Allen","1610612739","Cleveland Cavaliers",2022,"0022100176","20211112",0,6.75,TRUE
1628386,"Jarrett Allen","1610612739","Cleveland Cavaliers",2022,"0022100176","20211112",-0.2,5.95,TRUE
1628386,"Jarrett Allen","1610612739","Cleveland Cavaliers",2022,"0022100176","20211112",5,10.95,FALSE
1628386,"Jarrett Allen","1610612739","Cleveland Cavaliers",2022,"0022100176","20211112",0.1,13.15,FALSE
1628386,"Jarrett Allen","1610612739","Cleveland Cavaliers",2022,"0022100176","20211112",0.1,6.95,TRUE
1628386,"Jarrett Allen","1610612739","Cleveland Cavaliers",2022,"0022100176","20211112",-0.4,6.55,TRUE
1628386,"Jarrett Allen","1610612739","Cleveland Cavaliers",2022,"0022100176","20211112",0.6,6.55,TRUE
1628386,"Jarrett Allen","1610612739","Cleveland Cavaliers",2022,"0022100190","20211113",0,5.05,TRUE
1628386,"Jarrett Allen","1610612739","Cleveland Cavaliers",2022,"0022100190","20211113",0.1,6.95,TRUE
1628386,"Jarrett Allen","1610612739","Cleveland Cavaliers",2022,"0022100190","20211113",0.5,5.85,TRUE
1628386,"Jarrett Allen","1610612739","Cleveland Cavaliers",2022,"0022100190","20211113",0,5.25,TRUE
1628386,"Jarrett Allen","1610612739","Cleveland Cavaliers",2022,"0022100190","20211113",1.2,6.25,TRUE
1628386,"Jarrett Allen","1610612739","Cleveland Cavaliers",2022,"0022100253","20211122",-13.2,11.65,FALSE
1628386,"Jarrett Allen","1610612739","Cleveland Cavaliers",2022,"0022100253","20211122",2.8,10.75,TRUE
1628386,"Jarrett Allen","1610612739","Cleveland Cavaliers",2022,"0022100253","20211122",1.1,5.95,TRUE
1628386,"Jarrett Allen","1610612739","Cleveland Cavaliers",2022,"0022100253","20211122",5.3,9.15,FALSE
1628386,"Jarrett Allen","1610612739","Cleveland Cavaliers",2022,"0022100253","20211122",-0.1,6.35,TRUE
1628386,"Jarrett Allen","1610612739","Cleveland Cavaliers",2022,"0022100253","20211122",0,5.25,FALSE
1628386,"Jarrett Allen","1610612739","Cleveland Cavaliers",2022,"0022100253","20211122",0.5,5.35,TRUE
1628386,"Jarrett Allen","1610612739","Cleveland Cavaliers",2022,"0022100253","20211122",23.5,6.45,FALSE
1628386,"Jarrett Allen","1610612739","Cleveland Cavaliers",2022,"0022100253","20211122",2.2,8.65,FALSE
1628386,"Jarrett Allen","1610612739","Cleveland Cavaliers",2022,"0022100253","20211122",-1.6,14.55,FALSE
1628386,"Jarrett Allen","1610612739","Cleveland Cavaliers",2022,"0022100253","20211122",4.9,7.25,FALSE
1628386,"Jarrett Allen","1610612739","Cleveland Cavaliers",2022,"0022100253","20211122",0.4,6.35,FALSE
1628386,"Jarrett Allen","1610612739","Cleveland Cavaliers",2022,"0022100253","20211122",0.7,5.75,TRUE
1628386,"Jarrett Allen","1610612739","Cleveland Cavaliers",2022,"0022100253","20211122",-0.2,6.65,TRUE
1628386,"Jarrett Allen","1610612739","Cleveland Cavaliers",2022,"0022100253","20211122",-0.2,6.15,TRUE
1628386,"Jarrett Allen","1610612739","Cleveland Cavaliers",2022,"0022100267","20211124",2.5,7.95,TRUE
1628386,"Jarrett Allen","1610612739","Cleveland Cavaliers",2022,"0022100267","20211124",-0.1,5.25,TRUE
1628386,"Jarrett Allen","1610612739","Cleveland Cavaliers",2022,"0022100267","20211124",0.2,6.25,TRUE
1628386,"Jarrett Allen","1610612739","Cleveland Cavaliers",2022,"0022100267","20211124",0.5,5.55,TRUE
1628386,"Jarrett Allen","1610612739","Cleveland Cavaliers",2022,"0022100267","20211124",0,5.25,TRUE
1628386,"Jarrett Allen","1610612739","Cleveland Cavaliers",2022,"0022100267","20211124",0,5.25,TRUE
1628386,"Jarrett Allen","1610612739","Cleveland Cavaliers",2022,"0022100267","20211124",0,5.25,TRUE
1628386,"Jarrett Allen","1610612739","Cleveland Cavaliers",2022,"0022100267","20211124",-0.4,13.05,FALSE
1628386,"Jarrett Allen","1610612739","Cleveland Cavaliers",2022,"0022100267","20211124",-0.5,5.95,TRUE
1628386,"Jarrett Allen","1610612739","Cleveland Cavaliers",2022,"0022100267","20211124",0,5.75,TRUE
1628386,"Jarrett Allen","1610612739","Cleveland Cavaliers",2022,"0022100295","20211127",-0.4,6.75,TRUE
1628386,"Jarrett Allen","1610612739","Cleveland Cavaliers",2022,"0022100295","20211127",0.2,5.85,TRUE
1628386,"Jarrett Allen","1610612739","Cleveland Cavaliers",2022,"0022100295","20211127",0,5.25,TRUE
1628386,"Jarrett Allen","1610612739","Cleveland Cavaliers",2022,"0022100295","20211127",1.1,5.65,TRUE
1628386,"Jarrett Allen","1610612739","Cleveland Cavaliers",2022,"0022100295","20211127",0.7,5.75,TRUE
1628386,"Jarrett Allen","1610612739","Cleveland Cavaliers",2022,"0022100295","20211127",0.1,5.85,FALSE
1628386,"Jarrett Allen","1610612739","Cleveland Cavaliers",2022,"0022100295","20211127",-0.7,5.15,TRUE
1628386,"Jarrett Allen","1610612739","Cleveland Cavaliers",2022,"0022100295","20211127",-0.6,6.75,TRUE
1628386,"Jarrett Allen","1610612739","Cleveland Cavaliers",2022,"0022100295","20211127",-0.7,5.25,TRUE
1628386,"Jarrett Allen","1610612739","Cleveland Cavaliers",2022,"0022100310","20211129",-3.8,9.35,FALSE
1628386,"Jarrett Allen","1610612739","Cleveland Cavaliers",2022,"0022100310","20211129",1.1,5.05,TRUE
1628386,"Jarrett Allen","1610612739","Cleveland Cavaliers",2022,"0022100310","20211129",0.1,6.95,TRUE
1628386,"Jarrett Allen","1610612739","Cleveland Cavaliers",2022,"0022100310","20211129",0.4,6.15,TRUE
1628386,"Jarrett Allen","1610612739","Cleveland Cavaliers",2022,"0022100310","20211129",0.2,7.75,FALSE
1628386,"Jarrett Allen","1610612739","Cleveland Cavaliers",2022,"0022100310","20211129",-1.3,7.15,TRUE
1628386,"Jarrett Allen","1610612739","Cleveland Cavaliers",2022,"0022100310","20211129",-1,5.85,TRUE
1628386,"Jarrett Allen","1610612739","Cleveland Cavaliers",2022,"0022100310","20211129",-3.3,9.25,FALSE
1628386,"Jarrett Allen","1610612739","Cleveland Cavaliers",2022,"0022100310","20211129",-0.7,7.25,FALSE
1628386,"Jarrett Allen","1610612739","Cleveland Cavaliers",2022,"0022100310","20211129",0.9,6.45,TRUE
1628386,"Jarrett Allen","1610612739","Cleveland Cavaliers",2022,"0022100310","20211129",-0.1,5.65,TRUE
1628386,"Jarrett Allen","1610612739","Cleveland Cavaliers",2022,"0022100310","20211129",2.6,8.15,FALSE
1628386,"Jarrett Allen","1610612739","Cleveland Cavaliers",2022,"0022100310","20211129",0,5.35,TRUE
1628386,"Jarrett Allen","1610612739","Cleveland Cavaliers",2022,"0022100310","20211129",-0.5,6.35,TRUE
1628386,"Jarrett Allen","1610612739","Cleveland Cavaliers",2022,"0022100310","20211129",0.6,7.05,TRUE
1628386,"Jarrett Allen","1610612739","Cleveland Cavaliers",2022,"0022100310","20211129",-0.2,4.95,TRUE
1628386,"Jarrett Allen","1610612739","Cleveland Cavaliers",2022,"0022100310","20211129",0,5.25,TRUE
1628386,"Jarrett Allen","1610612739","Cleveland Cavaliers",2022,"0022100323","20211201",-1.2,6.45,TRUE
1628386,"Jarrett Allen","1610612739","Cleveland Cavaliers",2022,"0022100323","20211201",0.4,6.55,TRUE
1628386,"Jarrett Allen","1610612739","Cleveland Cavaliers",2022,"0022100323","20211201",-0.1,5.95,TRUE
1628386,"Jarrett Allen","1610612739","Cleveland Cavaliers",2022,"0022100323","20211201",-1.1,6.05,FALSE
1628386,"Jarrett Allen","1610612739","Cleveland Cavaliers",2022,"0022100323","20211201",-1.3,9.35,TRUE
1628386,"Jarrett Allen","1610612739","Cleveland Cavaliers",2022,"0022100323","20211201",0,5.25,TRUE
1628386,"Jarrett Allen","1610612739","Cleveland Cavaliers",2022,"0022100323","20211201",0.9,7.65,TRUE
1628386,"Jarrett Allen","1610612739","Cleveland Cavaliers",2022,"0022100323","20211201",3.3,7.65,TRUE
1628386,"Jarrett Allen","1610612739","Cleveland Cavaliers",2022,"0022100334","20211203",0.9,9.25,TRUE
1628386,"Jarrett Allen","1610612739","Cleveland Cavaliers",2022,"0022100334","20211203",-1.1,17.35,FALSE
1628386,"Jarrett Allen","1610612739","Cleveland Cavaliers",2022,"0022100334","20211203",0.2,10.35,TRUE
1628386,"Jarrett Allen","1610612739","Cleveland Cavaliers",2022,"0022100334","20211203",4.8,7.45,TRUE
1628386,"Jarrett Allen","1610612739","Cleveland Cavaliers",2022,"0022100334","20211203",0.2,7.15,TRUE
1628386,"Jarrett Allen","1610612739","Cleveland Cavaliers",2022,"0022100334","20211203",0.9,7.25,TRUE
1628386,"Jarrett Allen","1610612739","Cleveland Cavaliers",2022,"0022100334","20211203",-1.1,15.15,FALSE
1628386,"Jarrett Allen","1610612739","Cleveland Cavaliers",2022,"0022100334","20211203",0.2,8.25,TRUE
1628386,"Jarrett Allen","1610612739","Cleveland Cavaliers",2022,"0022100334","20211203",1.2,6.65,TRUE
1628386,"Jarrett Allen","1610612739","Cleveland Cavaliers",2022,"0022100334","20211203",0.7,5.85,TRUE
1628386,"Jarrett Allen","1610612739","Cleveland Cavaliers",2022,"0022100334","20211203",-3.9,7.75,TRUE
1628386,"Jarrett Allen","1610612739","Cleveland Cavaliers",2022,"0022100334","20211203",-4.5,14.15,FALSE
1628386,"Jarrett Allen","1610612739","Cleveland Cavaliers",2022,"0022100334","20211203",-1.7,7.25,TRUE
1628386,"Jarrett Allen","1610612739","Cleveland Cavaliers",2022,"0022100334","20211203",0.2,10.55,FALSE
1628386,"Jarrett Allen","1610612739","Cleveland Cavaliers",2022,"0022100334","20211203",1.3,7.05,TRUE
1628386,"Jarrett Allen","1610612739","Cleveland Cavaliers",2022,"0022100334","20211203",-2.9,12.25,TRUE
1628386,"Jarrett Allen","1610612739","Cleveland Cavaliers",2022,"0022100334","20211203",4.7,11.45,TRUE
1628386,"Jarrett Allen","1610612739","Cleveland Cavaliers",2022,"0022100349","20211205",-0.2,6.35,TRUE
1628386,"Jarrett Allen","1610612739","Cleveland Cavaliers",2022,"0022100349","20211205",-0.7,5.35,FALSE
1628386,"Jarrett Allen","1610612739","Cleveland Cavaliers",2022,"0022100349","20211205",-1.8,9.85,FALSE
1628386,"Jarrett Allen","1610612739","Cleveland Cavaliers",2022,"0022100349","20211205",7.8,6.35,TRUE
1628386,"Jarrett Allen","1610612739","Cleveland Cavaliers",2022,"0022100349","20211205",-1,6.05,TRUE
1628386,"Jarrett Allen","1610612739","Cleveland Cavaliers",2022,"0022100349","20211205",1,6.05,FALSE
1628386,"Jarrett Allen","1610612739","Cleveland Cavaliers",2022,"0022100349","20211205",-3.6,6.95,TRUE
1628386,"Jarrett Allen","1610612739","Cleveland Cavaliers",2022,"0022100349","20211205",-0.7,9.95,FALSE
1628386,"Jarrett Allen","1610612739","Cleveland Cavaliers",2022,"0022100349","20211205",-0.1,9.35,TRUE
1628386,"Jarrett Allen","1610612739","Cleveland Cavaliers",2022,"0022100349","20211205",3.3,9.05,FALSE
1628386,"Jarrett Allen","1610612739","Cleveland Cavaliers",2022,"0022100349","20211205",-1.2,6.55,TRUE
1628386,"Jarrett Allen","1610612739","Cleveland Cavaliers",2022,"0022100349","20211205",-1.2,6.75,TRUE
1628386,"Jarrett Allen","1610612739","Cleveland Cavaliers",2022,"0022100358","20211206",0,10.65,FALSE
1628386,"Jarrett Allen","1610612739","Cleveland Cavaliers",2022,"0022100358","20211206",-0.1,6.45,TRUE
1628386,"Jarrett Allen","1610612739","Cleveland Cavaliers",2022,"0022100358","20211206",-0.4,11.45,FALSE
1628386,"Jarrett Allen","1610612739","Cleveland Cavaliers",2022,"0022100358","20211206",0.1,5.75,TRUE
1628386,"Jarrett Allen","1610612739","Cleveland Cavaliers",2022,"0022100358","20211206",-0.5,5.85,TRUE
1628386,"Jarrett Allen","1610612739","Cleveland Cavaliers",2022,"0022100358","20211206",0.4,8.45,TRUE
1628386,"Jarrett Allen","1610612739","Cleveland Cavaliers",2022,"0022100358","20211206",-0.2,9.05,TRUE
1628386,"Jarrett Allen","1610612739","Cleveland Cavaliers",2022,"0022100358","20211206",-0.2,6.05,TRUE
1628386,"Jarrett Allen","1610612739","Cleveland Cavaliers",2022,"0022100358","20211206",-2.1,8.85,TRUE
1628386,"Jarrett Allen","1610612739","Cleveland Cavaliers",2022,"0022100358","20211206",-0.1,5.65,TRUE
1628386,"Jarrett Allen","1610612739","Cleveland Cavaliers",2022,"0022100358","20211206",-2.7,11.55,TRUE
1628386,"Jarrett Allen","1610612739","Cleveland Cavaliers",2022,"0022100358","20211206",-1.1,12.55,TRUE
1628386,"Jarrett Allen","1610612739","Cleveland Cavaliers",2022,"0022100367","20211208",1.6,10.45,TRUE
1628386,"Jarrett Allen","1610612739","Cleveland Cavaliers",2022,"0022100367","20211208",23.2,6.25,FALSE
1628386,"Jarrett Allen","1610612739","Cleveland Cavaliers",2022,"0022100367","20211208",-2.5,14.25,FALSE
1628386,"Jarrett Allen","1610612739","Cleveland Cavaliers",2022,"0022100367","20211208",9.7,17.45,TRUE
1628386,"Jarrett Allen","1610612739","Cleveland Cavaliers",2022,"0022100367","20211208",0,6.85,TRUE
1628386,"Jarrett Allen","1610612739","Cleveland Cavaliers",2022,"0022100367","20211208",2,12.55,TRUE
1628386,"Jarrett Allen","1610612739","Cleveland Cavaliers",2022,"0022100367","20211208",1.3,12.55,TRUE
1628386,"Jarrett Allen","1610612739","Cleveland Cavaliers",2022,"0022100367","20211208",4.3,23.55,FALSE
1628386,"Jarrett Allen","1610612739","Cleveland Cavaliers",2022,"0022100367","20211208",-0.5,5.85,FALSE
1628386,"Jarrett Allen","1610612739","Cleveland Cavaliers",2022,"0022100387","20211210",-1.1,11.55,TRUE
1628386,"Jarrett Allen","1610612739","Cleveland Cavaliers",2022,"0022100387","20211210",0.4,6.55,TRUE
1628386,"Jarrett Allen","1610612739","Cleveland Cavaliers",2022,"0022100387","20211210",1.3,4.75,TRUE
1628386,"Jarrett Allen","1610612739","Cleveland Cavaliers",2022,"0022100387","20211210",1.1,6.25,TRUE
1628386,"Jarrett Allen","1610612739","Cleveland Cavaliers",2022,"0022100387","20211210",1,5.25,TRUE
1628386,"Jarrett Allen","1610612739","Cleveland Cavaliers",2022,"0022100387","20211210",0.4,6.55,FALSE
1628386,"Jarrett Allen","1610612739","Cleveland Cavaliers",2022,"0022100387","20211210",3.1,8.25,TRUE
1628386,"Jarrett Allen","1610612739","Cleveland Cavaliers",2022,"0022100387","20211210",0.4,10.05,FALSE
1628386,"Jarrett Allen","1610612739","Cleveland Cavaliers",2022,"0022100387","20211210",-2,5.55,TRUE
1628386,"Jarrett Allen","1610612739","Cleveland Cavaliers",2022,"0022100387","20211210",1,13.55,TRUE
1628386,"Jarrett Allen","1610612739","Cleveland Cavaliers",2022,"0022100387","20211210",0.4,5.25,TRUE
1628386,"Jarrett Allen","1610612739","Cleveland Cavaliers",2022,"0022100393","20211211",-2.7,10.95,FALSE
1628386,"Jarrett Allen","1610612739","Cleveland Cavaliers",2022,"0022100393","20211211",6.1,8.95,TRUE
1628386,"Jarrett Allen","1610612739","Cleveland Cavaliers",2022,"0022100393","20211211",-8.5,29.95,FALSE
1628386,"Jarrett Allen","1610612739","Cleveland Cavaliers",2022,"0022100393","20211211",0.4,5.35,TRUE
1628386,"Jarrett Allen","1610612739","Cleveland Cavaliers",2022,"0022100393","20211211",0,5.35,TRUE
1628386,"Jarrett Allen","1610612739","Cleveland Cavaliers",2022,"0022100393","20211211",-1.3,5.65,TRUE
1628386,"Jarrett Allen","1610612739","Cleveland Cavaliers",2022,"0022100393","20211211",0.4,5.35,TRUE
1628386,"Jarrett Allen","1610612739","Cleveland Cavaliers",2022,"0022100393","20211211",4,7.25,FALSE
1628386,"Jarrett Allen","1610612739","Cleveland Cavaliers",2022,"0022100404","20211213",5.9,22.75,TRUE
1628386,"Jarrett Allen","1610612739","Cleveland Cavaliers",2022,"0022100404","20211213",-0.9,6.05,TRUE
1628386,"Jarrett Allen","1610612739","Cleveland Cavaliers",2022,"0022100404","20211213",0,5.25,TRUE
1628386,"Jarrett Allen","1610612739","Cleveland Cavaliers",2022,"0022100404","20211213",9.9,12.25,TRUE
1628386,"Jarrett Allen","1610612739","Cleveland Cavaliers",2022,"0022100404","20211213",0.7,5.55,TRUE
1628386,"Jarrett Allen","1610612739","Cleveland Cavaliers",2022,"0022100404","20211213",0.2,6.35,TRUE
1628386,"Jarrett Allen","1610612739","Cleveland Cavaliers",2022,"0022100417","20211215",2.7,7.95,FALSE
1628386,"Jarrett Allen","1610612739","Cleveland Cavaliers",2022,"0022100417","20211215",-0.5,6.35,FALSE
1628386,"Jarrett Allen","1610612739","Cleveland Cavaliers",2022,"0022100417","20211215",8,7.25,TRUE
1628386,"Jarrett Allen","1610612739","Cleveland Cavaliers",2022,"0022100417","20211215",-0.7,18.85,FALSE
1628386,"Jarrett Allen","1610612739","Cleveland Cavaliers",2022,"0022100417","20211215",2.3,11.05,FALSE
1628386,"Jarrett Allen","1610612739","Cleveland Cavaliers",2022,"0022100417","20211215",-0.4,5.65,TRUE
1628386,"Jarrett Allen","1610612739","Cleveland Cavaliers",2022,"0022100417","20211215",-1.5,6.05,TRUE
1628386,"Jarrett Allen","1610612739","Cleveland Cavaliers",2022,"0022100417","20211215",2.3,12.05,FALSE
1628386,"Jarrett Allen","1610612739","Cleveland Cavaliers",2022,"0022100446","20211218",-0.1,6.25,TRUE
1628386,"Jarrett Allen","1610612739","Cleveland Cavaliers",2022,"0022100446","20211218",-0.7,6.75,TRUE
1628386,"Jarrett Allen","1610612739","Cleveland Cavaliers",2022,"0022100446","20211218",-7.5,20.95,FALSE
1628386,"Jarrett Allen","1610612739","Cleveland Cavaliers",2022,"0022100446","20211218",-1,6.85,TRUE
1628386,"Jarrett Allen","1610612739","Cleveland Cavaliers",2022,"0022100446","20211218",0,5.25,TRUE
1628386,"Jarrett Allen","1610612739","Cleveland Cavaliers",2022,"0022100446","20211218",-0.5,5.85,TRUE
1628386,"Jarrett Allen","1610612739","Cleveland Cavaliers",2022,"0022100446","20211218",-0.2,7.65,TRUE
1628386,"Jarrett Allen","1610612739","Cleveland Cavaliers",2022,"0022100446","20211218",-1,10.55,FALSE
1628386,"Jarrett Allen","1610612739","Cleveland Cavaliers",2022,"0022100446","20211218",-0.7,5.75,FALSE
1628386,"Jarrett Allen","1610612739","Cleveland Cavaliers",2022,"0022100533","20211231",0,4.65,TRUE
1628386,"Jarrett Allen","1610612739","Cleveland Cavaliers",2022,"0022100533","20211231",-3.7,6.35,TRUE
1628386,"Jarrett Allen","1610612739","Cleveland Cavaliers",2022,"0022100533","20211231",-0.6,5.35,TRUE
1628386,"Jarrett Allen","1610612739","Cleveland Cavaliers",2022,"0022100533","20211231",-0.4,5.25,TRUE
1628386,"Jarrett Allen","1610612739","Cleveland Cavaliers",2022,"0022100533","20211231",-0.5,6.55,TRUE
1628386,"Jarrett Allen","1610612739","Cleveland Cavaliers",2022,"0022100533","20211231",-5.9,11.55,TRUE
1628386,"Jarrett Allen","1610612739","Cleveland Cavaliers",2022,"0022100533","20211231",0,5.25,FALSE
1628386,"Jarrett Allen","1610612739","Cleveland Cavaliers",2022,"0022100533","20211231",0,5.25,TRUE
1628386,"Jarrett Allen","1610612739","Cleveland Cavaliers",2022,"0022100533","20211231",-0.4,5.65,FALSE
1628386,"Jarrett Allen","1610612739","Cleveland Cavaliers",2022,"0022100533","20211231",-0.9,6.65,TRUE
1628386,"Jarrett Allen","1610612739","Cleveland Cavaliers",2022,"0022100533","20211231",-0.2,5.85,TRUE
1628386,"Jarrett Allen","1610612739","Cleveland Cavaliers",2022,"0022100547","20220102",-0.4,11.95,TRUE
1628386,"Jarrett Allen","1610612739","Cleveland Cavaliers",2022,"0022100547","20220102",-0.7,6.35,FALSE
1628386,"Jarrett Allen","1610612739","Cleveland Cavaliers",2022,"0022100547","20220102",23.2,6.85,FALSE
1628386,"Jarrett Allen","1610612739","Cleveland Cavaliers",2022,"0022100547","20220102",5.9,8.35,FALSE
1628386,"Jarrett Allen","1610612739","Cleveland Cavaliers",2022,"0022100547","20220102",0,5.25,FALSE
1628386,"Jarrett Allen","1610612739","Cleveland Cavaliers",2022,"0022100547","20220102",7.2,7.35,TRUE
1628386,"Jarrett Allen","1610612739","Cleveland Cavaliers",2022,"0022100547","20220102",0.1,5.85,TRUE
1628386,"Jarrett Allen","1610612739","Cleveland Cavaliers",2022,"0022100547","20220102",-1.2,5.85,TRUE
1628386,"Jarrett Allen","1610612739","Cleveland Cavaliers",2022,"0022100547","20220102",0.1,11.55,FALSE
1628386,"Jarrett Allen","1610612739","Cleveland Cavaliers",2022,"0022100547","20220102",-0.2,5.25,TRUE
1628386,"Jarrett Allen","1610612739","Cleveland Cavaliers",2022,"0022100547","20220102",-0.1,5.55,TRUE
1628386,"Jarrett Allen","1610612739","Cleveland Cavaliers",2022,"0022100547","20220102",-1,5.75,FALSE
1628386,"Jarrett Allen","1610612739","Cleveland Cavaliers",2022,"0022100562","20220104",7.2,5.65,FALSE
1628386,"Jarrett Allen","1610612739","Cleveland Cavaliers",2022,"0022100562","20220104",-1.7,9.75,FALSE
1628386,"Jarrett Allen","1610612739","Cleveland Cavaliers",2022,"0022100562","20220104",-0.4,5.65,TRUE
1628386,"Jarrett Allen","1610612739","Cleveland Cavaliers",2022,"0022100562","20220104",0,6.55,TRUE
1628386,"Jarrett Allen","1610612739","Cleveland Cavaliers",2022,"0022100562","20220104",1.5,5.25,TRUE
1628386,"Jarrett Allen","1610612739","Cleveland Cavaliers",2022,"0022100562","20220104",-0.1,5.65,TRUE
1628386,"Jarrett Allen","1610612739","Cleveland Cavaliers",2022,"0022100562","20220104",-2.3,19.45,TRUE
1628386,"Jarrett Allen","1610612739","Cleveland Cavaliers",2022,"0022100562","20220104",-0.6,5.75,TRUE
1628386,"Jarrett Allen","1610612739","Cleveland Cavaliers",2022,"0022100562","20220104",-0.5,5.85,TRUE
1628386,"Jarrett Allen","1610612739","Cleveland Cavaliers",2022,"0022100562","20220104",0.7,6.05,FALSE
1628386,"Jarrett Allen","1610612739","Cleveland Cavaliers",2022,"0022100562","20220104",0.6,5.95,TRUE
1628386,"Jarrett Allen","1610612739","Cleveland Cavaliers",2022,"0022100562","20220104",3.6,9.35,TRUE
1628386,"Jarrett Allen","1610612739","Cleveland Cavaliers",2022,"0022100562","20220104",0.2,5.45,TRUE
1628386,"Jarrett Allen","1610612739","Cleveland Cavaliers",2022,"0022100562","20220104",-0.1,6.55,TRUE
1628386,"Jarrett Allen","1610612739","Cleveland Cavaliers",2022,"0022100590","20220107",-2.7,9.75,TRUE
1628386,"Jarrett Allen","1610612739","Cleveland Cavaliers",2022,"0022100590","20220107",0.2,5.65,TRUE
1628386,"Jarrett Allen","1610612739","Cleveland Cavaliers",2022,"0022100590","20220107",1.8,8.45,TRUE
1628386,"Jarrett Allen","1610612739","Cleveland Cavaliers",2022,"0022100590","20220107",0,5.25,TRUE
1628386,"Jarrett Allen","1610612739","Cleveland Cavaliers",2022,"0022100590","20220107",-0.5,5.15,TRUE
1628386,"Jarrett Allen","1610612739","Cleveland Cavaliers",2022,"0022100590","20220107",-2.3,6.95,FALSE
1628386,"Jarrett Allen","1610612739","Cleveland Cavaliers",2022,"0022100604","20220109",3.1,9.75,TRUE
1628386,"Jarrett Allen","1610612739","Cleveland Cavaliers",2022,"0022100604","20220109",0.5,11.65,TRUE
1628386,"Jarrett Allen","1610612739","Cleveland Cavaliers",2022,"0022100604","20220109",1.8,6.65,TRUE
1628386,"Jarrett Allen","1610612739","Cleveland Cavaliers",2022,"0022100604","20220109",-0.2,12.45,FALSE
1628386,"Jarrett Allen","1610612739","Cleveland Cavaliers",2022,"0022100604","20220109",0.1,12.55,TRUE
1628386,"Jarrett Allen","1610612739","Cleveland Cavaliers",2022,"0022100604","20220109",4,6.75,FALSE
1628386,"Jarrett Allen","1610612739","Cleveland Cavaliers",2022,"0022100604","20220109",0,5.25,TRUE
1628386,"Jarrett Allen","1610612739","Cleveland Cavaliers",2022,"0022100611","20220110",-1.6,5.85,TRUE
1628386,"Jarrett Allen","1610612739","Cleveland Cavaliers",2022,"0022100611","20220110",-1.1,8.55,TRUE
1628386,"Jarrett Allen","1610612739","Cleveland Cavaliers",2022,"0022100611","20220110",0.2,10.45,FALSE
1628386,"Jarrett Allen","1610612739","Cleveland Cavaliers",2022,"0022100611","20220110",0.1,12.05,FALSE
1628386,"Jarrett Allen","1610612739","Cleveland Cavaliers",2022,"0022100611","20220110",-0.2,5.85,TRUE
1628386,"Jarrett Allen","1610612739","Cleveland Cavaliers",2022,"0022100611","20220110",2.7,8.15,FALSE
1628386,"Jarrett Allen","1610612739","Cleveland Cavaliers",2022,"0022100611","20220110",-2,7.85,TRUE
1628386,"Jarrett Allen","1610612739","Cleveland Cavaliers",2022,"0022100611","20220110",-1.5,6.35,TRUE
1628386,"Jarrett Allen","1610612739","Cleveland Cavaliers",2022,"0022100611","20220110",-0.2,6.75,FALSE
1628386,"Jarrett Allen","1610612739","Cleveland Cavaliers",2022,"0022100611","20220110",0,5.25,TRUE
1628386,"Jarrett Allen","1610612739","Cleveland Cavaliers",2022,"0022100611","20220110",0.9,5.75,TRUE
1628386,"Jarrett Allen","1610612739","Cleveland Cavaliers",2022,"0022100611","20220110",-0.7,5.75,TRUE
1628386,"Jarrett Allen","1610612739","Cleveland Cavaliers",2022,"0022100611","20220110",-23.7,5.75,FALSE
1628386,"Jarrett Allen","1610612739","Cleveland Cavaliers",2022,"0022100611","20220110",0,5.25,FALSE
1628386,"Jarrett Allen","1610612739","Cleveland Cavaliers",2022,"0022100624","20220112",-1.5,5.65,TRUE
1628386,"Jarrett Allen","1610612739","Cleveland Cavaliers",2022,"0022100624","20220112",0.2,6.85,TRUE
1628386,"Jarrett Allen","1610612739","Cleveland Cavaliers",2022,"0022100624","20220112",4.8,8.15,FALSE
1628386,"Jarrett Allen","1610612739","Cleveland Cavaliers",2022,"0022100624","20220112",0.5,10.05,FALSE
1628386,"Jarrett Allen","1610612739","Cleveland Cavaliers",2022,"0022100624","20220112",1.2,4.65,TRUE
1628386,"Jarrett Allen","1610612739","Cleveland Cavaliers",2022,"0022100624","20220112",1.8,7.35,TRUE
1628386,"Jarrett Allen","1610612739","Cleveland Cavaliers",2022,"0022100624","20220112",-0.9,8.05,TRUE
1628386,"Jarrett Allen","1610612739","Cleveland Cavaliers",2022,"0022100638","20220114",9.4,5.55,FALSE
1628386,"Jarrett Allen","1610612739","Cleveland Cavaliers",2022,"0022100638","20220114",-0.1,5.85,TRUE
1628386,"Jarrett Allen","1610612739","Cleveland Cavaliers",2022,"0022100638","20220114",0,5.25,TRUE
1628386,"Jarrett Allen","1610612739","Cleveland Cavaliers",2022,"0022100638","20220114",-0.1,8.85,TRUE
1628386,"Jarrett Allen","1610612739","Cleveland Cavaliers",2022,"0022100638","20220114",0.1,5.65,TRUE
1628386,"Jarrett Allen","1610612739","Cleveland Cavaliers",2022,"0022100638","20220114",-3.3,19.85,FALSE
1628386,"Jarrett Allen","1610612739","Cleveland Cavaliers",2022,"0022100638","20220114",-5.8,9.65,FALSE
1628386,"Jarrett Allen","1610612739","Cleveland Cavaliers",2022,"0022100638","20220114",1.6,6.75,TRUE
1628386,"Jarrett Allen","1610612739","Cleveland Cavaliers",2022,"0022100638","20220114",0,7.05,TRUE
1628386,"Jarrett Allen","1610612739","Cleveland Cavaliers",2022,"0022100638","20220114",-0.1,7.85,FALSE
1628386,"Jarrett Allen","1610612739","Cleveland Cavaliers",2022,"0022100638","20220114",1.2,7.45,TRUE
1628386,"Jarrett Allen","1610612739","Cleveland Cavaliers",2022,"0022100646","20220115",-0.4,7.35,TRUE
1628386,"Jarrett Allen","1610612739","Cleveland Cavaliers",2022,"0022100646","20220115",0.4,7.25,TRUE
1628386,"Jarrett Allen","1610612739","Cleveland Cavaliers",2022,"0022100646","20220115",0.5,7.35,TRUE
1628386,"Jarrett Allen","1610612739","Cleveland Cavaliers",2022,"0022100646","20220115",6.9,11.05,FALSE
1628386,"Jarrett Allen","1610612739","Cleveland Cavaliers",2022,"0022100646","20220115",-1.8,8.65,FALSE
1628386,"Jarrett Allen","1610612739","Cleveland Cavaliers",2022,"0022100646","20220115",2.2,6.05,TRUE
1628386,"Jarrett Allen","1610612739","Cleveland Cavaliers",2022,"0022100646","20220115",0.1,10.25,FALSE
1628386,"Jarrett Allen","1610612739","Cleveland Cavaliers",2022,"0022100646","20220115",0.1,6.75,TRUE
1628386,"Jarrett Allen","1610612739","Cleveland Cavaliers",2022,"0022100646","20220115",-6.9,10.25,FALSE
1628386,"Jarrett Allen","1610612739","Cleveland Cavaliers",2022,"0022100657","20220117",0.5,5.95,TRUE
1628386,"Jarrett Allen","1610612739","Cleveland Cavaliers",2022,"0022100657","20220117",0.1,6.45,TRUE
1628386,"Jarrett Allen","1610612739","Cleveland Cavaliers",2022,"0022100657","20220117",0,5.25,TRUE
1628386,"Jarrett Allen","1610612739","Cleveland Cavaliers",2022,"0022100657","20220117",0,5.25,TRUE
1628386,"Jarrett Allen","1610612739","Cleveland Cavaliers",2022,"0022100657","20220117",-2,21.05,TRUE
1628386,"Jarrett Allen","1610612739","Cleveland Cavaliers",2022,"0022100657","20220117",-4.5,9.75,TRUE
1628386,"Jarrett Allen","1610612739","Cleveland Cavaliers",2022,"0022100673","20220119",-5.1,4.75,FALSE
1628386,"Jarrett Allen","1610612739","Cleveland Cavaliers",2022,"0022100673","20220119",2.2,14.25,TRUE
1628386,"Jarrett Allen","1610612739","Cleveland Cavaliers",2022,"0022100673","20220119",0.4,5.65,TRUE
1628386,"Jarrett Allen","1610612739","Cleveland Cavaliers",2022,"0022100673","20220119",0,5.25,FALSE
1628386,"Jarrett Allen","1610612739","Cleveland Cavaliers",2022,"0022100673","20220119",0.2,7.95,FALSE
1628386,"Jarrett Allen","1610612739","Cleveland Cavaliers",2022,"0022100695","20220122",-0.2,6.25,FALSE
1628386,"Jarrett Allen","1610612739","Cleveland Cavaliers",2022,"0022100695","20220122",0.2,5.65,TRUE
1628386,"Jarrett Allen","1610612739","Cleveland Cavaliers",2022,"0022100695","20220122",6.2,11.75,TRUE
1628386,"Jarrett Allen","1610612739","Cleveland Cavaliers",2022,"0022100695","20220122",0.4,5.65,TRUE
1628386,"Jarrett Allen","1610612739","Cleveland Cavaliers",2022,"0022100695","20220122",1,6.85,TRUE
1628386,"Jarrett Allen","1610612739","Cleveland Cavaliers",2022,"0022100695","20220122",0.2,6.75,TRUE
1628386,"Jarrett Allen","1610612739","Cleveland Cavaliers",2022,"0022100695","20220122",-0.2,6.85,FALSE
1628386,"Jarrett Allen","1610612739","Cleveland Cavaliers",2022,"0022100695","20220122",-0.5,22.65,TRUE
1628386,"Jarrett Allen","1610612739","Cleveland Cavaliers",2022,"0022100695","20220122",0.4,8.15,FALSE
1628386,"Jarrett Allen","1610612739","Cleveland Cavaliers",2022,"0022100722","20220126",0.4,6.25,TRUE
1628386,"Jarrett Allen","1610612739","Cleveland Cavaliers",2022,"0022100722","20220126",-2.9,8.45,TRUE
1628386,"Jarrett Allen","1610612739","Cleveland Cavaliers",2022,"0022100722","20220126",0.4,5.85,FALSE
1628386,"Jarrett Allen","1610612739","Cleveland Cavaliers",2022,"0022100722","20220126",0,5.25,FALSE
1628386,"Jarrett Allen","1610612739","Cleveland Cavaliers",2022,"0022100722","20220126",0,5.25,TRUE
1628386,"Jarrett Allen","1610612739","Cleveland Cavaliers",2022,"0022100722","20220126",0,6.05,FALSE
1628386,"Jarrett Allen","1610612739","Cleveland Cavaliers",2022,"0022100722","20220126",-1.6,8.45,FALSE
1628386,"Jarrett Allen","1610612739","Cleveland Cavaliers",2022,"0022100722","20220126",15.3,7.85,TRUE
1628386,"Jarrett Allen","1610612739","Cleveland Cavaliers",2022,"0022100722","20220126",0.7,11.95,FALSE
1628386,"Jarrett Allen","1610612739","Cleveland Cavaliers",2022,"0022100754","20220130",2.1,6.05,TRUE
1628386,"Jarrett Allen","1610612739","Cleveland Cavaliers",2022,"0022100754","20220130",-1.3,8.15,TRUE
1628386,"Jarrett Allen","1610612739","Cleveland Cavaliers",2022,"0022100754","20220130",-3.1,6.95,FALSE
1628386,"Jarrett Allen","1610612739","Cleveland Cavaliers",2022,"0022100754","20220130",-1,7.35,TRUE
1628386,"Jarrett Allen","1610612739","Cleveland Cavaliers",2022,"0022100754","20220130",0,19.25,FALSE
1628386,"Jarrett Allen","1610612739","Cleveland Cavaliers",2022,"0022100754","20220130",-0.7,7.25,TRUE
1628386,"Jarrett Allen","1610612739","Cleveland Cavaliers",2022,"0022100754","20220130",1.3,8.15,FALSE
1628386,"Jarrett Allen","1610612739","Cleveland Cavaliers",2022,"0022100754","20220130",-18,32.95,FALSE
1628386,"Jarrett Allen","1610612739","Cleveland Cavaliers",2022,"0022100754","20220130",-0.1,7.45,FALSE
1628386,"Jarrett Allen","1610612739","Cleveland Cavaliers",2022,"0022100754","20220130",2.3,5.75,FALSE
1628386,"Jarrett Allen","1610612739","Cleveland Cavaliers",2022,"0022100754","20220130",-2.3,5.95,FALSE
1628386,"Jarrett Allen","1610612739","Cleveland Cavaliers",2022,"0022100759","20220131",-12,16.05,FALSE
1628386,"Jarrett Allen","1610612739","Cleveland Cavaliers",2022,"0022100759","20220131",-0.9,5.75,FALSE
1628386,"Jarrett Allen","1610612739","Cleveland Cavaliers",2022,"0022100759","20220131",-6.6,8.35,TRUE
1628386,"Jarrett Allen","1610612739","Cleveland Cavaliers",2022,"0022100759","20220131",3.2,6.95,FALSE
1628386,"Jarrett Allen","1610612739","Cleveland Cavaliers",2022,"0022100759","20220131",-0.6,6.05,FALSE
1628386,"Jarrett Allen","1610612739","Cleveland Cavaliers",2022,"0022100759","20220131",-0.2,5.75,TRUE
1628386,"Jarrett Allen","1610612739","Cleveland Cavaliers",2022,"0022100759","20220131",-3.6,9.55,TRUE
1628386,"Jarrett Allen","1610612739","Cleveland Cavaliers",2022,"0022100759","20220131",-0.2,5.65,TRUE
1628386,"Jarrett Allen","1610612739","Cleveland Cavaliers",2022,"0022100759","20220131",-2.5,13.15,FALSE
1628386,"Jarrett Allen","1610612739","Cleveland Cavaliers",2022,"0022100759","20220131",-1.1,5.15,TRUE
1628386,"Jarrett Allen","1610612739","Cleveland Cavaliers",2022,"0022100759","20220131",1.7,10.25,TRUE
1628386,"Jarrett Allen","1610612739","Cleveland Cavaliers",2022,"0022100759","20220131",0,5.45,TRUE
1628386,"Jarrett Allen","1610612739","Cleveland Cavaliers",2022,"0022100777","20220202",-0.6,6.05,TRUE
1628386,"Jarrett Allen","1610612739","Cleveland Cavaliers",2022,"0022100777","20220202",0.9,15.15,TRUE
1628386,"Jarrett Allen","1610612739","Cleveland Cavaliers",2022,"0022100777","20220202",-0.2,5.95,TRUE
1628386,"Jarrett Allen","1610612739","Cleveland Cavaliers",2022,"0022100777","20220202",-5.9,6.35,FALSE
1628386,"Jarrett Allen","1610612739","Cleveland Cavaliers",2022,"0022100777","20220202",1.2,5.45,TRUE
1628386,"Jarrett Allen","1610612739","Cleveland Cavaliers",2022,"0022100777","20220202",0.7,9.15,FALSE
1628386,"Jarrett Allen","1610612739","Cleveland Cavaliers",2022,"0022100777","20220202",0.5,5.75,TRUE
1628386,"Jarrett Allen","1610612739","Cleveland Cavaliers",2022,"0022100787","20220204",-0.4,7.45,TRUE
1628386,"Jarrett Allen","1610612739","Cleveland Cavaliers",2022,"0022100787","20220204",-1.1,6.05,TRUE
1628386,"Jarrett Allen","1610612739","Cleveland Cavaliers",2022,"0022100787","20220204",0.9,7.75,TRUE
1628386,"Jarrett Allen","1610612739","Cleveland Cavaliers",2022,"0022100787","20220204",3.1,7.25,FALSE
1628386,"Jarrett Allen","1610612739","Cleveland Cavaliers",2022,"0022100787","20220204",0,7.75,TRUE
1628386,"Jarrett Allen","1610612739","Cleveland Cavaliers",2022,"0022100787","20220204",0,5.25,FALSE
1628386,"Jarrett Allen","1610612739","Cleveland Cavaliers",2022,"0022100787","20220204",0.7,5.85,FALSE
1628386,"Jarrett Allen","1610612739","Cleveland Cavaliers",2022,"0022100787","20220204",0.1,10.55,FALSE
1628386,"Jarrett Allen","1610612739","Cleveland Cavaliers",2022,"0022100787","20220204",0.2,9.35,FALSE
1628386,"Jarrett Allen","1610612739","Cleveland Cavaliers",2022,"0022100787","20220204",0.6,23.45,TRUE
1628386,"Jarrett Allen","1610612739","Cleveland Cavaliers",2022,"0022100787","20220204",3.7,21.65,TRUE
1628386,"Jarrett Allen","1610612739","Cleveland Cavaliers",2022,"0022100787","20220204",-0.2,9.15,TRUE
1628386,"Jarrett Allen","1610612739","Cleveland Cavaliers",2022,"0022100787","20220204",-2.9,6.25,TRUE
1628386,"Jarrett Allen","1610612739","Cleveland Cavaliers",2022,"0022100787","20220204",-0.2,20.55,FALSE
1628386,"Jarrett Allen","1610612739","Cleveland Cavaliers",2022,"0022100787","20220204",0,5.25,FALSE
1628386,"Jarrett Allen","1610612739","Cleveland Cavaliers",2022,"0022100787","20220204",0,5.25,TRUE
1628386,"Jarrett Allen","1610612739","Cleveland Cavaliers",2022,"0022100787","20220204",-0.5,6.95,TRUE
1628386,"Jarrett Allen","1610612739","Cleveland Cavaliers",2022,"0022100787","20220204",-0.2,8.85,FALSE
1628386,"Jarrett Allen","1610612739","Cleveland Cavaliers",2022,"0022100787","20220204",-0.7,8.85,TRUE
1628386,"Jarrett Allen","1610612739","Cleveland Cavaliers",2022,"0022100787","20220204",0,5.25,TRUE
1628386,"Jarrett Allen","1610612739","Cleveland Cavaliers",2022,"0022100805","20220206",-18.8,24.85,FALSE
1628386,"Jarrett Allen","1610612739","Cleveland Cavaliers",2022,"0022100805","20220206",-2.6,5.25,FALSE
1628386,"Jarrett Allen","1610612739","Cleveland Cavaliers",2022,"0022100805","20220206",-0.6,6.75,TRUE
1628386,"Jarrett Allen","1610612739","Cleveland Cavaliers",2022,"0022100805","20220206",-3.1,12.25,FALSE
1628386,"Jarrett Allen","1610612739","Cleveland Cavaliers",2022,"0022100805","20220206",0.4,5.65,TRUE
1628386,"Jarrett Allen","1610612739","Cleveland Cavaliers",2022,"0022100805","20220206",-1.5,11.45,FALSE
1628386,"Jarrett Allen","1610612739","Cleveland Cavaliers",2022,"0022100805","20220206",0,5.25,FALSE
1628386,"Jarrett Allen","1610612739","Cleveland Cavaliers",2022,"0022100805","20220206",-0.4,5.95,TRUE
1628386,"Jarrett Allen","1610612739","Cleveland Cavaliers",2022,"0022100805","20220206",-4,16.95,FALSE
1628386,"Jarrett Allen","1610612739","Cleveland Cavaliers",2022,"0022100805","20220206",0,5.65,TRUE
1628386,"Jarrett Allen","1610612739","Cleveland Cavaliers",2022,"0022100805","20220206",-1.1,20.05,FALSE
1628386,"Jarrett Allen","1610612739","Cleveland Cavaliers",2022,"0022100805","20220206",-0.2,6.55,TRUE
1628386,"Jarrett Allen","1610612739","Cleveland Cavaliers",2022,"0022100825","20220209",-11.2,19.65,FALSE
1628386,"Jarrett Allen","1610612739","Cleveland Cavaliers",2022,"0022100825","20220209",-0.9,5.25,TRUE
1628386,"Jarrett Allen","1610612739","Cleveland Cavaliers",2022,"0022100825","20220209",0.1,11.75,TRUE
1628386,"Jarrett Allen","1610612739","Cleveland Cavaliers",2022,"0022100825","20220209",-9.1,9.15,FALSE
1628386,"Jarrett Allen","1610612739","Cleveland Cavaliers",2022,"0022100825","20220209",-1.6,7.25,TRUE
1628386,"Jarrett Allen","1610612739","Cleveland Cavaliers",2022,"0022100825","20220209",0.1,5.05,TRUE
1628386,"Jarrett Allen","1610612739","Cleveland Cavaliers",2022,"0022100825","20220209",-0.1,7.35,FALSE
1628386,"Jarrett Allen","1610612739","Cleveland Cavaliers",2022,"0022100825","20220209",-2.3,8.25,FALSE
1628386,"Jarrett Allen","1610612739","Cleveland Cavaliers",2022,"0022100825","20220209",0.1,6.05,TRUE
1628386,"Jarrett Allen","1610612739","Cleveland Cavaliers",2022,"0022100825","20220209",1.5,7.65,TRUE
1628386,"Jarrett Allen","1610612739","Cleveland Cavaliers",2022,"0022100825","20220209",-0.6,5.55,TRUE
1628386,"Jarrett Allen","1610612739","Cleveland Cavaliers",2022,"0022100839","20220211",4.9,7.35,FALSE
1628386,"Jarrett Allen","1610612739","Cleveland Cavaliers",2022,"0022100839","20220211",2.2,5.35,FALSE
1628386,"Jarrett Allen","1610612739","Cleveland Cavaliers",2022,"0022100839","20220211",0,5.25,TRUE
1628386,"Jarrett Allen","1610612739","Cleveland Cavaliers",2022,"0022100839","20220211",-0.9,6.25,TRUE
1628386,"Jarrett Allen","1610612739","Cleveland Cavaliers",2022,"0022100839","20220211",3.1,5.75,TRUE
1628386,"Jarrett Allen","1610612739","Cleveland Cavaliers",2022,"0022100839","20220211",-1.7,6.05,TRUE
1628386,"Jarrett Allen","1610612739","Cleveland Cavaliers",2022,"0022100839","20220211",0.4,6.15,TRUE
1628386,"Jarrett Allen","1610612739","Cleveland Cavaliers",2022,"0022100839","20220211",-0.6,6.05,TRUE
1628386,"Jarrett Allen","1610612739","Cleveland Cavaliers",2022,"0022100839","20220211",0,5.25,TRUE
1628386,"Jarrett Allen","1610612739","Cleveland Cavaliers",2022,"0022100839","20220211",0.6,6.95,TRUE
1628386,"Jarrett Allen","1610612739","Cleveland Cavaliers",2022,"0022100839","20220211",-0.4,9.45,FALSE
1628386,"Jarrett Allen","1610612739","Cleveland Cavaliers",2022,"0022100839","20220211",-1.3,20.15,FALSE
1628386,"Jarrett Allen","1610612739","Cleveland Cavaliers",2022,"0022100849","20220212",-1.8,13.15,FALSE
1628386,"Jarrett Allen","1610612739","Cleveland Cavaliers",2022,"0022100849","20220212",0.1,5.95,TRUE
1628386,"Jarrett Allen","1610612739","Cleveland Cavaliers",2022,"0022100849","20220212",5,6.05,TRUE
1628386,"Jarrett Allen","1610612739","Cleveland Cavaliers",2022,"0022100849","20220212",1.3,7.85,TRUE
1628386,"Jarrett Allen","1610612739","Cleveland Cavaliers",2022,"0022100849","20220212",2.2,5.85,FALSE
1628386,"Jarrett Allen","1610612739","Cleveland Cavaliers",2022,"0022100849","20220212",0,5.25,TRUE
1628386,"Jarrett Allen","1610612739","Cleveland Cavaliers",2022,"0022100849","20220212",12,4.05,FALSE
1628386,"Jarrett Allen","1610612739","Cleveland Cavaliers",2022,"0022100849","20220212",0.1,6.55,TRUE
1628386,"Jarrett Allen","1610612739","Cleveland Cavaliers",2022,"0022100849","20220212",0,6.75,FALSE
1628386,"Jarrett Allen","1610612739","Cleveland Cavaliers",2022,"0022100867","20220215",-0.4,16.35,FALSE
1628386,"Jarrett Allen","1610612739","Cleveland Cavaliers",2022,"0022100867","20220215",-3.7,9.85,FALSE
1628386,"Jarrett Allen","1610612739","Cleveland Cavaliers",2022,"0022100867","20220215",-10.5,13.25,TRUE
1628386,"Jarrett Allen","1610612739","Cleveland Cavaliers",2022,"0022100867","20220215",0.1,4.85,TRUE
1628386,"Jarrett Allen","1610612739","Cleveland Cavaliers",2022,"0022100867","20220215",0.7,4.45,TRUE
1628386,"Jarrett Allen","1610612739","Cleveland Cavaliers",2022,"0022100867","20220215",0.2,13.65,TRUE
1628386,"Jarrett Allen","1610612739","Cleveland Cavaliers",2022,"0022100867","20220215",0.6,6.55,TRUE
1628386,"Jarrett Allen","1610612739","Cleveland Cavaliers",2022,"0022100867","20220215",0.2,9.85,TRUE
1628386,"Jarrett Allen","1610612739","Cleveland Cavaliers",2022,"0022100889","20220224",1.2,4.55,TRUE
1628386,"Jarrett Allen","1610612739","Cleveland Cavaliers",2022,"0022100889","20220224",1.6,8.95,TRUE
1628386,"Jarrett Allen","1610612739","Cleveland Cavaliers",2022,"0022100889","20220224",0.9,7.35,FALSE
1628386,"Jarrett Allen","1610612739","Cleveland Cavaliers",2022,"0022100889","20220224",3.2,6.35,FALSE
1628386,"Jarrett Allen","1610612739","Cleveland Cavaliers",2022,"0022100889","20220224",5.8,7.55,TRUE
1628386,"Jarrett Allen","1610612739","Cleveland Cavaliers",2022,"0022100889","20220224",-2,8.85,TRUE
1628386,"Jarrett Allen","1610612739","Cleveland Cavaliers",2022,"0022100889","20220224",-1.6,5.25,TRUE
1628386,"Jarrett Allen","1610612739","Cleveland Cavaliers",2022,"0022100889","20220224",1.6,6.95,FALSE
1628386,"Jarrett Allen","1610612739","Cleveland Cavaliers",2022,"0022100889","20220224",1,7.55,FALSE
1628386,"Jarrett Allen","1610612739","Cleveland Cavaliers",2022,"0022100907","20220226",-0.4,5.65,TRUE
1628386,"Jarrett Allen","1610612739","Cleveland Cavaliers",2022,"0022100907","20220226",0.6,5.35,TRUE
1628386,"Jarrett Allen","1610612739","Cleveland Cavaliers",2022,"0022100907","20220226",-0.9,5.85,FALSE
1628386,"Jarrett Allen","1610612739","Cleveland Cavaliers",2022,"0022100907","20220226",-0.2,5.95,TRUE
1628386,"Jarrett Allen","1610612739","Cleveland Cavaliers",2022,"0022100907","20220226",0.2,6.35,TRUE
1628386,"Jarrett Allen","1610612739","Cleveland Cavaliers",2022,"0022100907","20220226",-1.1,5.65,TRUE
1628386,"Jarrett Allen","1610612739","Cleveland Cavaliers",2022,"0022100907","20220226",-13.8,5.15,TRUE
1628386,"Jarrett Allen","1610612739","Cleveland Cavaliers",2022,"0022100907","20220226",-0.7,5.35,TRUE
1628386,"Jarrett Allen","1610612739","Cleveland Cavaliers",2022,"0022100920","20220228",-0.1,5.45,TRUE
1628386,"Jarrett Allen","1610612739","Cleveland Cavaliers",2022,"0022100920","20220228",-6.5,21.15,TRUE
1628386,"Jarrett Allen","1610612739","Cleveland Cavaliers",2022,"0022100920","20220228",-0.2,12.15,FALSE
1628386,"Jarrett Allen","1610612739","Cleveland Cavaliers",2022,"0022100920","20220228",0,5.25,TRUE
1628386,"Jarrett Allen","1610612739","Cleveland Cavaliers",2022,"0022100920","20220228",13.6,11.95,TRUE
1628386,"Jarrett Allen","1610612739","Cleveland Cavaliers",2022,"0022100920","20220228",-0.6,5.25,TRUE
1628386,"Jarrett Allen","1610612739","Cleveland Cavaliers",2022,"0022100920","20220228",-0.1,4.65,TRUE
1628386,"Jarrett Allen","1610612739","Cleveland Cavaliers",2022,"0022100920","20220228",-0.7,4.75,TRUE
1628386,"Jarrett Allen","1610612739","Cleveland Cavaliers",2022,"0022100920","20220228",-1,4.25,TRUE
1628386,"Jarrett Allen","1610612739","Cleveland Cavaliers",2022,"0022100920","20220228",0.4,9.05,TRUE
1628386,"Jarrett Allen","1610612739","Cleveland Cavaliers",2022,"0022100932","20220302",-1,6.05,TRUE
1628386,"Jarrett Allen","1610612739","Cleveland Cavaliers",2022,"0022100932","20220302",-4.4,7.95,FALSE
1628386,"Jarrett Allen","1610612739","Cleveland Cavaliers",2022,"0022100932","20220302",-0.2,10.65,TRUE
1628386,"Jarrett Allen","1610612739","Cleveland Cavaliers",2022,"0022100932","20220302",-0.2,5.75,TRUE
1628386,"Jarrett Allen","1610612739","Cleveland Cavaliers",2022,"0022100932","20220302",5.5,11.25,TRUE
1628386,"Jarrett Allen","1610612739","Cleveland Cavaliers",2022,"0022100932","20220302",8.8,18.85,TRUE
1628386,"Jarrett Allen","1610612739","Cleveland Cavaliers",2022,"0022100932","20220302",-0.1,5.35,TRUE
1628386,"Jarrett Allen","1610612739","Cleveland Cavaliers",2022,"0022100932","20220302",-0.5,4.55,TRUE
1628386,"Jarrett Allen","1610612739","Cleveland Cavaliers",2022,"0022100932","20220302",-0.4,8.25,FALSE
1628386,"Jarrett Allen","1610612739","Cleveland Cavaliers",2022,"0022100947","20220304",-0.7,6.95,TRUE
1628386,"Jarrett Allen","1610612739","Cleveland Cavaliers",2022,"0022100947","20220304",0.5,5.95,TRUE
1628386,"Jarrett Allen","1610612739","Cleveland Cavaliers",2022,"0022100947","20220304",0.6,5.75,TRUE
1628386,"Jarrett Allen","1610612739","Cleveland Cavaliers",2022,"0022100947","20220304",0,3.35,TRUE
1628386,"Jarrett Allen","1610612739","Cleveland Cavaliers",2022,"0022100947","20220304",4.5,9.15,FALSE
1628386,"Jarrett Allen","1610612739","Cleveland Cavaliers",2022,"0022100947","20220304",1.2,11.15,FALSE
1628386,"Jarrett Allen","1610612739","Cleveland Cavaliers",2022,"0022100947","20220304",-2.1,5.55,TRUE
1628386,"Jarrett Allen","1610612739","Cleveland Cavaliers",2022,"0022100947","20220304",0,7.25,TRUE
1628386,"Jarrett Allen","1610612739","Cleveland Cavaliers",2022,"0022100947","20220304",-0.2,7.35,TRUE
1628386,"Jarrett Allen","1610612739","Cleveland Cavaliers",2022,"0022100947","20220304",-1.5,13.95,TRUE
1628386,"Jarrett Allen","1610612739","Cleveland Cavaliers",2022,"0022100947","20220304",0.4,12.15,TRUE
1628386,"Jarrett Allen","1610612739","Cleveland Cavaliers",2022,"0022100962","20220306",-0.4,6.75,TRUE
1628386,"Jarrett Allen","1610612739","Cleveland Cavaliers",2022,"0022100962","20220306",0.1,5.85,TRUE
1628386,"Jarrett Allen","1610612739","Cleveland Cavaliers",2022,"0022100962","20220306",-0.5,5.45,TRUE
1628386,"Jarrett Allen","1610612739","Cleveland Cavaliers",2022,"0022100962","20220306",-0.5,10.25,FALSE
1628386,"Jarrett Allen","1610612739","Cleveland Cavaliers",2023,"0022200008","20221019",0,5.25,FALSE
1628386,"Jarrett Allen","1610612739","Cleveland Cavaliers",2023,"0022200008","20221019",0,5.25,TRUE
1628386,"Jarrett Allen","1610612739","Cleveland Cavaliers",2023,"0022200008","20221019",0.1,6.65,TRUE
1628386,"Jarrett Allen","1610612739","Cleveland Cavaliers",2023,"0022200008","20221019",-1.1,11.45,TRUE
1628386,"Jarrett Allen","1610612739","Cleveland Cavaliers",2023,"0022200008","20221019",-2.2,11.45,FALSE
1628386,"Jarrett Allen","1610612739","Cleveland Cavaliers",2023,"0022200008","20221019",-2.7,9.95,TRUE
1628386,"Jarrett Allen","1610612739","Cleveland Cavaliers",2023,"0022200008","20221019",-1,5.75,TRUE
1628386,"Jarrett Allen","1610612739","Cleveland Cavaliers",2023,"0022200008","20221019",1.6,5.95,FALSE
1628386,"Jarrett Allen","1610612739","Cleveland Cavaliers",2023,"0022200032","20221022",-1.7,7.75,TRUE
1628386,"Jarrett Allen","1610612739","Cleveland Cavaliers",2023,"0022200032","20221022",-0.5,11.15,FALSE
1628386,"Jarrett Allen","1610612739","Cleveland Cavaliers",2023,"0022200032","20221022",-2.8,20.95,TRUE
1628386,"Jarrett Allen","1610612739","Cleveland Cavaliers",2023,"0022200032","20221022",2.6,5.75,TRUE
1628386,"Jarrett Allen","1610612739","Cleveland Cavaliers",2023,"0022200032","20221022",0.1,4.75,TRUE
1628386,"Jarrett Allen","1610612739","Cleveland Cavaliers",2023,"0022200032","20221022",-0.2,19.95,FALSE
1628386,"Jarrett Allen","1610612739","Cleveland Cavaliers",2023,"0022200039","20221023",-3.7,10.15,FALSE
1628386,"Jarrett Allen","1610612739","Cleveland Cavaliers",2023,"0022200039","20221023",1.3,10.15,FALSE
1628386,"Jarrett Allen","1610612739","Cleveland Cavaliers",2023,"0022200039","20221023",-0.2,6.95,TRUE
1628386,"Jarrett Allen","1610612739","Cleveland Cavaliers",2023,"0022200039","20221023",0.1,4.85,TRUE
1628386,"Jarrett Allen","1610612739","Cleveland Cavaliers",2023,"0022200039","20221023",17.2,8.85,TRUE
1628386,"Jarrett Allen","1610612739","Cleveland Cavaliers",2023,"0022200039","20221023",4.5,8.85,TRUE
1628386,"Jarrett Allen","1610612739","Cleveland Cavaliers",2023,"0022200039","20221023",-0.2,7.65,FALSE
1628386,"Jarrett Allen","1610612739","Cleveland Cavaliers",2023,"0022200039","20221023",0,10.95,FALSE
1628386,"Jarrett Allen","1610612739","Cleveland Cavaliers",2023,"0022200039","20221023",0,5.25,TRUE
1628386,"Jarrett Allen","1610612739","Cleveland Cavaliers",2023,"0022200039","20221023",-2.2,11.95,FALSE
1628386,"Jarrett Allen","1610612739","Cleveland Cavaliers",2023,"0022200039","20221023",-3.3,14.55,FALSE
1628386,"Jarrett Allen","1610612739","Cleveland Cavaliers",2023,"0022200039","20221023",-1.2,9.75,FALSE
1628386,"Jarrett Allen","1610612739","Cleveland Cavaliers",2023,"0022200039","20221023",0.7,6.55,TRUE
1628386,"Jarrett Allen","1610612739","Cleveland Cavaliers",2023,"0022200056","20221026",-2.9,6.05,FALSE
1628386,"Jarrett Allen","1610612739","Cleveland Cavaliers",2023,"0022200056","20221026",-0.7,5.15,TRUE
1628386,"Jarrett Allen","1610612739","Cleveland Cavaliers",2023,"0022200056","20221026",-1.1,7.55,FALSE
1628386,"Jarrett Allen","1610612739","Cleveland Cavaliers",2023,"0022200056","20221026",-2,5.95,TRUE
1628386,"Jarrett Allen","1610612739","Cleveland Cavaliers",2023,"0022200056","20221026",-0.4,6.95,FALSE
1628386,"Jarrett Allen","1610612739","Cleveland Cavaliers",2023,"0022200056","20221026",0,5.25,TRUE
1628386,"Jarrett Allen","1610612739","Cleveland Cavaliers",2023,"0022200056","20221026",-1.5,14.75,FALSE
1628386,"Jarrett Allen","1610612739","Cleveland Cavaliers",2023,"0022200056","20221026",0.1,7.65,TRUE
1628386,"Jarrett Allen","1610612739","Cleveland Cavaliers",2023,"0022200056","20221026",0.6,7.35,TRUE
1628386,"Jarrett Allen","1610612739","Cleveland Cavaliers",2023,"0022200056","20221026",0.6,6.25,TRUE
1628386,"Jarrett Allen","1610612739","Cleveland Cavaliers",2023,"0022200056","20221026",0,5.25,TRUE
1628386,"Jarrett Allen","1610612739","Cleveland Cavaliers",2023,"0022200072","20221028",2,10.45,FALSE
1628386,"Jarrett Allen","1610612739","Cleveland Cavaliers",2023,"0022200072","20221028",-3.3,7.35,TRUE
1628386,"Jarrett Allen","1610612739","Cleveland Cavaliers",2023,"0022200072","20221028",-1.4,8.15,TRUE
1628386,"Jarrett Allen","1610612739","Cleveland Cavaliers",2023,"0022200072","20221028",22.8,13.05,FALSE
1628386,"Jarrett Allen","1610612739","Cleveland Cavaliers",2023,"0022200072","20221028",0,7.75,TRUE
1628386,"Jarrett Allen","1610612739","Cleveland Cavaliers",2023,"0022200072","20221028",0,5.25,FALSE
1628386,"Jarrett Allen","1610612739","Cleveland Cavaliers",2023,"0022200072","20221028",3.4,8.95,FALSE
1628386,"Jarrett Allen","1610612739","Cleveland Cavaliers",2023,"0022200072","20221028",-0.5,8.35,TRUE
1628386,"Jarrett Allen","1610612739","Cleveland Cavaliers",2023,"0022200072","20221028",10.5,18.95,TRUE
1628386,"Jarrett Allen","1610612739","Cleveland Cavaliers",2023,"0022200090","20221030",-1,6.55,FALSE
1628386,"Jarrett Allen","1610612739","Cleveland Cavaliers",2023,"0022200090","20221030",0.1,4.35,TRUE
1628386,"Jarrett Allen","1610612739","Cleveland Cavaliers",2023,"0022200090","20221030",3.4,10.25,TRUE
1628386,"Jarrett Allen","1610612739","Cleveland Cavaliers",2023,"0022200090","20221030",-6.4,30.55,FALSE
1628386,"Jarrett Allen","1610612739","Cleveland Cavaliers",2023,"0022200090","20221030",0.9,7.25,TRUE
1628386,"Jarrett Allen","1610612739","Cleveland Cavaliers",2023,"0022200090","20221030",-3.3,9.05,FALSE
1628386,"Jarrett Allen","1610612739","Cleveland Cavaliers",2023,"0022200090","20221030",6.6,11.15,FALSE
1628386,"Jarrett Allen","1610612739","Cleveland Cavaliers",2023,"0022200090","20221030",-2.5,14.25,FALSE
1628386,"Jarrett Allen","1610612739","Cleveland Cavaliers",2023,"0022200107","20221102",-0.7,6.35,TRUE
1628386,"Jarrett Allen","1610612739","Cleveland Cavaliers",2023,"0022200107","20221102",-3.2,13.15,FALSE
1628386,"Jarrett Allen","1610612739","Cleveland Cavaliers",2023,"0022200107","20221102",-0.1,6.25,TRUE
1628386,"Jarrett Allen","1610612739","Cleveland Cavaliers",2023,"0022200107","20221102",4,10.65,FALSE
1628386,"Jarrett Allen","1610612739","Cleveland Cavaliers",2023,"0022200107","20221102",-1,6.55,FALSE
1628386,"Jarrett Allen","1610612739","Cleveland Cavaliers",2023,"0022200107","20221102",-0.5,6.95,TRUE
1628386,"Jarrett Allen","1610612739","Cleveland Cavaliers",2023,"0022200107","20221102",1.6,6.75,FALSE
1628386,"Jarrett Allen","1610612739","Cleveland Cavaliers",2023,"0022200107","20221102",0.9,6.65,TRUE
1628386,"Jarrett Allen","1610612739","Cleveland Cavaliers",2023,"0022200107","20221102",1.6,6.25,TRUE
1628386,"Jarrett Allen","1610612739","Cleveland Cavaliers",2023,"0022200107","20221102",-0.9,7.35,FALSE
1628386,"Jarrett Allen","1610612739","Cleveland Cavaliers",2023,"0022200107","20221102",-0.9,6.65,TRUE
1628386,"Jarrett Allen","1610612739","Cleveland Cavaliers",2023,"0022200120","20221104",2.8,5.25,FALSE
1628386,"Jarrett Allen","1610612739","Cleveland Cavaliers",2023,"0022200120","20221104",0,5.25,FALSE
1628386,"Jarrett Allen","1610612739","Cleveland Cavaliers",2023,"0022200120","20221104",-2,7.15,TRUE
1628386,"Jarrett Allen","1610612739","Cleveland Cavaliers",2023,"0022200120","20221104",-0.7,7.35,FALSE
1628386,"Jarrett Allen","1610612739","Cleveland Cavaliers",2023,"0022200120","20221104",0.1,6.95,TRUE
1628386,"Jarrett Allen","1610612739","Cleveland Cavaliers",2023,"0022200120","20221104",0.8,12.45,TRUE
1628386,"Jarrett Allen","1610612739","Cleveland Cavaliers",2023,"0022200120","20221104",2.3,6.85,TRUE
1628386,"Jarrett Allen","1610612739","Cleveland Cavaliers",2023,"0022200120","20221104",0.1,8.75,TRUE
1628386,"Jarrett Allen","1610612739","Cleveland Cavaliers",2023,"0022200120","20221104",8,16.05,TRUE
1628386,"Jarrett Allen","1610612739","Cleveland Cavaliers",2023,"0022200120","20221104",-0.4,6.95,TRUE
1628386,"Jarrett Allen","1610612739","Cleveland Cavaliers",2023,"0022200120","20221104",0.7,8.35,TRUE
1628386,"Jarrett Allen","1610612739","Cleveland Cavaliers",2023,"0022200120","20221104",-2.3,4.45,TRUE
1628386,"Jarrett Allen","1610612739","Cleveland Cavaliers",2023,"0022200120","20221104",-0.2,6.25,TRUE
1628386,"Jarrett Allen","1610612739","Cleveland Cavaliers",2023,"0022200120","20221104",-2.1,11.25,FALSE
1628386,"Jarrett Allen","1610612739","Cleveland Cavaliers",2023,"0022200120","20221104",3.4,9.05,TRUE
1628386,"Jarrett Allen","1610612739","Cleveland Cavaliers",2023,"0022200120","20221104",-1.7,21.05,FALSE
1628386,"Jarrett Allen","1610612739","Cleveland Cavaliers",2023,"0022200140","20221106",-5.3,15.25,FALSE
1628386,"Jarrett Allen","1610612739","Cleveland Cavaliers",2023,"0022200140","20221106",-0.4,8.85,FALSE
1628386,"Jarrett Allen","1610612739","Cleveland Cavaliers",2023,"0022200140","20221106",-0.5,6.75,TRUE
1628386,"Jarrett Allen","1610612739","Cleveland Cavaliers",2023,"0022200140","20221106",-6.9,17.65,FALSE
1628386,"Jarrett Allen","1610612739","Cleveland Cavaliers",2023,"0022200140","20221106",0,6.25,TRUE
1628386,"Jarrett Allen","1610612739","Cleveland Cavaliers",2023,"0022200140","20221106",1,6.65,TRUE
1628386,"Jarrett Allen","1610612739","Cleveland Cavaliers",2023,"0022200140","20221106",-1,14.15,FALSE
1628386,"Jarrett Allen","1610612739","Cleveland Cavaliers",2023,"0022200140","20221106",-0.2,4.65,TRUE
1628386,"Jarrett Allen","1610612739","Cleveland Cavaliers",2023,"0022200140","20221106",-8.3,10.05,TRUE
1628386,"Jarrett Allen","1610612739","Cleveland Cavaliers",2023,"0022200140","20221106",-0.2,7.95,FALSE
1628386,"Jarrett Allen","1610612739","Cleveland Cavaliers",2023,"0022200140","20221106",-1.7,7.95,FALSE
1628386,"Jarrett Allen","1610612739","Cleveland Cavaliers",2023,"0022200140","20221106",-0.7,8.75,FALSE
1628386,"Jarrett Allen","1610612739","Cleveland Cavaliers",2023,"0022200140","20221106",0.9,8.35,FALSE
1628386,"Jarrett Allen","1610612739","Cleveland Cavaliers",2023,"0022200158","20221107",4.2,14.35,TRUE
1628386,"Jarrett Allen","1610612739","Cleveland Cavaliers",2023,"0022200158","20221107",1.3,5.45,FALSE
1628386,"Jarrett Allen","1610612739","Cleveland Cavaliers",2023,"0022200158","20221107",-5.1,8.35,TRUE
1628386,"Jarrett Allen","1610612739","Cleveland Cavaliers",2023,"0022200158","20221107",-5.8,21.55,TRUE
1628386,"Jarrett Allen","1610612739","Cleveland Cavaliers",2023,"0022200158","20221107",0,5.25,FALSE
1628386,"Jarrett Allen","1610612739","Cleveland Cavaliers",2023,"0022200158","20221107",-9.4,22.05,FALSE
1628386,"Jarrett Allen","1610612739","Cleveland Cavaliers",2023,"0022200158","20221107",1.3,6.15,FALSE
1628386,"Jarrett Allen","1610612739","Cleveland Cavaliers",2023,"0022200158","20221107",-0.5,8.15,FALSE
1628386,"Jarrett Allen","1610612739","Cleveland Cavaliers",2023,"0022200158","20221107",0.7,6.95,TRUE
1628386,"Jarrett Allen","1610612739","Cleveland Cavaliers",2023,"0022200158","20221107",1,11.05,FALSE
1628386,"Jarrett Allen","1610612739","Cleveland Cavaliers",2023,"0022200171","20221109",-5.5,17.85,FALSE
1628386,"Jarrett Allen","1610612739","Cleveland Cavaliers",2023,"0022200171","20221109",-0.6,6.95,FALSE
1628386,"Jarrett Allen","1610612739","Cleveland Cavaliers",2023,"0022200171","20221109",2.9,7.05,TRUE
1628386,"Jarrett Allen","1610612739","Cleveland Cavaliers",2023,"0022200171","20221109",-1.6,6.55,FALSE
1628386,"Jarrett Allen","1610612739","Cleveland Cavaliers",2023,"0022200171","20221109",1.3,8.35,TRUE
1628386,"Jarrett Allen","1610612739","Cleveland Cavaliers",2023,"0022200171","20221109",-0.6,7.45,TRUE
1628386,"Jarrett Allen","1610612739","Cleveland Cavaliers",2023,"0022200171","20221109",-1.7,7.75,TRUE
1628386,"Jarrett Allen","1610612739","Cleveland Cavaliers",2023,"0022200171","20221109",-2.9,6.65,TRUE
1628386,"Jarrett Allen","1610612739","Cleveland Cavaliers",2023,"0022200171","20221109",2.6,6.25,TRUE
1628386,"Jarrett Allen","1610612739","Cleveland Cavaliers",2023,"0022200171","20221109",-2.6,12.35,TRUE
1628386,"Jarrett Allen","1610612739","Cleveland Cavaliers",2023,"0022200171","20221109",3.2,8.15,FALSE
1628386,"Jarrett Allen","1610612739","Cleveland Cavaliers",2023,"0022200182","20221111",-1.3,6.25,TRUE
1628386,"Jarrett Allen","1610612739","Cleveland Cavaliers",2023,"0022200182","20221111",-0.1,15.15,TRUE
1628386,"Jarrett Allen","1610612739","Cleveland Cavaliers",2023,"0022200182","20221111",-3.1,14.55,TRUE
1628386,"Jarrett Allen","1610612739","Cleveland Cavaliers",2023,"0022200182","20221111",-3.2,6.85,FALSE
1628386,"Jarrett Allen","1610612739","Cleveland Cavaliers",2023,"0022200182","20221111",2,24.35,FALSE
1628386,"Jarrett Allen","1610612739","Cleveland Cavaliers",2023,"0022200182","20221111",2.1,9.95,TRUE
1628386,"Jarrett Allen","1610612739","Cleveland Cavaliers",2023,"0022200182","20221111",0.4,13.75,TRUE
1628386,"Jarrett Allen","1610612739","Cleveland Cavaliers",2023,"0022200182","20221111",-0.2,5.45,TRUE
1628386,"Jarrett Allen","1610612739","Cleveland Cavaliers",2023,"0022200225","20221118",-0.2,6.05,TRUE
1628386,"Jarrett Allen","1610612739","Cleveland Cavaliers",2023,"0022200225","20221118",-0.2,4.95,TRUE
1628386,"Jarrett Allen","1610612739","Cleveland Cavaliers",2023,"0022200225","20221118",0.1,5.25,TRUE
1628386,"Jarrett Allen","1610612739","Cleveland Cavaliers",2023,"0022200225","20221118",8.7,15.35,FALSE
1628386,"Jarrett Allen","1610612739","Cleveland Cavaliers",2023,"0022200225","20221118",-0.6,6.55,TRUE
1628386,"Jarrett Allen","1610612739","Cleveland Cavaliers",2023,"0022200225","20221118",-3.1,15.55,FALSE
1628386,"Jarrett Allen","1610612739","Cleveland Cavaliers",2023,"0022200225","20221118",0.1,6.15,TRUE
1628386,"Jarrett Allen","1610612739","Cleveland Cavaliers",2023,"0022200225","20221118",0.1,6.35,TRUE
1628386,"Jarrett Allen","1610612739","Cleveland Cavaliers",2023,"0022200225","20221118",1,6.85,TRUE
1628386,"Jarrett Allen","1610612739","Cleveland Cavaliers",2023,"0022200225","20221118",0.4,8.15,TRUE
1628386,"Jarrett Allen","1610612739","Cleveland Cavaliers",2023,"0022200225","20221118",1.3,8.75,FALSE
1628386,"Jarrett Allen","1610612739","Cleveland Cavaliers",2023,"0022200244","20221120",-1.6,6.55,TRUE
1628386,"Jarrett Allen","1610612739","Cleveland Cavaliers",2023,"0022200244","20221120",-1.2,8.45,FALSE
1628386,"Jarrett Allen","1610612739","Cleveland Cavaliers",2023,"0022200244","20221120",-0.1,6.75,TRUE
1628386,"Jarrett Allen","1610612739","Cleveland Cavaliers",2023,"0022200244","20221120",-0.6,5.35,FALSE
1628386,"Jarrett Allen","1610612739","Cleveland Cavaliers",2023,"0022200244","20221120",1.7,8.95,TRUE
1628386,"Jarrett Allen","1610612739","Cleveland Cavaliers",2023,"0022200244","20221120",0.6,6.15,TRUE
1628386,"Jarrett Allen","1610612739","Cleveland Cavaliers",2023,"0022200248","20221121",8.5,9.05,TRUE
1628386,"Jarrett Allen","1610612739","Cleveland Cavaliers",2023,"0022200248","20221121",-3.4,7.55,FALSE
1628386,"Jarrett Allen","1610612739","Cleveland Cavaliers",2023,"0022200248","20221121",-0.4,6.25,TRUE
1628386,"Jarrett Allen","1610612739","Cleveland Cavaliers",2023,"0022200248","20221121",0.9,4.65,TRUE
1628386,"Jarrett Allen","1610612739","Cleveland Cavaliers",2023,"0022200248","20221121",-0.7,7.15,FALSE
1628386,"Jarrett Allen","1610612739","Cleveland Cavaliers",2023,"0022200261","20221123",-1.3,6.75,TRUE
1628386,"Jarrett Allen","1610612739","Cleveland Cavaliers",2023,"0022200261","20221123",-3.4,11.95,TRUE
1628386,"Jarrett Allen","1610612739","Cleveland Cavaliers",2023,"0022200261","20221123",0,5.25,TRUE
1628386,"Jarrett Allen","1610612739","Cleveland Cavaliers",2023,"0022200261","20221123",0.6,5.75,TRUE
1628386,"Jarrett Allen","1610612739","Cleveland Cavaliers",2023,"0022200261","20221123",8.7,11.95,TRUE
1628386,"Jarrett Allen","1610612739","Cleveland Cavaliers",2023,"0022200261","20221123",4.2,13.75,TRUE
1628386,"Jarrett Allen","1610612739","Cleveland Cavaliers",2023,"0022200261","20221123",-0.1,6.55,FALSE
1628386,"Jarrett Allen","1610612739","Cleveland Cavaliers",2023,"0022200261","20221123",0,5.25,TRUE
1628386,"Jarrett Allen","1610612739","Cleveland Cavaliers",2023,"0022200261","20221123",5.6,8.15,TRUE
1628386,"Jarrett Allen","1610612739","Cleveland Cavaliers",2023,"0022200261","20221123",-2.9,18.85,TRUE
1628386,"Jarrett Allen","1610612739","Cleveland Cavaliers",2023,"0022200261","20221123",-0.6,5.25,TRUE
1628386,"Jarrett Allen","1610612739","Cleveland Cavaliers",2023,"0022200261","20221123",0,5.25,FALSE
1628386,"Jarrett Allen","1610612739","Cleveland Cavaliers",2023,"0022200280","20221125",13.2,5.45,FALSE
1628386,"Jarrett Allen","1610612739","Cleveland Cavaliers",2023,"0022200280","20221125",2.1,20.85,FALSE
1628386,"Jarrett Allen","1610612739","Cleveland Cavaliers",2023,"0022200360","20221206",0,8.35,TRUE
1628386,"Jarrett Allen","1610612739","Cleveland Cavaliers",2023,"0022200360","20221206",-5.6,15.75,TRUE
1628386,"Jarrett Allen","1610612739","Cleveland Cavaliers",2023,"0022200360","20221206",-5.5,16.35,TRUE
1628386,"Jarrett Allen","1610612739","Cleveland Cavaliers",2023,"0022200360","20221206",0.5,6.15,TRUE
1628386,"Jarrett Allen","1610612739","Cleveland Cavaliers",2023,"0022200360","20221206",0.5,6.15,TRUE
1628386,"Jarrett Allen","1610612739","Cleveland Cavaliers",2023,"0022200360","20221206",2.7,22.85,TRUE
1628386,"Jarrett Allen","1610612739","Cleveland Cavaliers",2023,"0022200360","20221206",1,6.95,TRUE
1628386,"Jarrett Allen","1610612739","Cleveland Cavaliers",2023,"0022200360","20221206",-0.2,6.85,TRUE
1628386,"Jarrett Allen","1610612739","Cleveland Cavaliers",2023,"0022200360","20221206",-0.4,4.55,TRUE
1628386,"Jarrett Allen","1610612739","Cleveland Cavaliers",2023,"0022200360","20221206",-6.7,15.15,TRUE
1628386,"Jarrett Allen","1610612739","Cleveland Cavaliers",2023,"0022200360","20221206",-4.4,8.35,FALSE
1628386,"Jarrett Allen","1610612739","Cleveland Cavaliers",2023,"0022200360","20221206",-0.5,5.15,FALSE
1628386,"Jarrett Allen","1610612739","Cleveland Cavaliers",2023,"0022200360","20221206",10.4,16.55,FALSE
1628386,"Jarrett Allen","1610612739","Cleveland Cavaliers",2023,"0022200360","20221206",-0.7,6.55,TRUE
1628386,"Jarrett Allen","1610612739","Cleveland Cavaliers",2023,"0022200381","20221209",-0.6,4.85,TRUE
1628386,"Jarrett Allen","1610612739","Cleveland Cavaliers",2023,"0022200381","20221209",-22.9,5.25,FALSE
1628386,"Jarrett Allen","1610612739","Cleveland Cavaliers",2023,"0022200381","20221209",-3.3,13.65,TRUE
1628386,"Jarrett Allen","1610612739","Cleveland Cavaliers",2023,"0022200381","20221209",0.4,7.15,FALSE
1628386,"Jarrett Allen","1610612739","Cleveland Cavaliers",2023,"0022200381","20221209",0.9,11.45,FALSE
1628386,"Jarrett Allen","1610612739","Cleveland Cavaliers",2023,"0022200390","20221210",-0.6,6.45,TRUE
1628386,"Jarrett Allen","1610612739","Cleveland Cavaliers",2023,"0022200390","20221210",-6.7,9.05,TRUE
1628386,"Jarrett Allen","1610612739","Cleveland Cavaliers",2023,"0022200390","20221210",4,15.75,TRUE
1628386,"Jarrett Allen","1610612739","Cleveland Cavaliers",2023,"0022200390","20221210",0,5.25,TRUE
1628386,"Jarrett Allen","1610612739","Cleveland Cavaliers",2023,"0022200390","20221210",0.9,6.75,TRUE
1628386,"Jarrett Allen","1610612739","Cleveland Cavaliers",2023,"0022200390","20221210",-1,7.35,FALSE
1628386,"Jarrett Allen","1610612739","Cleveland Cavaliers",2023,"0022200390","20221210",0.1,6.15,FALSE
1628386,"Jarrett Allen","1610612739","Cleveland Cavaliers",2023,"0022200390","20221210",-0.1,6.35,TRUE
1628386,"Jarrett Allen","1610612739","Cleveland Cavaliers",2023,"0022200390","20221210",0.4,6.55,TRUE
1628386,"Jarrett Allen","1610612739","Cleveland Cavaliers",2023,"0022200406","20221212",-2.8,12.35,FALSE
1628386,"Jarrett Allen","1610612739","Cleveland Cavaliers",2023,"0022200406","20221212",0.2,6.55,TRUE
1628386,"Jarrett Allen","1610612739","Cleveland Cavaliers",2023,"0022200406","20221212",0,5.25,TRUE
1628386,"Jarrett Allen","1610612739","Cleveland Cavaliers",2023,"0022200406","20221212",0.1,6.05,TRUE
1628386,"Jarrett Allen","1610612739","Cleveland Cavaliers",2023,"0022200406","20221212",1.2,6.15,FALSE
1628386,"Jarrett Allen","1610612739","Cleveland Cavaliers",2023,"0022200406","20221212",-0.6,14.75,FALSE
1628386,"Jarrett Allen","1610612739","Cleveland Cavaliers",2023,"0022200406","20221212",0.4,6.75,TRUE
1628386,"Jarrett Allen","1610612739","Cleveland Cavaliers",2023,"0022200406","20221212",2,6.75,TRUE
1628386,"Jarrett Allen","1610612739","Cleveland Cavaliers",2023,"0022200406","20221212",-1.7,11.55,TRUE
1628386,"Jarrett Allen","1610612739","Cleveland Cavaliers",2023,"0022200406","20221212",-0.1,5.75,TRUE
1628386,"Jarrett Allen","1610612739","Cleveland Cavaliers",2023,"0022200406","20221212",1.3,13.05,FALSE
1628386,"Jarrett Allen","1610612739","Cleveland Cavaliers",2023,"0022200421","20221214",0.7,4.25,TRUE
1628386,"Jarrett Allen","1610612739","Cleveland Cavaliers",2023,"0022200421","20221214",0.5,4.45,TRUE
1628386,"Jarrett Allen","1610612739","Cleveland Cavaliers",2023,"0022200421","20221214",-3.2,5.25,FALSE
1628386,"Jarrett Allen","1610612739","Cleveland Cavaliers",2023,"0022200421","20221214",0.5,6.15,TRUE
1628386,"Jarrett Allen","1610612739","Cleveland Cavaliers",2023,"0022200421","20221214",0.6,6.05,TRUE
1628386,"Jarrett Allen","1610612739","Cleveland Cavaliers",2023,"0022200421","20221214",-0.9,15.95,TRUE
1628386,"Jarrett Allen","1610612739","Cleveland Cavaliers",2023,"0022200421","20221214",0.1,6.05,TRUE
1628386,"Jarrett Allen","1610612739","Cleveland Cavaliers",2023,"0022200431","20221216",-0.4,5.85,TRUE
1628386,"Jarrett Allen","1610612739","Cleveland Cavaliers",2023,"0022200431","20221216",-0.4,6.35,TRUE
1628386,"Jarrett Allen","1610612739","Cleveland Cavaliers",2023,"0022200431","20221216",0.5,6.25,FALSE
1628386,"Jarrett Allen","1610612739","Cleveland Cavaliers",2023,"0022200440","20221217",-4.7,6.35,TRUE
1628386,"Jarrett Allen","1610612739","Cleveland Cavaliers",2023,"0022200440","20221217",0,6.55,FALSE
1628386,"Jarrett Allen","1610612739","Cleveland Cavaliers",2023,"0022200440","20221217",4,9.25,FALSE
1628386,"Jarrett Allen","1610612739","Cleveland Cavaliers",2023,"0022200440","20221217",1.2,5.25,TRUE
1628386,"Jarrett Allen","1610612739","Cleveland Cavaliers",2023,"0022200440","20221217",-10.3,13.15,FALSE
1628386,"Jarrett Allen","1610612739","Cleveland Cavaliers",2023,"0022200440","20221217",0.5,6.55,TRUE
1628386,"Jarrett Allen","1610612739","Cleveland Cavaliers",2023,"0022200440","20221217",1,6.65,FALSE
1628386,"Jarrett Allen","1610612739","Cleveland Cavaliers",2023,"0022200452","20221219",1.2,7.35,FALSE
1628386,"Jarrett Allen","1610612739","Cleveland Cavaliers",2023,"0022200452","20221219",1.3,7.45,TRUE
1628386,"Jarrett Allen","1610612739","Cleveland Cavaliers",2023,"0022200452","20221219",0.5,7.45,TRUE
1628386,"Jarrett Allen","1610612739","Cleveland Cavaliers",2023,"0022200452","20221219",-10.8,18.35,TRUE
1628386,"Jarrett Allen","1610612739","Cleveland Cavaliers",2023,"0022200452","20221219",0.2,6.95,TRUE
1628386,"Jarrett Allen","1610612739","Cleveland Cavaliers",2023,"0022200452","20221219",0,5.25,TRUE
1628386,"Jarrett Allen","1610612739","Cleveland Cavaliers",2023,"0022200452","20221219",4.2,11.55,FALSE
1628386,"Jarrett Allen","1610612739","Cleveland Cavaliers",2023,"0022200452","20221219",-1.6,6.45,TRUE
1628386,"Jarrett Allen","1610612739","Cleveland Cavaliers",2023,"0022200452","20221219",-0.5,5.45,TRUE
1628386,"Jarrett Allen","1610612739","Cleveland Cavaliers",2023,"0022200452","20221219",2.2,8.65,FALSE
1628386,"Jarrett Allen","1610612739","Cleveland Cavaliers",2023,"0022200452","20221219",-0.2,6.55,FALSE
1628386,"Jarrett Allen","1610612739","Cleveland Cavaliers",2023,"0022200466","20221221",0.2,6.65,TRUE
1628386,"Jarrett Allen","1610612739","Cleveland Cavaliers",2023,"0022200466","20221221",1,5.85,TRUE
1628386,"Jarrett Allen","1610612739","Cleveland Cavaliers",2023,"0022200466","20221221",-3.1,9.85,TRUE
1628386,"Jarrett Allen","1610612739","Cleveland Cavaliers",2023,"0022200466","20221221",3.1,6.15,FALSE
1628386,"Jarrett Allen","1610612739","Cleveland Cavaliers",2023,"0022200466","20221221",0,5.25,TRUE
1628386,"Jarrett Allen","1610612739","Cleveland Cavaliers",2023,"0022200466","20221221",-3.2,14.55,FALSE
1628386,"Jarrett Allen","1610612739","Cleveland Cavaliers",2023,"0022200466","20221221",0,5.45,TRUE
1628386,"Jarrett Allen","1610612739","Cleveland Cavaliers",2023,"0022200466","20221221",-5.6,14.35,TRUE
1628386,"Jarrett Allen","1610612739","Cleveland Cavaliers",2023,"0022200466","20221221",0,5.65,TRUE
1628386,"Jarrett Allen","1610612739","Cleveland Cavaliers",2023,"0022200466","20221221",0.6,16.15,TRUE
1628386,"Jarrett Allen","1610612739","Cleveland Cavaliers",2023,"0022200484","20221223",-4.5,11.45,TRUE
1628386,"Jarrett Allen","1610612739","Cleveland Cavaliers",2023,"0022200484","20221223",-7.4,9.35,TRUE
1628386,"Jarrett Allen","1610612739","Cleveland Cavaliers",2023,"0022200484","20221223",3.1,18.35,TRUE
1628386,"Jarrett Allen","1610612739","Cleveland Cavaliers",2023,"0022200484","20221223",-6.2,10.25,FALSE
1628386,"Jarrett Allen","1610612739","Cleveland Cavaliers",2023,"0022200484","20221223",-10.9,8.75,TRUE
1628386,"Jarrett Allen","1610612739","Cleveland Cavaliers",2023,"0022200484","20221223",0.6,15.25,TRUE
1628386,"Jarrett Allen","1610612739","Cleveland Cavaliers",2023,"0022200498","20221226",-23.5,4.95,FALSE
1628386,"Jarrett Allen","1610612739","Cleveland Cavaliers",2023,"0022200498","20221226",8.5,9.35,FALSE
1628386,"Jarrett Allen","1610612739","Cleveland Cavaliers",2023,"0022200498","20221226",0.2,6.05,TRUE
1628386,"Jarrett Allen","1610612739","Cleveland Cavaliers",2023,"0022200498","20221226",0,5.25,TRUE
1628386,"Jarrett Allen","1610612739","Cleveland Cavaliers",2023,"0022200498","20221226",12,8.85,FALSE
1628386,"Jarrett Allen","1610612739","Cleveland Cavaliers",2023,"0022200524","20221229",1.2,5.75,TRUE
1628386,"Jarrett Allen","1610612739","Cleveland Cavaliers",2023,"0022200524","20221229",-0.1,7.95,FALSE
1628386,"Jarrett Allen","1610612739","Cleveland Cavaliers",2023,"0022200524","20221229",1.6,6.35,FALSE
1628386,"Jarrett Allen","1610612739","Cleveland Cavaliers",2023,"0022200524","20221229",-5.8,18.45,TRUE
1628386,"Jarrett Allen","1610612739","Cleveland Cavaliers",2023,"0022200524","20221229",-12.7,6.25,FALSE
1628386,"Jarrett Allen","1610612739","Cleveland Cavaliers",2023,"0022200524","20221229",-2.1,6.85,TRUE
1628386,"Jarrett Allen","1610612739","Cleveland Cavaliers",2023,"0022200524","20221229",2.9,12.15,TRUE
1628386,"Jarrett Allen","1610612739","Cleveland Cavaliers",2023,"0022200524","20221229",0.2,7.05,TRUE
1628386,"Jarrett Allen","1610612739","Cleveland Cavaliers",2023,"0022200524","20221229",0,5.25,TRUE
1628386,"Jarrett Allen","1610612739","Cleveland Cavaliers",2023,"0022200524","20221229",0.5,10.25,TRUE
1628386,"Jarrett Allen","1610612739","Cleveland Cavaliers",2023,"0022200524","20221229",1.1,7.55,TRUE
1628386,"Jarrett Allen","1610612739","Cleveland Cavaliers",2023,"0022200540","20221231",-0.5,5.85,TRUE
1628386,"Jarrett Allen","1610612739","Cleveland Cavaliers",2023,"0022200540","20221231",-4,22.15,FALSE
1628386,"Jarrett Allen","1610612739","Cleveland Cavaliers",2023,"0022200540","20221231",-0.1,7.05,FALSE
1628386,"Jarrett Allen","1610612739","Cleveland Cavaliers",2023,"0022200540","20221231",0,5.25,FALSE
1628386,"Jarrett Allen","1610612739","Cleveland Cavaliers",2023,"0022200540","20221231",-1.2,6.25,FALSE
1628386,"Jarrett Allen","1610612739","Cleveland Cavaliers",2023,"0022200540","20221231",0.5,12.35,FALSE
1628386,"Jarrett Allen","1610612739","Cleveland Cavaliers",2023,"0022200540","20221231",-0.4,5.75,TRUE
1628386,"Jarrett Allen","1610612739","Cleveland Cavaliers",2023,"0022200540","20221231",0,6.35,TRUE
1628386,"Jarrett Allen","1610612739","Cleveland Cavaliers",2023,"0022200540","20221231",14.6,5.25,FALSE
1628386,"Jarrett Allen","1610612739","Cleveland Cavaliers",2023,"0022200552","20230102",0.9,6.85,TRUE
1628386,"Jarrett Allen","1610612739","Cleveland Cavaliers",2023,"0022200552","20230102",1,6.25,TRUE
1628386,"Jarrett Allen","1610612739","Cleveland Cavaliers",2023,"0022200552","20230102",1.1,5.65,FALSE
1628386,"Jarrett Allen","1610612739","Cleveland Cavaliers",2023,"0022200552","20230102",-2,11.65,TRUE
1628386,"Jarrett Allen","1610612739","Cleveland Cavaliers",2023,"0022200552","20230102",0.2,8.25,TRUE
1628386,"Jarrett Allen","1610612739","Cleveland Cavaliers",2023,"0022200552","20230102",-0.1,5.95,TRUE
1628386,"Jarrett Allen","1610612739","Cleveland Cavaliers",2023,"0022200552","20230102",0,5.25,TRUE
1628386,"Jarrett Allen","1610612739","Cleveland Cavaliers",2023,"0022200552","20230102",0.5,6.75,TRUE
1628386,"Jarrett Allen","1610612739","Cleveland Cavaliers",2023,"0022200552","20230102",-0.6,9.15,TRUE
1628386,"Jarrett Allen","1610612739","Cleveland Cavaliers",2023,"0022200552","20230102",0,5.25,TRUE
1628386,"Jarrett Allen","1610612739","Cleveland Cavaliers",2023,"0022200565","20230104",-23.2,6.95,FALSE
1628386,"Jarrett Allen","1610612739","Cleveland Cavaliers",2023,"0022200565","20230104",2.1,15.75,FALSE
1628386,"Jarrett Allen","1610612739","Cleveland Cavaliers",2023,"0022200565","20230104",5.1,9.35,TRUE
1628386,"Jarrett Allen","1610612739","Cleveland Cavaliers",2023,"0022200588","20230106",3.8,6.05,TRUE
1628386,"Jarrett Allen","1610612739","Cleveland Cavaliers",2023,"0022200588","20230106",23.3,4.85,FALSE
1628386,"Jarrett Allen","1610612739","Cleveland Cavaliers",2023,"0022200588","20230106",1,10.45,FALSE
1628386,"Jarrett Allen","1610612739","Cleveland Cavaliers",2023,"0022200588","20230106",1.8,15.35,TRUE
1628386,"Jarrett Allen","1610612739","Cleveland Cavaliers",2023,"0022200588","20230106",-4.8,16.05,TRUE
1628386,"Jarrett Allen","1610612739","Cleveland Cavaliers",2023,"0022200588","20230106",-1.6,17.75,FALSE
1628386,"Jarrett Allen","1610612739","Cleveland Cavaliers",2023,"0022200588","20230106",-0.6,10.35,FALSE
1628386,"Jarrett Allen","1610612739","Cleveland Cavaliers",2023,"0022200588","20230106",-4.4,12.45,FALSE
1628386,"Jarrett Allen","1610612739","Cleveland Cavaliers",2023,"0022200588","20230106",-4.4,7.45,FALSE
1628386,"Jarrett Allen","1610612739","Cleveland Cavaliers",2023,"0022200588","20230106",0.7,9.25,FALSE
1628386,"Jarrett Allen","1610612739","Cleveland Cavaliers",2023,"0022200588","20230106",0.4,8.15,TRUE
1628386,"Jarrett Allen","1610612739","Cleveland Cavaliers",2023,"0022200603","20230108",0,21.05,TRUE
1628386,"Jarrett Allen","1610612739","Cleveland Cavaliers",2023,"0022200603","20230108",-1.5,9.25,TRUE
1628386,"Jarrett Allen","1610612739","Cleveland Cavaliers",2023,"0022200603","20230108",1.2,5.55,TRUE
1628386,"Jarrett Allen","1610612739","Cleveland Cavaliers",2023,"0022200603","20230108",2.2,5.15,TRUE
1628386,"Jarrett Allen","1610612739","Cleveland Cavaliers",2023,"0022200603","20230108",1.2,5.75,TRUE
1628386,"Jarrett Allen","1610612739","Cleveland Cavaliers",2023,"0022200603","20230108",9.7,22.15,FALSE
1628386,"Jarrett Allen","1610612739","Cleveland Cavaliers",2023,"0022200603","20230108",-0.2,7.35,TRUE
1628386,"Jarrett Allen","1610612739","Cleveland Cavaliers",2023,"0022200631","20230112",1.5,18.45,FALSE
1628386,"Jarrett Allen","1610612739","Cleveland Cavaliers",2023,"0022200631","20230112",-1,6.35,TRUE
1628386,"Jarrett Allen","1610612739","Cleveland Cavaliers",2023,"0022200631","20230112",-0.7,6.85,TRUE
1628386,"Jarrett Allen","1610612739","Cleveland Cavaliers",2023,"0022200631","20230112",-0.9,5.85,TRUE
1628386,"Jarrett Allen","1610612739","Cleveland Cavaliers",2023,"0022200631","20230112",0,6.35,TRUE
1628386,"Jarrett Allen","1610612739","Cleveland Cavaliers",2023,"0022200631","20230112",2.1,5.35,FALSE
1628386,"Jarrett Allen","1610612739","Cleveland Cavaliers",2023,"0022200631","20230112",0.6,5.85,TRUE
1628386,"Jarrett Allen","1610612739","Cleveland Cavaliers",2023,"0022200631","20230112",-1.6,6.25,TRUE
1628386,"Jarrett Allen","1610612739","Cleveland Cavaliers",2023,"0022200631","20230112",-0.6,5.35,TRUE
1628386,"Jarrett Allen","1610612739","Cleveland Cavaliers",2023,"0022200631","20230112",2.9,12.45,FALSE
1628386,"Jarrett Allen","1610612739","Cleveland Cavaliers",2023,"0022200631","20230112",0.1,12.55,FALSE
1628386,"Jarrett Allen","1610612739","Cleveland Cavaliers",2023,"0022200631","20230112",1.3,5.45,TRUE
1628386,"Jarrett Allen","1610612739","Cleveland Cavaliers",2023,"0022200631","20230112",-22.1,8.45,FALSE
1628386,"Jarrett Allen","1610612739","Cleveland Cavaliers",2023,"0022200631","20230112",0.5,7.35,TRUE
1628386,"Jarrett Allen","1610612739","Cleveland Cavaliers",2023,"0022200631","20230112",2.3,5.85,TRUE
1628386,"Jarrett Allen","1610612739","Cleveland Cavaliers",2023,"0022200631","20230112",-2.7,5.85,FALSE
1628386,"Jarrett Allen","1610612739","Cleveland Cavaliers",2023,"0022200631","20230112",0.2,5.25,TRUE
1628386,"Jarrett Allen","1610612739","Cleveland Cavaliers",2023,"0022200645","20230114",2.8,5.85,FALSE
1628386,"Jarrett Allen","1610612739","Cleveland Cavaliers",2023,"0022200645","20230114",0.5,6.95,TRUE
1628386,"Jarrett Allen","1610612739","Cleveland Cavaliers",2023,"0022200645","20230114",-0.1,8.35,TRUE
1628386,"Jarrett Allen","1610612739","Cleveland Cavaliers",2023,"0022200645","20230114",0.2,6.65,TRUE
1628386,"Jarrett Allen","1610612739","Cleveland Cavaliers",2023,"0022200645","20230114",0.2,6.45,TRUE
1628386,"Jarrett Allen","1610612739","Cleveland Cavaliers",2023,"0022200645","20230114",10.8,21.95,FALSE
1628386,"Jarrett Allen","1610612739","Cleveland Cavaliers",2023,"0022200645","20230114",0.4,5.85,TRUE
1628386,"Jarrett Allen","1610612739","Cleveland Cavaliers",2023,"0022200645","20230114",3.8,7.55,TRUE
1628386,"Jarrett Allen","1610612739","Cleveland Cavaliers",2023,"0022200645","20230114",-0.4,5.85,TRUE
1628386,"Jarrett Allen","1610612739","Cleveland Cavaliers",2023,"0022200645","20230114",0.9,6.85,TRUE
1628386,"Jarrett Allen","1610612739","Cleveland Cavaliers",2023,"0022200658","20230116",-2.1,8.55,TRUE
1628386,"Jarrett Allen","1610612739","Cleveland Cavaliers",2023,"0022200658","20230116",3.4,22.65,FALSE
1628386,"Jarrett Allen","1610612739","Cleveland Cavaliers",2023,"0022200658","20230116",-0.4,6.75,TRUE
1628386,"Jarrett Allen","1610612739","Cleveland Cavaliers",2023,"0022200658","20230116",-1.2,13.55,FALSE
1628386,"Jarrett Allen","1610612739","Cleveland Cavaliers",2023,"0022200658","20230116",-0.6,5.85,TRUE
1628386,"Jarrett Allen","1610612739","Cleveland Cavaliers",2023,"0022200658","20230116",-0.7,6.35,TRUE
1628386,"Jarrett Allen","1610612739","Cleveland Cavaliers",2023,"0022200658","20230116",-1,6.25,TRUE
1628386,"Jarrett Allen","1610612739","Cleveland Cavaliers",2023,"0022200658","20230116",5.6,11.75,TRUE
1628386,"Jarrett Allen","1610612739","Cleveland Cavaliers",2023,"0022200658","20230116",-10.2,19.55,FALSE
1628386,"Jarrett Allen","1610612739","Cleveland Cavaliers",2023,"0022200658","20230116",-0.4,6.35,TRUE
1628386,"Jarrett Allen","1610612739","Cleveland Cavaliers",2023,"0022200658","20230116",0,5.25,TRUE
1628386,"Jarrett Allen","1610612739","Cleveland Cavaliers",2023,"0022200658","20230116",5.3,10.75,TRUE
1628386,"Jarrett Allen","1610612739","Cleveland Cavaliers",2023,"0022200672","20230118",1,6.85,TRUE
1628386,"Jarrett Allen","1610612739","Cleveland Cavaliers",2023,"0022200672","20230118",0.6,11.55,TRUE
1628386,"Jarrett Allen","1610612739","Cleveland Cavaliers",2023,"0022200672","20230118",1.2,10.15,FALSE
1628386,"Jarrett Allen","1610612739","Cleveland Cavaliers",2023,"0022200672","20230118",-1.6,6.05,TRUE
1628386,"Jarrett Allen","1610612739","Cleveland Cavaliers",2023,"0022200672","20230118",-2.6,6.55,FALSE
1628386,"Jarrett Allen","1610612739","Cleveland Cavaliers",2023,"0022200672","20230118",1.1,5.85,TRUE
1628386,"Jarrett Allen","1610612739","Cleveland Cavaliers",2023,"0022200672","20230118",1,5.55,TRUE
1628386,"Jarrett Allen","1610612739","Cleveland Cavaliers",2023,"0022200672","20230118",1.5,6.25,TRUE
1628386,"Jarrett Allen","1610612739","Cleveland Cavaliers",2023,"0022200672","20230118",3.3,8.15,FALSE
1628386,"Jarrett Allen","1610612739","Cleveland Cavaliers",2023,"0022200685","20230120",-0.7,6.35,TRUE
1628386,"Jarrett Allen","1610612739","Cleveland Cavaliers",2023,"0022200685","20230120",4.7,9.85,TRUE
1628386,"Jarrett Allen","1610612739","Cleveland Cavaliers",2023,"0022200685","20230120",-2.8,11.65,TRUE
1628386,"Jarrett Allen","1610612739","Cleveland Cavaliers",2023,"0022200685","20230120",8.6,23.35,FALSE
1628386,"Jarrett Allen","1610612739","Cleveland Cavaliers",2023,"0022200685","20230120",0.7,12.25,FALSE
1628386,"Jarrett Allen","1610612739","Cleveland Cavaliers",2023,"0022200685","20230120",-1,4.65,FALSE
1628386,"Jarrett Allen","1610612739","Cleveland Cavaliers",2023,"0022200685","20230120",0,5.25,TRUE
1628386,"Jarrett Allen","1610612739","Cleveland Cavaliers",2023,"0022200695","20230121",-0.2,11.95,FALSE
1628386,"Jarrett Allen","1610612739","Cleveland Cavaliers",2023,"0022200695","20230121",-0.6,8.35,FALSE
1628386,"Jarrett Allen","1610612739","Cleveland Cavaliers",2023,"0022200695","20230121",-0.4,15.35,TRUE
1628386,"Jarrett Allen","1610612739","Cleveland Cavaliers",2023,"0022200695","20230121",-1.2,7.75,TRUE
1628386,"Jarrett Allen","1610612739","Cleveland Cavaliers",2023,"0022200695","20230121",-2,13.25,FALSE
1628386,"Jarrett Allen","1610612739","Cleveland Cavaliers",2023,"0022200695","20230121",1.1,6.35,TRUE
1628386,"Jarrett Allen","1610612739","Cleveland Cavaliers",2023,"0022200695","20230121",-6.6,21.05,FALSE
1628386,"Jarrett Allen","1610612739","Cleveland Cavaliers",2023,"0022200695","20230121",1,4.95,TRUE
1628386,"Jarrett Allen","1610612739","Cleveland Cavaliers",2023,"0022200695","20230121",-6,11.75,TRUE
1628386,"Jarrett Allen","1610612739","Cleveland Cavaliers",2023,"0022200695","20230121",0,5.25,TRUE
1628386,"Jarrett Allen","1610612739","Cleveland Cavaliers",2023,"0022200715","20230124",-0.5,6.95,TRUE
1628386,"Jarrett Allen","1610612739","Cleveland Cavaliers",2023,"0022200715","20230124",1,5.05,TRUE
1628386,"Jarrett Allen","1610612739","Cleveland Cavaliers",2023,"0022200715","20230124",1.8,14.15,TRUE
1628386,"Jarrett Allen","1610612739","Cleveland Cavaliers",2023,"0022200715","20230124",-0.7,17.85,FALSE
1628386,"Jarrett Allen","1610612739","Cleveland Cavaliers",2023,"0022200715","20230124",1.7,6.15,FALSE
1628386,"Jarrett Allen","1610612739","Cleveland Cavaliers",2023,"0022200715","20230124",-2.6,10.85,TRUE
1628386,"Jarrett Allen","1610612739","Cleveland Cavaliers",2023,"0022200715","20230124",0.9,5.65,TRUE
1628386,"Jarrett Allen","1610612739","Cleveland Cavaliers",2023,"0022200715","20230124",-0.6,5.25,TRUE
1628386,"Jarrett Allen","1610612739","Cleveland Cavaliers",2023,"0022200715","20230124",-1,6.25,TRUE
1628386,"Jarrett Allen","1610612739","Cleveland Cavaliers",2023,"0022200715","20230124",0.1,5.25,TRUE
1628386,"Jarrett Allen","1610612739","Cleveland Cavaliers",2023,"0022200715","20230124",0.2,9.95,FALSE
1628386,"Jarrett Allen","1610612739","Cleveland Cavaliers",2023,"0022200715","20230124",0.4,17.55,FALSE
1628386,"Jarrett Allen","1610612739","Cleveland Cavaliers",2023,"0022200715","20230124",-1.8,8.85,TRUE
1628386,"Jarrett Allen","1610612739","Cleveland Cavaliers",2023,"0022200715","20230124",0,5.25,TRUE
1628386,"Jarrett Allen","1610612739","Cleveland Cavaliers",2023,"0022200715","20230124",0.6,5.65,FALSE
1628386,"Jarrett Allen","1610612739","Cleveland Cavaliers",2023,"0022200715","20230124",0,5.35,TRUE
1628386,"Jarrett Allen","1610612739","Cleveland Cavaliers",2023,"0022200715","20230124",0,5.65,TRUE
1628386,"Jarrett Allen","1610612739","Cleveland Cavaliers",2023,"0022200733","20230126",0.2,10.75,TRUE
1628386,"Jarrett Allen","1610612739","Cleveland Cavaliers",2023,"0022200733","20230126",2.8,6.85,FALSE
1628386,"Jarrett Allen","1610612739","Cleveland Cavaliers",2023,"0022200733","20230126",0,5.25,TRUE
1628386,"Jarrett Allen","1610612739","Cleveland Cavaliers",2023,"0022200733","20230126",-2.8,9.05,TRUE
1628386,"Jarrett Allen","1610612739","Cleveland Cavaliers",2023,"0022200733","20230126",2.7,5.65,FALSE
1628386,"Jarrett Allen","1610612739","Cleveland Cavaliers",2023,"0022200733","20230126",-3.1,7.35,TRUE
1628386,"Jarrett Allen","1610612739","Cleveland Cavaliers",2023,"0022200733","20230126",1.5,7.85,TRUE
1628386,"Jarrett Allen","1610612739","Cleveland Cavaliers",2023,"0022200733","20230126",2.1,12.05,FALSE
1628386,"Jarrett Allen","1610612739","Cleveland Cavaliers",2023,"0022200733","20230126",2.6,12.05,FALSE
1628386,"Jarrett Allen","1610612739","Cleveland Cavaliers",2023,"0022200733","20230126",2.2,8.45,TRUE
1628386,"Jarrett Allen","1610612739","Cleveland Cavaliers",2023,"0022200739","20230127",0.2,5.75,TRUE
1628386,"Jarrett Allen","1610612739","Cleveland Cavaliers",2023,"0022200739","20230127",-1.2,5.95,TRUE
1628386,"Jarrett Allen","1610612739","Cleveland Cavaliers",2023,"0022200739","20230127",0.1,6.85,TRUE
1628386,"Jarrett Allen","1610612739","Cleveland Cavaliers",2023,"0022200739","20230127",0,5.25,FALSE
1628386,"Jarrett Allen","1610612739","Cleveland Cavaliers",2023,"0022200739","20230127",0.5,6.75,TRUE
1628386,"Jarrett Allen","1610612739","Cleveland Cavaliers",2023,"0022200739","20230127",0,5.25,TRUE
1628386,"Jarrett Allen","1610612739","Cleveland Cavaliers",2023,"0022200739","20230127",2,5.35,FALSE
1628386,"Jarrett Allen","1610612739","Cleveland Cavaliers",2023,"0022200739","20230127",0,4.75,TRUE
1628386,"Jarrett Allen","1610612739","Cleveland Cavaliers",2023,"0022200754","20230129",-0.1,6.95,FALSE
1628386,"Jarrett Allen","1610612739","Cleveland Cavaliers",2023,"0022200754","20230129",0.5,6.55,TRUE
1628386,"Jarrett Allen","1610612739","Cleveland Cavaliers",2023,"0022200754","20230129",-0.1,6.75,TRUE
1628386,"Jarrett Allen","1610612739","Cleveland Cavaliers",2023,"0022200754","20230129",0.5,5.85,FALSE
1628386,"Jarrett Allen","1610612739","Cleveland Cavaliers",2023,"0022200754","20230129",0.7,7.75,TRUE
1628386,"Jarrett Allen","1610612739","Cleveland Cavaliers",2023,"0022200754","20230129",0,5.25,TRUE
1628386,"Jarrett Allen","1610612739","Cleveland Cavaliers",2023,"0022200754","20230129",0.2,6.85,TRUE
1628386,"Jarrett Allen","1610612739","Cleveland Cavaliers",2023,"0022200754","20230129",0,5.25,FALSE
1628386,"Jarrett Allen","1610612739","Cleveland Cavaliers",2023,"0022200754","20230129",-11.3,19.35,FALSE
1628386,"Jarrett Allen","1610612739","Cleveland Cavaliers",2023,"0022200754","20230129",-3.4,32.55,TRUE
1628386,"Jarrett Allen","1610612739","Cleveland Cavaliers",2023,"0022200764","20230131",0.2,5.45,TRUE
1628386,"Jarrett Allen","1610612739","Cleveland Cavaliers",2023,"0022200764","20230131",-0.1,5.95,TRUE
1628386,"Jarrett Allen","1610612739","Cleveland Cavaliers",2023,"0022200764","20230131",-0.5,5.65,TRUE
1628386,"Jarrett Allen","1610612739","Cleveland Cavaliers",2023,"0022200764","20230131",5.9,7.95,FALSE
1628386,"Jarrett Allen","1610612739","Cleveland Cavaliers",2023,"0022200764","20230131",-0.4,8.85,TRUE
1628386,"Jarrett Allen","1610612739","Cleveland Cavaliers",2023,"0022200764","20230131",-0.4,6.85,TRUE
1628386,"Jarrett Allen","1610612739","Cleveland Cavaliers",2023,"0022200764","20230131",0.1,6.15,TRUE
1628386,"Jarrett Allen","1610612739","Cleveland Cavaliers",2023,"0022200764","20230131",0.2,11.85,FALSE
1628386,"Jarrett Allen","1610612739","Cleveland Cavaliers",2023,"0022200779","20230202",-0.2,17.95,FALSE
1628386,"Jarrett Allen","1610612739","Cleveland Cavaliers",2023,"0022200779","20230202",1.5,5.25,TRUE
1628386,"Jarrett Allen","1610612739","Cleveland Cavaliers",2023,"0022200779","20230202",0.5,6.55,TRUE
1628386,"Jarrett Allen","1610612739","Cleveland Cavaliers",2023,"0022200779","20230202",0.6,6.35,TRUE
1628386,"Jarrett Allen","1610612739","Cleveland Cavaliers",2023,"0022200779","20230202",0.1,6.25,TRUE
1628386,"Jarrett Allen","1610612739","Cleveland Cavaliers",2023,"0022200779","20230202",0.1,5.85,TRUE
1628386,"Jarrett Allen","1610612739","Cleveland Cavaliers",2023,"0022200779","20230202",1.1,13.25,FALSE
1628386,"Jarrett Allen","1610612739","Cleveland Cavaliers",2023,"0022200779","20230202",0,5.25,TRUE
1628386,"Jarrett Allen","1610612739","Cleveland Cavaliers",2023,"0022200779","20230202",0,5.25,TRUE
1628386,"Jarrett Allen","1610612739","Cleveland Cavaliers",2023,"0022200779","20230202",-0.1,5.35,TRUE
1628386,"Jarrett Allen","1610612739","Cleveland Cavaliers",2023,"0022200779","20230202",1.3,12.15,FALSE
1628386,"Jarrett Allen","1610612739","Cleveland Cavaliers",2023,"0022200779","20230202",0.1,6.95,TRUE
1628386,"Jarrett Allen","1610612739","Cleveland Cavaliers",2023,"0022200803","20230205",2.2,4.85,TRUE
1628386,"Jarrett Allen","1610612739","Cleveland Cavaliers",2023,"0022200803","20230205",1.8,6.05,TRUE
1628386,"Jarrett Allen","1610612739","Cleveland Cavaliers",2023,"0022200803","20230205",1.1,6.05,TRUE
1628386,"Jarrett Allen","1610612739","Cleveland Cavaliers",2023,"0022200803","20230205",-2.5,4.85,FALSE
1628386,"Jarrett Allen","1610612739","Cleveland Cavaliers",2023,"0022200803","20230205",-1.2,7.15,TRUE
1628386,"Jarrett Allen","1610612739","Cleveland Cavaliers",2023,"0022200803","20230205",1,6.05,TRUE
1628386,"Jarrett Allen","1610612739","Cleveland Cavaliers",2023,"0022200803","20230205",2.5,7.05,TRUE
1628386,"Jarrett Allen","1610612739","Cleveland Cavaliers",2023,"0022200803","20230205",0,10.45,FALSE
1628386,"Jarrett Allen","1610612739","Cleveland Cavaliers",2023,"0022200803","20230205",0,5.25,TRUE
1628386,"Jarrett Allen","1610612739","Cleveland Cavaliers",2023,"0022200803","20230205",0,5.25,TRUE
1628386,"Jarrett Allen","1610612739","Cleveland Cavaliers",2023,"0022200803","20230205",-1.1,6.55,TRUE
1628386,"Jarrett Allen","1610612739","Cleveland Cavaliers",2023,"0022200809","20230206",5.8,11.65,TRUE
1628386,"Jarrett Allen","1610612739","Cleveland Cavaliers",2023,"0022200809","20230206",7,6.65,TRUE
1628386,"Jarrett Allen","1610612739","Cleveland Cavaliers",2023,"0022200809","20230206",-2.5,7.85,TRUE
1628386,"Jarrett Allen","1610612739","Cleveland Cavaliers",2023,"0022200809","20230206",-4,8.65,TRUE
1628386,"Jarrett Allen","1610612739","Cleveland Cavaliers",2023,"0022200809","20230206",5.6,9.05,TRUE
1628386,"Jarrett Allen","1610612739","Cleveland Cavaliers",2023,"0022200809","20230206",-2.9,7.75,TRUE
1628386,"Jarrett Allen","1610612739","Cleveland Cavaliers",2023,"0022200809","20230206",1.3,10.95,FALSE
1628386,"Jarrett Allen","1610612739","Cleveland Cavaliers",2023,"0022200809","20230206",-1.1,10.55,TRUE
1628386,"Jarrett Allen","1610612739","Cleveland Cavaliers",2023,"0022200809","20230206",0.6,9.25,TRUE
1628386,"Jarrett Allen","1610612739","Cleveland Cavaliers",2023,"0022200809","20230206",2.9,6.45,TRUE
1628386,"Jarrett Allen","1610612739","Cleveland Cavaliers",2023,"0022200809","20230206",5.5,11.25,FALSE
1628386,"Jarrett Allen","1610612739","Cleveland Cavaliers",2023,"0022200809","20230206",-1,6.45,TRUE
1628386,"Jarrett Allen","1610612739","Cleveland Cavaliers",2023,"0022200809","20230206",-6,11.75,FALSE
1628386,"Jarrett Allen","1610612739","Cleveland Cavaliers",2023,"0022200822","20230208",-0.5,10.85,TRUE
1628386,"Jarrett Allen","1610612739","Cleveland Cavaliers",2023,"0022200822","20230208",0,5.25,FALSE
1628386,"Jarrett Allen","1610612739","Cleveland Cavaliers",2023,"0022200822","20230208",1,8.15,TRUE
1628386,"Jarrett Allen","1610612739","Cleveland Cavaliers",2023,"0022200822","20230208",0.2,6.75,TRUE
1628386,"Jarrett Allen","1610612739","Cleveland Cavaliers",2023,"0022200822","20230208",1.5,6.35,TRUE
1628386,"Jarrett Allen","1610612739","Cleveland Cavaliers",2023,"0022200822","20230208",1.1,6.65,TRUE
1628386,"Jarrett Allen","1610612739","Cleveland Cavaliers",2023,"0022200822","20230208",0.7,9.45,TRUE
1628386,"Jarrett Allen","1610612739","Cleveland Cavaliers",2023,"0022200822","20230208",-0.2,9.85,FALSE
1628386,"Jarrett Allen","1610612739","Cleveland Cavaliers",2023,"0022200822","20230208",-3.7,10.15,TRUE
1628386,"Jarrett Allen","1610612739","Cleveland Cavaliers",2023,"0022200822","20230208",2.2,10.65,FALSE
1628386,"Jarrett Allen","1610612739","Cleveland Cavaliers",2023,"0022200822","20230208",0,5.85,TRUE
1628386,"Jarrett Allen","1610612739","Cleveland Cavaliers",2023,"0022200822","20230208",-0.5,6.35,TRUE
1628386,"Jarrett Allen","1610612739","Cleveland Cavaliers",2023,"0022200822","20230208",9.1,21.65,FALSE
1628386,"Jarrett Allen","1610612739","Cleveland Cavaliers",2023,"0022200842","20230210",1.8,10.75,TRUE
1628386,"Jarrett Allen","1610612739","Cleveland Cavaliers",2023,"0022200842","20230210",-2.2,7.75,TRUE
1628386,"Jarrett Allen","1610612739","Cleveland Cavaliers",2023,"0022200842","20230210",-1,25.75,FALSE
1628386,"Jarrett Allen","1610612739","Cleveland Cavaliers",2023,"0022200842","20230210",2.7,6.75,TRUE
1628386,"Jarrett Allen","1610612739","Cleveland Cavaliers",2023,"0022200842","20230210",1.7,5.25,FALSE
1628386,"Jarrett Allen","1610612739","Cleveland Cavaliers",2023,"0022200842","20230210",0,5.25,TRUE
1628386,"Jarrett Allen","1610612739","Cleveland Cavaliers",2023,"0022200842","20230210",-2.6,7.15,TRUE
1628386,"Jarrett Allen","1610612739","Cleveland Cavaliers",2023,"0022200842","20230210",-0.2,11.55,FALSE
1628386,"Jarrett Allen","1610612739","Cleveland Cavaliers",2023,"0022200842","20230210",-1,9.95,TRUE
1628386,"Jarrett Allen","1610612739","Cleveland Cavaliers",2023,"0022200842","20230210",0,5.25,TRUE
1628386,"Jarrett Allen","1610612739","Cleveland Cavaliers",2023,"0022200842","20230210",0,11.65,TRUE
1628386,"Jarrett Allen","1610612739","Cleveland Cavaliers",2023,"0022200852","20230211",-7,5.65,TRUE
1628386,"Jarrett Allen","1610612739","Cleveland Cavaliers",2023,"0022200852","20230211",-2.1,11.05,TRUE
1628386,"Jarrett Allen","1610612739","Cleveland Cavaliers",2023,"0022200852","20230211",1.7,5.15,FALSE
1628386,"Jarrett Allen","1610612739","Cleveland Cavaliers",2023,"0022200852","20230211",0.2,7.35,TRUE
1628386,"Jarrett Allen","1610612739","Cleveland Cavaliers",2023,"0022200852","20230211",-11.4,9.25,TRUE
1628386,"Jarrett Allen","1610612739","Cleveland Cavaliers",2023,"0022200852","20230211",0.1,6.85,TRUE
1628386,"Jarrett Allen","1610612739","Cleveland Cavaliers",2023,"0022200852","20230211",0.1,5.85,TRUE
1628386,"Jarrett Allen","1610612739","Cleveland Cavaliers",2023,"0022200852","20230211",-0.9,6.55,FALSE
1628386,"Jarrett Allen","1610612739","Cleveland Cavaliers",2023,"0022200852","20230211",0.9,5.25,TRUE
1628386,"Jarrett Allen","1610612739","Cleveland Cavaliers",2023,"0022200852","20230211",0,5.25,TRUE
1628386,"Jarrett Allen","1610612739","Cleveland Cavaliers",2023,"0022200852","20230211",-0.2,13.05,FALSE
1628386,"Jarrett Allen","1610612739","Cleveland Cavaliers",2023,"0022200852","20230211",0.1,7.35,TRUE
1628386,"Jarrett Allen","1610612739","Cleveland Cavaliers",2023,"0022200852","20230211",-0.2,6.45,TRUE
1628386,"Jarrett Allen","1610612739","Cleveland Cavaliers",2023,"0022200858","20230213",-1,6.85,TRUE
1628386,"Jarrett Allen","1610612739","Cleveland Cavaliers",2023,"0022200858","20230213",0.4,5.45,TRUE
1628386,"Jarrett Allen","1610612739","Cleveland Cavaliers",2023,"0022200858","20230213",-0.7,5.95,TRUE
1628386,"Jarrett Allen","1610612739","Cleveland Cavaliers",2023,"0022200858","20230213",-1.7,6.45,FALSE
1628386,"Jarrett Allen","1610612739","Cleveland Cavaliers",2023,"0022200858","20230213",-1.3,5.45,FALSE
1628386,"Jarrett Allen","1610612739","Cleveland Cavaliers",2023,"0022200858","20230213",0.7,5.85,TRUE
1628386,"Jarrett Allen","1610612739","Cleveland Cavaliers",2023,"0022200858","20230213",2.3,13.75,TRUE
1628386,"Jarrett Allen","1610612739","Cleveland Cavaliers",2023,"0022200858","20230213",-4.3,13.75,FALSE
1628386,"Jarrett Allen","1610612739","Cleveland Cavaliers",2023,"0022200858","20230213",-4.5,6.65,FALSE
1628386,"Jarrett Allen","1610612739","Cleveland Cavaliers",2023,"0022200858","20230213",0.6,5.15,TRUE
1628386,"Jarrett Allen","1610612739","Cleveland Cavaliers",2023,"0022200858","20230213",2.7,12.55,TRUE
1628386,"Jarrett Allen","1610612739","Cleveland Cavaliers",2023,"0022200875","20230215",-0.1,6.55,TRUE
1628386,"Jarrett Allen","1610612739","Cleveland Cavaliers",2023,"0022200875","20230215",-1.3,12.15,FALSE
1628386,"Jarrett Allen","1610612739","Cleveland Cavaliers",2023,"0022200875","20230215",-2.9,6.95,TRUE
1628386,"Jarrett Allen","1610612739","Cleveland Cavaliers",2023,"0022200875","20230215",0.1,5.55,TRUE
1628386,"Jarrett Allen","1610612739","Cleveland Cavaliers",2023,"0022200875","20230215",-0.1,5.35,TRUE
1628386,"Jarrett Allen","1610612739","Cleveland Cavaliers",2023,"0022200875","20230215",0,5.25,TRUE
1628386,"Jarrett Allen","1610612739","Cleveland Cavaliers",2023,"0022200886","20230223",1.3,8.15,FALSE
1628386,"Jarrett Allen","1610612739","Cleveland Cavaliers",2023,"0022200886","20230223",0,6.85,TRUE
1628386,"Jarrett Allen","1610612739","Cleveland Cavaliers",2023,"0022200886","20230223",-0.5,5.65,TRUE
1628386,"Jarrett Allen","1610612739","Cleveland Cavaliers",2023,"0022200886","20230223",0,5.25,TRUE
1628386,"Jarrett Allen","1610612739","Cleveland Cavaliers",2023,"0022200886","20230223",-0.4,5.45,TRUE
1628386,"Jarrett Allen","1610612739","Cleveland Cavaliers",2023,"0022200886","20230223",0.4,6.65,TRUE
1628386,"Jarrett Allen","1610612739","Cleveland Cavaliers",2023,"0022200886","20230223",-0.6,5.75,FALSE
1628386,"Jarrett Allen","1610612739","Cleveland Cavaliers",2023,"0022200886","20230223",0,5.25,TRUE
1628386,"Jarrett Allen","1610612739","Cleveland Cavaliers",2023,"0022200886","20230223",0.9,6.65,FALSE
1628386,"Jarrett Allen","1610612739","Cleveland Cavaliers",2023,"0022200886","20230223",3.3,7.65,FALSE
1628386,"Jarrett Allen","1610612739","Cleveland Cavaliers",2023,"0022200896","20230224",0,5.25,TRUE
1628386,"Jarrett Allen","1610612739","Cleveland Cavaliers",2023,"0022200896","20230224",0,5.25,FALSE
1628386,"Jarrett Allen","1610612739","Cleveland Cavaliers",2023,"0022200896","20230224",0,5.25,TRUE
1628386,"Jarrett Allen","1610612739","Cleveland Cavaliers",2023,"0022200896","20230224",-0.1,5.75,FALSE
1628386,"Jarrett Allen","1610612739","Cleveland Cavaliers",2023,"0022200896","20230224",0.4,9.35,TRUE
1628386,"Jarrett Allen","1610612739","Cleveland Cavaliers",2023,"0022200896","20230224",0.6,5.15,TRUE
1628386,"Jarrett Allen","1610612739","Cleveland Cavaliers",2023,"0022200896","20230224",0.6,14.25,FALSE
1628386,"Jarrett Allen","1610612739","Cleveland Cavaliers",2023,"0022200896","20230224",-0.5,7.45,FALSE
1628386,"Jarrett Allen","1610612739","Cleveland Cavaliers",2023,"0022200914","20230226",0.1,6.25,TRUE
1628386,"Jarrett Allen","1610612739","Cleveland Cavaliers",2023,"0022200914","20230226",-0.2,5.85,TRUE
1628386,"Jarrett Allen","1610612739","Cleveland Cavaliers",2023,"0022200914","20230226",0.4,5.85,TRUE
1628386,"Jarrett Allen","1610612739","Cleveland Cavaliers",2023,"0022200914","20230226",1,5.75,TRUE
1628386,"Jarrett Allen","1610612739","Cleveland Cavaliers",2023,"0022200914","20230226",-0.5,6.35,TRUE
1628386,"Jarrett Allen","1610612739","Cleveland Cavaliers",2023,"0022200914","20230226",0,5.45,TRUE
1628386,"Jarrett Allen","1610612739","Cleveland Cavaliers",2023,"0022200914","20230226",0.1,6.75,TRUE
1628386,"Jarrett Allen","1610612739","Cleveland Cavaliers",2023,"0022200914","20230226",-1.2,7.95,FALSE
1628386,"Jarrett Allen","1610612739","Cleveland Cavaliers",2023,"0022200914","20230226",0.9,6.25,TRUE
1628386,"Jarrett Allen","1610612739","Cleveland Cavaliers",2023,"0022200914","20230226",0.5,6.85,TRUE
1628386,"Jarrett Allen","1610612739","Cleveland Cavaliers",2023,"0022200914","20230226",-4.4,11.55,FALSE
1628386,"Jarrett Allen","1610612739","Cleveland Cavaliers",2023,"0022200914","20230226",0.1,6.55,TRUE
1628386,"Jarrett Allen","1610612739","Cleveland Cavaliers",2023,"0022200914","20230226",22.7,6.05,FALSE
1628386,"Jarrett Allen","1610612739","Cleveland Cavaliers",2023,"0022200935","20230301",-2.5,9.45,TRUE
1628386,"Jarrett Allen","1610612739","Cleveland Cavaliers",2023,"0022200935","20230301",2.2,5.95,FALSE
1628386,"Jarrett Allen","1610612739","Cleveland Cavaliers",2023,"0022200935","20230301",1.1,10.35,FALSE
1628386,"Jarrett Allen","1610612739","Cleveland Cavaliers",2023,"0022200935","20230301",-7,7.45,FALSE
1628386,"Jarrett Allen","1610612739","Cleveland Cavaliers",2023,"0022200935","20230301",2.1,5.95,TRUE
1628386,"Jarrett Allen","1610612739","Cleveland Cavaliers",2023,"0022200957","20230304",1,5.95,FALSE
1628386,"Jarrett Allen","1610612739","Cleveland Cavaliers",2023,"0022200957","20230304",-3.9,16.85,TRUE
1628386,"Jarrett Allen","1610612739","Cleveland Cavaliers",2023,"0022200957","20230304",-1.1,15.25,FALSE
1628386,"Jarrett Allen","1610612739","Cleveland Cavaliers",2023,"0022200957","20230304",-0.1,6.05,TRUE
1628386,"Jarrett Allen","1610612739","Cleveland Cavaliers",2023,"0022200957","20230304",-0.1,15.25,FALSE
1628386,"Jarrett Allen","1610612739","Cleveland Cavaliers",2023,"0022200957","20230304",-0.1,5.85,TRUE
1628386,"Jarrett Allen","1610612739","Cleveland Cavaliers",2023,"0022200957","20230304",-4,8.95,TRUE
1628386,"Jarrett Allen","1610612739","Cleveland Cavaliers",2023,"0022200957","20230304",-0.2,6.65,TRUE
1628386,"Jarrett Allen","1610612739","Cleveland Cavaliers",2023,"0022200957","20230304",1.7,9.85,TRUE
1628386,"Jarrett Allen","1610612739","Cleveland Cavaliers",2023,"0022200971","20230306",-1,7.85,FALSE
1628386,"Jarrett Allen","1610612739","Cleveland Cavaliers",2023,"0022200971","20230306",1.2,10.05,FALSE
1628386,"Jarrett Allen","1610612739","Cleveland Cavaliers",2023,"0022200971","20230306",0,5.65,TRUE
1628386,"Jarrett Allen","1610612739","Cleveland Cavaliers",2023,"0022200971","20230306",2.3,8.95,FALSE
1628386,"Jarrett Allen","1610612739","Cleveland Cavaliers",2023,"0022200971","20230306",0.9,6.75,TRUE
1628386,"Jarrett Allen","1610612739","Cleveland Cavaliers",2023,"0022200987","20230308",-0.9,5.95,TRUE
1628386,"Jarrett Allen","1610612739","Cleveland Cavaliers",2023,"0022200987","20230308",0.2,18.45,TRUE
1628386,"Jarrett Allen","1610612739","Cleveland Cavaliers",2023,"0022200987","20230308",0.5,18.95,FALSE
1628386,"Jarrett Allen","1610612739","Cleveland Cavaliers",2023,"0022200987","20230308",2.6,7.85,TRUE
1628386,"Jarrett Allen","1610612739","Cleveland Cavaliers",2023,"0022200987","20230308",-0.5,9.05,FALSE
1628386,"Jarrett Allen","1610612739","Cleveland Cavaliers",2023,"0022200987","20230308",1.6,7.75,TRUE
1628386,"Jarrett Allen","1610612739","Cleveland Cavaliers",2023,"0022200987","20230308",0.9,6.75,TRUE
1628386,"Jarrett Allen","1610612739","Cleveland Cavaliers",2023,"0022200987","20230308",3.9,7.15,TRUE
1628386,"Jarrett Allen","1610612739","Cleveland Cavaliers",2023,"0022200987","20230308",2.6,5.65,TRUE
1628386,"Jarrett Allen","1610612739","Cleveland Cavaliers",2023,"0022200987","20230308",9.6,7.95,FALSE
1628386,"Jarrett Allen","1610612739","Cleveland Cavaliers",2023,"0022201000","20230310",-0.4,7.25,FALSE
1628386,"Jarrett Allen","1610612739","Cleveland Cavaliers",2023,"0022201000","20230310",-2.1,7.45,FALSE
1628386,"Jarrett Allen","1610612739","Cleveland Cavaliers",2023,"0022201000","20230310",1.8,5.95,TRUE
1628386,"Jarrett Allen","1610612739","Cleveland Cavaliers",2023,"0022201000","20230310",-2,15.35,FALSE
1628386,"Jarrett Allen","1610612739","Cleveland Cavaliers",2023,"0022201000","20230310",0.6,7.15,TRUE
1628386,"Jarrett Allen","1610612739","Cleveland Cavaliers",2023,"0022201079","20230321",0.6,4.75,TRUE
1628386,"Jarrett Allen","1610612739","Cleveland Cavaliers",2023,"0022201079","20230321",-0.5,5.65,FALSE
1628386,"Jarrett Allen","1610612739","Cleveland Cavaliers",2023,"0022201079","20230321",0,5.25,TRUE
1628386,"Jarrett Allen","1610612739","Cleveland Cavaliers",2023,"0022201079","20230321",0.7,10.05,FALSE
1628386,"Jarrett Allen","1610612739","Cleveland Cavaliers",2023,"0022201079","20230321",2.8,11.65,FALSE
1628386,"Jarrett Allen","1610612739","Cleveland Cavaliers",2023,"0022201079","20230321",-9.4,10.75,TRUE
1628386,"Jarrett Allen","1610612739","Cleveland Cavaliers",2023,"0022201079","20230321",0.9,10.75,TRUE
1628386,"Jarrett Allen","1610612739","Cleveland Cavaliers",2023,"0022201079","20230321",1.2,7.85,FALSE
1628386,"Jarrett Allen","1610612739","Cleveland Cavaliers",2023,"0022201079","20230321",0.4,6.35,TRUE
1628386,"Jarrett Allen","1610612739","Cleveland Cavaliers",2023,"0022201079","20230321",0,5.25,FALSE
1628386,"Jarrett Allen","1610612739","Cleveland Cavaliers",2023,"0022201079","20230321",0,5.25,FALSE
1628386,"Jarrett Allen","1610612739","Cleveland Cavaliers",2023,"0022201094","20230323",-0.4,5.35,TRUE
1628386,"Jarrett Allen","1610612739","Cleveland Cavaliers",2023,"0022201094","20230323",1.8,7.45,TRUE
1628386,"Jarrett Allen","1610612739","Cleveland Cavaliers",2023,"0022201094","20230323",-1.8,7.35,FALSE
1628386,"Jarrett Allen","1610612739","Cleveland Cavaliers",2023,"0022201094","20230323",9.3,7.35,FALSE
1628386,"Jarrett Allen","1610612739","Cleveland Cavaliers",2023,"0022201094","20230323",0,5.25,FALSE
1628386,"Jarrett Allen","1610612739","Cleveland Cavaliers",2023,"0022201094","20230323",0,5.25,TRUE
1628386,"Jarrett Allen","1610612739","Cleveland Cavaliers",2023,"0022201094","20230323",0.2,6.35,FALSE
1628386,"Jarrett Allen","1610612739","Cleveland Cavaliers",2023,"0022201094","20230323",-0.9,5.45,TRUE
1628386,"Jarrett Allen","1610612739","Cleveland Cavaliers",2023,"0022201094","20230323",3.2,9.65,TRUE
1628386,"Jarrett Allen","1610612739","Cleveland Cavaliers",2023,"0022201117","20230326",0,6.35,TRUE
1628386,"Jarrett Allen","1610612739","Cleveland Cavaliers",2023,"0022201117","20230326",-0.5,5.45,FALSE
1628386,"Jarrett Allen","1610612739","Cleveland Cavaliers",2023,"0022201117","20230326",0.7,6.75,TRUE
1628386,"Jarrett Allen","1610612739","Cleveland Cavaliers",2023,"0022201117","20230326",3.3,11.15,TRUE
1628386,"Jarrett Allen","1610612739","Cleveland Cavaliers",2023,"0022201117","20230326",0,5.25,TRUE
1628386,"Jarrett Allen","1610612739","Cleveland Cavaliers",2023,"0022201117","20230326",0,5.25,TRUE
1628386,"Jarrett Allen","1610612739","Cleveland Cavaliers",2023,"0022201117","20230326",1.3,7.75,TRUE
1628386,"Jarrett Allen","1610612739","Cleveland Cavaliers",2023,"0022201117","20230326",1.1,6.15,FALSE
1628386,"Jarrett Allen","1610612739","Cleveland Cavaliers",2023,"0022201117","20230326",-0.6,6.05,TRUE
1628386,"Jarrett Allen","1610612739","Cleveland Cavaliers",2023,"0022201117","20230326",1.4,4.15,FALSE
1628386,"Jarrett Allen","1610612739","Cleveland Cavaliers",2023,"0022201117","20230326",-0.2,6.55,TRUE
1628386,"Jarrett Allen","1610612739","Cleveland Cavaliers",2023,"0022201173","20230402",1.6,16.25,FALSE
1628386,"Jarrett Allen","1610612739","Cleveland Cavaliers",2023,"0022201173","20230402",0.6,4.45,FALSE
1628386,"Jarrett Allen","1610612739","Cleveland Cavaliers",2023,"0022201173","20230402",0.6,6.25,TRUE
1628386,"Jarrett Allen","1610612739","Cleveland Cavaliers",2023,"0022201173","20230402",-1.5,7.55,FALSE
1628386,"Jarrett Allen","1610612739","Cleveland Cavaliers",2023,"0022201173","20230402",0,5.25,TRUE
1628386,"Jarrett Allen","1610612739","Cleveland Cavaliers",2023,"0022201173","20230402",-0.1,5.25,TRUE
1628386,"Jarrett Allen","1610612739","Cleveland Cavaliers",2023,"0022201173","20230402",0,5.25,TRUE
1628386,"Jarrett Allen","1610612739","Cleveland Cavaliers",2023,"0022201173","20230402",-4.3,11.35,TRUE
1628386,"Jarrett Allen","1610612739","Cleveland Cavaliers",2023,"0022201173","20230402",-0.5,6.95,TRUE
1628386,"Jarrett Allen","1610612739","Cleveland Cavaliers",2023,"0022201178","20230404",6.4,7.35,TRUE
1628386,"Jarrett Allen","1610612739","Cleveland Cavaliers",2023,"0022201178","20230404",-1.5,7.35,TRUE
1628386,"Jarrett Allen","1610612739","Cleveland Cavaliers",2023,"0022201178","20230404",-0.9,13.05,TRUE
1628386,"Jarrett Allen","1610612739","Cleveland Cavaliers",2023,"0022201178","20230404",0,5.25,FALSE
1628386,"Jarrett Allen","1610612739","Cleveland Cavaliers",2023,"0022201178","20230404",2.6,5.85,FALSE
1628386,"Jarrett Allen","1610612739","Cleveland Cavaliers",2023,"0022201178","20230404",6.5,7.95,FALSE
1628386,"Jarrett Allen","1610612739","Cleveland Cavaliers",2023,"0022201178","20230404",1.5,5.75,TRUE
1628386,"Jarrett Allen","1610612739","Cleveland Cavaliers",2023,"0022201178","20230404",-1.9,8.15,TRUE
1628386,"Jarrett Allen","1610612739","Cleveland Cavaliers",2023,"0022201178","20230404",2,5.05,FALSE
1628386,"Jarrett Allen","1610612739","Cleveland Cavaliers",2023,"0022201178","20230404",1.5,5.75,TRUE
1628386,"Jarrett Allen","1610612739","Cleveland Cavaliers",2023,"0022201218","20230409",0.4,6.05,TRUE
1628386,"Jarrett Allen","1610612739","Cleveland Cavaliers",2023,"0022201218","20230409",0,31.15,FALSE
1628386,"Jarrett Allen","1610612739","Cleveland Cavaliers",2023,"0022201218","20230409",8.3,9.65,FALSE
1628386,"Jarrett Allen","1610612739","Cleveland Cavaliers",2023,"0022201218","20230409",0.9,6.75,TRUE
1628386,"Jarrett Allen","1610612739","Cleveland Cavaliers",2024,"0022300001","20231103",1.7,5.85,TRUE
1628386,"Jarrett Allen","1610612739","Cleveland Cavaliers",2024,"0022300001","20231103",-0.4,7.65,TRUE
1628386,"Jarrett Allen","1610612739","Cleveland Cavaliers",2024,"0022300001","20231103",0.5,6.65,FALSE
1628386,"Jarrett Allen","1610612739","Cleveland Cavaliers",2024,"0022300001","20231103",0,8.15,TRUE
1628386,"Jarrett Allen","1610612739","Cleveland Cavaliers",2024,"0022300001","20231103",3.3,10.25,TRUE
1628386,"Jarrett Allen","1610612739","Cleveland Cavaliers",2024,"0022300001","20231103",0.9,5.65,FALSE
1628386,"Jarrett Allen","1610612739","Cleveland Cavaliers",2024,"0022300030","20231117",0.7,6.15,TRUE
1628386,"Jarrett Allen","1610612739","Cleveland Cavaliers",2024,"0022300030","20231117",-2.2,8.15,FALSE
1628386,"Jarrett Allen","1610612739","Cleveland Cavaliers",2024,"0022300030","20231117",-0.2,6.85,FALSE
1628386,"Jarrett Allen","1610612739","Cleveland Cavaliers",2024,"0022300030","20231117",-0.6,7.25,TRUE
1628386,"Jarrett Allen","1610612739","Cleveland Cavaliers",2024,"0022300030","20231117",-1,5.25,TRUE
1628386,"Jarrett Allen","1610612739","Cleveland Cavaliers",2024,"0022300030","20231117",0,6.75,FALSE
1628386,"Jarrett Allen","1610612739","Cleveland Cavaliers",2024,"0022300030","20231117",-0.1,10.05,FALSE
1628386,"Jarrett Allen","1610612739","Cleveland Cavaliers",2024,"0022300030","20231117",0.2,6.35,TRUE
1628386,"Jarrett Allen","1610612739","Cleveland Cavaliers",2024,"0022300040","20231121",8.2,10.05,FALSE
1628386,"Jarrett Allen","1610612739","Cleveland Cavaliers",2024,"0022300040","20231121",6.6,14.75,FALSE
1628386,"Jarrett Allen","1610612739","Cleveland Cavaliers",2024,"0022300040","20231121",-0.2,5.65,TRUE
1628386,"Jarrett Allen","1610612739","Cleveland Cavaliers",2024,"0022300040","20231121",-0.5,5.45,TRUE
1628386,"Jarrett Allen","1610612739","Cleveland Cavaliers",2024,"0022300040","20231121",-0.6,5.35,TRUE
1628386,"Jarrett Allen","1610612739","Cleveland Cavaliers",2024,"0022300040","20231121",-2.6,7.45,FALSE
1628386,"Jarrett Allen","1610612739","Cleveland Cavaliers",2024,"0022300040","20231121",0,5.25,FALSE
1628386,"Jarrett Allen","1610612739","Cleveland Cavaliers",2024,"0022300040","20231121",-2.1,7.05,TRUE
1628386,"Jarrett Allen","1610612739","Cleveland Cavaliers",2024,"0022300040","20231121",-2.8,6.75,TRUE
1628386,"Jarrett Allen","1610612739","Cleveland Cavaliers",2024,"0022300040","20231121",-0.7,6.05,TRUE
1628386,"Jarrett Allen","1610612739","Cleveland Cavaliers",2024,"0022300040","20231121",-2.7,15.35,TRUE
1628386,"Jarrett Allen","1610612739","Cleveland Cavaliers",2024,"0022300040","20231121",0,5.25,TRUE
1628386,"Jarrett Allen","1610612739","Cleveland Cavaliers",2024,"0022300040","20231121",-0.5,6.55,FALSE
1628386,"Jarrett Allen","1610612739","Cleveland Cavaliers",2024,"0022300040","20231121",0,5.25,FALSE
1628386,"Jarrett Allen","1610612739","Cleveland Cavaliers",2024,"0022300040","20231121",2.2,18.85,FALSE
1628386,"Jarrett Allen","1610612739","Cleveland Cavaliers",2024,"0022300040","20231121",-0.5,7.65,TRUE
1628386,"Jarrett Allen","1610612739","Cleveland Cavaliers",2024,"0022300040","20231121",0,6.05,FALSE
1628386,"Jarrett Allen","1610612739","Cleveland Cavaliers",2024,"0022300040","20231121",-9.3,18.95,TRUE
1628386,"Jarrett Allen","1610612739","Cleveland Cavaliers",2024,"0022300040","20231121",0.5,5.55,TRUE
1628386,"Jarrett Allen","1610612739","Cleveland Cavaliers",2024,"0022300040","20231121",8.1,5.05,TRUE
1628386,"Jarrett Allen","1610612739","Cleveland Cavaliers",2024,"0022300055","20231128",-0.1,4.65,TRUE
1628386,"Jarrett Allen","1610612739","Cleveland Cavaliers",2024,"0022300055","20231128",0.9,5.75,TRUE
1628386,"Jarrett Allen","1610612739","Cleveland Cavaliers",2024,"0022300055","20231128",-0.2,6.55,TRUE
1628386,"Jarrett Allen","1610612739","Cleveland Cavaliers",2024,"0022300055","20231128",0,5.25,TRUE
1628386,"Jarrett Allen","1610612739","Cleveland Cavaliers",2024,"0022300055","20231128",0.5,5.55,TRUE
1628386,"Jarrett Allen","1610612739","Cleveland Cavaliers",2024,"0022300055","20231128",-1,6.35,FALSE
1628386,"Jarrett Allen","1610612739","Cleveland Cavaliers",2024,"0022300142","20231105",0,7.85,TRUE
1628386,"Jarrett Allen","1610612739","Cleveland Cavaliers",2024,"0022300142","20231105",0.6,6.35,FALSE
1628386,"Jarrett Allen","1610612739","Cleveland Cavaliers",2024,"0022300142","20231105",-0.9,6.55,TRUE
1628386,"Jarrett Allen","1610612739","Cleveland Cavaliers",2024,"0022300142","20231105",0.9,5.15,TRUE
1628386,"Jarrett Allen","1610612739","Cleveland Cavaliers",2024,"0022300142","20231105",2.1,14.05,TRUE
1628386,"Jarrett Allen","1610612739","Cleveland Cavaliers",2024,"0022300142","20231105",-0.6,6.35,TRUE
1628386,"Jarrett Allen","1610612739","Cleveland Cavaliers",2024,"0022300142","20231105",-9.8,4.35,FALSE
1628386,"Jarrett Allen","1610612739","Cleveland Cavaliers",2024,"0022300167","20231108",0.9,9.85,TRUE
1628386,"Jarrett Allen","1610612739","Cleveland Cavaliers",2024,"0022300167","20231108",2.5,9.35,TRUE
1628386,"Jarrett Allen","1610612739","Cleveland Cavaliers",2024,"0022300167","20231108",0,6.95,TRUE
1628386,"Jarrett Allen","1610612739","Cleveland Cavaliers",2024,"0022300167","20231108",-4.7,4.85,FALSE
1628386,"Jarrett Allen","1610612739","Cleveland Cavaliers",2024,"0022300167","20231108",0,5.25,TRUE
1628386,"Jarrett Allen","1610612739","Cleveland Cavaliers",2024,"0022300167","20231108",0,5.25,FALSE
1628386,"Jarrett Allen","1610612739","Cleveland Cavaliers",2024,"0022300176","20231111",-6.6,5.15,FALSE
1628386,"Jarrett Allen","1610612739","Cleveland Cavaliers",2024,"0022300176","20231111",-0.2,9.35,TRUE
1628386,"Jarrett Allen","1610612739","Cleveland Cavaliers",2024,"0022300176","20231111",-3.8,10.05,FALSE
1628386,"Jarrett Allen","1610612739","Cleveland Cavaliers",2024,"0022300176","20231111",-3.3,16.95,FALSE
1628386,"Jarrett Allen","1610612739","Cleveland Cavaliers",2024,"0022300176","20231111",-4,6.25,TRUE
1628386,"Jarrett Allen","1610612739","Cleveland Cavaliers",2024,"0022300176","20231111",0,5.25,FALSE
1628386,"Jarrett Allen","1610612739","Cleveland Cavaliers",2024,"0022300191","20231113",1.2,9.35,TRUE
1628386,"Jarrett Allen","1610612739","Cleveland Cavaliers",2024,"0022300191","20231113",-0.2,9.15,TRUE
1628386,"Jarrett Allen","1610612739","Cleveland Cavaliers",2024,"0022300191","20231113",-1.2,8.65,TRUE
1628386,"Jarrett Allen","1610612739","Cleveland Cavaliers",2024,"0022300191","20231113",-1.2,9.45,TRUE
1628386,"Jarrett Allen","1610612739","Cleveland Cavaliers",2024,"0022300191","20231113",-3.8,8.35,TRUE
1628386,"Jarrett Allen","1610612739","Cleveland Cavaliers",2024,"0022300191","20231113",-3.8,8.65,FALSE
1628386,"Jarrett Allen","1610612739","Cleveland Cavaliers",2024,"0022300199","20231115",-6.5,9.95,TRUE
1628386,"Jarrett Allen","1610612739","Cleveland Cavaliers",2024,"0022300199","20231115",1.1,5.45,TRUE
1628386,"Jarrett Allen","1610612739","Cleveland Cavaliers",2024,"0022300199","20231115",-0.7,5.25,TRUE
1628386,"Jarrett Allen","1610612739","Cleveland Cavaliers",2024,"0022300210","20231119",-0.5,6.25,FALSE
1628386,"Jarrett Allen","1610612739","Cleveland Cavaliers",2024,"0022300210","20231119",3.1,16.15,FALSE
1628386,"Jarrett Allen","1610612739","Cleveland Cavaliers",2024,"0022300210","20231119",0.5,6.55,TRUE
1628386,"Jarrett Allen","1610612739","Cleveland Cavaliers",2024,"0022300210","20231119",2.6,9.85,TRUE
1628386,"Jarrett Allen","1610612739","Cleveland Cavaliers",2024,"0022300210","20231119",-11,8.25,FALSE
1628386,"Jarrett Allen","1610612739","Cleveland Cavaliers",2024,"0022300210","20231119",-1.8,5.65,TRUE
1628386,"Jarrett Allen","1610612739","Cleveland Cavaliers",2024,"0022300210","20231119",-0.5,7.25,TRUE
1628386,"Jarrett Allen","1610612739","Cleveland Cavaliers",2024,"0022300210","20231119",0.2,5.85,TRUE
1628386,"Jarrett Allen","1610612739","Cleveland Cavaliers",2024,"0022300210","20231119",4.2,9.35,TRUE
1628386,"Jarrett Allen","1610612739","Cleveland Cavaliers",2024,"0022300210","20231119",-0.1,9.35,FALSE
1628386,"Jarrett Allen","1610612739","Cleveland Cavaliers",2024,"0022300229","20231122",1,6.75,TRUE
1628386,"Jarrett Allen","1610612739","Cleveland Cavaliers",2024,"0022300229","20231122",-7.4,7.75,FALSE
1628386,"Jarrett Allen","1610612739","Cleveland Cavaliers",2024,"0022300242","20231125",-0.1,6.55,FALSE
1628386,"Jarrett Allen","1610612739","Cleveland Cavaliers",2024,"0022300242","20231125",0,5.25,TRUE
1628386,"Jarrett Allen","1610612739","Cleveland Cavaliers",2024,"0022300242","20231125",0,5.25,FALSE
1628386,"Jarrett Allen","1610612739","Cleveland Cavaliers",2024,"0022300242","20231125",-0.2,6.55,TRUE
1628386,"Jarrett Allen","1610612739","Cleveland Cavaliers",2024,"0022300242","20231125",0,5.25,TRUE
1628386,"Jarrett Allen","1610612739","Cleveland Cavaliers",2024,"0022300242","20231125",-2.2,10.65,TRUE
1628386,"Jarrett Allen","1610612739","Cleveland Cavaliers",2024,"0022300242","20231125",-0.1,5.95,TRUE
1628386,"Jarrett Allen","1610612739","Cleveland Cavaliers",2024,"0022300242","20231125",7.5,9.85,FALSE
1628386,"Jarrett Allen","1610612739","Cleveland Cavaliers",2024,"0022300242","20231125",0.1,6.95,TRUE
1628386,"Jarrett Allen","1610612739","Cleveland Cavaliers",2024,"0022300242","20231125",4.7,9.05,TRUE
1628386,"Jarrett Allen","1610612739","Cleveland Cavaliers",2024,"0022300242","20231125",-0.9,5.15,TRUE
1628386,"Jarrett Allen","1610612739","Cleveland Cavaliers",2024,"0022300242","20231125",0.5,6.95,TRUE
1628386,"Jarrett Allen","1610612739","Cleveland Cavaliers",2024,"0022300251","20231126",-1.2,7.25,TRUE
1628386,"Jarrett Allen","1610612739","Cleveland Cavaliers",2024,"0022300251","20231126",-0.1,12.55,TRUE
1628386,"Jarrett Allen","1610612739","Cleveland Cavaliers",2024,"0022300251","20231126",0,6.75,TRUE
1628386,"Jarrett Allen","1610612739","Cleveland Cavaliers",2024,"0022300251","20231126",1.3,5.25,TRUE
1628386,"Jarrett Allen","1610612739","Cleveland Cavaliers",2024,"0022300251","20231126",0,5.25,TRUE
1628386,"Jarrett Allen","1610612739","Cleveland Cavaliers",2024,"0022300251","20231126",-8.2,6.15,FALSE
1628386,"Jarrett Allen","1610612739","Cleveland Cavaliers",2024,"0022300251","20231126",0,8.25,TRUE
1628386,"Jarrett Allen","1610612739","Cleveland Cavaliers",2024,"0022300251","20231126",0,5.75,TRUE
1628386,"Jarrett Allen","1610612739","Cleveland Cavaliers",2024,"0022300251","20231126",-0.4,5.45,TRUE
1628386,"Jarrett Allen","1610612739","Cleveland Cavaliers",2024,"0022300251","20231126",-0.4,6.75,TRUE
1628386,"Jarrett Allen","1610612739","Cleveland Cavaliers",2024,"0022300265","20231130",-0.1,5.35,TRUE
1628386,"Jarrett Allen","1610612739","Cleveland Cavaliers",2024,"0022300265","20231130",-0.4,6.05,TRUE
1628386,"Jarrett Allen","1610612739","Cleveland Cavaliers",2024,"0022300265","20231130",0,5.25,FALSE
1628386,"Jarrett Allen","1610612739","Cleveland Cavaliers",2024,"0022300265","20231130",-0.5,6.95,TRUE
1628386,"Jarrett Allen","1610612739","Cleveland Cavaliers",2024,"0022300265","20231130",-5,9.65,FALSE
1628386,"Jarrett Allen","1610612739","Cleveland Cavaliers",2024,"0022300265","20231130",-0.1,5.75,TRUE
1628386,"Jarrett Allen","1610612739","Cleveland Cavaliers",2024,"0022300265","20231130",2.7,9.95,FALSE
1628386,"Jarrett Allen","1610612739","Cleveland Cavaliers",2024,"0022300265","20231130",0,5.25,TRUE
1628386,"Jarrett Allen","1610612739","Cleveland Cavaliers",2024,"0022300265","20231130",0.7,9.35,TRUE
1628386,"Jarrett Allen","1610612739","Cleveland Cavaliers",2024,"0022300283","20231202",2.1,6.15,TRUE
1628386,"Jarrett Allen","1610612739","Cleveland Cavaliers",2024,"0022300283","20231202",2.7,12.15,FALSE
1628386,"Jarrett Allen","1610612739","Cleveland Cavaliers",2024,"0022300283","20231202",1.2,7.45,TRUE
1628386,"Jarrett Allen","1610612739","Cleveland Cavaliers",2024,"0022300283","20231202",2.5,6.55,TRUE
1628386,"Jarrett Allen","1610612739","Cleveland Cavaliers",2024,"0022300283","20231202",-0.1,19.05,TRUE
1628386,"Jarrett Allen","1610612739","Cleveland Cavaliers",2024,"0022300283","20231202",-2,9.55,TRUE
1628386,"Jarrett Allen","1610612739","Cleveland Cavaliers",2024,"0022300283","20231202",2.9,6.65,TRUE
1628386,"Jarrett Allen","1610612739","Cleveland Cavaliers",2024,"0022300283","20231202",-2.6,10.25,TRUE
1628386,"Jarrett Allen","1610612739","Cleveland Cavaliers",2024,"0022300283","20231202",0,5.25,TRUE
1628386,"Jarrett Allen","1610612739","Cleveland Cavaliers",2024,"0022300294","20231211",2.3,8.65,TRUE
1628386,"Jarrett Allen","1610612739","Cleveland Cavaliers",2024,"0022300294","20231211",-3.4,8.15,FALSE
1628386,"Jarrett Allen","1610612739","Cleveland Cavaliers",2024,"0022300294","20231211",0,5.25,TRUE
1628386,"Jarrett Allen","1610612739","Cleveland Cavaliers",2024,"0022300305","20231212",-2.2,8.15,FALSE
1628386,"Jarrett Allen","1610612739","Cleveland Cavaliers",2024,"0022300305","20231212",2.5,8.85,FALSE
1628386,"Jarrett Allen","1610612739","Cleveland Cavaliers",2024,"0022300305","20231212",0.4,7.15,FALSE
1628386,"Jarrett Allen","1610612739","Cleveland Cavaliers",2024,"0022300305","20231212",0.1,7.65,TRUE
1628386,"Jarrett Allen","1610612739","Cleveland Cavaliers",2024,"0022300305","20231212",-6.6,16.75,TRUE
1628386,"Jarrett Allen","1610612739","Cleveland Cavaliers",2024,"0022300305","20231212",-5.2,10.75,TRUE
1628386,"Jarrett Allen","1610612739","Cleveland Cavaliers",2024,"0022300305","20231212",-0.5,20.15,TRUE
1628386,"Jarrett Allen","1610612739","Cleveland Cavaliers",2024,"0022300305","20231212",4.5,16.55,TRUE
1628386,"Jarrett Allen","1610612739","Cleveland Cavaliers",2024,"0022300305","20231212",-6.2,7.05,TRUE
1628386,"Jarrett Allen","1610612739","Cleveland Cavaliers",2024,"0022300319","20231214",1.7,6.95,TRUE
1628386,"Jarrett Allen","1610612739","Cleveland Cavaliers",2024,"0022300319","20231214",3.6,10.15,FALSE
1628386,"Jarrett Allen","1610612739","Cleveland Cavaliers",2024,"0022300319","20231214",9.8,10.65,TRUE
1628386,"Jarrett Allen","1610612739","Cleveland Cavaliers",2024,"0022300319","20231214",-7.4,9.15,FALSE
1628386,"Jarrett Allen","1610612739","Cleveland Cavaliers",2024,"0022300319","20231214",-2.8,20.75,FALSE
1628386,"Jarrett Allen","1610612739","Cleveland Cavaliers",2024,"0022300319","20231214",1.3,6.75,TRUE
1628386,"Jarrett Allen","1610612739","Cleveland Cavaliers",2024,"0022300319","20231214",0.3,8.25,TRUE
1628386,"Jarrett Allen","1610612739","Cleveland Cavaliers",2024,"0022300336","20231216",-0.4,5.15,TRUE
1628386,"Jarrett Allen","1610612739","Cleveland Cavaliers",2024,"0022300336","20231216",-1.6,6.25,TRUE
1628386,"Jarrett Allen","1610612739","Cleveland Cavaliers",2024,"0022300336","20231216",-9.9,7.25,TRUE
1628386,"Jarrett Allen","1610612739","Cleveland Cavaliers",2024,"0022300336","20231216",-0.7,5.45,TRUE
1628386,"Jarrett Allen","1610612739","Cleveland Cavaliers",2024,"0022300336","20231216",0.9,5.95,TRUE
1628386,"Jarrett Allen","1610612739","Cleveland Cavaliers",2024,"0022300336","20231216",-0.5,7.35,TRUE
1628386,"Jarrett Allen","1610612739","Cleveland Cavaliers",2024,"0022300336","20231216",-0.4,6.45,TRUE
1628386,"Jarrett Allen","1610612739","Cleveland Cavaliers",2024,"0022300336","20231216",-0.2,6.55,TRUE
1628386,"Jarrett Allen","1610612739","Cleveland Cavaliers",2024,"0022300336","20231216",-0.5,5.85,TRUE
1628386,"Jarrett Allen","1610612739","Cleveland Cavaliers",2024,"0022300336","20231216",0.2,6.55,TRUE
1628386,"Jarrett Allen","1610612739","Cleveland Cavaliers",2024,"0022300336","20231216",-1,6.25,FALSE
1628386,"Jarrett Allen","1610612739","Cleveland Cavaliers",2024,"0022300336","20231216",-0.9,6.75,FALSE
1628386,"Jarrett Allen","1610612739","Cleveland Cavaliers",2024,"0022300336","20231216",0.2,5.05,TRUE
1628386,"Jarrett Allen","1610612739","Cleveland Cavaliers",2024,"0022300336","20231216",0.2,6.55,TRUE
1628386,"Jarrett Allen","1610612739","Cleveland Cavaliers",2024,"0022300349","20231218",0,5.25,TRUE
1628386,"Jarrett Allen","1610612739","Cleveland Cavaliers",2024,"0022300349","20231218",1.2,6.25,FALSE
1628386,"Jarrett Allen","1610612739","Cleveland Cavaliers",2024,"0022300349","20231218",-0.4,8.15,FALSE
1628386,"Jarrett Allen","1610612739","Cleveland Cavaliers",2024,"0022300349","20231218",1.2,6.95,FALSE
1628386,"Jarrett Allen","1610612739","Cleveland Cavaliers",2024,"0022300349","20231218",1.2,6.55,TRUE
1628386,"Jarrett Allen","1610612739","Cleveland Cavaliers",2024,"0022300349","20231218",-0.1,7.15,FALSE
1628386,"Jarrett Allen","1610612739","Cleveland Cavaliers",2024,"0022300349","20231218",0.6,5.15,TRUE
1628386,"Jarrett Allen","1610612739","Cleveland Cavaliers",2024,"0022300364","20231220",-1,6.85,TRUE
1628386,"Jarrett Allen","1610612739","Cleveland Cavaliers",2024,"0022300364","20231220",-5.1,10.35,TRUE
1628386,"Jarrett Allen","1610612739","Cleveland Cavaliers",2024,"0022300364","20231220",1.2,5.25,TRUE
1628386,"Jarrett Allen","1610612739","Cleveland Cavaliers",2024,"0022300364","20231220",-2.5,13.65,TRUE
1628386,"Jarrett Allen","1610612739","Cleveland Cavaliers",2024,"0022300364","20231220",-0.4,5.75,FALSE
1628386,"Jarrett Allen","1610612739","Cleveland Cavaliers",2024,"0022300364","20231220",0.2,6.95,TRUE
1628386,"Jarrett Allen","1610612739","Cleveland Cavaliers",2024,"0022300364","20231220",-1.3,4.35,FALSE
1628386,"Jarrett Allen","1610612739","Cleveland Cavaliers",2024,"0022300364","20231220",-0.1,6.35,TRUE
1628386,"Jarrett Allen","1610612739","Cleveland Cavaliers",2024,"0022300364","20231220",0.1,6.55,TRUE
1628386,"Jarrett Allen","1610612739","Cleveland Cavaliers",2024,"0022300364","20231220",-2.8,10.05,TRUE
1628386,"Jarrett Allen","1610612739","Cleveland Cavaliers",2024,"0022300364","20231220",-2.2,6.05,FALSE
1628386,"Jarrett Allen","1610612739","Cleveland Cavaliers",2024,"0022300364","20231220",-2.6,6.25,FALSE
1628386,"Jarrett Allen","1610612739","Cleveland Cavaliers",2024,"0022300364","20231220",0,5.25,FALSE
1628386,"Jarrett Allen","1610612739","Cleveland Cavaliers",2024,"0022300375","20231221",0.4,7.95,TRUE
1628386,"Jarrett Allen","1610612739","Cleveland Cavaliers",2024,"0022300375","20231221",1.1,6.35,FALSE
1628386,"Jarrett Allen","1610612739","Cleveland Cavaliers",2024,"0022300375","20231221",0.2,9.05,TRUE
1628386,"Jarrett Allen","1610612739","Cleveland Cavaliers",2024,"0022300375","20231221",-1.1,13.55,TRUE
1628386,"Jarrett Allen","1610612739","Cleveland Cavaliers",2024,"0022300375","20231221",-0.2,5.65,TRUE
1628386,"Jarrett Allen","1610612739","Cleveland Cavaliers",2024,"0022300375","20231221",-1.6,5.75,TRUE
1628386,"Jarrett Allen","1610612739","Cleveland Cavaliers",2024,"0022300375","20231221",-0.6,19.65,TRUE
1628386,"Jarrett Allen","1610612739","Cleveland Cavaliers",2024,"0022300375","20231221",-1.3,5.75,TRUE
1628386,"Jarrett Allen","1610612739","Cleveland Cavaliers",2024,"0022300396","20231223",2.6,12.25,TRUE
1628386,"Jarrett Allen","1610612739","Cleveland Cavaliers",2024,"0022300396","20231223",1.6,8.95,TRUE
1628386,"Jarrett Allen","1610612739","Cleveland Cavaliers",2024,"0022300396","20231223",0.5,7.05,FALSE
1628386,"Jarrett Allen","1610612739","Cleveland Cavaliers",2024,"0022300396","20231223",6.5,17.95,TRUE
1628386,"Jarrett Allen","1610612739","Cleveland Cavaliers",2024,"0022300396","20231223",-1.2,5.75,TRUE
1628386,"Jarrett Allen","1610612739","Cleveland Cavaliers",2024,"0022300396","20231223",-2.7,5.25,FALSE
1628386,"Jarrett Allen","1610612739","Cleveland Cavaliers",2024,"0022300396","20231223",0,8.45,TRUE
1628386,"Jarrett Allen","1610612739","Cleveland Cavaliers",2024,"0022300396","20231223",17.6,23.15,FALSE
1628386,"Jarrett Allen","1610612739","Cleveland Cavaliers",2024,"0022300396","20231223",-0.1,5.55,TRUE
1628386,"Jarrett Allen","1610612739","Cleveland Cavaliers",2024,"0022300420","20231227",0,17.75,FALSE
1628386,"Jarrett Allen","1610612739","Cleveland Cavaliers",2024,"0022300420","20231227",-3.2,7.95,FALSE
1628386,"Jarrett Allen","1610612739","Cleveland Cavaliers",2024,"0022300420","20231227",1.3,6.85,TRUE
1628386,"Jarrett Allen","1610612739","Cleveland Cavaliers",2024,"0022300420","20231227",0,5.25,TRUE
1628386,"Jarrett Allen","1610612739","Cleveland Cavaliers",2024,"0022300420","20231227",0.2,6.55,TRUE
1628386,"Jarrett Allen","1610612739","Cleveland Cavaliers",2024,"0022300420","20231227",-0.2,6.85,TRUE
1628386,"Jarrett Allen","1610612739","Cleveland Cavaliers",2024,"0022300420","20231227",-0.2,10.55,TRUE
1628386,"Jarrett Allen","1610612739","Cleveland Cavaliers",2024,"0022300420","20231227",-1,12.95,FALSE
1628386,"Jarrett Allen","1610612739","Cleveland Cavaliers",2024,"0022300420","20231227",0.6,7.95,FALSE
1628386,"Jarrett Allen","1610612739","Cleveland Cavaliers",2024,"0022300420","20231227",-3.8,6.35,FALSE
1628386,"Jarrett Allen","1610612739","Cleveland Cavaliers",2024,"0022300420","20231227",5.4,8.45,TRUE
1628386,"Jarrett Allen","1610612739","Cleveland Cavaliers",2024,"0022300420","20231227",-1.2,5.95,FALSE
1628386,"Jarrett Allen","1610612739","Cleveland Cavaliers",2024,"0022300420","20231227",0.2,18.55,FALSE
1628386,"Jarrett Allen","1610612739","Cleveland Cavaliers",2024,"0022300420","20231227",0,5.25,TRUE
1628386,"Jarrett Allen","1610612739","Cleveland Cavaliers",2024,"0022300420","20231227",0.2,4.75,TRUE
1628386,"Jarrett Allen","1610612739","Cleveland Cavaliers",2024,"0022300420","20231227",-6.4,5.95,FALSE
1628386,"Jarrett Allen","1610612739","Cleveland Cavaliers",2024,"0022300420","20231227",0.2,5.75,TRUE
1628386,"Jarrett Allen","1610612739","Cleveland Cavaliers",2024,"0022300433","20231229",0.1,7.45,TRUE
1628386,"Jarrett Allen","1610612739","Cleveland Cavaliers",2024,"0022300433","20231229",0.4,8.25,TRUE
1628386,"Jarrett Allen","1610612739","Cleveland Cavaliers",2024,"0022300433","20231229",0,9.75,TRUE
1628386,"Jarrett Allen","1610612739","Cleveland Cavaliers",2024,"0022300433","20231229",-14,10.55,TRUE
1628386,"Jarrett Allen","1610612739","Cleveland Cavaliers",2024,"0022300433","20231229",-11.6,13.65,TRUE
1628386,"Jarrett Allen","1610612739","Cleveland Cavaliers",2024,"0022300433","20231229",-0.1,6.05,TRUE
1628386,"Jarrett Allen","1610612739","Cleveland Cavaliers",2024,"0022300433","20231229",-6,6.75,TRUE
1628386,"Jarrett Allen","1610612739","Cleveland Cavaliers",2024,"0022300433","20231229",1,20.35,TRUE
1628386,"Jarrett Allen","1610612739","Cleveland Cavaliers",2024,"0022300433","20231229",0,5.25,TRUE
1628386,"Jarrett Allen","1610612739","Cleveland Cavaliers",2024,"0022300433","20231229",-13.6,16.95,FALSE
1628386,"Jarrett Allen","1610612739","Cleveland Cavaliers",2024,"0022300433","20231229",1.2,6.55,TRUE
1628386,"Jarrett Allen","1610612739","Cleveland Cavaliers",2024,"0022300433","20231229",-1.8,22.45,FALSE
1628386,"Jarrett Allen","1610612739","Cleveland Cavaliers",2024,"0022300433","20231229",-1.5,6.55,TRUE
1628386,"Jarrett Allen","1610612739","Cleveland Cavaliers",2024,"0022300433","20231229",-1.2,4.95,TRUE
1628386,"Jarrett Allen","1610612739","Cleveland Cavaliers",2024,"0022300433","20231229",0.4,5.35,TRUE
1628386,"Jarrett Allen","1610612739","Cleveland Cavaliers",2024,"0022300433","20231229",2.1,14.35,TRUE
1628386,"Jarrett Allen","1610612739","Cleveland Cavaliers",2024,"0022300433","20231229",0.2,8.85,TRUE
1628386,"Jarrett Allen","1610612739","Cleveland Cavaliers",2024,"0022300452","20240101",-3.8,15.75,FALSE
1628386,"Jarrett Allen","1610612739","Cleveland Cavaliers",2024,"0022300452","20240101",0,5.25,FALSE
1628386,"Jarrett Allen","1610612739","Cleveland Cavaliers",2024,"0022300452","20240101",-1.5,13.55,TRUE
1628386,"Jarrett Allen","1610612739","Cleveland Cavaliers",2024,"0022300452","20240101",0,5.25,TRUE
1628386,"Jarrett Allen","1610612739","Cleveland Cavaliers",2024,"0022300452","20240101",-4.5,9.25,FALSE
1628386,"Jarrett Allen","1610612739","Cleveland Cavaliers",2024,"0022300452","20240101",1,10.75,TRUE
1628386,"Jarrett Allen","1610612739","Cleveland Cavaliers",2024,"0022300452","20240101",-6.7,7.25,FALSE
1628386,"Jarrett Allen","1610612739","Cleveland Cavaliers",2024,"0022300452","20240101",-0.5,13.65,FALSE
1628386,"Jarrett Allen","1610612739","Cleveland Cavaliers",2024,"0022300452","20240101",-3.4,11.25,TRUE
1628386,"Jarrett Allen","1610612739","Cleveland Cavaliers",2024,"0022300452","20240101",-10.7,9.65,FALSE
1628386,"Jarrett Allen","1610612739","Cleveland Cavaliers",2024,"0022300452","20240101",4.3,10.65,TRUE
1628386,"Jarrett Allen","1610612739","Cleveland Cavaliers",2024,"0022300465","20240103",0,5.25,TRUE
1628386,"Jarrett Allen","1610612739","Cleveland Cavaliers",2024,"0022300465","20240103",-3.6,22.15,FALSE
1628386,"Jarrett Allen","1610612739","Cleveland Cavaliers",2024,"0022300465","20240103",-2.7,11.05,FALSE
1628386,"Jarrett Allen","1610612739","Cleveland Cavaliers",2024,"0022300465","20240103",0.2,6.95,TRUE
1628386,"Jarrett Allen","1610612739","Cleveland Cavaliers",2024,"0022300465","20240103",0,5.25,TRUE
1628386,"Jarrett Allen","1610612739","Cleveland Cavaliers",2024,"0022300465","20240103",-0.1,12.35,TRUE
1628386,"Jarrett Allen","1610612739","Cleveland Cavaliers",2024,"0022300465","20240103",-1.5,6.75,FALSE
1628386,"Jarrett Allen","1610612739","Cleveland Cavaliers",2024,"0022300465","20240103",-1,6.05,TRUE
1628386,"Jarrett Allen","1610612739","Cleveland Cavaliers",2024,"0022300465","20240103",-0.7,6.05,TRUE
1628386,"Jarrett Allen","1610612739","Cleveland Cavaliers",2024,"0022300465","20240103",0,5.25,TRUE
1628386,"Jarrett Allen","1610612739","Cleveland Cavaliers",2024,"0022300482","20240105",-5,7.95,TRUE
1628386,"Jarrett Allen","1610612739","Cleveland Cavaliers",2024,"0022300482","20240105",0.9,6.15,TRUE
1628386,"Jarrett Allen","1610612739","Cleveland Cavaliers",2024,"0022300482","20240105",0.6,6.65,TRUE
1628386,"Jarrett Allen","1610612739","Cleveland Cavaliers",2024,"0022300482","20240105",-0.5,6.85,TRUE
1628386,"Jarrett Allen","1610612739","Cleveland Cavaliers",2024,"0022300482","20240105",-2.5,8.85,FALSE
1628386,"Jarrett Allen","1610612739","Cleveland Cavaliers",2024,"0022300482","20240105",0,5.25,TRUE
1628386,"Jarrett Allen","1610612739","Cleveland Cavaliers",2024,"0022300482","20240105",0.4,7.65,FALSE
1628386,"Jarrett Allen","1610612739","Cleveland Cavaliers",2024,"0022300497","20240107",-0.2,7.15,FALSE
1628386,"Jarrett Allen","1610612739","Cleveland Cavaliers",2024,"0022300497","20240107",-0.1,6.75,FALSE
1628386,"Jarrett Allen","1610612739","Cleveland Cavaliers",2024,"0022300497","20240107",0.9,6.05,TRUE
1628386,"Jarrett Allen","1610612739","Cleveland Cavaliers",2024,"0022300497","20240107",-0.6,6.05,TRUE
1628386,"Jarrett Allen","1610612739","Cleveland Cavaliers",2024,"0022300497","20240107",0.5,8.25,TRUE
1628386,"Jarrett Allen","1610612739","Cleveland Cavaliers",2024,"0022300497","20240107",0.1,7.75,TRUE
1628386,"Jarrett Allen","1610612739","Cleveland Cavaliers",2024,"0022300497","20240107",-1.7,11.05,FALSE
1628386,"Jarrett Allen","1610612739","Cleveland Cavaliers",2024,"0022300497","20240107",0,5.25,TRUE
1628386,"Jarrett Allen","1610612739","Cleveland Cavaliers",2024,"0022300497","20240107",-1.6,8.95,FALSE
1628386,"Jarrett Allen","1610612739","Cleveland Cavaliers",2024,"0022300497","20240107",0,5.25,TRUE
1628386,"Jarrett Allen","1610612739","Cleveland Cavaliers",2024,"0022300497","20240107",1.7,9.95,TRUE
1628386,"Jarrett Allen","1610612739","Cleveland Cavaliers",2024,"0022300497","20240107",-1.5,6.45,FALSE
1628386,"Jarrett Allen","1610612739","Cleveland Cavaliers",2024,"0022300497","20240107",-0.1,6.85,TRUE
1628386,"Jarrett Allen","1610612739","Cleveland Cavaliers",2024,"0022300497","20240107",-0.6,7.25,FALSE
1628386,"Jarrett Allen","1610612739","Cleveland Cavaliers",2024,"0022300497","20240107",-0.2,6.25,TRUE
1628386,"Jarrett Allen","1610612739","Cleveland Cavaliers",2024,"0022300497","20240107",0.1,5.45,TRUE
1628386,"Jarrett Allen","1610612739","Cleveland Cavaliers",2024,"0022300497","20240107",0,5.65,TRUE
1628386,"Jarrett Allen","1610612739","Cleveland Cavaliers",2024,"0022300497","20240107",4.7,8.95,FALSE
1628386,"Jarrett Allen","1610612739","Cleveland Cavaliers",2024,"0022300497","20240107",1.6,11.45,FALSE
1628386,"Jarrett Allen","1610612739","Cleveland Cavaliers",2024,"0022300527","20240111",-8.5,18.65,FALSE
1628386,"Jarrett Allen","1610612739","Cleveland Cavaliers",2024,"0022300527","20240111",-1.2,6.25,TRUE
1628386,"Jarrett Allen","1610612739","Cleveland Cavaliers",2024,"0022300527","20240111",-1.3,7.25,TRUE
1628386,"Jarrett Allen","1610612739","Cleveland Cavaliers",2024,"0022300527","20240111",-0.5,6.55,TRUE
1628386,"Jarrett Allen","1610612739","Cleveland Cavaliers",2024,"0022300527","20240111",0,5.25,FALSE
1628386,"Jarrett Allen","1610612739","Cleveland Cavaliers",2024,"0022300561","20240115",-0.1,7.35,TRUE
1628386,"Jarrett Allen","1610612739","Cleveland Cavaliers",2024,"0022300561","20240115",0,8.35,TRUE
1628386,"Jarrett Allen","1610612739","Cleveland Cavaliers",2024,"0022300561","20240115",1.1,5.85,TRUE
1628386,"Jarrett Allen","1610612739","Cleveland Cavaliers",2024,"0022300561","20240115",-0.2,5.95,TRUE
1628386,"Jarrett Allen","1610612739","Cleveland Cavaliers",2024,"0022300561","20240115",5.9,15.35,FALSE
1628386,"Jarrett Allen","1610612739","Cleveland Cavaliers",2024,"0022300572","20240117",2.6,11.65,TRUE
1628386,"Jarrett Allen","1610612739","Cleveland Cavaliers",2024,"0022300572","20240117",-5.9,18.25,TRUE
1628386,"Jarrett Allen","1610612739","Cleveland Cavaliers",2024,"0022300572","20240117",0.6,6.65,FALSE
1628386,"Jarrett Allen","1610612739","Cleveland Cavaliers",2024,"0022300572","20240117",-2,17.35,FALSE
1628386,"Jarrett Allen","1610612739","Cleveland Cavaliers",2024,"0022300572","20240117",2,6.85,FALSE
1628386,"Jarrett Allen","1610612739","Cleveland Cavaliers",2024,"0022300572","20240117",-0.5,5.75,TRUE
1628386,"Jarrett Allen","1610612739","Cleveland Cavaliers",2024,"0022300572","20240117",1.5,4.25,TRUE
1628386,"Jarrett Allen","1610612739","Cleveland Cavaliers",2024,"0022300572","20240117",1.2,5.15,TRUE
1628386,"Jarrett Allen","1610612739","Cleveland Cavaliers",2024,"0022300572","20240117",-2.1,5.65,FALSE
1628386,"Jarrett Allen","1610612739","Cleveland Cavaliers",2024,"0022300572","20240117",-0.9,5.75,TRUE
1628386,"Jarrett Allen","1610612739","Cleveland Cavaliers",2024,"0022300572","20240117",6.5,14.75,TRUE
1628386,"Jarrett Allen","1610612739","Cleveland Cavaliers",2024,"0022300572","20240117",1.2,13.85,FALSE
1628386,"Jarrett Allen","1610612739","Cleveland Cavaliers",2024,"0022300572","20240117",-7.2,22.65,TRUE
1628386,"Jarrett Allen","1610612739","Cleveland Cavaliers",2024,"0022300572","20240117",-1.1,18.35,TRUE
1628386,"Jarrett Allen","1610612739","Cleveland Cavaliers",2024,"0022300572","20240117",-9.1,17.45,FALSE
1628386,"Jarrett Allen","1610612739","Cleveland Cavaliers",2024,"0022300595","20240120",0.9,15.05,TRUE
1628386,"Jarrett Allen","1610612739","Cleveland Cavaliers",2024,"0022300595","20240120",0,6.65,FALSE
1628386,"Jarrett Allen","1610612739","Cleveland Cavaliers",2024,"0022300595","20240120",0.6,20.85,TRUE
1628386,"Jarrett Allen","1610612739","Cleveland Cavaliers",2024,"0022300595","20240120",-0.6,9.35,FALSE
1628386,"Jarrett Allen","1610612739","Cleveland Cavaliers",2024,"0022300595","20240120",0.5,5.95,TRUE
1628386,"Jarrett Allen","1610612739","Cleveland Cavaliers",2024,"0022300595","20240120",0.2,5.45,TRUE
1628386,"Jarrett Allen","1610612739","Cleveland Cavaliers",2024,"0022300595","20240120",-3.8,16.95,TRUE
1628386,"Jarrett Allen","1610612739","Cleveland Cavaliers",2024,"0022300595","20240120",-3.4,23.55,TRUE
1628386,"Jarrett Allen","1610612739","Cleveland Cavaliers",2024,"0022300607","20240122",3.1,13.85,FALSE
1628386,"Jarrett Allen","1610612739","Cleveland Cavaliers",2024,"0022300607","20240122",-0.1,8.85,TRUE
1628386,"Jarrett Allen","1610612739","Cleveland Cavaliers",2024,"0022300607","20240122",-0.1,6.95,TRUE
1628386,"Jarrett Allen","1610612739","Cleveland Cavaliers",2024,"0022300607","20240122",-0.9,7.85,TRUE
1628386,"Jarrett Allen","1610612739","Cleveland Cavaliers",2024,"0022300607","20240122",-0.1,7.45,TRUE
1628386,"Jarrett Allen","1610612739","Cleveland Cavaliers",2024,"0022300607","20240122",0,5.25,FALSE
1628386,"Jarrett Allen","1610612739","Cleveland Cavaliers",2024,"0022300607","20240122",0.7,6.55,TRUE
1628386,"Jarrett Allen","1610612739","Cleveland Cavaliers",2024,"0022300607","20240122",0,5.25,TRUE
1628386,"Jarrett Allen","1610612739","Cleveland Cavaliers",2024,"0022300624","20240124",4.8,16.35,FALSE
1628386,"Jarrett Allen","1610612739","Cleveland Cavaliers",2024,"0022300624","20240124",2.2,15.95,FALSE
1628386,"Jarrett Allen","1610612739","Cleveland Cavaliers",2024,"0022300624","20240124",2.2,8.65,FALSE
1628386,"Jarrett Allen","1610612739","Cleveland Cavaliers",2024,"0022300624","20240124",-2.1,7.75,FALSE
1628386,"Jarrett Allen","1610612739","Cleveland Cavaliers",2024,"0022300624","20240124",-0.7,7.75,TRUE
1628386,"Jarrett Allen","1610612739","Cleveland Cavaliers",2024,"0022300624","20240124",3.2,7.05,FALSE
1628386,"Jarrett Allen","1610612739","Cleveland Cavaliers",2024,"0022300624","20240124",-1.7,14.35,TRUE
1628386,"Jarrett Allen","1610612739","Cleveland Cavaliers",2024,"0022300624","20240124",-0.1,5.85,TRUE
1628386,"Jarrett Allen","1610612739","Cleveland Cavaliers",2024,"0022300624","20240124",-2.1,16.55,FALSE
1628386,"Jarrett Allen","1610612739","Cleveland Cavaliers",2024,"0022300624","20240124",-0.9,8.05,TRUE
1628386,"Jarrett Allen","1610612739","Cleveland Cavaliers",2024,"0022300624","20240124",0,6.85,TRUE
1628386,"Jarrett Allen","1610612739","Cleveland Cavaliers",2024,"0022300624","20240124",-4.4,5.85,TRUE
1628386,"Jarrett Allen","1610612739","Cleveland Cavaliers",2024,"0022300624","20240124",-3.9,9.25,FALSE
1628386,"Jarrett Allen","1610612739","Cleveland Cavaliers",2024,"0022300624","20240124",-1,7.65,FALSE
1628386,"Jarrett Allen","1610612739","Cleveland Cavaliers",2024,"0022300624","20240124",0.6,6.15,TRUE
1628386,"Jarrett Allen","1610612739","Cleveland Cavaliers",2024,"0022300624","20240124",0,5.25,TRUE
1628386,"Jarrett Allen","1610612739","Cleveland Cavaliers",2024,"0022300624","20240124",-2.7,9.25,FALSE
1628386,"Jarrett Allen","1610612739","Cleveland Cavaliers",2024,"0022300624","20240124",1.1,6.05,TRUE
1628386,"Jarrett Allen","1610612739","Cleveland Cavaliers",2024,"0022300624","20240124",-2.5,6.25,TRUE
1628386,"Jarrett Allen","1610612739","Cleveland Cavaliers",2024,"0022300639","20240126",-0.6,13.55,FALSE
1628386,"Jarrett Allen","1610612739","Cleveland Cavaliers",2024,"0022300639","20240126",-4.3,10.45,FALSE
1628386,"Jarrett Allen","1610612739","Cleveland Cavaliers",2024,"0022300639","20240126",0,5.25,TRUE
1628386,"Jarrett Allen","1610612739","Cleveland Cavaliers",2024,"0022300639","20240126",-7.2,6.95,TRUE
1628386,"Jarrett Allen","1610612739","Cleveland Cavaliers",2024,"0022300639","20240126",0,5.25,TRUE
1628386,"Jarrett Allen","1610612739","Cleveland Cavaliers",2024,"0022300639","20240126",0,5.25,TRUE
1628386,"Jarrett Allen","1610612739","Cleveland Cavaliers",2024,"0022300639","20240126",-0.7,8.05,FALSE
1628386,"Jarrett Allen","1610612739","Cleveland Cavaliers",2024,"0022300639","20240126",3.7,16.55,FALSE
1628386,"Jarrett Allen","1610612739","Cleveland Cavaliers",2024,"0022300639","20240126",0,5.25,FALSE
1628386,"Jarrett Allen","1610612739","Cleveland Cavaliers",2024,"0022300639","20240126",0,5.25,FALSE
1628386,"Jarrett Allen","1610612739","Cleveland Cavaliers",2024,"0022300639","20240126",0.5,14.05,FALSE
1628386,"Jarrett Allen","1610612739","Cleveland Cavaliers",2024,"0022300639","20240126",1.5,15.55,FALSE
1628386,"Jarrett Allen","1610612739","Cleveland Cavaliers",2024,"0022300639","20240126",1.1,7.25,TRUE
1628386,"Jarrett Allen","1610612739","Cleveland Cavaliers",2024,"0022300639","20240126",5.6,18.45,FALSE
1628386,"Jarrett Allen","1610612739","Cleveland Cavaliers",2024,"0022300639","20240126",1.3,6.25,TRUE
1628386,"Jarrett Allen","1610612739","Cleveland Cavaliers",2024,"0022300639","20240126",-1.2,8.45,TRUE
1628386,"Jarrett Allen","1610612739","Cleveland Cavaliers",2024,"0022300639","20240126",-7.6,7.95,TRUE
1628386,"Jarrett Allen","1610612739","Cleveland Cavaliers",2024,"0022300639","20240126",-1.5,8.45,FALSE
1628386,"Jarrett Allen","1610612739","Cleveland Cavaliers",2024,"0022300639","20240126",0,5.25,TRUE
1628386,"Jarrett Allen","1610612739","Cleveland Cavaliers",2024,"0022300639","20240126",-3.1,8.85,FALSE
1628386,"Jarrett Allen","1610612739","Cleveland Cavaliers",2024,"0022300658","20240129",-0.5,6.65,FALSE
1628386,"Jarrett Allen","1610612739","Cleveland Cavaliers",2024,"0022300658","20240129",1.7,6.85,FALSE
1628386,"Jarrett Allen","1610612739","Cleveland Cavaliers",2024,"0022300658","20240129",0.2,6.75,TRUE
1628386,"Jarrett Allen","1610612739","Cleveland Cavaliers",2024,"0022300658","20240129",0.7,8.65,TRUE
1628386,"Jarrett Allen","1610612739","Cleveland Cavaliers",2024,"0022300658","20240129",0.7,5.45,FALSE
1628386,"Jarrett Allen","1610612739","Cleveland Cavaliers",2024,"0022300658","20240129",0.2,6.55,TRUE
1628386,"Jarrett Allen","1610612739","Cleveland Cavaliers",2024,"0022300658","20240129",0.2,7.25,TRUE
1628386,"Jarrett Allen","1610612739","Cleveland Cavaliers",2024,"0022300658","20240129",-0.1,5.75,TRUE
1628386,"Jarrett Allen","1610612739","Cleveland Cavaliers",2024,"0022300658","20240129",0.7,6.45,TRUE
1628386,"Jarrett Allen","1610612739","Cleveland Cavaliers",2024,"0022300675","20240131",0.6,7.95,TRUE
1628386,"Jarrett Allen","1610612739","Cleveland Cavaliers",2024,"0022300675","20240131",-1,7.35,FALSE
1628386,"Jarrett Allen","1610612739","Cleveland Cavaliers",2024,"0022300675","20240131",-1.7,6.35,TRUE
1628386,"Jarrett Allen","1610612739","Cleveland Cavaliers",2024,"0022300675","20240131",-2.7,11.45,TRUE
1628386,"Jarrett Allen","1610612739","Cleveland Cavaliers",2024,"0022300675","20240131",0.2,7.45,FALSE
1628386,"Jarrett Allen","1610612739","Cleveland Cavaliers",2024,"0022300675","20240131",-0.7,6.05,TRUE
1628386,"Jarrett Allen","1610612739","Cleveland Cavaliers",2024,"0022300675","20240131",5,12.05,TRUE
1628386,"Jarrett Allen","1610612739","Cleveland Cavaliers",2024,"0022300675","20240131",-7.4,6.85,FALSE
1628386,"Jarrett Allen","1610612739","Cleveland Cavaliers",2024,"0022300675","20240131",-0.2,6.05,TRUE
1628386,"Jarrett Allen","1610612739","Cleveland Cavaliers",2024,"0022300675","20240131",-0.1,6.35,TRUE
1628386,"Jarrett Allen","1610612739","Cleveland Cavaliers",2024,"0022300687","20240201",-0.5,9.55,FALSE
1628386,"Jarrett Allen","1610612739","Cleveland Cavaliers",2024,"0022300687","20240201",0.4,18.35,TRUE
1628386,"Jarrett Allen","1610612739","Cleveland Cavaliers",2024,"0022300687","20240201",-6.1,12.05,FALSE
1628386,"Jarrett Allen","1610612739","Cleveland Cavaliers",2024,"0022300687","20240201",-2.9,7.05,TRUE
1628386,"Jarrett Allen","1610612739","Cleveland Cavaliers",2024,"0022300687","20240201",0.1,5.95,TRUE
1628386,"Jarrett Allen","1610612739","Cleveland Cavaliers",2024,"0022300687","20240201",13.7,18.55,FALSE
1628386,"Jarrett Allen","1610612739","Cleveland Cavaliers",2024,"0022300687","20240201",0.2,11.05,FALSE
1628386,"Jarrett Allen","1610612739","Cleveland Cavaliers",2024,"0022300687","20240201",-2.6,7.25,FALSE
1628386,"Jarrett Allen","1610612739","Cleveland Cavaliers",2024,"0022300687","20240201",0,5.25,FALSE
1628386,"Jarrett Allen","1610612739","Cleveland Cavaliers",2024,"0022300687","20240201",0,5.25,FALSE
1628386,"Jarrett Allen","1610612739","Cleveland Cavaliers",2024,"0022300687","20240201",3.2,6.75,TRUE
1628386,"Jarrett Allen","1610612739","Cleveland Cavaliers",2024,"0022300687","20240201",0.5,7.95,TRUE
1628386,"Jarrett Allen","1610612739","Cleveland Cavaliers",2024,"0022300687","20240201",-0.2,10.35,TRUE
1628386,"Jarrett Allen","1610612739","Cleveland Cavaliers",2024,"0022300703","20240203",0,5.25,FALSE
1628386,"Jarrett Allen","1610612739","Cleveland Cavaliers",2024,"0022300703","20240203",0,5.25,TRUE
1628386,"Jarrett Allen","1610612739","Cleveland Cavaliers",2024,"0022300703","20240203",-1,5.65,TRUE
1628386,"Jarrett Allen","1610612739","Cleveland Cavaliers",2024,"0022300703","20240203",0.4,8.25,FALSE
1628386,"Jarrett Allen","1610612739","Cleveland Cavaliers",2024,"0022300703","20240203",-0.2,7.15,TRUE
1628386,"Jarrett Allen","1610612739","Cleveland Cavaliers",2024,"0022300703","20240203",0.5,9.95,TRUE
1628386,"Jarrett Allen","1610612739","Cleveland Cavaliers",2024,"0022300703","20240203",8.2,6.55,TRUE
1628386,"Jarrett Allen","1610612739","Cleveland Cavaliers",2024,"0022300703","20240203",-3.6,15.75,TRUE
1628386,"Jarrett Allen","1610612739","Cleveland Cavaliers",2024,"0022300703","20240203",1,10.25,TRUE
1628386,"Jarrett Allen","1610612739","Cleveland Cavaliers",2024,"0022300703","20240203",0,5.25,TRUE
1628386,"Jarrett Allen","1610612739","Cleveland Cavaliers",2024,"0022300703","20240203",-0.6,6.05,TRUE
1628386,"Jarrett Allen","1610612739","Cleveland Cavaliers",2024,"0022300703","20240203",1.5,6.75,TRUE
1628386,"Jarrett Allen","1610612739","Cleveland Cavaliers",2024,"0022300703","20240203",0.1,18.65,TRUE
1628386,"Jarrett Allen","1610612739","Cleveland Cavaliers",2024,"0022300703","20240203",-9.9,10.45,FALSE
1628386,"Jarrett Allen","1610612739","Cleveland Cavaliers",2024,"0022300703","20240203",-4.3,7.05,FALSE
1628386,"Jarrett Allen","1610612739","Cleveland Cavaliers",2024,"0022300703","20240203",-0.5,17.45,FALSE
1628386,"Jarrett Allen","1610612739","Cleveland Cavaliers",2024,"0022300703","20240203",-1.1,8.85,FALSE
1628386,"Jarrett Allen","1610612739","Cleveland Cavaliers",2024,"0022300703","20240203",3.6,6.05,TRUE
1628386,"Jarrett Allen","1610612739","Cleveland Cavaliers",2024,"0022300714","20240205",3.9,10.25,TRUE
1628386,"Jarrett Allen","1610612739","Cleveland Cavaliers",2024,"0022300714","20240205",-0.1,6.55,FALSE
1628386,"Jarrett Allen","1610612739","Cleveland Cavaliers",2024,"0022300714","20240205",0.2,6.75,TRUE
1628386,"Jarrett Allen","1610612739","Cleveland Cavaliers",2024,"0022300714","20240205",-0.6,5.75,TRUE
1628386,"Jarrett Allen","1610612739","Cleveland Cavaliers",2024,"0022300714","20240205",0.2,5.25,TRUE
1628386,"Jarrett Allen","1610612739","Cleveland Cavaliers",2024,"0022300714","20240205",-5,14.25,TRUE
1628386,"Jarrett Allen","1610612739","Cleveland Cavaliers",2024,"0022300714","20240205",0.9,13.25,FALSE
1628386,"Jarrett Allen","1610612739","Cleveland Cavaliers",2024,"0022300714","20240205",1.3,13.55,TRUE
1628386,"Jarrett Allen","1610612739","Cleveland Cavaliers",2024,"0022300714","20240205",0,13.25,TRUE
1628386,"Jarrett Allen","1610612739","Cleveland Cavaliers",2024,"0022300714","20240205",0.4,20.25,TRUE
1628386,"Jarrett Allen","1610612739","Cleveland Cavaliers",2024,"0022300728","20240207",23.5,7.35,FALSE
1628386,"Jarrett Allen","1610612739","Cleveland Cavaliers",2024,"0022300728","20240207",-1.3,11.85,FALSE
1628386,"Jarrett Allen","1610612739","Cleveland Cavaliers",2024,"0022300728","20240207",-2.8,7.15,TRUE
1628386,"Jarrett Allen","1610612739","Cleveland Cavaliers",2024,"0022300728","20240207",-0.9,5.65,TRUE
1628386,"Jarrett Allen","1610612739","Cleveland Cavaliers",2024,"0022300728","20240207",0.5,7.35,TRUE
1628386,"Jarrett Allen","1610612739","Cleveland Cavaliers",2024,"0022300728","20240207",0.2,8.25,FALSE
1628386,"Jarrett Allen","1610612739","Cleveland Cavaliers",2024,"0022300728","20240207",-6.9,19.95,FALSE
1628386,"Jarrett Allen","1610612739","Cleveland Cavaliers",2024,"0022300728","20240207",-5.4,8.35,TRUE
1628386,"Jarrett Allen","1610612739","Cleveland Cavaliers",2024,"0022300728","20240207",3.7,7.45,FALSE
1628386,"Jarrett Allen","1610612739","Cleveland Cavaliers",2024,"0022300728","20240207",0.5,19.05,FALSE
1628386,"Jarrett Allen","1610612739","Cleveland Cavaliers",2024,"0022300728","20240207",0.1,4.95,TRUE
1628386,"Jarrett Allen","1610612739","Cleveland Cavaliers",2024,"0022300728","20240207",0,5.25,FALSE
1628386,"Jarrett Allen","1610612739","Cleveland Cavaliers",2024,"0022300735","20240208",0,5.25,TRUE
1628386,"Jarrett Allen","1610612739","Cleveland Cavaliers",2024,"0022300735","20240208",-0.6,32.35,FALSE
1628386,"Jarrett Allen","1610612739","Cleveland Cavaliers",2024,"0022300735","20240208",-2.1,12.15,FALSE
1628386,"Jarrett Allen","1610612739","Cleveland Cavaliers",2024,"0022300735","20240208",-0.4,4.65,TRUE
1628386,"Jarrett Allen","1610612739","Cleveland Cavaliers",2024,"0022300735","20240208",2.9,9.45,TRUE
1628386,"Jarrett Allen","1610612739","Cleveland Cavaliers",2024,"0022300735","20240208",-0.5,6.35,FALSE
1628386,"Jarrett Allen","1610612739","Cleveland Cavaliers",2024,"0022300756","20240210",1.2,11.05,TRUE
1628386,"Jarrett Allen","1610612739","Cleveland Cavaliers",2024,"0022300756","20240210",-0.7,5.25,TRUE
1628386,"Jarrett Allen","1610612739","Cleveland Cavaliers",2024,"0022300756","20240210",-1.2,5.25,TRUE
1628386,"Jarrett Allen","1610612739","Cleveland Cavaliers",2024,"0022300756","20240210",-4.5,3.75,TRUE
1628386,"Jarrett Allen","1610612739","Cleveland Cavaliers",2024,"0022300756","20240210",-10.9,28.75,FALSE
1628386,"Jarrett Allen","1610612739","Cleveland Cavaliers",2024,"0022300756","20240210",-2.6,11.45,FALSE
1628386,"Jarrett Allen","1610612739","Cleveland Cavaliers",2024,"0022300756","20240210",0,5.25,TRUE
1628386,"Jarrett Allen","1610612739","Cleveland Cavaliers",2024,"0022300756","20240210",1.2,6.55,TRUE
1628386,"Jarrett Allen","1610612739","Cleveland Cavaliers",2024,"0022300756","20240210",-0.6,7.75,TRUE
1628386,"Jarrett Allen","1610612739","Cleveland Cavaliers",2024,"0022300756","20240210",-0.1,5.75,TRUE
1628386,"Jarrett Allen","1610612739","Cleveland Cavaliers",2024,"0022300756","20240210",0.1,5.95,TRUE
1628386,"Jarrett Allen","1610612739","Cleveland Cavaliers",2024,"0022300756","20240210",0,5.25,FALSE
1628386,"Jarrett Allen","1610612739","Cleveland Cavaliers",2024,"0022300762","20240212",-4.8,6.55,FALSE
1628386,"Jarrett Allen","1610612739","Cleveland Cavaliers",2024,"0022300762","20240212",-0.2,6.55,TRUE
1628386,"Jarrett Allen","1610612739","Cleveland Cavaliers",2024,"0022300762","20240212",-2.3,10.25,TRUE
1628386,"Jarrett Allen","1610612739","Cleveland Cavaliers",2024,"0022300762","20240212",-0.4,5.25,TRUE
1628386,"Jarrett Allen","1610612739","Cleveland Cavaliers",2024,"0022300762","20240212",-1.5,5.85,FALSE
1628386,"Jarrett Allen","1610612739","Cleveland Cavaliers",2024,"0022300762","20240212",-2.7,6.35,FALSE
1628386,"Jarrett Allen","1610612739","Cleveland Cavaliers",2024,"0022300762","20240212",-1.7,10.45,TRUE
1628386,"Jarrett Allen","1610612739","Cleveland Cavaliers",2024,"0022300762","20240212",0.2,4.75,TRUE
1628386,"Jarrett Allen","1610612739","Cleveland Cavaliers",2024,"0022300762","20240212",-0.7,11.25,TRUE
1628386,"Jarrett Allen","1610612739","Cleveland Cavaliers",2024,"0022300762","20240212",0.6,6.35,TRUE
1628386,"Jarrett Allen","1610612739","Cleveland Cavaliers",2024,"0022300762","20240212",1.3,14.05,FALSE
1628386,"Jarrett Allen","1610612739","Cleveland Cavaliers",2024,"0022300762","20240212",2.6,7.95,TRUE
1628386,"Jarrett Allen","1610612739","Cleveland Cavaliers",2024,"0022300762","20240212",0.1,5.05,TRUE
1628386,"Jarrett Allen","1610612739","Cleveland Cavaliers",2024,"0022300781","20240214",-0.6,6.25,TRUE
1628386,"Jarrett Allen","1610612739","Cleveland Cavaliers",2024,"0022300781","20240214",-4.9,11.45,TRUE
1628386,"Jarrett Allen","1610612739","Cleveland Cavaliers",2024,"0022300781","20240214",0,7.45,TRUE
1628386,"Jarrett Allen","1610612739","Cleveland Cavaliers",2024,"0022300781","20240214",-1.2,6.85,TRUE
1628386,"Jarrett Allen","1610612739","Cleveland Cavaliers",2024,"0022300781","20240214",1.2,31.45,FALSE
1628386,"Jarrett Allen","1610612739","Cleveland Cavaliers",2024,"0022300781","20240214",0.6,10.25,FALSE
1628386,"Jarrett Allen","1610612739","Cleveland Cavaliers",2024,"0022300781","20240214",0.1,6.85,FALSE
1628386,"Jarrett Allen","1610612739","Cleveland Cavaliers",2024,"0022300781","20240214",2,10.55,TRUE
1628386,"Jarrett Allen","1610612739","Cleveland Cavaliers",2024,"0022300781","20240214",-1.3,6.45,TRUE
1628386,"Jarrett Allen","1610612739","Cleveland Cavaliers",2024,"0022300792","20240222",-0.9,5.95,TRUE
1628386,"Jarrett Allen","1610612739","Cleveland Cavaliers",2024,"0022300792","20240222",0,5.25,FALSE
1628386,"Jarrett Allen","1610612739","Cleveland Cavaliers",2024,"0022300792","20240222",1.2,8.85,TRUE
1628386,"Jarrett Allen","1610612739","Cleveland Cavaliers",2024,"0022300792","20240222",1,5.25,TRUE
1628386,"Jarrett Allen","1610612739","Cleveland Cavaliers",2024,"0022300792","20240222",-1.2,6.85,FALSE
1628386,"Jarrett Allen","1610612739","Cleveland Cavaliers",2024,"0022300792","20240222",0.5,6.15,TRUE
1628386,"Jarrett Allen","1610612739","Cleveland Cavaliers",2024,"0022300792","20240222",0.2,8.15,FALSE
1628386,"Jarrett Allen","1610612739","Cleveland Cavaliers",2024,"0022300792","20240222",-2.6,9.35,TRUE
1628386,"Jarrett Allen","1610612739","Cleveland Cavaliers",2024,"0022300792","20240222",1.3,5.85,TRUE
1628386,"Jarrett Allen","1610612739","Cleveland Cavaliers",2024,"0022300792","20240222",2,8.75,FALSE
1628386,"Jarrett Allen","1610612739","Cleveland Cavaliers",2024,"0022300805","20240223",-1.2,10.55,TRUE
1628386,"Jarrett Allen","1610612739","Cleveland Cavaliers",2024,"0022300805","20240223",-3.3,3.15,FALSE
1628386,"Jarrett Allen","1610612739","Cleveland Cavaliers",2024,"0022300805","20240223",-0.6,5.65,TRUE
1628386,"Jarrett Allen","1610612739","Cleveland Cavaliers",2024,"0022300805","20240223",-3.3,21.15,FALSE
1628386,"Jarrett Allen","1610612739","Cleveland Cavaliers",2024,"0022300805","20240223",-0.4,7.05,TRUE
1628386,"Jarrett Allen","1610612739","Cleveland Cavaliers",2024,"0022300805","20240223",-0.7,10.65,TRUE
1628386,"Jarrett Allen","1610612739","Cleveland Cavaliers",2024,"0022300805","20240223",-1.8,6.05,FALSE
1628386,"Jarrett Allen","1610612739","Cleveland Cavaliers",2024,"0022300805","20240223",-2.8,6.85,FALSE
1628386,"Jarrett Allen","1610612739","Cleveland Cavaliers",2024,"0022300805","20240223",0,5.75,TRUE
1628386,"Jarrett Allen","1610612739","Cleveland Cavaliers",2024,"0022300805","20240223",-0.2,6.55,TRUE
1628386,"Jarrett Allen","1610612739","Cleveland Cavaliers",2024,"0022300805","20240223",2.1,5.25,FALSE
1628386,"Jarrett Allen","1610612739","Cleveland Cavaliers",2024,"0022300805","20240223",-4.8,6.85,TRUE
1628386,"Jarrett Allen","1610612739","Cleveland Cavaliers",2024,"0022300805","20240223",0.7,7.35,TRUE
1628386,"Jarrett Allen","1610612739","Cleveland Cavaliers",2024,"0022300805","20240223",0.1,6.05,TRUE
1628386,"Jarrett Allen","1610612739","Cleveland Cavaliers",2024,"0022300805","20240223",-2.2,7.15,TRUE
1628386,"Jarrett Allen","1610612739","Cleveland Cavaliers",2024,"0022300805","20240223",-1.3,5.35,FALSE
1628386,"Jarrett Allen","1610612739","Cleveland Cavaliers",2024,"0022300820","20240225",-0.6,8.25,FALSE
1628386,"Jarrett Allen","1610612739","Cleveland Cavaliers",2024,"0022300820","20240225",-3.1,6.75,TRUE
1628386,"Jarrett Allen","1610612739","Cleveland Cavaliers",2024,"0022300820","20240225",0.7,7.75,TRUE
1628386,"Jarrett Allen","1610612739","Cleveland Cavaliers",2024,"0022300820","20240225",-8.6,9.05,FALSE
1628386,"Jarrett Allen","1610612739","Cleveland Cavaliers",2024,"0022300820","20240225",-2.1,8.45,TRUE
1628386,"Jarrett Allen","1610612739","Cleveland Cavaliers",2024,"0022300820","20240225",7.5,20.05,FALSE
1628386,"Jarrett Allen","1610612739","Cleveland Cavaliers",2024,"0022300820","20240225",-2,6.85,TRUE
1628386,"Jarrett Allen","1610612739","Cleveland Cavaliers",2024,"0022300820","20240225",-1.3,14.55,TRUE
1628386,"Jarrett Allen","1610612739","Cleveland Cavaliers",2024,"0022300820","20240225",2.9,6.65,TRUE
1628386,"Jarrett Allen","1610612739","Cleveland Cavaliers",2024,"0022300820","20240225",-1.6,5.35,TRUE
1628386,"Jarrett Allen","1610612739","Cleveland Cavaliers",2024,"0022300820","20240225",-2.7,10.65,FALSE
1628386,"Jarrett Allen","1610612739","Cleveland Cavaliers",2024,"0022300820","20240225",1.3,8.15,FALSE
1628386,"Jarrett Allen","1610612739","Cleveland Cavaliers",2024,"0022300820","20240225",1.3,9.05,TRUE
1628386,"Jarrett Allen","1610612739","Cleveland Cavaliers",2024,"0022300820","20240225",-4.3,6.85,FALSE
1628386,"Jarrett Allen","1610612739","Cleveland Cavaliers",2024,"0022300820","20240225",-0.1,7.75,TRUE
1628386,"Jarrett Allen","1610612739","Cleveland Cavaliers",2024,"0022300820","20240225",-2.2,4.75,TRUE
1628386,"Jarrett Allen","1610612739","Cleveland Cavaliers",2024,"0022300820","20240225",3.9,12.05,FALSE
1628386,"Jarrett Allen","1610612739","Cleveland Cavaliers",2024,"0022300820","20240225",2.3,5.25,TRUE
1628386,"Jarrett Allen","1610612739","Cleveland Cavaliers",2024,"0022300832","20240227",0,5.15,TRUE
1628386,"Jarrett Allen","1610612739","Cleveland Cavaliers",2024,"0022300832","20240227",4.2,11.75,TRUE
1628386,"Jarrett Allen","1610612739","Cleveland Cavaliers",2024,"0022300832","20240227",-4.5,8.75,FALSE
1628386,"Jarrett Allen","1610612739","Cleveland Cavaliers",2024,"0022300832","20240227",0.5,7.15,TRUE
1628386,"Jarrett Allen","1610612739","Cleveland Cavaliers",2024,"0022300832","20240227",0.2,6.85,TRUE
1628386,"Jarrett Allen","1610612739","Cleveland Cavaliers",2024,"0022300832","20240227",0.5,5.75,FALSE
1628386,"Jarrett Allen","1610612739","Cleveland Cavaliers",2024,"0022300832","20240227",0,5.25,TRUE
1628386,"Jarrett Allen","1610612739","Cleveland Cavaliers",2024,"0022300832","20240227",0.1,6.65,TRUE
1628386,"Jarrett Allen","1610612739","Cleveland Cavaliers",2024,"0022300832","20240227",0.1,5.75,TRUE
1628386,"Jarrett Allen","1610612739","Cleveland Cavaliers",2024,"0022300846","20240228",0.2,6.05,TRUE
1628386,"Jarrett Allen","1610612739","Cleveland Cavaliers",2024,"0022300846","20240228",-1.8,5.95,FALSE
1628386,"Jarrett Allen","1610612739","Cleveland Cavaliers",2024,"0022300846","20240228",-3.9,9.85,FALSE
1628386,"Jarrett Allen","1610612739","Cleveland Cavaliers",2024,"0022300846","20240228",-0.4,5.95,TRUE
1628386,"Jarrett Allen","1610612739","Cleveland Cavaliers",2024,"0022300846","20240228",-0.4,17.75,FALSE
1628386,"Jarrett Allen","1610612739","Cleveland Cavaliers",2024,"0022300846","20240228",-1.2,5.55,FALSE
1628386,"Jarrett Allen","1610612739","Cleveland Cavaliers",2024,"0022300846","20240228",0.1,5.85,FALSE
1628386,"Jarrett Allen","1610612739","Cleveland Cavaliers",2024,"0022300846","20240228",0.5,5.15,FALSE
1628386,"Jarrett Allen","1610612739","Cleveland Cavaliers",2024,"0022300846","20240228",1,5.65,TRUE
1628386,"Jarrett Allen","1610612739","Cleveland Cavaliers",2024,"0022300846","20240228",4.2,5.75,TRUE
1628386,"Jarrett Allen","1610612739","Cleveland Cavaliers",2024,"0022300846","20240228",0.6,10.45,FALSE
1628386,"Jarrett Allen","1610612739","Cleveland Cavaliers",2024,"0022300846","20240228",0.2,8.65,TRUE
1628386,"Jarrett Allen","1610612739","Cleveland Cavaliers",2024,"0022300857","20240301",-0.7,7.35,FALSE
1628386,"Jarrett Allen","1610612739","Cleveland Cavaliers",2024,"0022300857","20240301",0.9,7.15,FALSE
1628386,"Jarrett Allen","1610612739","Cleveland Cavaliers",2024,"0022300857","20240301",-2.1,7.15,TRUE
1628386,"Jarrett Allen","1610612739","Cleveland Cavaliers",2024,"0022300857","20240301",-0.5,9.05,FALSE
1628386,"Jarrett Allen","1610612739","Cleveland Cavaliers",2024,"0022300857","20240301",0.6,6.25,FALSE
1628386,"Jarrett Allen","1610612739","Cleveland Cavaliers",2024,"0022300857","20240301",2.1,13.15,FALSE
1628386,"Jarrett Allen","1610612739","Cleveland Cavaliers",2024,"0022300857","20240301",2.3,12.35,FALSE
1628386,"Jarrett Allen","1610612739","Cleveland Cavaliers",2024,"0022300876","20240303",8.7,5.45,FALSE
1628386,"Jarrett Allen","1610612739","Cleveland Cavaliers",2024,"0022300876","20240303",-0.4,5.65,TRUE
1628386,"Jarrett Allen","1610612739","Cleveland Cavaliers",2024,"0022300876","20240303",-0.2,7.45,FALSE
1628386,"Jarrett Allen","1610612739","Cleveland Cavaliers",2024,"0022300876","20240303",-0.6,5.95,TRUE
1628386,"Jarrett Allen","1610612739","Cleveland Cavaliers",2024,"0022300876","20240303",0,6.25,TRUE
1628386,"Jarrett Allen","1610612739","Cleveland Cavaliers",2024,"0022300876","20240303",-0.2,5.65,TRUE
1628386,"Jarrett Allen","1610612739","Cleveland Cavaliers",2024,"0022300876","20240303",2.3,10.65,TRUE
1628386,"Jarrett Allen","1610612739","Cleveland Cavaliers",2024,"0022300876","20240303",-3.8,20.75,FALSE
1628386,"Jarrett Allen","1610612739","Cleveland Cavaliers",2024,"0022300876","20240303",0.1,6.25,TRUE
1628386,"Jarrett Allen","1610612739","Cleveland Cavaliers",2024,"0022300876","20240303",-7.6,7.15,TRUE
1628386,"Jarrett Allen","1610612739","Cleveland Cavaliers",2024,"0022300876","20240303",1.1,6.35,TRUE
1628386,"Jarrett Allen","1610612739","Cleveland Cavaliers",2024,"0022300876","20240303",-3.9,6.05,FALSE
1628386,"Jarrett Allen","1610612739","Cleveland Cavaliers",2024,"0022300876","20240303",0,6.85,FALSE
1628386,"Jarrett Allen","1610612739","Cleveland Cavaliers",2024,"0022300886","20240305",0,5.25,TRUE
1628386,"Jarrett Allen","1610612739","Cleveland Cavaliers",2024,"0022300886","20240305",0,19.35,TRUE
1628386,"Jarrett Allen","1610612739","Cleveland Cavaliers",2024,"0022300886","20240305",-4.7,10.55,FALSE
1628386,"Jarrett Allen","1610612739","Cleveland Cavaliers",2024,"0022300886","20240305",0,5.25,FALSE
1628386,"Jarrett Allen","1610612739","Cleveland Cavaliers",2024,"0022300886","20240305",-0.7,6.45,TRUE
1628386,"Jarrett Allen","1610612739","Cleveland Cavaliers",2024,"0022300886","20240305",-0.9,7.55,TRUE
1628386,"Jarrett Allen","1610612739","Cleveland Cavaliers",2024,"0022300886","20240305",-0.7,5.75,TRUE
1628386,"Jarrett Allen","1610612739","Cleveland Cavaliers",2024,"0022300886","20240305",-2.3,21.75,FALSE
1628386,"Jarrett Allen","1610612739","Cleveland Cavaliers",2024,"0022300886","20240305",0.1,5.25,TRUE
1628386,"Jarrett Allen","1610612739","Cleveland Cavaliers",2024,"0022300886","20240305",7.4,7.95,FALSE
1628386,"Jarrett Allen","1610612739","Cleveland Cavaliers",2024,"0022300886","20240305",0.9,8.45,FALSE
1628386,"Jarrett Allen","1610612739","Cleveland Cavaliers",2024,"0022300886","20240305",-2.3,13.75,FALSE
1628386,"Jarrett Allen","1610612739","Cleveland Cavaliers",2024,"0022300886","20240305",0.4,6.85,FALSE
1628386,"Jarrett Allen","1610612739","Cleveland Cavaliers",2024,"0022300886","20240305",1.3,10.75,TRUE
1628386,"Jarrett Allen","1610612739","Cleveland Cavaliers",2024,"0022300886","20240305",0.5,6.15,TRUE
1628386,"Jarrett Allen","1610612739","Cleveland Cavaliers",2024,"0022300886","20240305",0.2,6.75,TRUE
1628386,"Jarrett Allen","1610612739","Cleveland Cavaliers",2024,"0022300895","20240306",0.4,5.65,FALSE
1628386,"Jarrett Allen","1610612739","Cleveland Cavaliers",2024,"0022300895","20240306",0.5,5.35,TRUE
1628386,"Jarrett Allen","1610612739","Cleveland Cavaliers",2024,"0022300895","20240306",4.9,7.75,FALSE
1628386,"Jarrett Allen","1610612739","Cleveland Cavaliers",2024,"0022300895","20240306",0,5.25,TRUE
1628386,"Jarrett Allen","1610612739","Cleveland Cavaliers",2024,"0022300895","20240306",-1.8,5.85,FALSE
1628386,"Jarrett Allen","1610612739","Cleveland Cavaliers",2024,"0022300895","20240306",1.2,12.65,TRUE
1628386,"Jarrett Allen","1610612739","Cleveland Cavaliers",2024,"0022300895","20240306",0.2,5.85,TRUE
1628386,"Jarrett Allen","1610612739","Cleveland Cavaliers",2024,"0022300895","20240306",0,5.25,TRUE
1628386,"Jarrett Allen","1610612739","Cleveland Cavaliers",2024,"0022300895","20240306",0.2,7.45,TRUE
1628386,"Jarrett Allen","1610612739","Cleveland Cavaliers",2024,"0022300895","20240306",-1,7.45,FALSE
1628386,"Jarrett Allen","1610612739","Cleveland Cavaliers",2024,"0022300895","20240306",0.4,5.85,TRUE
1628386,"Jarrett Allen","1610612739","Cleveland Cavaliers",2024,"0022300911","20240308",2.7,22.05,TRUE
1628386,"Jarrett Allen","1610612739","Cleveland Cavaliers",2024,"0022300911","20240308",-0.5,7.35,TRUE
1628386,"Jarrett Allen","1610612739","Cleveland Cavaliers",2024,"0022300911","20240308",-1.6,10.35,FALSE
1628386,"Jarrett Allen","1610612739","Cleveland Cavaliers",2024,"0022300911","20240308",-8.6,19.05,FALSE
1628386,"Jarrett Allen","1610612739","Cleveland Cavaliers",2024,"0022300911","20240308",0.2,7.75,FALSE
1628386,"Jarrett Allen","1610612739","Cleveland Cavaliers",2024,"0022300911","20240308",-5.8,7.45,FALSE
1628386,"Jarrett Allen","1610612739","Cleveland Cavaliers",2024,"0022300911","20240308",0.4,7.45,FALSE
1628386,"Jarrett Allen","1610612739","Cleveland Cavaliers",2024,"0022300911","20240308",4.3,7.45,FALSE
1628386,"Jarrett Allen","1610612739","Cleveland Cavaliers",2024,"0022300911","20240308",-2,7.45,FALSE
1628386,"Jarrett Allen","1610612739","Cleveland Cavaliers",2024,"0022300911","20240308",0,10.45,FALSE
1628386,"Jarrett Allen","1610612739","Cleveland Cavaliers",2024,"0022300911","20240308",-0.1,6.85,FALSE
1628386,"Jarrett Allen","1610612739","Cleveland Cavaliers",2024,"0022300911","20240308",-0.4,8.95,TRUE
1628386,"Jarrett Allen","1610612739","Cleveland Cavaliers",2024,"0022300911","20240308",-0.9,6.75,TRUE
1628386,"Jarrett Allen","1610612739","Cleveland Cavaliers",2024,"0022300911","20240308",8.6,14.05,TRUE
1628386,"Jarrett Allen","1610612739","Cleveland Cavaliers",2024,"0022300911","20240308",-3.4,9.45,FALSE
1628386,"Jarrett Allen","1610612739","Cleveland Cavaliers",2024,"0022300911","20240308",-0.2,5.45,TRUE
1628386,"Jarrett Allen","1610612739","Cleveland Cavaliers",2024,"0022300911","20240308",0.4,6.25,TRUE
1628386,"Jarrett Allen","1610612739","Cleveland Cavaliers",2024,"0022300911","20240308",4.9,10.45,TRUE
1628386,"Jarrett Allen","1610612739","Cleveland Cavaliers",2024,"0022300911","20240308",-0.1,6.55,TRUE
1628386,"Jarrett Allen","1610612739","Cleveland Cavaliers",2024,"0022300930","20240310",-0.2,4.75,FALSE
1628386,"Jarrett Allen","1610612739","Cleveland Cavaliers",2024,"0022300930","20240310",-0.7,5.65,FALSE
1628386,"Jarrett Allen","1610612739","Cleveland Cavaliers",2024,"0022300930","20240310",0.1,5.25,TRUE
1628386,"Jarrett Allen","1610612739","Cleveland Cavaliers",2024,"0022300930","20240310",0,5.35,TRUE
1628386,"Jarrett Allen","1610612739","Cleveland Cavaliers",2024,"0022300930","20240310",9.8,8.95,FALSE
1628386,"Jarrett Allen","1610612739","Cleveland Cavaliers",2024,"0022300930","20240310",6.4,21.55,FALSE
1628386,"Jarrett Allen","1610612739","Cleveland Cavaliers",2024,"0022300930","20240310",-0.6,6.65,TRUE
1628386,"Jarrett Allen","1610612739","Cleveland Cavaliers",2024,"0022300930","20240310",-0.9,10.45,FALSE
1628386,"Jarrett Allen","1610612739","Cleveland Cavaliers",2024,"0022300930","20240310",-2,9.45,TRUE
1628386,"Jarrett Allen","1610612739","Cleveland Cavaliers",2024,"0022300930","20240310",1.3,7.35,TRUE
1628386,"Jarrett Allen","1610612739","Cleveland Cavaliers",2024,"0022300930","20240310",0,5.25,TRUE
1628386,"Jarrett Allen","1610612739","Cleveland Cavaliers",2024,"0022300934","20240311",-1,6.25,TRUE
1628386,"Jarrett Allen","1610612739","Cleveland Cavaliers",2024,"0022300934","20240311",0,5.25,FALSE
1628386,"Jarrett Allen","1610612739","Cleveland Cavaliers",2024,"0022300934","20240311",-1.8,5.35,FALSE
1628386,"Jarrett Allen","1610612739","Cleveland Cavaliers",2024,"0022300934","20240311",0.1,6.65,TRUE
1628386,"Jarrett Allen","1610612739","Cleveland Cavaliers",2024,"0022300934","20240311",3.1,19.85,TRUE
1628386,"Jarrett Allen","1610612739","Cleveland Cavaliers",2024,"0022300934","20240311",0.9,6.35,TRUE
1628386,"Jarrett Allen","1610612739","Cleveland Cavaliers",2024,"0022300934","20240311",-0.1,10.55,TRUE
1628386,"Jarrett Allen","1610612739","Cleveland Cavaliers",2024,"0022300951","20240313",-5.8,24.55,FALSE
1628386,"Jarrett Allen","1610612739","Cleveland Cavaliers",2024,"0022300951","20240313",-0.9,6.75,TRUE
1628386,"Jarrett Allen","1610612739","Cleveland Cavaliers",2024,"0022300951","20240313",0.7,7.95,TRUE
1628386,"Jarrett Allen","1610612739","Cleveland Cavaliers",2024,"0022300951","20240313",1,6.15,TRUE
1628386,"Jarrett Allen","1610612739","Cleveland Cavaliers",2024,"0022300951","20240313",-1.6,4.65,FALSE
1628386,"Jarrett Allen","1610612739","Cleveland Cavaliers",2024,"0022300951","20240313",1,5.15,TRUE
1628386,"Jarrett Allen","1610612739","Cleveland Cavaliers",2024,"0022300951","20240313",0.1,7.25,FALSE
1628386,"Jarrett Allen","1610612739","Cleveland Cavaliers",2024,"0022300951","20240313",0.4,4.55,TRUE
1628386,"Jarrett Allen","1610612739","Cleveland Cavaliers",2024,"0022300951","20240313",-2.6,9.05,FALSE
1628386,"Jarrett Allen","1610612739","Cleveland Cavaliers",2024,"0022300951","20240313",-0.1,5.95,TRUE
1628386,"Jarrett Allen","1610612739","Cleveland Cavaliers",2024,"0022300951","20240313",0.1,12.15,FALSE
1628386,"Jarrett Allen","1610612739","Cleveland Cavaliers",2024,"0022300951","20240313",0,5.15,TRUE
1628386,"Jarrett Allen","1610612739","Cleveland Cavaliers",2024,"0022300951","20240313",4.3,6.95,TRUE
1628386,"Jarrett Allen","1610612739","Cleveland Cavaliers",2024,"0022300967","20240316",2.3,14.45,FALSE
1628386,"Jarrett Allen","1610612739","Cleveland Cavaliers",2024,"0022300967","20240316",0.9,5.75,TRUE
1628386,"Jarrett Allen","1610612739","Cleveland Cavaliers",2024,"0022300967","20240316",1.3,6.25,FALSE
1628386,"Jarrett Allen","1610612739","Cleveland Cavaliers",2024,"0022300967","20240316",-0.5,6.15,TRUE
1628386,"Jarrett Allen","1610612739","Cleveland Cavaliers",2024,"0022300967","20240316",1.7,6.05,TRUE
1628386,"Jarrett Allen","1610612739","Cleveland Cavaliers",2024,"0022300967","20240316",4.9,7.25,FALSE
1628386,"Jarrett Allen","1610612739","Cleveland Cavaliers",2024,"0022300967","20240316",-0.6,6.55,TRUE
1628386,"Jarrett Allen","1610612739","Cleveland Cavaliers",2024,"0022300983","20240318",2,5.75,TRUE
1628386,"Jarrett Allen","1610612739","Cleveland Cavaliers",2024,"0022300983","20240318",7,5.35,FALSE
1628386,"Jarrett Allen","1610612739","Cleveland Cavaliers",2024,"0022300983","20240318",-1.1,5.25,FALSE
1628386,"Jarrett Allen","1610612739","Cleveland Cavaliers",2024,"0022300983","20240318",-1.5,6.55,TRUE
1628386,"Jarrett Allen","1610612739","Cleveland Cavaliers",2024,"0022300983","20240318",0.7,9.45,TRUE
1628386,"Jarrett Allen","1610612739","Cleveland Cavaliers",2024,"0022300983","20240318",0.7,6.95,TRUE
1628386,"Jarrett Allen","1610612739","Cleveland Cavaliers",2024,"0022300983","20240318",-0.7,9.95,FALSE
1628386,"Jarrett Allen","1610612739","Cleveland Cavaliers",2024,"0022300983","20240318",2,7.25,FALSE
1628386,"Jarrett Allen","1610612739","Cleveland Cavaliers",2024,"0022300983","20240318",1.7,6.55,TRUE
1628386,"Jarrett Allen","1610612739","Cleveland Cavaliers",2024,"0022300983","20240318",1.3,10.45,TRUE
1628386,"Jarrett Allen","1610612739","Cleveland Cavaliers",2024,"0022300983","20240318",-2.8,7.55,TRUE
1628386,"Jarrett Allen","1610612739","Cleveland Cavaliers",2024,"0022300983","20240318",3.6,13.65,TRUE
1628386,"Jarrett Allen","1610612739","Cleveland Cavaliers",2024,"0022300996","20240320",-0.1,6.25,TRUE
1628386,"Jarrett Allen","1610612739","Cleveland Cavaliers",2024,"0022300996","20240320",-1.6,10.15,FALSE
1628386,"Jarrett Allen","1610612739","Cleveland Cavaliers",2024,"0022300996","20240320",-0.7,5.75,TRUE
1628386,"Jarrett Allen","1610612739","Cleveland Cavaliers",2024,"0022300996","20240320",-3.3,5.45,FALSE
1628386,"Jarrett Allen","1610612739","Cleveland Cavaliers",2024,"0022300996","20240320",0.2,6.75,TRUE
1628386,"Jarrett Allen","1610612739","Cleveland Cavaliers",2024,"0022300996","20240320",0,5.15,TRUE
1628386,"Jarrett Allen","1610612739","Cleveland Cavaliers",2024,"0022300996","20240320",-0.5,4.85,TRUE
1628386,"Jarrett Allen","1610612739","Cleveland Cavaliers",2024,"0022300996","20240320",-0.1,5.65,TRUE
1628386,"Jarrett Allen","1610612739","Cleveland Cavaliers",2024,"0022300996","20240320",-0.7,5.25,TRUE
1628386,"Jarrett Allen","1610612739","Cleveland Cavaliers",2024,"0022300996","20240320",-4.3,6.95,TRUE
1628386,"Jarrett Allen","1610612739","Cleveland Cavaliers",2024,"0022300996","20240320",-0.5,6.65,TRUE
1628386,"Jarrett Allen","1610612739","Cleveland Cavaliers",2024,"0022300996","20240320",1.6,5.85,FALSE
1628386,"Jarrett Allen","1610612739","Cleveland Cavaliers",2024,"0022300996","20240320",0.5,6.25,TRUE
1628386,"Jarrett Allen","1610612739","Cleveland Cavaliers",2024,"0022301014","20240322",-0.4,9.85,FALSE
1628386,"Jarrett Allen","1610612739","Cleveland Cavaliers",2024,"0022301014","20240322",-1.3,10.55,FALSE
1628386,"Jarrett Allen","1610612739","Cleveland Cavaliers",2024,"0022301014","20240322",-0.6,7.35,TRUE
1628386,"Jarrett Allen","1610612739","Cleveland Cavaliers",2024,"0022301014","20240322",0.1,12.05,TRUE
1628386,"Jarrett Allen","1610612739","Cleveland Cavaliers",2024,"0022301014","20240322",-0.7,6.75,TRUE
1628386,"Jarrett Allen","1610612739","Cleveland Cavaliers",2024,"0022301014","20240322",1.1,10.15,FALSE
1628386,"Jarrett Allen","1610612739","Cleveland Cavaliers",2024,"0022301014","20240322",-0.6,16.55,TRUE
1628386,"Jarrett Allen","1610612739","Cleveland Cavaliers",2024,"0022301014","20240322",-2.8,6.85,FALSE
1628386,"Jarrett Allen","1610612739","Cleveland Cavaliers",2024,"0022301014","20240322",-0.2,17.95,TRUE
1628386,"Jarrett Allen","1610612739","Cleveland Cavaliers",2024,"0022301014","20240322",-3.9,5.85,FALSE
1628386,"Jarrett Allen","1610612739","Cleveland Cavaliers",2024,"0022301029","20240324",0.7,15.75,FALSE
1628386,"Jarrett Allen","1610612739","Cleveland Cavaliers",2024,"0022301029","20240324",-3.6,7.35,TRUE
1628386,"Jarrett Allen","1610612739","Cleveland Cavaliers",2024,"0022301029","20240324",8.9,15.45,FALSE
1628386,"Jarrett Allen","1610612739","Cleveland Cavaliers",2024,"0022301029","20240324",-2,6.35,TRUE
1628386,"Jarrett Allen","1610612739","Cleveland Cavaliers",2024,"0022301029","20240324",0,12.35,TRUE
1628386,"Jarrett Allen","1610612739","Cleveland Cavaliers",2024,"0022301029","20240324",5.1,7.75,FALSE
1628386,"Jarrett Allen","1610612739","Cleveland Cavaliers",2024,"0022301029","20240324",6,18.05,FALSE
1628386,"Jarrett Allen","1610612739","Cleveland Cavaliers",2024,"0022301033","20240325",0,5.25,TRUE
1628386,"Jarrett Allen","1610612739","Cleveland Cavaliers",2024,"0022301033","20240325",1,7.65,TRUE
1628386,"Jarrett Allen","1610612739","Cleveland Cavaliers",2024,"0022301033","20240325",0.4,5.75,TRUE
1628386,"Jarrett Allen","1610612739","Cleveland Cavaliers",2024,"0022301033","20240325",-1.3,6.65,FALSE
1628386,"Jarrett Allen","1610612739","Cleveland Cavaliers",2024,"0022301033","20240325",-6.5,7.15,TRUE
1628386,"Jarrett Allen","1610612739","Cleveland Cavaliers",2024,"0022301033","20240325",-8.1,8.15,TRUE
1628386,"Jarrett Allen","1610612739","Cleveland Cavaliers",2024,"0022301033","20240325",0,5.85,TRUE
1628386,"Jarrett Allen","1610612739","Cleveland Cavaliers",2024,"0022301033","20240325",-0.9,9.95,TRUE
1628386,"Jarrett Allen","1610612739","Cleveland Cavaliers",2024,"0022301033","20240325",-5.9,16.95,FALSE
1628386,"Jarrett Allen","1610612739","Cleveland Cavaliers",2024,"0022301048","20240327",-1.6,5.75,FALSE
1628386,"Jarrett Allen","1610612739","Cleveland Cavaliers",2024,"0022301048","20240327",-3.1,14.45,TRUE
1628386,"Jarrett Allen","1610612739","Cleveland Cavaliers",2024,"0022301048","20240327",0,7.65,TRUE
1628386,"Jarrett Allen","1610612739","Cleveland Cavaliers",2024,"0022301048","20240327",0.6,7.95,TRUE
1628386,"Jarrett Allen","1610612739","Cleveland Cavaliers",2024,"0022301048","20240327",0,5.75,TRUE
1628386,"Jarrett Allen","1610612739","Cleveland Cavaliers",2024,"0022301048","20240327",-9.7,14.65,TRUE
1628386,"Jarrett Allen","1610612739","Cleveland Cavaliers",2024,"0022301048","20240327",-1.5,5.35,TRUE
1628386,"Jarrett Allen","1610612739","Cleveland Cavaliers",2024,"0022301048","20240327",0.7,10.95,FALSE
1628386,"Jarrett Allen","1610612739","Cleveland Cavaliers",2024,"0022301048","20240327",1.3,7.75,TRUE
1628386,"Jarrett Allen","1610612739","Cleveland Cavaliers",2024,"0022301048","20240327",0,9.55,FALSE
1628386,"Jarrett Allen","1610612739","Cleveland Cavaliers",2024,"0022301048","20240327",0,5.25,TRUE
1628386,"Jarrett Allen","1610612739","Cleveland Cavaliers",2024,"0022301048","20240327",0.4,7.25,TRUE
1628386,"Jarrett Allen","1610612739","Cleveland Cavaliers",2024,"0022301048","20240327",-1.8,7.85,TRUE
1628386,"Jarrett Allen","1610612739","Cleveland Cavaliers",2024,"0022301048","20240327",1.2,7.35,TRUE
1628386,"Jarrett Allen","1610612739","Cleveland Cavaliers",2024,"0022301067","20240329",-5.8,11.75,FALSE
1628386,"Jarrett Allen","1610612739","Cleveland Cavaliers",2024,"0022301067","20240329",-0.7,6.05,TRUE
1628386,"Jarrett Allen","1610612739","Cleveland Cavaliers",2024,"0022301067","20240329",-1.1,6.75,FALSE
1628386,"Jarrett Allen","1610612739","Cleveland Cavaliers",2024,"0022301067","20240329",-7.2,8.35,TRUE
1628386,"Jarrett Allen","1610612739","Cleveland Cavaliers",2024,"0022301067","20240329",-0.4,6.25,TRUE
1628386,"Jarrett Allen","1610612739","Cleveland Cavaliers",2024,"0022301067","20240329",-0.1,6.35,TRUE
1628386,"Jarrett Allen","1610612739","Cleveland Cavaliers",2024,"0022301067","20240329",5.6,8.25,FALSE
1628386,"Jarrett Allen","1610612739","Cleveland Cavaliers",2024,"0022301067","20240329",-0.5,6.25,TRUE
1628386,"Jarrett Allen","1610612739","Cleveland Cavaliers",2024,"0022301067","20240329",-2.2,11.35,TRUE
1628386,"Jarrett Allen","1610612739","Cleveland Cavaliers",2024,"0022301077","20240331",4.8,8.95,TRUE
1628386,"Jarrett Allen","1610612739","Cleveland Cavaliers",2024,"0022301077","20240331",-0.2,10.05,TRUE
1628386,"Jarrett Allen","1610612739","Cleveland Cavaliers",2024,"0022301077","20240331",9.7,5.95,FALSE
1628386,"Jarrett Allen","1610612739","Cleveland Cavaliers",2024,"0022301077","20240331",-8.3,20.95,FALSE
1628386,"Jarrett Allen","1610612739","Cleveland Cavaliers",2024,"0022301077","20240331",5.8,19.95,FALSE
1628386,"Jarrett Allen","1610612739","Cleveland Cavaliers",2024,"0022301077","20240331",0.9,7.25,FALSE
1628386,"Jarrett Allen","1610612739","Cleveland Cavaliers",2024,"0022301077","20240331",-0.2,5.05,TRUE
1628386,"Jarrett Allen","1610612739","Cleveland Cavaliers",2024,"0022301077","20240331",1.1,6.85,FALSE
1628386,"Jarrett Allen","1610612739","Cleveland Cavaliers",2024,"0022301077","20240331",-3.3,12.35,TRUE
1628386,"Jarrett Allen","1610612739","Cleveland Cavaliers",2024,"0022301077","20240331",-0.7,11.05,TRUE
1628386,"Jarrett Allen","1610612739","Cleveland Cavaliers",2024,"0022301077","20240331",9.3,5.75,TRUE
1628386,"Jarrett Allen","1610612739","Cleveland Cavaliers",2024,"0022301077","20240331",-9.4,6.75,TRUE
1628386,"Jarrett Allen","1610612739","Cleveland Cavaliers",2024,"0022301077","20240331",0.2,13.35,TRUE
1628386,"Jarrett Allen","1610612739","Cleveland Cavaliers",2024,"0022301077","20240331",-2.3,8.45,FALSE
1628386,"Jarrett Allen","1610612739","Cleveland Cavaliers",2024,"0022301077","20240331",0.6,6.45,TRUE
1628386,"Jarrett Allen","1610612739","Cleveland Cavaliers",2024,"0022301100","20240402",1.2,6.25,TRUE
1628386,"Jarrett Allen","1610612739","Cleveland Cavaliers",2024,"0022301100","20240402",1,6.35,TRUE
1628386,"Jarrett Allen","1610612739","Cleveland Cavaliers",2024,"0022301100","20240402",2.8,6.55,TRUE
1628386,"Jarrett Allen","1610612739","Cleveland Cavaliers",2024,"0022301100","20240402",0.1,8.35,TRUE
1628386,"Jarrett Allen","1610612739","Cleveland Cavaliers",2024,"0022301100","20240402",1.3,4.65,TRUE
1628386,"Jarrett Allen","1610612739","Cleveland Cavaliers",2024,"0022301100","20240402",-2.1,9.05,TRUE
1628386,"Jarrett Allen","1610612739","Cleveland Cavaliers",2024,"0022301100","20240402",1.3,9.45,TRUE
1628386,"Jarrett Allen","1610612739","Cleveland Cavaliers",2024,"0022301100","20240402",2.9,6.05,FALSE
1628386,"Jarrett Allen","1610612739","Cleveland Cavaliers",2024,"0022301100","20240402",0,5.25,TRUE
1628386,"Jarrett Allen","1610612739","Cleveland Cavaliers",2024,"0022301100","20240402",0,5.25,FALSE
1628386,"Jarrett Allen","1610612739","Cleveland Cavaliers",2024,"0022301100","20240402",-4.5,8.65,FALSE
1628386,"Jarrett Allen","1610612739","Cleveland Cavaliers",2024,"0022301110","20240403",-3.3,5.35,TRUE
1628386,"Jarrett Allen","1610612739","Cleveland Cavaliers",2024,"0022301110","20240403",-2.7,6.55,TRUE
1628386,"Jarrett Allen","1610612739","Cleveland Cavaliers",2024,"0022301110","20240403",-1.1,9.05,FALSE
1628386,"Jarrett Allen","1610612739","Cleveland Cavaliers",2024,"0022301110","20240403",-0.7,13.15,TRUE
1628386,"Jarrett Allen","1610612739","Cleveland Cavaliers",2024,"0022301110","20240403",-2.7,8.35,FALSE
1628386,"Jarrett Allen","1610612739","Cleveland Cavaliers",2024,"0022301110","20240403",-2.1,10.05,FALSE
1628386,"Jarrett Allen","1610612739","Cleveland Cavaliers",2024,"0022301110","20240403",-0.9,10.45,TRUE
1628386,"Jarrett Allen","1610612739","Cleveland Cavaliers",2024,"0022301110","20240403",0,6.75,TRUE
1628386,"Jarrett Allen","1610612739","Cleveland Cavaliers",2024,"0022301110","20240403",1.2,11.75,FALSE
1628386,"Jarrett Allen","1610612739","Cleveland Cavaliers",2024,"0022301110","20240403",0,5.25,TRUE
1628386,"Jarrett Allen","1610612739","Cleveland Cavaliers",2024,"0022301110","20240403",-1,6.95,TRUE
1628386,"Jarrett Allen","1610612739","Cleveland Cavaliers",2024,"0022301110","20240403",0.7,6.25,TRUE
1628386,"Jarrett Allen","1610612739","Cleveland Cavaliers",2024,"0022301110","20240403",3.6,7.25,FALSE
1628386,"Jarrett Allen","1610612739","Cleveland Cavaliers",2024,"0022301110","20240403",-0.7,6.55,TRUE
1628386,"Jarrett Allen","1610612739","Cleveland Cavaliers",2024,"0022301110","20240403",-0.5,6.55,FALSE
1628386,"Jarrett Allen","1610612739","Cleveland Cavaliers",2024,"0022301127","20240406",0.5,8.55,TRUE
1628386,"Jarrett Allen","1610612739","Cleveland Cavaliers",2024,"0022301127","20240406",-2.6,5.65,FALSE
1628386,"Jarrett Allen","1610612739","Cleveland Cavaliers",2024,"0022301127","20240406",0.2,7.75,TRUE
1628386,"Jarrett Allen","1610612739","Cleveland Cavaliers",2024,"0022301127","20240406",2.1,14.15,FALSE
1628386,"Jarrett Allen","1610612739","Cleveland Cavaliers",2024,"0022301127","20240406",0.1,8.15,TRUE
1628386,"Jarrett Allen","1610612739","Cleveland Cavaliers",2024,"0022301127","20240406",0.1,6.85,TRUE
1628386,"Jarrett Allen","1610612739","Cleveland Cavaliers",2024,"0022301127","20240406",0.2,8.45,TRUE
1628386,"Jarrett Allen","1610612739","Cleveland Cavaliers",2024,"0022301127","20240406",4.7,8.05,FALSE
1628386,"Jarrett Allen","1610612739","Cleveland Cavaliers",2024,"0022301127","20240406",0.7,6.45,FALSE
1628386,"Jarrett Allen","1610612739","Cleveland Cavaliers",2024,"0022301127","20240406",-3.8,14.05,FALSE
1628386,"Jarrett Allen","1610612739","Cleveland Cavaliers",2024,"0022301127","20240406",-0.6,7.25,TRUE
1628386,"Jarrett Allen","1610612739","Cleveland Cavaliers",2024,"0022301127","20240406",0.1,6.25,FALSE
1628386,"Jarrett Allen","1610612739","Cleveland Cavaliers",2024,"0022301132","20240407",7.1,6.95,TRUE
1628386,"Jarrett Allen","1610612739","Cleveland Cavaliers",2024,"0022301132","20240407",2.5,11.65,FALSE
1628386,"Jarrett Allen","1610612739","Cleveland Cavaliers",2024,"0022301132","20240407",-2,9.15,FALSE
1628386,"Jarrett Allen","1610612739","Cleveland Cavaliers",2024,"0022301132","20240407",-1.7,15.15,FALSE
1628386,"Jarrett Allen","1610612739","Cleveland Cavaliers",2024,"0022301132","20240407",-3.7,6.95,FALSE
1628386,"Jarrett Allen","1610612739","Cleveland Cavaliers",2024,"0022301132","20240407",-2.5,5.05,TRUE
1628386,"Jarrett Allen","1610612739","Cleveland Cavaliers",2024,"0022301132","20240407",13.6,5.05,TRUE
1628386,"Jarrett Allen","1610612739","Cleveland Cavaliers",2024,"0022301132","20240407",-0.2,7.65,TRUE
1628386,"Jarrett Allen","1610612739","Cleveland Cavaliers",2024,"0022301132","20240407",-0.2,7.45,TRUE
1628386,"Jarrett Allen","1610612739","Cleveland Cavaliers",2024,"0022301132","20240407",0.6,12.95,FALSE
1628386,"Jarrett Allen","1610612739","Cleveland Cavaliers",2024,"0022301132","20240407",-7.8,16.15,FALSE
1628386,"Jarrett Allen","1610612739","Cleveland Cavaliers",2024,"0022301132","20240407",-0.7,7.15,TRUE
1628386,"Jarrett Allen","1610612739","Cleveland Cavaliers",2024,"0022301158","20240410",-0.2,6.15,FALSE
1628386,"Jarrett Allen","1610612739","Cleveland Cavaliers",2024,"0022301158","20240410",0.9,9.25,FALSE
1628386,"Jarrett Allen","1610612739","Cleveland Cavaliers",2024,"0022301158","20240410",0,6.35,TRUE
1628386,"Jarrett Allen","1610612739","Cleveland Cavaliers",2024,"0022301158","20240410",-0.7,8.25,FALSE
1628386,"Jarrett Allen","1610612739","Cleveland Cavaliers",2024,"0022301158","20240410",-1.7,10.55,FALSE
1628386,"Jarrett Allen","1610612739","Cleveland Cavaliers",2024,"0022301158","20240410",-0.1,7.95,FALSE
1628386,"Jarrett Allen","1610612739","Cleveland Cavaliers",2024,"0022301158","20240410",0.2,4.75,TRUE
1628386,"Jarrett Allen","1610612739","Cleveland Cavaliers",2024,"0022301158","20240410",-0.4,5.65,TRUE
1628386,"Jarrett Allen","1610612739","Cleveland Cavaliers",2024,"0022301158","20240410",8.1,9.65,TRUE
1628386,"Jarrett Allen","1610612739","Cleveland Cavaliers",2024,"0022301158","20240410",-0.7,14.85,TRUE
1628386,"Jarrett Allen","1610612739","Cleveland Cavaliers",2024,"0022301158","20240410",-0.7,6.55,TRUE
1628386,"Jarrett Allen","1610612739","Cleveland Cavaliers",2024,"0022301158","20240410",4.4,12.75,TRUE
1628386,"Jarrett Allen","1610612739","Cleveland Cavaliers",2024,"0022301158","20240410",-22.7,4.65,FALSE
1628386,"Jarrett Allen","1610612739","Cleveland Cavaliers",2024,"0022301174","20240412",0.6,6.25,TRUE
1628386,"Jarrett Allen","1610612739","Cleveland Cavaliers",2024,"0022301174","20240412",7.2,6.25,TRUE
1628386,"Jarrett Allen","1610612739","Cleveland Cavaliers",2024,"0022301174","20240412",-5,19.75,TRUE
1628386,"Jarrett Allen","1610612739","Cleveland Cavaliers",2024,"0022301174","20240412",0,5.25,TRUE
1628386,"Jarrett Allen","1610612739","Cleveland Cavaliers",2024,"0022301174","20240412",-1,6.95,FALSE
1628386,"Jarrett Allen","1610612739","Cleveland Cavaliers",2024,"0022301174","20240412",-7.1,11.05,TRUE
1628386,"Jarrett Allen","1610612739","Cleveland Cavaliers",2024,"0022301174","20240412",-4,8.65,TRUE
1628386,"Jarrett Allen","1610612739","Cleveland Cavaliers",2024,"0022301174","20240412",-0.1,6.15,TRUE
1628386,"Jarrett Allen","1610612739","Cleveland Cavaliers",2024,"0022301174","20240412",-1,7.85,TRUE
1628386,"Jarrett Allen","1610612739","Cleveland Cavaliers",2024,"0022301174","20240412",-6.9,19.65,TRUE
1628386,"Jarrett Allen","1610612739","Cleveland Cavaliers",2024,"0022301174","20240412",-0.5,5.35,TRUE
1628386,"Jarrett Allen","1610612739","Cleveland Cavaliers",2024,"0022301174","20240412",0.6,6.45,TRUE
1628386,"Jarrett Allen","1610612739","Cleveland Cavaliers",2024,"0022301174","20240412",-0.1,6.25,TRUE
1628386,"Jarrett Allen","1610612739","Cleveland Cavaliers",2024,"0022301174","20240412",0,5.25,TRUE
1628386,"Jarrett Allen","1610612739","Cleveland Cavaliers",2024,"0022301187","20240414",0.2,6.25,TRUE
1628386,"Jarrett Allen","1610612739","Cleveland Cavaliers",2024,"0022301187","20240414",1,18.65,TRUE
1628386,"Jarrett Allen","1610612739","Cleveland Cavaliers",2024,"0022301187","20240414",-6.4,6.35,TRUE
1628386,"Jarrett Allen","1610612739","Cleveland Cavaliers",2024,"0022301187","20240414",-0.1,7.45,TRUE
1628386,"Jarrett Allen","1610612739","Cleveland Cavaliers",2024,"0022301187","20240414",1.3,6.35,TRUE
1628386,"Jarrett Allen","1610612739","Cleveland Cavaliers",2024,"0022301187","20240414",-1.6,4.85,TRUE
1628386,"Jarrett Allen","1610612739","Cleveland Cavaliers",2024,"0022301187","20240414",-0.6,5.15,TRUE
1628386,"Jarrett Allen","1610612739","Cleveland Cavaliers",2024,"0022301205","20231206",-0.1,4.95,TRUE
1628386,"Jarrett Allen","1610612739","Cleveland Cavaliers",2024,"0022301205","20231206",0,5.25,FALSE
1628386,"Jarrett Allen","1610612739","Cleveland Cavaliers",2024,"0022301205","20231206",1.6,5.25,TRUE
1628386,"Jarrett Allen","1610612739","Cleveland Cavaliers",2024,"0022301205","20231206",2,8.75,TRUE
1628386,"Jarrett Allen","1610612739","Cleveland Cavaliers",2024,"0022301205","20231206",0.4,6.85,TRUE
1628386,"Jarrett Allen","1610612739","Cleveland Cavaliers",2024,"0022301220","20231208",3.7,7.95,FALSE
1628386,"Jarrett Allen","1610612739","Cleveland Cavaliers",2024,"0022301220","20231208",0.5,7.35,FALSE
1628386,"Jarrett Allen","1610612739","Cleveland Cavaliers",2024,"0022301220","20231208",0.4,5.45,TRUE
1628386,"Jarrett Allen","1610612739","Cleveland Cavaliers",2024,"0022301220","20231208",-1.5,7.35,FALSE
1628386,"Jarrett Allen","1610612739","Cleveland Cavaliers",2024,"0022301220","20231208",2.8,6.75,FALSE
1628386,"Jarrett Allen","1610612739","Cleveland Cavaliers",2024,"0022301220","20231208",-1.8,6.35,FALSE
1628386,"Jarrett Allen","1610612739","Cleveland Cavaliers",2024,"0022301220","20231208",-0.2,15.35,TRUE
1628386,"Jarrett Allen","1610612739","Cleveland Cavaliers",2024,"0022301220","20231208",-2.3,5.75,FALSE
1628386,"Jarrett Allen","1610612739","Cleveland Cavaliers",2024,"0022301220","20231208",1.3,5.65,TRUE
