"PLAYER_ID","PLAYER_NAME","TEAM_ID","TEAM_NAME","SEASON","GAME_ID","GAME_DATE","LOC_X","LOC_Y","SHOT_MADE"
1627783,"Pascal Siakam","1610612761","Toronto Raptors",2017,"0021600007","20161026",-0.9,11.35,TRUE
1627783,"Pascal Siakam","1610612761","Toronto Raptors",2017,"0021600007","20161026",0.1,6.35,TRUE
1627783,"Pascal Siakam","1610612761","Toronto Raptors",2017,"0021600018","20161028",-4,6.85,FALSE
1627783,"Pascal Siakam","1610612761","Toronto Raptors",2017,"0021600018","20161028",-1.9,5.95,TRUE
1627783,"Pascal Siakam","1610612761","Toronto Raptors",2017,"0021600018","20161028",-1.7,6.35,FALSE
1627783,"Pascal Siakam","1610612761","Toronto Raptors",2017,"0021600018","20161028",-0.9,6.85,TRUE
1627783,"Pascal Siakam","1610612761","Toronto Raptors",2017,"0021600042","20161031",-1.9,9.85,FALSE
1627783,"Pascal Siakam","1610612761","Toronto Raptors",2017,"0021600042","20161031",-3.7,6.35,TRUE
1627783,"Pascal Siakam","1610612761","Toronto Raptors",2017,"0021600042","20161031",-1,5.25,FALSE
1627783,"Pascal Siakam","1610612761","Toronto Raptors",2017,"0021600042","20161031",-14.6,5.55,FALSE
1627783,"Pascal Siakam","1610612761","Toronto Raptors",2017,"0021600055","20161102",16,16.25,TRUE
1627783,"Pascal Siakam","1610612761","Toronto Raptors",2017,"0021600055","20161102",-0.6,6.55,FALSE
1627783,"Pascal Siakam","1610612761","Toronto Raptors",2017,"0021600055","20161102",-9.6,25.55,TRUE
1627783,"Pascal Siakam","1610612761","Toronto Raptors",2017,"0021600055","20161102",-16.9,12.95,FALSE
1627783,"Pascal Siakam","1610612761","Toronto Raptors",2017,"0021600071","20161104",9.6,23.55,FALSE
1627783,"Pascal Siakam","1610612761","Toronto Raptors",2017,"0021600071","20161104",1.1,9.95,TRUE
1627783,"Pascal Siakam","1610612761","Toronto Raptors",2017,"0021600071","20161104",-1.9,5.15,TRUE
1627783,"Pascal Siakam","1610612761","Toronto Raptors",2017,"0021600071","20161104",-6.3,5.55,FALSE
1627783,"Pascal Siakam","1610612761","Toronto Raptors",2017,"0021600071","20161104",0,6.05,TRUE
1627783,"Pascal Siakam","1610612761","Toronto Raptors",2017,"0021600071","20161104",0,5.35,TRUE
1627783,"Pascal Siakam","1610612761","Toronto Raptors",2017,"0021600089","20161106",-3.7,23.55,FALSE
1627783,"Pascal Siakam","1610612761","Toronto Raptors",2017,"0021600089","20161106",-2.4,5.25,TRUE
1627783,"Pascal Siakam","1610612761","Toronto Raptors",2017,"0021600089","20161106",1.6,6.55,TRUE
1627783,"Pascal Siakam","1610612761","Toronto Raptors",2017,"0021600089","20161106",0,5.35,TRUE
1627783,"Pascal Siakam","1610612761","Toronto Raptors",2017,"0021600089","20161106",1.6,5.95,TRUE
1627783,"Pascal Siakam","1610612761","Toronto Raptors",2017,"0021600089","20161106",13.5,18.15,FALSE
1627783,"Pascal Siakam","1610612761","Toronto Raptors",2017,"0021600089","20161106",-3.3,5.95,FALSE
1627783,"Pascal Siakam","1610612761","Toronto Raptors",2017,"0021600089","20161106",2.2,6.35,FALSE
1627783,"Pascal Siakam","1610612761","Toronto Raptors",2017,"0021600112","20161109",9.6,5.55,FALSE
1627783,"Pascal Siakam","1610612761","Toronto Raptors",2017,"0021600112","20161109",0.1,14.45,TRUE
1627783,"Pascal Siakam","1610612761","Toronto Raptors",2017,"0021600112","20161109",0,5.35,TRUE
1627783,"Pascal Siakam","1610612761","Toronto Raptors",2017,"0021600123","20161111",0.4,5.25,FALSE
1627783,"Pascal Siakam","1610612761","Toronto Raptors",2017,"0021600123","20161111",7.8,8.35,FALSE
1627783,"Pascal Siakam","1610612761","Toronto Raptors",2017,"0021600123","20161111",-2.7,21.75,FALSE
1627783,"Pascal Siakam","1610612761","Toronto Raptors",2017,"0021600123","20161111",-2.8,6.85,FALSE
1627783,"Pascal Siakam","1610612761","Toronto Raptors",2017,"0021600131","20161112",7.4,6.85,FALSE
1627783,"Pascal Siakam","1610612761","Toronto Raptors",2017,"0021600131","20161112",-1.9,5.95,TRUE
1627783,"Pascal Siakam","1610612761","Toronto Raptors",2017,"0021600131","20161112",-17.1,7.05,TRUE
1627783,"Pascal Siakam","1610612761","Toronto Raptors",2017,"0021600131","20161112",-2,5.15,TRUE
1627783,"Pascal Siakam","1610612761","Toronto Raptors",2017,"0021600131","20161112",-3.3,21.15,TRUE
1627783,"Pascal Siakam","1610612761","Toronto Raptors",2017,"0021600153","20161115",0,5.35,TRUE
1627783,"Pascal Siakam","1610612761","Toronto Raptors",2017,"0021600153","20161115",-14.5,6.85,FALSE
1627783,"Pascal Siakam","1610612761","Toronto Raptors",2017,"0021600153","20161115",-1.2,5.45,TRUE
1627783,"Pascal Siakam","1610612761","Toronto Raptors",2017,"0021600153","20161115",-2.2,6.05,TRUE
1627783,"Pascal Siakam","1610612761","Toronto Raptors",2017,"0021600153","20161115",0.1,5.15,TRUE
1627783,"Pascal Siakam","1610612761","Toronto Raptors",2017,"0021600165","20161116",18.1,6.35,TRUE
1627783,"Pascal Siakam","1610612761","Toronto Raptors",2017,"0021600165","20161116",-1.1,6.25,FALSE
1627783,"Pascal Siakam","1610612761","Toronto Raptors",2017,"0021600165","20161116",0.9,7.05,FALSE
1627783,"Pascal Siakam","1610612761","Toronto Raptors",2017,"0021600165","20161116",-3,9.05,TRUE
1627783,"Pascal Siakam","1610612761","Toronto Raptors",2017,"0021600165","20161116",-0.8,6.25,FALSE
1627783,"Pascal Siakam","1610612761","Toronto Raptors",2017,"0021600165","20161116",-0.6,6.85,TRUE
1627783,"Pascal Siakam","1610612761","Toronto Raptors",2017,"0021600165","20161116",0,5.35,TRUE
1627783,"Pascal Siakam","1610612761","Toronto Raptors",2017,"0021600165","20161116",1.1,6.35,TRUE
1627783,"Pascal Siakam","1610612761","Toronto Raptors",2017,"0021600165","20161116",-11.5,13.45,FALSE
1627783,"Pascal Siakam","1610612761","Toronto Raptors",2017,"0021600165","20161116",0.1,4.65,FALSE
1627783,"Pascal Siakam","1610612761","Toronto Raptors",2017,"0021600181","20161118",0,5.35,TRUE
1627783,"Pascal Siakam","1610612761","Toronto Raptors",2017,"0021600181","20161118",-1.5,8.35,TRUE
1627783,"Pascal Siakam","1610612761","Toronto Raptors",2017,"0021600181","20161118",-17.4,5.95,TRUE
1627783,"Pascal Siakam","1610612761","Toronto Raptors",2017,"0021600181","20161118",-2.5,6.35,FALSE
1627783,"Pascal Siakam","1610612761","Toronto Raptors",2017,"0021600181","20161118",0.6,9.95,TRUE
1627783,"Pascal Siakam","1610612761","Toronto Raptors",2017,"0021600181","20161118",-0.9,5.95,FALSE
1627783,"Pascal Siakam","1610612761","Toronto Raptors",2017,"0021600196","20161120",-9.6,7.35,TRUE
1627783,"Pascal Siakam","1610612761","Toronto Raptors",2017,"0021600196","20161120",-13.7,9.85,FALSE
1627783,"Pascal Siakam","1610612761","Toronto Raptors",2017,"0021600196","20161120",-6.1,6.85,FALSE
1627783,"Pascal Siakam","1610612761","Toronto Raptors",2017,"0021600196","20161120",-7.3,9.95,TRUE
1627783,"Pascal Siakam","1610612761","Toronto Raptors",2017,"0021600196","20161120",-1.7,11.75,FALSE
1627783,"Pascal Siakam","1610612761","Toronto Raptors",2017,"0021600207","20161121",-15.6,7.85,FALSE
1627783,"Pascal Siakam","1610612761","Toronto Raptors",2017,"0021600207","20161121",8.9,6.05,TRUE
1627783,"Pascal Siakam","1610612761","Toronto Raptors",2017,"0021600219","20161123",0,5.35,TRUE
1627783,"Pascal Siakam","1610612761","Toronto Raptors",2017,"0021600219","20161123",-5,8.05,FALSE
1627783,"Pascal Siakam","1610612761","Toronto Raptors",2017,"0021600219","20161123",0.7,5.95,FALSE
1627783,"Pascal Siakam","1610612761","Toronto Raptors",2017,"0021600232","20161125",-0.5,6.65,TRUE
1627783,"Pascal Siakam","1610612761","Toronto Raptors",2017,"0021600232","20161125",-1,5.45,TRUE
1627783,"Pascal Siakam","1610612761","Toronto Raptors",2017,"0021600232","20161125",12.2,6.75,FALSE
1627783,"Pascal Siakam","1610612761","Toronto Raptors",2017,"0021600254","20161128",-1,3.65,TRUE
1627783,"Pascal Siakam","1610612761","Toronto Raptors",2017,"0021600254","20161128",-0.6,6.35,TRUE
1627783,"Pascal Siakam","1610612761","Toronto Raptors",2017,"0021600254","20161128",0.2,8.55,FALSE
1627783,"Pascal Siakam","1610612761","Toronto Raptors",2017,"0021600254","20161128",3,20.05,FALSE
1627783,"Pascal Siakam","1610612761","Toronto Raptors",2017,"0021600254","20161128",-1.7,9.55,TRUE
1627783,"Pascal Siakam","1610612761","Toronto Raptors",2017,"0021600254","20161128",0,5.35,TRUE
1627783,"Pascal Siakam","1610612761","Toronto Raptors",2017,"0021600268","20161130",12,4.65,TRUE
1627783,"Pascal Siakam","1610612761","Toronto Raptors",2017,"0021600268","20161130",2.2,6.35,TRUE
1627783,"Pascal Siakam","1610612761","Toronto Raptors",2017,"0021600284","20161202",6.1,17.65,TRUE
1627783,"Pascal Siakam","1610612761","Toronto Raptors",2017,"0021600284","20161202",18.3,9.35,TRUE
1627783,"Pascal Siakam","1610612761","Toronto Raptors",2017,"0021600284","20161202",NA,NA,FALSE
1627783,"Pascal Siakam","1610612761","Toronto Raptors",2017,"0021600284","20161202",0.4,10.85,TRUE
1627783,"Pascal Siakam","1610612761","Toronto Raptors",2017,"0021600284","20161202",0,5.35,TRUE
1627783,"Pascal Siakam","1610612761","Toronto Raptors",2017,"0021600293","20161203",-1,8.05,TRUE
1627783,"Pascal Siakam","1610612761","Toronto Raptors",2017,"0021600293","20161203",-0.4,7.05,TRUE
1627783,"Pascal Siakam","1610612761","Toronto Raptors",2017,"0021600293","20161203",16.1,7.05,FALSE
1627783,"Pascal Siakam","1610612761","Toronto Raptors",2017,"0021600293","20161203",2.9,6.85,FALSE
1627783,"Pascal Siakam","1610612761","Toronto Raptors",2017,"0021600293","20161203",0,5.35,TRUE
1627783,"Pascal Siakam","1610612761","Toronto Raptors",2017,"0021600293","20161203",-1.7,5.55,FALSE
1627783,"Pascal Siakam","1610612761","Toronto Raptors",2017,"0021600293","20161203",-0.6,7.35,TRUE
1627783,"Pascal Siakam","1610612761","Toronto Raptors",2017,"0021600293","20161203",-7.1,11.75,TRUE
1627783,"Pascal Siakam","1610612761","Toronto Raptors",2017,"0021600293","20161203",-13.7,6.85,FALSE
1627783,"Pascal Siakam","1610612761","Toronto Raptors",2017,"0021600293","20161203",0,5.35,TRUE
1627783,"Pascal Siakam","1610612761","Toronto Raptors",2017,"0021600293","20161203",22.8,5.15,FALSE
1627783,"Pascal Siakam","1610612761","Toronto Raptors",2017,"0021600293","20161203",0,5.35,TRUE
1627783,"Pascal Siakam","1610612761","Toronto Raptors",2017,"0021600305","20161205",16.3,10.85,TRUE
1627783,"Pascal Siakam","1610612761","Toronto Raptors",2017,"0021600305","20161205",16.9,7.05,TRUE
1627783,"Pascal Siakam","1610612761","Toronto Raptors",2017,"0021600305","20161205",-2.5,6.55,FALSE
1627783,"Pascal Siakam","1610612761","Toronto Raptors",2017,"0021600305","20161205",0,5.35,FALSE
1627783,"Pascal Siakam","1610612761","Toronto Raptors",2017,"0021600305","20161205",-1.4,10.35,TRUE
1627783,"Pascal Siakam","1610612761","Toronto Raptors",2017,"0021600305","20161205",-20.9,4.15,FALSE
1627783,"Pascal Siakam","1610612761","Toronto Raptors",2017,"0021600331","20161208",0,5.35,TRUE
1627783,"Pascal Siakam","1610612761","Toronto Raptors",2017,"0021600339","20161209",-6.3,16.25,FALSE
1627783,"Pascal Siakam","1610612761","Toronto Raptors",2017,"0021600339","20161209",0.9,5.95,TRUE
1627783,"Pascal Siakam","1610612761","Toronto Raptors",2017,"0021600339","20161209",4.2,6.35,FALSE
1627783,"Pascal Siakam","1610612761","Toronto Raptors",2017,"0021600362","20161212",-24.5,5.15,FALSE
1627783,"Pascal Siakam","1610612761","Toronto Raptors",2017,"0021600362","20161212",-4.8,6.35,FALSE
1627783,"Pascal Siakam","1610612761","Toronto Raptors",2017,"0021600362","20161212",-1.6,6.45,FALSE
1627783,"Pascal Siakam","1610612761","Toronto Raptors",2017,"0021600362","20161212",14.3,17.85,FALSE
1627783,"Pascal Siakam","1610612761","Toronto Raptors",2017,"0021600374","20161214",-16.9,4.15,FALSE
1627783,"Pascal Siakam","1610612761","Toronto Raptors",2017,"0021600374","20161214",16.1,5.95,FALSE
1627783,"Pascal Siakam","1610612761","Toronto Raptors",2017,"0021600374","20161214",-1.7,5.25,FALSE
1627783,"Pascal Siakam","1610612761","Toronto Raptors",2017,"0021600374","20161214",0.2,7.85,FALSE
1627783,"Pascal Siakam","1610612761","Toronto Raptors",2017,"0021600374","20161214",2.9,5.55,FALSE
1627783,"Pascal Siakam","1610612761","Toronto Raptors",2017,"0021600374","20161214",-0.9,5.45,TRUE
1627783,"Pascal Siakam","1610612761","Toronto Raptors",2017,"0021600374","20161214",-2,16.85,TRUE
1627783,"Pascal Siakam","1610612761","Toronto Raptors",2017,"0021600374","20161214",1.1,13.25,FALSE
1627783,"Pascal Siakam","1610612761","Toronto Raptors",2017,"0021600392","20161216",-0.4,9.35,TRUE
1627783,"Pascal Siakam","1610612761","Toronto Raptors",2017,"0021600392","20161216",-16.9,10.35,TRUE
1627783,"Pascal Siakam","1610612761","Toronto Raptors",2017,"0021600392","20161216",-0.9,27.05,FALSE
1627783,"Pascal Siakam","1610612761","Toronto Raptors",2017,"0021600409","20161218",9.1,15.35,FALSE
1627783,"Pascal Siakam","1610612761","Toronto Raptors",2017,"0021600409","20161218",-15.1,9.35,TRUE
1627783,"Pascal Siakam","1610612761","Toronto Raptors",2017,"0021600409","20161218",0,5.35,TRUE
1627783,"Pascal Siakam","1610612761","Toronto Raptors",2017,"0021600409","20161218",6.1,29.95,FALSE
1627783,"Pascal Siakam","1610612761","Toronto Raptors",2017,"0021600420","20161220",-1,5.95,TRUE
1627783,"Pascal Siakam","1610612761","Toronto Raptors",2017,"0021600420","20161220",0,5.35,TRUE
1627783,"Pascal Siakam","1610612761","Toronto Raptors",2017,"0021600420","20161220",8.3,6.55,TRUE
1627783,"Pascal Siakam","1610612761","Toronto Raptors",2017,"0021600452","20161223",-9.1,11.75,FALSE
1627783,"Pascal Siakam","1610612761","Toronto Raptors",2017,"0021600469","20161226",7.3,6.55,FALSE
1627783,"Pascal Siakam","1610612761","Toronto Raptors",2017,"0021600485","20161228",-0.6,6.85,FALSE
1627783,"Pascal Siakam","1610612761","Toronto Raptors",2017,"0021600490","20161229",0.2,7.05,TRUE
1627783,"Pascal Siakam","1610612761","Toronto Raptors",2017,"0021600490","20161229",-1.6,6.65,FALSE
1627783,"Pascal Siakam","1610612761","Toronto Raptors",2017,"0021600490","20161229",-3,6.35,TRUE
1627783,"Pascal Siakam","1610612761","Toronto Raptors",2017,"0021600490","20161229",5.6,16.85,FALSE
1627783,"Pascal Siakam","1610612761","Toronto Raptors",2017,"0021600490","20161229",0,5.35,FALSE
1627783,"Pascal Siakam","1610612761","Toronto Raptors",2017,"0021600512","20170101",8,10.75,FALSE
1627783,"Pascal Siakam","1610612761","Toronto Raptors",2017,"0021600512","20170101",-0.3,12.25,FALSE
1627783,"Pascal Siakam","1610612761","Toronto Raptors",2017,"0021600512","20170101",0.7,19.75,FALSE
1627783,"Pascal Siakam","1610612761","Toronto Raptors",2017,"0021600512","20170101",-6.3,15.65,TRUE
1627783,"Pascal Siakam","1610612761","Toronto Raptors",2017,"0021600525","20170103",-2,7.05,TRUE
1627783,"Pascal Siakam","1610612761","Toronto Raptors",2017,"0021600525","20170103",-1.4,5.55,FALSE
1627783,"Pascal Siakam","1610612761","Toronto Raptors",2017,"0021600525","20170103",-9.1,7.35,FALSE
1627783,"Pascal Siakam","1610612761","Toronto Raptors",2017,"0021600525","20170103",-13.3,15.25,FALSE
1627783,"Pascal Siakam","1610612761","Toronto Raptors",2017,"0021600537","20170105",0.1,4.65,FALSE
1627783,"Pascal Siakam","1610612761","Toronto Raptors",2017,"0021600537","20170105",-4.8,7.35,FALSE
1627783,"Pascal Siakam","1610612761","Toronto Raptors",2017,"0021600592","20170113",-2.2,5.15,FALSE
1627783,"Pascal Siakam","1610612761","Toronto Raptors",2017,"0021600606","20170115",-1,7.05,FALSE
1627783,"Pascal Siakam","1610612761","Toronto Raptors",2017,"0021600606","20170115",1.6,6.35,TRUE
1627783,"Pascal Siakam","1610612761","Toronto Raptors",2017,"0021600606","20170115",-2.2,5.95,TRUE
1627783,"Pascal Siakam","1610612761","Toronto Raptors",2017,"0021600622","20170117",-2.2,6.35,TRUE
1627783,"Pascal Siakam","1610612761","Toronto Raptors",2017,"0021600622","20170117",-1.9,7.35,FALSE
1627783,"Pascal Siakam","1610612761","Toronto Raptors",2017,"0021600622","20170117",-3,6.05,FALSE
1627783,"Pascal Siakam","1610612761","Toronto Raptors",2017,"0021600622","20170117",0.2,5.45,TRUE
1627783,"Pascal Siakam","1610612761","Toronto Raptors",2017,"0021600622","20170117",1.9,7.35,FALSE
1627783,"Pascal Siakam","1610612761","Toronto Raptors",2017,"0021600627","20170118",0.6,7.05,TRUE
1627783,"Pascal Siakam","1610612761","Toronto Raptors",2017,"0021600627","20170118",-15.1,6.35,FALSE
1627783,"Pascal Siakam","1610612761","Toronto Raptors",2017,"0021600642","20170120",-2.5,21.75,TRUE
1627783,"Pascal Siakam","1610612761","Toronto Raptors",2017,"0021600642","20170120",-1.5,5.25,FALSE
1627783,"Pascal Siakam","1610612761","Toronto Raptors",2017,"0021600698","20170127",2.7,7.55,FALSE
1627783,"Pascal Siakam","1610612761","Toronto Raptors",2017,"0021600698","20170127",-16.4,5.15,FALSE
1627783,"Pascal Siakam","1610612761","Toronto Raptors",2017,"0021600698","20170127",-0.1,9.05,TRUE
1627783,"Pascal Siakam","1610612761","Toronto Raptors",2017,"0021600698","20170127",0,5.35,TRUE
1627783,"Pascal Siakam","1610612761","Toronto Raptors",2017,"0021600715","20170129",1.6,5.95,TRUE
1627783,"Pascal Siakam","1610612761","Toronto Raptors",2017,"0021600715","20170129",-1.7,5.55,TRUE
1627783,"Pascal Siakam","1610612761","Toronto Raptors",2017,"0021600715","20170129",-2.7,5.45,FALSE
1627783,"Pascal Siakam","1610612761","Toronto Raptors",2017,"0021600725","20170131",10.7,21.15,TRUE
1627783,"Pascal Siakam","1610612761","Toronto Raptors",2017,"0021600725","20170131",5.3,17.65,FALSE
1627783,"Pascal Siakam","1610612761","Toronto Raptors",2017,"0021600725","20170131",-2.2,6.35,TRUE
1627783,"Pascal Siakam","1610612761","Toronto Raptors",2017,"0021600725","20170131",-1.4,5.95,FALSE
1627783,"Pascal Siakam","1610612761","Toronto Raptors",2017,"0021600746","20170203",0,5.35,TRUE
1627783,"Pascal Siakam","1610612761","Toronto Raptors",2017,"0021600746","20170203",-7.9,5.95,TRUE
1627783,"Pascal Siakam","1610612761","Toronto Raptors",2017,"0021600765","20170205",0.2,9.95,TRUE
1627783,"Pascal Siakam","1610612761","Toronto Raptors",2017,"0021600765","20170205",0,11.35,TRUE
1627783,"Pascal Siakam","1610612761","Toronto Raptors",2017,"0021600765","20170205",-4,8.35,FALSE
1627783,"Pascal Siakam","1610612761","Toronto Raptors",2017,"0021600765","20170205",-0.4,6.85,FALSE
1627783,"Pascal Siakam","1610612761","Toronto Raptors",2017,"0021600771","20170206",-15.5,7.05,TRUE
1627783,"Pascal Siakam","1610612761","Toronto Raptors",2017,"0021600771","20170206",-13.3,18.65,FALSE
1627783,"Pascal Siakam","1610612761","Toronto Raptors",2017,"0021600771","20170206",-17.4,6.05,FALSE
1627783,"Pascal Siakam","1610612761","Toronto Raptors",2017,"0021600771","20170206",-2.2,5.45,FALSE
1627783,"Pascal Siakam","1610612761","Toronto Raptors",2017,"0021600790","20170208",-11.7,6.55,TRUE
1627783,"Pascal Siakam","1610612761","Toronto Raptors",2017,"0021600790","20170208",1.7,10.85,FALSE
1627783,"Pascal Siakam","1610612761","Toronto Raptors",2017,"0021600831","20170214",0.9,9.35,TRUE
1627783,"Pascal Siakam","1610612761","Toronto Raptors",2017,"0021600831","20170214",2.4,5.95,FALSE
1627783,"Pascal Siakam","1610612761","Toronto Raptors",2017,"0021600979","20170311",-2.4,6.35,TRUE
1627783,"Pascal Siakam","1610612761","Toronto Raptors",2017,"0021600979","20170311",1.6,5.95,FALSE
1627783,"Pascal Siakam","1610612761","Toronto Raptors",2017,"0021600979","20170311",-6.4,6.85,TRUE
1627783,"Pascal Siakam","1610612761","Toronto Raptors",2017,"0021600979","20170311",-24.1,6.55,FALSE
1627783,"Pascal Siakam","1610612761","Toronto Raptors",2017,"0021600992","20170313",10.4,10.35,FALSE
1627783,"Pascal Siakam","1610612761","Toronto Raptors",2017,"0021601015","20170316",1.2,8.85,TRUE
1627783,"Pascal Siakam","1610612761","Toronto Raptors",2017,"0021601015","20170316",7.1,29.45,TRUE
1627783,"Pascal Siakam","1610612761","Toronto Raptors",2017,"0021601015","20170316",-1.7,9.85,TRUE
1627783,"Pascal Siakam","1610612761","Toronto Raptors",2017,"0021601097","20170327",-0.6,5.15,FALSE
1627783,"Pascal Siakam","1610612761","Toronto Raptors",2017,"0021601097","20170327",0.6,8.55,FALSE
1627783,"Pascal Siakam","1610612761","Toronto Raptors",2017,"0021601218","20170412",1.4,3.75,TRUE
1627783,"Pascal Siakam","1610612761","Toronto Raptors",2017,"0021601218","20170412",1.2,4.75,FALSE
1627783,"Pascal Siakam","1610612761","Toronto Raptors",2017,"0021601218","20170412",0.2,5.95,TRUE
1627783,"Pascal Siakam","1610612761","Toronto Raptors",2017,"0021601218","20170412",22.2,5.95,FALSE
1627783,"Pascal Siakam","1610612761","Toronto Raptors",2017,"0021601218","20170412",21.5,6.05,TRUE
1627783,"Pascal Siakam","1610612761","Toronto Raptors",2017,"0021601218","20170412",5.3,6.05,TRUE
1627783,"Pascal Siakam","1610612761","Toronto Raptors",2017,"0021601218","20170412",17.6,7.05,FALSE
1627783,"Pascal Siakam","1610612761","Toronto Raptors",2017,"0021601218","20170412",0.1,5.25,FALSE
1627783,"Pascal Siakam","1610612761","Toronto Raptors",2018,"0021700027","20171021",0.2,31.05,FALSE
1627783,"Pascal Siakam","1610612761","Toronto Raptors",2018,"0021700027","20171021",23.2,3.65,FALSE
1627783,"Pascal Siakam","1610612761","Toronto Raptors",2018,"0021700027","20171021",1,5.05,TRUE
1627783,"Pascal Siakam","1610612761","Toronto Raptors",2018,"0021700027","20171021",0.2,7.65,FALSE
1627783,"Pascal Siakam","1610612761","Toronto Raptors",2018,"0021700027","20171021",0,4.65,FALSE
1627783,"Pascal Siakam","1610612761","Toronto Raptors",2018,"0021700063","20171025",1.5,7.15,TRUE
1627783,"Pascal Siakam","1610612761","Toronto Raptors",2018,"0021700063","20171025",-22.9,3.75,FALSE
1627783,"Pascal Siakam","1610612761","Toronto Raptors",2018,"0021700063","20171025",2.4,10.35,FALSE
1627783,"Pascal Siakam","1610612761","Toronto Raptors",2018,"0021700063","20171025",-1.8,7.25,TRUE
1627783,"Pascal Siakam","1610612761","Toronto Raptors",2018,"0021700063","20171025",-0.5,7.45,TRUE
1627783,"Pascal Siakam","1610612761","Toronto Raptors",2018,"0021700063","20171025",-1.5,7.35,TRUE
1627783,"Pascal Siakam","1610612761","Toronto Raptors",2018,"0021700063","20171025",-1.4,8.55,TRUE
1627783,"Pascal Siakam","1610612761","Toronto Raptors",2018,"0021700063","20171025",-0.3,6.85,TRUE
1627783,"Pascal Siakam","1610612761","Toronto Raptors",2018,"0021700063","20171025",0,5.75,TRUE
1627783,"Pascal Siakam","1610612761","Toronto Raptors",2018,"0021700063","20171025",-7.8,30.05,TRUE
1627783,"Pascal Siakam","1610612761","Toronto Raptors",2018,"0021700063","20171025",-23.6,5.65,TRUE
1627783,"Pascal Siakam","1610612761","Toronto Raptors",2018,"0021700063","20171025",0.8,15.45,FALSE
1627783,"Pascal Siakam","1610612761","Toronto Raptors",2018,"0021700076","20171027",-4.4,29.65,TRUE
1627783,"Pascal Siakam","1610612761","Toronto Raptors",2018,"0021700076","20171027",-23.1,6.75,FALSE
1627783,"Pascal Siakam","1610612761","Toronto Raptors",2018,"0021700076","20171027",0.2,5.85,TRUE
1627783,"Pascal Siakam","1610612761","Toronto Raptors",2018,"0021700076","20171027",-14,25.65,FALSE
1627783,"Pascal Siakam","1610612761","Toronto Raptors",2018,"0021700076","20171027",0.7,13.15,TRUE
1627783,"Pascal Siakam","1610612761","Toronto Raptors",2018,"0021700076","20171027",-1.1,6.25,TRUE
1627783,"Pascal Siakam","1610612761","Toronto Raptors",2018,"0021700076","20171027",0.2,5.75,TRUE
1627783,"Pascal Siakam","1610612761","Toronto Raptors",2018,"0021700076","20171027",-0.6,5.65,TRUE
1627783,"Pascal Siakam","1610612761","Toronto Raptors",2018,"0021700076","20171027",-0.9,5.75,TRUE
1627783,"Pascal Siakam","1610612761","Toronto Raptors",2018,"0021700076","20171027",-0.6,7.35,TRUE
1627783,"Pascal Siakam","1610612761","Toronto Raptors",2018,"0021700099","20171030",-22.8,5.65,FALSE
1627783,"Pascal Siakam","1610612761","Toronto Raptors",2018,"0021700099","20171030",-7,9.05,FALSE
1627783,"Pascal Siakam","1610612761","Toronto Raptors",2018,"0021700099","20171030",0.9,5.15,TRUE
1627783,"Pascal Siakam","1610612761","Toronto Raptors",2018,"0021700099","20171030",0.1,8.85,TRUE
1627783,"Pascal Siakam","1610612761","Toronto Raptors",2018,"0021700099","20171030",-22.5,10.05,FALSE
1627783,"Pascal Siakam","1610612761","Toronto Raptors",2018,"0021700099","20171030",-5.2,7.25,TRUE
1627783,"Pascal Siakam","1610612761","Toronto Raptors",2018,"0021700114","20171101",-6.7,9.35,FALSE
1627783,"Pascal Siakam","1610612761","Toronto Raptors",2018,"0021700114","20171101",-0.9,7.25,FALSE
1627783,"Pascal Siakam","1610612761","Toronto Raptors",2018,"0021700114","20171101",-6.3,8.55,FALSE
1627783,"Pascal Siakam","1610612761","Toronto Raptors",2018,"0021700114","20171101",-2.6,7.35,FALSE
1627783,"Pascal Siakam","1610612761","Toronto Raptors",2018,"0021700114","20171101",-3.2,6.85,TRUE
1627783,"Pascal Siakam","1610612761","Toronto Raptors",2018,"0021700114","20171101",1.1,9.15,FALSE
1627783,"Pascal Siakam","1610612761","Toronto Raptors",2018,"0021700114","20171101",8.9,28.85,FALSE
1627783,"Pascal Siakam","1610612761","Toronto Raptors",2018,"0021700114","20171101",4.4,11.65,TRUE
1627783,"Pascal Siakam","1610612761","Toronto Raptors",2018,"0021700114","20171101",-0.5,7.35,TRUE
1627783,"Pascal Siakam","1610612761","Toronto Raptors",2018,"0021700114","20171101",23,6.05,TRUE
1627783,"Pascal Siakam","1610612761","Toronto Raptors",2018,"0021700128","20171103",8.7,8.75,TRUE
1627783,"Pascal Siakam","1610612761","Toronto Raptors",2018,"0021700128","20171103",-21.5,19.55,FALSE
1627783,"Pascal Siakam","1610612761","Toronto Raptors",2018,"0021700128","20171103",1.1,7.15,FALSE
1627783,"Pascal Siakam","1610612761","Toronto Raptors",2018,"0021700128","20171103",-1.1,11.45,TRUE
1627783,"Pascal Siakam","1610612761","Toronto Raptors",2018,"0021700128","20171103",12.7,27.35,FALSE
1627783,"Pascal Siakam","1610612761","Toronto Raptors",2018,"0021700128","20171103",-0.2,8.15,TRUE
1627783,"Pascal Siakam","1610612761","Toronto Raptors",2018,"0021700128","20171103",0.5,11.45,FALSE
1627783,"Pascal Siakam","1610612761","Toronto Raptors",2018,"0021700128","20171103",-1.6,6.35,TRUE
1627783,"Pascal Siakam","1610612761","Toronto Raptors",2018,"0021700128","20171103",13.6,26.85,FALSE
1627783,"Pascal Siakam","1610612761","Toronto Raptors",2018,"0021700139","20171105",5.5,8.35,FALSE
1627783,"Pascal Siakam","1610612761","Toronto Raptors",2018,"0021700139","20171105",1.1,5.75,TRUE
1627783,"Pascal Siakam","1610612761","Toronto Raptors",2018,"0021700139","20171105",-22.9,6.05,TRUE
1627783,"Pascal Siakam","1610612761","Toronto Raptors",2018,"0021700139","20171105",0.2,5.05,TRUE
1627783,"Pascal Siakam","1610612761","Toronto Raptors",2018,"0021700153","20171107",23.5,5.15,FALSE
1627783,"Pascal Siakam","1610612761","Toronto Raptors",2018,"0021700153","20171107",2.9,4.75,FALSE
1627783,"Pascal Siakam","1610612761","Toronto Raptors",2018,"0021700153","20171107",-1.5,5.45,TRUE
1627783,"Pascal Siakam","1610612761","Toronto Raptors",2018,"0021700153","20171107",-2.7,6.55,TRUE
1627783,"Pascal Siakam","1610612761","Toronto Raptors",2018,"0021700165","20171109",4.3,5.05,TRUE
1627783,"Pascal Siakam","1610612761","Toronto Raptors",2018,"0021700165","20171109",-4.9,10.55,FALSE
1627783,"Pascal Siakam","1610612761","Toronto Raptors",2018,"0021700188","20171112",0.9,6.25,TRUE
1627783,"Pascal Siakam","1610612761","Toronto Raptors",2018,"0021700188","20171112",7.6,31.55,FALSE
1627783,"Pascal Siakam","1610612761","Toronto Raptors",2018,"0021700188","20171112",-22.8,8.65,TRUE
1627783,"Pascal Siakam","1610612761","Toronto Raptors",2018,"0021700188","20171112",-2.6,29.55,TRUE
1627783,"Pascal Siakam","1610612761","Toronto Raptors",2018,"0021700188","20171112",1.3,11.65,FALSE
1627783,"Pascal Siakam","1610612761","Toronto Raptors",2018,"0021700202","20171114",23.4,4.55,FALSE
1627783,"Pascal Siakam","1610612761","Toronto Raptors",2018,"0021700202","20171114",0.3,5.35,TRUE
1627783,"Pascal Siakam","1610612761","Toronto Raptors",2018,"0021700211","20171115",-0.5,6.35,TRUE
1627783,"Pascal Siakam","1610612761","Toronto Raptors",2018,"0021700211","20171115",-23.6,6.15,FALSE
1627783,"Pascal Siakam","1610612761","Toronto Raptors",2018,"0021700211","20171115",-0.1,11.45,TRUE
1627783,"Pascal Siakam","1610612761","Toronto Raptors",2018,"0021700211","20171115",-2.5,4.75,TRUE
1627783,"Pascal Siakam","1610612761","Toronto Raptors",2018,"0021700211","20171115",-1.7,5.75,TRUE
1627783,"Pascal Siakam","1610612761","Toronto Raptors",2018,"0021700211","20171115",0.2,6.85,TRUE
1627783,"Pascal Siakam","1610612761","Toronto Raptors",2018,"0021700211","20171115",23.4,5.05,FALSE
1627783,"Pascal Siakam","1610612761","Toronto Raptors",2018,"0021700211","20171115",21.4,17.95,FALSE
1627783,"Pascal Siakam","1610612761","Toronto Raptors",2018,"0021700211","20171115",-1.8,7.25,FALSE
1627783,"Pascal Siakam","1610612761","Toronto Raptors",2018,"0021700221","20171117",-17.9,24.35,FALSE
1627783,"Pascal Siakam","1610612761","Toronto Raptors",2018,"0021700221","20171117",-1.5,5.65,TRUE
1627783,"Pascal Siakam","1610612761","Toronto Raptors",2018,"0021700221","20171117",-0.5,4.95,TRUE
1627783,"Pascal Siakam","1610612761","Toronto Raptors",2018,"0021700221","20171117",0.3,5.25,TRUE
1627783,"Pascal Siakam","1610612761","Toronto Raptors",2018,"0021700221","20171117",13.7,27.05,FALSE
1627783,"Pascal Siakam","1610612761","Toronto Raptors",2018,"0021700221","20171117",1.8,6.45,TRUE
1627783,"Pascal Siakam","1610612761","Toronto Raptors",2018,"0021700221","20171117",22.3,4.25,FALSE
1627783,"Pascal Siakam","1610612761","Toronto Raptors",2018,"0021700221","20171117",-22.4,4.65,FALSE
1627783,"Pascal Siakam","1610612761","Toronto Raptors",2018,"0021700221","20171117",-23.2,5.15,FALSE
1627783,"Pascal Siakam","1610612761","Toronto Raptors",2018,"0021700221","20171117",0,12.15,TRUE
1627783,"Pascal Siakam","1610612761","Toronto Raptors",2018,"0021700221","20171117",1,5.35,TRUE
1627783,"Pascal Siakam","1610612761","Toronto Raptors",2018,"0021700237","20171119",0,11.25,FALSE
1627783,"Pascal Siakam","1610612761","Toronto Raptors",2018,"0021700237","20171119",-0.9,4.35,FALSE
1627783,"Pascal Siakam","1610612761","Toronto Raptors",2018,"0021700237","20171119",0,4.65,TRUE
1627783,"Pascal Siakam","1610612761","Toronto Raptors",2018,"0021700237","20171119",-3.5,5.35,TRUE
1627783,"Pascal Siakam","1610612761","Toronto Raptors",2018,"0021700237","20171119",-22.5,5.15,FALSE
1627783,"Pascal Siakam","1610612761","Toronto Raptors",2018,"0021700258","20171122",0.8,6.35,TRUE
1627783,"Pascal Siakam","1610612761","Toronto Raptors",2018,"0021700258","20171122",23,4.75,FALSE
1627783,"Pascal Siakam","1610612761","Toronto Raptors",2018,"0021700258","20171122",-1.3,9.45,FALSE
1627783,"Pascal Siakam","1610612761","Toronto Raptors",2018,"0021700258","20171122",3.5,11.25,TRUE
1627783,"Pascal Siakam","1610612761","Toronto Raptors",2018,"0021700258","20171122",0,8.15,FALSE
1627783,"Pascal Siakam","1610612761","Toronto Raptors",2018,"0021700258","20171122",1.8,8.05,TRUE
1627783,"Pascal Siakam","1610612761","Toronto Raptors",2018,"0021700258","20171122",-0.2,5.85,TRUE
1627783,"Pascal Siakam","1610612761","Toronto Raptors",2018,"0021700258","20171122",-0.6,6.35,FALSE
1627783,"Pascal Siakam","1610612761","Toronto Raptors",2018,"0021700271","20171124",22.6,5.75,FALSE
1627783,"Pascal Siakam","1610612761","Toronto Raptors",2018,"0021700271","20171124",-0.2,6.55,TRUE
1627783,"Pascal Siakam","1610612761","Toronto Raptors",2018,"0021700271","20171124",0.3,31.55,FALSE
1627783,"Pascal Siakam","1610612761","Toronto Raptors",2018,"0021700271","20171124",0,4.65,FALSE
1627783,"Pascal Siakam","1610612761","Toronto Raptors",2018,"0021700271","20171124",23,7.55,TRUE
1627783,"Pascal Siakam","1610612761","Toronto Raptors",2018,"0021700271","20171124",22.3,8.35,FALSE
1627783,"Pascal Siakam","1610612761","Toronto Raptors",2018,"0021700280","20171125",-8.2,7.85,TRUE
1627783,"Pascal Siakam","1610612761","Toronto Raptors",2018,"0021700280","20171125",0.7,6.45,TRUE
1627783,"Pascal Siakam","1610612761","Toronto Raptors",2018,"0021700280","20171125",22.6,6.55,FALSE
1627783,"Pascal Siakam","1610612761","Toronto Raptors",2018,"0021700280","20171125",2,29.95,TRUE
1627783,"Pascal Siakam","1610612761","Toronto Raptors",2018,"0021700280","20171125",0.8,6.75,TRUE
1627783,"Pascal Siakam","1610612761","Toronto Raptors",2018,"0021700280","20171125",0.7,17.05,TRUE
1627783,"Pascal Siakam","1610612761","Toronto Raptors",2018,"0021700280","20171125",0.7,6.85,TRUE
1627783,"Pascal Siakam","1610612761","Toronto Raptors",2018,"0021700280","20171125",-22.6,9.85,FALSE
1627783,"Pascal Siakam","1610612761","Toronto Raptors",2018,"0021700280","20171125",-3.8,30.75,FALSE
1627783,"Pascal Siakam","1610612761","Toronto Raptors",2018,"0021700307","20171129",2,7.05,TRUE
1627783,"Pascal Siakam","1610612761","Toronto Raptors",2018,"0021700307","20171129",-5.5,12.05,FALSE
1627783,"Pascal Siakam","1610612761","Toronto Raptors",2018,"0021700307","20171129",1.3,6.65,TRUE
1627783,"Pascal Siakam","1610612761","Toronto Raptors",2018,"0021700307","20171129",12.3,27.25,FALSE
1627783,"Pascal Siakam","1610612761","Toronto Raptors",2018,"0021700319","20171201",-8.7,7.05,FALSE
1627783,"Pascal Siakam","1610612761","Toronto Raptors",2018,"0021700319","20171201",22.9,5.45,FALSE
1627783,"Pascal Siakam","1610612761","Toronto Raptors",2018,"0021700319","20171201",0.1,10.75,FALSE
1627783,"Pascal Siakam","1610612761","Toronto Raptors",2018,"0021700319","20171201",1.2,6.05,TRUE
1627783,"Pascal Siakam","1610612761","Toronto Raptors",2018,"0021700319","20171201",-0.8,6.45,TRUE
1627783,"Pascal Siakam","1610612761","Toronto Raptors",2018,"0021700319","20171201",-2.8,53.95,FALSE
1627783,"Pascal Siakam","1610612761","Toronto Raptors",2018,"0021700319","20171201",23,2.75,FALSE
1627783,"Pascal Siakam","1610612761","Toronto Raptors",2018,"0021700350","20171205",-5.2,8.25,FALSE
1627783,"Pascal Siakam","1610612761","Toronto Raptors",2018,"0021700350","20171205",-3.6,7.95,FALSE
1627783,"Pascal Siakam","1610612761","Toronto Raptors",2018,"0021700350","20171205",22.6,3.75,FALSE
1627783,"Pascal Siakam","1610612761","Toronto Raptors",2018,"0021700350","20171205",1.7,7.75,TRUE
1627783,"Pascal Siakam","1610612761","Toronto Raptors",2018,"0021700371","20171208",0.2,6.45,TRUE
1627783,"Pascal Siakam","1610612761","Toronto Raptors",2018,"0021700371","20171208",0,4.65,TRUE
1627783,"Pascal Siakam","1610612761","Toronto Raptors",2018,"0021700371","20171208",-1,10.55,FALSE
1627783,"Pascal Siakam","1610612761","Toronto Raptors",2018,"0021700371","20171208",-23,5.15,FALSE
1627783,"Pascal Siakam","1610612761","Toronto Raptors",2018,"0021700371","20171208",0.4,5.75,TRUE
1627783,"Pascal Siakam","1610612761","Toronto Raptors",2018,"0021700371","20171208",0.2,6.35,TRUE
1627783,"Pascal Siakam","1610612761","Toronto Raptors",2018,"0021700385","20171210",-0.8,6.35,TRUE
1627783,"Pascal Siakam","1610612761","Toronto Raptors",2018,"0021700385","20171210",13.4,20.65,FALSE
1627783,"Pascal Siakam","1610612761","Toronto Raptors",2018,"0021700385","20171210",-0.2,11.05,FALSE
1627783,"Pascal Siakam","1610612761","Toronto Raptors",2018,"0021700385","20171210",-11.2,27.35,FALSE
1627783,"Pascal Siakam","1610612761","Toronto Raptors",2018,"0021700385","20171210",23.1,7.95,FALSE
1627783,"Pascal Siakam","1610612761","Toronto Raptors",2018,"0021700385","20171210",-2.2,6.85,FALSE
1627783,"Pascal Siakam","1610612761","Toronto Raptors",2018,"0021700385","20171210",-1.7,9.35,FALSE
1627783,"Pascal Siakam","1610612761","Toronto Raptors",2018,"0021700396","20171211",10.7,28.05,FALSE
1627783,"Pascal Siakam","1610612761","Toronto Raptors",2018,"0021700411","20171213",-0.2,6.35,TRUE
1627783,"Pascal Siakam","1610612761","Toronto Raptors",2018,"0021700411","20171213",0.2,31.55,FALSE
1627783,"Pascal Siakam","1610612761","Toronto Raptors",2018,"0021700424","20171215",-24,5.15,FALSE
1627783,"Pascal Siakam","1610612761","Toronto Raptors",2018,"0021700424","20171215",9.5,28.25,FALSE
1627783,"Pascal Siakam","1610612761","Toronto Raptors",2018,"0021700424","20171215",-9.8,29.15,FALSE
1627783,"Pascal Siakam","1610612761","Toronto Raptors",2018,"0021700424","20171215",0,5.45,TRUE
1627783,"Pascal Siakam","1610612761","Toronto Raptors",2018,"0021700424","20171215",-0.6,7.25,FALSE
1627783,"Pascal Siakam","1610612761","Toronto Raptors",2018,"0021700424","20171215",19.3,24.05,FALSE
1627783,"Pascal Siakam","1610612761","Toronto Raptors",2018,"0021700424","20171215",-0.8,6.55,TRUE
1627783,"Pascal Siakam","1610612761","Toronto Raptors",2018,"0021700424","20171215",-0.3,9.05,TRUE
1627783,"Pascal Siakam","1610612761","Toronto Raptors",2018,"0021700424","20171215",23.1,5.95,FALSE
1627783,"Pascal Siakam","1610612761","Toronto Raptors",2018,"0021700437","20171217",1.1,5.95,TRUE
1627783,"Pascal Siakam","1610612761","Toronto Raptors",2018,"0021700437","20171217",-2.6,6.05,FALSE
1627783,"Pascal Siakam","1610612761","Toronto Raptors",2018,"0021700437","20171217",9.9,6.95,FALSE
1627783,"Pascal Siakam","1610612761","Toronto Raptors",2018,"0021700437","20171217",23.5,7.35,FALSE
1627783,"Pascal Siakam","1610612761","Toronto Raptors",2018,"0021700437","20171217",3.4,16.85,FALSE
1627783,"Pascal Siakam","1610612761","Toronto Raptors",2018,"0021700437","20171217",-1.8,6.35,FALSE
1627783,"Pascal Siakam","1610612761","Toronto Raptors",2018,"0021700437","20171217",0,4.65,FALSE
1627783,"Pascal Siakam","1610612761","Toronto Raptors",2018,"0021700437","20171217",0,4.65,FALSE
1627783,"Pascal Siakam","1610612761","Toronto Raptors",2018,"0021700437","20171217",9.8,29.55,FALSE
1627783,"Pascal Siakam","1610612761","Toronto Raptors",2018,"0021700454","20171220",-1.9,6.75,TRUE
1627783,"Pascal Siakam","1610612761","Toronto Raptors",2018,"0021700454","20171220",-22.8,8.15,FALSE
1627783,"Pascal Siakam","1610612761","Toronto Raptors",2018,"0021700454","20171220",0.5,6.55,FALSE
1627783,"Pascal Siakam","1610612761","Toronto Raptors",2018,"0021700454","20171220",-0.3,7.25,TRUE
1627783,"Pascal Siakam","1610612761","Toronto Raptors",2018,"0021700454","20171220",1.1,9.65,TRUE
1627783,"Pascal Siakam","1610612761","Toronto Raptors",2018,"0021700454","20171220",0.5,6.85,TRUE
1627783,"Pascal Siakam","1610612761","Toronto Raptors",2018,"0021700454","20171220",-1.9,7.05,FALSE
1627783,"Pascal Siakam","1610612761","Toronto Raptors",2018,"0021700454","20171220",0.2,9.15,FALSE
1627783,"Pascal Siakam","1610612761","Toronto Raptors",2018,"0021700467","20171221",20.6,22.05,FALSE
1627783,"Pascal Siakam","1610612761","Toronto Raptors",2018,"0021700467","20171221",23,17.35,FALSE
1627783,"Pascal Siakam","1610612761","Toronto Raptors",2018,"0021700467","20171221",23.2,8.95,FALSE
1627783,"Pascal Siakam","1610612761","Toronto Raptors",2018,"0021700467","20171221",0,4.65,TRUE
1627783,"Pascal Siakam","1610612761","Toronto Raptors",2018,"0021700480","20171223",-1.4,4.85,FALSE
1627783,"Pascal Siakam","1610612761","Toronto Raptors",2018,"0021700480","20171223",-7.8,29.65,FALSE
1627783,"Pascal Siakam","1610612761","Toronto Raptors",2018,"0021700480","20171223",22.6,5.15,FALSE
1627783,"Pascal Siakam","1610612761","Toronto Raptors",2018,"0021700480","20171223",-1.8,5.75,FALSE
1627783,"Pascal Siakam","1610612761","Toronto Raptors",2018,"0021700480","20171223",3.2,4.95,TRUE
1627783,"Pascal Siakam","1610612761","Toronto Raptors",2018,"0021700480","20171223",-4,9.35,FALSE
1627783,"Pascal Siakam","1610612761","Toronto Raptors",2018,"0021700480","20171223",-1.9,4.95,FALSE
1627783,"Pascal Siakam","1610612761","Toronto Raptors",2018,"0021700480","20171223",2.4,5.45,TRUE
1627783,"Pascal Siakam","1610612761","Toronto Raptors",2018,"0021700499","20171226",1.4,6.15,FALSE
1627783,"Pascal Siakam","1610612761","Toronto Raptors",2018,"0021700499","20171226",-0.3,5.75,TRUE
1627783,"Pascal Siakam","1610612761","Toronto Raptors",2018,"0021700499","20171226",0.4,6.55,FALSE
1627783,"Pascal Siakam","1610612761","Toronto Raptors",2018,"0021700499","20171226",-7.3,10.65,FALSE
1627783,"Pascal Siakam","1610612761","Toronto Raptors",2018,"0021700499","20171226",0.7,6.85,TRUE
1627783,"Pascal Siakam","1610612761","Toronto Raptors",2018,"0021700499","20171226",23.2,9.55,FALSE
1627783,"Pascal Siakam","1610612761","Toronto Raptors",2018,"0021700512","20171227",1.1,5.95,TRUE
1627783,"Pascal Siakam","1610612761","Toronto Raptors",2018,"0021700512","20171227",0.2,9.65,FALSE
1627783,"Pascal Siakam","1610612761","Toronto Raptors",2018,"0021700512","20171227",-23.1,7.35,FALSE
1627783,"Pascal Siakam","1610612761","Toronto Raptors",2018,"0021700522","20171229",-11.4,29.45,TRUE
1627783,"Pascal Siakam","1610612761","Toronto Raptors",2018,"0021700522","20171229",-0.7,4.25,TRUE
1627783,"Pascal Siakam","1610612761","Toronto Raptors",2018,"0021700522","20171229",22.8,10.95,FALSE
1627783,"Pascal Siakam","1610612761","Toronto Raptors",2018,"0021700522","20171229",-2.2,5.75,FALSE
1627783,"Pascal Siakam","1610612761","Toronto Raptors",2018,"0021700522","20171229",2.4,5.25,FALSE
1627783,"Pascal Siakam","1610612761","Toronto Raptors",2018,"0021700522","20171229",1.9,6.05,FALSE
1627783,"Pascal Siakam","1610612761","Toronto Raptors",2018,"0021700522","20171229",-7.1,30.35,FALSE
1627783,"Pascal Siakam","1610612761","Toronto Raptors",2018,"0021700546","20180101",0.5,5.95,TRUE
1627783,"Pascal Siakam","1610612761","Toronto Raptors",2018,"0021700546","20180101",-13.1,8.65,FALSE
1627783,"Pascal Siakam","1610612761","Toronto Raptors",2018,"0021700546","20180101",-2.3,6.35,TRUE
1627783,"Pascal Siakam","1610612761","Toronto Raptors",2018,"0021700560","20180103",-3.8,7.55,FALSE
1627783,"Pascal Siakam","1610612761","Toronto Raptors",2018,"0021700560","20180103",-0.8,7.85,TRUE
1627783,"Pascal Siakam","1610612761","Toronto Raptors",2018,"0021700560","20180103",2.4,6.85,TRUE
1627783,"Pascal Siakam","1610612761","Toronto Raptors",2018,"0021700560","20180103",-23.1,7.25,FALSE
1627783,"Pascal Siakam","1610612761","Toronto Raptors",2018,"0021700571","20180105",0,4.65,TRUE
1627783,"Pascal Siakam","1610612761","Toronto Raptors",2018,"0021700571","20180105",-0.8,6.45,TRUE
1627783,"Pascal Siakam","1610612761","Toronto Raptors",2018,"0021700571","20180105",0.2,5.75,TRUE
1627783,"Pascal Siakam","1610612761","Toronto Raptors",2018,"0021700571","20180105",15,30.55,FALSE
1627783,"Pascal Siakam","1610612761","Toronto Raptors",2018,"0021700592","20180108",-18.7,20.25,FALSE
1627783,"Pascal Siakam","1610612761","Toronto Raptors",2018,"0021700592","20180108",-6.8,29.15,FALSE
1627783,"Pascal Siakam","1610612761","Toronto Raptors",2018,"0021700592","20180108",-22.5,5.15,FALSE
1627783,"Pascal Siakam","1610612761","Toronto Raptors",2018,"0021700592","20180108",-0.9,30.45,TRUE
1627783,"Pascal Siakam","1610612761","Toronto Raptors",2018,"0021700592","20180108",-17.2,22.75,FALSE
1627783,"Pascal Siakam","1610612761","Toronto Raptors",2018,"0021700592","20180108",22.8,6.35,FALSE
1627783,"Pascal Siakam","1610612761","Toronto Raptors",2018,"0021700592","20180108",0,4.65,TRUE
1627783,"Pascal Siakam","1610612761","Toronto Raptors",2018,"0021700599","20180109",0.8,8.85,FALSE
1627783,"Pascal Siakam","1610612761","Toronto Raptors",2018,"0021700599","20180109",-1.8,6.25,FALSE
1627783,"Pascal Siakam","1610612761","Toronto Raptors",2018,"0021700599","20180109",2.4,5.55,FALSE
1627783,"Pascal Siakam","1610612761","Toronto Raptors",2018,"0021700599","20180109",0.3,6.15,TRUE
1627783,"Pascal Siakam","1610612761","Toronto Raptors",2018,"0021700615","20180111",0,4.65,TRUE
1627783,"Pascal Siakam","1610612761","Toronto Raptors",2018,"0021700615","20180111",22.5,6.25,FALSE
1627783,"Pascal Siakam","1610612761","Toronto Raptors",2018,"0021700615","20180111",1.9,7.45,TRUE
1627783,"Pascal Siakam","1610612761","Toronto Raptors",2018,"0021700615","20180111",-0.4,6.25,TRUE
1627783,"Pascal Siakam","1610612761","Toronto Raptors",2018,"0021700615","20180111",1.1,11.15,TRUE
1627783,"Pascal Siakam","1610612761","Toronto Raptors",2018,"0021700615","20180111",0.2,6.75,TRUE
1627783,"Pascal Siakam","1610612761","Toronto Raptors",2018,"0021700615","20180111",-14.7,25.35,FALSE
1627783,"Pascal Siakam","1610612761","Toronto Raptors",2018,"0021700615","20180111",-1.8,6.75,TRUE
1627783,"Pascal Siakam","1610612761","Toronto Raptors",2018,"0021700615","20180111",20.4,17.65,FALSE
1627783,"Pascal Siakam","1610612761","Toronto Raptors",2018,"0021700615","20180111",0.9,6.75,TRUE
1627783,"Pascal Siakam","1610612761","Toronto Raptors",2018,"0021700631","20180113",0.2,9.15,FALSE
1627783,"Pascal Siakam","1610612761","Toronto Raptors",2018,"0021700631","20180113",-1.3,7.35,TRUE
1627783,"Pascal Siakam","1610612761","Toronto Raptors",2018,"0021700631","20180113",0.3,5.75,TRUE
1627783,"Pascal Siakam","1610612761","Toronto Raptors",2018,"0021700631","20180113",0,4.65,TRUE
1627783,"Pascal Siakam","1610612761","Toronto Raptors",2018,"0021700639","20180115",5.6,13.05,FALSE
1627783,"Pascal Siakam","1610612761","Toronto Raptors",2018,"0021700639","20180115",-2.2,6.05,TRUE
1627783,"Pascal Siakam","1610612761","Toronto Raptors",2018,"0021700639","20180115",-1.3,6.85,TRUE
1627783,"Pascal Siakam","1610612761","Toronto Raptors",2018,"0021700639","20180115",-23.1,11.35,TRUE
1627783,"Pascal Siakam","1610612761","Toronto Raptors",2018,"0021700639","20180115",1,11.35,TRUE
1627783,"Pascal Siakam","1610612761","Toronto Raptors",2018,"0021700639","20180115",12.8,26.75,FALSE
1627783,"Pascal Siakam","1610612761","Toronto Raptors",2018,"0021700639","20180115",-1.7,10.05,TRUE
1627783,"Pascal Siakam","1610612761","Toronto Raptors",2018,"0021700639","20180115",24.5,4.85,FALSE
1627783,"Pascal Siakam","1610612761","Toronto Raptors",2018,"0021700656","20180117",-1.8,4.95,TRUE
1627783,"Pascal Siakam","1610612761","Toronto Raptors",2018,"0021700656","20180117",-0.1,14.25,TRUE
1627783,"Pascal Siakam","1610612761","Toronto Raptors",2018,"0021700667","20180119",12.4,28.15,TRUE
1627783,"Pascal Siakam","1610612761","Toronto Raptors",2018,"0021700667","20180119",2,7.25,FALSE
1627783,"Pascal Siakam","1610612761","Toronto Raptors",2018,"0021700667","20180119",-2.5,7.05,FALSE
1627783,"Pascal Siakam","1610612761","Toronto Raptors",2018,"0021700667","20180119",-2.5,31.95,TRUE
1627783,"Pascal Siakam","1610612761","Toronto Raptors",2018,"0021700667","20180119",14.8,26.65,FALSE
1627783,"Pascal Siakam","1610612761","Toronto Raptors",2018,"0021700667","20180119",13.8,27.95,FALSE
1627783,"Pascal Siakam","1610612761","Toronto Raptors",2018,"0021700680","20180120",21.7,17.75,FALSE
1627783,"Pascal Siakam","1610612761","Toronto Raptors",2018,"0021700680","20180120",0.8,30.35,FALSE
1627783,"Pascal Siakam","1610612761","Toronto Raptors",2018,"0021700680","20180120",-0.9,6.95,FALSE
1627783,"Pascal Siakam","1610612761","Toronto Raptors",2018,"0021700705","20180124",4,12.25,TRUE
1627783,"Pascal Siakam","1610612761","Toronto Raptors",2018,"0021700705","20180124",-2,8.45,TRUE
1627783,"Pascal Siakam","1610612761","Toronto Raptors",2018,"0021700705","20180124",15.2,24.55,FALSE
1627783,"Pascal Siakam","1610612761","Toronto Raptors",2018,"0021700705","20180124",1.3,16.85,TRUE
1627783,"Pascal Siakam","1610612761","Toronto Raptors",2018,"0021700705","20180124",-22.9,7.85,FALSE
1627783,"Pascal Siakam","1610612761","Toronto Raptors",2018,"0021700716","20180126",-1.4,11.35,TRUE
1627783,"Pascal Siakam","1610612761","Toronto Raptors",2018,"0021700716","20180126",19.1,24.95,FALSE
1627783,"Pascal Siakam","1610612761","Toronto Raptors",2018,"0021700716","20180126",1.8,7.35,FALSE
1627783,"Pascal Siakam","1610612761","Toronto Raptors",2018,"0021700716","20180126",-0.4,5.75,TRUE
1627783,"Pascal Siakam","1610612761","Toronto Raptors",2018,"0021700735","20180128",15.5,25.95,TRUE
1627783,"Pascal Siakam","1610612761","Toronto Raptors",2018,"0021700735","20180128",1.1,6.55,TRUE
1627783,"Pascal Siakam","1610612761","Toronto Raptors",2018,"0021700735","20180128",2.9,14.05,FALSE
1627783,"Pascal Siakam","1610612761","Toronto Raptors",2018,"0021700735","20180128",-2.5,10.75,TRUE
1627783,"Pascal Siakam","1610612761","Toronto Raptors",2018,"0021700735","20180128",-2.4,8.95,FALSE
1627783,"Pascal Siakam","1610612761","Toronto Raptors",2018,"0021700746","20180130",-0.4,6.75,FALSE
1627783,"Pascal Siakam","1610612761","Toronto Raptors",2018,"0021700746","20180130",2.2,8.05,TRUE
1627783,"Pascal Siakam","1610612761","Toronto Raptors",2018,"0021700746","20180130",-1.7,8.25,FALSE
1627783,"Pascal Siakam","1610612761","Toronto Raptors",2018,"0021700762","20180201",4.7,10.55,TRUE
1627783,"Pascal Siakam","1610612761","Toronto Raptors",2018,"0021700762","20180201",3.2,14.05,FALSE
1627783,"Pascal Siakam","1610612761","Toronto Raptors",2018,"0021700762","20180201",-5.5,8.85,FALSE
1627783,"Pascal Siakam","1610612761","Toronto Raptors",2018,"0021700762","20180201",1.7,7.55,TRUE
1627783,"Pascal Siakam","1610612761","Toronto Raptors",2018,"0021700769","20180202",-1.9,18.25,TRUE
1627783,"Pascal Siakam","1610612761","Toronto Raptors",2018,"0021700769","20180202",-1.1,31.65,FALSE
1627783,"Pascal Siakam","1610612761","Toronto Raptors",2018,"0021700769","20180202",-3.8,16.65,FALSE
1627783,"Pascal Siakam","1610612761","Toronto Raptors",2018,"0021700769","20180202",23.7,4.85,FALSE
1627783,"Pascal Siakam","1610612761","Toronto Raptors",2018,"0021700769","20180202",0,4.65,TRUE
1627783,"Pascal Siakam","1610612761","Toronto Raptors",2018,"0021700769","20180202",0,4.65,FALSE
1627783,"Pascal Siakam","1610612761","Toronto Raptors",2018,"0021700769","20180202",0,4.65,TRUE
1627783,"Pascal Siakam","1610612761","Toronto Raptors",2018,"0021700769","20180202",22.4,5.85,TRUE
1627783,"Pascal Siakam","1610612761","Toronto Raptors",2018,"0021700787","20180204",2.9,5.75,FALSE
1627783,"Pascal Siakam","1610612761","Toronto Raptors",2018,"0021700787","20180204",0.2,5.75,TRUE
1627783,"Pascal Siakam","1610612761","Toronto Raptors",2018,"0021700787","20180204",-19.5,24.15,FALSE
1627783,"Pascal Siakam","1610612761","Toronto Raptors",2018,"0021700787","20180204",-2,5.85,TRUE
1627783,"Pascal Siakam","1610612761","Toronto Raptors",2018,"0021700787","20180204",-1.4,7.35,FALSE
1627783,"Pascal Siakam","1610612761","Toronto Raptors",2018,"0021700787","20180204",15.7,24.45,FALSE
1627783,"Pascal Siakam","1610612761","Toronto Raptors",2018,"0021700787","20180204",1.1,5.05,TRUE
1627783,"Pascal Siakam","1610612761","Toronto Raptors",2018,"0021700787","20180204",-1.7,5.85,TRUE
1627783,"Pascal Siakam","1610612761","Toronto Raptors",2018,"0021700787","20180204",-15.4,26.85,FALSE
1627783,"Pascal Siakam","1610612761","Toronto Raptors",2018,"0021700798","20180206",-0.1,7.75,TRUE
1627783,"Pascal Siakam","1610612761","Toronto Raptors",2018,"0021700798","20180206",-0.2,4.15,TRUE
1627783,"Pascal Siakam","1610612761","Toronto Raptors",2018,"0021700798","20180206",-22.2,6.25,FALSE
1627783,"Pascal Siakam","1610612761","Toronto Raptors",2018,"0021700798","20180206",0.3,6.35,TRUE
1627783,"Pascal Siakam","1610612761","Toronto Raptors",2018,"0021700812","20180208",-1.1,6.05,TRUE
1627783,"Pascal Siakam","1610612761","Toronto Raptors",2018,"0021700812","20180208",2.9,15.15,TRUE
1627783,"Pascal Siakam","1610612761","Toronto Raptors",2018,"0021700812","20180208",-2.7,8.85,TRUE
1627783,"Pascal Siakam","1610612761","Toronto Raptors",2018,"0021700812","20180208",0.8,5.85,TRUE
1627783,"Pascal Siakam","1610612761","Toronto Raptors",2018,"0021700812","20180208",1,7.85,FALSE
1627783,"Pascal Siakam","1610612761","Toronto Raptors",2018,"0021700812","20180208",22.7,5.15,TRUE
1627783,"Pascal Siakam","1610612761","Toronto Raptors",2018,"0021700812","20180208",18.8,13.25,FALSE
1627783,"Pascal Siakam","1610612761","Toronto Raptors",2018,"0021700812","20180208",1,8.15,TRUE
1627783,"Pascal Siakam","1610612761","Toronto Raptors",2018,"0021700812","20180208",-7.8,30.35,FALSE
1627783,"Pascal Siakam","1610612761","Toronto Raptors",2018,"0021700833","20180211",-0.5,6.55,TRUE
1627783,"Pascal Siakam","1610612761","Toronto Raptors",2018,"0021700833","20180211",-4.9,9.75,FALSE
1627783,"Pascal Siakam","1610612761","Toronto Raptors",2018,"0021700833","20180211",-0.9,6.55,TRUE
1627783,"Pascal Siakam","1610612761","Toronto Raptors",2018,"0021700833","20180211",23.1,12.85,TRUE
1627783,"Pascal Siakam","1610612761","Toronto Raptors",2018,"0021700833","20180211",-1.5,7.05,TRUE
1627783,"Pascal Siakam","1610612761","Toronto Raptors",2018,"0021700847","20180213",-2.2,6.45,TRUE
1627783,"Pascal Siakam","1610612761","Toronto Raptors",2018,"0021700847","20180213",1.4,6.05,FALSE
1627783,"Pascal Siakam","1610612761","Toronto Raptors",2018,"0021700847","20180213",-1.1,6.75,FALSE
1627783,"Pascal Siakam","1610612761","Toronto Raptors",2018,"0021700847","20180213",-1.7,6.75,FALSE
1627783,"Pascal Siakam","1610612761","Toronto Raptors",2018,"0021700847","20180213",-1.2,6.15,FALSE
1627783,"Pascal Siakam","1610612761","Toronto Raptors",2018,"0021700847","20180213",-0.2,11.95,FALSE
1627783,"Pascal Siakam","1610612761","Toronto Raptors",2018,"0021700847","20180213",1.9,5.25,TRUE
1627783,"Pascal Siakam","1610612761","Toronto Raptors",2018,"0021700847","20180213",22.3,5.15,FALSE
1627783,"Pascal Siakam","1610612761","Toronto Raptors",2018,"0021700859","20180214",0.3,7.45,TRUE
1627783,"Pascal Siakam","1610612761","Toronto Raptors",2018,"0021700859","20180214",1.6,6.25,TRUE
1627783,"Pascal Siakam","1610612761","Toronto Raptors",2018,"0021700859","20180214",0,4.65,TRUE
1627783,"Pascal Siakam","1610612761","Toronto Raptors",2018,"0021700859","20180214",-23.3,4.25,TRUE
1627783,"Pascal Siakam","1610612761","Toronto Raptors",2018,"0021700859","20180214",-0.9,6.45,TRUE
1627783,"Pascal Siakam","1610612761","Toronto Raptors",2018,"0021700859","20180214",-1.8,6.25,FALSE
1627783,"Pascal Siakam","1610612761","Toronto Raptors",2018,"0021700859","20180214",1,15.25,TRUE
1627783,"Pascal Siakam","1610612761","Toronto Raptors",2018,"0021700859","20180214",4.7,7.95,FALSE
1627783,"Pascal Siakam","1610612761","Toronto Raptors",2018,"0021700859","20180214",-23.1,5.15,TRUE
1627783,"Pascal Siakam","1610612761","Toronto Raptors",2018,"0021700876","20180223",1.4,6.95,FALSE
1627783,"Pascal Siakam","1610612761","Toronto Raptors",2018,"0021700876","20180223",-2,6.75,TRUE
1627783,"Pascal Siakam","1610612761","Toronto Raptors",2018,"0021700876","20180223",7.2,7.75,TRUE
1627783,"Pascal Siakam","1610612761","Toronto Raptors",2018,"0021700876","20180223",1.8,7.35,FALSE
1627783,"Pascal Siakam","1610612761","Toronto Raptors",2018,"0021700876","20180223",0,6.95,TRUE
1627783,"Pascal Siakam","1610612761","Toronto Raptors",2018,"0021700876","20180223",-3,12.35,TRUE
1627783,"Pascal Siakam","1610612761","Toronto Raptors",2018,"0021700876","20180223",-3.8,13.55,TRUE
1627783,"Pascal Siakam","1610612761","Toronto Raptors",2018,"0021700876","20180223",-22.1,6.35,FALSE
1627783,"Pascal Siakam","1610612761","Toronto Raptors",2018,"0021700876","20180223",0.6,6.25,TRUE
1627783,"Pascal Siakam","1610612761","Toronto Raptors",2018,"0021700876","20180223",16.1,5.75,TRUE
1627783,"Pascal Siakam","1610612761","Toronto Raptors",2018,"0021700901","20180226",9.3,12.15,FALSE
1627783,"Pascal Siakam","1610612761","Toronto Raptors",2018,"0021700901","20180226",-2,6.85,TRUE
1627783,"Pascal Siakam","1610612761","Toronto Raptors",2018,"0021700901","20180226",2.5,9.05,TRUE
1627783,"Pascal Siakam","1610612761","Toronto Raptors",2018,"0021700901","20180226",20.1,20.55,FALSE
1627783,"Pascal Siakam","1610612761","Toronto Raptors",2018,"0021700901","20180226",-0.5,6.75,TRUE
1627783,"Pascal Siakam","1610612761","Toronto Raptors",2018,"0021700901","20180226",4.4,6.65,TRUE
1627783,"Pascal Siakam","1610612761","Toronto Raptors",2018,"0021700901","20180226",-2,6.15,TRUE
1627783,"Pascal Siakam","1610612761","Toronto Raptors",2018,"0021700914","20180228",-2.9,7.75,TRUE
1627783,"Pascal Siakam","1610612761","Toronto Raptors",2018,"0021700914","20180228",-0.4,6.35,TRUE
1627783,"Pascal Siakam","1610612761","Toronto Raptors",2018,"0021700914","20180228",-22.3,15.85,FALSE
1627783,"Pascal Siakam","1610612761","Toronto Raptors",2018,"0021700914","20180228",1.4,7.65,TRUE
1627783,"Pascal Siakam","1610612761","Toronto Raptors",2018,"0021700914","20180228",-3.3,15.25,TRUE
1627783,"Pascal Siakam","1610612761","Toronto Raptors",2018,"0021700914","20180228",-0.6,6.85,FALSE
1627783,"Pascal Siakam","1610612761","Toronto Raptors",2018,"0021700914","20180228",0,4.65,TRUE
1627783,"Pascal Siakam","1610612761","Toronto Raptors",2018,"0021700914","20180228",0.2,5.25,TRUE
1627783,"Pascal Siakam","1610612761","Toronto Raptors",2018,"0021700914","20180228",0.5,6.55,TRUE
1627783,"Pascal Siakam","1610612761","Toronto Raptors",2018,"0021700929","20180302",-1.1,7.05,FALSE
1627783,"Pascal Siakam","1610612761","Toronto Raptors",2018,"0021700929","20180302",0.8,5.95,FALSE
1627783,"Pascal Siakam","1610612761","Toronto Raptors",2018,"0021700929","20180302",-0.8,7.25,TRUE
1627783,"Pascal Siakam","1610612761","Toronto Raptors",2018,"0021700929","20180302",0.4,15.85,FALSE
1627783,"Pascal Siakam","1610612761","Toronto Raptors",2018,"0021700929","20180302",0.3,5.95,TRUE
1627783,"Pascal Siakam","1610612761","Toronto Raptors",2018,"0021700929","20180302",23.7,5.15,FALSE
1627783,"Pascal Siakam","1610612761","Toronto Raptors",2018,"0021700929","20180302",1.9,7.55,FALSE
1627783,"Pascal Siakam","1610612761","Toronto Raptors",2018,"0021700929","20180302",-16.7,22.85,FALSE
1627783,"Pascal Siakam","1610612761","Toronto Raptors",2018,"0021700929","20180302",0.5,6.95,FALSE
1627783,"Pascal Siakam","1610612761","Toronto Raptors",2018,"0021700944","20180304",0.6,6.05,TRUE
1627783,"Pascal Siakam","1610612761","Toronto Raptors",2018,"0021700944","20180304",0.8,7.65,TRUE
1627783,"Pascal Siakam","1610612761","Toronto Raptors",2018,"0021700944","20180304",22.3,4.65,FALSE
1627783,"Pascal Siakam","1610612761","Toronto Raptors",2018,"0021700958","20180306",0.3,5.65,TRUE
1627783,"Pascal Siakam","1610612761","Toronto Raptors",2018,"0021700958","20180306",-6.5,11.85,FALSE
1627783,"Pascal Siakam","1610612761","Toronto Raptors",2018,"0021700958","20180306",-5.2,19.45,FALSE
1627783,"Pascal Siakam","1610612761","Toronto Raptors",2018,"0021700958","20180306",-1.7,5.85,TRUE
1627783,"Pascal Siakam","1610612761","Toronto Raptors",2018,"0021700958","20180306",-22.8,4.45,FALSE
1627783,"Pascal Siakam","1610612761","Toronto Raptors",2018,"0021700958","20180306",1.1,6.45,TRUE
1627783,"Pascal Siakam","1610612761","Toronto Raptors",2018,"0021700958","20180306",-4.6,15.75,TRUE
1627783,"Pascal Siakam","1610612761","Toronto Raptors",2018,"0021700966","20180307",-2.8,11.85,FALSE
1627783,"Pascal Siakam","1610612761","Toronto Raptors",2018,"0021700966","20180307",-23.3,5.25,TRUE
1627783,"Pascal Siakam","1610612761","Toronto Raptors",2018,"0021700966","20180307",23.1,9.55,FALSE
1627783,"Pascal Siakam","1610612761","Toronto Raptors",2018,"0021700966","20180307",0.1,6.45,TRUE
1627783,"Pascal Siakam","1610612761","Toronto Raptors",2018,"0021700966","20180307",1.9,8.15,TRUE
1627783,"Pascal Siakam","1610612761","Toronto Raptors",2018,"0021700979","20180309",-4.5,10.45,FALSE
1627783,"Pascal Siakam","1610612761","Toronto Raptors",2018,"0021700979","20180309",-1.4,5.65,TRUE
1627783,"Pascal Siakam","1610612761","Toronto Raptors",2018,"0021700979","20180309",-11,11.35,FALSE
1627783,"Pascal Siakam","1610612761","Toronto Raptors",2018,"0021700992","20180311",-1.7,7.15,TRUE
1627783,"Pascal Siakam","1610612761","Toronto Raptors",2018,"0021700992","20180311",0,11.35,TRUE
1627783,"Pascal Siakam","1610612761","Toronto Raptors",2018,"0021700992","20180311",-0.3,15.05,FALSE
1627783,"Pascal Siakam","1610612761","Toronto Raptors",2018,"0021700992","20180311",-6.6,9.45,FALSE
1627783,"Pascal Siakam","1610612761","Toronto Raptors",2018,"0021700992","20180311",1.2,5.75,TRUE
1627783,"Pascal Siakam","1610612761","Toronto Raptors",2018,"0021700992","20180311",7.6,18.35,FALSE
1627783,"Pascal Siakam","1610612761","Toronto Raptors",2018,"0021700992","20180311",-0.5,5.85,TRUE
1627783,"Pascal Siakam","1610612761","Toronto Raptors",2018,"0021700992","20180311",7.2,7.75,FALSE
1627783,"Pascal Siakam","1610612761","Toronto Raptors",2018,"0021701008","20180313",-0.5,6.85,TRUE
1627783,"Pascal Siakam","1610612761","Toronto Raptors",2018,"0021701008","20180313",-5.2,8.65,FALSE
1627783,"Pascal Siakam","1610612761","Toronto Raptors",2018,"0021701008","20180313",-0.8,7.25,FALSE
1627783,"Pascal Siakam","1610612761","Toronto Raptors",2018,"0021701008","20180313",4.3,7.75,TRUE
1627783,"Pascal Siakam","1610612761","Toronto Raptors",2018,"0021701008","20180313",0,4.65,FALSE
1627783,"Pascal Siakam","1610612761","Toronto Raptors",2018,"0021701020","20180315",-5.6,11.35,FALSE
1627783,"Pascal Siakam","1610612761","Toronto Raptors",2018,"0021701020","20180315",-6.1,14.55,TRUE
1627783,"Pascal Siakam","1610612761","Toronto Raptors",2018,"0021701020","20180315",-0.5,6.75,TRUE
1627783,"Pascal Siakam","1610612761","Toronto Raptors",2018,"0021701020","20180315",0.4,6.85,TRUE
1627783,"Pascal Siakam","1610612761","Toronto Raptors",2018,"0021701020","20180315",0.3,5.75,TRUE
1627783,"Pascal Siakam","1610612761","Toronto Raptors",2018,"0021701020","20180315",1.4,31.95,FALSE
1627783,"Pascal Siakam","1610612761","Toronto Raptors",2018,"0021701020","20180315",-0.8,6.05,TRUE
1627783,"Pascal Siakam","1610612761","Toronto Raptors",2018,"0021701031","20180316",1.7,6.05,TRUE
1627783,"Pascal Siakam","1610612761","Toronto Raptors",2018,"0021701031","20180316",-0.5,10.55,FALSE
1627783,"Pascal Siakam","1610612761","Toronto Raptors",2018,"0021701031","20180316",-1.4,5.55,TRUE
1627783,"Pascal Siakam","1610612761","Toronto Raptors",2018,"0021701031","20180316",-0.6,7.75,TRUE
1627783,"Pascal Siakam","1610612761","Toronto Raptors",2018,"0021701031","20180316",-1.8,6.15,TRUE
1627783,"Pascal Siakam","1610612761","Toronto Raptors",2018,"0021701031","20180316",-5.6,9.05,TRUE
1627783,"Pascal Siakam","1610612761","Toronto Raptors",2018,"0021701046","20180318",-0.2,9.85,TRUE
1627783,"Pascal Siakam","1610612761","Toronto Raptors",2018,"0021701046","20180318",0.8,5.95,TRUE
1627783,"Pascal Siakam","1610612761","Toronto Raptors",2018,"0021701046","20180318",1.2,6.85,TRUE
1627783,"Pascal Siakam","1610612761","Toronto Raptors",2018,"0021701046","20180318",-0.9,4.75,TRUE
1627783,"Pascal Siakam","1610612761","Toronto Raptors",2018,"0021701046","20180318",-0.5,6.55,TRUE
1627783,"Pascal Siakam","1610612761","Toronto Raptors",2018,"0021701058","20180320",-2.7,7.95,FALSE
1627783,"Pascal Siakam","1610612761","Toronto Raptors",2018,"0021701058","20180320",-1.8,7.05,FALSE
1627783,"Pascal Siakam","1610612761","Toronto Raptors",2018,"0021701058","20180320",-6.3,7.25,FALSE
1627783,"Pascal Siakam","1610612761","Toronto Raptors",2018,"0021701058","20180320",-0.5,6.55,TRUE
1627783,"Pascal Siakam","1610612761","Toronto Raptors",2018,"0021701058","20180320",-1.4,8.85,FALSE
1627783,"Pascal Siakam","1610612761","Toronto Raptors",2018,"0021701058","20180320",6.3,6.35,FALSE
1627783,"Pascal Siakam","1610612761","Toronto Raptors",2018,"0021701058","20180320",-23.7,4.05,TRUE
1627783,"Pascal Siakam","1610612761","Toronto Raptors",2018,"0021701058","20180320",-1.4,5.85,TRUE
1627783,"Pascal Siakam","1610612761","Toronto Raptors",2018,"0021701058","20180320",-23.2,5.25,FALSE
1627783,"Pascal Siakam","1610612761","Toronto Raptors",2018,"0021701065","20180321",-0.7,54.35,FALSE
1627783,"Pascal Siakam","1610612761","Toronto Raptors",2018,"0021701065","20180321",-5.1,13.75,FALSE
1627783,"Pascal Siakam","1610612761","Toronto Raptors",2018,"0021701065","20180321",-4.9,12.75,TRUE
1627783,"Pascal Siakam","1610612761","Toronto Raptors",2018,"0021701065","20180321",22,4.15,TRUE
1627783,"Pascal Siakam","1610612761","Toronto Raptors",2018,"0021701065","20180321",-10.6,7.85,TRUE
1627783,"Pascal Siakam","1610612761","Toronto Raptors",2018,"0021701065","20180321",-0.6,6.85,FALSE
1627783,"Pascal Siakam","1610612761","Toronto Raptors",2018,"0021701065","20180321",23.6,6.45,FALSE
1627783,"Pascal Siakam","1610612761","Toronto Raptors",2018,"0021701065","20180321",-2.6,10.25,FALSE
1627783,"Pascal Siakam","1610612761","Toronto Raptors",2018,"0021701065","20180321",0.5,6.45,TRUE
1627783,"Pascal Siakam","1610612761","Toronto Raptors",2018,"0021701082","20180323",23,4.65,TRUE
1627783,"Pascal Siakam","1610612761","Toronto Raptors",2018,"0021701082","20180323",0.3,9.75,TRUE
1627783,"Pascal Siakam","1610612761","Toronto Raptors",2018,"0021701082","20180323",-2.4,8.65,FALSE
1627783,"Pascal Siakam","1610612761","Toronto Raptors",2018,"0021701082","20180323",-22.9,6.15,TRUE
1627783,"Pascal Siakam","1610612761","Toronto Raptors",2018,"0021701082","20180323",0.9,9.05,TRUE
1627783,"Pascal Siakam","1610612761","Toronto Raptors",2018,"0021701082","20180323",-2.6,6.05,FALSE
1627783,"Pascal Siakam","1610612761","Toronto Raptors",2018,"0021701082","20180323",0.5,12.75,FALSE
1627783,"Pascal Siakam","1610612761","Toronto Raptors",2018,"0021701082","20180323",-2.6,5.65,FALSE
1627783,"Pascal Siakam","1610612761","Toronto Raptors",2018,"0021701097","20180325",17.5,23.75,TRUE
1627783,"Pascal Siakam","1610612761","Toronto Raptors",2018,"0021701097","20180325",0.3,15.75,FALSE
1627783,"Pascal Siakam","1610612761","Toronto Raptors",2018,"0021701097","20180325",5.4,6.45,FALSE
1627783,"Pascal Siakam","1610612761","Toronto Raptors",2018,"0021701097","20180325",1.1,12.15,TRUE
1627783,"Pascal Siakam","1610612761","Toronto Raptors",2018,"0021701097","20180325",1.4,5.75,TRUE
1627783,"Pascal Siakam","1610612761","Toronto Raptors",2018,"0021701097","20180325",-23.2,4.65,TRUE
1627783,"Pascal Siakam","1610612761","Toronto Raptors",2018,"0021701097","20180325",0,4.65,TRUE
1627783,"Pascal Siakam","1610612761","Toronto Raptors",2018,"0021701097","20180325",-0.2,6.05,TRUE
1627783,"Pascal Siakam","1610612761","Toronto Raptors",2018,"0021701109","20180327",11,27.35,FALSE
1627783,"Pascal Siakam","1610612761","Toronto Raptors",2018,"0021701109","20180327",-2.4,6.85,TRUE
1627783,"Pascal Siakam","1610612761","Toronto Raptors",2018,"0021701109","20180327",1.1,11.75,FALSE
1627783,"Pascal Siakam","1610612761","Toronto Raptors",2018,"0021701109","20180327",-1.4,6.45,TRUE
1627783,"Pascal Siakam","1610612761","Toronto Raptors",2018,"0021701109","20180327",0,6.55,TRUE
1627783,"Pascal Siakam","1610612761","Toronto Raptors",2018,"0021701109","20180327",-0.6,4.75,TRUE
1627783,"Pascal Siakam","1610612761","Toronto Raptors",2018,"0021701109","20180327",-1.2,7.25,FALSE
1627783,"Pascal Siakam","1610612761","Toronto Raptors",2018,"0021701109","20180327",-2.3,6.65,TRUE
1627783,"Pascal Siakam","1610612761","Toronto Raptors",2018,"0021701109","20180327",-22.8,5.35,FALSE
1627783,"Pascal Siakam","1610612761","Toronto Raptors",2018,"0021701109","20180327",-2.2,6.35,FALSE
1627783,"Pascal Siakam","1610612761","Toronto Raptors",2018,"0021701140","20180331",18.8,21.85,FALSE
1627783,"Pascal Siakam","1610612761","Toronto Raptors",2018,"0021701140","20180331",0.2,5.95,TRUE
1627783,"Pascal Siakam","1610612761","Toronto Raptors",2018,"0021701140","20180331",-2.7,7.45,FALSE
1627783,"Pascal Siakam","1610612761","Toronto Raptors",2018,"0021701156","20180403",10.1,27.65,FALSE
1627783,"Pascal Siakam","1610612761","Toronto Raptors",2018,"0021701156","20180403",-7,11.95,FALSE
1627783,"Pascal Siakam","1610612761","Toronto Raptors",2018,"0021701156","20180403",-2.5,6.95,TRUE
1627783,"Pascal Siakam","1610612761","Toronto Raptors",2018,"0021701156","20180403",-1.7,6.25,TRUE
1627783,"Pascal Siakam","1610612761","Toronto Raptors",2018,"0021701156","20180403",3.4,13.75,TRUE
1627783,"Pascal Siakam","1610612761","Toronto Raptors",2018,"0021701156","20180403",-2.9,8.55,FALSE
1627783,"Pascal Siakam","1610612761","Toronto Raptors",2018,"0021701156","20180403",-0.8,7.35,FALSE
1627783,"Pascal Siakam","1610612761","Toronto Raptors",2018,"0021701156","20180403",-0.6,6.55,FALSE
1627783,"Pascal Siakam","1610612761","Toronto Raptors",2018,"0021701156","20180403",1.1,6.85,TRUE
1627783,"Pascal Siakam","1610612761","Toronto Raptors",2018,"0021701156","20180403",0.3,5.85,TRUE
1627783,"Pascal Siakam","1610612761","Toronto Raptors",2018,"0021701171","20180404",1.8,7.65,FALSE
1627783,"Pascal Siakam","1610612761","Toronto Raptors",2018,"0021701171","20180404",1,5.25,TRUE
1627783,"Pascal Siakam","1610612761","Toronto Raptors",2018,"0021701187","20180406",-3.5,16.75,TRUE
1627783,"Pascal Siakam","1610612761","Toronto Raptors",2018,"0021701187","20180406",2.2,11.05,FALSE
1627783,"Pascal Siakam","1610612761","Toronto Raptors",2018,"0021701187","20180406",-0.6,6.25,TRUE
1627783,"Pascal Siakam","1610612761","Toronto Raptors",2018,"0021701187","20180406",1.3,6.35,FALSE
1627783,"Pascal Siakam","1610612761","Toronto Raptors",2018,"0021701187","20180406",-22.5,6.05,FALSE
1627783,"Pascal Siakam","1610612761","Toronto Raptors",2018,"0021701187","20180406",0,4.65,FALSE
1627783,"Pascal Siakam","1610612761","Toronto Raptors",2018,"0021701187","20180406",-2.2,6.75,FALSE
1627783,"Pascal Siakam","1610612761","Toronto Raptors",2018,"0021701187","20180406",0.3,5.15,TRUE
1627783,"Pascal Siakam","1610612761","Toronto Raptors",2018,"0021701200","20180408",-4.4,16.45,FALSE
1627783,"Pascal Siakam","1610612761","Toronto Raptors",2018,"0021701200","20180408",-0.9,6.75,FALSE
1627783,"Pascal Siakam","1610612761","Toronto Raptors",2018,"0021701200","20180408",-1.9,5.05,FALSE
1627783,"Pascal Siakam","1610612761","Toronto Raptors",2018,"0021701200","20180408",-3.2,5.15,FALSE
1627783,"Pascal Siakam","1610612761","Toronto Raptors",2018,"0021701200","20180408",-0.6,10.95,TRUE
1627783,"Pascal Siakam","1610612761","Toronto Raptors",2018,"0021701200","20180408",-2.4,9.75,FALSE
1627783,"Pascal Siakam","1610612761","Toronto Raptors",2018,"0021701200","20180408",0.6,6.15,TRUE
1627783,"Pascal Siakam","1610612761","Toronto Raptors",2018,"0021701204","20180409",22.2,6.55,TRUE
1627783,"Pascal Siakam","1610612761","Toronto Raptors",2018,"0021701204","20180409",-0.5,6.65,TRUE
1627783,"Pascal Siakam","1610612761","Toronto Raptors",2018,"0021701204","20180409",22.8,5.35,FALSE
1627783,"Pascal Siakam","1610612761","Toronto Raptors",2018,"0021701204","20180409",8.2,15.35,FALSE
1627783,"Pascal Siakam","1610612761","Toronto Raptors",2018,"0021701204","20180409",22.6,8.65,TRUE
1627783,"Pascal Siakam","1610612761","Toronto Raptors",2018,"0021701204","20180409",-2.4,5.75,TRUE
1627783,"Pascal Siakam","1610612761","Toronto Raptors",2018,"0021701221","20180411",-0.8,5.85,TRUE
1627783,"Pascal Siakam","1610612761","Toronto Raptors",2018,"0021701221","20180411",-1.4,6.25,FALSE
1627783,"Pascal Siakam","1610612761","Toronto Raptors",2018,"0021701221","20180411",1.6,10.25,TRUE
1627783,"Pascal Siakam","1610612761","Toronto Raptors",2018,"0021701221","20180411",22.6,12.55,FALSE
1627783,"Pascal Siakam","1610612761","Toronto Raptors",2019,"0021800008","20181017",22.9,6.35,TRUE
1627783,"Pascal Siakam","1610612761","Toronto Raptors",2019,"0021800008","20181017",1.9,9.35,TRUE
1627783,"Pascal Siakam","1610612761","Toronto Raptors",2019,"0021800008","20181017",-2.6,6.45,TRUE
1627783,"Pascal Siakam","1610612761","Toronto Raptors",2019,"0021800008","20181017",0.1,6.05,TRUE
1627783,"Pascal Siakam","1610612761","Toronto Raptors",2019,"0021800008","20181017",-1.4,6.15,TRUE
1627783,"Pascal Siakam","1610612761","Toronto Raptors",2019,"0021800008","20181017",-1.7,4.65,FALSE
1627783,"Pascal Siakam","1610612761","Toronto Raptors",2019,"0021800008","20181017",-0.6,5.55,TRUE
1627783,"Pascal Siakam","1610612761","Toronto Raptors",2019,"0021800008","20181017",-2.9,5.25,FALSE
1627783,"Pascal Siakam","1610612761","Toronto Raptors",2019,"0021800019","20181019",-22.8,5.25,FALSE
1627783,"Pascal Siakam","1610612761","Toronto Raptors",2019,"0021800019","20181019",-0.6,5.35,TRUE
1627783,"Pascal Siakam","1610612761","Toronto Raptors",2019,"0021800019","20181019",-23.5,5.05,FALSE
1627783,"Pascal Siakam","1610612761","Toronto Raptors",2019,"0021800019","20181019",-1.3,11.55,FALSE
1627783,"Pascal Siakam","1610612761","Toronto Raptors",2019,"0021800019","20181019",-0.4,9.05,TRUE
1627783,"Pascal Siakam","1610612761","Toronto Raptors",2019,"0021800019","20181019",1.4,6.25,FALSE
1627783,"Pascal Siakam","1610612761","Toronto Raptors",2019,"0021800027","20181020",-2.8,10.55,FALSE
1627783,"Pascal Siakam","1610612761","Toronto Raptors",2019,"0021800027","20181020",1.4,7.35,TRUE
1627783,"Pascal Siakam","1610612761","Toronto Raptors",2019,"0021800027","20181020",-4.7,12.95,FALSE
1627783,"Pascal Siakam","1610612761","Toronto Raptors",2019,"0021800027","20181020",1.4,7.65,TRUE
1627783,"Pascal Siakam","1610612761","Toronto Raptors",2019,"0021800027","20181020",0,4.65,FALSE
1627783,"Pascal Siakam","1610612761","Toronto Raptors",2019,"0021800027","20181020",1.3,5.85,TRUE
1627783,"Pascal Siakam","1610612761","Toronto Raptors",2019,"0021800027","20181020",-22.6,7.95,TRUE
1627783,"Pascal Siakam","1610612761","Toronto Raptors",2019,"0021800027","20181020",-1.8,9.85,FALSE
1627783,"Pascal Siakam","1610612761","Toronto Raptors",2019,"0021800041","20181022",-0.7,5.25,TRUE
1627783,"Pascal Siakam","1610612761","Toronto Raptors",2019,"0021800041","20181022",-23.1,10.25,FALSE
1627783,"Pascal Siakam","1610612761","Toronto Raptors",2019,"0021800041","20181022",0.8,6.25,TRUE
1627783,"Pascal Siakam","1610612761","Toronto Raptors",2019,"0021800041","20181022",-3,6.85,FALSE
1627783,"Pascal Siakam","1610612761","Toronto Raptors",2019,"0021800055","20181024",3.9,7.25,FALSE
1627783,"Pascal Siakam","1610612761","Toronto Raptors",2019,"0021800055","20181024",3.3,8.15,TRUE
1627783,"Pascal Siakam","1610612761","Toronto Raptors",2019,"0021800055","20181024",-9.5,9.15,TRUE
1627783,"Pascal Siakam","1610612761","Toronto Raptors",2019,"0021800055","20181024",-0.5,6.35,TRUE
1627783,"Pascal Siakam","1610612761","Toronto Raptors",2019,"0021800055","20181024",-0.6,8.95,FALSE
1627783,"Pascal Siakam","1610612761","Toronto Raptors",2019,"0021800055","20181024",23.2,4.55,TRUE
1627783,"Pascal Siakam","1610612761","Toronto Raptors",2019,"0021800069","20181026",-13.3,29.55,FALSE
1627783,"Pascal Siakam","1610612761","Toronto Raptors",2019,"0021800069","20181026",0.6,5.95,TRUE
1627783,"Pascal Siakam","1610612761","Toronto Raptors",2019,"0021800069","20181026",-1,6.25,TRUE
1627783,"Pascal Siakam","1610612761","Toronto Raptors",2019,"0021800069","20181026",4.3,6.85,FALSE
1627783,"Pascal Siakam","1610612761","Toronto Raptors",2019,"0021800069","20181026",-2.4,5.75,TRUE
1627783,"Pascal Siakam","1610612761","Toronto Raptors",2019,"0021800069","20181026",-0.8,11.45,FALSE
1627783,"Pascal Siakam","1610612761","Toronto Raptors",2019,"0021800069","20181026",0.2,4.65,TRUE
1627783,"Pascal Siakam","1610612761","Toronto Raptors",2019,"0021800069","20181026",-5.4,29.85,FALSE
1627783,"Pascal Siakam","1610612761","Toronto Raptors",2019,"0021800092","20181029",0.2,6.35,TRUE
1627783,"Pascal Siakam","1610612761","Toronto Raptors",2019,"0021800092","20181029",-22.5,12.75,FALSE
1627783,"Pascal Siakam","1610612761","Toronto Raptors",2019,"0021800092","20181029",0.1,5.85,FALSE
1627783,"Pascal Siakam","1610612761","Toronto Raptors",2019,"0021800092","20181029",-1.3,9.05,TRUE
1627783,"Pascal Siakam","1610612761","Toronto Raptors",2019,"0021800092","20181029",-0.2,5.85,TRUE
1627783,"Pascal Siakam","1610612761","Toronto Raptors",2019,"0021800092","20181029",0.2,5.75,TRUE
1627783,"Pascal Siakam","1610612761","Toronto Raptors",2019,"0021800092","20181029",-0.4,5.85,TRUE
1627783,"Pascal Siakam","1610612761","Toronto Raptors",2019,"0021800092","20181029",23.4,8.05,FALSE
1627783,"Pascal Siakam","1610612761","Toronto Raptors",2019,"0021800092","20181029",-19.8,22.75,FALSE
1627783,"Pascal Siakam","1610612761","Toronto Raptors",2019,"0021800092","20181029",-0.3,5.95,TRUE
1627783,"Pascal Siakam","1610612761","Toronto Raptors",2019,"0021800092","20181029",0.4,5.25,TRUE
1627783,"Pascal Siakam","1610612761","Toronto Raptors",2019,"0021800092","20181029",23.4,6.15,FALSE
1627783,"Pascal Siakam","1610612761","Toronto Raptors",2019,"0021800092","20181029",0.2,7.25,FALSE
1627783,"Pascal Siakam","1610612761","Toronto Raptors",2019,"0021800092","20181029",-0.2,6.15,TRUE
1627783,"Pascal Siakam","1610612761","Toronto Raptors",2019,"0021800092","20181029",1,5.05,TRUE
1627783,"Pascal Siakam","1610612761","Toronto Raptors",2019,"0021800092","20181029",0.9,5.35,TRUE
1627783,"Pascal Siakam","1610612761","Toronto Raptors",2019,"0021800100","20181030",22.9,7.85,FALSE
1627783,"Pascal Siakam","1610612761","Toronto Raptors",2019,"0021800100","20181030",2.7,5.35,TRUE
1627783,"Pascal Siakam","1610612761","Toronto Raptors",2019,"0021800100","20181030",0.8,6.75,TRUE
1627783,"Pascal Siakam","1610612761","Toronto Raptors",2019,"0021800100","20181030",-0.2,5.85,TRUE
1627783,"Pascal Siakam","1610612761","Toronto Raptors",2019,"0021800100","20181030",-4.6,8.85,TRUE
1627783,"Pascal Siakam","1610612761","Toronto Raptors",2019,"0021800100","20181030",1.4,7.45,TRUE
1627783,"Pascal Siakam","1610612761","Toronto Raptors",2019,"0021800100","20181030",1.8,7.25,FALSE
1627783,"Pascal Siakam","1610612761","Toronto Raptors",2019,"0021800100","20181030",-0.9,6.85,TRUE
1627783,"Pascal Siakam","1610612761","Toronto Raptors",2019,"0021800123","20181102",1.9,6.85,TRUE
1627783,"Pascal Siakam","1610612761","Toronto Raptors",2019,"0021800123","20181102",3.3,6.25,FALSE
1627783,"Pascal Siakam","1610612761","Toronto Raptors",2019,"0021800123","20181102",-1.1,5.05,TRUE
1627783,"Pascal Siakam","1610612761","Toronto Raptors",2019,"0021800123","20181102",1.3,6.35,TRUE
1627783,"Pascal Siakam","1610612761","Toronto Raptors",2019,"0021800123","20181102",-0.2,5.25,TRUE
1627783,"Pascal Siakam","1610612761","Toronto Raptors",2019,"0021800139","20181104",-22.5,7.35,FALSE
1627783,"Pascal Siakam","1610612761","Toronto Raptors",2019,"0021800139","20181104",1.1,8.15,TRUE
1627783,"Pascal Siakam","1610612761","Toronto Raptors",2019,"0021800139","20181104",-0.5,6.45,TRUE
1627783,"Pascal Siakam","1610612761","Toronto Raptors",2019,"0021800139","20181104",-0.9,6.95,TRUE
1627783,"Pascal Siakam","1610612761","Toronto Raptors",2019,"0021800139","20181104",0.6,7.25,TRUE
1627783,"Pascal Siakam","1610612761","Toronto Raptors",2019,"0021800139","20181104",-1.1,9.95,FALSE
1627783,"Pascal Siakam","1610612761","Toronto Raptors",2019,"0021800139","20181104",-1.7,6.65,TRUE
1627783,"Pascal Siakam","1610612761","Toronto Raptors",2019,"0021800139","20181104",-0.6,15.75,TRUE
1627783,"Pascal Siakam","1610612761","Toronto Raptors",2019,"0021800139","20181104",-7.8,6.15,FALSE
1627783,"Pascal Siakam","1610612761","Toronto Raptors",2019,"0021800139","20181104",0,4.65,FALSE
1627783,"Pascal Siakam","1610612761","Toronto Raptors",2019,"0021800139","20181104",-0.1,8.25,TRUE
1627783,"Pascal Siakam","1610612761","Toronto Raptors",2019,"0021800139","20181104",-1.6,8.25,TRUE
1627783,"Pascal Siakam","1610612761","Toronto Raptors",2019,"0021800139","20181104",0.3,7.65,FALSE
1627783,"Pascal Siakam","1610612761","Toronto Raptors",2019,"0021800139","20181104",0.3,6.25,FALSE
1627783,"Pascal Siakam","1610612761","Toronto Raptors",2019,"0021800146","20181105",-7.8,22.85,TRUE
1627783,"Pascal Siakam","1610612761","Toronto Raptors",2019,"0021800146","20181105",-0.1,10.05,TRUE
1627783,"Pascal Siakam","1610612761","Toronto Raptors",2019,"0021800146","20181105",4.7,7.95,TRUE
1627783,"Pascal Siakam","1610612761","Toronto Raptors",2019,"0021800146","20181105",-4.3,7.25,TRUE
1627783,"Pascal Siakam","1610612761","Toronto Raptors",2019,"0021800146","20181105",-22.9,6.15,FALSE
1627783,"Pascal Siakam","1610612761","Toronto Raptors",2019,"0021800146","20181105",-3,6.15,TRUE
1627783,"Pascal Siakam","1610612761","Toronto Raptors",2019,"0021800146","20181105",2,5.75,TRUE
1627783,"Pascal Siakam","1610612761","Toronto Raptors",2019,"0021800146","20181105",-3.7,6.95,FALSE
1627783,"Pascal Siakam","1610612761","Toronto Raptors",2019,"0021800146","20181105",-2.7,6.45,FALSE
1627783,"Pascal Siakam","1610612761","Toronto Raptors",2019,"0021800146","20181105",-9.8,28.55,FALSE
1627783,"Pascal Siakam","1610612761","Toronto Raptors",2019,"0021800146","20181105",2.5,6.45,TRUE
1627783,"Pascal Siakam","1610612761","Toronto Raptors",2019,"0021800161","20181107",-18,23.05,FALSE
1627783,"Pascal Siakam","1610612761","Toronto Raptors",2019,"0021800161","20181107",-0.5,6.25,TRUE
1627783,"Pascal Siakam","1610612761","Toronto Raptors",2019,"0021800161","20181107",-1.5,6.55,TRUE
1627783,"Pascal Siakam","1610612761","Toronto Raptors",2019,"0021800161","20181107",-0.3,9.45,TRUE
1627783,"Pascal Siakam","1610612761","Toronto Raptors",2019,"0021800161","20181107",22.5,10.45,FALSE
1627783,"Pascal Siakam","1610612761","Toronto Raptors",2019,"0021800161","20181107",-3.3,6.35,TRUE
1627783,"Pascal Siakam","1610612761","Toronto Raptors",2019,"0021800161","20181107",-3.1,5.45,TRUE
1627783,"Pascal Siakam","1610612761","Toronto Raptors",2019,"0021800161","20181107",-2.9,7.15,TRUE
1627783,"Pascal Siakam","1610612761","Toronto Raptors",2019,"0021800161","20181107",1.3,6.75,FALSE
1627783,"Pascal Siakam","1610612761","Toronto Raptors",2019,"0021800161","20181107",-5.7,8.45,TRUE
1627783,"Pascal Siakam","1610612761","Toronto Raptors",2019,"0021800161","20181107",0.2,6.65,TRUE
1627783,"Pascal Siakam","1610612761","Toronto Raptors",2019,"0021800174","20181110",23.7,8.95,TRUE
1627783,"Pascal Siakam","1610612761","Toronto Raptors",2019,"0021800174","20181110",15.8,25.15,TRUE
1627783,"Pascal Siakam","1610612761","Toronto Raptors",2019,"0021800174","20181110",10.1,28.95,FALSE
1627783,"Pascal Siakam","1610612761","Toronto Raptors",2019,"0021800174","20181110",0,5.65,TRUE
1627783,"Pascal Siakam","1610612761","Toronto Raptors",2019,"0021800174","20181110",0.3,5.65,TRUE
1627783,"Pascal Siakam","1610612761","Toronto Raptors",2019,"0021800174","20181110",-1.3,6.05,TRUE
1627783,"Pascal Siakam","1610612761","Toronto Raptors",2019,"0021800174","20181110",-24.1,11.15,TRUE
1627783,"Pascal Siakam","1610612761","Toronto Raptors",2019,"0021800192","20181112",0,7.45,TRUE
1627783,"Pascal Siakam","1610612761","Toronto Raptors",2019,"0021800192","20181112",5.1,19.05,TRUE
1627783,"Pascal Siakam","1610612761","Toronto Raptors",2019,"0021800192","20181112",-23.2,14.15,TRUE
1627783,"Pascal Siakam","1610612761","Toronto Raptors",2019,"0021800192","20181112",0.1,5.85,FALSE
1627783,"Pascal Siakam","1610612761","Toronto Raptors",2019,"0021800192","20181112",22.9,6.75,FALSE
1627783,"Pascal Siakam","1610612761","Toronto Raptors",2019,"0021800192","20181112",-22.9,5.05,TRUE
1627783,"Pascal Siakam","1610612761","Toronto Raptors",2019,"0021800192","20181112",-6.3,7.75,TRUE
1627783,"Pascal Siakam","1610612761","Toronto Raptors",2019,"0021800192","20181112",-12.7,19.35,TRUE
1627783,"Pascal Siakam","1610612761","Toronto Raptors",2019,"0021800192","20181112",23.4,2.05,FALSE
1627783,"Pascal Siakam","1610612761","Toronto Raptors",2019,"0021800192","20181112",-4.3,11.45,FALSE
1627783,"Pascal Siakam","1610612761","Toronto Raptors",2019,"0021800192","20181112",0.4,6.15,TRUE
1627783,"Pascal Siakam","1610612761","Toronto Raptors",2019,"0021800192","20181112",-0.9,7.35,TRUE
1627783,"Pascal Siakam","1610612761","Toronto Raptors",2019,"0021800206","20181114",0.2,14.15,FALSE
1627783,"Pascal Siakam","1610612761","Toronto Raptors",2019,"0021800206","20181114",0.1,8.55,FALSE
1627783,"Pascal Siakam","1610612761","Toronto Raptors",2019,"0021800206","20181114",-0.3,6.75,TRUE
1627783,"Pascal Siakam","1610612761","Toronto Raptors",2019,"0021800206","20181114",1.2,5.95,TRUE
1627783,"Pascal Siakam","1610612761","Toronto Raptors",2019,"0021800206","20181114",1.3,7.45,FALSE
1627783,"Pascal Siakam","1610612761","Toronto Raptors",2019,"0021800206","20181114",0,4.65,TRUE
1627783,"Pascal Siakam","1610612761","Toronto Raptors",2019,"0021800206","20181114",0.2,6.75,TRUE
1627783,"Pascal Siakam","1610612761","Toronto Raptors",2019,"0021800206","20181114",-1.3,7.25,TRUE
1627783,"Pascal Siakam","1610612761","Toronto Raptors",2019,"0021800206","20181114",1.7,7.35,TRUE
1627783,"Pascal Siakam","1610612761","Toronto Raptors",2019,"0021800206","20181114",-2.7,9.05,FALSE
1627783,"Pascal Siakam","1610612761","Toronto Raptors",2019,"0021800206","20181114",-4,5.75,TRUE
1627783,"Pascal Siakam","1610612761","Toronto Raptors",2019,"0021800206","20181114",23.1,4.65,TRUE
1627783,"Pascal Siakam","1610612761","Toronto Raptors",2019,"0021800216","20181116",-2.7,7.25,TRUE
1627783,"Pascal Siakam","1610612761","Toronto Raptors",2019,"0021800216","20181116",0.6,5.85,FALSE
1627783,"Pascal Siakam","1610612761","Toronto Raptors",2019,"0021800216","20181116",-1.1,5.15,TRUE
1627783,"Pascal Siakam","1610612761","Toronto Raptors",2019,"0021800216","20181116",-1.3,9.95,FALSE
1627783,"Pascal Siakam","1610612761","Toronto Raptors",2019,"0021800216","20181116",0,4.65,TRUE
1627783,"Pascal Siakam","1610612761","Toronto Raptors",2019,"0021800216","20181116",4.6,22.25,FALSE
1627783,"Pascal Siakam","1610612761","Toronto Raptors",2019,"0021800216","20181116",-0.3,5.95,TRUE
1627783,"Pascal Siakam","1610612761","Toronto Raptors",2019,"0021800216","20181116",-1.5,11.05,FALSE
1627783,"Pascal Siakam","1610612761","Toronto Raptors",2019,"0021800216","20181116",-2.1,8.95,TRUE
1627783,"Pascal Siakam","1610612761","Toronto Raptors",2019,"0021800216","20181116",2.3,7.85,TRUE
1627783,"Pascal Siakam","1610612761","Toronto Raptors",2019,"0021800216","20181116",-4.1,8.65,FALSE
1627783,"Pascal Siakam","1610612761","Toronto Raptors",2019,"0021800230","20181117",23.1,2.85,FALSE
1627783,"Pascal Siakam","1610612761","Toronto Raptors",2019,"0021800230","20181117",0.1,23.85,FALSE
1627783,"Pascal Siakam","1610612761","Toronto Raptors",2019,"0021800230","20181117",1.8,5.45,TRUE
1627783,"Pascal Siakam","1610612761","Toronto Raptors",2019,"0021800230","20181117",0.3,5.75,TRUE
1627783,"Pascal Siakam","1610612761","Toronto Raptors",2019,"0021800230","20181117",-4.4,6.95,TRUE
1627783,"Pascal Siakam","1610612761","Toronto Raptors",2019,"0021800230","20181117",-4.7,5.85,TRUE
1627783,"Pascal Siakam","1610612761","Toronto Raptors",2019,"0021800230","20181117",1,14.55,FALSE
1627783,"Pascal Siakam","1610612761","Toronto Raptors",2019,"0021800230","20181117",-0.1,9.25,FALSE
1627783,"Pascal Siakam","1610612761","Toronto Raptors",2019,"0021800230","20181117",-17.4,24.25,FALSE
1627783,"Pascal Siakam","1610612761","Toronto Raptors",2019,"0021800230","20181117",1,6.55,FALSE
1627783,"Pascal Siakam","1610612761","Toronto Raptors",2019,"0021800248","20181120",2.2,8.45,TRUE
1627783,"Pascal Siakam","1610612761","Toronto Raptors",2019,"0021800248","20181120",6.3,31.05,FALSE
1627783,"Pascal Siakam","1610612761","Toronto Raptors",2019,"0021800248","20181120",-4.3,9.45,FALSE
1627783,"Pascal Siakam","1610612761","Toronto Raptors",2019,"0021800248","20181120",-5.1,7.75,FALSE
1627783,"Pascal Siakam","1610612761","Toronto Raptors",2019,"0021800248","20181120",2.5,7.25,TRUE
1627783,"Pascal Siakam","1610612761","Toronto Raptors",2019,"0021800248","20181120",-3,7.55,TRUE
1627783,"Pascal Siakam","1610612761","Toronto Raptors",2019,"0021800248","20181120",-17.1,23.65,FALSE
1627783,"Pascal Siakam","1610612761","Toronto Raptors",2019,"0021800248","20181120",-2.8,7.75,TRUE
1627783,"Pascal Siakam","1610612761","Toronto Raptors",2019,"0021800248","20181120",1.3,9.75,TRUE
1627783,"Pascal Siakam","1610612761","Toronto Raptors",2019,"0021800248","20181120",2.2,7.95,TRUE
1627783,"Pascal Siakam","1610612761","Toronto Raptors",2019,"0021800248","20181120",-2.3,5.65,TRUE
1627783,"Pascal Siakam","1610612761","Toronto Raptors",2019,"0021800254","20181121",4.7,26.15,FALSE
1627783,"Pascal Siakam","1610612761","Toronto Raptors",2019,"0021800254","20181121",-22.8,6.65,FALSE
1627783,"Pascal Siakam","1610612761","Toronto Raptors",2019,"0021800254","20181121",0.2,5.85,FALSE
1627783,"Pascal Siakam","1610612761","Toronto Raptors",2019,"0021800254","20181121",0.6,7.35,TRUE
1627783,"Pascal Siakam","1610612761","Toronto Raptors",2019,"0021800254","20181121",-0.5,6.65,TRUE
1627783,"Pascal Siakam","1610612761","Toronto Raptors",2019,"0021800254","20181121",-2.7,10.95,TRUE
1627783,"Pascal Siakam","1610612761","Toronto Raptors",2019,"0021800254","20181121",-0.2,17.35,TRUE
1627783,"Pascal Siakam","1610612761","Toronto Raptors",2019,"0021800254","20181121",-4.4,8.35,TRUE
1627783,"Pascal Siakam","1610612761","Toronto Raptors",2019,"0021800254","20181121",-23.3,11.15,FALSE
1627783,"Pascal Siakam","1610612761","Toronto Raptors",2019,"0021800254","20181121",-0.4,6.35,TRUE
1627783,"Pascal Siakam","1610612761","Toronto Raptors",2019,"0021800254","20181121",-0.4,6.85,TRUE
1627783,"Pascal Siakam","1610612761","Toronto Raptors",2019,"0021800254","20181121",-5.9,6.95,TRUE
1627783,"Pascal Siakam","1610612761","Toronto Raptors",2019,"0021800254","20181121",22.8,9.05,TRUE
1627783,"Pascal Siakam","1610612761","Toronto Raptors",2019,"0021800271","20181123",-1.6,6.45,FALSE
1627783,"Pascal Siakam","1610612761","Toronto Raptors",2019,"0021800271","20181123",22.6,5.15,TRUE
1627783,"Pascal Siakam","1610612761","Toronto Raptors",2019,"0021800271","20181123",-9,10.45,TRUE
1627783,"Pascal Siakam","1610612761","Toronto Raptors",2019,"0021800271","20181123",3.2,14.45,FALSE
1627783,"Pascal Siakam","1610612761","Toronto Raptors",2019,"0021800271","20181123",1.1,6.65,FALSE
1627783,"Pascal Siakam","1610612761","Toronto Raptors",2019,"0021800290","20181125",0.1,5.85,TRUE
1627783,"Pascal Siakam","1610612761","Toronto Raptors",2019,"0021800290","20181125",17.1,25.25,TRUE
1627783,"Pascal Siakam","1610612761","Toronto Raptors",2019,"0021800290","20181125",-1.8,6.55,TRUE
1627783,"Pascal Siakam","1610612761","Toronto Raptors",2019,"0021800290","20181125",-0.3,5.85,TRUE
1627783,"Pascal Siakam","1610612761","Toronto Raptors",2019,"0021800290","20181125",0.8,9.85,FALSE
1627783,"Pascal Siakam","1610612761","Toronto Raptors",2019,"0021800290","20181125",1,5.25,TRUE
1627783,"Pascal Siakam","1610612761","Toronto Raptors",2019,"0021800290","20181125",-3,8.75,TRUE
1627783,"Pascal Siakam","1610612761","Toronto Raptors",2019,"0021800290","20181125",-0.9,5.65,TRUE
1627783,"Pascal Siakam","1610612761","Toronto Raptors",2019,"0021800290","20181125",-1.7,5.75,TRUE
1627783,"Pascal Siakam","1610612761","Toronto Raptors",2019,"0021800303","20181127",1.8,7.55,TRUE
1627783,"Pascal Siakam","1610612761","Toronto Raptors",2019,"0021800303","20181127",22.3,7.85,FALSE
1627783,"Pascal Siakam","1610612761","Toronto Raptors",2019,"0021800303","20181127",2.8,17.95,TRUE
1627783,"Pascal Siakam","1610612761","Toronto Raptors",2019,"0021800303","20181127",-3.5,7.45,TRUE
1627783,"Pascal Siakam","1610612761","Toronto Raptors",2019,"0021800303","20181127",6,7.45,FALSE
1627783,"Pascal Siakam","1610612761","Toronto Raptors",2019,"0021800316","20181129",16.9,25.65,TRUE
1627783,"Pascal Siakam","1610612761","Toronto Raptors",2019,"0021800316","20181129",-0.4,5.95,TRUE
1627783,"Pascal Siakam","1610612761","Toronto Raptors",2019,"0021800316","20181129",-1.3,6.85,TRUE
1627783,"Pascal Siakam","1610612761","Toronto Raptors",2019,"0021800316","20181129",-23.3,7.35,TRUE
1627783,"Pascal Siakam","1610612761","Toronto Raptors",2019,"0021800316","20181129",0.7,5.65,TRUE
1627783,"Pascal Siakam","1610612761","Toronto Raptors",2019,"0021800316","20181129",23.6,4.85,TRUE
1627783,"Pascal Siakam","1610612761","Toronto Raptors",2019,"0021800316","20181129",1.1,5.15,TRUE
1627783,"Pascal Siakam","1610612761","Toronto Raptors",2019,"0021800316","20181129",-3.9,6.55,FALSE
1627783,"Pascal Siakam","1610612761","Toronto Raptors",2019,"0021800316","20181129",-1.8,8.85,TRUE
1627783,"Pascal Siakam","1610612761","Toronto Raptors",2019,"0021800316","20181129",-24.2,6.25,FALSE
1627783,"Pascal Siakam","1610612761","Toronto Raptors",2019,"0021800332","20181201",1.5,11.15,FALSE
1627783,"Pascal Siakam","1610612761","Toronto Raptors",2019,"0021800332","20181201",-6.1,11.95,FALSE
1627783,"Pascal Siakam","1610612761","Toronto Raptors",2019,"0021800332","20181201",-15.3,27.15,FALSE
1627783,"Pascal Siakam","1610612761","Toronto Raptors",2019,"0021800332","20181201",12.8,9.05,TRUE
1627783,"Pascal Siakam","1610612761","Toronto Raptors",2019,"0021800332","20181201",1.6,7.25,FALSE
1627783,"Pascal Siakam","1610612761","Toronto Raptors",2019,"0021800332","20181201",-8.3,13.15,TRUE
1627783,"Pascal Siakam","1610612761","Toronto Raptors",2019,"0021800332","20181201",-4.6,10.55,TRUE
1627783,"Pascal Siakam","1610612761","Toronto Raptors",2019,"0021800332","20181201",1.2,5.25,TRUE
1627783,"Pascal Siakam","1610612761","Toronto Raptors",2019,"0021800332","20181201",-0.8,12.85,TRUE
1627783,"Pascal Siakam","1610612761","Toronto Raptors",2019,"0021800332","20181201",-1.4,5.35,TRUE
1627783,"Pascal Siakam","1610612761","Toronto Raptors",2019,"0021800332","20181201",21.5,19.65,FALSE
1627783,"Pascal Siakam","1610612761","Toronto Raptors",2019,"0021800347","20181203",0.1,6.35,TRUE
1627783,"Pascal Siakam","1610612761","Toronto Raptors",2019,"0021800347","20181203",1.3,5.95,TRUE
1627783,"Pascal Siakam","1610612761","Toronto Raptors",2019,"0021800347","20181203",-1,6.45,TRUE
1627783,"Pascal Siakam","1610612761","Toronto Raptors",2019,"0021800347","20181203",22.9,7.75,FALSE
1627783,"Pascal Siakam","1610612761","Toronto Raptors",2019,"0021800347","20181203",-1,11.25,TRUE
1627783,"Pascal Siakam","1610612761","Toronto Raptors",2019,"0021800347","20181203",-0.6,6.35,FALSE
1627783,"Pascal Siakam","1610612761","Toronto Raptors",2019,"0021800347","20181203",-2.4,5.35,TRUE
1627783,"Pascal Siakam","1610612761","Toronto Raptors",2019,"0021800347","20181203",-1.3,5.35,TRUE
1627783,"Pascal Siakam","1610612761","Toronto Raptors",2019,"0021800347","20181203",0,5.55,TRUE
1627783,"Pascal Siakam","1610612761","Toronto Raptors",2019,"0021800347","20181203",-9.3,29.85,FALSE
1627783,"Pascal Siakam","1610612761","Toronto Raptors",2019,"0021800359","20181205",-0.4,6.75,FALSE
1627783,"Pascal Siakam","1610612761","Toronto Raptors",2019,"0021800359","20181205",-2.2,5.15,FALSE
1627783,"Pascal Siakam","1610612761","Toronto Raptors",2019,"0021800359","20181205",2.8,6.95,FALSE
1627783,"Pascal Siakam","1610612761","Toronto Raptors",2019,"0021800359","20181205",0,5.55,TRUE
1627783,"Pascal Siakam","1610612761","Toronto Raptors",2019,"0021800359","20181205",-1.9,5.65,FALSE
1627783,"Pascal Siakam","1610612761","Toronto Raptors",2019,"0021800359","20181205",1.1,6.55,FALSE
1627783,"Pascal Siakam","1610612761","Toronto Raptors",2019,"0021800359","20181205",-3.2,5.65,TRUE
1627783,"Pascal Siakam","1610612761","Toronto Raptors",2019,"0021800359","20181205",0.4,4.75,TRUE
1627783,"Pascal Siakam","1610612761","Toronto Raptors",2019,"0021800371","20181207",-0.3,10.35,FALSE
1627783,"Pascal Siakam","1610612761","Toronto Raptors",2019,"0021800371","20181207",17.8,21.95,FALSE
1627783,"Pascal Siakam","1610612761","Toronto Raptors",2019,"0021800371","20181207",2.7,7.65,TRUE
1627783,"Pascal Siakam","1610612761","Toronto Raptors",2019,"0021800371","20181207",-2.5,7.75,TRUE
1627783,"Pascal Siakam","1610612761","Toronto Raptors",2019,"0021800371","20181207",-2.7,6.75,FALSE
1627783,"Pascal Siakam","1610612761","Toronto Raptors",2019,"0021800371","20181207",22.8,4.95,TRUE
1627783,"Pascal Siakam","1610612761","Toronto Raptors",2019,"0021800371","20181207",4.1,8.55,FALSE
1627783,"Pascal Siakam","1610612761","Toronto Raptors",2019,"0021800371","20181207",5.1,9.35,TRUE
1627783,"Pascal Siakam","1610612761","Toronto Raptors",2019,"0021800371","20181207",-1.8,9.05,FALSE
1627783,"Pascal Siakam","1610612761","Toronto Raptors",2019,"0021800371","20181207",23.5,7.85,FALSE
1627783,"Pascal Siakam","1610612761","Toronto Raptors",2019,"0021800371","20181207",-1.5,10.75,FALSE
1627783,"Pascal Siakam","1610612761","Toronto Raptors",2019,"0021800371","20181207",1.8,8.65,TRUE
1627783,"Pascal Siakam","1610612761","Toronto Raptors",2019,"0021800371","20181207",-3,7.05,FALSE
1627783,"Pascal Siakam","1610612761","Toronto Raptors",2019,"0021800371","20181207",-3.1,7.25,FALSE
1627783,"Pascal Siakam","1610612761","Toronto Raptors",2019,"0021800371","20181207",-2.9,7.25,TRUE
1627783,"Pascal Siakam","1610612761","Toronto Raptors",2019,"0021800388","20181209",-22.8,6.85,TRUE
1627783,"Pascal Siakam","1610612761","Toronto Raptors",2019,"0021800388","20181209",-2.5,7.75,TRUE
1627783,"Pascal Siakam","1610612761","Toronto Raptors",2019,"0021800388","20181209",-8.2,10.95,TRUE
1627783,"Pascal Siakam","1610612761","Toronto Raptors",2019,"0021800388","20181209",-3,15.55,FALSE
1627783,"Pascal Siakam","1610612761","Toronto Raptors",2019,"0021800388","20181209",-0.2,7.25,FALSE
1627783,"Pascal Siakam","1610612761","Toronto Raptors",2019,"0021800388","20181209",14.9,63.55,FALSE
1627783,"Pascal Siakam","1610612761","Toronto Raptors",2019,"0021800388","20181209",3.5,10.95,TRUE
1627783,"Pascal Siakam","1610612761","Toronto Raptors",2019,"0021800388","20181209",-5.8,29.35,FALSE
1627783,"Pascal Siakam","1610612761","Toronto Raptors",2019,"0021800388","20181209",-22.8,15.45,TRUE
1627783,"Pascal Siakam","1610612761","Toronto Raptors",2019,"0021800388","20181209",2.7,12.65,FALSE
1627783,"Pascal Siakam","1610612761","Toronto Raptors",2019,"0021800388","20181209",0,7.05,TRUE
1627783,"Pascal Siakam","1610612761","Toronto Raptors",2019,"0021800388","20181209",-3,6.75,TRUE
1627783,"Pascal Siakam","1610612761","Toronto Raptors",2019,"0021800404","20181211",-0.8,5.95,TRUE
1627783,"Pascal Siakam","1610612761","Toronto Raptors",2019,"0021800404","20181211",-3.5,7.25,FALSE
1627783,"Pascal Siakam","1610612761","Toronto Raptors",2019,"0021800404","20181211",1.9,5.85,TRUE
1627783,"Pascal Siakam","1610612761","Toronto Raptors",2019,"0021800404","20181211",-22.2,4.85,FALSE
1627783,"Pascal Siakam","1610612761","Toronto Raptors",2019,"0021800404","20181211",5.2,11.15,TRUE
1627783,"Pascal Siakam","1610612761","Toronto Raptors",2019,"0021800404","20181211",1.7,6.55,TRUE
1627783,"Pascal Siakam","1610612761","Toronto Raptors",2019,"0021800404","20181211",-22.5,6.25,TRUE
1627783,"Pascal Siakam","1610612761","Toronto Raptors",2019,"0021800404","20181211",0.9,6.55,TRUE
1627783,"Pascal Siakam","1610612761","Toronto Raptors",2019,"0021800404","20181211",2.1,8.85,FALSE
1627783,"Pascal Siakam","1610612761","Toronto Raptors",2019,"0021800415","20181212",1.6,7.65,TRUE
1627783,"Pascal Siakam","1610612761","Toronto Raptors",2019,"0021800415","20181212",0.6,6.95,TRUE
1627783,"Pascal Siakam","1610612761","Toronto Raptors",2019,"0021800415","20181212",-6.7,9.75,FALSE
1627783,"Pascal Siakam","1610612761","Toronto Raptors",2019,"0021800415","20181212",22.3,4.25,TRUE
1627783,"Pascal Siakam","1610612761","Toronto Raptors",2019,"0021800415","20181212",22.8,5.25,FALSE
1627783,"Pascal Siakam","1610612761","Toronto Raptors",2019,"0021800415","20181212",-2,6.75,FALSE
1627783,"Pascal Siakam","1610612761","Toronto Raptors",2019,"0021800415","20181212",0.5,10.45,FALSE
1627783,"Pascal Siakam","1610612761","Toronto Raptors",2019,"0021800415","20181212",-1.5,6.85,TRUE
1627783,"Pascal Siakam","1610612761","Toronto Raptors",2019,"0021800415","20181212",-9.7,9.55,TRUE
1627783,"Pascal Siakam","1610612761","Toronto Raptors",2019,"0021800415","20181212",2.4,13.85,FALSE
1627783,"Pascal Siakam","1610612761","Toronto Raptors",2019,"0021800427","20181214",-3,8.85,FALSE
1627783,"Pascal Siakam","1610612761","Toronto Raptors",2019,"0021800427","20181214",1.8,5.85,FALSE
1627783,"Pascal Siakam","1610612761","Toronto Raptors",2019,"0021800427","20181214",-23,7.65,TRUE
1627783,"Pascal Siakam","1610612761","Toronto Raptors",2019,"0021800427","20181214",-22.8,6.75,TRUE
1627783,"Pascal Siakam","1610612761","Toronto Raptors",2019,"0021800427","20181214",1,6.55,TRUE
1627783,"Pascal Siakam","1610612761","Toronto Raptors",2019,"0021800427","20181214",-9.2,29.45,FALSE
1627783,"Pascal Siakam","1610612761","Toronto Raptors",2019,"0021800427","20181214",-0.9,30.25,FALSE
1627783,"Pascal Siakam","1610612761","Toronto Raptors",2019,"0021800427","20181214",4.7,8.95,FALSE
1627783,"Pascal Siakam","1610612761","Toronto Raptors",2019,"0021800459","20181219",4.4,10.95,FALSE
1627783,"Pascal Siakam","1610612761","Toronto Raptors",2019,"0021800459","20181219",-0.2,8.65,TRUE
1627783,"Pascal Siakam","1610612761","Toronto Raptors",2019,"0021800459","20181219",3.4,11.95,TRUE
1627783,"Pascal Siakam","1610612761","Toronto Raptors",2019,"0021800459","20181219",1,5.15,TRUE
1627783,"Pascal Siakam","1610612761","Toronto Raptors",2019,"0021800459","20181219",2.5,8.45,FALSE
1627783,"Pascal Siakam","1610612761","Toronto Raptors",2019,"0021800459","20181219",0.3,8.85,TRUE
1627783,"Pascal Siakam","1610612761","Toronto Raptors",2019,"0021800459","20181219",-2.8,6.65,FALSE
1627783,"Pascal Siakam","1610612761","Toronto Raptors",2019,"0021800459","20181219",-1.1,5.25,TRUE
1627783,"Pascal Siakam","1610612761","Toronto Raptors",2019,"0021800459","20181219",-1.1,4.55,TRUE
1627783,"Pascal Siakam","1610612761","Toronto Raptors",2019,"0021800459","20181219",2.2,4.75,FALSE
1627783,"Pascal Siakam","1610612761","Toronto Raptors",2019,"0021800470","20181221",-23.1,6.65,FALSE
1627783,"Pascal Siakam","1610612761","Toronto Raptors",2019,"0021800470","20181221",23.2,4.65,FALSE
1627783,"Pascal Siakam","1610612761","Toronto Raptors",2019,"0021800470","20181221",0,4.65,TRUE
1627783,"Pascal Siakam","1610612761","Toronto Raptors",2019,"0021800470","20181221",-1.4,7.65,FALSE
1627783,"Pascal Siakam","1610612761","Toronto Raptors",2019,"0021800470","20181221",0.5,10.75,TRUE
1627783,"Pascal Siakam","1610612761","Toronto Raptors",2019,"0021800470","20181221",-3.2,9.05,FALSE
1627783,"Pascal Siakam","1610612761","Toronto Raptors",2019,"0021800470","20181221",-1.6,6.75,FALSE
1627783,"Pascal Siakam","1610612761","Toronto Raptors",2019,"0021800470","20181221",-0.6,6.05,FALSE
1627783,"Pascal Siakam","1610612761","Toronto Raptors",2019,"0021800470","20181221",0.3,7.35,FALSE
1627783,"Pascal Siakam","1610612761","Toronto Raptors",2019,"0021800470","20181221",1,6.75,FALSE
1627783,"Pascal Siakam","1610612761","Toronto Raptors",2019,"0021800470","20181221",1.7,5.75,FALSE
1627783,"Pascal Siakam","1610612761","Toronto Raptors",2019,"0021800470","20181221",-0.2,5.85,TRUE
1627783,"Pascal Siakam","1610612761","Toronto Raptors",2019,"0021800470","20181221",23.4,7.95,TRUE
1627783,"Pascal Siakam","1610612761","Toronto Raptors",2019,"0021800470","20181221",-2.4,9.45,FALSE
1627783,"Pascal Siakam","1610612761","Toronto Raptors",2019,"0021800470","20181221",-1.1,6.35,TRUE
1627783,"Pascal Siakam","1610612761","Toronto Raptors",2019,"0021800470","20181221",-22.8,6.75,FALSE
1627783,"Pascal Siakam","1610612761","Toronto Raptors",2019,"0021800470","20181221",22.9,7.05,TRUE
1627783,"Pascal Siakam","1610612761","Toronto Raptors",2019,"0021800481","20181222",0.5,6.25,FALSE
1627783,"Pascal Siakam","1610612761","Toronto Raptors",2019,"0021800481","20181222",14.2,27.85,FALSE
1627783,"Pascal Siakam","1610612761","Toronto Raptors",2019,"0021800481","20181222",1.7,8.05,TRUE
1627783,"Pascal Siakam","1610612761","Toronto Raptors",2019,"0021800481","20181222",1.9,5.85,TRUE
1627783,"Pascal Siakam","1610612761","Toronto Raptors",2019,"0021800481","20181222",-0.5,7.35,TRUE
1627783,"Pascal Siakam","1610612761","Toronto Raptors",2019,"0021800481","20181222",-1.5,7.45,FALSE
1627783,"Pascal Siakam","1610612761","Toronto Raptors",2019,"0021800481","20181222",-3.5,31.05,FALSE
1627783,"Pascal Siakam","1610612761","Toronto Raptors",2019,"0021800481","20181222",2,6.85,TRUE
1627783,"Pascal Siakam","1610612761","Toronto Raptors",2019,"0021800481","20181222",13.1,29.45,FALSE
1627783,"Pascal Siakam","1610612761","Toronto Raptors",2019,"0021800481","20181222",0.7,6.05,TRUE
1627783,"Pascal Siakam","1610612761","Toronto Raptors",2019,"0021800481","20181222",-1.1,7.05,FALSE
1627783,"Pascal Siakam","1610612761","Toronto Raptors",2019,"0021800481","20181222",24.5,6.75,FALSE
1627783,"Pascal Siakam","1610612761","Toronto Raptors",2019,"0021800481","20181222",1.8,26.15,TRUE
1627783,"Pascal Siakam","1610612761","Toronto Raptors",2019,"0021800481","20181222",-0.5,6.85,FALSE
1627783,"Pascal Siakam","1610612761","Toronto Raptors",2019,"0021800481","20181222",0.3,6.25,TRUE
1627783,"Pascal Siakam","1610612761","Toronto Raptors",2019,"0021800481","20181222",0.6,13.15,TRUE
1627783,"Pascal Siakam","1610612761","Toronto Raptors",2019,"0021800481","20181222",0.2,7.45,TRUE
1627783,"Pascal Siakam","1610612761","Toronto Raptors",2019,"0021800481","20181222",21,19.25,FALSE
1627783,"Pascal Siakam","1610612761","Toronto Raptors",2019,"0021800481","20181222",-3,7.15,TRUE
1627783,"Pascal Siakam","1610612761","Toronto Raptors",2019,"0021800481","20181222",22.7,7.75,FALSE
1627783,"Pascal Siakam","1610612761","Toronto Raptors",2019,"0021800481","20181222",-2.4,6.15,TRUE
1627783,"Pascal Siakam","1610612761","Toronto Raptors",2019,"0021800506","20181226",-5.4,6.55,TRUE
1627783,"Pascal Siakam","1610612761","Toronto Raptors",2019,"0021800506","20181226",-4.9,9.95,FALSE
1627783,"Pascal Siakam","1610612761","Toronto Raptors",2019,"0021800506","20181226",-21.8,6.55,FALSE
1627783,"Pascal Siakam","1610612761","Toronto Raptors",2019,"0021800506","20181226",3.7,7.95,TRUE
1627783,"Pascal Siakam","1610612761","Toronto Raptors",2019,"0021800506","20181226",-1.1,8.35,TRUE
1627783,"Pascal Siakam","1610612761","Toronto Raptors",2019,"0021800506","20181226",-1.1,30.35,FALSE
1627783,"Pascal Siakam","1610612761","Toronto Raptors",2019,"0021800506","20181226",-1.3,7.65,TRUE
1627783,"Pascal Siakam","1610612761","Toronto Raptors",2019,"0021800519","20181228",-1.9,6.95,FALSE
1627783,"Pascal Siakam","1610612761","Toronto Raptors",2019,"0021800519","20181228",-1.6,8.45,FALSE
1627783,"Pascal Siakam","1610612761","Toronto Raptors",2019,"0021800519","20181228",-23.3,12.15,FALSE
1627783,"Pascal Siakam","1610612761","Toronto Raptors",2019,"0021800519","20181228",-3.2,6.95,TRUE
1627783,"Pascal Siakam","1610612761","Toronto Raptors",2019,"0021800519","20181228",-9.3,5.05,FALSE
1627783,"Pascal Siakam","1610612761","Toronto Raptors",2019,"0021800519","20181228",2.6,6.75,FALSE
1627783,"Pascal Siakam","1610612761","Toronto Raptors",2019,"0021800519","20181228",4.3,66.25,FALSE
1627783,"Pascal Siakam","1610612761","Toronto Raptors",2019,"0021800519","20181228",8.5,10.75,FALSE
1627783,"Pascal Siakam","1610612761","Toronto Raptors",2019,"0021800538","20181230",1.5,5.15,FALSE
1627783,"Pascal Siakam","1610612761","Toronto Raptors",2019,"0021800538","20181230",0.2,5.55,TRUE
1627783,"Pascal Siakam","1610612761","Toronto Raptors",2019,"0021800538","20181230",-4.9,6.05,FALSE
1627783,"Pascal Siakam","1610612761","Toronto Raptors",2019,"0021800538","20181230",-0.6,5.65,TRUE
1627783,"Pascal Siakam","1610612761","Toronto Raptors",2019,"0021800538","20181230",0.5,4.75,FALSE
1627783,"Pascal Siakam","1610612761","Toronto Raptors",2019,"0021800538","20181230",-3.2,7.15,FALSE
1627783,"Pascal Siakam","1610612761","Toronto Raptors",2019,"0021800538","20181230",-2,7.35,TRUE
1627783,"Pascal Siakam","1610612761","Toronto Raptors",2019,"0021800538","20181230",-1.8,6.05,TRUE
1627783,"Pascal Siakam","1610612761","Toronto Raptors",2019,"0021800538","20181230",0.3,8.65,FALSE
1627783,"Pascal Siakam","1610612761","Toronto Raptors",2019,"0021800538","20181230",0,4.65,TRUE
1627783,"Pascal Siakam","1610612761","Toronto Raptors",2019,"0021800538","20181230",-0.5,6.25,TRUE
1627783,"Pascal Siakam","1610612761","Toronto Raptors",2019,"0021800538","20181230",-23.1,5.85,TRUE
1627783,"Pascal Siakam","1610612761","Toronto Raptors",2019,"0021800549","20190101",-0.2,5.55,TRUE
1627783,"Pascal Siakam","1610612761","Toronto Raptors",2019,"0021800549","20190101",-3,8.25,FALSE
1627783,"Pascal Siakam","1610612761","Toronto Raptors",2019,"0021800549","20190101",0.9,6.25,FALSE
1627783,"Pascal Siakam","1610612761","Toronto Raptors",2019,"0021800549","20190101",-0.7,5.25,TRUE
1627783,"Pascal Siakam","1610612761","Toronto Raptors",2019,"0021800549","20190101",1.3,5.05,TRUE
1627783,"Pascal Siakam","1610612761","Toronto Raptors",2019,"0021800549","20190101",-0.1,5.15,TRUE
1627783,"Pascal Siakam","1610612761","Toronto Raptors",2019,"0021800549","20190101",-4.5,7.35,TRUE
1627783,"Pascal Siakam","1610612761","Toronto Raptors",2019,"0021800549","20190101",-5.5,30.85,TRUE
1627783,"Pascal Siakam","1610612761","Toronto Raptors",2019,"0021800549","20190101",-22.8,6.25,TRUE
1627783,"Pascal Siakam","1610612761","Toronto Raptors",2019,"0021800549","20190101",23.2,5.45,TRUE
1627783,"Pascal Siakam","1610612761","Toronto Raptors",2019,"0021800549","20190101",1.1,6.75,FALSE
1627783,"Pascal Siakam","1610612761","Toronto Raptors",2019,"0021800549","20190101",-4.4,8.05,FALSE
1627783,"Pascal Siakam","1610612761","Toronto Raptors",2019,"0021800549","20190101",3,6.25,FALSE
1627783,"Pascal Siakam","1610612761","Toronto Raptors",2019,"0021800549","20190101",1.2,6.05,TRUE
1627783,"Pascal Siakam","1610612761","Toronto Raptors",2019,"0021800549","20190101",23,5.45,FALSE
1627783,"Pascal Siakam","1610612761","Toronto Raptors",2019,"0021800563","20190103",0.3,6.95,FALSE
1627783,"Pascal Siakam","1610612761","Toronto Raptors",2019,"0021800563","20190103",-0.3,5.85,TRUE
1627783,"Pascal Siakam","1610612761","Toronto Raptors",2019,"0021800563","20190103",0.6,6.35,TRUE
1627783,"Pascal Siakam","1610612761","Toronto Raptors",2019,"0021800563","20190103",-22.8,6.05,FALSE
1627783,"Pascal Siakam","1610612761","Toronto Raptors",2019,"0021800563","20190103",23.4,6.25,FALSE
1627783,"Pascal Siakam","1610612761","Toronto Raptors",2019,"0021800563","20190103",-1,4.75,TRUE
1627783,"Pascal Siakam","1610612761","Toronto Raptors",2019,"0021800563","20190103",-1,6.45,FALSE
1627783,"Pascal Siakam","1610612761","Toronto Raptors",2019,"0021800563","20190103",-0.8,6.05,TRUE
1627783,"Pascal Siakam","1610612761","Toronto Raptors",2019,"0021800580","20190105",0.5,6.45,TRUE
1627783,"Pascal Siakam","1610612761","Toronto Raptors",2019,"0021800580","20190105",24.2,7.45,FALSE
1627783,"Pascal Siakam","1610612761","Toronto Raptors",2019,"0021800580","20190105",0.7,6.35,TRUE
1627783,"Pascal Siakam","1610612761","Toronto Raptors",2019,"0021800580","20190105",4.5,10.25,FALSE
1627783,"Pascal Siakam","1610612761","Toronto Raptors",2019,"0021800580","20190105",0.6,6.55,TRUE
1627783,"Pascal Siakam","1610612761","Toronto Raptors",2019,"0021800580","20190105",24.1,6.25,FALSE
1627783,"Pascal Siakam","1610612761","Toronto Raptors",2019,"0021800580","20190105",0.7,5.25,TRUE
1627783,"Pascal Siakam","1610612761","Toronto Raptors",2019,"0021800580","20190105",-1.7,6.65,TRUE
1627783,"Pascal Siakam","1610612761","Toronto Raptors",2019,"0021800580","20190105",-2.7,33.75,TRUE
1627783,"Pascal Siakam","1610612761","Toronto Raptors",2019,"0021800580","20190105",-4.9,6.55,TRUE
1627783,"Pascal Siakam","1610612761","Toronto Raptors",2019,"0021800580","20190105",2,13.15,FALSE
1627783,"Pascal Siakam","1610612761","Toronto Raptors",2019,"0021800580","20190105",-10.1,30.55,TRUE
1627783,"Pascal Siakam","1610612761","Toronto Raptors",2019,"0021800580","20190105",1.3,6.75,TRUE
1627783,"Pascal Siakam","1610612761","Toronto Raptors",2019,"0021800580","20190105",22.3,8.85,TRUE
1627783,"Pascal Siakam","1610612761","Toronto Raptors",2019,"0021800580","20190105",0.3,6.15,TRUE
1627783,"Pascal Siakam","1610612761","Toronto Raptors",2019,"0021800589","20190106",8.2,21.55,TRUE
1627783,"Pascal Siakam","1610612761","Toronto Raptors",2019,"0021800589","20190106",-3.5,7.05,TRUE
1627783,"Pascal Siakam","1610612761","Toronto Raptors",2019,"0021800589","20190106",-2.5,8.65,FALSE
1627783,"Pascal Siakam","1610612761","Toronto Raptors",2019,"0021800589","20190106",3.6,7.05,FALSE
1627783,"Pascal Siakam","1610612761","Toronto Raptors",2019,"0021800589","20190106",1.6,13.55,FALSE
1627783,"Pascal Siakam","1610612761","Toronto Raptors",2019,"0021800589","20190106",-1.7,6.55,TRUE
1627783,"Pascal Siakam","1610612761","Toronto Raptors",2019,"0021800589","20190106",-0.6,6.65,TRUE
1627783,"Pascal Siakam","1610612761","Toronto Raptors",2019,"0021800589","20190106",12.9,26.35,FALSE
1627783,"Pascal Siakam","1610612761","Toronto Raptors",2019,"0021800602","20190108",23,8.55,FALSE
1627783,"Pascal Siakam","1610612761","Toronto Raptors",2019,"0021800602","20190108",-1.6,7.55,TRUE
1627783,"Pascal Siakam","1610612761","Toronto Raptors",2019,"0021800602","20190108",-1.4,7.25,TRUE
1627783,"Pascal Siakam","1610612761","Toronto Raptors",2019,"0021800602","20190108",17.9,23.15,FALSE
1627783,"Pascal Siakam","1610612761","Toronto Raptors",2019,"0021800602","20190108",-0.3,8.65,FALSE
1627783,"Pascal Siakam","1610612761","Toronto Raptors",2019,"0021800602","20190108",0.5,6.05,FALSE
1627783,"Pascal Siakam","1610612761","Toronto Raptors",2019,"0021800602","20190108",-0.2,5.85,TRUE
1627783,"Pascal Siakam","1610612761","Toronto Raptors",2019,"0021800602","20190108",-0.7,5.35,TRUE
1627783,"Pascal Siakam","1610612761","Toronto Raptors",2019,"0021800602","20190108",-3.2,10.95,FALSE
1627783,"Pascal Siakam","1610612761","Toronto Raptors",2019,"0021800602","20190108",-23,4.85,FALSE
1627783,"Pascal Siakam","1610612761","Toronto Raptors",2019,"0021800602","20190108",-1.3,5.35,TRUE
1627783,"Pascal Siakam","1610612761","Toronto Raptors",2019,"0021800602","20190108",-1.6,6.55,FALSE
1627783,"Pascal Siakam","1610612761","Toronto Raptors",2019,"0021800602","20190108",-1.8,6.55,TRUE
1627783,"Pascal Siakam","1610612761","Toronto Raptors",2019,"0021800624","20190111",-1.7,5.25,FALSE
1627783,"Pascal Siakam","1610612761","Toronto Raptors",2019,"0021800624","20190111",0,4.65,FALSE
1627783,"Pascal Siakam","1610612761","Toronto Raptors",2019,"0021800624","20190111",-2.2,10.75,FALSE
1627783,"Pascal Siakam","1610612761","Toronto Raptors",2019,"0021800624","20190111",-10.3,7.45,TRUE
1627783,"Pascal Siakam","1610612761","Toronto Raptors",2019,"0021800624","20190111",-2.4,5.15,TRUE
1627783,"Pascal Siakam","1610612761","Toronto Raptors",2019,"0021800624","20190111",-22.9,3.65,FALSE
1627783,"Pascal Siakam","1610612761","Toronto Raptors",2019,"0021800624","20190111",-0.6,5.85,TRUE
1627783,"Pascal Siakam","1610612761","Toronto Raptors",2019,"0021800624","20190111",0.1,6.55,TRUE
1627783,"Pascal Siakam","1610612761","Toronto Raptors",2019,"0021800624","20190111",0.1,6.25,TRUE
1627783,"Pascal Siakam","1610612761","Toronto Raptors",2019,"0021800624","20190111",-1.8,5.85,FALSE
1627783,"Pascal Siakam","1610612761","Toronto Raptors",2019,"0021800624","20190111",7.1,31.05,FALSE
1627783,"Pascal Siakam","1610612761","Toronto Raptors",2019,"0021800624","20190111",-4.3,7.05,FALSE
1627783,"Pascal Siakam","1610612761","Toronto Raptors",2019,"0021800624","20190111",-0.8,6.75,TRUE
1627783,"Pascal Siakam","1610612761","Toronto Raptors",2019,"0021800639","20190113",-1.1,7.35,FALSE
1627783,"Pascal Siakam","1610612761","Toronto Raptors",2019,"0021800639","20190113",-1.1,8.15,TRUE
1627783,"Pascal Siakam","1610612761","Toronto Raptors",2019,"0021800639","20190113",-1.7,12.45,TRUE
1627783,"Pascal Siakam","1610612761","Toronto Raptors",2019,"0021800639","20190113",0.4,6.85,TRUE
1627783,"Pascal Siakam","1610612761","Toronto Raptors",2019,"0021800639","20190113",2.5,15.85,TRUE
1627783,"Pascal Siakam","1610612761","Toronto Raptors",2019,"0021800639","20190113",-0.2,7.25,FALSE
1627783,"Pascal Siakam","1610612761","Toronto Raptors",2019,"0021800639","20190113",-4.1,15.25,FALSE
1627783,"Pascal Siakam","1610612761","Toronto Raptors",2019,"0021800639","20190113",1.6,7.65,TRUE
1627783,"Pascal Siakam","1610612761","Toronto Raptors",2019,"0021800639","20190113",-7.6,12.35,FALSE
1627783,"Pascal Siakam","1610612761","Toronto Raptors",2019,"0021800639","20190113",1.4,6.35,TRUE
1627783,"Pascal Siakam","1610612761","Toronto Raptors",2019,"0021800639","20190113",-22.2,18.65,FALSE
1627783,"Pascal Siakam","1610612761","Toronto Raptors",2019,"0021800639","20190113",0,4.65,TRUE
1627783,"Pascal Siakam","1610612761","Toronto Raptors",2019,"0021800639","20190113",0,4.65,FALSE
1627783,"Pascal Siakam","1610612761","Toronto Raptors",2019,"0021800639","20190113",2.9,12.85,TRUE
1627783,"Pascal Siakam","1610612761","Toronto Raptors",2019,"0021800639","20190113",-0.5,6.85,TRUE
1627783,"Pascal Siakam","1610612761","Toronto Raptors",2019,"0021800639","20190113",14.9,26.85,FALSE
1627783,"Pascal Siakam","1610612761","Toronto Raptors",2019,"0021800658","20190116",-0.7,7.65,TRUE
1627783,"Pascal Siakam","1610612761","Toronto Raptors",2019,"0021800658","20190116",4.6,7.65,FALSE
1627783,"Pascal Siakam","1610612761","Toronto Raptors",2019,"0021800658","20190116",-6.5,6.75,TRUE
1627783,"Pascal Siakam","1610612761","Toronto Raptors",2019,"0021800658","20190116",-1.8,7.25,FALSE
1627783,"Pascal Siakam","1610612761","Toronto Raptors",2019,"0021800658","20190116",14.7,7.35,FALSE
1627783,"Pascal Siakam","1610612761","Toronto Raptors",2019,"0021800658","20190116",1.8,6.45,TRUE
1627783,"Pascal Siakam","1610612761","Toronto Raptors",2019,"0021800668","20190117",-23,7.45,FALSE
1627783,"Pascal Siakam","1610612761","Toronto Raptors",2019,"0021800668","20190117",-0.6,5.65,TRUE
1627783,"Pascal Siakam","1610612761","Toronto Raptors",2019,"0021800668","20190117",-3.8,9.95,TRUE
1627783,"Pascal Siakam","1610612761","Toronto Raptors",2019,"0021800668","20190117",-23.6,5.55,FALSE
1627783,"Pascal Siakam","1610612761","Toronto Raptors",2019,"0021800668","20190117",-3.9,6.65,TRUE
1627783,"Pascal Siakam","1610612761","Toronto Raptors",2019,"0021800668","20190117",23.2,5.05,FALSE
1627783,"Pascal Siakam","1610612761","Toronto Raptors",2019,"0021800668","20190117",2.5,8.45,FALSE
1627783,"Pascal Siakam","1610612761","Toronto Raptors",2019,"0021800668","20190117",1.6,4.45,TRUE
1627783,"Pascal Siakam","1610612761","Toronto Raptors",2019,"0021800684","20190119",-4.3,9.05,FALSE
1627783,"Pascal Siakam","1610612761","Toronto Raptors",2019,"0021800684","20190119",1.7,6.25,FALSE
1627783,"Pascal Siakam","1610612761","Toronto Raptors",2019,"0021800684","20190119",-0.6,5.65,TRUE
1627783,"Pascal Siakam","1610612761","Toronto Raptors",2019,"0021800684","20190119",0.3,6.45,TRUE
1627783,"Pascal Siakam","1610612761","Toronto Raptors",2019,"0021800684","20190119",-4.3,31.15,FALSE
1627783,"Pascal Siakam","1610612761","Toronto Raptors",2019,"0021800684","20190119",-0.3,8.55,TRUE
1627783,"Pascal Siakam","1610612761","Toronto Raptors",2019,"0021800684","20190119",0.5,6.75,TRUE
1627783,"Pascal Siakam","1610612761","Toronto Raptors",2019,"0021800684","20190119",1.2,9.45,FALSE
1627783,"Pascal Siakam","1610612761","Toronto Raptors",2019,"0021800684","20190119",0,4.65,FALSE
1627783,"Pascal Siakam","1610612761","Toronto Raptors",2019,"0021800684","20190119",-0.9,4.45,TRUE
1627783,"Pascal Siakam","1610612761","Toronto Raptors",2019,"0021800684","20190119",-0.1,5.05,TRUE
1627783,"Pascal Siakam","1610612761","Toronto Raptors",2019,"0021800684","20190119",3.8,5.75,TRUE
1627783,"Pascal Siakam","1610612761","Toronto Raptors",2019,"0021800702","20190122",-2.1,8.05,FALSE
1627783,"Pascal Siakam","1610612761","Toronto Raptors",2019,"0021800702","20190122",22.8,4.35,TRUE
1627783,"Pascal Siakam","1610612761","Toronto Raptors",2019,"0021800702","20190122",-2.4,6.45,FALSE
1627783,"Pascal Siakam","1610612761","Toronto Raptors",2019,"0021800702","20190122",0.3,14.65,TRUE
1627783,"Pascal Siakam","1610612761","Toronto Raptors",2019,"0021800702","20190122",-5.8,6.75,FALSE
1627783,"Pascal Siakam","1610612761","Toronto Raptors",2019,"0021800702","20190122",0.3,7.75,TRUE
1627783,"Pascal Siakam","1610612761","Toronto Raptors",2019,"0021800702","20190122",22.9,6.85,FALSE
1627783,"Pascal Siakam","1610612761","Toronto Raptors",2019,"0021800702","20190122",-22.9,5.75,FALSE
1627783,"Pascal Siakam","1610612761","Toronto Raptors",2019,"0021800702","20190122",1,6.05,TRUE
1627783,"Pascal Siakam","1610612761","Toronto Raptors",2019,"0021800702","20190122",0,4.65,TRUE
1627783,"Pascal Siakam","1610612761","Toronto Raptors",2019,"0021800702","20190122",-23,5.25,FALSE
1627783,"Pascal Siakam","1610612761","Toronto Raptors",2019,"0021800702","20190122",-2.8,5.65,TRUE
1627783,"Pascal Siakam","1610612761","Toronto Raptors",2019,"0021800702","20190122",-0.8,6.15,TRUE
1627783,"Pascal Siakam","1610612761","Toronto Raptors",2019,"0021800702","20190122",-2.5,6.95,TRUE
1627783,"Pascal Siakam","1610612761","Toronto Raptors",2019,"0021800706","20190123",-23.1,6.65,FALSE
1627783,"Pascal Siakam","1610612761","Toronto Raptors",2019,"0021800706","20190123",22.8,9.75,TRUE
1627783,"Pascal Siakam","1610612761","Toronto Raptors",2019,"0021800706","20190123",-0.3,7.45,FALSE
1627783,"Pascal Siakam","1610612761","Toronto Raptors",2019,"0021800706","20190123",-22.9,5.85,FALSE
1627783,"Pascal Siakam","1610612761","Toronto Raptors",2019,"0021800706","20190123",-2.2,6.15,FALSE
1627783,"Pascal Siakam","1610612761","Toronto Raptors",2019,"0021800706","20190123",5.3,5.55,TRUE
1627783,"Pascal Siakam","1610612761","Toronto Raptors",2019,"0021800706","20190123",-11.9,6.75,FALSE
1627783,"Pascal Siakam","1610612761","Toronto Raptors",2019,"0021800706","20190123",-3.3,16.85,FALSE
1627783,"Pascal Siakam","1610612761","Toronto Raptors",2019,"0021800706","20190123",-4.3,5.65,TRUE
1627783,"Pascal Siakam","1610612761","Toronto Raptors",2019,"0021800706","20190123",-23.9,7.75,FALSE
1627783,"Pascal Siakam","1610612761","Toronto Raptors",2019,"0021800706","20190123",-0.6,6.55,TRUE
1627783,"Pascal Siakam","1610612761","Toronto Raptors",2019,"0021800706","20190123",-1.3,5.95,FALSE
1627783,"Pascal Siakam","1610612761","Toronto Raptors",2019,"0021800706","20190123",4,8.05,FALSE
1627783,"Pascal Siakam","1610612761","Toronto Raptors",2019,"0021800706","20190123",-9.8,4.75,FALSE
1627783,"Pascal Siakam","1610612761","Toronto Raptors",2019,"0021800706","20190123",0.9,4.85,TRUE
1627783,"Pascal Siakam","1610612761","Toronto Raptors",2019,"0021800706","20190123",-1,12.65,FALSE
1627783,"Pascal Siakam","1610612761","Toronto Raptors",2019,"0021800724","20190125",-0.2,6.75,TRUE
1627783,"Pascal Siakam","1610612761","Toronto Raptors",2019,"0021800724","20190125",-4.9,10.25,FALSE
1627783,"Pascal Siakam","1610612761","Toronto Raptors",2019,"0021800724","20190125",-2.2,6.35,FALSE
1627783,"Pascal Siakam","1610612761","Toronto Raptors",2019,"0021800724","20190125",-1.2,12.05,TRUE
1627783,"Pascal Siakam","1610612761","Toronto Raptors",2019,"0021800724","20190125",2.2,5.65,TRUE
1627783,"Pascal Siakam","1610612761","Toronto Raptors",2019,"0021800724","20190125",2.9,6.05,TRUE
1627783,"Pascal Siakam","1610612761","Toronto Raptors",2019,"0021800724","20190125",-5.6,8.35,FALSE
1627783,"Pascal Siakam","1610612761","Toronto Raptors",2019,"0021800724","20190125",-3,6.55,TRUE
1627783,"Pascal Siakam","1610612761","Toronto Raptors",2019,"0021800724","20190125",-0.5,4.65,TRUE
1627783,"Pascal Siakam","1610612761","Toronto Raptors",2019,"0021800724","20190125",-6.9,14.05,FALSE
1627783,"Pascal Siakam","1610612761","Toronto Raptors",2019,"0021800724","20190125",-1.1,18.35,FALSE
1627783,"Pascal Siakam","1610612761","Toronto Raptors",2019,"0021800724","20190125",-0.6,9.55,FALSE
1627783,"Pascal Siakam","1610612761","Toronto Raptors",2019,"0021800724","20190125",-2.6,5.95,TRUE
1627783,"Pascal Siakam","1610612761","Toronto Raptors",2019,"0021800724","20190125",-23.4,6.55,TRUE
1627783,"Pascal Siakam","1610612761","Toronto Raptors",2019,"0021800724","20190125",-22.8,4.65,TRUE
1627783,"Pascal Siakam","1610612761","Toronto Raptors",2019,"0021800739","20190127",-2.8,6.65,TRUE
1627783,"Pascal Siakam","1610612761","Toronto Raptors",2019,"0021800739","20190127",-22.9,4.85,TRUE
1627783,"Pascal Siakam","1610612761","Toronto Raptors",2019,"0021800739","20190127",-14.2,26.05,FALSE
1627783,"Pascal Siakam","1610612761","Toronto Raptors",2019,"0021800739","20190127",-0.2,11.85,FALSE
1627783,"Pascal Siakam","1610612761","Toronto Raptors",2019,"0021800739","20190127",-4.6,9.35,FALSE
1627783,"Pascal Siakam","1610612761","Toronto Raptors",2019,"0021800739","20190127",-0.2,6.65,TRUE
1627783,"Pascal Siakam","1610612761","Toronto Raptors",2019,"0021800739","20190127",13,29.45,FALSE
1627783,"Pascal Siakam","1610612761","Toronto Raptors",2019,"0021800739","20190127",0.2,7.95,FALSE
1627783,"Pascal Siakam","1610612761","Toronto Raptors",2019,"0021800739","20190127",-3,7.05,FALSE
1627783,"Pascal Siakam","1610612761","Toronto Raptors",2019,"0021800739","20190127",-8.4,6.55,FALSE
1627783,"Pascal Siakam","1610612761","Toronto Raptors",2019,"0021800739","20190127",-2.6,9.15,TRUE
1627783,"Pascal Siakam","1610612761","Toronto Raptors",2019,"0021800766","20190131",7,22.65,TRUE
1627783,"Pascal Siakam","1610612761","Toronto Raptors",2019,"0021800766","20190131",-0.3,4.75,TRUE
1627783,"Pascal Siakam","1610612761","Toronto Raptors",2019,"0021800766","20190131",-18.6,22.95,TRUE
1627783,"Pascal Siakam","1610612761","Toronto Raptors",2019,"0021800766","20190131",10,29.55,FALSE
1627783,"Pascal Siakam","1610612761","Toronto Raptors",2019,"0021800766","20190131",-1.1,5.85,TRUE
1627783,"Pascal Siakam","1610612761","Toronto Raptors",2019,"0021800766","20190131",1.2,9.65,TRUE
1627783,"Pascal Siakam","1610612761","Toronto Raptors",2019,"0021800766","20190131",2.5,7.05,TRUE
1627783,"Pascal Siakam","1610612761","Toronto Raptors",2019,"0021800766","20190131",0.9,8.65,FALSE
1627783,"Pascal Siakam","1610612761","Toronto Raptors",2019,"0021800766","20190131",-2.5,6.85,TRUE
1627783,"Pascal Siakam","1610612761","Toronto Raptors",2019,"0021800766","20190131",-0.3,4.85,TRUE
1627783,"Pascal Siakam","1610612761","Toronto Raptors",2019,"0021800766","20190131",-22.6,7.85,TRUE
1627783,"Pascal Siakam","1610612761","Toronto Raptors",2019,"0021800766","20190131",-0.6,12.35,TRUE
1627783,"Pascal Siakam","1610612761","Toronto Raptors",2019,"0021800766","20190131",0,4.65,TRUE
1627783,"Pascal Siakam","1610612761","Toronto Raptors",2019,"0021800766","20190131",-4.6,7.55,FALSE
1627783,"Pascal Siakam","1610612761","Toronto Raptors",2019,"0021800766","20190131",-1.9,6.05,TRUE
1627783,"Pascal Siakam","1610612761","Toronto Raptors",2019,"0021800766","20190131",-3.1,7.25,FALSE
1627783,"Pascal Siakam","1610612761","Toronto Raptors",2019,"0021800766","20190131",-4,8.85,FALSE
1627783,"Pascal Siakam","1610612761","Toronto Raptors",2019,"0021800766","20190131",1.4,8.35,FALSE
1627783,"Pascal Siakam","1610612761","Toronto Raptors",2019,"0021800766","20190131",2.8,6.25,FALSE
1627783,"Pascal Siakam","1610612761","Toronto Raptors",2019,"0021800789","20190203",23.9,5.25,FALSE
1627783,"Pascal Siakam","1610612761","Toronto Raptors",2019,"0021800789","20190203",23.1,7.55,TRUE
1627783,"Pascal Siakam","1610612761","Toronto Raptors",2019,"0021800789","20190203",-22.7,6.25,FALSE
1627783,"Pascal Siakam","1610612761","Toronto Raptors",2019,"0021800789","20190203",-1.5,8.95,FALSE
1627783,"Pascal Siakam","1610612761","Toronto Raptors",2019,"0021800789","20190203",0,4.65,FALSE
1627783,"Pascal Siakam","1610612761","Toronto Raptors",2019,"0021800789","20190203",-1.7,10.45,FALSE
1627783,"Pascal Siakam","1610612761","Toronto Raptors",2019,"0021800789","20190203",-4.4,9.45,TRUE
1627783,"Pascal Siakam","1610612761","Toronto Raptors",2019,"0021800789","20190203",-0.5,6.55,TRUE
1627783,"Pascal Siakam","1610612761","Toronto Raptors",2019,"0021800789","20190203",-4.1,10.25,TRUE
1627783,"Pascal Siakam","1610612761","Toronto Raptors",2019,"0021800789","20190203",22.2,12.15,FALSE
1627783,"Pascal Siakam","1610612761","Toronto Raptors",2019,"0021800800","20190205",-22.2,17.85,FALSE
1627783,"Pascal Siakam","1610612761","Toronto Raptors",2019,"0021800800","20190205",-1.8,7.45,FALSE
1627783,"Pascal Siakam","1610612761","Toronto Raptors",2019,"0021800800","20190205",-21.7,18.35,TRUE
1627783,"Pascal Siakam","1610612761","Toronto Raptors",2019,"0021800800","20190205",-23.9,10.25,TRUE
1627783,"Pascal Siakam","1610612761","Toronto Raptors",2019,"0021800800","20190205",-0.3,6.75,TRUE
1627783,"Pascal Siakam","1610612761","Toronto Raptors",2019,"0021800800","20190205",12,28.45,FALSE
1627783,"Pascal Siakam","1610612761","Toronto Raptors",2019,"0021800800","20190205",1.6,7.75,FALSE
1627783,"Pascal Siakam","1610612761","Toronto Raptors",2019,"0021800800","20190205",-3.9,7.35,FALSE
1627783,"Pascal Siakam","1610612761","Toronto Raptors",2019,"0021800800","20190205",-1.9,8.95,TRUE
1627783,"Pascal Siakam","1610612761","Toronto Raptors",2019,"0021800800","20190205",16.5,24.95,FALSE
1627783,"Pascal Siakam","1610612761","Toronto Raptors",2019,"0021800800","20190205",3.7,10.25,TRUE
1627783,"Pascal Siakam","1610612761","Toronto Raptors",2019,"0021800800","20190205",-4.5,6.15,FALSE
1627783,"Pascal Siakam","1610612761","Toronto Raptors",2019,"0021800800","20190205",-4.3,8.75,TRUE
1627783,"Pascal Siakam","1610612761","Toronto Raptors",2019,"0021800800","20190205",22.6,4.15,FALSE
1627783,"Pascal Siakam","1610612761","Toronto Raptors",2019,"0021800800","20190205",-0.8,5.65,TRUE
1627783,"Pascal Siakam","1610612761","Toronto Raptors",2019,"0021800813","20190207",0.3,6.55,FALSE
1627783,"Pascal Siakam","1610612761","Toronto Raptors",2019,"0021800813","20190207",-0.8,6.65,TRUE
1627783,"Pascal Siakam","1610612761","Toronto Raptors",2019,"0021800813","20190207",-22.4,6.35,FALSE
1627783,"Pascal Siakam","1610612761","Toronto Raptors",2019,"0021800813","20190207",23.1,8.85,FALSE
1627783,"Pascal Siakam","1610612761","Toronto Raptors",2019,"0021800813","20190207",-2.5,8.15,FALSE
1627783,"Pascal Siakam","1610612761","Toronto Raptors",2019,"0021800813","20190207",0,6.55,TRUE
1627783,"Pascal Siakam","1610612761","Toronto Raptors",2019,"0021800813","20190207",-0.6,6.95,TRUE
1627783,"Pascal Siakam","1610612761","Toronto Raptors",2019,"0021800813","20190207",-1.4,14.65,FALSE
1627783,"Pascal Siakam","1610612761","Toronto Raptors",2019,"0021800813","20190207",22.7,8.15,TRUE
1627783,"Pascal Siakam","1610612761","Toronto Raptors",2019,"0021800813","20190207",22.8,13.55,TRUE
1627783,"Pascal Siakam","1610612761","Toronto Raptors",2019,"0021800813","20190207",0.3,6.35,TRUE
1627783,"Pascal Siakam","1610612761","Toronto Raptors",2019,"0021800813","20190207",-0.1,6.35,TRUE
1627783,"Pascal Siakam","1610612761","Toronto Raptors",2019,"0021800813","20190207",-3.6,30.25,FALSE
1627783,"Pascal Siakam","1610612761","Toronto Raptors",2019,"0021800813","20190207",-0.3,6.55,TRUE
1627783,"Pascal Siakam","1610612761","Toronto Raptors",2019,"0021800813","20190207",-3.7,12.05,TRUE
1627783,"Pascal Siakam","1610612761","Toronto Raptors",2019,"0021800813","20190207",0,4.65,TRUE
1627783,"Pascal Siakam","1610612761","Toronto Raptors",2019,"0021800813","20190207",0.1,6.75,TRUE
1627783,"Pascal Siakam","1610612761","Toronto Raptors",2019,"0021800813","20190207",-13.6,18.25,TRUE
1627783,"Pascal Siakam","1610612761","Toronto Raptors",2019,"0021800813","20190207",-0.3,11.65,FALSE
1627783,"Pascal Siakam","1610612761","Toronto Raptors",2019,"0021800813","20190207",0,8.15,FALSE
1627783,"Pascal Siakam","1610612761","Toronto Raptors",2019,"0021800828","20190209",0,5.55,FALSE
1627783,"Pascal Siakam","1610612761","Toronto Raptors",2019,"0021800828","20190209",-0.3,6.15,FALSE
1627783,"Pascal Siakam","1610612761","Toronto Raptors",2019,"0021800828","20190209",-3.5,8.65,TRUE
1627783,"Pascal Siakam","1610612761","Toronto Raptors",2019,"0021800828","20190209",-1.2,6.75,FALSE
1627783,"Pascal Siakam","1610612761","Toronto Raptors",2019,"0021800828","20190209",-2.2,18.25,FALSE
1627783,"Pascal Siakam","1610612761","Toronto Raptors",2019,"0021800828","20190209",-2.4,7.35,TRUE
1627783,"Pascal Siakam","1610612761","Toronto Raptors",2019,"0021800828","20190209",-22.8,7.15,FALSE
1627783,"Pascal Siakam","1610612761","Toronto Raptors",2019,"0021800828","20190209",-1.8,5.85,TRUE
1627783,"Pascal Siakam","1610612761","Toronto Raptors",2019,"0021800828","20190209",22.2,3.25,FALSE
1627783,"Pascal Siakam","1610612761","Toronto Raptors",2019,"0021800828","20190209",0,4.65,FALSE
1627783,"Pascal Siakam","1610612761","Toronto Raptors",2019,"0021800828","20190209",-3.2,5.85,FALSE
1627783,"Pascal Siakam","1610612761","Toronto Raptors",2019,"0021800828","20190209",23.2,6.85,FALSE
1627783,"Pascal Siakam","1610612761","Toronto Raptors",2019,"0021800828","20190209",-0.2,13.35,FALSE
1627783,"Pascal Siakam","1610612761","Toronto Raptors",2019,"0021800842","20190211",0,10.95,FALSE
1627783,"Pascal Siakam","1610612761","Toronto Raptors",2019,"0021800842","20190211",-6.7,16.95,TRUE
1627783,"Pascal Siakam","1610612761","Toronto Raptors",2019,"0021800842","20190211",4.9,24.55,FALSE
1627783,"Pascal Siakam","1610612761","Toronto Raptors",2019,"0021800842","20190211",-2.4,6.15,FALSE
1627783,"Pascal Siakam","1610612761","Toronto Raptors",2019,"0021800842","20190211",-0.9,8.15,TRUE
1627783,"Pascal Siakam","1610612761","Toronto Raptors",2019,"0021800842","20190211",-22.8,5.85,FALSE
1627783,"Pascal Siakam","1610612761","Toronto Raptors",2019,"0021800842","20190211",-2.4,6.55,FALSE
1627783,"Pascal Siakam","1610612761","Toronto Raptors",2019,"0021800842","20190211",-1.1,6.45,FALSE
1627783,"Pascal Siakam","1610612761","Toronto Raptors",2019,"0021800842","20190211",-2,6.05,FALSE
1627783,"Pascal Siakam","1610612761","Toronto Raptors",2019,"0021800842","20190211",-3,7.05,TRUE
1627783,"Pascal Siakam","1610612761","Toronto Raptors",2019,"0021800842","20190211",0,12.65,TRUE
1627783,"Pascal Siakam","1610612761","Toronto Raptors",2019,"0021800842","20190211",-1.1,5.95,TRUE
1627783,"Pascal Siakam","1610612761","Toronto Raptors",2019,"0021800842","20190211",0.1,15.45,TRUE
1627783,"Pascal Siakam","1610612761","Toronto Raptors",2019,"0021800857","20190213",-4,8.85,FALSE
1627783,"Pascal Siakam","1610612761","Toronto Raptors",2019,"0021800857","20190213",0.2,5.35,TRUE
1627783,"Pascal Siakam","1610612761","Toronto Raptors",2019,"0021800857","20190213",-0.4,6.75,FALSE
1627783,"Pascal Siakam","1610612761","Toronto Raptors",2019,"0021800857","20190213",0.3,8.15,TRUE
1627783,"Pascal Siakam","1610612761","Toronto Raptors",2019,"0021800857","20190213",23.4,4.95,TRUE
1627783,"Pascal Siakam","1610612761","Toronto Raptors",2019,"0021800857","20190213",0.2,13.65,FALSE
1627783,"Pascal Siakam","1610612761","Toronto Raptors",2019,"0021800857","20190213",0,9.85,TRUE
1627783,"Pascal Siakam","1610612761","Toronto Raptors",2019,"0021800857","20190213",20.4,20.65,TRUE
1627783,"Pascal Siakam","1610612761","Toronto Raptors",2019,"0021800857","20190213",-24.1,7.75,FALSE
1627783,"Pascal Siakam","1610612761","Toronto Raptors",2019,"0021800857","20190213",1.5,8.25,FALSE
1627783,"Pascal Siakam","1610612761","Toronto Raptors",2019,"0021800857","20190213",23.8,4.25,TRUE
1627783,"Pascal Siakam","1610612761","Toronto Raptors",2019,"0021800857","20190213",-2.7,6.35,TRUE
1627783,"Pascal Siakam","1610612761","Toronto Raptors",2019,"0021800857","20190213",-0.1,5.35,TRUE
1627783,"Pascal Siakam","1610612761","Toronto Raptors",2019,"0021800857","20190213",-13,6.75,FALSE
1627783,"Pascal Siakam","1610612761","Toronto Raptors",2019,"0021800857","20190213",1.4,5.75,FALSE
1627783,"Pascal Siakam","1610612761","Toronto Raptors",2019,"0021800857","20190213",0.4,5.05,TRUE
1627783,"Pascal Siakam","1610612761","Toronto Raptors",2019,"0021800857","20190213",0.2,6.55,FALSE
1627783,"Pascal Siakam","1610612761","Toronto Raptors",2019,"0021800857","20190213",0,4.65,TRUE
1627783,"Pascal Siakam","1610612761","Toronto Raptors",2019,"0021800857","20190213",-23.7,5.15,TRUE
1627783,"Pascal Siakam","1610612761","Toronto Raptors",2019,"0021800857","20190213",1,8.95,TRUE
1627783,"Pascal Siakam","1610612761","Toronto Raptors",2019,"0021800857","20190213",0,5.05,TRUE
1627783,"Pascal Siakam","1610612761","Toronto Raptors",2019,"0021800857","20190213",3.1,9.45,TRUE
1627783,"Pascal Siakam","1610612761","Toronto Raptors",2019,"0021800857","20190213",-0.7,11.05,FALSE
1627783,"Pascal Siakam","1610612761","Toronto Raptors",2019,"0021800857","20190213",-0.6,5.15,TRUE
1627783,"Pascal Siakam","1610612761","Toronto Raptors",2019,"0021800857","20190213",-0.3,12.35,FALSE
1627783,"Pascal Siakam","1610612761","Toronto Raptors",2019,"0021800876","20190222",-1.8,6.65,TRUE
1627783,"Pascal Siakam","1610612761","Toronto Raptors",2019,"0021800876","20190222",-4.6,8.45,FALSE
1627783,"Pascal Siakam","1610612761","Toronto Raptors",2019,"0021800876","20190222",23.1,4.15,TRUE
1627783,"Pascal Siakam","1610612761","Toronto Raptors",2019,"0021800876","20190222",-0.8,17.95,FALSE
1627783,"Pascal Siakam","1610612761","Toronto Raptors",2019,"0021800876","20190222",-23.7,3.65,TRUE
1627783,"Pascal Siakam","1610612761","Toronto Raptors",2019,"0021800876","20190222",-0.8,6.45,TRUE
1627783,"Pascal Siakam","1610612761","Toronto Raptors",2019,"0021800876","20190222",4.1,13.35,TRUE
1627783,"Pascal Siakam","1610612761","Toronto Raptors",2019,"0021800876","20190222",-2,9.45,TRUE
1627783,"Pascal Siakam","1610612761","Toronto Raptors",2019,"0021800876","20190222",-0.3,12.55,FALSE
1627783,"Pascal Siakam","1610612761","Toronto Raptors",2019,"0021800876","20190222",0,4.65,TRUE
1627783,"Pascal Siakam","1610612761","Toronto Raptors",2019,"0021800894","20190224",-3.2,9.85,TRUE
1627783,"Pascal Siakam","1610612761","Toronto Raptors",2019,"0021800894","20190224",22.6,5.35,FALSE
1627783,"Pascal Siakam","1610612761","Toronto Raptors",2019,"0021800894","20190224",-23.3,6.05,TRUE
1627783,"Pascal Siakam","1610612761","Toronto Raptors",2019,"0021800894","20190224",-2.1,7.85,FALSE
1627783,"Pascal Siakam","1610612761","Toronto Raptors",2019,"0021800894","20190224",22.8,4.25,TRUE
1627783,"Pascal Siakam","1610612761","Toronto Raptors",2019,"0021800894","20190224",0.4,6.95,FALSE
1627783,"Pascal Siakam","1610612761","Toronto Raptors",2019,"0021800894","20190224",22.5,1.95,FALSE
1627783,"Pascal Siakam","1610612761","Toronto Raptors",2019,"0021800894","20190224",0.5,9.25,FALSE
1627783,"Pascal Siakam","1610612761","Toronto Raptors",2019,"0021800894","20190224",0,8.75,FALSE
1627783,"Pascal Siakam","1610612761","Toronto Raptors",2019,"0021800894","20190224",-0.7,5.25,FALSE
1627783,"Pascal Siakam","1610612761","Toronto Raptors",2019,"0021800909","20190226",23.1,5.55,FALSE
1627783,"Pascal Siakam","1610612761","Toronto Raptors",2019,"0021800909","20190226",-23,5.65,TRUE
1627783,"Pascal Siakam","1610612761","Toronto Raptors",2019,"0021800909","20190226",-4.9,5.35,TRUE
1627783,"Pascal Siakam","1610612761","Toronto Raptors",2019,"0021800909","20190226",-2.9,13.45,FALSE
1627783,"Pascal Siakam","1610612761","Toronto Raptors",2019,"0021800909","20190226",23.3,4.15,TRUE
1627783,"Pascal Siakam","1610612761","Toronto Raptors",2019,"0021800909","20190226",23.6,4.55,TRUE
1627783,"Pascal Siakam","1610612761","Toronto Raptors",2019,"0021800909","20190226",-0.2,7.95,FALSE
1627783,"Pascal Siakam","1610612761","Toronto Raptors",2019,"0021800909","20190226",0,4.65,FALSE
1627783,"Pascal Siakam","1610612761","Toronto Raptors",2019,"0021800909","20190226",-0.3,5.25,TRUE
1627783,"Pascal Siakam","1610612761","Toronto Raptors",2019,"0021800909","20190226",4.3,8.65,FALSE
1627783,"Pascal Siakam","1610612761","Toronto Raptors",2019,"0021800909","20190226",1.6,15.15,FALSE
1627783,"Pascal Siakam","1610612761","Toronto Raptors",2019,"0021800909","20190226",23.2,6.25,TRUE
1627783,"Pascal Siakam","1610612761","Toronto Raptors",2019,"0021800909","20190226",-0.3,6.35,TRUE
1627783,"Pascal Siakam","1610612761","Toronto Raptors",2019,"0021800909","20190226",0.3,11.75,TRUE
1627783,"Pascal Siakam","1610612761","Toronto Raptors",2019,"0021800909","20190226",2.7,12.85,TRUE
1627783,"Pascal Siakam","1610612761","Toronto Raptors",2019,"0021800909","20190226",0.3,7.05,TRUE
1627783,"Pascal Siakam","1610612761","Toronto Raptors",2019,"0021800930","20190301",-10.5,7.45,FALSE
1627783,"Pascal Siakam","1610612761","Toronto Raptors",2019,"0021800930","20190301",23.4,4.65,TRUE
1627783,"Pascal Siakam","1610612761","Toronto Raptors",2019,"0021800930","20190301",-2.4,5.85,TRUE
1627783,"Pascal Siakam","1610612761","Toronto Raptors",2019,"0021800930","20190301",22.7,4.25,TRUE
1627783,"Pascal Siakam","1610612761","Toronto Raptors",2019,"0021800930","20190301",0.3,5.65,TRUE
1627783,"Pascal Siakam","1610612761","Toronto Raptors",2019,"0021800930","20190301",20.9,20.05,FALSE
1627783,"Pascal Siakam","1610612761","Toronto Raptors",2019,"0021800930","20190301",23.4,6.55,FALSE
1627783,"Pascal Siakam","1610612761","Toronto Raptors",2019,"0021800930","20190301",1.8,6.25,FALSE
1627783,"Pascal Siakam","1610612761","Toronto Raptors",2019,"0021800949","20190303",23.3,4.85,FALSE
1627783,"Pascal Siakam","1610612761","Toronto Raptors",2019,"0021800949","20190303",4,18.15,TRUE
1627783,"Pascal Siakam","1610612761","Toronto Raptors",2019,"0021800949","20190303",15.6,6.95,FALSE
1627783,"Pascal Siakam","1610612761","Toronto Raptors",2019,"0021800949","20190303",-2.3,6.95,TRUE
1627783,"Pascal Siakam","1610612761","Toronto Raptors",2019,"0021800949","20190303",2.2,16.65,FALSE
1627783,"Pascal Siakam","1610612761","Toronto Raptors",2019,"0021800949","20190303",-3,8.95,TRUE
1627783,"Pascal Siakam","1610612761","Toronto Raptors",2019,"0021800949","20190303",0,4.65,TRUE
1627783,"Pascal Siakam","1610612761","Toronto Raptors",2019,"0021800949","20190303",-4.4,6.85,FALSE
1627783,"Pascal Siakam","1610612761","Toronto Raptors",2019,"0021800949","20190303",1.5,6.65,TRUE
1627783,"Pascal Siakam","1610612761","Toronto Raptors",2019,"0021800949","20190303",-4.5,13.55,TRUE
1627783,"Pascal Siakam","1610612761","Toronto Raptors",2019,"0021800949","20190303",-23.9,4.15,FALSE
1627783,"Pascal Siakam","1610612761","Toronto Raptors",2019,"0021800949","20190303",-3.6,29.35,FALSE
1627783,"Pascal Siakam","1610612761","Toronto Raptors",2019,"0021800949","20190303",-5.5,6.25,FALSE
1627783,"Pascal Siakam","1610612761","Toronto Raptors",2019,"0021800949","20190303",-22.7,13.65,TRUE
1627783,"Pascal Siakam","1610612761","Toronto Raptors",2019,"0021800949","20190303",-2.5,10.15,FALSE
1627783,"Pascal Siakam","1610612761","Toronto Raptors",2019,"0021800949","20190303",-1.3,9.65,FALSE
1627783,"Pascal Siakam","1610612761","Toronto Raptors",2019,"0021800949","20190303",-7.4,6.75,TRUE
1627783,"Pascal Siakam","1610612761","Toronto Raptors",2019,"0021800949","20190303",-2.2,7.85,TRUE
1627783,"Pascal Siakam","1610612761","Toronto Raptors",2019,"0021800949","20190303",2.9,6.45,TRUE
1627783,"Pascal Siakam","1610612761","Toronto Raptors",2019,"0021800949","20190303",-1.3,8.05,FALSE
1627783,"Pascal Siakam","1610612761","Toronto Raptors",2019,"0021800961","20190305",-1.4,7.25,FALSE
1627783,"Pascal Siakam","1610612761","Toronto Raptors",2019,"0021800961","20190305",-22.8,4.85,FALSE
1627783,"Pascal Siakam","1610612761","Toronto Raptors",2019,"0021800961","20190305",-0.9,11.15,FALSE
1627783,"Pascal Siakam","1610612761","Toronto Raptors",2019,"0021800961","20190305",0,4.65,TRUE
1627783,"Pascal Siakam","1610612761","Toronto Raptors",2019,"0021800961","20190305",-20.9,18.25,TRUE
1627783,"Pascal Siakam","1610612761","Toronto Raptors",2019,"0021800961","20190305",-22.5,4.75,TRUE
1627783,"Pascal Siakam","1610612761","Toronto Raptors",2019,"0021800961","20190305",-23.4,5.55,FALSE
1627783,"Pascal Siakam","1610612761","Toronto Raptors",2019,"0021800961","20190305",-2,14.85,TRUE
1627783,"Pascal Siakam","1610612761","Toronto Raptors",2019,"0021800961","20190305",1.5,5.55,TRUE
1627783,"Pascal Siakam","1610612761","Toronto Raptors",2019,"0021800961","20190305",-2.5,9.35,TRUE
1627783,"Pascal Siakam","1610612761","Toronto Raptors",2019,"0021800961","20190305",-1.6,5.35,TRUE
1627783,"Pascal Siakam","1610612761","Toronto Raptors",2019,"0021800961","20190305",-6.1,10.75,FALSE
1627783,"Pascal Siakam","1610612761","Toronto Raptors",2019,"0021800983","20190308",-22.6,9.25,TRUE
1627783,"Pascal Siakam","1610612761","Toronto Raptors",2019,"0021800983","20190308",-22.6,6.35,FALSE
1627783,"Pascal Siakam","1610612761","Toronto Raptors",2019,"0021800983","20190308",-1.7,5.85,TRUE
1627783,"Pascal Siakam","1610612761","Toronto Raptors",2019,"0021800983","20190308",6.4,29.75,FALSE
1627783,"Pascal Siakam","1610612761","Toronto Raptors",2019,"0021800983","20190308",-23,5.15,FALSE
1627783,"Pascal Siakam","1610612761","Toronto Raptors",2019,"0021800983","20190308",-0.1,5.35,TRUE
1627783,"Pascal Siakam","1610612761","Toronto Raptors",2019,"0021800983","20190308",-1.8,15.35,FALSE
1627783,"Pascal Siakam","1610612761","Toronto Raptors",2019,"0021800983","20190308",0.8,7.45,TRUE
1627783,"Pascal Siakam","1610612761","Toronto Raptors",2019,"0021800983","20190308",-0.4,5.65,TRUE
1627783,"Pascal Siakam","1610612761","Toronto Raptors",2019,"0021800983","20190308",0,7.35,TRUE
1627783,"Pascal Siakam","1610612761","Toronto Raptors",2019,"0021800983","20190308",2.8,6.95,TRUE
1627783,"Pascal Siakam","1610612761","Toronto Raptors",2019,"0021800983","20190308",-8.9,8.65,FALSE
1627783,"Pascal Siakam","1610612761","Toronto Raptors",2019,"0021800983","20190308",1.9,5.95,FALSE
1627783,"Pascal Siakam","1610612761","Toronto Raptors",2019,"0021800983","20190308",-2.6,6.75,FALSE
1627783,"Pascal Siakam","1610612761","Toronto Raptors",2019,"0021800983","20190308",-1.6,5.95,FALSE
1627783,"Pascal Siakam","1610612761","Toronto Raptors",2019,"0021800993","20190310",23.1,4.95,TRUE
1627783,"Pascal Siakam","1610612761","Toronto Raptors",2019,"0021800993","20190310",-23.7,4.45,FALSE
1627783,"Pascal Siakam","1610612761","Toronto Raptors",2019,"0021800993","20190310",-1.5,5.95,TRUE
1627783,"Pascal Siakam","1610612761","Toronto Raptors",2019,"0021800993","20190310",1.4,6.05,TRUE
1627783,"Pascal Siakam","1610612761","Toronto Raptors",2019,"0021800993","20190310",9.5,13.35,TRUE
1627783,"Pascal Siakam","1610612761","Toronto Raptors",2019,"0021800993","20190310",-4.9,10.25,FALSE
1627783,"Pascal Siakam","1610612761","Toronto Raptors",2019,"0021800993","20190310",6.5,13.25,FALSE
1627783,"Pascal Siakam","1610612761","Toronto Raptors",2019,"0021800993","20190310",-0.6,6.65,TRUE
1627783,"Pascal Siakam","1610612761","Toronto Raptors",2019,"0021800993","20190310",-1.1,5.85,TRUE
1627783,"Pascal Siakam","1610612761","Toronto Raptors",2019,"0021800993","20190310",-0.7,5.65,TRUE
1627783,"Pascal Siakam","1610612761","Toronto Raptors",2019,"0021800993","20190310",-0.5,5.35,FALSE
1627783,"Pascal Siakam","1610612761","Toronto Raptors",2019,"0021800993","20190310",-0.8,5.65,TRUE
1627783,"Pascal Siakam","1610612761","Toronto Raptors",2019,"0021801001","20190311",22.5,4.55,FALSE
1627783,"Pascal Siakam","1610612761","Toronto Raptors",2019,"0021801001","20190311",-16.1,25.05,FALSE
1627783,"Pascal Siakam","1610612761","Toronto Raptors",2019,"0021801001","20190311",-6.8,11.45,TRUE
1627783,"Pascal Siakam","1610612761","Toronto Raptors",2019,"0021801001","20190311",9.7,17.25,TRUE
1627783,"Pascal Siakam","1610612761","Toronto Raptors",2019,"0021801001","20190311",-0.5,7.65,FALSE
1627783,"Pascal Siakam","1610612761","Toronto Raptors",2019,"0021801001","20190311",-1.7,6.25,TRUE
1627783,"Pascal Siakam","1610612761","Toronto Raptors",2019,"0021801001","20190311",-21.9,20.75,FALSE
1627783,"Pascal Siakam","1610612761","Toronto Raptors",2019,"0021801001","20190311",-1.2,12.75,FALSE
1627783,"Pascal Siakam","1610612761","Toronto Raptors",2019,"0021801001","20190311",-0.7,5.75,TRUE
1627783,"Pascal Siakam","1610612761","Toronto Raptors",2019,"0021801001","20190311",23.9,5.15,FALSE
1627783,"Pascal Siakam","1610612761","Toronto Raptors",2019,"0021801001","20190311",6.7,12.05,TRUE
1627783,"Pascal Siakam","1610612761","Toronto Raptors",2019,"0021801001","20190311",-0.2,4.45,FALSE
1627783,"Pascal Siakam","1610612761","Toronto Raptors",2019,"0021801001","20190311",-2.6,11.65,TRUE
1627783,"Pascal Siakam","1610612761","Toronto Raptors",2019,"0021801023","20190314",23,5.25,FALSE
1627783,"Pascal Siakam","1610612761","Toronto Raptors",2019,"0021801023","20190314",0,9.35,FALSE
1627783,"Pascal Siakam","1610612761","Toronto Raptors",2019,"0021801023","20190314",-22.7,5.15,FALSE
1627783,"Pascal Siakam","1610612761","Toronto Raptors",2019,"0021801023","20190314",2.3,7.25,TRUE
1627783,"Pascal Siakam","1610612761","Toronto Raptors",2019,"0021801023","20190314",-4.3,17.95,FALSE
1627783,"Pascal Siakam","1610612761","Toronto Raptors",2019,"0021801023","20190314",-23.4,5.95,FALSE
1627783,"Pascal Siakam","1610612761","Toronto Raptors",2019,"0021801023","20190314",5.1,12.05,FALSE
1627783,"Pascal Siakam","1610612761","Toronto Raptors",2019,"0021801023","20190314",-1.5,8.95,FALSE
1627783,"Pascal Siakam","1610612761","Toronto Raptors",2019,"0021801023","20190314",-8.5,7.65,FALSE
1627783,"Pascal Siakam","1610612761","Toronto Raptors",2019,"0021801023","20190314",-6.5,8.65,TRUE
1627783,"Pascal Siakam","1610612761","Toronto Raptors",2019,"0021801023","20190314",-2.7,6.15,FALSE
1627783,"Pascal Siakam","1610612761","Toronto Raptors",2019,"0021801023","20190314",-1.8,6.15,FALSE
1627783,"Pascal Siakam","1610612761","Toronto Raptors",2019,"0021801023","20190314",-0.2,7.35,TRUE
1627783,"Pascal Siakam","1610612761","Toronto Raptors",2019,"0021801023","20190314",-0.6,8.15,FALSE
1627783,"Pascal Siakam","1610612761","Toronto Raptors",2019,"0021801023","20190314",-16.5,26.65,FALSE
1627783,"Pascal Siakam","1610612761","Toronto Raptors",2019,"0021801023","20190314",-1.1,9.35,FALSE
1627783,"Pascal Siakam","1610612761","Toronto Raptors",2019,"0021801044","20190317",-10.6,14.35,TRUE
1627783,"Pascal Siakam","1610612761","Toronto Raptors",2019,"0021801044","20190317",19.5,7.75,FALSE
1627783,"Pascal Siakam","1610612761","Toronto Raptors",2019,"0021801044","20190317",-23,6.45,FALSE
1627783,"Pascal Siakam","1610612761","Toronto Raptors",2019,"0021801044","20190317",-2.9,12.35,TRUE
1627783,"Pascal Siakam","1610612761","Toronto Raptors",2019,"0021801044","20190317",-8.1,5.25,FALSE
1627783,"Pascal Siakam","1610612761","Toronto Raptors",2019,"0021801044","20190317",-2.2,5.95,TRUE
1627783,"Pascal Siakam","1610612761","Toronto Raptors",2019,"0021801044","20190317",23,20.65,FALSE
1627783,"Pascal Siakam","1610612761","Toronto Raptors",2019,"0021801044","20190317",0.5,6.55,TRUE
1627783,"Pascal Siakam","1610612761","Toronto Raptors",2019,"0021801044","20190317",-3.3,9.95,FALSE
1627783,"Pascal Siakam","1610612761","Toronto Raptors",2019,"0021801044","20190317",8.9,10.85,FALSE
1627783,"Pascal Siakam","1610612761","Toronto Raptors",2019,"0021801044","20190317",1.3,5.05,TRUE
1627783,"Pascal Siakam","1610612761","Toronto Raptors",2019,"0021801044","20190317",4.2,8.35,TRUE
1627783,"Pascal Siakam","1610612761","Toronto Raptors",2019,"0021801044","20190317",10.6,5.55,FALSE
1627783,"Pascal Siakam","1610612761","Toronto Raptors",2019,"0021801053","20190318",-0.4,12.55,FALSE
1627783,"Pascal Siakam","1610612761","Toronto Raptors",2019,"0021801053","20190318",-2.7,6.95,TRUE
1627783,"Pascal Siakam","1610612761","Toronto Raptors",2019,"0021801053","20190318",1.4,9.05,TRUE
1627783,"Pascal Siakam","1610612761","Toronto Raptors",2019,"0021801053","20190318",-0.3,11.55,FALSE
1627783,"Pascal Siakam","1610612761","Toronto Raptors",2019,"0021801053","20190318",-0.8,5.75,TRUE
1627783,"Pascal Siakam","1610612761","Toronto Raptors",2019,"0021801053","20190318",20.2,22.45,FALSE
1627783,"Pascal Siakam","1610612761","Toronto Raptors",2019,"0021801053","20190318",-23.4,7.45,TRUE
1627783,"Pascal Siakam","1610612761","Toronto Raptors",2019,"0021801053","20190318",0.8,3.65,TRUE
1627783,"Pascal Siakam","1610612761","Toronto Raptors",2019,"0021801053","20190318",-0.1,5.15,TRUE
1627783,"Pascal Siakam","1610612761","Toronto Raptors",2019,"0021801053","20190318",-1.1,6.05,TRUE
1627783,"Pascal Siakam","1610612761","Toronto Raptors",2019,"0021801053","20190318",-22.9,5.85,FALSE
1627783,"Pascal Siakam","1610612761","Toronto Raptors",2019,"0021801053","20190318",-0.3,5.05,TRUE
1627783,"Pascal Siakam","1610612761","Toronto Raptors",2019,"0021801053","20190318",1.1,5.15,TRUE
1627783,"Pascal Siakam","1610612761","Toronto Raptors",2019,"0021801053","20190318",0.2,7.65,FALSE
1627783,"Pascal Siakam","1610612761","Toronto Raptors",2019,"0021801072","20190320",-2.1,6.75,FALSE
1627783,"Pascal Siakam","1610612761","Toronto Raptors",2019,"0021801072","20190320",1.3,5.95,TRUE
1627783,"Pascal Siakam","1610612761","Toronto Raptors",2019,"0021801072","20190320",-2.5,5.85,TRUE
1627783,"Pascal Siakam","1610612761","Toronto Raptors",2019,"0021801072","20190320",0.9,5.65,FALSE
1627783,"Pascal Siakam","1610612761","Toronto Raptors",2019,"0021801072","20190320",-4.6,6.35,TRUE
1627783,"Pascal Siakam","1610612761","Toronto Raptors",2019,"0021801072","20190320",-1.6,5.45,TRUE
1627783,"Pascal Siakam","1610612761","Toronto Raptors",2019,"0021801072","20190320",-2.4,5.25,TRUE
1627783,"Pascal Siakam","1610612761","Toronto Raptors",2019,"0021801072","20190320",-22.8,7.05,FALSE
1627783,"Pascal Siakam","1610612761","Toronto Raptors",2019,"0021801072","20190320",0.5,6.45,TRUE
1627783,"Pascal Siakam","1610612761","Toronto Raptors",2019,"0021801072","20190320",22.9,5.85,TRUE
1627783,"Pascal Siakam","1610612761","Toronto Raptors",2019,"0021801072","20190320",0,7.75,TRUE
1627783,"Pascal Siakam","1610612761","Toronto Raptors",2019,"0021801072","20190320",23.2,6.25,FALSE
1627783,"Pascal Siakam","1610612761","Toronto Raptors",2019,"0021801072","20190320",-10.1,22.65,FALSE
1627783,"Pascal Siakam","1610612761","Toronto Raptors",2019,"0021801072","20190320",23,3.95,FALSE
1627783,"Pascal Siakam","1610612761","Toronto Raptors",2019,"0021801072","20190320",1.4,5.85,TRUE
1627783,"Pascal Siakam","1610612761","Toronto Raptors",2019,"0021801072","20190320",-2.8,7.25,TRUE
1627783,"Pascal Siakam","1610612761","Toronto Raptors",2019,"0021801072","20190320",0,6.25,TRUE
1627783,"Pascal Siakam","1610612761","Toronto Raptors",2019,"0021801072","20190320",0.5,4.65,TRUE
1627783,"Pascal Siakam","1610612761","Toronto Raptors",2019,"0021801072","20190320",12.3,6.05,FALSE
1627783,"Pascal Siakam","1610612761","Toronto Raptors",2019,"0021801072","20190320",-0.7,5.65,TRUE
1627783,"Pascal Siakam","1610612761","Toronto Raptors",2019,"0021801072","20190320",0.3,6.05,TRUE
1627783,"Pascal Siakam","1610612761","Toronto Raptors",2019,"0021801083","20190322",-23.4,6.55,TRUE
1627783,"Pascal Siakam","1610612761","Toronto Raptors",2019,"0021801083","20190322",0,4.65,TRUE
1627783,"Pascal Siakam","1610612761","Toronto Raptors",2019,"0021801083","20190322",1.3,10.05,TRUE
1627783,"Pascal Siakam","1610612761","Toronto Raptors",2019,"0021801083","20190322",0.8,6.25,TRUE
1627783,"Pascal Siakam","1610612761","Toronto Raptors",2019,"0021801083","20190322",2.2,8.15,TRUE
1627783,"Pascal Siakam","1610612761","Toronto Raptors",2019,"0021801083","20190322",-0.2,9.85,TRUE
1627783,"Pascal Siakam","1610612761","Toronto Raptors",2019,"0021801083","20190322",24,5.85,FALSE
1627783,"Pascal Siakam","1610612761","Toronto Raptors",2019,"0021801083","20190322",1.6,6.35,FALSE
1627783,"Pascal Siakam","1610612761","Toronto Raptors",2019,"0021801083","20190322",23,4.25,TRUE
1627783,"Pascal Siakam","1610612761","Toronto Raptors",2019,"0021801083","20190322",-5,10.85,TRUE
1627783,"Pascal Siakam","1610612761","Toronto Raptors",2019,"0021801083","20190322",-0.6,6.25,TRUE
1627783,"Pascal Siakam","1610612761","Toronto Raptors",2019,"0021801083","20190322",4.6,6.35,FALSE
1627783,"Pascal Siakam","1610612761","Toronto Raptors",2019,"0021801083","20190322",0,4.65,FALSE
1627783,"Pascal Siakam","1610612761","Toronto Raptors",2019,"0021801083","20190322",-14.8,12.75,FALSE
1627783,"Pascal Siakam","1610612761","Toronto Raptors",2019,"0021801098","20190324",23.2,6.05,TRUE
1627783,"Pascal Siakam","1610612761","Toronto Raptors",2019,"0021801098","20190324",14.5,14.35,FALSE
1627783,"Pascal Siakam","1610612761","Toronto Raptors",2019,"0021801098","20190324",-3.1,9.85,TRUE
1627783,"Pascal Siakam","1610612761","Toronto Raptors",2019,"0021801098","20190324",-11.8,5.75,TRUE
1627783,"Pascal Siakam","1610612761","Toronto Raptors",2019,"0021801098","20190324",1.3,14.35,TRUE
1627783,"Pascal Siakam","1610612761","Toronto Raptors",2019,"0021801098","20190324",2.3,9.45,FALSE
1627783,"Pascal Siakam","1610612761","Toronto Raptors",2019,"0021801098","20190324",1.2,6.75,TRUE
1627783,"Pascal Siakam","1610612761","Toronto Raptors",2019,"0021801098","20190324",4.4,8.95,FALSE
1627783,"Pascal Siakam","1610612761","Toronto Raptors",2019,"0021801098","20190324",-5.2,7.65,FALSE
1627783,"Pascal Siakam","1610612761","Toronto Raptors",2019,"0021801098","20190324",-1.6,5.25,TRUE
1627783,"Pascal Siakam","1610612761","Toronto Raptors",2019,"0021801098","20190324",-4.1,6.25,TRUE
1627783,"Pascal Siakam","1610612761","Toronto Raptors",2019,"0021801098","20190324",-0.2,5.35,TRUE
1627783,"Pascal Siakam","1610612761","Toronto Raptors",2019,"0021801098","20190324",-11.4,5.55,FALSE
1627783,"Pascal Siakam","1610612761","Toronto Raptors",2019,"0021801098","20190324",-0.1,5.25,TRUE
1627783,"Pascal Siakam","1610612761","Toronto Raptors",2019,"0021801110","20190326",-0.1,12.35,FALSE
1627783,"Pascal Siakam","1610612761","Toronto Raptors",2019,"0021801110","20190326",-2.5,5.55,FALSE
1627783,"Pascal Siakam","1610612761","Toronto Raptors",2019,"0021801110","20190326",1.4,6.05,TRUE
1627783,"Pascal Siakam","1610612761","Toronto Raptors",2019,"0021801110","20190326",-2.5,10.55,TRUE
1627783,"Pascal Siakam","1610612761","Toronto Raptors",2019,"0021801110","20190326",0.8,5.25,TRUE
1627783,"Pascal Siakam","1610612761","Toronto Raptors",2019,"0021801110","20190326",-9.2,22.65,FALSE
1627783,"Pascal Siakam","1610612761","Toronto Raptors",2019,"0021801110","20190326",-1.6,7.25,TRUE
1627783,"Pascal Siakam","1610612761","Toronto Raptors",2019,"0021801110","20190326",-0.5,6.75,TRUE
1627783,"Pascal Siakam","1610612761","Toronto Raptors",2019,"0021801110","20190326",-1.4,5.95,TRUE
1627783,"Pascal Siakam","1610612761","Toronto Raptors",2019,"0021801110","20190326",-1.8,7.05,FALSE
1627783,"Pascal Siakam","1610612761","Toronto Raptors",2019,"0021801125","20190328",22.1,4.05,FALSE
1627783,"Pascal Siakam","1610612761","Toronto Raptors",2019,"0021801125","20190328",0.4,5.35,TRUE
1627783,"Pascal Siakam","1610612761","Toronto Raptors",2019,"0021801125","20190328",-7.6,9.95,FALSE
1627783,"Pascal Siakam","1610612761","Toronto Raptors",2019,"0021801125","20190328",-1.3,5.25,TRUE
1627783,"Pascal Siakam","1610612761","Toronto Raptors",2019,"0021801125","20190328",2.7,13.95,FALSE
1627783,"Pascal Siakam","1610612761","Toronto Raptors",2019,"0021801125","20190328",17.3,22.55,TRUE
1627783,"Pascal Siakam","1610612761","Toronto Raptors",2019,"0021801125","20190328",22.5,4.25,FALSE
1627783,"Pascal Siakam","1610612761","Toronto Raptors",2019,"0021801125","20190328",-9.6,7.15,TRUE
1627783,"Pascal Siakam","1610612761","Toronto Raptors",2019,"0021801125","20190328",-8.7,14.15,FALSE
1627783,"Pascal Siakam","1610612761","Toronto Raptors",2019,"0021801125","20190328",-12.5,26.35,TRUE
1627783,"Pascal Siakam","1610612761","Toronto Raptors",2019,"0021801125","20190328",17.5,22.65,FALSE
1627783,"Pascal Siakam","1610612761","Toronto Raptors",2019,"0021801125","20190328",-2.4,5.75,TRUE
1627783,"Pascal Siakam","1610612761","Toronto Raptors",2019,"0021801125","20190328",0.3,6.25,TRUE
1627783,"Pascal Siakam","1610612761","Toronto Raptors",2019,"0021801125","20190328",24.1,4.45,FALSE
1627783,"Pascal Siakam","1610612761","Toronto Raptors",2019,"0021801125","20190328",1.1,5.65,TRUE
1627783,"Pascal Siakam","1610612761","Toronto Raptors",2019,"0021801125","20190328",9.2,14.25,TRUE
1627783,"Pascal Siakam","1610612761","Toronto Raptors",2019,"0021801125","20190328",-0.3,5.45,TRUE
1627783,"Pascal Siakam","1610612761","Toronto Raptors",2019,"0021801125","20190328",1.2,12.05,FALSE
1627783,"Pascal Siakam","1610612761","Toronto Raptors",2019,"0021801125","20190328",-0.9,6.75,TRUE
1627783,"Pascal Siakam","1610612761","Toronto Raptors",2019,"0021801156","20190401",10.1,29.85,FALSE
1627783,"Pascal Siakam","1610612761","Toronto Raptors",2019,"0021801156","20190401",2.8,14.15,FALSE
1627783,"Pascal Siakam","1610612761","Toronto Raptors",2019,"0021801156","20190401",-4.4,7.55,FALSE
1627783,"Pascal Siakam","1610612761","Toronto Raptors",2019,"0021801156","20190401",-1.1,9.35,FALSE
1627783,"Pascal Siakam","1610612761","Toronto Raptors",2019,"0021801156","20190401",-3.7,7.95,FALSE
1627783,"Pascal Siakam","1610612761","Toronto Raptors",2019,"0021801156","20190401",-1.5,6.95,TRUE
1627783,"Pascal Siakam","1610612761","Toronto Raptors",2019,"0021801156","20190401",0,9.75,FALSE
1627783,"Pascal Siakam","1610612761","Toronto Raptors",2019,"0021801156","20190401",23.4,4.25,FALSE
1627783,"Pascal Siakam","1610612761","Toronto Raptors",2019,"0021801156","20190401",23,4.55,TRUE
1627783,"Pascal Siakam","1610612761","Toronto Raptors",2019,"0021801169","20190403",-3.4,8.25,FALSE
1627783,"Pascal Siakam","1610612761","Toronto Raptors",2019,"0021801169","20190403",-23.5,9.35,FALSE
1627783,"Pascal Siakam","1610612761","Toronto Raptors",2019,"0021801169","20190403",-7.4,28.85,FALSE
1627783,"Pascal Siakam","1610612761","Toronto Raptors",2019,"0021801169","20190403",23.1,3.15,FALSE
1627783,"Pascal Siakam","1610612761","Toronto Raptors",2019,"0021801169","20190403",-4.7,16.25,FALSE
1627783,"Pascal Siakam","1610612761","Toronto Raptors",2019,"0021801169","20190403",-0.9,10.55,TRUE
1627783,"Pascal Siakam","1610612761","Toronto Raptors",2019,"0021801169","20190403",-6.1,13.75,TRUE
1627783,"Pascal Siakam","1610612761","Toronto Raptors",2019,"0021801169","20190403",3.3,17.85,TRUE
1627783,"Pascal Siakam","1610612761","Toronto Raptors",2019,"0021801169","20190403",-2.9,6.65,TRUE
1627783,"Pascal Siakam","1610612761","Toronto Raptors",2019,"0021801169","20190403",5,14.25,TRUE
1627783,"Pascal Siakam","1610612761","Toronto Raptors",2019,"0021801169","20190403",6.6,10.95,TRUE
1627783,"Pascal Siakam","1610612761","Toronto Raptors",2019,"0021801169","20190403",5.6,14.85,FALSE
1627783,"Pascal Siakam","1610612761","Toronto Raptors",2019,"0021801169","20190403",0,4.65,TRUE
1627783,"Pascal Siakam","1610612761","Toronto Raptors",2019,"0021801169","20190403",-22.5,8.15,TRUE
1627783,"Pascal Siakam","1610612761","Toronto Raptors",2019,"0021801169","20190403",-23.8,7.45,TRUE
1627783,"Pascal Siakam","1610612761","Toronto Raptors",2019,"0021801169","20190403",5.8,10.25,FALSE
1627783,"Pascal Siakam","1610612761","Toronto Raptors",2019,"0021801169","20190403",23.6,5.75,FALSE
1627783,"Pascal Siakam","1610612761","Toronto Raptors",2019,"0021801169","20190403",5.1,13.75,FALSE
1627783,"Pascal Siakam","1610612761","Toronto Raptors",2019,"0021801169","20190403",-23.3,5.65,TRUE
1627783,"Pascal Siakam","1610612761","Toronto Raptors",2019,"0021801169","20190403",0,4.65,TRUE
1627783,"Pascal Siakam","1610612761","Toronto Raptors",2019,"0021801169","20190403",-0.8,6.85,FALSE
1627783,"Pascal Siakam","1610612761","Toronto Raptors",2019,"0021801180","20190405",-0.3,7.25,FALSE
1627783,"Pascal Siakam","1610612761","Toronto Raptors",2019,"0021801180","20190405",22.2,7.35,TRUE
1627783,"Pascal Siakam","1610612761","Toronto Raptors",2019,"0021801180","20190405",-23.9,7.25,FALSE
1627783,"Pascal Siakam","1610612761","Toronto Raptors",2019,"0021801180","20190405",-0.6,11.45,FALSE
1627783,"Pascal Siakam","1610612761","Toronto Raptors",2019,"0021801180","20190405",-0.2,5.45,TRUE
1627783,"Pascal Siakam","1610612761","Toronto Raptors",2019,"0021801180","20190405",-5.7,23.85,TRUE
1627783,"Pascal Siakam","1610612761","Toronto Raptors",2019,"0021801180","20190405",-1.9,7.45,FALSE
1627783,"Pascal Siakam","1610612761","Toronto Raptors",2019,"0021801180","20190405",-1,6.35,TRUE
1627783,"Pascal Siakam","1610612761","Toronto Raptors",2019,"0021801180","20190405",21.5,20.65,TRUE
1627783,"Pascal Siakam","1610612761","Toronto Raptors",2019,"0021801195","20190407",2,14.25,TRUE
1627783,"Pascal Siakam","1610612761","Toronto Raptors",2019,"0021801195","20190407",-1.4,9.15,TRUE
1627783,"Pascal Siakam","1610612761","Toronto Raptors",2019,"0021801195","20190407",-0.5,7.25,TRUE
1627783,"Pascal Siakam","1610612761","Toronto Raptors",2019,"0021801195","20190407",23,11.15,TRUE
1627783,"Pascal Siakam","1610612761","Toronto Raptors",2019,"0021801195","20190407",-22.6,6.55,FALSE
1627783,"Pascal Siakam","1610612761","Toronto Raptors",2019,"0021801195","20190407",1.3,5.15,TRUE
1627783,"Pascal Siakam","1610612761","Toronto Raptors",2019,"0021801195","20190407",-20.4,19.45,TRUE
1627783,"Pascal Siakam","1610612761","Toronto Raptors",2019,"0021801195","20190407",22.5,3.45,FALSE
1627783,"Pascal Siakam","1610612761","Toronto Raptors",2019,"0021801195","20190407",0,4.65,TRUE
1627783,"Pascal Siakam","1610612761","Toronto Raptors",2019,"0021801195","20190407",22.1,3.15,TRUE
1627783,"Pascal Siakam","1610612761","Toronto Raptors",2019,"0021801214","20190409",-1.8,24.15,TRUE
1627783,"Pascal Siakam","1610612761","Toronto Raptors",2019,"0021801214","20190409",16.4,22.85,FALSE
1627783,"Pascal Siakam","1610612761","Toronto Raptors",2019,"0021801214","20190409",0.3,5.65,FALSE
1627783,"Pascal Siakam","1610612761","Toronto Raptors",2019,"0021801214","20190409",17,23.85,TRUE
1627783,"Pascal Siakam","1610612761","Toronto Raptors",2019,"0021801214","20190409",-0.6,6.85,TRUE
1627783,"Pascal Siakam","1610612761","Toronto Raptors",2019,"0021801214","20190409",0.9,6.15,TRUE
1627783,"Pascal Siakam","1610612761","Toronto Raptors",2020,"0021900001","20191022",-2,5.85,TRUE
1627783,"Pascal Siakam","1610612761","Toronto Raptors",2020,"0021900001","20191022",-0.9,30.35,FALSE
1627783,"Pascal Siakam","1610612761","Toronto Raptors",2020,"0021900001","20191022",2.3,8.05,FALSE
1627783,"Pascal Siakam","1610612761","Toronto Raptors",2020,"0021900001","20191022",-1.8,5.95,FALSE
1627783,"Pascal Siakam","1610612761","Toronto Raptors",2020,"0021900001","20191022",0,4.65,TRUE
1627783,"Pascal Siakam","1610612761","Toronto Raptors",2020,"0021900001","20191022",-0.8,5.25,FALSE
1627783,"Pascal Siakam","1610612761","Toronto Raptors",2020,"0021900001","20191022",1.7,5.85,FALSE
1627783,"Pascal Siakam","1610612761","Toronto Raptors",2020,"0021900001","20191022",1.9,5.85,TRUE
1627783,"Pascal Siakam","1610612761","Toronto Raptors",2020,"0021900001","20191022",1.7,5.35,TRUE
1627783,"Pascal Siakam","1610612761","Toronto Raptors",2020,"0021900001","20191022",-7.8,6.25,FALSE
1627783,"Pascal Siakam","1610612761","Toronto Raptors",2020,"0021900001","20191022",15.1,25.85,FALSE
1627783,"Pascal Siakam","1610612761","Toronto Raptors",2020,"0021900001","20191022",0.6,7.45,TRUE
1627783,"Pascal Siakam","1610612761","Toronto Raptors",2020,"0021900001","20191022",-5.4,11.15,FALSE
1627783,"Pascal Siakam","1610612761","Toronto Raptors",2020,"0021900001","20191022",-0.9,7.75,TRUE
1627783,"Pascal Siakam","1610612761","Toronto Raptors",2020,"0021900001","20191022",22.2,5.15,FALSE
1627783,"Pascal Siakam","1610612761","Toronto Raptors",2020,"0021900001","20191022",-2.5,7.25,FALSE
1627783,"Pascal Siakam","1610612761","Toronto Raptors",2020,"0021900001","20191022",-5.5,11.55,FALSE
1627783,"Pascal Siakam","1610612761","Toronto Raptors",2020,"0021900001","20191022",-1.3,11.65,FALSE
1627783,"Pascal Siakam","1610612761","Toronto Raptors",2020,"0021900001","20191022",-6.2,8.35,TRUE
1627783,"Pascal Siakam","1610612761","Toronto Raptors",2020,"0021900001","20191022",2.6,7.45,FALSE
1627783,"Pascal Siakam","1610612761","Toronto Raptors",2020,"0021900001","20191022",-23.5,6.35,TRUE
1627783,"Pascal Siakam","1610612761","Toronto Raptors",2020,"0021900001","20191022",18.2,22.85,TRUE
1627783,"Pascal Siakam","1610612761","Toronto Raptors",2020,"0021900001","20191022",-1.3,7.95,FALSE
1627783,"Pascal Siakam","1610612761","Toronto Raptors",2020,"0021900001","20191022",0,4.65,FALSE
1627783,"Pascal Siakam","1610612761","Toronto Raptors",2020,"0021900001","20191022",-2,7.45,TRUE
1627783,"Pascal Siakam","1610612761","Toronto Raptors",2020,"0021900001","20191022",-3.4,11.45,TRUE
1627783,"Pascal Siakam","1610612761","Toronto Raptors",2020,"0021900017","20191025",-2.5,17.95,FALSE
1627783,"Pascal Siakam","1610612761","Toronto Raptors",2020,"0021900017","20191025",-1,9.45,FALSE
1627783,"Pascal Siakam","1610612761","Toronto Raptors",2020,"0021900017","20191025",1.1,7.75,FALSE
1627783,"Pascal Siakam","1610612761","Toronto Raptors",2020,"0021900017","20191025",11.6,7.05,FALSE
1627783,"Pascal Siakam","1610612761","Toronto Raptors",2020,"0021900017","20191025",1.3,6.65,TRUE
1627783,"Pascal Siakam","1610612761","Toronto Raptors",2020,"0021900017","20191025",-15,26.65,TRUE
1627783,"Pascal Siakam","1610612761","Toronto Raptors",2020,"0021900017","20191025",12.5,27.45,TRUE
1627783,"Pascal Siakam","1610612761","Toronto Raptors",2020,"0021900017","20191025",4.5,6.95,FALSE
1627783,"Pascal Siakam","1610612761","Toronto Raptors",2020,"0021900017","20191025",1,13.85,FALSE
1627783,"Pascal Siakam","1610612761","Toronto Raptors",2020,"0021900017","20191025",-2,5.35,TRUE
1627783,"Pascal Siakam","1610612761","Toronto Raptors",2020,"0021900017","20191025",15.3,28.55,TRUE
1627783,"Pascal Siakam","1610612761","Toronto Raptors",2020,"0021900017","20191025",2.3,6.05,TRUE
1627783,"Pascal Siakam","1610612761","Toronto Raptors",2020,"0021900017","20191025",17,25.45,TRUE
1627783,"Pascal Siakam","1610612761","Toronto Raptors",2020,"0021900017","20191025",12.2,18.95,FALSE
1627783,"Pascal Siakam","1610612761","Toronto Raptors",2020,"0021900017","20191025",-10.9,28.55,TRUE
1627783,"Pascal Siakam","1610612761","Toronto Raptors",2020,"0021900017","20191025",-19.4,23.55,FALSE
1627783,"Pascal Siakam","1610612761","Toronto Raptors",2020,"0021900017","20191025",22.6,11.15,FALSE
1627783,"Pascal Siakam","1610612761","Toronto Raptors",2020,"0021900017","20191025",1.4,4.85,TRUE
1627783,"Pascal Siakam","1610612761","Toronto Raptors",2020,"0021900017","20191025",2.8,11.55,FALSE
1627783,"Pascal Siakam","1610612761","Toronto Raptors",2020,"0021900017","20191025",-0.4,9.65,TRUE
1627783,"Pascal Siakam","1610612761","Toronto Raptors",2020,"0021900017","20191025",0.6,6.35,TRUE
1627783,"Pascal Siakam","1610612761","Toronto Raptors",2020,"0021900017","20191025",-0.5,6.35,FALSE
1627783,"Pascal Siakam","1610612761","Toronto Raptors",2020,"0021900031","20191026",1.3,5.75,TRUE
1627783,"Pascal Siakam","1610612761","Toronto Raptors",2020,"0021900031","20191026",0.9,15.45,FALSE
1627783,"Pascal Siakam","1610612761","Toronto Raptors",2020,"0021900031","20191026",1.9,6.25,FALSE
1627783,"Pascal Siakam","1610612761","Toronto Raptors",2020,"0021900031","20191026",-0.4,31.95,FALSE
1627783,"Pascal Siakam","1610612761","Toronto Raptors",2020,"0021900031","20191026",1.1,5.45,TRUE
1627783,"Pascal Siakam","1610612761","Toronto Raptors",2020,"0021900031","20191026",-22.6,3.85,FALSE
1627783,"Pascal Siakam","1610612761","Toronto Raptors",2020,"0021900031","20191026",-0.3,9.95,TRUE
1627783,"Pascal Siakam","1610612761","Toronto Raptors",2020,"0021900031","20191026",0.2,8.95,FALSE
1627783,"Pascal Siakam","1610612761","Toronto Raptors",2020,"0021900031","20191026",-0.1,6.15,TRUE
1627783,"Pascal Siakam","1610612761","Toronto Raptors",2020,"0021900031","20191026",4,21.15,TRUE
1627783,"Pascal Siakam","1610612761","Toronto Raptors",2020,"0021900031","20191026",4,24.05,TRUE
1627783,"Pascal Siakam","1610612761","Toronto Raptors",2020,"0021900031","20191026",9.6,29.35,TRUE
1627783,"Pascal Siakam","1610612761","Toronto Raptors",2020,"0021900031","20191026",22.3,18.85,FALSE
1627783,"Pascal Siakam","1610612761","Toronto Raptors",2020,"0021900031","20191026",-23.1,5.55,FALSE
1627783,"Pascal Siakam","1610612761","Toronto Raptors",2020,"0021900031","20191026",8.9,13.45,FALSE
1627783,"Pascal Siakam","1610612761","Toronto Raptors",2020,"0021900044","20191028",-3.6,9.55,TRUE
1627783,"Pascal Siakam","1610612761","Toronto Raptors",2020,"0021900044","20191028",-6.9,24.35,FALSE
1627783,"Pascal Siakam","1610612761","Toronto Raptors",2020,"0021900044","20191028",-0.9,4.95,TRUE
1627783,"Pascal Siakam","1610612761","Toronto Raptors",2020,"0021900044","20191028",-0.4,31.15,TRUE
1627783,"Pascal Siakam","1610612761","Toronto Raptors",2020,"0021900044","20191028",1.3,5.15,TRUE
1627783,"Pascal Siakam","1610612761","Toronto Raptors",2020,"0021900044","20191028",-6.8,23.15,TRUE
1627783,"Pascal Siakam","1610612761","Toronto Raptors",2020,"0021900044","20191028",17.8,23.05,FALSE
1627783,"Pascal Siakam","1610612761","Toronto Raptors",2020,"0021900044","20191028",-5.9,8.15,FALSE
1627783,"Pascal Siakam","1610612761","Toronto Raptors",2020,"0021900044","20191028",-13.9,20.25,FALSE
1627783,"Pascal Siakam","1610612761","Toronto Raptors",2020,"0021900044","20191028",0.9,5.85,TRUE
1627783,"Pascal Siakam","1610612761","Toronto Raptors",2020,"0021900044","20191028",23.3,6.35,FALSE
1627783,"Pascal Siakam","1610612761","Toronto Raptors",2020,"0021900044","20191028",-2,9.45,FALSE
1627783,"Pascal Siakam","1610612761","Toronto Raptors",2020,"0021900044","20191028",-6.3,18.45,TRUE
1627783,"Pascal Siakam","1610612761","Toronto Raptors",2020,"0021900044","20191028",18.4,23.05,FALSE
1627783,"Pascal Siakam","1610612761","Toronto Raptors",2020,"0021900044","20191028",-2,6.75,TRUE
1627783,"Pascal Siakam","1610612761","Toronto Raptors",2020,"0021900044","20191028",-3.5,20.35,TRUE
1627783,"Pascal Siakam","1610612761","Toronto Raptors",2020,"0021900060","20191030",2.4,5.75,FALSE
1627783,"Pascal Siakam","1610612761","Toronto Raptors",2020,"0021900060","20191030",23.7,5.15,FALSE
1627783,"Pascal Siakam","1610612761","Toronto Raptors",2020,"0021900060","20191030",12,30.05,FALSE
1627783,"Pascal Siakam","1610612761","Toronto Raptors",2020,"0021900060","20191030",0.2,6.05,TRUE
1627783,"Pascal Siakam","1610612761","Toronto Raptors",2020,"0021900060","20191030",7.9,24.65,FALSE
1627783,"Pascal Siakam","1610612761","Toronto Raptors",2020,"0021900060","20191030",0.5,9.85,TRUE
1627783,"Pascal Siakam","1610612761","Toronto Raptors",2020,"0021900060","20191030",0.2,11.15,TRUE
1627783,"Pascal Siakam","1610612761","Toronto Raptors",2020,"0021900060","20191030",12.2,16.55,TRUE
1627783,"Pascal Siakam","1610612761","Toronto Raptors",2020,"0021900060","20191030",0.8,4.95,TRUE
1627783,"Pascal Siakam","1610612761","Toronto Raptors",2020,"0021900060","20191030",9.6,11.55,FALSE
1627783,"Pascal Siakam","1610612761","Toronto Raptors",2020,"0021900060","20191030",-1.8,10.55,FALSE
1627783,"Pascal Siakam","1610612761","Toronto Raptors",2020,"0021900060","20191030",21.5,19.85,TRUE
1627783,"Pascal Siakam","1610612761","Toronto Raptors",2020,"0021900060","20191030",0.9,11.55,TRUE
1627783,"Pascal Siakam","1610612761","Toronto Raptors",2020,"0021900060","20191030",-2.3,6.35,TRUE
1627783,"Pascal Siakam","1610612761","Toronto Raptors",2020,"0021900060","20191030",5.9,33.95,TRUE
1627783,"Pascal Siakam","1610612761","Toronto Raptors",2020,"0021900060","20191030",9.1,30.35,FALSE
1627783,"Pascal Siakam","1610612761","Toronto Raptors",2020,"0021900060","20191030",1.9,10.05,FALSE
1627783,"Pascal Siakam","1610612761","Toronto Raptors",2020,"0021900060","20191030",-2.5,6.05,TRUE
1627783,"Pascal Siakam","1610612761","Toronto Raptors",2020,"0021900060","20191030",-7.3,6.65,TRUE
1627783,"Pascal Siakam","1610612761","Toronto Raptors",2020,"0021900060","20191030",-13.9,30.25,TRUE
1627783,"Pascal Siakam","1610612761","Toronto Raptors",2020,"0021900060","20191030",-15.3,17.35,TRUE
1627783,"Pascal Siakam","1610612761","Toronto Raptors",2020,"0021900082","20191102",-11.1,9.05,FALSE
1627783,"Pascal Siakam","1610612761","Toronto Raptors",2020,"0021900082","20191102",8.5,18.25,FALSE
1627783,"Pascal Siakam","1610612761","Toronto Raptors",2020,"0021900082","20191102",-23.6,16.55,FALSE
1627783,"Pascal Siakam","1610612761","Toronto Raptors",2020,"0021900082","20191102",-5.2,8.65,FALSE
1627783,"Pascal Siakam","1610612761","Toronto Raptors",2020,"0021900082","20191102",0,6.55,TRUE
1627783,"Pascal Siakam","1610612761","Toronto Raptors",2020,"0021900082","20191102",3,32.25,FALSE
1627783,"Pascal Siakam","1610612761","Toronto Raptors",2020,"0021900082","20191102",0.7,7.35,FALSE
1627783,"Pascal Siakam","1610612761","Toronto Raptors",2020,"0021900082","20191102",-23.6,8.35,TRUE
1627783,"Pascal Siakam","1610612761","Toronto Raptors",2020,"0021900082","20191102",1,6.85,TRUE
1627783,"Pascal Siakam","1610612761","Toronto Raptors",2020,"0021900082","20191102",21.7,20.85,FALSE
1627783,"Pascal Siakam","1610612761","Toronto Raptors",2020,"0021900082","20191102",1.8,7.15,TRUE
1627783,"Pascal Siakam","1610612761","Toronto Raptors",2020,"0021900082","20191102",0.9,7.75,FALSE
1627783,"Pascal Siakam","1610612761","Toronto Raptors",2020,"0021900082","20191102",11.7,28.85,TRUE
1627783,"Pascal Siakam","1610612761","Toronto Raptors",2020,"0021900082","20191102",0.8,7.95,TRUE
1627783,"Pascal Siakam","1610612761","Toronto Raptors",2020,"0021900082","20191102",0.5,11.65,FALSE
1627783,"Pascal Siakam","1610612761","Toronto Raptors",2020,"0021900082","20191102",-4.6,7.65,FALSE
1627783,"Pascal Siakam","1610612761","Toronto Raptors",2020,"0021900082","20191102",17.7,25.55,FALSE
1627783,"Pascal Siakam","1610612761","Toronto Raptors",2020,"0021900082","20191102",1,7.75,TRUE
1627783,"Pascal Siakam","1610612761","Toronto Raptors",2020,"0021900082","20191102",-3.3,7.85,FALSE
1627783,"Pascal Siakam","1610612761","Toronto Raptors",2020,"0021900106","20191106",1.2,5.75,TRUE
1627783,"Pascal Siakam","1610612761","Toronto Raptors",2020,"0021900106","20191106",1.8,4.45,TRUE
1627783,"Pascal Siakam","1610612761","Toronto Raptors",2020,"0021900106","20191106",-23.6,5.15,FALSE
1627783,"Pascal Siakam","1610612761","Toronto Raptors",2020,"0021900106","20191106",-0.5,5.65,TRUE
1627783,"Pascal Siakam","1610612761","Toronto Raptors",2020,"0021900106","20191106",4.3,15.15,TRUE
1627783,"Pascal Siakam","1610612761","Toronto Raptors",2020,"0021900106","20191106",21.7,17.65,FALSE
1627783,"Pascal Siakam","1610612761","Toronto Raptors",2020,"0021900106","20191106",-3.2,7.75,TRUE
1627783,"Pascal Siakam","1610612761","Toronto Raptors",2020,"0021900106","20191106",12.2,19.85,FALSE
1627783,"Pascal Siakam","1610612761","Toronto Raptors",2020,"0021900106","20191106",-0.9,11.35,TRUE
1627783,"Pascal Siakam","1610612761","Toronto Raptors",2020,"0021900106","20191106",8.6,8.75,TRUE
1627783,"Pascal Siakam","1610612761","Toronto Raptors",2020,"0021900106","20191106",-13,28.75,FALSE
1627783,"Pascal Siakam","1610612761","Toronto Raptors",2020,"0021900106","20191106",-1.6,15.05,FALSE
1627783,"Pascal Siakam","1610612761","Toronto Raptors",2020,"0021900106","20191106",10.2,11.65,TRUE
1627783,"Pascal Siakam","1610612761","Toronto Raptors",2020,"0021900121","20191108",1.4,12.95,TRUE
1627783,"Pascal Siakam","1610612761","Toronto Raptors",2020,"0021900121","20191108",1.8,6.05,TRUE
1627783,"Pascal Siakam","1610612761","Toronto Raptors",2020,"0021900121","20191108",-13.3,27.35,FALSE
1627783,"Pascal Siakam","1610612761","Toronto Raptors",2020,"0021900121","20191108",-23.9,14.45,TRUE
1627783,"Pascal Siakam","1610612761","Toronto Raptors",2020,"0021900121","20191108",2.6,5.65,TRUE
1627783,"Pascal Siakam","1610612761","Toronto Raptors",2020,"0021900121","20191108",-22.9,13.95,TRUE
1627783,"Pascal Siakam","1610612761","Toronto Raptors",2020,"0021900121","20191108",-23.1,8.65,FALSE
1627783,"Pascal Siakam","1610612761","Toronto Raptors",2020,"0021900121","20191108",-14.2,16.35,FALSE
1627783,"Pascal Siakam","1610612761","Toronto Raptors",2020,"0021900121","20191108",-1.1,6.95,FALSE
1627783,"Pascal Siakam","1610612761","Toronto Raptors",2020,"0021900121","20191108",-3.6,30.25,TRUE
1627783,"Pascal Siakam","1610612761","Toronto Raptors",2020,"0021900121","20191108",19,21.45,FALSE
1627783,"Pascal Siakam","1610612761","Toronto Raptors",2020,"0021900121","20191108",23.2,3.65,TRUE
1627783,"Pascal Siakam","1610612761","Toronto Raptors",2020,"0021900121","20191108",-7.8,30.35,TRUE
1627783,"Pascal Siakam","1610612761","Toronto Raptors",2020,"0021900121","20191108",-5.7,8.65,FALSE
1627783,"Pascal Siakam","1610612761","Toronto Raptors",2020,"0021900121","20191108",0.5,6.75,TRUE
1627783,"Pascal Siakam","1610612761","Toronto Raptors",2020,"0021900121","20191108",2.1,5.05,FALSE
1627783,"Pascal Siakam","1610612761","Toronto Raptors",2020,"0021900121","20191108",23.6,5.15,FALSE
1627783,"Pascal Siakam","1610612761","Toronto Raptors",2020,"0021900121","20191108",1.4,7.55,FALSE
1627783,"Pascal Siakam","1610612761","Toronto Raptors",2020,"0021900121","20191108",0.2,5.85,TRUE
1627783,"Pascal Siakam","1610612761","Toronto Raptors",2020,"0021900121","20191108",1.4,5.75,TRUE
1627783,"Pascal Siakam","1610612761","Toronto Raptors",2020,"0021900121","20191108",0.5,5.25,TRUE
1627783,"Pascal Siakam","1610612761","Toronto Raptors",2020,"0021900121","20191108",-0.2,11.05,TRUE
1627783,"Pascal Siakam","1610612761","Toronto Raptors",2020,"0021900121","20191108",-6,30.95,FALSE
1627783,"Pascal Siakam","1610612761","Toronto Raptors",2020,"0021900121","20191108",-0.4,10.45,FALSE
1627783,"Pascal Siakam","1610612761","Toronto Raptors",2020,"0021900121","20191108",1.8,5.35,TRUE
1627783,"Pascal Siakam","1610612761","Toronto Raptors",2020,"0021900121","20191108",2.4,5.95,TRUE
1627783,"Pascal Siakam","1610612761","Toronto Raptors",2020,"0021900121","20191108",0.3,7.55,TRUE
1627783,"Pascal Siakam","1610612761","Toronto Raptors",2020,"0021900121","20191108",-2.2,15.25,TRUE
1627783,"Pascal Siakam","1610612761","Toronto Raptors",2020,"0021900139","20191110",19.5,24.35,FALSE
1627783,"Pascal Siakam","1610612761","Toronto Raptors",2020,"0021900139","20191110",23.7,13.55,FALSE
1627783,"Pascal Siakam","1610612761","Toronto Raptors",2020,"0021900139","20191110",-6.2,11.65,FALSE
1627783,"Pascal Siakam","1610612761","Toronto Raptors",2020,"0021900139","20191110",0.8,6.75,TRUE
1627783,"Pascal Siakam","1610612761","Toronto Raptors",2020,"0021900139","20191110",-17.9,10.05,FALSE
1627783,"Pascal Siakam","1610612761","Toronto Raptors",2020,"0021900139","20191110",2.5,11.05,TRUE
1627783,"Pascal Siakam","1610612761","Toronto Raptors",2020,"0021900139","20191110",-9,30.15,FALSE
1627783,"Pascal Siakam","1610612761","Toronto Raptors",2020,"0021900139","20191110",18.8,22.15,FALSE
1627783,"Pascal Siakam","1610612761","Toronto Raptors",2020,"0021900139","20191110",3.9,6.75,FALSE
1627783,"Pascal Siakam","1610612761","Toronto Raptors",2020,"0021900139","20191110",0,4.65,TRUE
1627783,"Pascal Siakam","1610612761","Toronto Raptors",2020,"0021900139","20191110",-1.9,32.65,FALSE
1627783,"Pascal Siakam","1610612761","Toronto Raptors",2020,"0021900139","20191110",1.6,26.15,FALSE
1627783,"Pascal Siakam","1610612761","Toronto Raptors",2020,"0021900139","20191110",1.1,7.45,FALSE
1627783,"Pascal Siakam","1610612761","Toronto Raptors",2020,"0021900139","20191110",13.8,28.15,FALSE
1627783,"Pascal Siakam","1610612761","Toronto Raptors",2020,"0021900139","20191110",17.7,24.95,FALSE
1627783,"Pascal Siakam","1610612761","Toronto Raptors",2020,"0021900139","20191110",-3.2,7.25,TRUE
1627783,"Pascal Siakam","1610612761","Toronto Raptors",2020,"0021900139","20191110",-2.9,6.05,FALSE
1627783,"Pascal Siakam","1610612761","Toronto Raptors",2020,"0021900139","20191110",-0.5,6.75,TRUE
1627783,"Pascal Siakam","1610612761","Toronto Raptors",2020,"0021900139","20191110",-10.9,30.45,TRUE
1627783,"Pascal Siakam","1610612761","Toronto Raptors",2020,"0021900139","20191110",0.6,7.65,FALSE
1627783,"Pascal Siakam","1610612761","Toronto Raptors",2020,"0021900139","20191110",-1.1,7.35,TRUE
1627783,"Pascal Siakam","1610612761","Toronto Raptors",2020,"0021900139","20191110",5.3,24.95,FALSE
1627783,"Pascal Siakam","1610612761","Toronto Raptors",2020,"0021900139","20191110",-12.2,18.35,FALSE
1627783,"Pascal Siakam","1610612761","Toronto Raptors",2020,"0021900139","20191110",-0.2,5.65,TRUE
1627783,"Pascal Siakam","1610612761","Toronto Raptors",2020,"0021900139","20191110",-0.1,6.35,TRUE
1627783,"Pascal Siakam","1610612761","Toronto Raptors",2020,"0021900145","20191111",-18.5,24.15,FALSE
1627783,"Pascal Siakam","1610612761","Toronto Raptors",2020,"0021900145","20191111",-5.3,5.85,FALSE
1627783,"Pascal Siakam","1610612761","Toronto Raptors",2020,"0021900145","20191111",0.8,12.15,TRUE
1627783,"Pascal Siakam","1610612761","Toronto Raptors",2020,"0021900145","20191111",-4.4,21.45,FALSE
1627783,"Pascal Siakam","1610612761","Toronto Raptors",2020,"0021900145","20191111",-12.4,17.25,FALSE
1627783,"Pascal Siakam","1610612761","Toronto Raptors",2020,"0021900145","20191111",-3.5,7.25,TRUE
1627783,"Pascal Siakam","1610612761","Toronto Raptors",2020,"0021900145","20191111",22.9,11.45,FALSE
1627783,"Pascal Siakam","1610612761","Toronto Raptors",2020,"0021900145","20191111",-0.5,6.25,TRUE
1627783,"Pascal Siakam","1610612761","Toronto Raptors",2020,"0021900145","20191111",-11.9,27.65,TRUE
1627783,"Pascal Siakam","1610612761","Toronto Raptors",2020,"0021900145","20191111",-3.5,5.75,TRUE
1627783,"Pascal Siakam","1610612761","Toronto Raptors",2020,"0021900145","20191111",20.1,20.55,FALSE
1627783,"Pascal Siakam","1610612761","Toronto Raptors",2020,"0021900145","20191111",19.5,19.55,FALSE
1627783,"Pascal Siakam","1610612761","Toronto Raptors",2020,"0021900145","20191111",-4.3,7.95,FALSE
1627783,"Pascal Siakam","1610612761","Toronto Raptors",2020,"0021900145","20191111",0.3,5.65,TRUE
1627783,"Pascal Siakam","1610612761","Toronto Raptors",2020,"0021900145","20191111",-0.5,10.45,FALSE
1627783,"Pascal Siakam","1610612761","Toronto Raptors",2020,"0021900145","20191111",-7.2,30.75,FALSE
1627783,"Pascal Siakam","1610612761","Toronto Raptors",2020,"0021900145","20191111",0,9.75,FALSE
1627783,"Pascal Siakam","1610612761","Toronto Raptors",2020,"0021900160","20191113",-9.3,11.35,FALSE
1627783,"Pascal Siakam","1610612761","Toronto Raptors",2020,"0021900160","20191113",0.5,5.75,FALSE
1627783,"Pascal Siakam","1610612761","Toronto Raptors",2020,"0021900160","20191113",0,6.05,TRUE
1627783,"Pascal Siakam","1610612761","Toronto Raptors",2020,"0021900160","20191113",-15.7,26.35,TRUE
1627783,"Pascal Siakam","1610612761","Toronto Raptors",2020,"0021900160","20191113",-1.4,6.75,FALSE
1627783,"Pascal Siakam","1610612761","Toronto Raptors",2020,"0021900160","20191113",-11,21.45,FALSE
1627783,"Pascal Siakam","1610612761","Toronto Raptors",2020,"0021900160","20191113",1.1,34.05,FALSE
1627783,"Pascal Siakam","1610612761","Toronto Raptors",2020,"0021900160","20191113",0.5,6.25,FALSE
1627783,"Pascal Siakam","1610612761","Toronto Raptors",2020,"0021900160","20191113",-7.3,30.55,TRUE
1627783,"Pascal Siakam","1610612761","Toronto Raptors",2020,"0021900160","20191113",-0.8,9.75,TRUE
1627783,"Pascal Siakam","1610612761","Toronto Raptors",2020,"0021900160","20191113",22.2,5.75,FALSE
1627783,"Pascal Siakam","1610612761","Toronto Raptors",2020,"0021900160","20191113",-0.9,7.25,TRUE
1627783,"Pascal Siakam","1610612761","Toronto Raptors",2020,"0021900160","20191113",-5.5,16.65,FALSE
1627783,"Pascal Siakam","1610612761","Toronto Raptors",2020,"0021900160","20191113",1.3,11.05,FALSE
1627783,"Pascal Siakam","1610612761","Toronto Raptors",2020,"0021900160","20191113",-23.4,5.35,FALSE
1627783,"Pascal Siakam","1610612761","Toronto Raptors",2020,"0021900160","20191113",0.9,5.95,TRUE
1627783,"Pascal Siakam","1610612761","Toronto Raptors",2020,"0021900160","20191113",0.2,6.75,FALSE
1627783,"Pascal Siakam","1610612761","Toronto Raptors",2020,"0021900160","20191113",-3,7.25,FALSE
1627783,"Pascal Siakam","1610612761","Toronto Raptors",2020,"0021900160","20191113",0.8,6.25,TRUE
1627783,"Pascal Siakam","1610612761","Toronto Raptors",2020,"0021900160","20191113",0.7,5.65,TRUE
1627783,"Pascal Siakam","1610612761","Toronto Raptors",2020,"0021900160","20191113",15.4,26.25,TRUE
1627783,"Pascal Siakam","1610612761","Toronto Raptors",2020,"0021900160","20191113",0.8,4.65,TRUE
1627783,"Pascal Siakam","1610612761","Toronto Raptors",2020,"0021900160","20191113",-8.5,29.85,TRUE
1627783,"Pascal Siakam","1610612761","Toronto Raptors",2020,"0021900160","20191113",0.6,5.85,TRUE
1627783,"Pascal Siakam","1610612761","Toronto Raptors",2020,"0021900160","20191113",10.6,10.15,TRUE
1627783,"Pascal Siakam","1610612761","Toronto Raptors",2020,"0021900160","20191113",1.6,28.05,TRUE
1627783,"Pascal Siakam","1610612761","Toronto Raptors",2020,"0021900160","20191113",14.4,15.75,FALSE
1627783,"Pascal Siakam","1610612761","Toronto Raptors",2020,"0021900160","20191113",1.3,6.25,TRUE
1627783,"Pascal Siakam","1610612761","Toronto Raptors",2020,"0021900180","20191116",-0.1,26.35,FALSE
1627783,"Pascal Siakam","1610612761","Toronto Raptors",2020,"0021900180","20191116",-22.8,6.95,FALSE
1627783,"Pascal Siakam","1610612761","Toronto Raptors",2020,"0021900180","20191116",23.1,3.45,TRUE
1627783,"Pascal Siakam","1610612761","Toronto Raptors",2020,"0021900180","20191116",-5,16.55,FALSE
1627783,"Pascal Siakam","1610612761","Toronto Raptors",2020,"0021900180","20191116",9,8.25,FALSE
1627783,"Pascal Siakam","1610612761","Toronto Raptors",2020,"0021900180","20191116",-1.9,31.25,FALSE
1627783,"Pascal Siakam","1610612761","Toronto Raptors",2020,"0021900180","20191116",12.9,27.05,FALSE
1627783,"Pascal Siakam","1610612761","Toronto Raptors",2020,"0021900180","20191116",4.9,10.75,TRUE
1627783,"Pascal Siakam","1610612761","Toronto Raptors",2020,"0021900180","20191116",22.6,4.15,TRUE
1627783,"Pascal Siakam","1610612761","Toronto Raptors",2020,"0021900180","20191116",-17.6,23.65,FALSE
1627783,"Pascal Siakam","1610612761","Toronto Raptors",2020,"0021900180","20191116",3.2,7.65,FALSE
1627783,"Pascal Siakam","1610612761","Toronto Raptors",2020,"0021900180","20191116",-1.1,6.95,TRUE
1627783,"Pascal Siakam","1610612761","Toronto Raptors",2020,"0021900180","20191116",23.1,5.15,FALSE
1627783,"Pascal Siakam","1610612761","Toronto Raptors",2020,"0021900180","20191116",-4.1,5.95,FALSE
1627783,"Pascal Siakam","1610612761","Toronto Raptors",2020,"0021900180","20191116",-1.1,7.45,FALSE
1627783,"Pascal Siakam","1610612761","Toronto Raptors",2020,"0021900180","20191116",0.9,6.95,FALSE
1627783,"Pascal Siakam","1610612761","Toronto Raptors",2020,"0021900180","20191116",2.4,7.95,TRUE
1627783,"Pascal Siakam","1610612761","Toronto Raptors",2020,"0021900180","20191116",13.3,28.25,FALSE
1627783,"Pascal Siakam","1610612761","Toronto Raptors",2020,"0021900180","20191116",1.2,5.65,TRUE
1627783,"Pascal Siakam","1610612761","Toronto Raptors",2020,"0021900180","20191116",4.5,6.75,FALSE
1627783,"Pascal Siakam","1610612761","Toronto Raptors",2020,"0021900180","20191116",1.3,5.75,FALSE
1627783,"Pascal Siakam","1610612761","Toronto Raptors",2020,"0021900180","20191116",-22.8,7.35,FALSE
1627783,"Pascal Siakam","1610612761","Toronto Raptors",2020,"0021900180","20191116",-8.5,8.35,FALSE
1627783,"Pascal Siakam","1610612761","Toronto Raptors",2020,"0021900180","20191116",-7.4,32.15,FALSE
1627783,"Pascal Siakam","1610612761","Toronto Raptors",2020,"0021900191","20191118",-4.2,30.15,TRUE
1627783,"Pascal Siakam","1610612761","Toronto Raptors",2020,"0021900191","20191118",0,4.95,TRUE
1627783,"Pascal Siakam","1610612761","Toronto Raptors",2020,"0021900191","20191118",23,12.25,TRUE
1627783,"Pascal Siakam","1610612761","Toronto Raptors",2020,"0021900191","20191118",0.1,11.15,TRUE
1627783,"Pascal Siakam","1610612761","Toronto Raptors",2020,"0021900191","20191118",11.7,30.35,FALSE
1627783,"Pascal Siakam","1610612761","Toronto Raptors",2020,"0021900191","20191118",2.9,9.45,FALSE
1627783,"Pascal Siakam","1610612761","Toronto Raptors",2020,"0021900191","20191118",-23,5.85,TRUE
1627783,"Pascal Siakam","1610612761","Toronto Raptors",2020,"0021900191","20191118",14.1,26.35,FALSE
1627783,"Pascal Siakam","1610612761","Toronto Raptors",2020,"0021900191","20191118",15,26.15,FALSE
1627783,"Pascal Siakam","1610612761","Toronto Raptors",2020,"0021900191","20191118",-10.6,9.95,FALSE
1627783,"Pascal Siakam","1610612761","Toronto Raptors",2020,"0021900191","20191118",-2.2,6.05,FALSE
1627783,"Pascal Siakam","1610612761","Toronto Raptors",2020,"0021900191","20191118",0.4,5.75,TRUE
1627783,"Pascal Siakam","1610612761","Toronto Raptors",2020,"0021900191","20191118",0.5,6.55,TRUE
1627783,"Pascal Siakam","1610612761","Toronto Raptors",2020,"0021900191","20191118",-6.7,25.75,FALSE
1627783,"Pascal Siakam","1610612761","Toronto Raptors",2020,"0021900207","20191120",-1,22.45,TRUE
1627783,"Pascal Siakam","1610612761","Toronto Raptors",2020,"0021900207","20191120",7.3,19.65,TRUE
1627783,"Pascal Siakam","1610612761","Toronto Raptors",2020,"0021900207","20191120",1.2,6.25,FALSE
1627783,"Pascal Siakam","1610612761","Toronto Raptors",2020,"0021900207","20191120",-4.1,29.15,FALSE
1627783,"Pascal Siakam","1610612761","Toronto Raptors",2020,"0021900207","20191120",-0.4,4.95,TRUE
1627783,"Pascal Siakam","1610612761","Toronto Raptors",2020,"0021900207","20191120",-0.8,30.65,TRUE
1627783,"Pascal Siakam","1610612761","Toronto Raptors",2020,"0021900207","20191120",-22.8,5.15,FALSE
1627783,"Pascal Siakam","1610612761","Toronto Raptors",2020,"0021900207","20191120",-1.7,7.85,FALSE
1627783,"Pascal Siakam","1610612761","Toronto Raptors",2020,"0021900207","20191120",8.5,23.15,FALSE
1627783,"Pascal Siakam","1610612761","Toronto Raptors",2020,"0021900207","20191120",1.4,7.25,FALSE
1627783,"Pascal Siakam","1610612761","Toronto Raptors",2020,"0021900207","20191120",-2.2,6.25,FALSE
1627783,"Pascal Siakam","1610612761","Toronto Raptors",2020,"0021900207","20191120",10.1,29.25,FALSE
1627783,"Pascal Siakam","1610612761","Toronto Raptors",2020,"0021900207","20191120",-5,17.35,TRUE
1627783,"Pascal Siakam","1610612761","Toronto Raptors",2020,"0021900207","20191120",3.8,17.25,TRUE
1627783,"Pascal Siakam","1610612761","Toronto Raptors",2020,"0021900207","20191120",-0.3,8.65,FALSE
1627783,"Pascal Siakam","1610612761","Toronto Raptors",2020,"0021900207","20191120",0,4.65,FALSE
1627783,"Pascal Siakam","1610612761","Toronto Raptors",2020,"0021900207","20191120",5.1,8.45,TRUE
1627783,"Pascal Siakam","1610612761","Toronto Raptors",2020,"0021900207","20191120",-4,7.65,FALSE
1627783,"Pascal Siakam","1610612761","Toronto Raptors",2020,"0021900228","20191123",-8.5,30.45,TRUE
1627783,"Pascal Siakam","1610612761","Toronto Raptors",2020,"0021900228","20191123",-4.3,31.25,FALSE
1627783,"Pascal Siakam","1610612761","Toronto Raptors",2020,"0021900228","20191123",-5.1,11.85,FALSE
1627783,"Pascal Siakam","1610612761","Toronto Raptors",2020,"0021900228","20191123",0.4,7.95,FALSE
1627783,"Pascal Siakam","1610612761","Toronto Raptors",2020,"0021900228","20191123",-23.1,10.95,TRUE
1627783,"Pascal Siakam","1610612761","Toronto Raptors",2020,"0021900228","20191123",-11.9,27.25,FALSE
1627783,"Pascal Siakam","1610612761","Toronto Raptors",2020,"0021900228","20191123",-3.8,12.05,TRUE
1627783,"Pascal Siakam","1610612761","Toronto Raptors",2020,"0021900228","20191123",-3.9,10.85,FALSE
1627783,"Pascal Siakam","1610612761","Toronto Raptors",2020,"0021900228","20191123",0,6.85,TRUE
1627783,"Pascal Siakam","1610612761","Toronto Raptors",2020,"0021900228","20191123",20.7,19.85,TRUE
1627783,"Pascal Siakam","1610612761","Toronto Raptors",2020,"0021900228","20191123",19.1,22.45,TRUE
1627783,"Pascal Siakam","1610612761","Toronto Raptors",2020,"0021900228","20191123",16.3,10.05,TRUE
1627783,"Pascal Siakam","1610612761","Toronto Raptors",2020,"0021900228","20191123",1.6,8.15,TRUE
1627783,"Pascal Siakam","1610612761","Toronto Raptors",2020,"0021900228","20191123",-0.9,6.45,FALSE
1627783,"Pascal Siakam","1610612761","Toronto Raptors",2020,"0021900228","20191123",-10.1,25.35,TRUE
1627783,"Pascal Siakam","1610612761","Toronto Raptors",2020,"0021900228","20191123",17.4,16.85,FALSE
1627783,"Pascal Siakam","1610612761","Toronto Raptors",2020,"0021900228","20191123",0,6.75,TRUE
1627783,"Pascal Siakam","1610612761","Toronto Raptors",2020,"0021900228","20191123",0.6,6.35,TRUE
1627783,"Pascal Siakam","1610612761","Toronto Raptors",2020,"0021900246","20191125",7.3,31.35,TRUE
1627783,"Pascal Siakam","1610612761","Toronto Raptors",2020,"0021900246","20191125",-0.3,6.35,TRUE
1627783,"Pascal Siakam","1610612761","Toronto Raptors",2020,"0021900246","20191125",-0.7,31.45,FALSE
1627783,"Pascal Siakam","1610612761","Toronto Raptors",2020,"0021900246","20191125",-0.6,16.05,FALSE
1627783,"Pascal Siakam","1610612761","Toronto Raptors",2020,"0021900246","20191125",-3.2,15.15,TRUE
1627783,"Pascal Siakam","1610612761","Toronto Raptors",2020,"0021900246","20191125",-19.8,21.95,FALSE
1627783,"Pascal Siakam","1610612761","Toronto Raptors",2020,"0021900246","20191125",-4.7,10.45,TRUE
1627783,"Pascal Siakam","1610612761","Toronto Raptors",2020,"0021900246","20191125",-23.2,6.05,TRUE
1627783,"Pascal Siakam","1610612761","Toronto Raptors",2020,"0021900246","20191125",-5.7,31.95,FALSE
1627783,"Pascal Siakam","1610612761","Toronto Raptors",2020,"0021900246","20191125",16.1,25.15,FALSE
1627783,"Pascal Siakam","1610612761","Toronto Raptors",2020,"0021900246","20191125",-3,6.35,TRUE
1627783,"Pascal Siakam","1610612761","Toronto Raptors",2020,"0021900246","20191125",2,5.45,FALSE
1627783,"Pascal Siakam","1610612761","Toronto Raptors",2020,"0021900246","20191125",1.7,13.05,TRUE
1627783,"Pascal Siakam","1610612761","Toronto Raptors",2020,"0021900246","20191125",11.6,10.65,FALSE
1627783,"Pascal Siakam","1610612761","Toronto Raptors",2020,"0021900246","20191125",-11.2,18.85,FALSE
1627783,"Pascal Siakam","1610612761","Toronto Raptors",2020,"0021900246","20191125",-2.4,10.05,FALSE
1627783,"Pascal Siakam","1610612761","Toronto Raptors",2020,"0021900246","20191125",-3.2,7.05,FALSE
1627783,"Pascal Siakam","1610612761","Toronto Raptors",2020,"0021900246","20191125",-1,11.65,TRUE
1627783,"Pascal Siakam","1610612761","Toronto Raptors",2020,"0021900246","20191125",0.3,4.15,TRUE
1627783,"Pascal Siakam","1610612761","Toronto Raptors",2020,"0021900258","20191127",-7.5,29.45,FALSE
1627783,"Pascal Siakam","1610612761","Toronto Raptors",2020,"0021900258","20191127",-5.8,5.45,FALSE
1627783,"Pascal Siakam","1610612761","Toronto Raptors",2020,"0021900258","20191127",-19.3,20.65,TRUE
1627783,"Pascal Siakam","1610612761","Toronto Raptors",2020,"0021900258","20191127",23.1,4.85,FALSE
1627783,"Pascal Siakam","1610612761","Toronto Raptors",2020,"0021900258","20191127",-1.8,7.75,FALSE
1627783,"Pascal Siakam","1610612761","Toronto Raptors",2020,"0021900258","20191127",19.3,7.95,TRUE
1627783,"Pascal Siakam","1610612761","Toronto Raptors",2020,"0021900258","20191127",-22.8,4.75,FALSE
1627783,"Pascal Siakam","1610612761","Toronto Raptors",2020,"0021900258","20191127",-0.3,12.35,FALSE
1627783,"Pascal Siakam","1610612761","Toronto Raptors",2020,"0021900258","20191127",1.7,5.75,FALSE
1627783,"Pascal Siakam","1610612761","Toronto Raptors",2020,"0021900258","20191127",-0.8,5.15,TRUE
1627783,"Pascal Siakam","1610612761","Toronto Raptors",2020,"0021900258","20191127",19.2,14.85,TRUE
1627783,"Pascal Siakam","1610612761","Toronto Raptors",2020,"0021900258","20191127",15.7,24.25,TRUE
1627783,"Pascal Siakam","1610612761","Toronto Raptors",2020,"0021900258","20191127",1.8,10.45,TRUE
1627783,"Pascal Siakam","1610612761","Toronto Raptors",2020,"0021900258","20191127",23.2,4.95,TRUE
1627783,"Pascal Siakam","1610612761","Toronto Raptors",2020,"0021900258","20191127",6.7,7.55,TRUE
1627783,"Pascal Siakam","1610612761","Toronto Raptors",2020,"0021900258","20191127",4.5,14.95,FALSE
1627783,"Pascal Siakam","1610612761","Toronto Raptors",2020,"0021900258","20191127",15.5,24.55,TRUE
1627783,"Pascal Siakam","1610612761","Toronto Raptors",2020,"0021900258","20191127",-3.9,6.65,FALSE
1627783,"Pascal Siakam","1610612761","Toronto Raptors",2020,"0021900258","20191127",-0.7,6.55,TRUE
1627783,"Pascal Siakam","1610612761","Toronto Raptors",2020,"0021900258","20191127",0,4.65,TRUE
1627783,"Pascal Siakam","1610612761","Toronto Raptors",2020,"0021900258","20191127",-23.4,6.65,TRUE
1627783,"Pascal Siakam","1610612761","Toronto Raptors",2020,"0021900258","20191127",-2.7,7.25,FALSE
1627783,"Pascal Siakam","1610612761","Toronto Raptors",2020,"0021900269","20191129",-2.4,7.45,FALSE
1627783,"Pascal Siakam","1610612761","Toronto Raptors",2020,"0021900269","20191129",-21.1,18.35,TRUE
1627783,"Pascal Siakam","1610612761","Toronto Raptors",2020,"0021900269","20191129",-14.5,27.25,FALSE
1627783,"Pascal Siakam","1610612761","Toronto Raptors",2020,"0021900269","20191129",0.8,10.15,FALSE
1627783,"Pascal Siakam","1610612761","Toronto Raptors",2020,"0021900269","20191129",22.4,18.35,FALSE
1627783,"Pascal Siakam","1610612761","Toronto Raptors",2020,"0021900269","20191129",0.7,6.85,TRUE
1627783,"Pascal Siakam","1610612761","Toronto Raptors",2020,"0021900269","20191129",-2.9,7.45,FALSE
1627783,"Pascal Siakam","1610612761","Toronto Raptors",2020,"0021900269","20191129",-0.4,5.65,TRUE
1627783,"Pascal Siakam","1610612761","Toronto Raptors",2020,"0021900269","20191129",11.1,28.95,FALSE
1627783,"Pascal Siakam","1610612761","Toronto Raptors",2020,"0021900269","20191129",-11.3,28.85,FALSE
1627783,"Pascal Siakam","1610612761","Toronto Raptors",2020,"0021900269","20191129",8.8,38.45,FALSE
1627783,"Pascal Siakam","1610612761","Toronto Raptors",2020,"0021900269","20191129",-7.9,21.55,FALSE
1627783,"Pascal Siakam","1610612761","Toronto Raptors",2020,"0021900269","20191129",-14.2,17.75,FALSE
1627783,"Pascal Siakam","1610612761","Toronto Raptors",2020,"0021900269","20191129",0.6,8.35,FALSE
1627783,"Pascal Siakam","1610612761","Toronto Raptors",2020,"0021900269","20191129",0,4.65,FALSE
1627783,"Pascal Siakam","1610612761","Toronto Raptors",2020,"0021900269","20191129",18.2,23.45,FALSE
1627783,"Pascal Siakam","1610612761","Toronto Raptors",2020,"0021900269","20191129",1.6,7.75,FALSE
1627783,"Pascal Siakam","1610612761","Toronto Raptors",2020,"0021900269","20191129",1,8.35,FALSE
1627783,"Pascal Siakam","1610612761","Toronto Raptors",2020,"0021900269","20191129",-9.4,19.25,TRUE
1627783,"Pascal Siakam","1610612761","Toronto Raptors",2020,"0021900269","20191129",1,6.95,FALSE
1627783,"Pascal Siakam","1610612761","Toronto Raptors",2020,"0021900269","20191129",2.9,8.75,FALSE
1627783,"Pascal Siakam","1610612761","Toronto Raptors",2020,"0021900269","20191129",0.8,5.75,FALSE
1627783,"Pascal Siakam","1610612761","Toronto Raptors",2020,"0021900291","20191201",-0.3,5.35,TRUE
1627783,"Pascal Siakam","1610612761","Toronto Raptors",2020,"0021900291","20191201",-23.5,6.35,FALSE
1627783,"Pascal Siakam","1610612761","Toronto Raptors",2020,"0021900291","20191201",-17,27.95,TRUE
1627783,"Pascal Siakam","1610612761","Toronto Raptors",2020,"0021900291","20191201",-5.4,9.45,TRUE
1627783,"Pascal Siakam","1610612761","Toronto Raptors",2020,"0021900291","20191201",-1.2,5.35,TRUE
1627783,"Pascal Siakam","1610612761","Toronto Raptors",2020,"0021900291","20191201",-4,31.55,TRUE
1627783,"Pascal Siakam","1610612761","Toronto Raptors",2020,"0021900291","20191201",-2.7,22.45,TRUE
1627783,"Pascal Siakam","1610612761","Toronto Raptors",2020,"0021900291","20191201",12.9,8.95,FALSE
1627783,"Pascal Siakam","1610612761","Toronto Raptors",2020,"0021900291","20191201",0.5,6.05,TRUE
1627783,"Pascal Siakam","1610612761","Toronto Raptors",2020,"0021900291","20191201",-2.5,6.25,TRUE
1627783,"Pascal Siakam","1610612761","Toronto Raptors",2020,"0021900291","20191201",12.3,9.55,FALSE
1627783,"Pascal Siakam","1610612761","Toronto Raptors",2020,"0021900291","20191201",23,5.15,TRUE
1627783,"Pascal Siakam","1610612761","Toronto Raptors",2020,"0021900291","20191201",-12,29.75,FALSE
1627783,"Pascal Siakam","1610612761","Toronto Raptors",2020,"0021900291","20191201",-2.4,7.15,FALSE
1627783,"Pascal Siakam","1610612761","Toronto Raptors",2020,"0021900291","20191201",3.1,31.25,TRUE
1627783,"Pascal Siakam","1610612761","Toronto Raptors",2020,"0021900291","20191201",1.4,11.55,TRUE
1627783,"Pascal Siakam","1610612761","Toronto Raptors",2020,"0021900291","20191201",1.6,6.05,TRUE
1627783,"Pascal Siakam","1610612761","Toronto Raptors",2020,"0021900291","20191201",-3.2,5.85,FALSE
1627783,"Pascal Siakam","1610612761","Toronto Raptors",2020,"0021900291","20191201",23.1,4.45,FALSE
1627783,"Pascal Siakam","1610612761","Toronto Raptors",2020,"0021900291","20191201",1.1,31.15,TRUE
1627783,"Pascal Siakam","1610612761","Toronto Raptors",2020,"0021900291","20191201",-2.2,31.45,FALSE
1627783,"Pascal Siakam","1610612761","Toronto Raptors",2020,"0021900291","20191201",-0.4,6.35,TRUE
1627783,"Pascal Siakam","1610612761","Toronto Raptors",2020,"0021900301","20191203",4.6,6.25,TRUE
1627783,"Pascal Siakam","1610612761","Toronto Raptors",2020,"0021900301","20191203",15.7,19.55,FALSE
1627783,"Pascal Siakam","1610612761","Toronto Raptors",2020,"0021900301","20191203",-18.9,23.65,FALSE
1627783,"Pascal Siakam","1610612761","Toronto Raptors",2020,"0021900301","20191203",17.6,7.45,FALSE
1627783,"Pascal Siakam","1610612761","Toronto Raptors",2020,"0021900301","20191203",-12.3,18.55,FALSE
1627783,"Pascal Siakam","1610612761","Toronto Raptors",2020,"0021900301","20191203",1.3,7.25,FALSE
1627783,"Pascal Siakam","1610612761","Toronto Raptors",2020,"0021900301","20191203",0,4.65,TRUE
1627783,"Pascal Siakam","1610612761","Toronto Raptors",2020,"0021900301","20191203",18.8,25.95,FALSE
1627783,"Pascal Siakam","1610612761","Toronto Raptors",2020,"0021900301","20191203",-1,5.45,TRUE
1627783,"Pascal Siakam","1610612761","Toronto Raptors",2020,"0021900301","20191203",10.5,10.05,FALSE
1627783,"Pascal Siakam","1610612761","Toronto Raptors",2020,"0021900301","20191203",-0.1,5.85,TRUE
1627783,"Pascal Siakam","1610612761","Toronto Raptors",2020,"0021900301","20191203",-12.5,20.85,FALSE
1627783,"Pascal Siakam","1610612761","Toronto Raptors",2020,"0021900301","20191203",-5.1,8.25,TRUE
1627783,"Pascal Siakam","1610612761","Toronto Raptors",2020,"0021900301","20191203",2.5,9.85,FALSE
1627783,"Pascal Siakam","1610612761","Toronto Raptors",2020,"0021900318","20191205",-8.1,29.35,FALSE
1627783,"Pascal Siakam","1610612761","Toronto Raptors",2020,"0021900318","20191205",2.7,5.95,FALSE
1627783,"Pascal Siakam","1610612761","Toronto Raptors",2020,"0021900318","20191205",0.2,7.35,TRUE
1627783,"Pascal Siakam","1610612761","Toronto Raptors",2020,"0021900318","20191205",-0.4,4.85,TRUE
1627783,"Pascal Siakam","1610612761","Toronto Raptors",2020,"0021900318","20191205",-2,5.35,FALSE
1627783,"Pascal Siakam","1610612761","Toronto Raptors",2020,"0021900318","20191205",-16.8,24.25,TRUE
1627783,"Pascal Siakam","1610612761","Toronto Raptors",2020,"0021900318","20191205",-23.3,5.35,FALSE
1627783,"Pascal Siakam","1610612761","Toronto Raptors",2020,"0021900318","20191205",0.9,5.45,TRUE
1627783,"Pascal Siakam","1610612761","Toronto Raptors",2020,"0021900318","20191205",18.1,25.15,TRUE
1627783,"Pascal Siakam","1610612761","Toronto Raptors",2020,"0021900318","20191205",0.1,7.05,TRUE
1627783,"Pascal Siakam","1610612761","Toronto Raptors",2020,"0021900318","20191205",0.8,8.85,TRUE
1627783,"Pascal Siakam","1610612761","Toronto Raptors",2020,"0021900318","20191205",-1.5,5.65,FALSE
1627783,"Pascal Siakam","1610612761","Toronto Raptors",2020,"0021900318","20191205",-19.2,21.55,FALSE
1627783,"Pascal Siakam","1610612761","Toronto Raptors",2020,"0021900318","20191205",9.6,30.05,FALSE
1627783,"Pascal Siakam","1610612761","Toronto Raptors",2020,"0021900318","20191205",3.5,7.15,FALSE
1627783,"Pascal Siakam","1610612761","Toronto Raptors",2020,"0021900318","20191205",-3.3,12.35,FALSE
1627783,"Pascal Siakam","1610612761","Toronto Raptors",2020,"0021900318","20191205",-0.6,6.65,TRUE
1627783,"Pascal Siakam","1610612761","Toronto Raptors",2020,"0021900318","20191205",-1.3,5.55,TRUE
1627783,"Pascal Siakam","1610612761","Toronto Raptors",2020,"0021900318","20191205",-3.2,14.45,FALSE
1627783,"Pascal Siakam","1610612761","Toronto Raptors",2020,"0021900318","20191205",-24.6,8.35,FALSE
1627783,"Pascal Siakam","1610612761","Toronto Raptors",2020,"0021900318","20191205",-3.2,14.15,FALSE
1627783,"Pascal Siakam","1610612761","Toronto Raptors",2020,"0021900318","20191205",23.1,6.65,FALSE
1627783,"Pascal Siakam","1610612761","Toronto Raptors",2020,"0021900338","20191208",11.5,4.75,FALSE
1627783,"Pascal Siakam","1610612761","Toronto Raptors",2020,"0021900338","20191208",0.2,5.35,TRUE
1627783,"Pascal Siakam","1610612761","Toronto Raptors",2020,"0021900338","20191208",18.7,5.35,FALSE
1627783,"Pascal Siakam","1610612761","Toronto Raptors",2020,"0021900338","20191208",3.2,31.55,FALSE
1627783,"Pascal Siakam","1610612761","Toronto Raptors",2020,"0021900338","20191208",-0.4,14.95,FALSE
1627783,"Pascal Siakam","1610612761","Toronto Raptors",2020,"0021900338","20191208",4.1,10.55,FALSE
1627783,"Pascal Siakam","1610612761","Toronto Raptors",2020,"0021900338","20191208",1.2,6.35,TRUE
1627783,"Pascal Siakam","1610612761","Toronto Raptors",2020,"0021900338","20191208",-7.9,29.45,FALSE
1627783,"Pascal Siakam","1610612761","Toronto Raptors",2020,"0021900338","20191208",21.4,17.85,FALSE
1627783,"Pascal Siakam","1610612761","Toronto Raptors",2020,"0021900338","20191208",5.4,10.35,FALSE
1627783,"Pascal Siakam","1610612761","Toronto Raptors",2020,"0021900338","20191208",0.2,5.05,FALSE
1627783,"Pascal Siakam","1610612761","Toronto Raptors",2020,"0021900338","20191208",0,4.65,TRUE
1627783,"Pascal Siakam","1610612761","Toronto Raptors",2020,"0021900338","20191208",-0.1,7.45,TRUE
1627783,"Pascal Siakam","1610612761","Toronto Raptors",2020,"0021900338","20191208",0,4.65,TRUE
1627783,"Pascal Siakam","1610612761","Toronto Raptors",2020,"0021900338","20191208",-0.2,11.35,FALSE
1627783,"Pascal Siakam","1610612761","Toronto Raptors",2020,"0021900338","20191208",1.9,6.95,TRUE
1627783,"Pascal Siakam","1610612761","Toronto Raptors",2020,"0021900338","20191208",0.3,5.15,TRUE
1627783,"Pascal Siakam","1610612761","Toronto Raptors",2020,"0021900338","20191208",-11.1,29.25,FALSE
1627783,"Pascal Siakam","1610612761","Toronto Raptors",2020,"0021900345","20191209",15.4,15.35,TRUE
1627783,"Pascal Siakam","1610612761","Toronto Raptors",2020,"0021900345","20191209",1.2,5.35,TRUE
1627783,"Pascal Siakam","1610612761","Toronto Raptors",2020,"0021900345","20191209",0.6,32.25,FALSE
1627783,"Pascal Siakam","1610612761","Toronto Raptors",2020,"0021900345","20191209",8.2,9.65,TRUE
1627783,"Pascal Siakam","1610612761","Toronto Raptors",2020,"0021900345","20191209",-16.6,24.55,TRUE
1627783,"Pascal Siakam","1610612761","Toronto Raptors",2020,"0021900345","20191209",7.3,30.85,FALSE
1627783,"Pascal Siakam","1610612761","Toronto Raptors",2020,"0021900345","20191209",16.4,25.75,TRUE
1627783,"Pascal Siakam","1610612761","Toronto Raptors",2020,"0021900345","20191209",-1.1,9.55,FALSE
1627783,"Pascal Siakam","1610612761","Toronto Raptors",2020,"0021900345","20191209",15.5,26.35,FALSE
1627783,"Pascal Siakam","1610612761","Toronto Raptors",2020,"0021900345","20191209",-0.5,26.35,FALSE
1627783,"Pascal Siakam","1610612761","Toronto Raptors",2020,"0021900345","20191209",-7.1,23.25,FALSE
1627783,"Pascal Siakam","1610612761","Toronto Raptors",2020,"0021900345","20191209",-2.2,7.25,FALSE
1627783,"Pascal Siakam","1610612761","Toronto Raptors",2020,"0021900345","20191209",-14.9,24.65,FALSE
1627783,"Pascal Siakam","1610612761","Toronto Raptors",2020,"0021900345","20191209",-0.5,7.75,TRUE
1627783,"Pascal Siakam","1610612761","Toronto Raptors",2020,"0021900345","20191209",-2.2,6.65,FALSE
1627783,"Pascal Siakam","1610612761","Toronto Raptors",2020,"0021900345","20191209",-6.3,11.65,FALSE
1627783,"Pascal Siakam","1610612761","Toronto Raptors",2020,"0021900345","20191209",0.8,7.85,TRUE
1627783,"Pascal Siakam","1610612761","Toronto Raptors",2020,"0021900345","20191209",-8.3,9.35,FALSE
1627783,"Pascal Siakam","1610612761","Toronto Raptors",2020,"0021900359","20191211",-17.2,25.65,TRUE
1627783,"Pascal Siakam","1610612761","Toronto Raptors",2020,"0021900359","20191211",-19.9,21.55,FALSE
1627783,"Pascal Siakam","1610612761","Toronto Raptors",2020,"0021900359","20191211",-1.6,23.15,FALSE
1627783,"Pascal Siakam","1610612761","Toronto Raptors",2020,"0021900359","20191211",13.1,7.05,FALSE
1627783,"Pascal Siakam","1610612761","Toronto Raptors",2020,"0021900359","20191211",-5.2,6.95,TRUE
1627783,"Pascal Siakam","1610612761","Toronto Raptors",2020,"0021900359","20191211",3,5.85,FALSE
1627783,"Pascal Siakam","1610612761","Toronto Raptors",2020,"0021900359","20191211",0.1,11.55,FALSE
1627783,"Pascal Siakam","1610612761","Toronto Raptors",2020,"0021900359","20191211",3.5,6.55,TRUE
1627783,"Pascal Siakam","1610612761","Toronto Raptors",2020,"0021900359","20191211",1.3,6.35,FALSE
1627783,"Pascal Siakam","1610612761","Toronto Raptors",2020,"0021900359","20191211",2.4,9.05,FALSE
1627783,"Pascal Siakam","1610612761","Toronto Raptors",2020,"0021900359","20191211",0.6,6.25,TRUE
1627783,"Pascal Siakam","1610612761","Toronto Raptors",2020,"0021900359","20191211",-21.3,20.95,FALSE
1627783,"Pascal Siakam","1610612761","Toronto Raptors",2020,"0021900359","20191211",-0.8,5.85,TRUE
1627783,"Pascal Siakam","1610612761","Toronto Raptors",2020,"0021900359","20191211",-12.2,9.25,FALSE
1627783,"Pascal Siakam","1610612761","Toronto Raptors",2020,"0021900359","20191211",20.3,20.05,FALSE
1627783,"Pascal Siakam","1610612761","Toronto Raptors",2020,"0021900359","20191211",0.3,5.65,TRUE
1627783,"Pascal Siakam","1610612761","Toronto Raptors",2020,"0021900359","20191211",10.9,8.35,TRUE
1627783,"Pascal Siakam","1610612761","Toronto Raptors",2020,"0021900359","20191211",1,5.55,TRUE
1627783,"Pascal Siakam","1610612761","Toronto Raptors",2020,"0021900359","20191211",-0.9,5.65,TRUE
1627783,"Pascal Siakam","1610612761","Toronto Raptors",2020,"0021900359","20191211",1,8.85,FALSE
1627783,"Pascal Siakam","1610612761","Toronto Raptors",2020,"0021900381","20191214",9.1,8.95,FALSE
1627783,"Pascal Siakam","1610612761","Toronto Raptors",2020,"0021900381","20191214",-16.1,24.15,TRUE
1627783,"Pascal Siakam","1610612761","Toronto Raptors",2020,"0021900381","20191214",-4.9,30.25,TRUE
1627783,"Pascal Siakam","1610612761","Toronto Raptors",2020,"0021900381","20191214",-13.2,26.75,FALSE
1627783,"Pascal Siakam","1610612761","Toronto Raptors",2020,"0021900381","20191214",-1.2,10.25,TRUE
1627783,"Pascal Siakam","1610612761","Toronto Raptors",2020,"0021900381","20191214",-23.2,4.55,TRUE
1627783,"Pascal Siakam","1610612761","Toronto Raptors",2020,"0021900381","20191214",0.9,6.55,FALSE
1627783,"Pascal Siakam","1610612761","Toronto Raptors",2020,"0021900381","20191214",-2.5,6.95,TRUE
1627783,"Pascal Siakam","1610612761","Toronto Raptors",2020,"0021900381","20191214",-5.5,22.65,TRUE
1627783,"Pascal Siakam","1610612761","Toronto Raptors",2020,"0021900381","20191214",5.2,19.75,TRUE
1627783,"Pascal Siakam","1610612761","Toronto Raptors",2020,"0021900381","20191214",-20.3,5.35,FALSE
1627783,"Pascal Siakam","1610612761","Toronto Raptors",2020,"0021900381","20191214",-16,17.85,TRUE
1627783,"Pascal Siakam","1610612761","Toronto Raptors",2020,"0021900381","20191214",0.9,6.35,FALSE
1627783,"Pascal Siakam","1610612761","Toronto Raptors",2020,"0021900381","20191214",-18.2,5.35,FALSE
1627783,"Pascal Siakam","1610612761","Toronto Raptors",2020,"0021900381","20191214",-6,24.25,FALSE
1627783,"Pascal Siakam","1610612761","Toronto Raptors",2020,"0021900381","20191214",-3.3,8.45,FALSE
1627783,"Pascal Siakam","1610612761","Toronto Raptors",2020,"0021900381","20191214",12.1,26.95,FALSE
1627783,"Pascal Siakam","1610612761","Toronto Raptors",2020,"0021900381","20191214",-16.7,6.05,TRUE
1627783,"Pascal Siakam","1610612761","Toronto Raptors",2020,"0021900381","20191214",6,9.95,FALSE
1627783,"Pascal Siakam","1610612761","Toronto Raptors",2020,"0021900381","20191214",-12.5,18.65,FALSE
1627783,"Pascal Siakam","1610612761","Toronto Raptors",2020,"0021900381","20191214",-1.5,5.75,FALSE
1627783,"Pascal Siakam","1610612761","Toronto Raptors",2020,"0021900381","20191214",8.7,8.15,FALSE
1627783,"Pascal Siakam","1610612761","Toronto Raptors",2020,"0021900381","20191214",1.7,7.25,FALSE
1627783,"Pascal Siakam","1610612761","Toronto Raptors",2020,"0021900381","20191214",-0.3,6.85,TRUE
1627783,"Pascal Siakam","1610612761","Toronto Raptors",2020,"0021900381","20191214",17.7,5.85,FALSE
1627783,"Pascal Siakam","1610612761","Toronto Raptors",2020,"0021900381","20191214",1.4,7.25,FALSE
1627783,"Pascal Siakam","1610612761","Toronto Raptors",2020,"0021900395","20191216",20.5,18.25,TRUE
1627783,"Pascal Siakam","1610612761","Toronto Raptors",2020,"0021900395","20191216",-23.2,4.65,FALSE
1627783,"Pascal Siakam","1610612761","Toronto Raptors",2020,"0021900395","20191216",-1.8,6.95,TRUE
1627783,"Pascal Siakam","1610612761","Toronto Raptors",2020,"0021900395","20191216",-7.3,19.95,TRUE
1627783,"Pascal Siakam","1610612761","Toronto Raptors",2020,"0021900395","20191216",2.2,7.65,FALSE
1627783,"Pascal Siakam","1610612761","Toronto Raptors",2020,"0021900395","20191216",15.7,19.05,FALSE
1627783,"Pascal Siakam","1610612761","Toronto Raptors",2020,"0021900395","20191216",1.1,6.95,FALSE
1627783,"Pascal Siakam","1610612761","Toronto Raptors",2020,"0021900395","20191216",-16.8,9.75,FALSE
1627783,"Pascal Siakam","1610612761","Toronto Raptors",2020,"0021900395","20191216",22.3,15.85,TRUE
1627783,"Pascal Siakam","1610612761","Toronto Raptors",2020,"0021900395","20191216",-1.7,7.45,TRUE
1627783,"Pascal Siakam","1610612761","Toronto Raptors",2020,"0021900395","20191216",0.9,30.35,FALSE
1627783,"Pascal Siakam","1610612761","Toronto Raptors",2020,"0021900395","20191216",0.8,30.35,FALSE
1627783,"Pascal Siakam","1610612761","Toronto Raptors",2020,"0021900395","20191216",0.1,8.95,FALSE
1627783,"Pascal Siakam","1610612761","Toronto Raptors",2020,"0021900395","20191216",21,18.45,TRUE
1627783,"Pascal Siakam","1610612761","Toronto Raptors",2020,"0021900395","20191216",23.1,9.45,TRUE
1627783,"Pascal Siakam","1610612761","Toronto Raptors",2020,"0021900395","20191216",6,22.85,TRUE
1627783,"Pascal Siakam","1610612761","Toronto Raptors",2020,"0021900395","20191216",-1.1,4.85,FALSE
1627783,"Pascal Siakam","1610612761","Toronto Raptors",2020,"0021900395","20191216",-16.3,13.35,FALSE
1627783,"Pascal Siakam","1610612761","Toronto Raptors",2020,"0021900395","20191216",-0.3,5.85,TRUE
1627783,"Pascal Siakam","1610612761","Toronto Raptors",2020,"0021900395","20191216",-9,28.55,TRUE
1627783,"Pascal Siakam","1610612761","Toronto Raptors",2020,"0021900395","20191216",-0.4,15.45,FALSE
1627783,"Pascal Siakam","1610612761","Toronto Raptors",2020,"0021900395","20191216",-4.3,5.75,TRUE
1627783,"Pascal Siakam","1610612761","Toronto Raptors",2020,"0021900395","20191216",-1.1,5.35,TRUE
1627783,"Pascal Siakam","1610612761","Toronto Raptors",2020,"0021900395","20191216",9.5,9.05,TRUE
1627783,"Pascal Siakam","1610612761","Toronto Raptors",2020,"0021900408","20191218",8.6,29.35,TRUE
1627783,"Pascal Siakam","1610612761","Toronto Raptors",2020,"0021900408","20191218",-0.3,10.35,FALSE
1627783,"Pascal Siakam","1610612761","Toronto Raptors",2020,"0021900408","20191218",-9,10.05,TRUE
1627783,"Pascal Siakam","1610612761","Toronto Raptors",2020,"0021900408","20191218",13.5,27.05,TRUE
1627783,"Pascal Siakam","1610612761","Toronto Raptors",2020,"0021900408","20191218",1.9,5.75,TRUE
1627783,"Pascal Siakam","1610612761","Toronto Raptors",2020,"0021900408","20191218",-18.7,22.85,FALSE
1627783,"Pascal Siakam","1610612761","Toronto Raptors",2020,"0021900408","20191218",-3,31.25,TRUE
1627783,"Pascal Siakam","1610612761","Toronto Raptors",2020,"0021900408","20191218",-3,32.15,TRUE
1627783,"Pascal Siakam","1610612761","Toronto Raptors",2020,"0021900408","20191218",-17.4,25.15,FALSE
1627783,"Pascal Siakam","1610612761","Toronto Raptors",2020,"0021900408","20191218",17.2,9.95,FALSE
1627783,"Pascal Siakam","1610612761","Toronto Raptors",2020,"0021900408","20191218",18.1,9.15,FALSE
1627783,"Pascal Siakam","1610612761","Toronto Raptors",2020,"0021900408","20191218",-0.9,7.55,FALSE
1627783,"Pascal Siakam","1610612761","Toronto Raptors",2020,"0021900408","20191218",1.3,9.95,TRUE
1627783,"Pascal Siakam","1610612761","Toronto Raptors",2020,"0021900408","20191218",2.7,7.25,FALSE
1627783,"Pascal Siakam","1610612761","Toronto Raptors",2020,"0021900408","20191218",1.6,32.25,FALSE
1627783,"Pascal Siakam","1610612761","Toronto Raptors",2020,"0021900408","20191218",-5.4,8.05,FALSE
1627783,"Pascal Siakam","1610612761","Toronto Raptors",2020,"0021900408","20191218",-22.7,8.95,FALSE
1627783,"Pascal Siakam","1610612761","Toronto Raptors",2020,"0021900408","20191218",-1.3,6.05,TRUE
1627783,"Pascal Siakam","1610612761","Toronto Raptors",2020,"0021900408","20191218",3,6.95,FALSE
1627783,"Pascal Siakam","1610612761","Toronto Raptors",2020,"0021900408","20191218",-9.7,21.75,FALSE
1627783,"Pascal Siakam","1610612761","Toronto Raptors",2020,"0021900408","20191218",-22.6,8.35,TRUE
1627783,"Pascal Siakam","1610612761","Toronto Raptors",2020,"0021900408","20191218",-13.3,27.05,FALSE
1627783,"Pascal Siakam","1610612761","Toronto Raptors",2020,"0021900408","20191218",23.1,18.05,TRUE
1627783,"Pascal Siakam","1610612761","Toronto Raptors",2020,"0021900587","20200112",6.7,6.25,TRUE
1627783,"Pascal Siakam","1610612761","Toronto Raptors",2020,"0021900587","20200112",13.1,8.45,TRUE
1627783,"Pascal Siakam","1610612761","Toronto Raptors",2020,"0021900587","20200112",-11.2,15.25,TRUE
1627783,"Pascal Siakam","1610612761","Toronto Raptors",2020,"0021900587","20200112",-10.4,30.85,TRUE
1627783,"Pascal Siakam","1610612761","Toronto Raptors",2020,"0021900587","20200112",-13.7,10.45,FALSE
1627783,"Pascal Siakam","1610612761","Toronto Raptors",2020,"0021900587","20200112",23.1,6.05,TRUE
1627783,"Pascal Siakam","1610612761","Toronto Raptors",2020,"0021900587","20200112",20.7,20.05,FALSE
1627783,"Pascal Siakam","1610612761","Toronto Raptors",2020,"0021900587","20200112",2.2,26.05,FALSE
1627783,"Pascal Siakam","1610612761","Toronto Raptors",2020,"0021900587","20200112",-5.8,16.55,FALSE
1627783,"Pascal Siakam","1610612761","Toronto Raptors",2020,"0021900587","20200112",22,5.55,FALSE
1627783,"Pascal Siakam","1610612761","Toronto Raptors",2020,"0021900587","20200112",-0.7,5.85,TRUE
1627783,"Pascal Siakam","1610612761","Toronto Raptors",2020,"0021900587","20200112",-17.9,25.85,FALSE
1627783,"Pascal Siakam","1610612761","Toronto Raptors",2020,"0021900587","20200112",14.2,7.25,FALSE
1627783,"Pascal Siakam","1610612761","Toronto Raptors",2020,"0021900587","20200112",15.5,14.15,FALSE
1627783,"Pascal Siakam","1610612761","Toronto Raptors",2020,"0021900587","20200112",-0.8,6.55,FALSE
1627783,"Pascal Siakam","1610612761","Toronto Raptors",2020,"0021900587","20200112",1.9,6.45,FALSE
1627783,"Pascal Siakam","1610612761","Toronto Raptors",2020,"0021900587","20200112",-9,38.45,FALSE
1627783,"Pascal Siakam","1610612761","Toronto Raptors",2020,"0021900609","20200115",-3.2,5.25,TRUE
1627783,"Pascal Siakam","1610612761","Toronto Raptors",2020,"0021900609","20200115",10.6,8.05,FALSE
1627783,"Pascal Siakam","1610612761","Toronto Raptors",2020,"0021900609","20200115",2.4,6.25,FALSE
1627783,"Pascal Siakam","1610612761","Toronto Raptors",2020,"0021900609","20200115",4.3,6.95,FALSE
1627783,"Pascal Siakam","1610612761","Toronto Raptors",2020,"0021900609","20200115",-1.6,6.95,TRUE
1627783,"Pascal Siakam","1610612761","Toronto Raptors",2020,"0021900609","20200115",1.1,5.95,TRUE
1627783,"Pascal Siakam","1610612761","Toronto Raptors",2020,"0021900609","20200115",-18.4,22.05,TRUE
1627783,"Pascal Siakam","1610612761","Toronto Raptors",2020,"0021900609","20200115",0.9,5.95,TRUE
1627783,"Pascal Siakam","1610612761","Toronto Raptors",2020,"0021900609","20200115",13.8,20.15,FALSE
1627783,"Pascal Siakam","1610612761","Toronto Raptors",2020,"0021900609","20200115",-3.7,7.25,FALSE
1627783,"Pascal Siakam","1610612761","Toronto Raptors",2020,"0021900609","20200115",-0.9,6.95,TRUE
1627783,"Pascal Siakam","1610612761","Toronto Raptors",2020,"0021900609","20200115",-13,14.25,TRUE
1627783,"Pascal Siakam","1610612761","Toronto Raptors",2020,"0021900609","20200115",-0.9,6.75,TRUE
1627783,"Pascal Siakam","1610612761","Toronto Raptors",2020,"0021900609","20200115",10.9,28.75,FALSE
1627783,"Pascal Siakam","1610612761","Toronto Raptors",2020,"0021900609","20200115",0.4,6.15,TRUE
1627783,"Pascal Siakam","1610612761","Toronto Raptors",2020,"0021900621","20200117",-21.5,16.95,TRUE
1627783,"Pascal Siakam","1610612761","Toronto Raptors",2020,"0021900621","20200117",-1,30.15,FALSE
1627783,"Pascal Siakam","1610612761","Toronto Raptors",2020,"0021900621","20200117",0,6.05,TRUE
1627783,"Pascal Siakam","1610612761","Toronto Raptors",2020,"0021900621","20200117",-15.7,25.45,FALSE
1627783,"Pascal Siakam","1610612761","Toronto Raptors",2020,"0021900621","20200117",-2.4,5.75,FALSE
1627783,"Pascal Siakam","1610612761","Toronto Raptors",2020,"0021900621","20200117",6.7,8.15,FALSE
1627783,"Pascal Siakam","1610612761","Toronto Raptors",2020,"0021900621","20200117",-0.7,6.75,TRUE
1627783,"Pascal Siakam","1610612761","Toronto Raptors",2020,"0021900621","20200117",-3.4,21.85,FALSE
1627783,"Pascal Siakam","1610612761","Toronto Raptors",2020,"0021900621","20200117",-3.2,7.35,FALSE
1627783,"Pascal Siakam","1610612761","Toronto Raptors",2020,"0021900632","20200118",-1.4,5.95,TRUE
1627783,"Pascal Siakam","1610612761","Toronto Raptors",2020,"0021900632","20200118",23,6.55,FALSE
1627783,"Pascal Siakam","1610612761","Toronto Raptors",2020,"0021900632","20200118",-0.4,6.95,TRUE
1627783,"Pascal Siakam","1610612761","Toronto Raptors",2020,"0021900632","20200118",-0.5,5.75,TRUE
1627783,"Pascal Siakam","1610612761","Toronto Raptors",2020,"0021900632","20200118",-4.4,30.45,FALSE
1627783,"Pascal Siakam","1610612761","Toronto Raptors",2020,"0021900632","20200118",8.9,25.25,FALSE
1627783,"Pascal Siakam","1610612761","Toronto Raptors",2020,"0021900632","20200118",0.3,6.45,TRUE
1627783,"Pascal Siakam","1610612761","Toronto Raptors",2020,"0021900632","20200118",-0.1,6.85,TRUE
1627783,"Pascal Siakam","1610612761","Toronto Raptors",2020,"0021900632","20200118",-0.8,10.25,FALSE
1627783,"Pascal Siakam","1610612761","Toronto Raptors",2020,"0021900632","20200118",-1.1,7.95,TRUE
1627783,"Pascal Siakam","1610612761","Toronto Raptors",2020,"0021900640","20200120",-17,24.65,FALSE
1627783,"Pascal Siakam","1610612761","Toronto Raptors",2020,"0021900640","20200120",0,5.65,TRUE
1627783,"Pascal Siakam","1610612761","Toronto Raptors",2020,"0021900640","20200120",0.5,5.85,FALSE
1627783,"Pascal Siakam","1610612761","Toronto Raptors",2020,"0021900640","20200120",0.2,6.65,TRUE
1627783,"Pascal Siakam","1610612761","Toronto Raptors",2020,"0021900640","20200120",-0.8,6.65,TRUE
1627783,"Pascal Siakam","1610612761","Toronto Raptors",2020,"0021900640","20200120",1.8,6.75,FALSE
1627783,"Pascal Siakam","1610612761","Toronto Raptors",2020,"0021900640","20200120",1.9,30.95,FALSE
1627783,"Pascal Siakam","1610612761","Toronto Raptors",2020,"0021900640","20200120",16.3,24.95,FALSE
1627783,"Pascal Siakam","1610612761","Toronto Raptors",2020,"0021900640","20200120",-0.6,6.25,TRUE
1627783,"Pascal Siakam","1610612761","Toronto Raptors",2020,"0021900640","20200120",0,5.95,TRUE
1627783,"Pascal Siakam","1610612761","Toronto Raptors",2020,"0021900640","20200120",-0.2,6.25,TRUE
1627783,"Pascal Siakam","1610612761","Toronto Raptors",2020,"0021900640","20200120",-7.5,9.85,FALSE
1627783,"Pascal Siakam","1610612761","Toronto Raptors",2020,"0021900640","20200120",0.8,30.85,FALSE
1627783,"Pascal Siakam","1610612761","Toronto Raptors",2020,"0021900660","20200122",-9.5,9.05,FALSE
1627783,"Pascal Siakam","1610612761","Toronto Raptors",2020,"0021900660","20200122",23.6,4.85,TRUE
1627783,"Pascal Siakam","1610612761","Toronto Raptors",2020,"0021900660","20200122",-8.6,30.45,FALSE
1627783,"Pascal Siakam","1610612761","Toronto Raptors",2020,"0021900660","20200122",0.7,6.05,TRUE
1627783,"Pascal Siakam","1610612761","Toronto Raptors",2020,"0021900660","20200122",-0.8,5.65,TRUE
1627783,"Pascal Siakam","1610612761","Toronto Raptors",2020,"0021900660","20200122",1.9,10.55,FALSE
1627783,"Pascal Siakam","1610612761","Toronto Raptors",2020,"0021900660","20200122",19,23.75,FALSE
1627783,"Pascal Siakam","1610612761","Toronto Raptors",2020,"0021900660","20200122",24.2,5.75,FALSE
1627783,"Pascal Siakam","1610612761","Toronto Raptors",2020,"0021900660","20200122",-0.3,5.65,TRUE
1627783,"Pascal Siakam","1610612761","Toronto Raptors",2020,"0021900660","20200122",0.1,6.55,TRUE
1627783,"Pascal Siakam","1610612761","Toronto Raptors",2020,"0021900660","20200122",2.3,12.75,FALSE
1627783,"Pascal Siakam","1610612761","Toronto Raptors",2020,"0021900660","20200122",-3.7,6.75,FALSE
1627783,"Pascal Siakam","1610612761","Toronto Raptors",2020,"0021900660","20200122",-17.7,24.75,FALSE
1627783,"Pascal Siakam","1610612761","Toronto Raptors",2020,"0021900660","20200122",0,6.05,TRUE
1627783,"Pascal Siakam","1610612761","Toronto Raptors",2020,"0021900660","20200122",-4.6,16.85,FALSE
1627783,"Pascal Siakam","1610612761","Toronto Raptors",2020,"0021900660","20200122",-3,8.15,FALSE
1627783,"Pascal Siakam","1610612761","Toronto Raptors",2020,"0021900660","20200122",0.5,8.65,FALSE
1627783,"Pascal Siakam","1610612761","Toronto Raptors",2020,"0021900660","20200122",-0.8,10.75,FALSE
1627783,"Pascal Siakam","1610612761","Toronto Raptors",2020,"0021900660","20200122",23.1,6.15,FALSE
1627783,"Pascal Siakam","1610612761","Toronto Raptors",2020,"0021900660","20200122",-8.2,29.85,FALSE
1627783,"Pascal Siakam","1610612761","Toronto Raptors",2020,"0021900660","20200122",-0.7,8.85,TRUE
1627783,"Pascal Siakam","1610612761","Toronto Raptors",2020,"0021900660","20200122",-17.4,26.25,FALSE
1627783,"Pascal Siakam","1610612761","Toronto Raptors",2020,"0021900660","20200122",0.3,6.15,TRUE
1627783,"Pascal Siakam","1610612761","Toronto Raptors",2020,"0021900672","20200124",-1.6,6.85,TRUE
1627783,"Pascal Siakam","1610612761","Toronto Raptors",2020,"0021900672","20200124",-0.8,6.75,TRUE
1627783,"Pascal Siakam","1610612761","Toronto Raptors",2020,"0021900672","20200124",9.3,28.25,FALSE
1627783,"Pascal Siakam","1610612761","Toronto Raptors",2020,"0021900672","20200124",0.3,8.15,FALSE
1627783,"Pascal Siakam","1610612761","Toronto Raptors",2020,"0021900672","20200124",0,7.15,FALSE
1627783,"Pascal Siakam","1610612761","Toronto Raptors",2020,"0021900672","20200124",-18.8,24.25,FALSE
1627783,"Pascal Siakam","1610612761","Toronto Raptors",2020,"0021900672","20200124",-1.8,6.55,TRUE
1627783,"Pascal Siakam","1610612761","Toronto Raptors",2020,"0021900672","20200124",-0.5,6.65,TRUE
1627783,"Pascal Siakam","1610612761","Toronto Raptors",2020,"0021900672","20200124",7.8,29.85,FALSE
1627783,"Pascal Siakam","1610612761","Toronto Raptors",2020,"0021900672","20200124",9.6,8.65,TRUE
1627783,"Pascal Siakam","1610612761","Toronto Raptors",2020,"0021900672","20200124",1.4,5.35,TRUE
1627783,"Pascal Siakam","1610612761","Toronto Raptors",2020,"0021900672","20200124",13.1,7.85,FALSE
1627783,"Pascal Siakam","1610612761","Toronto Raptors",2020,"0021900672","20200124",-14,25.85,TRUE
1627783,"Pascal Siakam","1610612761","Toronto Raptors",2020,"0021900672","20200124",0.6,6.75,TRUE
1627783,"Pascal Siakam","1610612761","Toronto Raptors",2020,"0021900672","20200124",14.7,26.45,TRUE
1627783,"Pascal Siakam","1610612761","Toronto Raptors",2020,"0021900686","20200126",-17.9,25.55,TRUE
1627783,"Pascal Siakam","1610612761","Toronto Raptors",2020,"0021900686","20200126",18.3,22.45,FALSE
1627783,"Pascal Siakam","1610612761","Toronto Raptors",2020,"0021900686","20200126",0.5,7.75,TRUE
1627783,"Pascal Siakam","1610612761","Toronto Raptors",2020,"0021900686","20200126",-23.9,7.95,TRUE
1627783,"Pascal Siakam","1610612761","Toronto Raptors",2020,"0021900686","20200126",10.7,13.75,FALSE
1627783,"Pascal Siakam","1610612761","Toronto Raptors",2020,"0021900686","20200126",0.5,6.75,TRUE
1627783,"Pascal Siakam","1610612761","Toronto Raptors",2020,"0021900686","20200126",13.8,27.15,TRUE
1627783,"Pascal Siakam","1610612761","Toronto Raptors",2020,"0021900686","20200126",8.5,30.25,TRUE
1627783,"Pascal Siakam","1610612761","Toronto Raptors",2020,"0021900686","20200126",12.5,8.95,TRUE
1627783,"Pascal Siakam","1610612761","Toronto Raptors",2020,"0021900686","20200126",-23.4,12.05,TRUE
1627783,"Pascal Siakam","1610612761","Toronto Raptors",2020,"0021900686","20200126",10.7,28.45,FALSE
1627783,"Pascal Siakam","1610612761","Toronto Raptors",2020,"0021900686","20200126",-19.3,4.15,TRUE
1627783,"Pascal Siakam","1610612761","Toronto Raptors",2020,"0021900686","20200126",0,6.25,TRUE
1627783,"Pascal Siakam","1610612761","Toronto Raptors",2020,"0021900686","20200126",-23.2,9.55,FALSE
1627783,"Pascal Siakam","1610612761","Toronto Raptors",2020,"0021900686","20200126",-23.9,3.55,FALSE
1627783,"Pascal Siakam","1610612761","Toronto Raptors",2020,"0021900686","20200126",-0.4,8.05,FALSE
1627783,"Pascal Siakam","1610612761","Toronto Raptors",2020,"0021900686","20200126",0,4.65,TRUE
1627783,"Pascal Siakam","1610612761","Toronto Raptors",2020,"0021900686","20200126",1.3,5.95,FALSE
1627783,"Pascal Siakam","1610612761","Toronto Raptors",2020,"0021900686","20200126",23,5.15,FALSE
1627783,"Pascal Siakam","1610612761","Toronto Raptors",2020,"0021900686","20200126",-0.3,5.75,TRUE
1627783,"Pascal Siakam","1610612761","Toronto Raptors",2020,"0021900686","20200126",2.2,6.85,FALSE
1627783,"Pascal Siakam","1610612761","Toronto Raptors",2020,"0021900686","20200126",0.1,8.35,FALSE
1627783,"Pascal Siakam","1610612761","Toronto Raptors",2020,"0021900686","20200126",-13.5,27.05,FALSE
1627783,"Pascal Siakam","1610612761","Toronto Raptors",2020,"0021900703","20200128",-2.5,7.55,TRUE
1627783,"Pascal Siakam","1610612761","Toronto Raptors",2020,"0021900703","20200128",-4.1,7.45,TRUE
1627783,"Pascal Siakam","1610612761","Toronto Raptors",2020,"0021900703","20200128",8.7,24.55,FALSE
1627783,"Pascal Siakam","1610612761","Toronto Raptors",2020,"0021900703","20200128",-21.7,18.55,TRUE
1627783,"Pascal Siakam","1610612761","Toronto Raptors",2020,"0021900703","20200128",-23,7.35,FALSE
1627783,"Pascal Siakam","1610612761","Toronto Raptors",2020,"0021900703","20200128",-0.5,7.85,FALSE
1627783,"Pascal Siakam","1610612761","Toronto Raptors",2020,"0021900703","20200128",7.3,22.15,FALSE
1627783,"Pascal Siakam","1610612761","Toronto Raptors",2020,"0021900703","20200128",20.7,20.55,TRUE
1627783,"Pascal Siakam","1610612761","Toronto Raptors",2020,"0021900703","20200128",-23.2,12.15,FALSE
1627783,"Pascal Siakam","1610612761","Toronto Raptors",2020,"0021900703","20200128",13.1,33.65,FALSE
1627783,"Pascal Siakam","1610612761","Toronto Raptors",2020,"0021900703","20200128",23.2,13.55,FALSE
1627783,"Pascal Siakam","1610612761","Toronto Raptors",2020,"0021900703","20200128",-0.5,6.15,TRUE
1627783,"Pascal Siakam","1610612761","Toronto Raptors",2020,"0021900703","20200128",-0.3,8.45,TRUE
1627783,"Pascal Siakam","1610612761","Toronto Raptors",2020,"0021900703","20200128",-1.1,6.35,FALSE
1627783,"Pascal Siakam","1610612761","Toronto Raptors",2020,"0021900703","20200128",1.5,5.85,FALSE
1627783,"Pascal Siakam","1610612761","Toronto Raptors",2020,"0021900703","20200128",-0.3,6.35,TRUE
1627783,"Pascal Siakam","1610612761","Toronto Raptors",2020,"0021900703","20200128",-0.5,5.05,TRUE
1627783,"Pascal Siakam","1610612761","Toronto Raptors",2020,"0021900703","20200128",-3.2,4.75,FALSE
1627783,"Pascal Siakam","1610612761","Toronto Raptors",2020,"0021900703","20200128",-18.2,28.25,FALSE
1627783,"Pascal Siakam","1610612761","Toronto Raptors",2020,"0021900703","20200128",-23.6,6.75,FALSE
1627783,"Pascal Siakam","1610612761","Toronto Raptors",2020,"0021900714","20200130",-3.6,15.25,FALSE
1627783,"Pascal Siakam","1610612761","Toronto Raptors",2020,"0021900714","20200130",-15.2,27.35,FALSE
1627783,"Pascal Siakam","1610612761","Toronto Raptors",2020,"0021900714","20200130",-4.3,8.75,TRUE
1627783,"Pascal Siakam","1610612761","Toronto Raptors",2020,"0021900714","20200130",-1.7,6.85,TRUE
1627783,"Pascal Siakam","1610612761","Toronto Raptors",2020,"0021900714","20200130",14.4,25.85,FALSE
1627783,"Pascal Siakam","1610612761","Toronto Raptors",2020,"0021900714","20200130",-2.7,7.05,TRUE
1627783,"Pascal Siakam","1610612761","Toronto Raptors",2020,"0021900714","20200130",0,5.85,FALSE
1627783,"Pascal Siakam","1610612761","Toronto Raptors",2020,"0021900714","20200130",-15.2,14.15,TRUE
1627783,"Pascal Siakam","1610612761","Toronto Raptors",2020,"0021900714","20200130",-23.1,5.15,TRUE
1627783,"Pascal Siakam","1610612761","Toronto Raptors",2020,"0021900714","20200130",-1.3,13.15,FALSE
1627783,"Pascal Siakam","1610612761","Toronto Raptors",2020,"0021900714","20200130",-0.8,7.85,FALSE
1627783,"Pascal Siakam","1610612761","Toronto Raptors",2020,"0021900714","20200130",-1.3,11.25,FALSE
1627783,"Pascal Siakam","1610612761","Toronto Raptors",2020,"0021900720","20200131",-0.7,4.65,TRUE
1627783,"Pascal Siakam","1610612761","Toronto Raptors",2020,"0021900720","20200131",-6.8,7.35,TRUE
1627783,"Pascal Siakam","1610612761","Toronto Raptors",2020,"0021900720","20200131",-2.3,21.35,TRUE
1627783,"Pascal Siakam","1610612761","Toronto Raptors",2020,"0021900720","20200131",-15.4,27.75,TRUE
1627783,"Pascal Siakam","1610612761","Toronto Raptors",2020,"0021900720","20200131",-16.5,25.35,TRUE
1627783,"Pascal Siakam","1610612761","Toronto Raptors",2020,"0021900720","20200131",4,31.25,FALSE
1627783,"Pascal Siakam","1610612761","Toronto Raptors",2020,"0021900720","20200131",1,5.65,TRUE
1627783,"Pascal Siakam","1610612761","Toronto Raptors",2020,"0021900720","20200131",-2.3,17.05,FALSE
1627783,"Pascal Siakam","1610612761","Toronto Raptors",2020,"0021900720","20200131",-23.4,5.65,FALSE
1627783,"Pascal Siakam","1610612761","Toronto Raptors",2020,"0021900720","20200131",-8.1,6.45,FALSE
1627783,"Pascal Siakam","1610612761","Toronto Raptors",2020,"0021900720","20200131",-11.6,21.95,FALSE
1627783,"Pascal Siakam","1610612761","Toronto Raptors",2020,"0021900720","20200131",-1.6,5.45,TRUE
1627783,"Pascal Siakam","1610612761","Toronto Raptors",2020,"0021900720","20200131",1.3,4.95,TRUE
1627783,"Pascal Siakam","1610612761","Toronto Raptors",2020,"0021900720","20200131",-0.9,6.05,TRUE
1627783,"Pascal Siakam","1610612761","Toronto Raptors",2020,"0021900720","20200131",-4.8,7.45,TRUE
1627783,"Pascal Siakam","1610612761","Toronto Raptors",2020,"0021900720","20200131",-2.7,6.85,TRUE
1627783,"Pascal Siakam","1610612761","Toronto Raptors",2020,"0021900720","20200131",1.5,11.45,FALSE
1627783,"Pascal Siakam","1610612761","Toronto Raptors",2020,"0021900720","20200131",1.4,6.95,TRUE
1627783,"Pascal Siakam","1610612761","Toronto Raptors",2020,"0021900740","20200202",5,17.35,TRUE
1627783,"Pascal Siakam","1610612761","Toronto Raptors",2020,"0021900740","20200202",-7.3,9.55,TRUE
1627783,"Pascal Siakam","1610612761","Toronto Raptors",2020,"0021900740","20200202",-6.4,31.95,FALSE
1627783,"Pascal Siakam","1610612761","Toronto Raptors",2020,"0021900740","20200202",0,6.25,TRUE
1627783,"Pascal Siakam","1610612761","Toronto Raptors",2020,"0021900740","20200202",-20.7,21.55,FALSE
1627783,"Pascal Siakam","1610612761","Toronto Raptors",2020,"0021900740","20200202",-1.3,5.15,FALSE
1627783,"Pascal Siakam","1610612761","Toronto Raptors",2020,"0021900740","20200202",-2.3,6.75,FALSE
1627783,"Pascal Siakam","1610612761","Toronto Raptors",2020,"0021900740","20200202",0,4.65,FALSE
1627783,"Pascal Siakam","1610612761","Toronto Raptors",2020,"0021900740","20200202",0,4.65,TRUE
1627783,"Pascal Siakam","1610612761","Toronto Raptors",2020,"0021900740","20200202",12.4,8.85,TRUE
1627783,"Pascal Siakam","1610612761","Toronto Raptors",2020,"0021900740","20200202",-4.3,7.25,FALSE
1627783,"Pascal Siakam","1610612761","Toronto Raptors",2020,"0021900740","20200202",5.1,10.45,FALSE
1627783,"Pascal Siakam","1610612761","Toronto Raptors",2020,"0021900740","20200202",-9.5,10.95,FALSE
1627783,"Pascal Siakam","1610612761","Toronto Raptors",2020,"0021900740","20200202",-2.4,6.05,TRUE
1627783,"Pascal Siakam","1610612761","Toronto Raptors",2020,"0021900758","20200205",1.2,15.15,FALSE
1627783,"Pascal Siakam","1610612761","Toronto Raptors",2020,"0021900758","20200205",1.9,6.55,FALSE
1627783,"Pascal Siakam","1610612761","Toronto Raptors",2020,"0021900758","20200205",2.5,7.25,FALSE
1627783,"Pascal Siakam","1610612761","Toronto Raptors",2020,"0021900758","20200205",-1.6,4.85,FALSE
1627783,"Pascal Siakam","1610612761","Toronto Raptors",2020,"0021900758","20200205",16.6,26.15,TRUE
1627783,"Pascal Siakam","1610612761","Toronto Raptors",2020,"0021900758","20200205",18.8,25.45,FALSE
1627783,"Pascal Siakam","1610612761","Toronto Raptors",2020,"0021900758","20200205",24,5.85,FALSE
1627783,"Pascal Siakam","1610612761","Toronto Raptors",2020,"0021900758","20200205",0,4.65,TRUE
1627783,"Pascal Siakam","1610612761","Toronto Raptors",2020,"0021900758","20200205",9.8,7.95,FALSE
1627783,"Pascal Siakam","1610612761","Toronto Raptors",2020,"0021900758","20200205",-2.7,6.85,FALSE
1627783,"Pascal Siakam","1610612761","Toronto Raptors",2020,"0021900758","20200205",-1.8,7.25,FALSE
1627783,"Pascal Siakam","1610612761","Toronto Raptors",2020,"0021900758","20200205",-0.7,11.45,FALSE
1627783,"Pascal Siakam","1610612761","Toronto Raptors",2020,"0021900758","20200205",-1.1,5.05,TRUE
1627783,"Pascal Siakam","1610612761","Toronto Raptors",2020,"0021900758","20200205",-0.9,5.75,TRUE
1627783,"Pascal Siakam","1610612761","Toronto Raptors",2020,"0021900758","20200205",22.7,6.35,FALSE
1627783,"Pascal Siakam","1610612761","Toronto Raptors",2020,"0021900758","20200205",-1.7,11.45,TRUE
1627783,"Pascal Siakam","1610612761","Toronto Raptors",2020,"0021900758","20200205",-4.3,7.25,TRUE
1627783,"Pascal Siakam","1610612761","Toronto Raptors",2020,"0021900758","20200205",-1.2,4.85,TRUE
1627783,"Pascal Siakam","1610612761","Toronto Raptors",2020,"0021900772","20200207",1.5,6.75,TRUE
1627783,"Pascal Siakam","1610612761","Toronto Raptors",2020,"0021900772","20200207",0,33.65,TRUE
1627783,"Pascal Siakam","1610612761","Toronto Raptors",2020,"0021900772","20200207",23.4,3.15,FALSE
1627783,"Pascal Siakam","1610612761","Toronto Raptors",2020,"0021900772","20200207",12.9,3.75,TRUE
1627783,"Pascal Siakam","1610612761","Toronto Raptors",2020,"0021900772","20200207",1.1,7.75,TRUE
1627783,"Pascal Siakam","1610612761","Toronto Raptors",2020,"0021900772","20200207",0.2,6.55,TRUE
1627783,"Pascal Siakam","1610612761","Toronto Raptors",2020,"0021900772","20200207",1.4,7.35,FALSE
1627783,"Pascal Siakam","1610612761","Toronto Raptors",2020,"0021900772","20200207",-13,20.25,FALSE
1627783,"Pascal Siakam","1610612761","Toronto Raptors",2020,"0021900772","20200207",-0.8,10.65,FALSE
1627783,"Pascal Siakam","1610612761","Toronto Raptors",2020,"0021900772","20200207",4.5,15.25,FALSE
1627783,"Pascal Siakam","1610612761","Toronto Raptors",2020,"0021900772","20200207",-24.1,8.65,FALSE
1627783,"Pascal Siakam","1610612761","Toronto Raptors",2020,"0021900772","20200207",0,8.95,FALSE
1627783,"Pascal Siakam","1610612761","Toronto Raptors",2020,"0021900772","20200207",5,9.45,FALSE
1627783,"Pascal Siakam","1610612761","Toronto Raptors",2020,"0021900772","20200207",-0.8,32.65,FALSE
1627783,"Pascal Siakam","1610612761","Toronto Raptors",2020,"0021900772","20200207",-5.4,31.95,FALSE
1627783,"Pascal Siakam","1610612761","Toronto Raptors",2020,"0021900772","20200207",1.8,12.75,FALSE
1627783,"Pascal Siakam","1610612761","Toronto Raptors",2020,"0021900772","20200207",2.2,16.95,FALSE
1627783,"Pascal Siakam","1610612761","Toronto Raptors",2020,"0021900772","20200207",-0.8,5.75,TRUE
1627783,"Pascal Siakam","1610612761","Toronto Raptors",2020,"0021900772","20200207",0.9,8.85,FALSE
1627783,"Pascal Siakam","1610612761","Toronto Raptors",2020,"0021900772","20200207",-16.5,14.05,FALSE
1627783,"Pascal Siakam","1610612761","Toronto Raptors",2020,"0021900781","20200208",8.7,8.45,FALSE
1627783,"Pascal Siakam","1610612761","Toronto Raptors",2020,"0021900781","20200208",-0.3,30.05,FALSE
1627783,"Pascal Siakam","1610612761","Toronto Raptors",2020,"0021900781","20200208",-1.4,11.55,TRUE
1627783,"Pascal Siakam","1610612761","Toronto Raptors",2020,"0021900781","20200208",10.1,19.45,FALSE
1627783,"Pascal Siakam","1610612761","Toronto Raptors",2020,"0021900781","20200208",-0.2,31.05,FALSE
1627783,"Pascal Siakam","1610612761","Toronto Raptors",2020,"0021900781","20200208",-1.7,7.95,TRUE
1627783,"Pascal Siakam","1610612761","Toronto Raptors",2020,"0021900781","20200208",-1.8,6.95,TRUE
1627783,"Pascal Siakam","1610612761","Toronto Raptors",2020,"0021900781","20200208",-5.2,9.45,TRUE
1627783,"Pascal Siakam","1610612761","Toronto Raptors",2020,"0021900781","20200208",-0.2,11.85,TRUE
1627783,"Pascal Siakam","1610612761","Toronto Raptors",2020,"0021900781","20200208",14.9,20.35,FALSE
1627783,"Pascal Siakam","1610612761","Toronto Raptors",2020,"0021900781","20200208",-20.6,18.85,FALSE
1627783,"Pascal Siakam","1610612761","Toronto Raptors",2020,"0021900781","20200208",-17.7,22.45,FALSE
1627783,"Pascal Siakam","1610612761","Toronto Raptors",2020,"0021900781","20200208",-5.8,4.85,TRUE
1627783,"Pascal Siakam","1610612761","Toronto Raptors",2020,"0021900781","20200208",2.3,5.85,TRUE
1627783,"Pascal Siakam","1610612761","Toronto Raptors",2020,"0021900781","20200208",-15,25.35,FALSE
1627783,"Pascal Siakam","1610612761","Toronto Raptors",2020,"0021900781","20200208",5.6,25.85,TRUE
1627783,"Pascal Siakam","1610612761","Toronto Raptors",2020,"0021900781","20200208",13.1,6.75,FALSE
1627783,"Pascal Siakam","1610612761","Toronto Raptors",2020,"0021900781","20200208",-1,4.95,FALSE
1627783,"Pascal Siakam","1610612761","Toronto Raptors",2020,"0021900781","20200208",1.1,10.05,TRUE
1627783,"Pascal Siakam","1610612761","Toronto Raptors",2020,"0021900781","20200208",-0.3,11.55,FALSE
1627783,"Pascal Siakam","1610612761","Toronto Raptors",2020,"0021900781","20200208",0.5,8.85,FALSE
1627783,"Pascal Siakam","1610612761","Toronto Raptors",2020,"0021900781","20200208",-3,6.35,FALSE
1627783,"Pascal Siakam","1610612761","Toronto Raptors",2020,"0021900796","20200210",-3.3,7.95,TRUE
1627783,"Pascal Siakam","1610612761","Toronto Raptors",2020,"0021900796","20200210",17.9,23.85,TRUE
1627783,"Pascal Siakam","1610612761","Toronto Raptors",2020,"0021900796","20200210",24.2,4.85,TRUE
1627783,"Pascal Siakam","1610612761","Toronto Raptors",2020,"0021900796","20200210",-2.7,5.25,TRUE
1627783,"Pascal Siakam","1610612761","Toronto Raptors",2020,"0021900796","20200210",-0.9,5.75,TRUE
1627783,"Pascal Siakam","1610612761","Toronto Raptors",2020,"0021900796","20200210",19.3,24.05,TRUE
1627783,"Pascal Siakam","1610612761","Toronto Raptors",2020,"0021900796","20200210",1,6.55,FALSE
1627783,"Pascal Siakam","1610612761","Toronto Raptors",2020,"0021900796","20200210",-23.4,5.25,TRUE
1627783,"Pascal Siakam","1610612761","Toronto Raptors",2020,"0021900796","20200210",-23.7,17.85,FALSE
1627783,"Pascal Siakam","1610612761","Toronto Raptors",2020,"0021900796","20200210",-20.2,22.55,FALSE
1627783,"Pascal Siakam","1610612761","Toronto Raptors",2020,"0021900796","20200210",-2,5.55,TRUE
1627783,"Pascal Siakam","1610612761","Toronto Raptors",2020,"0021900796","20200210",12,5.25,FALSE
1627783,"Pascal Siakam","1610612761","Toronto Raptors",2020,"0021900796","20200210",-3.3,6.05,TRUE
1627783,"Pascal Siakam","1610612761","Toronto Raptors",2020,"0021900796","20200210",-6,10.55,FALSE
1627783,"Pascal Siakam","1610612761","Toronto Raptors",2020,"0021900796","20200210",-0.1,5.85,TRUE
1627783,"Pascal Siakam","1610612761","Toronto Raptors",2020,"0021900796","20200210",-4.1,6.25,TRUE
1627783,"Pascal Siakam","1610612761","Toronto Raptors",2020,"0021900796","20200210",-8.1,30.05,TRUE
1627783,"Pascal Siakam","1610612761","Toronto Raptors",2020,"0021900796","20200210",-3,6.25,TRUE
1627783,"Pascal Siakam","1610612761","Toronto Raptors",2020,"0021900796","20200210",-0.3,16.85,FALSE
1627783,"Pascal Siakam","1610612761","Toronto Raptors",2020,"0021900796","20200210",-1.7,14.85,FALSE
1627783,"Pascal Siakam","1610612761","Toronto Raptors",2020,"0021900796","20200210",21.5,17.45,TRUE
1627783,"Pascal Siakam","1610612761","Toronto Raptors",2020,"0021900809","20200212",-12.2,27.05,FALSE
1627783,"Pascal Siakam","1610612761","Toronto Raptors",2020,"0021900809","20200212",9.8,8.65,FALSE
1627783,"Pascal Siakam","1610612761","Toronto Raptors",2020,"0021900809","20200212",-12.7,9.85,FALSE
1627783,"Pascal Siakam","1610612761","Toronto Raptors",2020,"0021900809","20200212",-10.8,10.85,FALSE
1627783,"Pascal Siakam","1610612761","Toronto Raptors",2020,"0021900809","20200212",-1.9,5.85,TRUE
1627783,"Pascal Siakam","1610612761","Toronto Raptors",2020,"0021900809","20200212",-1.6,30.05,FALSE
1627783,"Pascal Siakam","1610612761","Toronto Raptors",2020,"0021900809","20200212",-0.8,5.75,TRUE
1627783,"Pascal Siakam","1610612761","Toronto Raptors",2020,"0021900809","20200212",0.3,27.35,FALSE
1627783,"Pascal Siakam","1610612761","Toronto Raptors",2020,"0021900809","20200212",-2.2,7.25,TRUE
1627783,"Pascal Siakam","1610612761","Toronto Raptors",2020,"0021900809","20200212",6,7.45,TRUE
1627783,"Pascal Siakam","1610612761","Toronto Raptors",2020,"0021900809","20200212",16.2,24.25,FALSE
1627783,"Pascal Siakam","1610612761","Toronto Raptors",2020,"0021900809","20200212",0.8,5.45,TRUE
1627783,"Pascal Siakam","1610612761","Toronto Raptors",2020,"0021900809","20200212",-4.6,12.75,FALSE
1627783,"Pascal Siakam","1610612761","Toronto Raptors",2020,"0021900809","20200212",0,4.65,FALSE
1627783,"Pascal Siakam","1610612761","Toronto Raptors",2020,"0021900809","20200212",-9.8,28.45,FALSE
1627783,"Pascal Siakam","1610612761","Toronto Raptors",2020,"0021900809","20200212",3,31.05,TRUE
1627783,"Pascal Siakam","1610612761","Toronto Raptors",2020,"0021900809","20200212",13.9,26.35,FALSE
1627783,"Pascal Siakam","1610612761","Toronto Raptors",2020,"0021900829","20200221",-4.7,8.15,FALSE
1627783,"Pascal Siakam","1610612761","Toronto Raptors",2020,"0021900829","20200221",-11.6,30.25,TRUE
1627783,"Pascal Siakam","1610612761","Toronto Raptors",2020,"0021900829","20200221",-3.3,8.85,TRUE
1627783,"Pascal Siakam","1610612761","Toronto Raptors",2020,"0021900829","20200221",22.2,5.25,TRUE
1627783,"Pascal Siakam","1610612761","Toronto Raptors",2020,"0021900829","20200221",3.8,13.55,TRUE
1627783,"Pascal Siakam","1610612761","Toronto Raptors",2020,"0021900829","20200221",-21.4,21.35,FALSE
1627783,"Pascal Siakam","1610612761","Toronto Raptors",2020,"0021900829","20200221",1,31.55,TRUE
1627783,"Pascal Siakam","1610612761","Toronto Raptors",2020,"0021900829","20200221",21.2,18.25,TRUE
1627783,"Pascal Siakam","1610612761","Toronto Raptors",2020,"0021900829","20200221",-23.9,7.95,TRUE
1627783,"Pascal Siakam","1610612761","Toronto Raptors",2020,"0021900829","20200221",-2.9,11.65,TRUE
1627783,"Pascal Siakam","1610612761","Toronto Raptors",2020,"0021900829","20200221",18.2,25.15,FALSE
1627783,"Pascal Siakam","1610612761","Toronto Raptors",2020,"0021900829","20200221",10.3,28.25,FALSE
1627783,"Pascal Siakam","1610612761","Toronto Raptors",2020,"0021900829","20200221",3,12.55,FALSE
1627783,"Pascal Siakam","1610612761","Toronto Raptors",2020,"0021900829","20200221",-7.3,30.05,FALSE
1627783,"Pascal Siakam","1610612761","Toronto Raptors",2020,"0021900829","20200221",-10,10.45,FALSE
1627783,"Pascal Siakam","1610612761","Toronto Raptors",2020,"0021900829","20200221",-3.7,6.55,TRUE
1627783,"Pascal Siakam","1610612761","Toronto Raptors",2020,"0021900829","20200221",0,4.65,TRUE
1627783,"Pascal Siakam","1610612761","Toronto Raptors",2020,"0021900829","20200221",1.3,5.35,TRUE
1627783,"Pascal Siakam","1610612761","Toronto Raptors",2020,"0021900829","20200221",-0.5,6.35,TRUE
1627783,"Pascal Siakam","1610612761","Toronto Raptors",2020,"0021900843","20200223",19,23.75,TRUE
1627783,"Pascal Siakam","1610612761","Toronto Raptors",2020,"0021900843","20200223",-3,7.25,FALSE
1627783,"Pascal Siakam","1610612761","Toronto Raptors",2020,"0021900843","20200223",1.4,5.35,TRUE
1627783,"Pascal Siakam","1610612761","Toronto Raptors",2020,"0021900843","20200223",0,9.05,TRUE
1627783,"Pascal Siakam","1610612761","Toronto Raptors",2020,"0021900843","20200223",-0.8,7.55,TRUE
1627783,"Pascal Siakam","1610612761","Toronto Raptors",2020,"0021900843","20200223",-11.1,18.65,TRUE
1627783,"Pascal Siakam","1610612761","Toronto Raptors",2020,"0021900843","20200223",12.8,7.25,TRUE
1627783,"Pascal Siakam","1610612761","Toronto Raptors",2020,"0021900843","20200223",-0.1,31.65,FALSE
1627783,"Pascal Siakam","1610612761","Toronto Raptors",2020,"0021900843","20200223",20.9,20.85,FALSE
1627783,"Pascal Siakam","1610612761","Toronto Raptors",2020,"0021900843","20200223",21.2,17.15,FALSE
1627783,"Pascal Siakam","1610612761","Toronto Raptors",2020,"0021900843","20200223",-2.4,6.45,TRUE
1627783,"Pascal Siakam","1610612761","Toronto Raptors",2020,"0021900843","20200223",0.9,6.65,TRUE
1627783,"Pascal Siakam","1610612761","Toronto Raptors",2020,"0021900858","20200225",15,6.95,FALSE
1627783,"Pascal Siakam","1610612761","Toronto Raptors",2020,"0021900858","20200225",-23.4,7.45,FALSE
1627783,"Pascal Siakam","1610612761","Toronto Raptors",2020,"0021900858","20200225",22.3,9.05,FALSE
1627783,"Pascal Siakam","1610612761","Toronto Raptors",2020,"0021900858","20200225",-19.3,25.85,TRUE
1627783,"Pascal Siakam","1610612761","Toronto Raptors",2020,"0021900858","20200225",-3.5,7.35,FALSE
1627783,"Pascal Siakam","1610612761","Toronto Raptors",2020,"0021900858","20200225",-23.5,6.75,TRUE
1627783,"Pascal Siakam","1610612761","Toronto Raptors",2020,"0021900858","20200225",3.5,31.05,FALSE
1627783,"Pascal Siakam","1610612761","Toronto Raptors",2020,"0021900858","20200225",-6.5,6.75,FALSE
1627783,"Pascal Siakam","1610612761","Toronto Raptors",2020,"0021900858","20200225",-17.9,23.15,TRUE
1627783,"Pascal Siakam","1610612761","Toronto Raptors",2020,"0021900858","20200225",-24.1,7.25,TRUE
1627783,"Pascal Siakam","1610612761","Toronto Raptors",2020,"0021900858","20200225",3,33.35,FALSE
1627783,"Pascal Siakam","1610612761","Toronto Raptors",2020,"0021900858","20200225",4,8.85,FALSE
1627783,"Pascal Siakam","1610612761","Toronto Raptors",2020,"0021900858","20200225",2.7,5.95,TRUE
1627783,"Pascal Siakam","1610612761","Toronto Raptors",2020,"0021900858","20200225",14.4,33.35,TRUE
1627783,"Pascal Siakam","1610612761","Toronto Raptors",2020,"0021900879","20200228",-3.8,7.55,FALSE
1627783,"Pascal Siakam","1610612761","Toronto Raptors",2020,"0021900879","20200228",4.5,8.15,FALSE
1627783,"Pascal Siakam","1610612761","Toronto Raptors",2020,"0021900879","20200228",21.5,18.25,FALSE
1627783,"Pascal Siakam","1610612761","Toronto Raptors",2020,"0021900879","20200228",17.7,24.15,TRUE
1627783,"Pascal Siakam","1610612761","Toronto Raptors",2020,"0021900879","20200228",16.5,25.75,FALSE
1627783,"Pascal Siakam","1610612761","Toronto Raptors",2020,"0021900879","20200228",-0.4,5.35,TRUE
1627783,"Pascal Siakam","1610612761","Toronto Raptors",2020,"0021900879","20200228",-1.6,11.95,FALSE
1627783,"Pascal Siakam","1610612761","Toronto Raptors",2020,"0021900879","20200228",-3.8,8.45,FALSE
1627783,"Pascal Siakam","1610612761","Toronto Raptors",2020,"0021900879","20200228",-12,21.55,FALSE
1627783,"Pascal Siakam","1610612761","Toronto Raptors",2020,"0021900879","20200228",-1.1,12.05,FALSE
1627783,"Pascal Siakam","1610612761","Toronto Raptors",2020,"0021900879","20200228",-23.4,17.55,FALSE
1627783,"Pascal Siakam","1610612761","Toronto Raptors",2020,"0021900879","20200228",-0.2,7.95,TRUE
1627783,"Pascal Siakam","1610612761","Toronto Raptors",2020,"0021900879","20200228",-1.6,13.75,FALSE
1627783,"Pascal Siakam","1610612761","Toronto Raptors",2020,"0021900879","20200228",3.1,6.95,FALSE
1627783,"Pascal Siakam","1610612761","Toronto Raptors",2020,"0021900879","20200228",-1.7,8.75,TRUE
1627783,"Pascal Siakam","1610612761","Toronto Raptors",2020,"0021900879","20200228",-2.5,8.45,TRUE
1627783,"Pascal Siakam","1610612761","Toronto Raptors",2020,"0021900879","20200228",-0.1,6.05,TRUE
1627783,"Pascal Siakam","1610612761","Toronto Raptors",2020,"0021900879","20200228",21.5,17.15,FALSE
1627783,"Pascal Siakam","1610612761","Toronto Raptors",2020,"0021900879","20200228",0.4,7.45,FALSE
1627783,"Pascal Siakam","1610612761","Toronto Raptors",2020,"0021900879","20200228",-2.5,11.15,TRUE
1627783,"Pascal Siakam","1610612761","Toronto Raptors",2020,"0021900879","20200228",1.1,6.15,TRUE
1627783,"Pascal Siakam","1610612761","Toronto Raptors",2020,"0021900879","20200228",8.2,23.15,TRUE
1627783,"Pascal Siakam","1610612761","Toronto Raptors",2020,"0021900879","20200228",-7.2,12.35,FALSE
1627783,"Pascal Siakam","1610612761","Toronto Raptors",2020,"0021900898","20200301",5.5,9.85,FALSE
1627783,"Pascal Siakam","1610612761","Toronto Raptors",2020,"0021900898","20200301",12,26.75,TRUE
1627783,"Pascal Siakam","1610612761","Toronto Raptors",2020,"0021900898","20200301",-3.3,29.35,FALSE
1627783,"Pascal Siakam","1610612761","Toronto Raptors",2020,"0021900898","20200301",-20.2,18.45,FALSE
1627783,"Pascal Siakam","1610612761","Toronto Raptors",2020,"0021900898","20200301",0.5,13.55,FALSE
1627783,"Pascal Siakam","1610612761","Toronto Raptors",2020,"0021900898","20200301",1.5,7.65,FALSE
1627783,"Pascal Siakam","1610612761","Toronto Raptors",2020,"0021900898","20200301",3.8,21.45,FALSE
1627783,"Pascal Siakam","1610612761","Toronto Raptors",2020,"0021900898","20200301",-2.5,9.85,TRUE
1627783,"Pascal Siakam","1610612761","Toronto Raptors",2020,"0021900898","20200301",0.8,30.55,FALSE
1627783,"Pascal Siakam","1610612761","Toronto Raptors",2020,"0021900898","20200301",-2.5,8.45,FALSE
1627783,"Pascal Siakam","1610612761","Toronto Raptors",2020,"0021900898","20200301",22.6,12.05,FALSE
1627783,"Pascal Siakam","1610612761","Toronto Raptors",2020,"0021900898","20200301",0.8,7.95,TRUE
1627783,"Pascal Siakam","1610612761","Toronto Raptors",2020,"0021900898","20200301",17.4,25.15,FALSE
1627783,"Pascal Siakam","1610612761","Toronto Raptors",2020,"0021900898","20200301",-0.8,6.05,TRUE
1627783,"Pascal Siakam","1610612761","Toronto Raptors",2020,"0021900898","20200301",13.1,27.55,FALSE
1627783,"Pascal Siakam","1610612761","Toronto Raptors",2020,"0021900898","20200301",-1.8,5.25,FALSE
1627783,"Pascal Siakam","1610612761","Toronto Raptors",2020,"0021900898","20200301",1.9,5.75,TRUE
1627783,"Pascal Siakam","1610612761","Toronto Raptors",2020,"0021900898","20200301",-1.8,6.25,TRUE
1627783,"Pascal Siakam","1610612761","Toronto Raptors",2020,"0021900898","20200301",-0.5,6.45,FALSE
1627783,"Pascal Siakam","1610612761","Toronto Raptors",2020,"0021900898","20200301",-2.1,7.05,FALSE
1627783,"Pascal Siakam","1610612761","Toronto Raptors",2020,"0021900898","20200301",0,4.65,FALSE
1627783,"Pascal Siakam","1610612761","Toronto Raptors",2020,"0021900914","20200303",-1.2,5.75,TRUE
1627783,"Pascal Siakam","1610612761","Toronto Raptors",2020,"0021900914","20200303",-9.9,29.35,TRUE
1627783,"Pascal Siakam","1610612761","Toronto Raptors",2020,"0021900914","20200303",18.3,21.95,FALSE
1627783,"Pascal Siakam","1610612761","Toronto Raptors",2020,"0021900914","20200303",-20.4,19.85,TRUE
1627783,"Pascal Siakam","1610612761","Toronto Raptors",2020,"0021900914","20200303",23,6.35,FALSE
1627783,"Pascal Siakam","1610612761","Toronto Raptors",2020,"0021900914","20200303",-13.8,20.05,FALSE
1627783,"Pascal Siakam","1610612761","Toronto Raptors",2020,"0021900914","20200303",1.5,5.75,FALSE
1627783,"Pascal Siakam","1610612761","Toronto Raptors",2020,"0021900914","20200303",-1.9,8.25,TRUE
1627783,"Pascal Siakam","1610612761","Toronto Raptors",2020,"0021900914","20200303",-0.9,6.05,TRUE
1627783,"Pascal Siakam","1610612761","Toronto Raptors",2020,"0021900914","20200303",0.2,6.85,TRUE
1627783,"Pascal Siakam","1610612761","Toronto Raptors",2020,"0021900914","20200303",15.2,26.35,TRUE
1627783,"Pascal Siakam","1610612761","Toronto Raptors",2020,"0021900914","20200303",6.7,9.15,TRUE
1627783,"Pascal Siakam","1610612761","Toronto Raptors",2020,"0021900914","20200303",-0.2,4.45,TRUE
1627783,"Pascal Siakam","1610612761","Toronto Raptors",2020,"0021900914","20200303",7,7.85,FALSE
1627783,"Pascal Siakam","1610612761","Toronto Raptors",2020,"0021900914","20200303",2.3,32.45,TRUE
1627783,"Pascal Siakam","1610612761","Toronto Raptors",2020,"0021900914","20200303",5.6,30.85,FALSE
1627783,"Pascal Siakam","1610612761","Toronto Raptors",2020,"0021900914","20200303",4.3,4.15,FALSE
1627783,"Pascal Siakam","1610612761","Toronto Raptors",2020,"0021900914","20200303",4.7,31.95,TRUE
1627783,"Pascal Siakam","1610612761","Toronto Raptors",2020,"0021900914","20200303",-14.9,26.75,FALSE
1627783,"Pascal Siakam","1610612761","Toronto Raptors",2020,"0021900914","20200303",-0.4,6.35,TRUE
1627783,"Pascal Siakam","1610612761","Toronto Raptors",2020,"0021900929","20200305",3.2,16.55,FALSE
1627783,"Pascal Siakam","1610612761","Toronto Raptors",2020,"0021900929","20200305",-4,16.55,FALSE
1627783,"Pascal Siakam","1610612761","Toronto Raptors",2020,"0021900929","20200305",17.7,24.05,FALSE
1627783,"Pascal Siakam","1610612761","Toronto Raptors",2020,"0021900929","20200305",5.3,9.95,FALSE
1627783,"Pascal Siakam","1610612761","Toronto Raptors",2020,"0021900929","20200305",-1.7,12.65,TRUE
1627783,"Pascal Siakam","1610612761","Toronto Raptors",2020,"0021900929","20200305",-18,25.05,FALSE
1627783,"Pascal Siakam","1610612761","Toronto Raptors",2020,"0021900929","20200305",9.7,8.15,TRUE
1627783,"Pascal Siakam","1610612761","Toronto Raptors",2020,"0021900929","20200305",-0.3,15.65,FALSE
1627783,"Pascal Siakam","1610612761","Toronto Raptors",2020,"0021900929","20200305",-9.2,10.05,TRUE
1627783,"Pascal Siakam","1610612761","Toronto Raptors",2020,"0021900929","20200305",-22.6,13.05,FALSE
1627783,"Pascal Siakam","1610612761","Toronto Raptors",2020,"0021900929","20200305",-16.7,25.35,FALSE
1627783,"Pascal Siakam","1610612761","Toronto Raptors",2020,"0021900929","20200305",22.6,8.65,FALSE
1627783,"Pascal Siakam","1610612761","Toronto Raptors",2020,"0021900929","20200305",-19.6,23.35,FALSE
1627783,"Pascal Siakam","1610612761","Toronto Raptors",2020,"0021900929","20200305",11.4,36.85,FALSE
1627783,"Pascal Siakam","1610612761","Toronto Raptors",2020,"0021900929","20200305",2.9,25.75,FALSE
1627783,"Pascal Siakam","1610612761","Toronto Raptors",2020,"0021900929","20200305",-0.8,9.45,TRUE
1627783,"Pascal Siakam","1610612761","Toronto Raptors",2020,"0021900929","20200305",-0.2,13.55,TRUE
1627783,"Pascal Siakam","1610612761","Toronto Raptors",2020,"0021900956","20200308",23,11.65,FALSE
1627783,"Pascal Siakam","1610612761","Toronto Raptors",2020,"0021900956","20200308",-0.4,5.85,TRUE
1627783,"Pascal Siakam","1610612761","Toronto Raptors",2020,"0021900956","20200308",21.7,17.85,FALSE
1627783,"Pascal Siakam","1610612761","Toronto Raptors",2020,"0021900956","20200308",0.3,6.35,TRUE
1627783,"Pascal Siakam","1610612761","Toronto Raptors",2020,"0021900956","20200308",2.3,5.45,TRUE
1627783,"Pascal Siakam","1610612761","Toronto Raptors",2020,"0021900956","20200308",21,19.95,FALSE
1627783,"Pascal Siakam","1610612761","Toronto Raptors",2020,"0021900956","20200308",-5.4,8.05,FALSE
1627783,"Pascal Siakam","1610612761","Toronto Raptors",2020,"0021900956","20200308",-15.2,26.25,FALSE
1627783,"Pascal Siakam","1610612761","Toronto Raptors",2020,"0021900956","20200308",22.8,6.75,TRUE
1627783,"Pascal Siakam","1610612761","Toronto Raptors",2020,"0021900956","20200308",23.1,7.75,FALSE
1627783,"Pascal Siakam","1610612761","Toronto Raptors",2020,"0021900956","20200308",-6,30.95,FALSE
1627783,"Pascal Siakam","1610612761","Toronto Raptors",2020,"0021900956","20200308",-9.5,11.65,FALSE
1627783,"Pascal Siakam","1610612761","Toronto Raptors",2020,"0021900956","20200308",-13.4,28.25,TRUE
1627783,"Pascal Siakam","1610612761","Toronto Raptors",2020,"0021900956","20200308",-2.3,6.25,TRUE
1627783,"Pascal Siakam","1610612761","Toronto Raptors",2020,"0021900956","20200308",1.8,5.15,TRUE
1627783,"Pascal Siakam","1610612761","Toronto Raptors",2020,"0021900959","20200309",5.3,13.55,TRUE
1627783,"Pascal Siakam","1610612761","Toronto Raptors",2020,"0021900959","20200309",-1.9,5.55,FALSE
1627783,"Pascal Siakam","1610612761","Toronto Raptors",2020,"0021900959","20200309",22.2,6.05,TRUE
1627783,"Pascal Siakam","1610612761","Toronto Raptors",2020,"0021900959","20200309",-9,30.25,TRUE
1627783,"Pascal Siakam","1610612761","Toronto Raptors",2020,"0021900959","20200309",-2.4,6.75,TRUE
1627783,"Pascal Siakam","1610612761","Toronto Raptors",2020,"0021900959","20200309",6.7,11.85,TRUE
1627783,"Pascal Siakam","1610612761","Toronto Raptors",2020,"0021900959","20200309",-2,5.55,TRUE
1627783,"Pascal Siakam","1610612761","Toronto Raptors",2020,"0021900959","20200309",-3.2,9.65,FALSE
1627783,"Pascal Siakam","1610612761","Toronto Raptors",2020,"0021900959","20200309",3,5.65,TRUE
1627783,"Pascal Siakam","1610612761","Toronto Raptors",2020,"0021900959","20200309",2.4,7.85,FALSE
1627783,"Pascal Siakam","1610612761","Toronto Raptors",2020,"0021900959","20200309",-5.7,18.05,TRUE
1627783,"Pascal Siakam","1610612761","Toronto Raptors",2020,"0021900959","20200309",23.5,5.65,FALSE
1627783,"Pascal Siakam","1610612761","Toronto Raptors",2020,"0021900959","20200309",-12.8,27.25,FALSE
1627783,"Pascal Siakam","1610612761","Toronto Raptors",2020,"0021900959","20200309",-0.2,13.75,FALSE
1627783,"Pascal Siakam","1610612761","Toronto Raptors",2020,"0021900959","20200309",19.3,22.15,FALSE
1627783,"Pascal Siakam","1610612761","Toronto Raptors",2020,"0021900959","20200309",0,8.85,TRUE
1627783,"Pascal Siakam","1610612761","Toronto Raptors",2020,"0021900959","20200309",4.5,11.55,FALSE
1627783,"Pascal Siakam","1610612761","Toronto Raptors",2020,"0021900959","20200309",-8.2,20.35,FALSE
1627783,"Pascal Siakam","1610612761","Toronto Raptors",2020,"0021901243","20200801",0.5,16.45,FALSE
1627783,"Pascal Siakam","1610612761","Toronto Raptors",2020,"0021901243","20200801",18.1,23.15,TRUE
1627783,"Pascal Siakam","1610612761","Toronto Raptors",2020,"0021901243","20200801",14.3,29.45,FALSE
1627783,"Pascal Siakam","1610612761","Toronto Raptors",2020,"0021901243","20200801",-11.2,15.15,TRUE
1627783,"Pascal Siakam","1610612761","Toronto Raptors",2020,"0021901243","20200801",-7.9,20.45,FALSE
1627783,"Pascal Siakam","1610612761","Toronto Raptors",2020,"0021901243","20200801",21.5,19.45,TRUE
1627783,"Pascal Siakam","1610612761","Toronto Raptors",2020,"0021901243","20200801",-16,25.65,FALSE
1627783,"Pascal Siakam","1610612761","Toronto Raptors",2020,"0021901243","20200801",0.6,8.85,TRUE
1627783,"Pascal Siakam","1610612761","Toronto Raptors",2020,"0021901243","20200801",2.6,4.55,FALSE
1627783,"Pascal Siakam","1610612761","Toronto Raptors",2020,"0021901243","20200801",0,4.65,FALSE
1627783,"Pascal Siakam","1610612761","Toronto Raptors",2020,"0021901243","20200801",-4.1,21.65,FALSE
1627783,"Pascal Siakam","1610612761","Toronto Raptors",2020,"0021901243","20200801",7.1,24.95,FALSE
1627783,"Pascal Siakam","1610612761","Toronto Raptors",2020,"0021901243","20200801",0.6,6.95,TRUE
1627783,"Pascal Siakam","1610612761","Toronto Raptors",2020,"0021901243","20200801",-0.7,7.75,FALSE
1627783,"Pascal Siakam","1610612761","Toronto Raptors",2020,"0021901243","20200801",4.4,9.45,FALSE
1627783,"Pascal Siakam","1610612761","Toronto Raptors",2020,"0021901243","20200801",2.7,6.85,FALSE
1627783,"Pascal Siakam","1610612761","Toronto Raptors",2020,"0021901243","20200801",-1.2,5.65,FALSE
1627783,"Pascal Siakam","1610612761","Toronto Raptors",2020,"0021901250","20200803",-23.2,5.85,TRUE
1627783,"Pascal Siakam","1610612761","Toronto Raptors",2020,"0021901250","20200803",0.8,6.25,TRUE
1627783,"Pascal Siakam","1610612761","Toronto Raptors",2020,"0021901250","20200803",0.6,33.45,FALSE
1627783,"Pascal Siakam","1610612761","Toronto Raptors",2020,"0021901250","20200803",19.9,21.35,TRUE
1627783,"Pascal Siakam","1610612761","Toronto Raptors",2020,"0021901250","20200803",-19.7,22.55,TRUE
1627783,"Pascal Siakam","1610612761","Toronto Raptors",2020,"0021901250","20200803",-16.9,25.05,FALSE
1627783,"Pascal Siakam","1610612761","Toronto Raptors",2020,"0021901250","20200803",-1.9,6.85,TRUE
1627783,"Pascal Siakam","1610612761","Toronto Raptors",2020,"0021901250","20200803",11.3,29.15,FALSE
1627783,"Pascal Siakam","1610612761","Toronto Raptors",2020,"0021901250","20200803",-3.8,6.55,FALSE
1627783,"Pascal Siakam","1610612761","Toronto Raptors",2020,"0021901250","20200803",-5.5,22.45,TRUE
1627783,"Pascal Siakam","1610612761","Toronto Raptors",2020,"0021901250","20200803",2.5,7.25,FALSE
1627783,"Pascal Siakam","1610612761","Toronto Raptors",2020,"0021901250","20200803",3.9,6.75,FALSE
1627783,"Pascal Siakam","1610612761","Toronto Raptors",2020,"0021901250","20200803",23.4,8.95,TRUE
1627783,"Pascal Siakam","1610612761","Toronto Raptors",2020,"0021901250","20200803",-9.2,17.95,FALSE
1627783,"Pascal Siakam","1610612761","Toronto Raptors",2020,"0021901266","20200805",6.5,5.15,TRUE
1627783,"Pascal Siakam","1610612761","Toronto Raptors",2020,"0021901266","20200805",-15.2,25.85,TRUE
1627783,"Pascal Siakam","1610612761","Toronto Raptors",2020,"0021901266","20200805",15.2,27.05,FALSE
1627783,"Pascal Siakam","1610612761","Toronto Raptors",2020,"0021901266","20200805",13.8,28.25,FALSE
1627783,"Pascal Siakam","1610612761","Toronto Raptors",2020,"0021901266","20200805",-16.9,24.15,FALSE
1627783,"Pascal Siakam","1610612761","Toronto Raptors",2020,"0021901266","20200805",6.1,17.85,TRUE
1627783,"Pascal Siakam","1610612761","Toronto Raptors",2020,"0021901266","20200805",-22.6,7.85,FALSE
1627783,"Pascal Siakam","1610612761","Toronto Raptors",2020,"0021901266","20200805",0.3,5.75,TRUE
1627783,"Pascal Siakam","1610612761","Toronto Raptors",2020,"0021901266","20200805",-3.9,30.55,FALSE
1627783,"Pascal Siakam","1610612761","Toronto Raptors",2020,"0021901266","20200805",6.7,8.65,FALSE
1627783,"Pascal Siakam","1610612761","Toronto Raptors",2020,"0021901266","20200805",12.7,30.55,TRUE
1627783,"Pascal Siakam","1610612761","Toronto Raptors",2020,"0021901266","20200805",0.2,5.15,FALSE
1627783,"Pascal Siakam","1610612761","Toronto Raptors",2020,"0021901279","20200807",-6.6,12.35,FALSE
1627783,"Pascal Siakam","1610612761","Toronto Raptors",2020,"0021901279","20200807",-14.5,26.55,FALSE
1627783,"Pascal Siakam","1610612761","Toronto Raptors",2020,"0021901279","20200807",2,7.45,FALSE
1627783,"Pascal Siakam","1610612761","Toronto Raptors",2020,"0021901279","20200807",22.2,4.85,TRUE
1627783,"Pascal Siakam","1610612761","Toronto Raptors",2020,"0021901279","20200807",-7.6,7.95,FALSE
1627783,"Pascal Siakam","1610612761","Toronto Raptors",2020,"0021901279","20200807",-0.2,10.75,TRUE
1627783,"Pascal Siakam","1610612761","Toronto Raptors",2020,"0021901279","20200807",23.1,3.75,FALSE
1627783,"Pascal Siakam","1610612761","Toronto Raptors",2020,"0021901279","20200807",-0.7,15.05,FALSE
1627783,"Pascal Siakam","1610612761","Toronto Raptors",2020,"0021901279","20200807",-19.2,21.65,FALSE
1627783,"Pascal Siakam","1610612761","Toronto Raptors",2020,"0021901279","20200807",4.1,8.45,TRUE
1627783,"Pascal Siakam","1610612761","Toronto Raptors",2020,"0021901279","20200807",-10.1,28.25,FALSE
1627783,"Pascal Siakam","1610612761","Toronto Raptors",2020,"0021901279","20200807",4.3,7.55,TRUE
1627783,"Pascal Siakam","1610612761","Toronto Raptors",2020,"0021901279","20200807",-4.1,8.65,FALSE
1627783,"Pascal Siakam","1610612761","Toronto Raptors",2020,"0021901279","20200807",7.2,7.55,TRUE
1627783,"Pascal Siakam","1610612761","Toronto Raptors",2020,"0021901279","20200807",5.5,8.95,FALSE
1627783,"Pascal Siakam","1610612761","Toronto Raptors",2020,"0021901286","20200809",22.6,1.35,FALSE
1627783,"Pascal Siakam","1610612761","Toronto Raptors",2020,"0021901286","20200809",7.8,28.75,FALSE
1627783,"Pascal Siakam","1610612761","Toronto Raptors",2020,"0021901286","20200809",0.3,7.85,TRUE
1627783,"Pascal Siakam","1610612761","Toronto Raptors",2020,"0021901286","20200809",1.9,4.85,TRUE
1627783,"Pascal Siakam","1610612761","Toronto Raptors",2020,"0021901286","20200809",-3.2,7.75,TRUE
1627783,"Pascal Siakam","1610612761","Toronto Raptors",2020,"0021901286","20200809",-9.3,11.05,FALSE
1627783,"Pascal Siakam","1610612761","Toronto Raptors",2020,"0021901286","20200809",-5.2,29.55,TRUE
1627783,"Pascal Siakam","1610612761","Toronto Raptors",2020,"0021901286","20200809",1,6.55,TRUE
1627783,"Pascal Siakam","1610612761","Toronto Raptors",2020,"0021901286","20200809",1.8,9.45,TRUE
1627783,"Pascal Siakam","1610612761","Toronto Raptors",2020,"0021901286","20200809",-10.8,27.85,TRUE
1627783,"Pascal Siakam","1610612761","Toronto Raptors",2020,"0021901286","20200809",0.9,31.45,FALSE
1627783,"Pascal Siakam","1610612761","Toronto Raptors",2020,"0021901286","20200809",1.3,9.65,FALSE
1627783,"Pascal Siakam","1610612761","Toronto Raptors",2020,"0021901286","20200809",13,27.05,FALSE
1627783,"Pascal Siakam","1610612761","Toronto Raptors",2020,"0021901286","20200809",13.9,27.05,FALSE
1627783,"Pascal Siakam","1610612761","Toronto Raptors",2020,"0021901286","20200809",-1.5,30.65,TRUE
1627783,"Pascal Siakam","1610612761","Toronto Raptors",2020,"0021901286","20200809",21.9,19.35,TRUE
1627783,"Pascal Siakam","1610612761","Toronto Raptors",2020,"0021901294","20200810",-1.1,31.05,FALSE
1627783,"Pascal Siakam","1610612761","Toronto Raptors",2020,"0021901294","20200810",-8.4,26.15,TRUE
1627783,"Pascal Siakam","1610612761","Toronto Raptors",2020,"0021901294","20200810",12.3,29.15,FALSE
1627783,"Pascal Siakam","1610612761","Toronto Raptors",2020,"0021901294","20200810",-15.2,27.35,FALSE
1627783,"Pascal Siakam","1610612761","Toronto Raptors",2020,"0021901294","20200810",-2.1,7.45,TRUE
1627783,"Pascal Siakam","1610612761","Toronto Raptors",2020,"0021901294","20200810",1.6,15.15,TRUE
1627783,"Pascal Siakam","1610612761","Toronto Raptors",2020,"0021901294","20200810",1.4,17.45,FALSE
1627783,"Pascal Siakam","1610612761","Toronto Raptors",2020,"0021901294","20200810",-13.3,26.45,FALSE
1627783,"Pascal Siakam","1610612761","Toronto Raptors",2020,"0021901294","20200810",13.9,19.45,FALSE
1627783,"Pascal Siakam","1610612761","Toronto Raptors",2020,"0021901294","20200810",-19.4,21.55,TRUE
1627783,"Pascal Siakam","1610612761","Toronto Raptors",2020,"0021901294","20200810",-6,31.35,FALSE
1627783,"Pascal Siakam","1610612761","Toronto Raptors",2020,"0021901294","20200810",10.9,10.45,FALSE
1627783,"Pascal Siakam","1610612761","Toronto Raptors",2020,"0021901294","20200810",-8.8,19.45,FALSE
1627783,"Pascal Siakam","1610612761","Toronto Raptors",2020,"0021901294","20200810",0,4.65,TRUE
1627783,"Pascal Siakam","1610612761","Toronto Raptors",2020,"0021901294","20200810",-11.1,29.75,FALSE
1627783,"Pascal Siakam","1610612761","Toronto Raptors",2020,"0021901294","20200810",-2,6.65,FALSE
1627783,"Pascal Siakam","1610612761","Toronto Raptors",2020,"0021901305","20200812",-2.4,7.25,TRUE
1627783,"Pascal Siakam","1610612761","Toronto Raptors",2020,"0021901305","20200812",5.8,16.95,FALSE
1627783,"Pascal Siakam","1610612761","Toronto Raptors",2020,"0021901305","20200812",-6.3,20.85,FALSE
1627783,"Pascal Siakam","1610612761","Toronto Raptors",2020,"0021901305","20200812",-10.1,31.85,FALSE
1627783,"Pascal Siakam","1610612761","Toronto Raptors",2020,"0021901305","20200812",22.7,17.25,FALSE
1627783,"Pascal Siakam","1610612761","Toronto Raptors",2020,"0021901305","20200812",1.5,5.35,FALSE
1627783,"Pascal Siakam","1610612761","Toronto Raptors",2020,"0021901305","20200812",-1.6,5.75,TRUE
1627783,"Pascal Siakam","1610612761","Toronto Raptors",2020,"0021901305","20200812",0.8,31.85,FALSE
1627783,"Pascal Siakam","1610612761","Toronto Raptors",2020,"0021901305","20200812",-5,19.85,FALSE
1627783,"Pascal Siakam","1610612761","Toronto Raptors",2020,"0021901305","20200812",-3.6,6.75,FALSE
1627783,"Pascal Siakam","1610612761","Toronto Raptors",2020,"0021901305","20200812",-12.2,27.55,FALSE
1627783,"Pascal Siakam","1610612761","Toronto Raptors",2020,"0021901305","20200812",-0.9,30.15,TRUE
1627783,"Pascal Siakam","1610612761","Toronto Raptors",2020,"0021901305","20200812",0,4.65,TRUE
1627783,"Pascal Siakam","1610612761","Toronto Raptors",2020,"0021901305","20200812",-15,26.15,TRUE
1627783,"Pascal Siakam","1610612761","Toronto Raptors",2021,"0022000014","20201223",-2,8.55,TRUE
1627783,"Pascal Siakam","1610612761","Toronto Raptors",2021,"0022000014","20201223",-11.7,28.55,TRUE
1627783,"Pascal Siakam","1610612761","Toronto Raptors",2021,"0022000014","20201223",2.2,31.55,FALSE
1627783,"Pascal Siakam","1610612761","Toronto Raptors",2021,"0022000014","20201223",-17.4,24.65,FALSE
1627783,"Pascal Siakam","1610612761","Toronto Raptors",2021,"0022000014","20201223",2.2,31.25,FALSE
1627783,"Pascal Siakam","1610612761","Toronto Raptors",2021,"0022000014","20201223",-24.2,11.45,TRUE
1627783,"Pascal Siakam","1610612761","Toronto Raptors",2021,"0022000014","20201223",-17.9,24.55,TRUE
1627783,"Pascal Siakam","1610612761","Toronto Raptors",2021,"0022000014","20201223",-3.6,8.05,FALSE
1627783,"Pascal Siakam","1610612761","Toronto Raptors",2021,"0022000014","20201223",-7.7,21.45,TRUE
1627783,"Pascal Siakam","1610612761","Toronto Raptors",2021,"0022000014","20201223",-5.7,5.25,TRUE
1627783,"Pascal Siakam","1610612761","Toronto Raptors",2021,"0022000014","20201223",16.9,25.35,FALSE
1627783,"Pascal Siakam","1610612761","Toronto Raptors",2021,"0022000014","20201223",-0.3,20.85,FALSE
1627783,"Pascal Siakam","1610612761","Toronto Raptors",2021,"0022000014","20201223",-1.2,17.75,TRUE
1627783,"Pascal Siakam","1610612761","Toronto Raptors",2021,"0022000014","20201223",-4.6,5.75,TRUE
1627783,"Pascal Siakam","1610612761","Toronto Raptors",2021,"0022000014","20201223",-5.7,4.85,FALSE
1627783,"Pascal Siakam","1610612761","Toronto Raptors",2021,"0022000014","20201223",-0.2,11.15,FALSE
1627783,"Pascal Siakam","1610612761","Toronto Raptors",2021,"0022000014","20201223",1.1,11.55,FALSE
1627783,"Pascal Siakam","1610612761","Toronto Raptors",2021,"0022000027","20201226",-2,6.05,FALSE
1627783,"Pascal Siakam","1610612761","Toronto Raptors",2021,"0022000027","20201226",-0.8,19.55,TRUE
1627783,"Pascal Siakam","1610612761","Toronto Raptors",2021,"0022000027","20201226",-2.2,5.55,TRUE
1627783,"Pascal Siakam","1610612761","Toronto Raptors",2021,"0022000027","20201226",0.3,9.45,TRUE
1627783,"Pascal Siakam","1610612761","Toronto Raptors",2021,"0022000027","20201226",14.9,28.35,FALSE
1627783,"Pascal Siakam","1610612761","Toronto Raptors",2021,"0022000027","20201226",-1.9,5.25,TRUE
1627783,"Pascal Siakam","1610612761","Toronto Raptors",2021,"0022000027","20201226",-0.1,31.25,FALSE
1627783,"Pascal Siakam","1610612761","Toronto Raptors",2021,"0022000027","20201226",15.1,25.75,FALSE
1627783,"Pascal Siakam","1610612761","Toronto Raptors",2021,"0022000027","20201226",22.3,7.45,FALSE
1627783,"Pascal Siakam","1610612761","Toronto Raptors",2021,"0022000027","20201226",-0.6,10.35,FALSE
1627783,"Pascal Siakam","1610612761","Toronto Raptors",2021,"0022000027","20201226",-21.3,18.85,FALSE
1627783,"Pascal Siakam","1610612761","Toronto Raptors",2021,"0022000027","20201226",2.1,6.05,TRUE
1627783,"Pascal Siakam","1610612761","Toronto Raptors",2021,"0022000027","20201226",11.7,17.95,TRUE
1627783,"Pascal Siakam","1610612761","Toronto Raptors",2021,"0022000027","20201226",3,9.65,FALSE
1627783,"Pascal Siakam","1610612761","Toronto Raptors",2021,"0022000027","20201226",1.8,4.75,FALSE
1627783,"Pascal Siakam","1610612761","Toronto Raptors",2021,"0022000027","20201226",0.2,8.65,FALSE
1627783,"Pascal Siakam","1610612761","Toronto Raptors",2021,"0022000049","20201229",-13.1,10.75,FALSE
1627783,"Pascal Siakam","1610612761","Toronto Raptors",2021,"0022000049","20201229",1.2,14.05,TRUE
1627783,"Pascal Siakam","1610612761","Toronto Raptors",2021,"0022000049","20201229",-5.7,6.35,FALSE
1627783,"Pascal Siakam","1610612761","Toronto Raptors",2021,"0022000049","20201229",-0.5,4.25,TRUE
1627783,"Pascal Siakam","1610612761","Toronto Raptors",2021,"0022000049","20201229",-17.6,23.25,TRUE
1627783,"Pascal Siakam","1610612761","Toronto Raptors",2021,"0022000049","20201229",0.2,7.35,FALSE
1627783,"Pascal Siakam","1610612761","Toronto Raptors",2021,"0022000049","20201229",-12.8,27.85,FALSE
1627783,"Pascal Siakam","1610612761","Toronto Raptors",2021,"0022000049","20201229",-18,4.85,TRUE
1627783,"Pascal Siakam","1610612761","Toronto Raptors",2021,"0022000049","20201229",5.1,16.25,FALSE
1627783,"Pascal Siakam","1610612761","Toronto Raptors",2021,"0022000049","20201229",-22.1,19.05,FALSE
1627783,"Pascal Siakam","1610612761","Toronto Raptors",2021,"0022000049","20201229",-4.4,6.35,FALSE
1627783,"Pascal Siakam","1610612761","Toronto Raptors",2021,"0022000049","20201229",-5.3,29.95,FALSE
1627783,"Pascal Siakam","1610612761","Toronto Raptors",2021,"0022000049","20201229",-2.2,10.95,FALSE
1627783,"Pascal Siakam","1610612761","Toronto Raptors",2021,"0022000049","20201229",-14.7,25.75,TRUE
1627783,"Pascal Siakam","1610612761","Toronto Raptors",2021,"0022000049","20201229",7.1,22.05,FALSE
1627783,"Pascal Siakam","1610612761","Toronto Raptors",2021,"0022000049","20201229",7.8,30.75,FALSE
1627783,"Pascal Siakam","1610612761","Toronto Raptors",2021,"0022000049","20201229",22.6,16.35,TRUE
1627783,"Pascal Siakam","1610612761","Toronto Raptors",2021,"0022000049","20201229",19.4,22.45,TRUE
1627783,"Pascal Siakam","1610612761","Toronto Raptors",2021,"0022000049","20201229",-1.4,32.85,FALSE
1627783,"Pascal Siakam","1610612761","Toronto Raptors",2021,"0022000049","20201229",4,25.05,TRUE
1627783,"Pascal Siakam","1610612761","Toronto Raptors",2021,"0022000049","20201229",-7.2,25.05,FALSE
1627783,"Pascal Siakam","1610612761","Toronto Raptors",2021,"0022000049","20201229",-5,9.05,FALSE
1627783,"Pascal Siakam","1610612761","Toronto Raptors",2021,"0022000049","20201229",-2.4,9.05,FALSE
1627783,"Pascal Siakam","1610612761","Toronto Raptors",2021,"0022000084","20210102",-22.5,5.85,FALSE
1627783,"Pascal Siakam","1610612761","Toronto Raptors",2021,"0022000084","20210102",-4.4,15.65,TRUE
1627783,"Pascal Siakam","1610612761","Toronto Raptors",2021,"0022000084","20210102",-0.6,19.95,FALSE
1627783,"Pascal Siakam","1610612761","Toronto Raptors",2021,"0022000084","20210102",-1.6,31.65,FALSE
1627783,"Pascal Siakam","1610612761","Toronto Raptors",2021,"0022000084","20210102",2.4,5.75,TRUE
1627783,"Pascal Siakam","1610612761","Toronto Raptors",2021,"0022000084","20210102",0.2,10.25,FALSE
1627783,"Pascal Siakam","1610612761","Toronto Raptors",2021,"0022000084","20210102",-1.4,15.65,TRUE
1627783,"Pascal Siakam","1610612761","Toronto Raptors",2021,"0022000084","20210102",1.9,5.95,TRUE
1627783,"Pascal Siakam","1610612761","Toronto Raptors",2021,"0022000084","20210102",13.9,25.35,FALSE
1627783,"Pascal Siakam","1610612761","Toronto Raptors",2021,"0022000084","20210102",-18.5,23.15,FALSE
1627783,"Pascal Siakam","1610612761","Toronto Raptors",2021,"0022000097","20210104",-19.5,21.35,TRUE
1627783,"Pascal Siakam","1610612761","Toronto Raptors",2021,"0022000097","20210104",11.4,27.85,TRUE
1627783,"Pascal Siakam","1610612761","Toronto Raptors",2021,"0022000097","20210104",-20.8,18.85,FALSE
1627783,"Pascal Siakam","1610612761","Toronto Raptors",2021,"0022000097","20210104",4.7,5.35,FALSE
1627783,"Pascal Siakam","1610612761","Toronto Raptors",2021,"0022000097","20210104",-13.2,27.35,FALSE
1627783,"Pascal Siakam","1610612761","Toronto Raptors",2021,"0022000097","20210104",-15.5,10.75,FALSE
1627783,"Pascal Siakam","1610612761","Toronto Raptors",2021,"0022000097","20210104",0.8,16.55,TRUE
1627783,"Pascal Siakam","1610612761","Toronto Raptors",2021,"0022000097","20210104",5.2,7.75,FALSE
1627783,"Pascal Siakam","1610612761","Toronto Raptors",2021,"0022000097","20210104",-1.3,31.25,FALSE
1627783,"Pascal Siakam","1610612761","Toronto Raptors",2021,"0022000097","20210104",-0.5,8.65,FALSE
1627783,"Pascal Siakam","1610612761","Toronto Raptors",2021,"0022000097","20210104",-3.1,6.95,TRUE
1627783,"Pascal Siakam","1610612761","Toronto Raptors",2021,"0022000097","20210104",-1,6.45,TRUE
1627783,"Pascal Siakam","1610612761","Toronto Raptors",2021,"0022000097","20210104",5.8,12.75,FALSE
1627783,"Pascal Siakam","1610612761","Toronto Raptors",2021,"0022000097","20210104",0,5.25,TRUE
1627783,"Pascal Siakam","1610612761","Toronto Raptors",2021,"0022000097","20210104",0,5.25,TRUE
1627783,"Pascal Siakam","1610612761","Toronto Raptors",2021,"0022000115","20210106",-22.6,6.95,TRUE
1627783,"Pascal Siakam","1610612761","Toronto Raptors",2021,"0022000115","20210106",-6.3,18.65,TRUE
1627783,"Pascal Siakam","1610612761","Toronto Raptors",2021,"0022000115","20210106",-1.2,8.15,TRUE
1627783,"Pascal Siakam","1610612761","Toronto Raptors",2021,"0022000115","20210106",2.6,8.35,FALSE
1627783,"Pascal Siakam","1610612761","Toronto Raptors",2021,"0022000115","20210106",0.4,6.85,TRUE
1627783,"Pascal Siakam","1610612761","Toronto Raptors",2021,"0022000115","20210106",0.3,6.25,FALSE
1627783,"Pascal Siakam","1610612761","Toronto Raptors",2021,"0022000115","20210106",0.6,6.95,TRUE
1627783,"Pascal Siakam","1610612761","Toronto Raptors",2021,"0022000115","20210106",0.5,6.05,TRUE
1627783,"Pascal Siakam","1610612761","Toronto Raptors",2021,"0022000115","20210106",2.6,13.15,TRUE
1627783,"Pascal Siakam","1610612761","Toronto Raptors",2021,"0022000115","20210106",0.9,8.75,FALSE
1627783,"Pascal Siakam","1610612761","Toronto Raptors",2021,"0022000115","20210106",-0.2,11.95,TRUE
1627783,"Pascal Siakam","1610612761","Toronto Raptors",2021,"0022000115","20210106",-0.5,5.65,TRUE
1627783,"Pascal Siakam","1610612761","Toronto Raptors",2021,"0022000115","20210106",-1.6,5.15,TRUE
1627783,"Pascal Siakam","1610612761","Toronto Raptors",2021,"0022000115","20210106",-5.3,29.45,FALSE
1627783,"Pascal Siakam","1610612761","Toronto Raptors",2021,"0022000115","20210106",4.5,30.05,FALSE
1627783,"Pascal Siakam","1610612761","Toronto Raptors",2021,"0022000115","20210106",-2.4,5.75,FALSE
1627783,"Pascal Siakam","1610612761","Toronto Raptors",2021,"0022000115","20210106",-1,4.35,TRUE
1627783,"Pascal Siakam","1610612761","Toronto Raptors",2021,"0022000115","20210106",1.1,8.45,FALSE
1627783,"Pascal Siakam","1610612761","Toronto Raptors",2021,"0022000115","20210106",-0.3,10.45,FALSE
1627783,"Pascal Siakam","1610612761","Toronto Raptors",2021,"0022000115","20210106",1.4,5.65,FALSE
1627783,"Pascal Siakam","1610612761","Toronto Raptors",2021,"0022000115","20210106",12.5,27.35,FALSE
1627783,"Pascal Siakam","1610612761","Toronto Raptors",2021,"0022000132","20210108",1.8,6.05,TRUE
1627783,"Pascal Siakam","1610612761","Toronto Raptors",2021,"0022000132","20210108",-2.6,7.55,FALSE
1627783,"Pascal Siakam","1610612761","Toronto Raptors",2021,"0022000132","20210108",4.7,10.25,TRUE
1627783,"Pascal Siakam","1610612761","Toronto Raptors",2021,"0022000132","20210108",19.1,22.15,TRUE
1627783,"Pascal Siakam","1610612761","Toronto Raptors",2021,"0022000132","20210108",1.9,22.05,TRUE
1627783,"Pascal Siakam","1610612761","Toronto Raptors",2021,"0022000132","20210108",1.8,5.15,TRUE
1627783,"Pascal Siakam","1610612761","Toronto Raptors",2021,"0022000132","20210108",-2.9,5.55,FALSE
1627783,"Pascal Siakam","1610612761","Toronto Raptors",2021,"0022000132","20210108",2.1,5.25,TRUE
1627783,"Pascal Siakam","1610612761","Toronto Raptors",2021,"0022000132","20210108",2.7,6.65,FALSE
1627783,"Pascal Siakam","1610612761","Toronto Raptors",2021,"0022000132","20210108",-4.1,6.25,TRUE
1627783,"Pascal Siakam","1610612761","Toronto Raptors",2021,"0022000132","20210108",21.5,17.25,FALSE
1627783,"Pascal Siakam","1610612761","Toronto Raptors",2021,"0022000148","20210110",10.1,30.35,FALSE
1627783,"Pascal Siakam","1610612761","Toronto Raptors",2021,"0022000148","20210110",2.2,24.05,FALSE
1627783,"Pascal Siakam","1610612761","Toronto Raptors",2021,"0022000148","20210110",-0.6,30.95,TRUE
1627783,"Pascal Siakam","1610612761","Toronto Raptors",2021,"0022000148","20210110",-0.5,15.05,FALSE
1627783,"Pascal Siakam","1610612761","Toronto Raptors",2021,"0022000148","20210110",-0.9,9.35,TRUE
1627783,"Pascal Siakam","1610612761","Toronto Raptors",2021,"0022000148","20210110",-12,27.65,TRUE
1627783,"Pascal Siakam","1610612761","Toronto Raptors",2021,"0022000148","20210110",-1.3,7.45,TRUE
1627783,"Pascal Siakam","1610612761","Toronto Raptors",2021,"0022000148","20210110",0.5,8.25,FALSE
1627783,"Pascal Siakam","1610612761","Toronto Raptors",2021,"0022000148","20210110",-0.7,7.85,FALSE
1627783,"Pascal Siakam","1610612761","Toronto Raptors",2021,"0022000148","20210110",-9.4,22.55,TRUE
1627783,"Pascal Siakam","1610612761","Toronto Raptors",2021,"0022000148","20210110",-3.6,9.55,TRUE
1627783,"Pascal Siakam","1610612761","Toronto Raptors",2021,"0022000148","20210110",-1.9,8.45,FALSE
1627783,"Pascal Siakam","1610612761","Toronto Raptors",2021,"0022000148","20210110",0.1,32.75,FALSE
1627783,"Pascal Siakam","1610612761","Toronto Raptors",2021,"0022000148","20210110",0,5.25,TRUE
1627783,"Pascal Siakam","1610612761","Toronto Raptors",2021,"0022000148","20210110",0,5.25,TRUE
1627783,"Pascal Siakam","1610612761","Toronto Raptors",2021,"0022000148","20210110",-9.2,21.15,FALSE
1627783,"Pascal Siakam","1610612761","Toronto Raptors",2021,"0022000148","20210110",-1.1,7.45,TRUE
1627783,"Pascal Siakam","1610612761","Toronto Raptors",2021,"0022000148","20210110",0,16.35,FALSE
1627783,"Pascal Siakam","1610612761","Toronto Raptors",2021,"0022000148","20210110",-0.8,24.85,FALSE
1627783,"Pascal Siakam","1610612761","Toronto Raptors",2021,"0022000155","20210111",8.4,18.35,TRUE
1627783,"Pascal Siakam","1610612761","Toronto Raptors",2021,"0022000155","20210111",-1.6,6.25,TRUE
1627783,"Pascal Siakam","1610612761","Toronto Raptors",2021,"0022000155","20210111",-6.7,18.75,TRUE
1627783,"Pascal Siakam","1610612761","Toronto Raptors",2021,"0022000155","20210111",-23.4,7.95,FALSE
1627783,"Pascal Siakam","1610612761","Toronto Raptors",2021,"0022000155","20210111",-0.7,5.85,TRUE
1627783,"Pascal Siakam","1610612761","Toronto Raptors",2021,"0022000155","20210111",-15.8,17.25,TRUE
1627783,"Pascal Siakam","1610612761","Toronto Raptors",2021,"0022000155","20210111",-0.7,24.15,FALSE
1627783,"Pascal Siakam","1610612761","Toronto Raptors",2021,"0022000155","20210111",-0.5,6.25,TRUE
1627783,"Pascal Siakam","1610612761","Toronto Raptors",2021,"0022000155","20210111",-6.6,12.65,FALSE
1627783,"Pascal Siakam","1610612761","Toronto Raptors",2021,"0022000155","20210111",-2.9,5.85,TRUE
1627783,"Pascal Siakam","1610612761","Toronto Raptors",2021,"0022000155","20210111",23,7.55,FALSE
1627783,"Pascal Siakam","1610612761","Toronto Raptors",2021,"0022000155","20210111",0,5.25,FALSE
1627783,"Pascal Siakam","1610612761","Toronto Raptors",2021,"0022000155","20210111",5.1,11.45,FALSE
1627783,"Pascal Siakam","1610612761","Toronto Raptors",2021,"0022000155","20210111",0.5,8.15,FALSE
1627783,"Pascal Siakam","1610612761","Toronto Raptors",2021,"0022000155","20210111",0.3,5.95,TRUE
1627783,"Pascal Siakam","1610612761","Toronto Raptors",2021,"0022000155","20210111",-1,5.25,TRUE
1627783,"Pascal Siakam","1610612761","Toronto Raptors",2021,"0022000155","20210111",1.8,7.05,FALSE
1627783,"Pascal Siakam","1610612761","Toronto Raptors",2021,"0022000175","20210114",2.8,7.45,FALSE
1627783,"Pascal Siakam","1610612761","Toronto Raptors",2021,"0022000175","20210114",2.5,6.25,FALSE
1627783,"Pascal Siakam","1610612761","Toronto Raptors",2021,"0022000175","20210114",0,5.25,TRUE
1627783,"Pascal Siakam","1610612761","Toronto Raptors",2021,"0022000175","20210114",-17.3,8.05,FALSE
1627783,"Pascal Siakam","1610612761","Toronto Raptors",2021,"0022000175","20210114",4.5,10.75,TRUE
1627783,"Pascal Siakam","1610612761","Toronto Raptors",2021,"0022000175","20210114",-2.8,5.75,FALSE
1627783,"Pascal Siakam","1610612761","Toronto Raptors",2021,"0022000175","20210114",22.8,8.95,FALSE
1627783,"Pascal Siakam","1610612761","Toronto Raptors",2021,"0022000175","20210114",-13.2,28.75,TRUE
1627783,"Pascal Siakam","1610612761","Toronto Raptors",2021,"0022000175","20210114",22.6,1.45,FALSE
1627783,"Pascal Siakam","1610612761","Toronto Raptors",2021,"0022000175","20210114",-2.2,5.65,TRUE
1627783,"Pascal Siakam","1610612761","Toronto Raptors",2021,"0022000175","20210114",6.3,9.25,FALSE
1627783,"Pascal Siakam","1610612761","Toronto Raptors",2021,"0022000175","20210114",-17.1,25.85,FALSE
1627783,"Pascal Siakam","1610612761","Toronto Raptors",2021,"0022000175","20210114",-2.5,5.35,TRUE
1627783,"Pascal Siakam","1610612761","Toronto Raptors",2021,"0022000175","20210114",-23.1,5.25,TRUE
1627783,"Pascal Siakam","1610612761","Toronto Raptors",2021,"0022000175","20210114",4.7,30.45,FALSE
1627783,"Pascal Siakam","1610612761","Toronto Raptors",2021,"0022000191","20210116",-9.7,29.05,FALSE
1627783,"Pascal Siakam","1610612761","Toronto Raptors",2021,"0022000191","20210116",23.7,3.65,FALSE
1627783,"Pascal Siakam","1610612761","Toronto Raptors",2021,"0022000191","20210116",1.7,6.55,TRUE
1627783,"Pascal Siakam","1610612761","Toronto Raptors",2021,"0022000191","20210116",-1.5,9.95,FALSE
1627783,"Pascal Siakam","1610612761","Toronto Raptors",2021,"0022000191","20210116",-4.8,9.95,FALSE
1627783,"Pascal Siakam","1610612761","Toronto Raptors",2021,"0022000191","20210116",-23.1,2.15,FALSE
1627783,"Pascal Siakam","1610612761","Toronto Raptors",2021,"0022000191","20210116",12,28.85,FALSE
1627783,"Pascal Siakam","1610612761","Toronto Raptors",2021,"0022000191","20210116",23.7,7.95,FALSE
1627783,"Pascal Siakam","1610612761","Toronto Raptors",2021,"0022000191","20210116",0,7.85,FALSE
1627783,"Pascal Siakam","1610612761","Toronto Raptors",2021,"0022000191","20210116",4.1,22.65,TRUE
1627783,"Pascal Siakam","1610612761","Toronto Raptors",2021,"0022000191","20210116",-2.8,5.15,TRUE
1627783,"Pascal Siakam","1610612761","Toronto Raptors",2021,"0022000191","20210116",-3.5,10.25,TRUE
1627783,"Pascal Siakam","1610612761","Toronto Raptors",2021,"0022000191","20210116",2.9,19.95,FALSE
1627783,"Pascal Siakam","1610612761","Toronto Raptors",2021,"0022000191","20210116",1.6,14.65,FALSE
1627783,"Pascal Siakam","1610612761","Toronto Raptors",2021,"0022000210","20210118",3.6,25.15,FALSE
1627783,"Pascal Siakam","1610612761","Toronto Raptors",2021,"0022000210","20210118",9.6,18.45,FALSE
1627783,"Pascal Siakam","1610612761","Toronto Raptors",2021,"0022000210","20210118",2.5,6.65,FALSE
1627783,"Pascal Siakam","1610612761","Toronto Raptors",2021,"0022000210","20210118",-14.8,24.25,FALSE
1627783,"Pascal Siakam","1610612761","Toronto Raptors",2021,"0022000210","20210118",0.6,8.45,TRUE
1627783,"Pascal Siakam","1610612761","Toronto Raptors",2021,"0022000210","20210118",2.9,9.05,FALSE
1627783,"Pascal Siakam","1610612761","Toronto Raptors",2021,"0022000210","20210118",10.1,29.35,FALSE
1627783,"Pascal Siakam","1610612761","Toronto Raptors",2021,"0022000210","20210118",0.6,29.55,FALSE
1627783,"Pascal Siakam","1610612761","Toronto Raptors",2021,"0022000210","20210118",10.1,28.95,FALSE
1627783,"Pascal Siakam","1610612761","Toronto Raptors",2021,"0022000210","20210118",0,7.45,TRUE
1627783,"Pascal Siakam","1610612761","Toronto Raptors",2021,"0022000210","20210118",11.4,17.75,FALSE
1627783,"Pascal Siakam","1610612761","Toronto Raptors",2021,"0022000210","20210118",1.9,12.65,TRUE
1627783,"Pascal Siakam","1610612761","Toronto Raptors",2021,"0022000210","20210118",-1.8,6.35,FALSE
1627783,"Pascal Siakam","1610612761","Toronto Raptors",2021,"0022000210","20210118",0.1,7.35,TRUE
1627783,"Pascal Siakam","1610612761","Toronto Raptors",2021,"0022000210","20210118",-1.5,23.65,FALSE
1627783,"Pascal Siakam","1610612761","Toronto Raptors",2021,"0022000210","20210118",-2.6,7.75,FALSE
1627783,"Pascal Siakam","1610612761","Toronto Raptors",2021,"0022000210","20210118",-2.2,6.95,TRUE
1627783,"Pascal Siakam","1610612761","Toronto Raptors",2021,"0022000210","20210118",6.8,22.55,TRUE
1627783,"Pascal Siakam","1610612761","Toronto Raptors",2021,"0022000210","20210118",0.2,6.35,TRUE
1627783,"Pascal Siakam","1610612761","Toronto Raptors",2021,"0022000220","20210120",-23,3.55,FALSE
1627783,"Pascal Siakam","1610612761","Toronto Raptors",2021,"0022000220","20210120",17,24.55,FALSE
1627783,"Pascal Siakam","1610612761","Toronto Raptors",2021,"0022000220","20210120",2.9,7.05,FALSE
1627783,"Pascal Siakam","1610612761","Toronto Raptors",2021,"0022000220","20210120",-7.1,18.95,TRUE
1627783,"Pascal Siakam","1610612761","Toronto Raptors",2021,"0022000220","20210120",1.4,6.55,TRUE
1627783,"Pascal Siakam","1610612761","Toronto Raptors",2021,"0022000220","20210120",-5.5,20.95,TRUE
1627783,"Pascal Siakam","1610612761","Toronto Raptors",2021,"0022000220","20210120",0,5.25,FALSE
1627783,"Pascal Siakam","1610612761","Toronto Raptors",2021,"0022000220","20210120",-6.8,19.35,FALSE
1627783,"Pascal Siakam","1610612761","Toronto Raptors",2021,"0022000220","20210120",-3.1,31.05,FALSE
1627783,"Pascal Siakam","1610612761","Toronto Raptors",2021,"0022000220","20210120",1.1,7.85,TRUE
1627783,"Pascal Siakam","1610612761","Toronto Raptors",2021,"0022000220","20210120",7.3,15.15,FALSE
1627783,"Pascal Siakam","1610612761","Toronto Raptors",2021,"0022000220","20210120",0,5.25,TRUE
1627783,"Pascal Siakam","1610612761","Toronto Raptors",2021,"0022000220","20210120",2.7,12.05,TRUE
1627783,"Pascal Siakam","1610612761","Toronto Raptors",2021,"0022000220","20210120",1.3,10.35,TRUE
1627783,"Pascal Siakam","1610612761","Toronto Raptors",2021,"0022000220","20210120",1,15.25,FALSE
1627783,"Pascal Siakam","1610612761","Toronto Raptors",2021,"0022000234","20210122",-4.8,7.25,FALSE
1627783,"Pascal Siakam","1610612761","Toronto Raptors",2021,"0022000234","20210122",-2.1,6.55,TRUE
1627783,"Pascal Siakam","1610612761","Toronto Raptors",2021,"0022000234","20210122",-10,28.85,TRUE
1627783,"Pascal Siakam","1610612761","Toronto Raptors",2021,"0022000234","20210122",0.1,7.75,FALSE
1627783,"Pascal Siakam","1610612761","Toronto Raptors",2021,"0022000234","20210122",0,5.25,TRUE
1627783,"Pascal Siakam","1610612761","Toronto Raptors",2021,"0022000234","20210122",13.1,16.85,FALSE
1627783,"Pascal Siakam","1610612761","Toronto Raptors",2021,"0022000234","20210122",11.1,17.35,TRUE
1627783,"Pascal Siakam","1610612761","Toronto Raptors",2021,"0022000234","20210122",10.9,21.05,FALSE
1627783,"Pascal Siakam","1610612761","Toronto Raptors",2021,"0022000234","20210122",-11.7,28.85,FALSE
1627783,"Pascal Siakam","1610612761","Toronto Raptors",2021,"0022000234","20210122",-23.4,7.35,FALSE
1627783,"Pascal Siakam","1610612761","Toronto Raptors",2021,"0022000234","20210122",0,5.25,TRUE
1627783,"Pascal Siakam","1610612761","Toronto Raptors",2021,"0022000234","20210122",-0.3,6.65,TRUE
1627783,"Pascal Siakam","1610612761","Toronto Raptors",2021,"0022000277","20210127",-0.9,30.75,TRUE
1627783,"Pascal Siakam","1610612761","Toronto Raptors",2021,"0022000277","20210127",2.5,14.15,TRUE
1627783,"Pascal Siakam","1610612761","Toronto Raptors",2021,"0022000277","20210127",11.7,10.25,FALSE
1627783,"Pascal Siakam","1610612761","Toronto Raptors",2021,"0022000277","20210127",-1.3,7.15,TRUE
1627783,"Pascal Siakam","1610612761","Toronto Raptors",2021,"0022000277","20210127",6.3,31.05,FALSE
1627783,"Pascal Siakam","1610612761","Toronto Raptors",2021,"0022000277","20210127",3.7,12.75,FALSE
1627783,"Pascal Siakam","1610612761","Toronto Raptors",2021,"0022000277","20210127",-11.3,27.75,FALSE
1627783,"Pascal Siakam","1610612761","Toronto Raptors",2021,"0022000277","20210127",0.1,5.65,FALSE
1627783,"Pascal Siakam","1610612761","Toronto Raptors",2021,"0022000277","20210127",11.9,20.75,TRUE
1627783,"Pascal Siakam","1610612761","Toronto Raptors",2021,"0022000277","20210127",-19.9,20.45,FALSE
1627783,"Pascal Siakam","1610612761","Toronto Raptors",2021,"0022000277","20210127",12.7,14.95,TRUE
1627783,"Pascal Siakam","1610612761","Toronto Raptors",2021,"0022000277","20210127",2,8.05,FALSE
1627783,"Pascal Siakam","1610612761","Toronto Raptors",2021,"0022000292","20210129",1.6,14.95,TRUE
1627783,"Pascal Siakam","1610612761","Toronto Raptors",2021,"0022000292","20210129",-4.9,29.85,FALSE
1627783,"Pascal Siakam","1610612761","Toronto Raptors",2021,"0022000292","20210129",-0.3,6.45,TRUE
1627783,"Pascal Siakam","1610612761","Toronto Raptors",2021,"0022000292","20210129",15.8,8.35,FALSE
1627783,"Pascal Siakam","1610612761","Toronto Raptors",2021,"0022000292","20210129",5.7,8.45,FALSE
1627783,"Pascal Siakam","1610612761","Toronto Raptors",2021,"0022000292","20210129",-1,5.85,TRUE
1627783,"Pascal Siakam","1610612761","Toronto Raptors",2021,"0022000292","20210129",-1.1,10.25,TRUE
1627783,"Pascal Siakam","1610612761","Toronto Raptors",2021,"0022000292","20210129",-5.3,22.45,FALSE
1627783,"Pascal Siakam","1610612761","Toronto Raptors",2021,"0022000292","20210129",-3.1,7.45,FALSE
1627783,"Pascal Siakam","1610612761","Toronto Raptors",2021,"0022000292","20210129",0.5,8.35,TRUE
1627783,"Pascal Siakam","1610612761","Toronto Raptors",2021,"0022000292","20210129",-1.8,7.45,FALSE
1627783,"Pascal Siakam","1610612761","Toronto Raptors",2021,"0022000292","20210129",-0.6,6.05,TRUE
1627783,"Pascal Siakam","1610612761","Toronto Raptors",2021,"0022000292","20210129",-2.2,5.85,FALSE
1627783,"Pascal Siakam","1610612761","Toronto Raptors",2021,"0022000292","20210129",-1.6,7.75,TRUE
1627783,"Pascal Siakam","1610612761","Toronto Raptors",2021,"0022000292","20210129",-1.4,5.65,TRUE
1627783,"Pascal Siakam","1610612761","Toronto Raptors",2021,"0022000292","20210129",-1.3,6.05,TRUE
1627783,"Pascal Siakam","1610612761","Toronto Raptors",2021,"0022000292","20210129",-1.8,9.05,TRUE
1627783,"Pascal Siakam","1610612761","Toronto Raptors",2021,"0022000292","20210129",3.6,14.25,FALSE
1627783,"Pascal Siakam","1610612761","Toronto Raptors",2021,"0022000292","20210129",-2.3,7.15,FALSE
1627783,"Pascal Siakam","1610612761","Toronto Raptors",2021,"0022000292","20210129",0.2,5.35,TRUE
1627783,"Pascal Siakam","1610612761","Toronto Raptors",2021,"0022000309","20210131",-2.3,6.65,TRUE
1627783,"Pascal Siakam","1610612761","Toronto Raptors",2021,"0022000309","20210131",0.4,8.25,TRUE
1627783,"Pascal Siakam","1610612761","Toronto Raptors",2021,"0022000309","20210131",2,7.65,FALSE
1627783,"Pascal Siakam","1610612761","Toronto Raptors",2021,"0022000309","20210131",2.6,13.45,FALSE
1627783,"Pascal Siakam","1610612761","Toronto Raptors",2021,"0022000309","20210131",-1.9,6.55,FALSE
1627783,"Pascal Siakam","1610612761","Toronto Raptors",2021,"0022000309","20210131",0.2,10.45,TRUE
1627783,"Pascal Siakam","1610612761","Toronto Raptors",2021,"0022000309","20210131",2.5,7.65,TRUE
1627783,"Pascal Siakam","1610612761","Toronto Raptors",2021,"0022000309","20210131",-3.1,9.85,FALSE
1627783,"Pascal Siakam","1610612761","Toronto Raptors",2021,"0022000309","20210131",-1.6,7.35,TRUE
1627783,"Pascal Siakam","1610612761","Toronto Raptors",2021,"0022000309","20210131",-2,8.75,FALSE
1627783,"Pascal Siakam","1610612761","Toronto Raptors",2021,"0022000309","20210131",0.6,6.95,TRUE
1627783,"Pascal Siakam","1610612761","Toronto Raptors",2021,"0022000309","20210131",-1,7.95,TRUE
1627783,"Pascal Siakam","1610612761","Toronto Raptors",2021,"0022000309","20210131",-9,13.25,FALSE
1627783,"Pascal Siakam","1610612761","Toronto Raptors",2021,"0022000309","20210131",-2.6,11.65,FALSE
1627783,"Pascal Siakam","1610612761","Toronto Raptors",2021,"0022000309","20210131",2.8,9.45,FALSE
1627783,"Pascal Siakam","1610612761","Toronto Raptors",2021,"0022000309","20210131",3.2,9.95,TRUE
1627783,"Pascal Siakam","1610612761","Toronto Raptors",2021,"0022000309","20210131",16.3,25.95,FALSE
1627783,"Pascal Siakam","1610612761","Toronto Raptors",2021,"0022000309","20210131",1.1,6.75,TRUE
1627783,"Pascal Siakam","1610612761","Toronto Raptors",2021,"0022000309","20210131",-2.6,6.55,TRUE
1627783,"Pascal Siakam","1610612761","Toronto Raptors",2021,"0022000309","20210131",5.4,19.85,FALSE
1627783,"Pascal Siakam","1610612761","Toronto Raptors",2021,"0022000309","20210131",7.8,6.95,TRUE
1627783,"Pascal Siakam","1610612761","Toronto Raptors",2021,"0022000309","20210131",10.6,28.55,FALSE
1627783,"Pascal Siakam","1610612761","Toronto Raptors",2021,"0022000309","20210131",-1.1,7.85,TRUE
1627783,"Pascal Siakam","1610612761","Toronto Raptors",2021,"0022000323","20210202",10.1,28.75,FALSE
1627783,"Pascal Siakam","1610612761","Toronto Raptors",2021,"0022000323","20210202",-2.4,5.15,FALSE
1627783,"Pascal Siakam","1610612761","Toronto Raptors",2021,"0022000323","20210202",-2.5,7.05,FALSE
1627783,"Pascal Siakam","1610612761","Toronto Raptors",2021,"0022000323","20210202",0.9,6.35,TRUE
1627783,"Pascal Siakam","1610612761","Toronto Raptors",2021,"0022000323","20210202",-1.5,6.85,FALSE
1627783,"Pascal Siakam","1610612761","Toronto Raptors",2021,"0022000323","20210202",-4.6,31.55,FALSE
1627783,"Pascal Siakam","1610612761","Toronto Raptors",2021,"0022000323","20210202",-1.9,10.65,TRUE
1627783,"Pascal Siakam","1610612761","Toronto Raptors",2021,"0022000323","20210202",0.3,5.85,TRUE
1627783,"Pascal Siakam","1610612761","Toronto Raptors",2021,"0022000323","20210202",0.2,5.85,TRUE
1627783,"Pascal Siakam","1610612761","Toronto Raptors",2021,"0022000323","20210202",0,15.25,FALSE
1627783,"Pascal Siakam","1610612761","Toronto Raptors",2021,"0022000323","20210202",-1.1,7.75,FALSE
1627783,"Pascal Siakam","1610612761","Toronto Raptors",2021,"0022000345","20210205",23.3,6.85,FALSE
1627783,"Pascal Siakam","1610612761","Toronto Raptors",2021,"0022000345","20210205",-4.9,12.95,FALSE
1627783,"Pascal Siakam","1610612761","Toronto Raptors",2021,"0022000345","20210205",1.9,7.35,TRUE
1627783,"Pascal Siakam","1610612761","Toronto Raptors",2021,"0022000345","20210205",-8.1,7.65,FALSE
1627783,"Pascal Siakam","1610612761","Toronto Raptors",2021,"0022000345","20210205",-2,6.75,TRUE
1627783,"Pascal Siakam","1610612761","Toronto Raptors",2021,"0022000345","20210205",-0.9,20.05,FALSE
1627783,"Pascal Siakam","1610612761","Toronto Raptors",2021,"0022000345","20210205",-3,11.45,FALSE
1627783,"Pascal Siakam","1610612761","Toronto Raptors",2021,"0022000345","20210205",-0.1,11.95,FALSE
1627783,"Pascal Siakam","1610612761","Toronto Raptors",2021,"0022000345","20210205",-0.8,19.55,TRUE
1627783,"Pascal Siakam","1610612761","Toronto Raptors",2021,"0022000345","20210205",0.3,23.75,FALSE
1627783,"Pascal Siakam","1610612761","Toronto Raptors",2021,"0022000345","20210205",-0.8,12.35,TRUE
1627783,"Pascal Siakam","1610612761","Toronto Raptors",2021,"0022000345","20210205",-3.6,14.15,TRUE
1627783,"Pascal Siakam","1610612761","Toronto Raptors",2021,"0022000345","20210205",16.7,8.25,FALSE
1627783,"Pascal Siakam","1610612761","Toronto Raptors",2021,"0022000345","20210205",-0.5,13.75,FALSE
1627783,"Pascal Siakam","1610612761","Toronto Raptors",2021,"0022000345","20210205",-0.5,6.95,TRUE
1627783,"Pascal Siakam","1610612761","Toronto Raptors",2021,"0022000345","20210205",6.1,14.65,FALSE
1627783,"Pascal Siakam","1610612761","Toronto Raptors",2021,"0022000345","20210205",2.2,13.15,TRUE
1627783,"Pascal Siakam","1610612761","Toronto Raptors",2021,"0022000345","20210205",0,5.95,TRUE
1627783,"Pascal Siakam","1610612761","Toronto Raptors",2021,"0022000345","20210205",11.5,15.15,TRUE
1627783,"Pascal Siakam","1610612761","Toronto Raptors",2021,"0022000345","20210205",6,12.65,TRUE
1627783,"Pascal Siakam","1610612761","Toronto Raptors",2021,"0022000345","20210205",1.6,31.05,FALSE
1627783,"Pascal Siakam","1610612761","Toronto Raptors",2021,"0022000345","20210205",0.5,9.85,TRUE
1627783,"Pascal Siakam","1610612761","Toronto Raptors",2021,"0022000345","20210205",-0.9,5.75,TRUE
1627783,"Pascal Siakam","1610612761","Toronto Raptors",2021,"0022000356","20210206",5.4,10.95,FALSE
1627783,"Pascal Siakam","1610612761","Toronto Raptors",2021,"0022000356","20210206",0.4,7.15,FALSE
1627783,"Pascal Siakam","1610612761","Toronto Raptors",2021,"0022000356","20210206",-0.7,7.15,TRUE
1627783,"Pascal Siakam","1610612761","Toronto Raptors",2021,"0022000356","20210206",23,6.95,TRUE
1627783,"Pascal Siakam","1610612761","Toronto Raptors",2021,"0022000356","20210206",-0.9,15.05,TRUE
1627783,"Pascal Siakam","1610612761","Toronto Raptors",2021,"0022000356","20210206",0.8,5.35,TRUE
1627783,"Pascal Siakam","1610612761","Toronto Raptors",2021,"0022000356","20210206",1.3,5.75,FALSE
1627783,"Pascal Siakam","1610612761","Toronto Raptors",2021,"0022000356","20210206",-13,4.85,TRUE
1627783,"Pascal Siakam","1610612761","Toronto Raptors",2021,"0022000356","20210206",-4.8,15.45,FALSE
1627783,"Pascal Siakam","1610612761","Toronto Raptors",2021,"0022000356","20210206",1.7,7.85,FALSE
1627783,"Pascal Siakam","1610612761","Toronto Raptors",2021,"0022000356","20210206",19.1,21.15,FALSE
1627783,"Pascal Siakam","1610612761","Toronto Raptors",2021,"0022000356","20210206",-0.2,5.45,TRUE
1627783,"Pascal Siakam","1610612761","Toronto Raptors",2021,"0022000356","20210206",9.5,28.05,FALSE
1627783,"Pascal Siakam","1610612761","Toronto Raptors",2021,"0022000356","20210206",0.2,5.95,FALSE
1627783,"Pascal Siakam","1610612761","Toronto Raptors",2021,"0022000356","20210206",-1,5.75,FALSE
1627783,"Pascal Siakam","1610612761","Toronto Raptors",2021,"0022000369","20210208",2.5,11.15,TRUE
1627783,"Pascal Siakam","1610612761","Toronto Raptors",2021,"0022000369","20210208",-0.2,5.45,TRUE
1627783,"Pascal Siakam","1610612761","Toronto Raptors",2021,"0022000369","20210208",1.6,31.65,FALSE
1627783,"Pascal Siakam","1610612761","Toronto Raptors",2021,"0022000369","20210208",13.4,27.75,FALSE
1627783,"Pascal Siakam","1610612761","Toronto Raptors",2021,"0022000369","20210208",9,29.35,TRUE
1627783,"Pascal Siakam","1610612761","Toronto Raptors",2021,"0022000369","20210208",15.2,25.95,TRUE
1627783,"Pascal Siakam","1610612761","Toronto Raptors",2021,"0022000369","20210208",-10.5,31.65,TRUE
1627783,"Pascal Siakam","1610612761","Toronto Raptors",2021,"0022000369","20210208",10.5,20.45,FALSE
1627783,"Pascal Siakam","1610612761","Toronto Raptors",2021,"0022000369","20210208",-3.3,15.75,FALSE
1627783,"Pascal Siakam","1610612761","Toronto Raptors",2021,"0022000369","20210208",-0.1,6.35,TRUE
1627783,"Pascal Siakam","1610612761","Toronto Raptors",2021,"0022000369","20210208",-1.8,30.75,FALSE
1627783,"Pascal Siakam","1610612761","Toronto Raptors",2021,"0022000369","20210208",-0.1,6.15,TRUE
1627783,"Pascal Siakam","1610612761","Toronto Raptors",2021,"0022000369","20210208",-6.8,29.55,TRUE
1627783,"Pascal Siakam","1610612761","Toronto Raptors",2021,"0022000369","20210208",11.2,27.95,TRUE
1627783,"Pascal Siakam","1610612761","Toronto Raptors",2021,"0022000369","20210208",0,5.85,TRUE
1627783,"Pascal Siakam","1610612761","Toronto Raptors",2021,"0022000369","20210208",-0.1,6.15,FALSE
1627783,"Pascal Siakam","1610612761","Toronto Raptors",2021,"0022000369","20210208",-9.4,24.45,FALSE
1627783,"Pascal Siakam","1610612761","Toronto Raptors",2021,"0022000369","20210208",0.3,5.55,TRUE
1627783,"Pascal Siakam","1610612761","Toronto Raptors",2021,"0022000382","20210210",15.4,11.35,TRUE
1627783,"Pascal Siakam","1610612761","Toronto Raptors",2021,"0022000382","20210210",-14.8,27.65,TRUE
1627783,"Pascal Siakam","1610612761","Toronto Raptors",2021,"0022000382","20210210",-0.6,31.05,FALSE
1627783,"Pascal Siakam","1610612761","Toronto Raptors",2021,"0022000382","20210210",12.4,15.55,FALSE
1627783,"Pascal Siakam","1610612761","Toronto Raptors",2021,"0022000382","20210210",-3.6,9.55,FALSE
1627783,"Pascal Siakam","1610612761","Toronto Raptors",2021,"0022000382","20210210",3.1,8.95,TRUE
1627783,"Pascal Siakam","1610612761","Toronto Raptors",2021,"0022000382","20210210",0,12.05,TRUE
1627783,"Pascal Siakam","1610612761","Toronto Raptors",2021,"0022000382","20210210",0.9,14.05,TRUE
1627783,"Pascal Siakam","1610612761","Toronto Raptors",2021,"0022000382","20210210",-1.7,9.25,FALSE
1627783,"Pascal Siakam","1610612761","Toronto Raptors",2021,"0022000382","20210210",-18.6,24.25,TRUE
1627783,"Pascal Siakam","1610612761","Toronto Raptors",2021,"0022000382","20210210",4.5,9.15,FALSE
1627783,"Pascal Siakam","1610612761","Toronto Raptors",2021,"0022000382","20210210",20.7,21.55,TRUE
1627783,"Pascal Siakam","1610612761","Toronto Raptors",2021,"0022000382","20210210",-0.4,12.25,FALSE
1627783,"Pascal Siakam","1610612761","Toronto Raptors",2021,"0022000382","20210210",11.5,18.05,FALSE
1627783,"Pascal Siakam","1610612761","Toronto Raptors",2021,"0022000382","20210210",6.5,11.95,FALSE
1627783,"Pascal Siakam","1610612761","Toronto Raptors",2021,"0022000382","20210210",5.8,23.05,TRUE
1627783,"Pascal Siakam","1610612761","Toronto Raptors",2021,"0022000382","20210210",0.5,13.15,FALSE
1627783,"Pascal Siakam","1610612761","Toronto Raptors",2021,"0022000382","20210210",0.8,8.55,TRUE
1627783,"Pascal Siakam","1610612761","Toronto Raptors",2021,"0022000398","20210211",4.3,4.85,FALSE
1627783,"Pascal Siakam","1610612761","Toronto Raptors",2021,"0022000398","20210211",-0.8,6.25,TRUE
1627783,"Pascal Siakam","1610612761","Toronto Raptors",2021,"0022000398","20210211",2.1,6.75,TRUE
1627783,"Pascal Siakam","1610612761","Toronto Raptors",2021,"0022000398","20210211",-3.3,10.35,FALSE
1627783,"Pascal Siakam","1610612761","Toronto Raptors",2021,"0022000398","20210211",-23,16.85,TRUE
1627783,"Pascal Siakam","1610612761","Toronto Raptors",2021,"0022000398","20210211",-5.4,11.95,FALSE
1627783,"Pascal Siakam","1610612761","Toronto Raptors",2021,"0022000398","20210211",22.6,5.35,TRUE
1627783,"Pascal Siakam","1610612761","Toronto Raptors",2021,"0022000398","20210211",-11.5,27.25,FALSE
1627783,"Pascal Siakam","1610612761","Toronto Raptors",2021,"0022000398","20210211",-3.8,9.45,TRUE
1627783,"Pascal Siakam","1610612761","Toronto Raptors",2021,"0022000398","20210211",23.6,5.85,FALSE
1627783,"Pascal Siakam","1610612761","Toronto Raptors",2021,"0022000398","20210211",-4.3,7.85,FALSE
1627783,"Pascal Siakam","1610612761","Toronto Raptors",2021,"0022000398","20210211",0.7,8.45,TRUE
1627783,"Pascal Siakam","1610612761","Toronto Raptors",2021,"0022000398","20210211",1.8,7.95,TRUE
1627783,"Pascal Siakam","1610612761","Toronto Raptors",2021,"0022000398","20210211",3.3,12.85,TRUE
1627783,"Pascal Siakam","1610612761","Toronto Raptors",2021,"0022000413","20210214",2.3,4.95,FALSE
1627783,"Pascal Siakam","1610612761","Toronto Raptors",2021,"0022000413","20210214",-0.9,11.65,TRUE
1627783,"Pascal Siakam","1610612761","Toronto Raptors",2021,"0022000413","20210214",-1.1,6.55,FALSE
1627783,"Pascal Siakam","1610612761","Toronto Raptors",2021,"0022000413","20210214",-1.4,7.45,FALSE
1627783,"Pascal Siakam","1610612761","Toronto Raptors",2021,"0022000413","20210214",1.1,5.95,FALSE
1627783,"Pascal Siakam","1610612761","Toronto Raptors",2021,"0022000413","20210214",11.9,29.15,FALSE
1627783,"Pascal Siakam","1610612761","Toronto Raptors",2021,"0022000413","20210214",15.9,25.75,FALSE
1627783,"Pascal Siakam","1610612761","Toronto Raptors",2021,"0022000413","20210214",-1.4,6.55,TRUE
1627783,"Pascal Siakam","1610612761","Toronto Raptors",2021,"0022000413","20210214",0.4,7.25,TRUE
1627783,"Pascal Siakam","1610612761","Toronto Raptors",2021,"0022000413","20210214",-22.8,10.35,TRUE
1627783,"Pascal Siakam","1610612761","Toronto Raptors",2021,"0022000413","20210214",-1.3,7.25,FALSE
1627783,"Pascal Siakam","1610612761","Toronto Raptors",2021,"0022000413","20210214",2.7,7.85,FALSE
1627783,"Pascal Siakam","1610612761","Toronto Raptors",2021,"0022000413","20210214",-0.5,10.75,TRUE
1627783,"Pascal Siakam","1610612761","Toronto Raptors",2021,"0022000413","20210214",1.5,12.05,FALSE
1627783,"Pascal Siakam","1610612761","Toronto Raptors",2021,"0022000413","20210214",0.5,10.45,TRUE
1627783,"Pascal Siakam","1610612761","Toronto Raptors",2021,"0022000413","20210214",-0.3,8.95,FALSE
1627783,"Pascal Siakam","1610612761","Toronto Raptors",2021,"0022000413","20210214",-2.5,12.65,FALSE
1627783,"Pascal Siakam","1610612761","Toronto Raptors",2021,"0022000413","20210214",1.5,7.75,FALSE
1627783,"Pascal Siakam","1610612761","Toronto Raptors",2021,"0022000413","20210214",2.2,7.75,FALSE
1627783,"Pascal Siakam","1610612761","Toronto Raptors",2021,"0022000430","20210216",-6,6.25,FALSE
1627783,"Pascal Siakam","1610612761","Toronto Raptors",2021,"0022000430","20210216",3.3,23.25,TRUE
1627783,"Pascal Siakam","1610612761","Toronto Raptors",2021,"0022000430","20210216",1.7,32.65,FALSE
1627783,"Pascal Siakam","1610612761","Toronto Raptors",2021,"0022000430","20210216",-3.4,7.05,FALSE
1627783,"Pascal Siakam","1610612761","Toronto Raptors",2021,"0022000430","20210216",23,5.15,FALSE
1627783,"Pascal Siakam","1610612761","Toronto Raptors",2021,"0022000430","20210216",-4.2,8.55,FALSE
1627783,"Pascal Siakam","1610612761","Toronto Raptors",2021,"0022000430","20210216",0,5.25,FALSE
1627783,"Pascal Siakam","1610612761","Toronto Raptors",2021,"0022000430","20210216",-0.4,5.95,TRUE
1627783,"Pascal Siakam","1610612761","Toronto Raptors",2021,"0022000430","20210216",-5.4,11.65,FALSE
1627783,"Pascal Siakam","1610612761","Toronto Raptors",2021,"0022000430","20210216",7.7,30.35,TRUE
1627783,"Pascal Siakam","1610612761","Toronto Raptors",2021,"0022000430","20210216",7.9,31.25,TRUE
1627783,"Pascal Siakam","1610612761","Toronto Raptors",2021,"0022000430","20210216",-18.7,24.75,FALSE
1627783,"Pascal Siakam","1610612761","Toronto Raptors",2021,"0022000430","20210216",-9.9,21.35,TRUE
1627783,"Pascal Siakam","1610612761","Toronto Raptors",2021,"0022000430","20210216",-20.3,23.25,FALSE
1627783,"Pascal Siakam","1610612761","Toronto Raptors",2021,"0022000430","20210216",24.3,11.05,FALSE
1627783,"Pascal Siakam","1610612761","Toronto Raptors",2021,"0022000430","20210216",-0.9,8.45,FALSE
1627783,"Pascal Siakam","1610612761","Toronto Raptors",2021,"0022000430","20210216",-0.1,15.05,TRUE
1627783,"Pascal Siakam","1610612761","Toronto Raptors",2021,"0022000430","20210216",-0.8,14.85,FALSE
1627783,"Pascal Siakam","1610612761","Toronto Raptors",2021,"0022000430","20210216",-8.8,21.45,FALSE
1627783,"Pascal Siakam","1610612761","Toronto Raptors",2021,"0022000430","20210216",-4.4,10.05,FALSE
1627783,"Pascal Siakam","1610612761","Toronto Raptors",2021,"0022000430","20210216",0,5.25,TRUE
1627783,"Pascal Siakam","1610612761","Toronto Raptors",2021,"0022000430","20210216",0,8.25,TRUE
1627783,"Pascal Siakam","1610612761","Toronto Raptors",2021,"0022000430","20210216",-11.9,30.95,FALSE
1627783,"Pascal Siakam","1610612761","Toronto Raptors",2021,"0022000445","20210218",2.5,18.35,TRUE
1627783,"Pascal Siakam","1610612761","Toronto Raptors",2021,"0022000445","20210218",3.6,19.05,FALSE
1627783,"Pascal Siakam","1610612761","Toronto Raptors",2021,"0022000445","20210218",9.2,23.85,TRUE
1627783,"Pascal Siakam","1610612761","Toronto Raptors",2021,"0022000445","20210218",1.7,7.45,FALSE
1627783,"Pascal Siakam","1610612761","Toronto Raptors",2021,"0022000445","20210218",0.1,10.75,FALSE
1627783,"Pascal Siakam","1610612761","Toronto Raptors",2021,"0022000445","20210218",-2.4,22.25,FALSE
1627783,"Pascal Siakam","1610612761","Toronto Raptors",2021,"0022000445","20210218",-1.4,5.85,TRUE
1627783,"Pascal Siakam","1610612761","Toronto Raptors",2021,"0022000445","20210218",1.2,13.65,FALSE
1627783,"Pascal Siakam","1610612761","Toronto Raptors",2021,"0022000445","20210218",4,31.65,TRUE
1627783,"Pascal Siakam","1610612761","Toronto Raptors",2021,"0022000445","20210218",-15.4,24.95,TRUE
1627783,"Pascal Siakam","1610612761","Toronto Raptors",2021,"0022000445","20210218",0,8.35,FALSE
1627783,"Pascal Siakam","1610612761","Toronto Raptors",2021,"0022000445","20210218",-4.9,30.65,FALSE
1627783,"Pascal Siakam","1610612761","Toronto Raptors",2021,"0022000445","20210218",-0.7,22.15,TRUE
1627783,"Pascal Siakam","1610612761","Toronto Raptors",2021,"0022000445","20210218",-6.5,15.35,TRUE
1627783,"Pascal Siakam","1610612761","Toronto Raptors",2021,"0022000445","20210218",-19.9,26.05,FALSE
1627783,"Pascal Siakam","1610612761","Toronto Raptors",2021,"0022000445","20210218",-0.1,6.65,TRUE
1627783,"Pascal Siakam","1610612761","Toronto Raptors",2021,"0022000445","20210218",10.9,15.35,FALSE
1627783,"Pascal Siakam","1610612761","Toronto Raptors",2021,"0022000445","20210218",0.2,5.85,TRUE
1627783,"Pascal Siakam","1610612761","Toronto Raptors",2021,"0022000454","20210219",-0.4,5.65,TRUE
1627783,"Pascal Siakam","1610612761","Toronto Raptors",2021,"0022000454","20210219",-13.4,27.05,FALSE
1627783,"Pascal Siakam","1610612761","Toronto Raptors",2021,"0022000454","20210219",2.1,5.85,FALSE
1627783,"Pascal Siakam","1610612761","Toronto Raptors",2021,"0022000454","20210219",-19.7,21.85,FALSE
1627783,"Pascal Siakam","1610612761","Toronto Raptors",2021,"0022000454","20210219",0.3,6.25,FALSE
1627783,"Pascal Siakam","1610612761","Toronto Raptors",2021,"0022000454","20210219",2.2,6.25,FALSE
1627783,"Pascal Siakam","1610612761","Toronto Raptors",2021,"0022000454","20210219",-2,7.85,FALSE
1627783,"Pascal Siakam","1610612761","Toronto Raptors",2021,"0022000454","20210219",0,5.25,TRUE
1627783,"Pascal Siakam","1610612761","Toronto Raptors",2021,"0022000454","20210219",-0.5,6.15,TRUE
1627783,"Pascal Siakam","1610612761","Toronto Raptors",2021,"0022000454","20210219",0.2,5.65,TRUE
1627783,"Pascal Siakam","1610612761","Toronto Raptors",2021,"0022000468","20210221",0.6,8.45,FALSE
1627783,"Pascal Siakam","1610612761","Toronto Raptors",2021,"0022000468","20210221",4.7,31.95,FALSE
1627783,"Pascal Siakam","1610612761","Toronto Raptors",2021,"0022000468","20210221",16.5,11.15,TRUE
1627783,"Pascal Siakam","1610612761","Toronto Raptors",2021,"0022000468","20210221",0.2,10.75,TRUE
1627783,"Pascal Siakam","1610612761","Toronto Raptors",2021,"0022000468","20210221",4.4,6.85,TRUE
1627783,"Pascal Siakam","1610612761","Toronto Raptors",2021,"0022000468","20210221",1.1,16.45,TRUE
1627783,"Pascal Siakam","1610612761","Toronto Raptors",2021,"0022000468","20210221",-19.8,23.15,TRUE
1627783,"Pascal Siakam","1610612761","Toronto Raptors",2021,"0022000468","20210221",12.6,20.95,FALSE
1627783,"Pascal Siakam","1610612761","Toronto Raptors",2021,"0022000468","20210221",0.3,25.85,TRUE
1627783,"Pascal Siakam","1610612761","Toronto Raptors",2021,"0022000468","20210221",1.6,17.85,FALSE
1627783,"Pascal Siakam","1610612761","Toronto Raptors",2021,"0022000468","20210221",-2.5,8.05,FALSE
1627783,"Pascal Siakam","1610612761","Toronto Raptors",2021,"0022000468","20210221",3.9,18.85,FALSE
1627783,"Pascal Siakam","1610612761","Toronto Raptors",2021,"0022000468","20210221",2.4,5.25,FALSE
1627783,"Pascal Siakam","1610612761","Toronto Raptors",2021,"0022000468","20210221",-0.3,6.85,TRUE
1627783,"Pascal Siakam","1610612761","Toronto Raptors",2021,"0022000468","20210221",21,19.25,FALSE
1627783,"Pascal Siakam","1610612761","Toronto Raptors",2021,"0022000468","20210221",0,7.15,TRUE
1627783,"Pascal Siakam","1610612761","Toronto Raptors",2021,"0022000468","20210221",-3,6.35,FALSE
1627783,"Pascal Siakam","1610612761","Toronto Raptors",2021,"0022000468","20210221",6.9,21.95,FALSE
1627783,"Pascal Siakam","1610612761","Toronto Raptors",2021,"0022000484","20210223",-20,21.55,FALSE
1627783,"Pascal Siakam","1610612761","Toronto Raptors",2021,"0022000484","20210223",-3.2,12.55,FALSE
1627783,"Pascal Siakam","1610612761","Toronto Raptors",2021,"0022000484","20210223",5.4,6.85,TRUE
1627783,"Pascal Siakam","1610612761","Toronto Raptors",2021,"0022000484","20210223",-23.6,3.65,FALSE
1627783,"Pascal Siakam","1610612761","Toronto Raptors",2021,"0022000484","20210223",-0.5,10.65,TRUE
1627783,"Pascal Siakam","1610612761","Toronto Raptors",2021,"0022000484","20210223",0,13.25,FALSE
1627783,"Pascal Siakam","1610612761","Toronto Raptors",2021,"0022000484","20210223",1.7,7.55,TRUE
1627783,"Pascal Siakam","1610612761","Toronto Raptors",2021,"0022000484","20210223",-0.6,6.95,TRUE
1627783,"Pascal Siakam","1610612761","Toronto Raptors",2021,"0022000484","20210223",1.4,33.65,FALSE
1627783,"Pascal Siakam","1610612761","Toronto Raptors",2021,"0022000484","20210223",-11.7,20.95,FALSE
1627783,"Pascal Siakam","1610612761","Toronto Raptors",2021,"0022000484","20210223",-9.7,28.95,FALSE
1627783,"Pascal Siakam","1610612761","Toronto Raptors",2021,"0022000484","20210223",-1.1,7.25,TRUE
1627783,"Pascal Siakam","1610612761","Toronto Raptors",2021,"0022000484","20210223",6.9,29.35,FALSE
1627783,"Pascal Siakam","1610612761","Toronto Raptors",2021,"0022000484","20210223",4.2,6.55,FALSE
1627783,"Pascal Siakam","1610612761","Toronto Raptors",2021,"0022000484","20210223",17.3,24.75,TRUE
1627783,"Pascal Siakam","1610612761","Toronto Raptors",2021,"0022000484","20210223",-1.4,6.35,TRUE
1627783,"Pascal Siakam","1610612761","Toronto Raptors",2021,"0022000484","20210223",-0.2,7.65,TRUE
1627783,"Pascal Siakam","1610612761","Toronto Raptors",2021,"0022000484","20210223",1.6,5.65,TRUE
1627783,"Pascal Siakam","1610612761","Toronto Raptors",2021,"0022000492","20210224",0.2,23.75,FALSE
1627783,"Pascal Siakam","1610612761","Toronto Raptors",2021,"0022000492","20210224",-5.7,31.55,TRUE
1627783,"Pascal Siakam","1610612761","Toronto Raptors",2021,"0022000492","20210224",14.9,28.25,FALSE
1627783,"Pascal Siakam","1610612761","Toronto Raptors",2021,"0022000492","20210224",4,8.45,FALSE
1627783,"Pascal Siakam","1610612761","Toronto Raptors",2021,"0022000492","20210224",5.5,11.95,FALSE
1627783,"Pascal Siakam","1610612761","Toronto Raptors",2021,"0022000492","20210224",-23.1,13.55,FALSE
1627783,"Pascal Siakam","1610612761","Toronto Raptors",2021,"0022000523","20210408",3.6,5.65,TRUE
1627783,"Pascal Siakam","1610612761","Toronto Raptors",2021,"0022000523","20210408",-10.9,28.25,FALSE
1627783,"Pascal Siakam","1610612761","Toronto Raptors",2021,"0022000523","20210408",5.5,22.15,FALSE
1627783,"Pascal Siakam","1610612761","Toronto Raptors",2021,"0022000523","20210408",-2,6.85,TRUE
1627783,"Pascal Siakam","1610612761","Toronto Raptors",2021,"0022000523","20210408",-1.9,7.95,FALSE
1627783,"Pascal Siakam","1610612761","Toronto Raptors",2021,"0022000523","20210408",-7.4,29.75,TRUE
1627783,"Pascal Siakam","1610612761","Toronto Raptors",2021,"0022000523","20210408",1.1,5.75,TRUE
1627783,"Pascal Siakam","1610612761","Toronto Raptors",2021,"0022000523","20210408",-3.4,6.85,TRUE
1627783,"Pascal Siakam","1610612761","Toronto Raptors",2021,"0022000523","20210408",3,7.85,TRUE
1627783,"Pascal Siakam","1610612761","Toronto Raptors",2021,"0022000523","20210408",-2.9,7.55,TRUE
1627783,"Pascal Siakam","1610612761","Toronto Raptors",2021,"0022000523","20210408",1.1,7.45,FALSE
1627783,"Pascal Siakam","1610612761","Toronto Raptors",2021,"0022000523","20210408",-3.1,6.75,TRUE
1627783,"Pascal Siakam","1610612761","Toronto Raptors",2021,"0022000523","20210408",-2.9,6.05,TRUE
1627783,"Pascal Siakam","1610612761","Toronto Raptors",2021,"0022000523","20210408",-2.9,7.05,FALSE
1627783,"Pascal Siakam","1610612761","Toronto Raptors",2021,"0022000523","20210408",-0.5,7.45,TRUE
1627783,"Pascal Siakam","1610612761","Toronto Raptors",2021,"0022000523","20210408",-4.4,7.75,FALSE
1627783,"Pascal Siakam","1610612761","Toronto Raptors",2021,"0022000523","20210408",-0.6,9.05,FALSE
1627783,"Pascal Siakam","1610612761","Toronto Raptors",2021,"0022000616","20210317",-4.1,18.25,TRUE
1627783,"Pascal Siakam","1610612761","Toronto Raptors",2021,"0022000616","20210317",-0.7,8.95,FALSE
1627783,"Pascal Siakam","1610612761","Toronto Raptors",2021,"0022000616","20210317",2.4,10.35,FALSE
1627783,"Pascal Siakam","1610612761","Toronto Raptors",2021,"0022000616","20210317",17.3,23.15,FALSE
1627783,"Pascal Siakam","1610612761","Toronto Raptors",2021,"0022000616","20210317",1.6,9.65,FALSE
1627783,"Pascal Siakam","1610612761","Toronto Raptors",2021,"0022000616","20210317",-1.6,6.75,TRUE
1627783,"Pascal Siakam","1610612761","Toronto Raptors",2021,"0022000616","20210317",-3.1,7.45,FALSE
1627783,"Pascal Siakam","1610612761","Toronto Raptors",2021,"0022000616","20210317",-3.8,6.25,FALSE
1627783,"Pascal Siakam","1610612761","Toronto Raptors",2021,"0022000616","20210317",-3.2,6.45,TRUE
1627783,"Pascal Siakam","1610612761","Toronto Raptors",2021,"0022000616","20210317",-23,9.05,FALSE
1627783,"Pascal Siakam","1610612761","Toronto Raptors",2021,"0022000616","20210317",19.5,23.25,FALSE
1627783,"Pascal Siakam","1610612761","Toronto Raptors",2021,"0022000634","20210319",7.3,22.65,FALSE
1627783,"Pascal Siakam","1610612761","Toronto Raptors",2021,"0022000634","20210319",23.7,7.75,FALSE
1627783,"Pascal Siakam","1610612761","Toronto Raptors",2021,"0022000634","20210319",2.9,9.75,FALSE
1627783,"Pascal Siakam","1610612761","Toronto Raptors",2021,"0022000634","20210319",-3.5,9.25,FALSE
1627783,"Pascal Siakam","1610612761","Toronto Raptors",2021,"0022000634","20210319",-0.2,30.95,TRUE
1627783,"Pascal Siakam","1610612761","Toronto Raptors",2021,"0022000634","20210319",-0.2,9.45,TRUE
1627783,"Pascal Siakam","1610612761","Toronto Raptors",2021,"0022000634","20210319",-9.3,10.35,FALSE
1627783,"Pascal Siakam","1610612761","Toronto Raptors",2021,"0022000634","20210319",1.6,21.75,TRUE
1627783,"Pascal Siakam","1610612761","Toronto Raptors",2021,"0022000634","20210319",20.8,21.25,TRUE
1627783,"Pascal Siakam","1610612761","Toronto Raptors",2021,"0022000634","20210319",22.3,13.35,FALSE
1627783,"Pascal Siakam","1610612761","Toronto Raptors",2021,"0022000634","20210319",-3.8,6.95,TRUE
1627783,"Pascal Siakam","1610612761","Toronto Raptors",2021,"0022000634","20210319",-1.6,31.25,TRUE
1627783,"Pascal Siakam","1610612761","Toronto Raptors",2021,"0022000634","20210319",-4.9,20.75,FALSE
1627783,"Pascal Siakam","1610612761","Toronto Raptors",2021,"0022000634","20210319",-14.4,14.25,FALSE
1627783,"Pascal Siakam","1610612761","Toronto Raptors",2021,"0022000634","20210319",23.2,6.55,FALSE
1627783,"Pascal Siakam","1610612761","Toronto Raptors",2021,"0022000634","20210319",17.9,25.65,FALSE
1627783,"Pascal Siakam","1610612761","Toronto Raptors",2021,"0022000634","20210319",-2.6,7.75,TRUE
1627783,"Pascal Siakam","1610612761","Toronto Raptors",2021,"0022000634","20210319",15.5,25.75,TRUE
1627783,"Pascal Siakam","1610612761","Toronto Raptors",2021,"0022000634","20210319",10.5,30.35,FALSE
1627783,"Pascal Siakam","1610612761","Toronto Raptors",2021,"0022000634","20210319",9.3,13.55,FALSE
1627783,"Pascal Siakam","1610612761","Toronto Raptors",2021,"0022000634","20210319",-5.7,9.15,TRUE
1627783,"Pascal Siakam","1610612761","Toronto Raptors",2021,"0022000634","20210319",18.8,22.25,FALSE
1627783,"Pascal Siakam","1610612761","Toronto Raptors",2021,"0022000648","20210321",1,5.85,FALSE
1627783,"Pascal Siakam","1610612761","Toronto Raptors",2021,"0022000648","20210321",1.5,14.45,FALSE
1627783,"Pascal Siakam","1610612761","Toronto Raptors",2021,"0022000648","20210321",-5.5,14.85,TRUE
1627783,"Pascal Siakam","1610612761","Toronto Raptors",2021,"0022000648","20210321",0.9,7.65,FALSE
1627783,"Pascal Siakam","1610612761","Toronto Raptors",2021,"0022000648","20210321",-22.6,7.45,TRUE
1627783,"Pascal Siakam","1610612761","Toronto Raptors",2021,"0022000648","20210321",-4.1,17.25,TRUE
1627783,"Pascal Siakam","1610612761","Toronto Raptors",2021,"0022000648","20210321",0,5.25,TRUE
1627783,"Pascal Siakam","1610612761","Toronto Raptors",2021,"0022000648","20210321",-4.4,30.95,FALSE
1627783,"Pascal Siakam","1610612761","Toronto Raptors",2021,"0022000648","20210321",-1.1,6.65,FALSE
1627783,"Pascal Siakam","1610612761","Toronto Raptors",2021,"0022000648","20210321",-3.1,10.45,FALSE
1627783,"Pascal Siakam","1610612761","Toronto Raptors",2021,"0022000648","20210321",-13.3,6.55,FALSE
1627783,"Pascal Siakam","1610612761","Toronto Raptors",2021,"0022000648","20210321",-23.1,3.35,FALSE
1627783,"Pascal Siakam","1610612761","Toronto Raptors",2021,"0022000657","20210322",8.7,20.45,FALSE
1627783,"Pascal Siakam","1610612761","Toronto Raptors",2021,"0022000657","20210322",2.2,6.25,TRUE
1627783,"Pascal Siakam","1610612761","Toronto Raptors",2021,"0022000657","20210322",3,15.05,TRUE
1627783,"Pascal Siakam","1610612761","Toronto Raptors",2021,"0022000657","20210322",0.4,5.65,TRUE
1627783,"Pascal Siakam","1610612761","Toronto Raptors",2021,"0022000657","20210322",23.9,5.85,FALSE
1627783,"Pascal Siakam","1610612761","Toronto Raptors",2021,"0022000657","20210322",-8.2,10.25,FALSE
1627783,"Pascal Siakam","1610612761","Toronto Raptors",2021,"0022000657","20210322",-3.5,9.45,TRUE
1627783,"Pascal Siakam","1610612761","Toronto Raptors",2021,"0022000657","20210322",14.6,27.35,TRUE
1627783,"Pascal Siakam","1610612761","Toronto Raptors",2021,"0022000657","20210322",1.3,6.95,TRUE
1627783,"Pascal Siakam","1610612761","Toronto Raptors",2021,"0022000657","20210322",15,26.65,FALSE
1627783,"Pascal Siakam","1610612761","Toronto Raptors",2021,"0022000657","20210322",6.3,13.65,TRUE
1627783,"Pascal Siakam","1610612761","Toronto Raptors",2021,"0022000657","20210322",-2,11.55,FALSE
1627783,"Pascal Siakam","1610612761","Toronto Raptors",2021,"0022000657","20210322",-2.7,9.35,FALSE
1627783,"Pascal Siakam","1610612761","Toronto Raptors",2021,"0022000657","20210322",-5.1,15.25,TRUE
1627783,"Pascal Siakam","1610612761","Toronto Raptors",2021,"0022000657","20210322",6.2,14.35,FALSE
1627783,"Pascal Siakam","1610612761","Toronto Raptors",2021,"0022000657","20210322",0.9,6.95,TRUE
1627783,"Pascal Siakam","1610612761","Toronto Raptors",2021,"0022000657","20210322",-0.3,12.15,FALSE
1627783,"Pascal Siakam","1610612761","Toronto Raptors",2021,"0022000657","20210322",0.8,7.75,FALSE
1627783,"Pascal Siakam","1610612761","Toronto Raptors",2021,"0022000668","20210324",-14.5,26.75,TRUE
1627783,"Pascal Siakam","1610612761","Toronto Raptors",2021,"0022000668","20210324",-8.2,30.45,TRUE
1627783,"Pascal Siakam","1610612761","Toronto Raptors",2021,"0022000668","20210324",-2.5,6.85,TRUE
1627783,"Pascal Siakam","1610612761","Toronto Raptors",2021,"0022000668","20210324",-2.5,6.25,TRUE
1627783,"Pascal Siakam","1610612761","Toronto Raptors",2021,"0022000668","20210324",-0.4,8.85,FALSE
1627783,"Pascal Siakam","1610612761","Toronto Raptors",2021,"0022000668","20210324",-23.1,9.35,FALSE
1627783,"Pascal Siakam","1610612761","Toronto Raptors",2021,"0022000668","20210324",3.2,31.45,TRUE
1627783,"Pascal Siakam","1610612761","Toronto Raptors",2021,"0022000668","20210324",1.8,31.95,FALSE
1627783,"Pascal Siakam","1610612761","Toronto Raptors",2021,"0022000668","20210324",-3.5,6.55,FALSE
1627783,"Pascal Siakam","1610612761","Toronto Raptors",2021,"0022000668","20210324",1.1,7.05,FALSE
1627783,"Pascal Siakam","1610612761","Toronto Raptors",2021,"0022000668","20210324",-3,6.25,TRUE
1627783,"Pascal Siakam","1610612761","Toronto Raptors",2021,"0022000668","20210324",-0.5,30.55,FALSE
1627783,"Pascal Siakam","1610612761","Toronto Raptors",2021,"0022000668","20210324",-1.8,31.25,FALSE
1627783,"Pascal Siakam","1610612761","Toronto Raptors",2021,"0022000668","20210324",2,6.75,FALSE
1627783,"Pascal Siakam","1610612761","Toronto Raptors",2021,"0022000668","20210324",-1.8,5.25,TRUE
1627783,"Pascal Siakam","1610612761","Toronto Raptors",2021,"0022000668","20210324",0.2,7.25,TRUE
1627783,"Pascal Siakam","1610612761","Toronto Raptors",2021,"0022000684","20210326",2.9,30.85,FALSE
1627783,"Pascal Siakam","1610612761","Toronto Raptors",2021,"0022000684","20210326",2.1,5.15,TRUE
1627783,"Pascal Siakam","1610612761","Toronto Raptors",2021,"0022000684","20210326",22.7,6.35,FALSE
1627783,"Pascal Siakam","1610612761","Toronto Raptors",2021,"0022000684","20210326",-0.3,22.85,TRUE
1627783,"Pascal Siakam","1610612761","Toronto Raptors",2021,"0022000684","20210326",17.9,16.85,TRUE
1627783,"Pascal Siakam","1610612761","Toronto Raptors",2021,"0022000684","20210326",-7.3,30.85,FALSE
1627783,"Pascal Siakam","1610612761","Toronto Raptors",2021,"0022000684","20210326",-9,10.95,TRUE
1627783,"Pascal Siakam","1610612761","Toronto Raptors",2021,"0022000684","20210326",-3.2,12.35,TRUE
1627783,"Pascal Siakam","1610612761","Toronto Raptors",2021,"0022000684","20210326",22.5,10.45,FALSE
1627783,"Pascal Siakam","1610612761","Toronto Raptors",2021,"0022000684","20210326",-0.7,29.75,FALSE
1627783,"Pascal Siakam","1610612761","Toronto Raptors",2021,"0022000684","20210326",1.4,6.95,TRUE
1627783,"Pascal Siakam","1610612761","Toronto Raptors",2021,"0022000684","20210326",2,8.05,FALSE
1627783,"Pascal Siakam","1610612761","Toronto Raptors",2021,"0022000684","20210326",8.8,16.15,TRUE
1627783,"Pascal Siakam","1610612761","Toronto Raptors",2021,"0022000684","20210326",-9.3,17.45,FALSE
1627783,"Pascal Siakam","1610612761","Toronto Raptors",2021,"0022000684","20210326",-0.8,8.85,TRUE
1627783,"Pascal Siakam","1610612761","Toronto Raptors",2021,"0022000684","20210326",-2.6,11.25,FALSE
1627783,"Pascal Siakam","1610612761","Toronto Raptors",2021,"0022000684","20210326",7.8,30.45,FALSE
1627783,"Pascal Siakam","1610612761","Toronto Raptors",2021,"0022000704","20210328",7.2,9.45,FALSE
1627783,"Pascal Siakam","1610612761","Toronto Raptors",2021,"0022000704","20210328",-6,7.95,TRUE
1627783,"Pascal Siakam","1610612761","Toronto Raptors",2021,"0022000704","20210328",4.3,24.25,FALSE
1627783,"Pascal Siakam","1610612761","Toronto Raptors",2021,"0022000704","20210328",-23.6,10.95,TRUE
1627783,"Pascal Siakam","1610612761","Toronto Raptors",2021,"0022000704","20210328",-4,8.95,TRUE
1627783,"Pascal Siakam","1610612761","Toronto Raptors",2021,"0022000704","20210328",-3.3,6.25,TRUE
1627783,"Pascal Siakam","1610612761","Toronto Raptors",2021,"0022000704","20210328",22.5,13.55,TRUE
1627783,"Pascal Siakam","1610612761","Toronto Raptors",2021,"0022000704","20210328",5.1,12.55,FALSE
1627783,"Pascal Siakam","1610612761","Toronto Raptors",2021,"0022000704","20210328",-3.3,7.25,FALSE
1627783,"Pascal Siakam","1610612761","Toronto Raptors",2021,"0022000704","20210328",3,6.95,TRUE
1627783,"Pascal Siakam","1610612761","Toronto Raptors",2021,"0022000704","20210328",2.1,9.75,TRUE
1627783,"Pascal Siakam","1610612761","Toronto Raptors",2021,"0022000704","20210328",6.3,31.55,FALSE
1627783,"Pascal Siakam","1610612761","Toronto Raptors",2021,"0022000704","20210328",-4.6,9.75,FALSE
1627783,"Pascal Siakam","1610612761","Toronto Raptors",2021,"0022000704","20210328",-2,7.95,FALSE
1627783,"Pascal Siakam","1610612761","Toronto Raptors",2021,"0022000704","20210328",2.1,5.55,FALSE
1627783,"Pascal Siakam","1610612761","Toronto Raptors",2021,"0022000704","20210328",-1.9,5.35,TRUE
1627783,"Pascal Siakam","1610612761","Toronto Raptors",2021,"0022000711","20210329",-20.9,20.25,FALSE
1627783,"Pascal Siakam","1610612761","Toronto Raptors",2021,"0022000711","20210329",-8.4,8.15,FALSE
1627783,"Pascal Siakam","1610612761","Toronto Raptors",2021,"0022000711","20210329",-9.2,5.75,FALSE
1627783,"Pascal Siakam","1610612761","Toronto Raptors",2021,"0022000711","20210329",-22.6,3.55,FALSE
1627783,"Pascal Siakam","1610612761","Toronto Raptors",2021,"0022000711","20210329",0.6,12.75,FALSE
1627783,"Pascal Siakam","1610612761","Toronto Raptors",2021,"0022000711","20210329",-1.1,10.85,TRUE
1627783,"Pascal Siakam","1610612761","Toronto Raptors",2021,"0022000711","20210329",-1,17.35,FALSE
1627783,"Pascal Siakam","1610612761","Toronto Raptors",2021,"0022000711","20210329",-17.3,25.65,FALSE
1627783,"Pascal Siakam","1610612761","Toronto Raptors",2021,"0022000711","20210329",-4.7,8.05,TRUE
1627783,"Pascal Siakam","1610612761","Toronto Raptors",2021,"0022000711","20210329",0.7,9.15,FALSE
1627783,"Pascal Siakam","1610612761","Toronto Raptors",2021,"0022000711","20210329",4.6,8.05,TRUE
1627783,"Pascal Siakam","1610612761","Toronto Raptors",2021,"0022000711","20210329",-3.1,7.55,TRUE
1627783,"Pascal Siakam","1610612761","Toronto Raptors",2021,"0022000711","20210329",6.6,16.15,FALSE
1627783,"Pascal Siakam","1610612761","Toronto Raptors",2021,"0022000711","20210329",-2.2,4.75,TRUE
1627783,"Pascal Siakam","1610612761","Toronto Raptors",2021,"0022000727","20210331",-4.7,9.45,FALSE
1627783,"Pascal Siakam","1610612761","Toronto Raptors",2021,"0022000727","20210331",20.4,17.85,TRUE
1627783,"Pascal Siakam","1610612761","Toronto Raptors",2021,"0022000727","20210331",-1.4,7.85,TRUE
1627783,"Pascal Siakam","1610612761","Toronto Raptors",2021,"0022000727","20210331",-1.5,8.95,FALSE
1627783,"Pascal Siakam","1610612761","Toronto Raptors",2021,"0022000727","20210331",3,6.85,FALSE
1627783,"Pascal Siakam","1610612761","Toronto Raptors",2021,"0022000727","20210331",0.2,12.45,FALSE
1627783,"Pascal Siakam","1610612761","Toronto Raptors",2021,"0022000727","20210331",-22.5,7.15,FALSE
1627783,"Pascal Siakam","1610612761","Toronto Raptors",2021,"0022000727","20210331",0.3,9.45,FALSE
1627783,"Pascal Siakam","1610612761","Toronto Raptors",2021,"0022000727","20210331",-19.7,22.15,FALSE
1627783,"Pascal Siakam","1610612761","Toronto Raptors",2021,"0022000737","20210402",-19.9,19.65,FALSE
1627783,"Pascal Siakam","1610612761","Toronto Raptors",2021,"0022000737","20210402",-8.7,7.25,TRUE
1627783,"Pascal Siakam","1610612761","Toronto Raptors",2021,"0022000737","20210402",-8.2,5.85,TRUE
1627783,"Pascal Siakam","1610612761","Toronto Raptors",2021,"0022000737","20210402",-1.3,8.95,TRUE
1627783,"Pascal Siakam","1610612761","Toronto Raptors",2021,"0022000737","20210402",4.1,9.55,TRUE
1627783,"Pascal Siakam","1610612761","Toronto Raptors",2021,"0022000737","20210402",-5.8,9.65,FALSE
1627783,"Pascal Siakam","1610612761","Toronto Raptors",2021,"0022000737","20210402",1.9,5.15,FALSE
1627783,"Pascal Siakam","1610612761","Toronto Raptors",2021,"0022000737","20210402",4.4,8.05,TRUE
1627783,"Pascal Siakam","1610612761","Toronto Raptors",2021,"0022000737","20210402",3,6.85,FALSE
1627783,"Pascal Siakam","1610612761","Toronto Raptors",2021,"0022000737","20210402",-7.4,24.55,TRUE
1627783,"Pascal Siakam","1610612761","Toronto Raptors",2021,"0022000737","20210402",-8.7,29.45,FALSE
1627783,"Pascal Siakam","1610612761","Toronto Raptors",2021,"0022000737","20210402",-22.3,10.95,TRUE
1627783,"Pascal Siakam","1610612761","Toronto Raptors",2021,"0022000737","20210402",14.3,27.75,FALSE
1627783,"Pascal Siakam","1610612761","Toronto Raptors",2021,"0022000737","20210402",-2.1,7.05,TRUE
1627783,"Pascal Siakam","1610612761","Toronto Raptors",2021,"0022000737","20210402",4.3,9.05,FALSE
1627783,"Pascal Siakam","1610612761","Toronto Raptors",2021,"0022000737","20210402",-0.3,6.55,FALSE
1627783,"Pascal Siakam","1610612761","Toronto Raptors",2021,"0022000737","20210402",0.2,9.55,TRUE
1627783,"Pascal Siakam","1610612761","Toronto Raptors",2021,"0022000737","20210402",-13.1,19.85,TRUE
1627783,"Pascal Siakam","1610612761","Toronto Raptors",2021,"0022000737","20210402",-20.9,20.75,TRUE
1627783,"Pascal Siakam","1610612761","Toronto Raptors",2021,"0022000737","20210402",23.2,3.55,FALSE
1627783,"Pascal Siakam","1610612761","Toronto Raptors",2021,"0022000737","20210402",-5.1,9.55,TRUE
1627783,"Pascal Siakam","1610612761","Toronto Raptors",2021,"0022000737","20210402",-23,5.65,TRUE
1627783,"Pascal Siakam","1610612761","Toronto Raptors",2021,"0022000737","20210402",-11.1,29.25,TRUE
1627783,"Pascal Siakam","1610612761","Toronto Raptors",2021,"0022000737","20210402",21.6,19.85,FALSE
1627783,"Pascal Siakam","1610612761","Toronto Raptors",2021,"0022000763","20210405",-4.8,7.05,FALSE
1627783,"Pascal Siakam","1610612761","Toronto Raptors",2021,"0022000763","20210405",10.1,11.65,FALSE
1627783,"Pascal Siakam","1610612761","Toronto Raptors",2021,"0022000763","20210405",12.2,29.65,FALSE
1627783,"Pascal Siakam","1610612761","Toronto Raptors",2021,"0022000763","20210405",0,9.05,TRUE
1627783,"Pascal Siakam","1610612761","Toronto Raptors",2021,"0022000763","20210405",-3.2,5.35,TRUE
1627783,"Pascal Siakam","1610612761","Toronto Raptors",2021,"0022000763","20210405",2.4,6.35,TRUE
1627783,"Pascal Siakam","1610612761","Toronto Raptors",2021,"0022000763","20210405",-3.2,4.85,TRUE
1627783,"Pascal Siakam","1610612761","Toronto Raptors",2021,"0022000763","20210405",-2.4,5.95,TRUE
1627783,"Pascal Siakam","1610612761","Toronto Raptors",2021,"0022000763","20210405",-0.2,10.55,TRUE
1627783,"Pascal Siakam","1610612761","Toronto Raptors",2021,"0022000763","20210405",1.3,8.45,TRUE
1627783,"Pascal Siakam","1610612761","Toronto Raptors",2021,"0022000763","20210405",19,24.55,FALSE
1627783,"Pascal Siakam","1610612761","Toronto Raptors",2021,"0022000763","20210405",-2,5.45,TRUE
1627783,"Pascal Siakam","1610612761","Toronto Raptors",2021,"0022000763","20210405",0.3,7.15,TRUE
1627783,"Pascal Siakam","1610612761","Toronto Raptors",2021,"0022000763","20210405",17.6,25.65,FALSE
1627783,"Pascal Siakam","1610612761","Toronto Raptors",2021,"0022000763","20210405",-19.6,59.25,FALSE
1627783,"Pascal Siakam","1610612761","Toronto Raptors",2021,"0022000763","20210405",-3,9.45,TRUE
1627783,"Pascal Siakam","1610612761","Toronto Raptors",2021,"0022000772","20210406",13.9,7.75,FALSE
1627783,"Pascal Siakam","1610612761","Toronto Raptors",2021,"0022000772","20210406",-13.6,9.95,FALSE
1627783,"Pascal Siakam","1610612761","Toronto Raptors",2021,"0022000772","20210406",1.8,6.45,TRUE
1627783,"Pascal Siakam","1610612761","Toronto Raptors",2021,"0022000772","20210406",18.7,22.75,FALSE
1627783,"Pascal Siakam","1610612761","Toronto Raptors",2021,"0022000772","20210406",-4.4,7.85,FALSE
1627783,"Pascal Siakam","1610612761","Toronto Raptors",2021,"0022000772","20210406",-2,5.75,TRUE
1627783,"Pascal Siakam","1610612761","Toronto Raptors",2021,"0022000772","20210406",-6.8,4.45,FALSE
1627783,"Pascal Siakam","1610612761","Toronto Raptors",2021,"0022000772","20210406",-4.6,7.05,FALSE
1627783,"Pascal Siakam","1610612761","Toronto Raptors",2021,"0022000772","20210406",0,5.25,FALSE
1627783,"Pascal Siakam","1610612761","Toronto Raptors",2021,"0022000772","20210406",3.2,9.05,FALSE
1627783,"Pascal Siakam","1610612761","Toronto Raptors",2021,"0022000772","20210406",-19.2,21.75,FALSE
1627783,"Pascal Siakam","1610612761","Toronto Raptors",2021,"0022000772","20210406",18.7,27.15,FALSE
1627783,"Pascal Siakam","1610612761","Toronto Raptors",2021,"0022000772","20210406",2.9,5.75,TRUE
1627783,"Pascal Siakam","1610612761","Toronto Raptors",2021,"0022000772","20210406",-17.7,22.95,FALSE
1627783,"Pascal Siakam","1610612761","Toronto Raptors",2021,"0022000772","20210406",-2.5,10.25,FALSE
1627783,"Pascal Siakam","1610612761","Toronto Raptors",2021,"0022000772","20210406",-0.2,30.95,FALSE
1627783,"Pascal Siakam","1610612761","Toronto Raptors",2021,"0022000772","20210406",0,5.25,TRUE
1627783,"Pascal Siakam","1610612761","Toronto Raptors",2021,"0022000772","20210406",0,5.25,TRUE
1627783,"Pascal Siakam","1610612761","Toronto Raptors",2021,"0022000772","20210406",-1.2,15.55,TRUE
1627783,"Pascal Siakam","1610612761","Toronto Raptors",2021,"0022000772","20210406",23.4,4.65,FALSE
1627783,"Pascal Siakam","1610612761","Toronto Raptors",2021,"0022000772","20210406",-0.9,8.35,TRUE
1627783,"Pascal Siakam","1610612761","Toronto Raptors",2021,"0022000809","20210411",6.3,10.35,FALSE
1627783,"Pascal Siakam","1610612761","Toronto Raptors",2021,"0022000809","20210411",-7.2,14.75,FALSE
1627783,"Pascal Siakam","1610612761","Toronto Raptors",2021,"0022000809","20210411",18.2,24.45,FALSE
1627783,"Pascal Siakam","1610612761","Toronto Raptors",2021,"0022000809","20210411",20,21.45,FALSE
1627783,"Pascal Siakam","1610612761","Toronto Raptors",2021,"0022000809","20210411",6.4,29.25,FALSE
1627783,"Pascal Siakam","1610612761","Toronto Raptors",2021,"0022000809","20210411",1.4,12.75,FALSE
1627783,"Pascal Siakam","1610612761","Toronto Raptors",2021,"0022000809","20210411",-0.6,7.25,FALSE
1627783,"Pascal Siakam","1610612761","Toronto Raptors",2021,"0022000809","20210411",-6.5,21.85,FALSE
1627783,"Pascal Siakam","1610612761","Toronto Raptors",2021,"0022000809","20210411",-22.5,6.85,TRUE
1627783,"Pascal Siakam","1610612761","Toronto Raptors",2021,"0022000809","20210411",1.5,7.45,FALSE
1627783,"Pascal Siakam","1610612761","Toronto Raptors",2021,"0022000809","20210411",-6.3,13.65,FALSE
1627783,"Pascal Siakam","1610612761","Toronto Raptors",2021,"0022000809","20210411",-4.3,7.05,TRUE
1627783,"Pascal Siakam","1610612761","Toronto Raptors",2021,"0022000809","20210411",0.3,8.85,TRUE
1627783,"Pascal Siakam","1610612761","Toronto Raptors",2021,"0022000809","20210411",1.8,6.75,FALSE
1627783,"Pascal Siakam","1610612761","Toronto Raptors",2021,"0022000809","20210411",-2,6.75,TRUE
1627783,"Pascal Siakam","1610612761","Toronto Raptors",2021,"0022000809","20210411",1.9,32.15,FALSE
1627783,"Pascal Siakam","1610612761","Toronto Raptors",2021,"0022000809","20210411",-2.5,24.95,FALSE
1627783,"Pascal Siakam","1610612761","Toronto Raptors",2021,"0022000809","20210411",-2.2,5.25,TRUE
1627783,"Pascal Siakam","1610612761","Toronto Raptors",2021,"0022000824","20210413",-4.8,30.45,FALSE
1627783,"Pascal Siakam","1610612761","Toronto Raptors",2021,"0022000824","20210413",-3.3,7.05,TRUE
1627783,"Pascal Siakam","1610612761","Toronto Raptors",2021,"0022000824","20210413",-6.7,24.35,TRUE
1627783,"Pascal Siakam","1610612761","Toronto Raptors",2021,"0022000824","20210413",6.2,9.15,TRUE
1627783,"Pascal Siakam","1610612761","Toronto Raptors",2021,"0022000824","20210413",-14.9,26.35,TRUE
1627783,"Pascal Siakam","1610612761","Toronto Raptors",2021,"0022000824","20210413",-14.4,26.65,FALSE
1627783,"Pascal Siakam","1610612761","Toronto Raptors",2021,"0022000824","20210413",3.5,12.25,TRUE
1627783,"Pascal Siakam","1610612761","Toronto Raptors",2021,"0022000824","20210413",-1.5,5.65,TRUE
1627783,"Pascal Siakam","1610612761","Toronto Raptors",2021,"0022000824","20210413",0,24.75,TRUE
1627783,"Pascal Siakam","1610612761","Toronto Raptors",2021,"0022000824","20210413",1.6,23.05,TRUE
1627783,"Pascal Siakam","1610612761","Toronto Raptors",2021,"0022000824","20210413",-18.5,22.75,FALSE
1627783,"Pascal Siakam","1610612761","Toronto Raptors",2021,"0022000824","20210413",11.6,6.45,TRUE
1627783,"Pascal Siakam","1610612761","Toronto Raptors",2021,"0022000824","20210413",1.4,11.45,TRUE
1627783,"Pascal Siakam","1610612761","Toronto Raptors",2021,"0022000824","20210413",0.4,7.95,TRUE
1627783,"Pascal Siakam","1610612761","Toronto Raptors",2021,"0022000824","20210413",-3,6.15,TRUE
1627783,"Pascal Siakam","1610612761","Toronto Raptors",2021,"0022000824","20210413",11.9,14.75,FALSE
1627783,"Pascal Siakam","1610612761","Toronto Raptors",2021,"0022000824","20210413",-9.5,29.55,FALSE
1627783,"Pascal Siakam","1610612761","Toronto Raptors",2021,"0022000824","20210413",-1.4,10.55,TRUE
1627783,"Pascal Siakam","1610612761","Toronto Raptors",2021,"0022000824","20210413",0.3,8.25,FALSE
1627783,"Pascal Siakam","1610612761","Toronto Raptors",2021,"0022000831","20210414",-2.3,7.25,TRUE
1627783,"Pascal Siakam","1610612761","Toronto Raptors",2021,"0022000831","20210414",2.5,10.95,FALSE
1627783,"Pascal Siakam","1610612761","Toronto Raptors",2021,"0022000831","20210414",-2.5,14.65,FALSE
1627783,"Pascal Siakam","1610612761","Toronto Raptors",2021,"0022000831","20210414",-2.2,12.05,FALSE
1627783,"Pascal Siakam","1610612761","Toronto Raptors",2021,"0022000831","20210414",2.2,6.95,FALSE
1627783,"Pascal Siakam","1610612761","Toronto Raptors",2021,"0022000831","20210414",2.8,4.85,TRUE
1627783,"Pascal Siakam","1610612761","Toronto Raptors",2021,"0022000831","20210414",-4,8.65,TRUE
1627783,"Pascal Siakam","1610612761","Toronto Raptors",2021,"0022000831","20210414",-7.1,8.25,FALSE
1627783,"Pascal Siakam","1610612761","Toronto Raptors",2021,"0022000831","20210414",-9.8,9.25,FALSE
1627783,"Pascal Siakam","1610612761","Toronto Raptors",2021,"0022000831","20210414",0,11.55,TRUE
1627783,"Pascal Siakam","1610612761","Toronto Raptors",2021,"0022000831","20210414",-10.3,12.45,FALSE
1627783,"Pascal Siakam","1610612761","Toronto Raptors",2021,"0022000831","20210414",0.2,15.95,FALSE
1627783,"Pascal Siakam","1610612761","Toronto Raptors",2021,"0022000831","20210414",-5.1,31.25,FALSE
1627783,"Pascal Siakam","1610612761","Toronto Raptors",2021,"0022000831","20210414",-1.4,5.65,TRUE
1627783,"Pascal Siakam","1610612761","Toronto Raptors",2021,"0022000831","20210414",-4.2,8.05,FALSE
1627783,"Pascal Siakam","1610612761","Toronto Raptors",2021,"0022000831","20210414",-3.6,10.75,FALSE
1627783,"Pascal Siakam","1610612761","Toronto Raptors",2021,"0022000831","20210414",-2.1,6.75,TRUE
1627783,"Pascal Siakam","1610612761","Toronto Raptors",2021,"0022000831","20210414",-2.7,7.35,FALSE
1627783,"Pascal Siakam","1610612761","Toronto Raptors",2021,"0022000831","20210414",3.9,21.75,TRUE
1627783,"Pascal Siakam","1610612761","Toronto Raptors",2021,"0022000831","20210414",12.3,16.15,FALSE
1627783,"Pascal Siakam","1610612761","Toronto Raptors",2021,"0022000884","20210421",2,5.65,TRUE
1627783,"Pascal Siakam","1610612761","Toronto Raptors",2021,"0022000884","20210421",-23.4,6.25,FALSE
1627783,"Pascal Siakam","1610612761","Toronto Raptors",2021,"0022000884","20210421",-2.7,8.55,FALSE
1627783,"Pascal Siakam","1610612761","Toronto Raptors",2021,"0022000884","20210421",-1.3,11.15,TRUE
1627783,"Pascal Siakam","1610612761","Toronto Raptors",2021,"0022000884","20210421",-0.6,9.35,TRUE
1627783,"Pascal Siakam","1610612761","Toronto Raptors",2021,"0022000884","20210421",-6.5,7.85,FALSE
1627783,"Pascal Siakam","1610612761","Toronto Raptors",2021,"0022000884","20210421",3.8,8.05,FALSE
1627783,"Pascal Siakam","1610612761","Toronto Raptors",2021,"0022000884","20210421",14.3,29.05,TRUE
1627783,"Pascal Siakam","1610612761","Toronto Raptors",2021,"0022000884","20210421",6.3,5.25,FALSE
1627783,"Pascal Siakam","1610612761","Toronto Raptors",2021,"0022000884","20210421",-6.8,18.15,TRUE
1627783,"Pascal Siakam","1610612761","Toronto Raptors",2021,"0022000884","20210421",-22.9,9.35,TRUE
1627783,"Pascal Siakam","1610612761","Toronto Raptors",2021,"0022000884","20210421",-0.5,21.55,TRUE
1627783,"Pascal Siakam","1610612761","Toronto Raptors",2021,"0022000884","20210421",3.2,23.55,FALSE
1627783,"Pascal Siakam","1610612761","Toronto Raptors",2021,"0022000884","20210421",-15.7,14.75,FALSE
1627783,"Pascal Siakam","1610612761","Toronto Raptors",2021,"0022000884","20210421",-23.2,10.85,FALSE
1627783,"Pascal Siakam","1610612761","Toronto Raptors",2021,"0022000884","20210421",2.7,5.25,TRUE
1627783,"Pascal Siakam","1610612761","Toronto Raptors",2021,"0022000884","20210421",-1.1,10.95,TRUE
1627783,"Pascal Siakam","1610612761","Toronto Raptors",2021,"0022000884","20210421",22.1,5.15,FALSE
1627783,"Pascal Siakam","1610612761","Toronto Raptors",2021,"0022000884","20210421",2.9,6.25,TRUE
1627783,"Pascal Siakam","1610612761","Toronto Raptors",2021,"0022000904","20210424",-0.3,6.35,TRUE
1627783,"Pascal Siakam","1610612761","Toronto Raptors",2021,"0022000904","20210424",-14.7,26.75,FALSE
1627783,"Pascal Siakam","1610612761","Toronto Raptors",2021,"0022000904","20210424",0.8,6.75,TRUE
1627783,"Pascal Siakam","1610612761","Toronto Raptors",2021,"0022000904","20210424",0.8,15.55,FALSE
1627783,"Pascal Siakam","1610612761","Toronto Raptors",2021,"0022000904","20210424",15,26.15,TRUE
1627783,"Pascal Siakam","1610612761","Toronto Raptors",2021,"0022000904","20210424",14.3,25.75,TRUE
1627783,"Pascal Siakam","1610612761","Toronto Raptors",2021,"0022000904","20210424",1,6.05,FALSE
1627783,"Pascal Siakam","1610612761","Toronto Raptors",2021,"0022000904","20210424",12.8,27.15,FALSE
1627783,"Pascal Siakam","1610612761","Toronto Raptors",2021,"0022000904","20210424",22.9,5.15,TRUE
1627783,"Pascal Siakam","1610612761","Toronto Raptors",2021,"0022000904","20210424",2.3,30.65,TRUE
1627783,"Pascal Siakam","1610612761","Toronto Raptors",2021,"0022000904","20210424",1.1,7.45,FALSE
1627783,"Pascal Siakam","1610612761","Toronto Raptors",2021,"0022000904","20210424",-2,6.55,FALSE
1627783,"Pascal Siakam","1610612761","Toronto Raptors",2021,"0022000904","20210424",-11.3,28.55,FALSE
1627783,"Pascal Siakam","1610612761","Toronto Raptors",2021,"0022000904","20210424",0.2,11.45,FALSE
1627783,"Pascal Siakam","1610612761","Toronto Raptors",2021,"0022000904","20210424",0.7,5.65,FALSE
1627783,"Pascal Siakam","1610612761","Toronto Raptors",2021,"0022000904","20210424",1.2,6.55,TRUE
1627783,"Pascal Siakam","1610612761","Toronto Raptors",2021,"0022000904","20210424",23.1,13.35,TRUE
1627783,"Pascal Siakam","1610612761","Toronto Raptors",2021,"0022000904","20210424",-20.6,20.35,FALSE
1627783,"Pascal Siakam","1610612761","Toronto Raptors",2021,"0022000904","20210424",1.2,6.95,FALSE
1627783,"Pascal Siakam","1610612761","Toronto Raptors",2021,"0022000921","20210426",-0.3,4.95,TRUE
1627783,"Pascal Siakam","1610612761","Toronto Raptors",2021,"0022000921","20210426",-4,5.75,FALSE
1627783,"Pascal Siakam","1610612761","Toronto Raptors",2021,"0022000921","20210426",1.6,6.35,TRUE
1627783,"Pascal Siakam","1610612761","Toronto Raptors",2021,"0022000921","20210426",-4,11.65,FALSE
1627783,"Pascal Siakam","1610612761","Toronto Raptors",2021,"0022000921","20210426",0.5,7.55,TRUE
1627783,"Pascal Siakam","1610612761","Toronto Raptors",2021,"0022000921","20210426",-1.6,12.75,FALSE
1627783,"Pascal Siakam","1610612761","Toronto Raptors",2021,"0022000921","20210426",0.8,10.05,TRUE
1627783,"Pascal Siakam","1610612761","Toronto Raptors",2021,"0022000921","20210426",-3.6,6.05,TRUE
1627783,"Pascal Siakam","1610612761","Toronto Raptors",2021,"0022000921","20210426",20.1,21.75,FALSE
1627783,"Pascal Siakam","1610612761","Toronto Raptors",2021,"0022000921","20210426",-23.6,6.95,FALSE
1627783,"Pascal Siakam","1610612761","Toronto Raptors",2021,"0022000921","20210426",23.3,5.75,TRUE
1627783,"Pascal Siakam","1610612761","Toronto Raptors",2021,"0022000921","20210426",22.5,5.75,FALSE
1627783,"Pascal Siakam","1610612761","Toronto Raptors",2021,"0022000921","20210426",0.5,6.15,TRUE
1627783,"Pascal Siakam","1610612761","Toronto Raptors",2021,"0022000921","20210426",1.5,5.05,TRUE
1627783,"Pascal Siakam","1610612761","Toronto Raptors",2021,"0022000921","20210426",-11.5,28.35,TRUE
1627783,"Pascal Siakam","1610612761","Toronto Raptors",2021,"0022000921","20210426",5.5,7.15,FALSE
1627783,"Pascal Siakam","1610612761","Toronto Raptors",2021,"0022000921","20210426",-1.6,5.75,TRUE
1627783,"Pascal Siakam","1610612761","Toronto Raptors",2021,"0022000921","20210426",-3.5,9.85,TRUE
1627783,"Pascal Siakam","1610612761","Toronto Raptors",2021,"0022000921","20210426",-1.9,6.65,FALSE
1627783,"Pascal Siakam","1610612761","Toronto Raptors",2021,"0022000930","20210427",4,13.15,FALSE
1627783,"Pascal Siakam","1610612761","Toronto Raptors",2021,"0022000930","20210427",-0.3,9.55,FALSE
1627783,"Pascal Siakam","1610612761","Toronto Raptors",2021,"0022000930","20210427",0,7.85,TRUE
1627783,"Pascal Siakam","1610612761","Toronto Raptors",2021,"0022000930","20210427",3,8.45,FALSE
1627783,"Pascal Siakam","1610612761","Toronto Raptors",2021,"0022000930","20210427",-9.5,29.35,FALSE
1627783,"Pascal Siakam","1610612761","Toronto Raptors",2021,"0022000930","20210427",-3.8,8.85,FALSE
1627783,"Pascal Siakam","1610612761","Toronto Raptors",2021,"0022000930","20210427",-1.8,31.45,FALSE
1627783,"Pascal Siakam","1610612761","Toronto Raptors",2021,"0022000930","20210427",1.6,9.85,TRUE
1627783,"Pascal Siakam","1610612761","Toronto Raptors",2021,"0022000930","20210427",-21.7,19.15,FALSE
1627783,"Pascal Siakam","1610612761","Toronto Raptors",2021,"0022000930","20210427",0.3,9.15,FALSE
1627783,"Pascal Siakam","1610612761","Toronto Raptors",2021,"0022000930","20210427",0.8,10.15,FALSE
1627783,"Pascal Siakam","1610612761","Toronto Raptors",2021,"0022000930","20210427",-5.4,10.55,FALSE
1627783,"Pascal Siakam","1610612761","Toronto Raptors",2021,"0022000930","20210427",-13.4,26.25,FALSE
1627783,"Pascal Siakam","1610612761","Toronto Raptors",2021,"0022000930","20210427",-22.5,7.85,FALSE
1627783,"Pascal Siakam","1610612761","Toronto Raptors",2021,"0022000930","20210427",-2,8.35,FALSE
1627783,"Pascal Siakam","1610612761","Toronto Raptors",2021,"0022000930","20210427",1.1,6.55,FALSE
1627783,"Pascal Siakam","1610612761","Toronto Raptors",2021,"0022000948","20210429",-1.6,30.85,TRUE
1627783,"Pascal Siakam","1610612761","Toronto Raptors",2021,"0022000948","20210429",-2,6.35,TRUE
1627783,"Pascal Siakam","1610612761","Toronto Raptors",2021,"0022000948","20210429",-2.9,17.25,FALSE
1627783,"Pascal Siakam","1610612761","Toronto Raptors",2021,"0022000948","20210429",12.3,6.05,TRUE
1627783,"Pascal Siakam","1610612761","Toronto Raptors",2021,"0022000948","20210429",0.3,11.05,TRUE
1627783,"Pascal Siakam","1610612761","Toronto Raptors",2021,"0022000948","20210429",13,9.25,FALSE
1627783,"Pascal Siakam","1610612761","Toronto Raptors",2021,"0022000948","20210429",-4.5,11.35,FALSE
1627783,"Pascal Siakam","1610612761","Toronto Raptors",2021,"0022000948","20210429",4.3,18.85,FALSE
1627783,"Pascal Siakam","1610612761","Toronto Raptors",2021,"0022000948","20210429",2.4,9.95,TRUE
1627783,"Pascal Siakam","1610612761","Toronto Raptors",2021,"0022000948","20210429",0.9,9.85,FALSE
1627783,"Pascal Siakam","1610612761","Toronto Raptors",2021,"0022000948","20210429",3,8.55,FALSE
1627783,"Pascal Siakam","1610612761","Toronto Raptors",2021,"0022000965","20210501",-3.3,6.25,FALSE
1627783,"Pascal Siakam","1610612761","Toronto Raptors",2021,"0022000965","20210501",-4.4,12.55,FALSE
1627783,"Pascal Siakam","1610612761","Toronto Raptors",2021,"0022000965","20210501",-17.7,22.45,TRUE
1627783,"Pascal Siakam","1610612761","Toronto Raptors",2021,"0022000965","20210501",5.2,13.55,TRUE
1627783,"Pascal Siakam","1610612761","Toronto Raptors",2021,"0022000965","20210501",0.2,8.65,FALSE
1627783,"Pascal Siakam","1610612761","Toronto Raptors",2021,"0022000965","20210501",0,5.25,TRUE
1627783,"Pascal Siakam","1610612761","Toronto Raptors",2021,"0022000965","20210501",0.5,25.85,FALSE
1627783,"Pascal Siakam","1610612761","Toronto Raptors",2021,"0022000965","20210501",0.3,8.25,TRUE
1627783,"Pascal Siakam","1610612761","Toronto Raptors",2021,"0022000965","20210501",13.1,10.95,FALSE
1627783,"Pascal Siakam","1610612761","Toronto Raptors",2021,"0022000965","20210501",-23.6,4.75,FALSE
1627783,"Pascal Siakam","1610612761","Toronto Raptors",2021,"0022000965","20210501",3.6,14.85,FALSE
1627783,"Pascal Siakam","1610612761","Toronto Raptors",2021,"0022000965","20210501",-3.5,7.75,FALSE
1627783,"Pascal Siakam","1610612761","Toronto Raptors",2021,"0022000965","20210501",1.2,14.35,FALSE
1627783,"Pascal Siakam","1610612761","Toronto Raptors",2021,"0022000965","20210501",0.8,12.25,TRUE
1627783,"Pascal Siakam","1610612761","Toronto Raptors",2021,"0022000965","20210501",0,8.35,TRUE
1627783,"Pascal Siakam","1610612761","Toronto Raptors",2021,"0022000965","20210501",-7.8,21.05,FALSE
1627783,"Pascal Siakam","1610612761","Toronto Raptors",2021,"0022000965","20210501",0,5.25,TRUE
1627783,"Pascal Siakam","1610612761","Toronto Raptors",2021,"0022000965","20210501",-9.1,29.15,FALSE
1627783,"Pascal Siakam","1610612761","Toronto Raptors",2021,"0022000974","20210502",-23.4,16.35,TRUE
1627783,"Pascal Siakam","1610612761","Toronto Raptors",2021,"0022000974","20210502",-5.9,13.45,TRUE
1627783,"Pascal Siakam","1610612761","Toronto Raptors",2021,"0022000974","20210502",-22,11.45,FALSE
1627783,"Pascal Siakam","1610612761","Toronto Raptors",2021,"0022000974","20210502",-3.6,14.55,FALSE
1627783,"Pascal Siakam","1610612761","Toronto Raptors",2021,"0022000974","20210502",12.4,30.35,TRUE
1627783,"Pascal Siakam","1610612761","Toronto Raptors",2021,"0022000974","20210502",-9.5,22.45,FALSE
1627783,"Pascal Siakam","1610612761","Toronto Raptors",2021,"0022000974","20210502",19.9,21.35,FALSE
1627783,"Pascal Siakam","1610612761","Toronto Raptors",2021,"0022000974","20210502",0.3,7.95,TRUE
1627783,"Pascal Siakam","1610612761","Toronto Raptors",2021,"0022000974","20210502",-11.4,19.35,TRUE
1627783,"Pascal Siakam","1610612761","Toronto Raptors",2021,"0022000974","20210502",-5.1,9.75,TRUE
1627783,"Pascal Siakam","1610612761","Toronto Raptors",2021,"0022000974","20210502",5.2,25.25,FALSE
1627783,"Pascal Siakam","1610612761","Toronto Raptors",2021,"0022000974","20210502",-5.5,16.15,TRUE
1627783,"Pascal Siakam","1610612761","Toronto Raptors",2021,"0022000974","20210502",-2.9,21.15,TRUE
1627783,"Pascal Siakam","1610612761","Toronto Raptors",2021,"0022000974","20210502",0.1,21.15,FALSE
1627783,"Pascal Siakam","1610612761","Toronto Raptors",2021,"0022000974","20210502",7.6,17.55,TRUE
1627783,"Pascal Siakam","1610612761","Toronto Raptors",2021,"0022000974","20210502",18.2,24.95,TRUE
1627783,"Pascal Siakam","1610612761","Toronto Raptors",2021,"0022000974","20210502",11.6,29.85,FALSE
1627783,"Pascal Siakam","1610612761","Toronto Raptors",2021,"0022000974","20210502",6.8,31.05,FALSE
1627783,"Pascal Siakam","1610612761","Toronto Raptors",2021,"0022000974","20210502",0.1,8.15,TRUE
1627783,"Pascal Siakam","1610612761","Toronto Raptors",2021,"0022000974","20210502",-2.3,5.35,FALSE
1627783,"Pascal Siakam","1610612761","Toronto Raptors",2021,"0022000974","20210502",4.5,15.75,TRUE
1627783,"Pascal Siakam","1610612761","Toronto Raptors",2021,"0022000974","20210502",-23.1,9.55,TRUE
1627783,"Pascal Siakam","1610612761","Toronto Raptors",2021,"0022000974","20210502",-2.7,9.45,FALSE
1627783,"Pascal Siakam","1610612761","Toronto Raptors",2021,"0022000974","20210502",1.6,12.65,TRUE
1627783,"Pascal Siakam","1610612761","Toronto Raptors",2021,"0022000974","20210502",0.1,8.15,TRUE
1627783,"Pascal Siakam","1610612761","Toronto Raptors",2021,"0022000974","20210502",-2.7,16.75,FALSE
1627783,"Pascal Siakam","1610612761","Toronto Raptors",2021,"0022000989","20210504",1.5,6.55,TRUE
1627783,"Pascal Siakam","1610612761","Toronto Raptors",2021,"0022000989","20210504",-7.7,19.55,FALSE
1627783,"Pascal Siakam","1610612761","Toronto Raptors",2021,"0022000989","20210504",-2,6.85,TRUE
1627783,"Pascal Siakam","1610612761","Toronto Raptors",2021,"0022000989","20210504",-23,7.45,FALSE
1627783,"Pascal Siakam","1610612761","Toronto Raptors",2021,"0022000989","20210504",2.9,7.15,TRUE
1627783,"Pascal Siakam","1610612761","Toronto Raptors",2021,"0022000989","20210504",6,18.15,TRUE
1627783,"Pascal Siakam","1610612761","Toronto Raptors",2021,"0022000989","20210504",-6.7,14.15,TRUE
1627783,"Pascal Siakam","1610612761","Toronto Raptors",2021,"0022000989","20210504",-1.4,13.75,FALSE
1627783,"Pascal Siakam","1610612761","Toronto Raptors",2021,"0022000989","20210504",-1.9,12.65,FALSE
1627783,"Pascal Siakam","1610612761","Toronto Raptors",2021,"0022000989","20210504",-1.1,6.35,FALSE
1627783,"Pascal Siakam","1610612761","Toronto Raptors",2021,"0022000989","20210504",4.1,13.65,FALSE
1627783,"Pascal Siakam","1610612761","Toronto Raptors",2021,"0022000989","20210504",-3,6.35,FALSE
1627783,"Pascal Siakam","1610612761","Toronto Raptors",2021,"0022000989","20210504",1.9,9.15,FALSE
1627783,"Pascal Siakam","1610612761","Toronto Raptors",2021,"0022000989","20210504",1.2,5.45,TRUE
1627783,"Pascal Siakam","1610612761","Toronto Raptors",2021,"0022000989","20210504",-11.4,28.35,TRUE
1627783,"Pascal Siakam","1610612761","Toronto Raptors",2021,"0022000989","20210504",-5.5,25.85,FALSE
1627783,"Pascal Siakam","1610612761","Toronto Raptors",2021,"0022000989","20210504",-2.2,5.95,TRUE
1627783,"Pascal Siakam","1610612761","Toronto Raptors",2021,"0022000989","20210504",0.9,18.05,FALSE
1627783,"Pascal Siakam","1610612761","Toronto Raptors",2021,"0022000989","20210504",7,15.25,TRUE
1627783,"Pascal Siakam","1610612761","Toronto Raptors",2021,"0022000989","20210504",18,25.15,FALSE
1627783,"Pascal Siakam","1610612761","Toronto Raptors",2021,"0022000989","20210504",22.9,6.25,FALSE
1627783,"Pascal Siakam","1610612761","Toronto Raptors",2021,"0022000989","20210504",1.2,13.25,FALSE
1627783,"Pascal Siakam","1610612761","Toronto Raptors",2021,"0022000989","20210504",6.8,30.05,FALSE
1627783,"Pascal Siakam","1610612761","Toronto Raptors",2021,"0022000989","20210504",4.7,25.45,TRUE
1627783,"Pascal Siakam","1610612761","Toronto Raptors",2021,"0022000997","20210506",-9.6,28.95,TRUE
1627783,"Pascal Siakam","1610612761","Toronto Raptors",2021,"0022000997","20210506",0.2,22.25,TRUE
1627783,"Pascal Siakam","1610612761","Toronto Raptors",2021,"0022000997","20210506",23,7.85,FALSE
1627783,"Pascal Siakam","1610612761","Toronto Raptors",2021,"0022000997","20210506",23.9,12.75,TRUE
1627783,"Pascal Siakam","1610612761","Toronto Raptors",2021,"0022000997","20210506",-3.8,7.85,TRUE
1627783,"Pascal Siakam","1610612761","Toronto Raptors",2021,"0022000997","20210506",-2.6,6.55,FALSE
1627783,"Pascal Siakam","1610612761","Toronto Raptors",2021,"0022000997","20210506",-6.2,5.95,TRUE
1627783,"Pascal Siakam","1610612761","Toronto Raptors",2021,"0022000997","20210506",-8.4,29.95,FALSE
1627783,"Pascal Siakam","1610612761","Toronto Raptors",2021,"0022000997","20210506",-2.7,10.55,FALSE
1627783,"Pascal Siakam","1610612761","Toronto Raptors",2021,"0022000997","20210506",0.2,8.15,FALSE
1627783,"Pascal Siakam","1610612761","Toronto Raptors",2021,"0022000997","20210506",14.9,25.95,FALSE
1627783,"Pascal Siakam","1610612761","Toronto Raptors",2021,"0022000997","20210506",-4.3,12.95,TRUE
1627783,"Pascal Siakam","1610612761","Toronto Raptors",2021,"0022000997","20210506",1.3,12.45,FALSE
1627783,"Pascal Siakam","1610612761","Toronto Raptors",2021,"0022000997","20210506",-6.5,19.55,TRUE
1627783,"Pascal Siakam","1610612761","Toronto Raptors",2021,"0022000997","20210506",-11,12.15,TRUE
1627783,"Pascal Siakam","1610612761","Toronto Raptors",2021,"0022000997","20210506",-2.3,7.25,TRUE
1627783,"Pascal Siakam","1610612761","Toronto Raptors",2021,"0022000997","20210506",9.3,13.75,FALSE
1627783,"Pascal Siakam","1610612761","Toronto Raptors",2021,"0022000997","20210506",-0.7,9.75,TRUE
1627783,"Pascal Siakam","1610612761","Toronto Raptors",2021,"0022000997","20210506",-4.1,8.25,TRUE
1627783,"Pascal Siakam","1610612761","Toronto Raptors",2021,"0022000997","20210506",-1.4,6.65,TRUE
1627783,"Pascal Siakam","1610612761","Toronto Raptors",2021,"0022000997","20210506",7.9,18.85,FALSE
1627783,"Pascal Siakam","1610612761","Toronto Raptors",2021,"0022000997","20210506",1.1,7.75,TRUE
1627783,"Pascal Siakam","1610612761","Toronto Raptors",2021,"0022000997","20210506",-1.4,6.35,TRUE
1627783,"Pascal Siakam","1610612761","Toronto Raptors",2021,"0022000997","20210506",1,13.05,FALSE
1627783,"Pascal Siakam","1610612761","Toronto Raptors",2021,"0022000997","20210506",-2.1,8.05,TRUE
1627783,"Pascal Siakam","1610612761","Toronto Raptors",2021,"0022000997","20210506",2.5,6.05,TRUE
1627783,"Pascal Siakam","1610612761","Toronto Raptors",2021,"0022000997","20210506",-2.5,6.15,TRUE
1627783,"Pascal Siakam","1610612761","Toronto Raptors",2021,"0022000997","20210506",-19,28.45,FALSE
1627783,"Pascal Siakam","1610612761","Toronto Raptors",2021,"0022001014","20210508",8.5,19.45,FALSE
1627783,"Pascal Siakam","1610612761","Toronto Raptors",2021,"0022001014","20210508",-3.4,25.55,FALSE
1627783,"Pascal Siakam","1610612761","Toronto Raptors",2021,"0022001014","20210508",3.7,9.55,TRUE
1627783,"Pascal Siakam","1610612761","Toronto Raptors",2021,"0022001014","20210508",-6.6,23.75,TRUE
1627783,"Pascal Siakam","1610612761","Toronto Raptors",2021,"0022001014","20210508",3.6,10.45,TRUE
1627783,"Pascal Siakam","1610612761","Toronto Raptors",2021,"0022001014","20210508",-6.5,11.85,TRUE
1627783,"Pascal Siakam","1610612761","Toronto Raptors",2021,"0022001014","20210508",9.1,29.25,FALSE
1627783,"Pascal Siakam","1610612761","Toronto Raptors",2021,"0022001014","20210508",-14.4,20.95,FALSE
1627783,"Pascal Siakam","1610612761","Toronto Raptors",2021,"0022001014","20210508",20.4,20.75,FALSE
1627783,"Pascal Siakam","1610612761","Toronto Raptors",2021,"0022001014","20210508",-1.7,6.15,TRUE
1627783,"Pascal Siakam","1610612761","Toronto Raptors",2021,"0022001014","20210508",5.3,29.75,FALSE
1627783,"Pascal Siakam","1610612761","Toronto Raptors",2021,"0022001014","20210508",1.6,6.05,FALSE
1627783,"Pascal Siakam","1610612761","Toronto Raptors",2021,"0022001014","20210508",-5.6,15.15,FALSE
1627783,"Pascal Siakam","1610612761","Toronto Raptors",2021,"0022001014","20210508",-1.9,6.75,FALSE
1627783,"Pascal Siakam","1610612761","Toronto Raptors",2021,"0022001014","20210508",16,10.75,FALSE
1627783,"Pascal Siakam","1610612761","Toronto Raptors",2021,"0022001014","20210508",-1.3,7.35,FALSE
1627783,"Pascal Siakam","1610612761","Toronto Raptors",2021,"0022001014","20210508",16.5,24.95,FALSE
1627783,"Pascal Siakam","1610612761","Toronto Raptors",2021,"0022001014","20210508",-0.6,13.05,TRUE
1627783,"Pascal Siakam","1610612761","Toronto Raptors",2021,"0022001014","20210508",-3,6.85,TRUE
1627783,"Pascal Siakam","1610612761","Toronto Raptors",2021,"0022001014","20210508",-8.7,19.55,FALSE
1627783,"Pascal Siakam","1610612761","Toronto Raptors",2021,"0022001014","20210508",-1.5,6.05,TRUE
1627783,"Pascal Siakam","1610612761","Toronto Raptors",2022,"0022100139","20211107",-0.9,30.35,TRUE
1627783,"Pascal Siakam","1610612761","Toronto Raptors",2022,"0022100139","20211107",-0.2,14.15,FALSE
1627783,"Pascal Siakam","1610612761","Toronto Raptors",2022,"0022100139","20211107",0.5,6.95,TRUE
1627783,"Pascal Siakam","1610612761","Toronto Raptors",2022,"0022100139","20211107",-2.9,29.95,FALSE
1627783,"Pascal Siakam","1610612761","Toronto Raptors",2022,"0022100139","20211107",-1.2,5.85,TRUE
1627783,"Pascal Siakam","1610612761","Toronto Raptors",2022,"0022100139","20211107",15.6,9.85,FALSE
1627783,"Pascal Siakam","1610612761","Toronto Raptors",2022,"0022100139","20211107",-0.2,9.85,FALSE
1627783,"Pascal Siakam","1610612761","Toronto Raptors",2022,"0022100139","20211107",-0.2,7.15,TRUE
1627783,"Pascal Siakam","1610612761","Toronto Raptors",2022,"0022100139","20211107",-7.4,11.85,FALSE
1627783,"Pascal Siakam","1610612761","Toronto Raptors",2022,"0022100139","20211107",1.7,7.25,FALSE
1627783,"Pascal Siakam","1610612761","Toronto Raptors",2022,"0022100139","20211107",0.7,6.85,TRUE
1627783,"Pascal Siakam","1610612761","Toronto Raptors",2022,"0022100139","20211107",18.1,22.15,FALSE
1627783,"Pascal Siakam","1610612761","Toronto Raptors",2022,"0022100160","20211110",-3.6,17.15,FALSE
1627783,"Pascal Siakam","1610612761","Toronto Raptors",2022,"0022100160","20211110",-0.5,6.15,TRUE
1627783,"Pascal Siakam","1610612761","Toronto Raptors",2022,"0022100160","20211110",-7.4,19.45,FALSE
1627783,"Pascal Siakam","1610612761","Toronto Raptors",2022,"0022100160","20211110",4.4,8.25,TRUE
1627783,"Pascal Siakam","1610612761","Toronto Raptors",2022,"0022100160","20211110",11,29.15,FALSE
1627783,"Pascal Siakam","1610612761","Toronto Raptors",2022,"0022100160","20211110",0.1,6.95,TRUE
1627783,"Pascal Siakam","1610612761","Toronto Raptors",2022,"0022100160","20211110",-3.6,26.65,FALSE
1627783,"Pascal Siakam","1610612761","Toronto Raptors",2022,"0022100189","20211113",-22.7,5.85,FALSE
1627783,"Pascal Siakam","1610612761","Toronto Raptors",2022,"0022100189","20211113",4.9,11.75,FALSE
1627783,"Pascal Siakam","1610612761","Toronto Raptors",2022,"0022100189","20211113",0,4.75,TRUE
1627783,"Pascal Siakam","1610612761","Toronto Raptors",2022,"0022100189","20211113",-1.2,4.45,FALSE
1627783,"Pascal Siakam","1610612761","Toronto Raptors",2022,"0022100189","20211113",13.7,12.25,TRUE
1627783,"Pascal Siakam","1610612761","Toronto Raptors",2022,"0022100189","20211113",8.8,24.55,FALSE
1627783,"Pascal Siakam","1610612761","Toronto Raptors",2022,"0022100189","20211113",-8.6,19.65,TRUE
1627783,"Pascal Siakam","1610612761","Toronto Raptors",2022,"0022100189","20211113",-0.2,16.25,TRUE
1627783,"Pascal Siakam","1610612761","Toronto Raptors",2022,"0022100189","20211113",7.5,18.05,FALSE
1627783,"Pascal Siakam","1610612761","Toronto Raptors",2022,"0022100189","20211113",5.3,26.75,TRUE
1627783,"Pascal Siakam","1610612761","Toronto Raptors",2022,"0022100189","20211113",4,31.95,TRUE
1627783,"Pascal Siakam","1610612761","Toronto Raptors",2022,"0022100189","20211113",4.5,31.55,TRUE
1627783,"Pascal Siakam","1610612761","Toronto Raptors",2022,"0022100189","20211113",-0.7,6.35,TRUE
1627783,"Pascal Siakam","1610612761","Toronto Raptors",2022,"0022100189","20211113",-6.1,8.35,TRUE
1627783,"Pascal Siakam","1610612761","Toronto Raptors",2022,"0022100208","20211115",23.4,5.75,TRUE
1627783,"Pascal Siakam","1610612761","Toronto Raptors",2022,"0022100208","20211115",-15.6,25.75,FALSE
1627783,"Pascal Siakam","1610612761","Toronto Raptors",2022,"0022100208","20211115",2.6,24.65,FALSE
1627783,"Pascal Siakam","1610612761","Toronto Raptors",2022,"0022100208","20211115",1,5.85,TRUE
1627783,"Pascal Siakam","1610612761","Toronto Raptors",2022,"0022100208","20211115",-22.5,5.05,TRUE
1627783,"Pascal Siakam","1610612761","Toronto Raptors",2022,"0022100208","20211115",5.8,29.35,FALSE
1627783,"Pascal Siakam","1610612761","Toronto Raptors",2022,"0022100208","20211115",-15.8,25.75,FALSE
1627783,"Pascal Siakam","1610612761","Toronto Raptors",2022,"0022100208","20211115",-2.7,5.95,FALSE
1627783,"Pascal Siakam","1610612761","Toronto Raptors",2022,"0022100208","20211115",1.6,5.95,TRUE
1627783,"Pascal Siakam","1610612761","Toronto Raptors",2022,"0022100208","20211115",-7.2,5.95,FALSE
1627783,"Pascal Siakam","1610612761","Toronto Raptors",2022,"0022100208","20211115",-17.8,23.55,FALSE
1627783,"Pascal Siakam","1610612761","Toronto Raptors",2022,"0022100208","20211115",-1.2,5.85,FALSE
1627783,"Pascal Siakam","1610612761","Toronto Raptors",2022,"0022100208","20211115",-0.6,8.05,TRUE
1627783,"Pascal Siakam","1610612761","Toronto Raptors",2022,"0022100208","20211115",2.8,6.55,TRUE
1627783,"Pascal Siakam","1610612761","Toronto Raptors",2022,"0022100208","20211115",-0.1,14.95,TRUE
1627783,"Pascal Siakam","1610612761","Toronto Raptors",2022,"0022100229","20211118",2.5,8.35,FALSE
1627783,"Pascal Siakam","1610612761","Toronto Raptors",2022,"0022100229","20211118",14,11.05,FALSE
1627783,"Pascal Siakam","1610612761","Toronto Raptors",2022,"0022100229","20211118",-4.9,22.15,TRUE
1627783,"Pascal Siakam","1610612761","Toronto Raptors",2022,"0022100229","20211118",2.3,30.25,FALSE
1627783,"Pascal Siakam","1610612761","Toronto Raptors",2022,"0022100229","20211118",-22.9,3.05,FALSE
1627783,"Pascal Siakam","1610612761","Toronto Raptors",2022,"0022100229","20211118",0.6,8.35,TRUE
1627783,"Pascal Siakam","1610612761","Toronto Raptors",2022,"0022100229","20211118",5.1,10.15,FALSE
1627783,"Pascal Siakam","1610612761","Toronto Raptors",2022,"0022100229","20211118",-2.5,7.25,FALSE
1627783,"Pascal Siakam","1610612761","Toronto Raptors",2022,"0022100229","20211118",9.4,29.45,FALSE
1627783,"Pascal Siakam","1610612761","Toronto Raptors",2022,"0022100229","20211118",-9.4,14.95,FALSE
1627783,"Pascal Siakam","1610612761","Toronto Raptors",2022,"0022100229","20211118",0.9,18.95,FALSE
1627783,"Pascal Siakam","1610612761","Toronto Raptors",2022,"0022100229","20211118",-2.6,5.95,FALSE
1627783,"Pascal Siakam","1610612761","Toronto Raptors",2022,"0022100229","20211118",-1.8,7.05,FALSE
1627783,"Pascal Siakam","1610612761","Toronto Raptors",2022,"0022100229","20211118",-22.5,6.95,FALSE
1627783,"Pascal Siakam","1610612761","Toronto Raptors",2022,"0022100238","20211119",21,20.45,TRUE
1627783,"Pascal Siakam","1610612761","Toronto Raptors",2022,"0022100238","20211119",-1.2,11.45,TRUE
1627783,"Pascal Siakam","1610612761","Toronto Raptors",2022,"0022100238","20211119",4.9,23.05,TRUE
1627783,"Pascal Siakam","1610612761","Toronto Raptors",2022,"0022100238","20211119",5,13.75,TRUE
1627783,"Pascal Siakam","1610612761","Toronto Raptors",2022,"0022100238","20211119",3.1,6.75,FALSE
1627783,"Pascal Siakam","1610612761","Toronto Raptors",2022,"0022100238","20211119",11.6,17.65,TRUE
1627783,"Pascal Siakam","1610612761","Toronto Raptors",2022,"0022100238","20211119",-18.9,24.15,TRUE
1627783,"Pascal Siakam","1610612761","Toronto Raptors",2022,"0022100238","20211119",-9.9,28.65,TRUE
1627783,"Pascal Siakam","1610612761","Toronto Raptors",2022,"0022100238","20211119",3.4,22.95,TRUE
1627783,"Pascal Siakam","1610612761","Toronto Raptors",2022,"0022100238","20211119",9.6,19.85,TRUE
1627783,"Pascal Siakam","1610612761","Toronto Raptors",2022,"0022100238","20211119",-15.2,14.55,FALSE
1627783,"Pascal Siakam","1610612761","Toronto Raptors",2022,"0022100238","20211119",5.1,20.45,TRUE
1627783,"Pascal Siakam","1610612761","Toronto Raptors",2022,"0022100252","20211121",-23.3,8.25,FALSE
1627783,"Pascal Siakam","1610612761","Toronto Raptors",2022,"0022100252","20211121",7.6,10.35,FALSE
1627783,"Pascal Siakam","1610612761","Toronto Raptors",2022,"0022100252","20211121",5.4,6.75,TRUE
1627783,"Pascal Siakam","1610612761","Toronto Raptors",2022,"0022100252","20211121",3.7,24.15,TRUE
1627783,"Pascal Siakam","1610612761","Toronto Raptors",2022,"0022100252","20211121",-4.7,10.45,FALSE
1627783,"Pascal Siakam","1610612761","Toronto Raptors",2022,"0022100252","20211121",-2.9,10.35,FALSE
1627783,"Pascal Siakam","1610612761","Toronto Raptors",2022,"0022100252","20211121",16.9,24.75,TRUE
1627783,"Pascal Siakam","1610612761","Toronto Raptors",2022,"0022100252","20211121",-8.9,30.05,TRUE
1627783,"Pascal Siakam","1610612761","Toronto Raptors",2022,"0022100252","20211121",-18,25.15,TRUE
1627783,"Pascal Siakam","1610612761","Toronto Raptors",2022,"0022100252","20211121",0,5.25,TRUE
1627783,"Pascal Siakam","1610612761","Toronto Raptors",2022,"0022100252","20211121",-6.4,34.15,FALSE
1627783,"Pascal Siakam","1610612761","Toronto Raptors",2022,"0022100252","20211121",-4.3,9.55,FALSE
1627783,"Pascal Siakam","1610612761","Toronto Raptors",2022,"0022100252","20211121",3.4,9.55,TRUE
1627783,"Pascal Siakam","1610612761","Toronto Raptors",2022,"0022100252","20211121",-16.3,28.05,FALSE
1627783,"Pascal Siakam","1610612761","Toronto Raptors",2022,"0022100252","20211121",2.7,6.05,TRUE
1627783,"Pascal Siakam","1610612761","Toronto Raptors",2022,"0022100252","20211121",2.1,9.05,FALSE
1627783,"Pascal Siakam","1610612761","Toronto Raptors",2022,"0022100252","20211121",3.4,7.35,FALSE
1627783,"Pascal Siakam","1610612761","Toronto Raptors",2022,"0022100272","20211124",23.2,11.95,TRUE
1627783,"Pascal Siakam","1610612761","Toronto Raptors",2022,"0022100272","20211124",-6.5,30.45,FALSE
1627783,"Pascal Siakam","1610612761","Toronto Raptors",2022,"0022100272","20211124",0.6,7.35,FALSE
1627783,"Pascal Siakam","1610612761","Toronto Raptors",2022,"0022100272","20211124",17.3,16.95,FALSE
1627783,"Pascal Siakam","1610612761","Toronto Raptors",2022,"0022100272","20211124",5.4,22.15,TRUE
1627783,"Pascal Siakam","1610612761","Toronto Raptors",2022,"0022100272","20211124",6.2,15.35,FALSE
1627783,"Pascal Siakam","1610612761","Toronto Raptors",2022,"0022100272","20211124",-0.7,6.95,TRUE
1627783,"Pascal Siakam","1610612761","Toronto Raptors",2022,"0022100272","20211124",1.6,30.35,FALSE
1627783,"Pascal Siakam","1610612761","Toronto Raptors",2022,"0022100272","20211124",-0.9,6.05,TRUE
1627783,"Pascal Siakam","1610612761","Toronto Raptors",2022,"0022100272","20211124",-2,14.65,FALSE
1627783,"Pascal Siakam","1610612761","Toronto Raptors",2022,"0022100272","20211124",-12.7,21.45,FALSE
1627783,"Pascal Siakam","1610612761","Toronto Raptors",2022,"0022100272","20211124",0.4,5.55,TRUE
1627783,"Pascal Siakam","1610612761","Toronto Raptors",2022,"0022100284","20211126",-3.8,10.85,TRUE
1627783,"Pascal Siakam","1610612761","Toronto Raptors",2022,"0022100284","20211126",-19.2,20.35,TRUE
1627783,"Pascal Siakam","1610612761","Toronto Raptors",2022,"0022100284","20211126",16.3,16.55,FALSE
1627783,"Pascal Siakam","1610612761","Toronto Raptors",2022,"0022100284","20211126",-5.8,30.25,FALSE
1627783,"Pascal Siakam","1610612761","Toronto Raptors",2022,"0022100284","20211126",-18,10.25,TRUE
1627783,"Pascal Siakam","1610612761","Toronto Raptors",2022,"0022100284","20211126",-5,25.15,FALSE
1627783,"Pascal Siakam","1610612761","Toronto Raptors",2022,"0022100284","20211126",0.6,7.15,FALSE
1627783,"Pascal Siakam","1610612761","Toronto Raptors",2022,"0022100284","20211126",0.1,20.35,TRUE
1627783,"Pascal Siakam","1610612761","Toronto Raptors",2022,"0022100284","20211126",-10.9,28.35,FALSE
1627783,"Pascal Siakam","1610612761","Toronto Raptors",2022,"0022100284","20211126",0.9,11.55,TRUE
1627783,"Pascal Siakam","1610612761","Toronto Raptors",2022,"0022100284","20211126",-20.6,19.65,FALSE
1627783,"Pascal Siakam","1610612761","Toronto Raptors",2022,"0022100284","20211126",6.7,13.75,FALSE
1627783,"Pascal Siakam","1610612761","Toronto Raptors",2022,"0022100284","20211126",1.8,14.95,TRUE
1627783,"Pascal Siakam","1610612761","Toronto Raptors",2022,"0022100284","20211126",-11.4,11.95,FALSE
1627783,"Pascal Siakam","1610612761","Toronto Raptors",2022,"0022100284","20211126",4.9,26.45,FALSE
1627783,"Pascal Siakam","1610612761","Toronto Raptors",2022,"0022100284","20211126",3.9,11.65,FALSE
1627783,"Pascal Siakam","1610612761","Toronto Raptors",2022,"0022100284","20211126",2.6,6.45,TRUE
1627783,"Pascal Siakam","1610612761","Toronto Raptors",2022,"0022100302","20211128",14.5,27.05,FALSE
1627783,"Pascal Siakam","1610612761","Toronto Raptors",2022,"0022100302","20211128",-8.7,22.95,TRUE
1627783,"Pascal Siakam","1610612761","Toronto Raptors",2022,"0022100302","20211128",4.2,16.75,FALSE
1627783,"Pascal Siakam","1610612761","Toronto Raptors",2022,"0022100302","20211128",2.8,10.75,TRUE
1627783,"Pascal Siakam","1610612761","Toronto Raptors",2022,"0022100302","20211128",4.2,23.95,TRUE
1627783,"Pascal Siakam","1610612761","Toronto Raptors",2022,"0022100302","20211128",2.7,21.35,FALSE
1627783,"Pascal Siakam","1610612761","Toronto Raptors",2022,"0022100302","20211128",-0.6,6.85,TRUE
1627783,"Pascal Siakam","1610612761","Toronto Raptors",2022,"0022100302","20211128",16.9,26.15,FALSE
1627783,"Pascal Siakam","1610612761","Toronto Raptors",2022,"0022100302","20211128",1.1,6.35,TRUE
1627783,"Pascal Siakam","1610612761","Toronto Raptors",2022,"0022100302","20211128",2,7.75,FALSE
1627783,"Pascal Siakam","1610612761","Toronto Raptors",2022,"0022100302","20211128",6.5,30.75,FALSE
1627783,"Pascal Siakam","1610612761","Toronto Raptors",2022,"0022100302","20211128",12.1,18.25,FALSE
1627783,"Pascal Siakam","1610612761","Toronto Raptors",2022,"0022100302","20211128",3.1,5.95,FALSE
1627783,"Pascal Siakam","1610612761","Toronto Raptors",2022,"0022100302","20211128",-3.6,8.15,FALSE
1627783,"Pascal Siakam","1610612761","Toronto Raptors",2022,"0022100302","20211128",0,5.25,TRUE
1627783,"Pascal Siakam","1610612761","Toronto Raptors",2022,"0022100302","20211128",3.8,8.15,FALSE
1627783,"Pascal Siakam","1610612761","Toronto Raptors",2022,"0022100302","20211128",1.7,8.85,TRUE
1627783,"Pascal Siakam","1610612761","Toronto Raptors",2022,"0022100302","20211128",22.4,5.15,FALSE
1627783,"Pascal Siakam","1610612761","Toronto Raptors",2022,"0022100302","20211128",0,5.15,TRUE
1627783,"Pascal Siakam","1610612761","Toronto Raptors",2022,"0022100315","20211130",-19.4,23.05,FALSE
1627783,"Pascal Siakam","1610612761","Toronto Raptors",2022,"0022100315","20211130",22.3,18.15,TRUE
1627783,"Pascal Siakam","1610612761","Toronto Raptors",2022,"0022100315","20211130",0.4,6.15,FALSE
1627783,"Pascal Siakam","1610612761","Toronto Raptors",2022,"0022100315","20211130",-2.1,7.45,FALSE
1627783,"Pascal Siakam","1610612761","Toronto Raptors",2022,"0022100315","20211130",-2.6,14.85,TRUE
1627783,"Pascal Siakam","1610612761","Toronto Raptors",2022,"0022100315","20211130",10.4,10.45,TRUE
1627783,"Pascal Siakam","1610612761","Toronto Raptors",2022,"0022100315","20211130",-16.2,24.65,FALSE
1627783,"Pascal Siakam","1610612761","Toronto Raptors",2022,"0022100315","20211130",1.8,5.85,FALSE
1627783,"Pascal Siakam","1610612761","Toronto Raptors",2022,"0022100315","20211130",-1.2,6.65,TRUE
1627783,"Pascal Siakam","1610612761","Toronto Raptors",2022,"0022100315","20211130",15.6,26.65,FALSE
1627783,"Pascal Siakam","1610612761","Toronto Raptors",2022,"0022100315","20211130",2.7,9.05,TRUE
1627783,"Pascal Siakam","1610612761","Toronto Raptors",2022,"0022100315","20211130",13.8,12.35,FALSE
1627783,"Pascal Siakam","1610612761","Toronto Raptors",2022,"0022100315","20211130",-1.5,7.95,TRUE
1627783,"Pascal Siakam","1610612761","Toronto Raptors",2022,"0022100315","20211130",5.9,12.55,TRUE
1627783,"Pascal Siakam","1610612761","Toronto Raptors",2022,"0022100315","20211130",0.6,5.95,TRUE
1627783,"Pascal Siakam","1610612761","Toronto Raptors",2022,"0022100315","20211130",3.1,9.85,TRUE
1627783,"Pascal Siakam","1610612761","Toronto Raptors",2022,"0022100315","20211130",2.6,6.45,FALSE
1627783,"Pascal Siakam","1610612761","Toronto Raptors",2022,"0022100315","20211130",0.1,30.65,FALSE
1627783,"Pascal Siakam","1610612761","Toronto Raptors",2022,"0022100315","20211130",4.5,31.55,FALSE
1627783,"Pascal Siakam","1610612761","Toronto Raptors",2022,"0022100329","20211202",-1.5,23.05,TRUE
1627783,"Pascal Siakam","1610612761","Toronto Raptors",2022,"0022100329","20211202",-23.2,6.15,TRUE
1627783,"Pascal Siakam","1610612761","Toronto Raptors",2022,"0022100329","20211202",0,6.65,TRUE
1627783,"Pascal Siakam","1610612761","Toronto Raptors",2022,"0022100329","20211202",-13.6,27.25,FALSE
1627783,"Pascal Siakam","1610612761","Toronto Raptors",2022,"0022100329","20211202",0,5.25,FALSE
1627783,"Pascal Siakam","1610612761","Toronto Raptors",2022,"0022100329","20211202",-2.6,8.45,TRUE
1627783,"Pascal Siakam","1610612761","Toronto Raptors",2022,"0022100329","20211202",-0.4,14.25,TRUE
1627783,"Pascal Siakam","1610612761","Toronto Raptors",2022,"0022100329","20211202",-2.7,12.35,FALSE
1627783,"Pascal Siakam","1610612761","Toronto Raptors",2022,"0022100329","20211202",-2.7,6.55,TRUE
1627783,"Pascal Siakam","1610612761","Toronto Raptors",2022,"0022100329","20211202",-9.7,6.65,TRUE
1627783,"Pascal Siakam","1610612761","Toronto Raptors",2022,"0022100329","20211202",-20.5,21.95,FALSE
1627783,"Pascal Siakam","1610612761","Toronto Raptors",2022,"0022100329","20211202",4.7,6.85,FALSE
1627783,"Pascal Siakam","1610612761","Toronto Raptors",2022,"0022100329","20211202",-15.6,18.35,FALSE
1627783,"Pascal Siakam","1610612761","Toronto Raptors",2022,"0022100329","20211202",2.5,30.45,FALSE
1627783,"Pascal Siakam","1610612761","Toronto Raptors",2022,"0022100329","20211202",-0.1,6.45,TRUE
1627783,"Pascal Siakam","1610612761","Toronto Raptors",2022,"0022100329","20211202",-1.6,4.85,TRUE
1627783,"Pascal Siakam","1610612761","Toronto Raptors",2022,"0022100329","20211202",14.6,12.85,FALSE
1627783,"Pascal Siakam","1610612761","Toronto Raptors",2022,"0022100329","20211202",-1.3,5.45,FALSE
1627783,"Pascal Siakam","1610612761","Toronto Raptors",2022,"0022100351","20211205",4,14.15,FALSE
1627783,"Pascal Siakam","1610612761","Toronto Raptors",2022,"0022100351","20211205",-11.6,21.95,FALSE
1627783,"Pascal Siakam","1610612761","Toronto Raptors",2022,"0022100351","20211205",11.3,5.95,FALSE
1627783,"Pascal Siakam","1610612761","Toronto Raptors",2022,"0022100351","20211205",2.2,11.15,FALSE
1627783,"Pascal Siakam","1610612761","Toronto Raptors",2022,"0022100351","20211205",-9.3,11.55,TRUE
1627783,"Pascal Siakam","1610612761","Toronto Raptors",2022,"0022100351","20211205",-1.1,14.05,FALSE
1627783,"Pascal Siakam","1610612761","Toronto Raptors",2022,"0022100351","20211205",-0.9,4.85,TRUE
1627783,"Pascal Siakam","1610612761","Toronto Raptors",2022,"0022100351","20211205",-9.3,22.55,TRUE
1627783,"Pascal Siakam","1610612761","Toronto Raptors",2022,"0022100351","20211205",-5.6,31.55,TRUE
1627783,"Pascal Siakam","1610612761","Toronto Raptors",2022,"0022100351","20211205",6.6,13.85,TRUE
1627783,"Pascal Siakam","1610612761","Toronto Raptors",2022,"0022100351","20211205",-1,7.55,TRUE
1627783,"Pascal Siakam","1610612761","Toronto Raptors",2022,"0022100351","20211205",-10.4,13.75,TRUE
1627783,"Pascal Siakam","1610612761","Toronto Raptors",2022,"0022100351","20211205",8.8,23.65,TRUE
1627783,"Pascal Siakam","1610612761","Toronto Raptors",2022,"0022100351","20211205",-4.9,6.25,TRUE
1627783,"Pascal Siakam","1610612761","Toronto Raptors",2022,"0022100351","20211205",-10.2,9.45,FALSE
1627783,"Pascal Siakam","1610612761","Toronto Raptors",2022,"0022100351","20211205",-14.5,12.75,FALSE
1627783,"Pascal Siakam","1610612761","Toronto Raptors",2022,"0022100351","20211205",-0.7,8.85,FALSE
1627783,"Pascal Siakam","1610612761","Toronto Raptors",2022,"0022100351","20211205",-8.6,22.35,FALSE
1627783,"Pascal Siakam","1610612761","Toronto Raptors",2022,"0022100351","20211205",-1,18.15,TRUE
1627783,"Pascal Siakam","1610612761","Toronto Raptors",2022,"0022100351","20211205",-1.3,15.65,FALSE
1627783,"Pascal Siakam","1610612761","Toronto Raptors",2022,"0022100351","20211205",15.7,9.35,FALSE
1627783,"Pascal Siakam","1610612761","Toronto Raptors",2022,"0022100371","20211208",6.9,13.15,TRUE
1627783,"Pascal Siakam","1610612761","Toronto Raptors",2022,"0022100371","20211208",0.1,5.75,TRUE
1627783,"Pascal Siakam","1610612761","Toronto Raptors",2022,"0022100371","20211208",2.7,17.75,TRUE
1627783,"Pascal Siakam","1610612761","Toronto Raptors",2022,"0022100371","20211208",1.3,16.85,TRUE
1627783,"Pascal Siakam","1610612761","Toronto Raptors",2022,"0022100371","20211208",1.2,17.95,FALSE
1627783,"Pascal Siakam","1610612761","Toronto Raptors",2022,"0022100371","20211208",-6.2,24.75,TRUE
1627783,"Pascal Siakam","1610612761","Toronto Raptors",2022,"0022100371","20211208",5,17.75,TRUE
1627783,"Pascal Siakam","1610612761","Toronto Raptors",2022,"0022100371","20211208",1,30.55,TRUE
1627783,"Pascal Siakam","1610612761","Toronto Raptors",2022,"0022100371","20211208",14.5,10.65,FALSE
1627783,"Pascal Siakam","1610612761","Toronto Raptors",2022,"0022100371","20211208",-5.1,11.85,FALSE
1627783,"Pascal Siakam","1610612761","Toronto Raptors",2022,"0022100371","20211208",-2.8,12.15,FALSE
1627783,"Pascal Siakam","1610612761","Toronto Raptors",2022,"0022100371","20211208",3.2,12.75,TRUE
1627783,"Pascal Siakam","1610612761","Toronto Raptors",2022,"0022100371","20211208",-5,23.25,FALSE
1627783,"Pascal Siakam","1610612761","Toronto Raptors",2022,"0022100371","20211208",0,5.25,TRUE
1627783,"Pascal Siakam","1610612761","Toronto Raptors",2022,"0022100371","20211208",22.9,6.15,TRUE
1627783,"Pascal Siakam","1610612761","Toronto Raptors",2022,"0022100385","20211210",-0.6,5.45,TRUE
1627783,"Pascal Siakam","1610612761","Toronto Raptors",2022,"0022100385","20211210",13.7,20.75,FALSE
1627783,"Pascal Siakam","1610612761","Toronto Raptors",2022,"0022100385","20211210",-8,29.15,FALSE
1627783,"Pascal Siakam","1610612761","Toronto Raptors",2022,"0022100385","20211210",-13.4,10.95,FALSE
1627783,"Pascal Siakam","1610612761","Toronto Raptors",2022,"0022100385","20211210",-11.4,9.45,FALSE
1627783,"Pascal Siakam","1610612761","Toronto Raptors",2022,"0022100385","20211210",-8.6,29.65,FALSE
1627783,"Pascal Siakam","1610612761","Toronto Raptors",2022,"0022100385","20211210",3.2,8.85,FALSE
1627783,"Pascal Siakam","1610612761","Toronto Raptors",2022,"0022100385","20211210",0.1,10.15,TRUE
1627783,"Pascal Siakam","1610612761","Toronto Raptors",2022,"0022100385","20211210",-3.7,9.15,FALSE
1627783,"Pascal Siakam","1610612761","Toronto Raptors",2022,"0022100385","20211210",4.8,24.75,FALSE
1627783,"Pascal Siakam","1610612761","Toronto Raptors",2022,"0022100385","20211210",1.1,20.75,FALSE
1627783,"Pascal Siakam","1610612761","Toronto Raptors",2022,"0022100385","20211210",-9.6,22.85,FALSE
1627783,"Pascal Siakam","1610612761","Toronto Raptors",2022,"0022100385","20211210",0,6.75,TRUE
1627783,"Pascal Siakam","1610612761","Toronto Raptors",2022,"0022100385","20211210",-1.3,23.95,FALSE
1627783,"Pascal Siakam","1610612761","Toronto Raptors",2022,"0022100385","20211210",-16.7,14.15,FALSE
1627783,"Pascal Siakam","1610612761","Toronto Raptors",2022,"0022100385","20211210",-12.9,28.35,FALSE
1627783,"Pascal Siakam","1610612761","Toronto Raptors",2022,"0022100385","20211210",-3.1,21.55,FALSE
1627783,"Pascal Siakam","1610612761","Toronto Raptors",2022,"0022100385","20211210",-9.6,21.65,FALSE
1627783,"Pascal Siakam","1610612761","Toronto Raptors",2022,"0022100406","20211213",0.4,5.25,TRUE
1627783,"Pascal Siakam","1610612761","Toronto Raptors",2022,"0022100406","20211213",-8.5,20.55,FALSE
1627783,"Pascal Siakam","1610612761","Toronto Raptors",2022,"0022100406","20211213",-20.8,20.05,FALSE
1627783,"Pascal Siakam","1610612761","Toronto Raptors",2022,"0022100406","20211213",-3.1,12.85,FALSE
1627783,"Pascal Siakam","1610612761","Toronto Raptors",2022,"0022100406","20211213",23.4,7.25,FALSE
1627783,"Pascal Siakam","1610612761","Toronto Raptors",2022,"0022100406","20211213",4.2,7.25,TRUE
1627783,"Pascal Siakam","1610612761","Toronto Raptors",2022,"0022100406","20211213",4.7,12.15,TRUE
1627783,"Pascal Siakam","1610612761","Toronto Raptors",2022,"0022100406","20211213",2.1,5.35,TRUE
1627783,"Pascal Siakam","1610612761","Toronto Raptors",2022,"0022100406","20211213",4.7,8.65,TRUE
1627783,"Pascal Siakam","1610612761","Toronto Raptors",2022,"0022100406","20211213",-3.8,7.45,FALSE
1627783,"Pascal Siakam","1610612761","Toronto Raptors",2022,"0022100406","20211213",-3.8,12.05,TRUE
1627783,"Pascal Siakam","1610612761","Toronto Raptors",2022,"0022100406","20211213",-0.4,16.35,FALSE
1627783,"Pascal Siakam","1610612761","Toronto Raptors",2022,"0022100406","20211213",-4.5,10.45,TRUE
1627783,"Pascal Siakam","1610612761","Toronto Raptors",2022,"0022100406","20211213",-3.6,11.55,TRUE
1627783,"Pascal Siakam","1610612761","Toronto Raptors",2022,"0022100406","20211213",16.3,25.55,FALSE
1627783,"Pascal Siakam","1610612761","Toronto Raptors",2022,"0022100413","20211214",-2.3,11.85,FALSE
1627783,"Pascal Siakam","1610612761","Toronto Raptors",2022,"0022100413","20211214",1.1,6.05,TRUE
1627783,"Pascal Siakam","1610612761","Toronto Raptors",2022,"0022100413","20211214",-1.7,12.65,TRUE
1627783,"Pascal Siakam","1610612761","Toronto Raptors",2022,"0022100413","20211214",14.2,6.95,TRUE
1627783,"Pascal Siakam","1610612761","Toronto Raptors",2022,"0022100413","20211214",8.2,24.75,TRUE
1627783,"Pascal Siakam","1610612761","Toronto Raptors",2022,"0022100413","20211214",-23,5.75,FALSE
1627783,"Pascal Siakam","1610612761","Toronto Raptors",2022,"0022100413","20211214",10.4,7.55,FALSE
1627783,"Pascal Siakam","1610612761","Toronto Raptors",2022,"0022100413","20211214",-17.4,24.45,FALSE
1627783,"Pascal Siakam","1610612761","Toronto Raptors",2022,"0022100413","20211214",0,4.85,TRUE
1627783,"Pascal Siakam","1610612761","Toronto Raptors",2022,"0022100413","20211214",2.6,7.85,TRUE
1627783,"Pascal Siakam","1610612761","Toronto Raptors",2022,"0022100413","20211214",0.2,5.75,TRUE
1627783,"Pascal Siakam","1610612761","Toronto Raptors",2022,"0022100413","20211214",0.2,5.25,TRUE
1627783,"Pascal Siakam","1610612761","Toronto Raptors",2022,"0022100413","20211214",0.1,6.25,TRUE
1627783,"Pascal Siakam","1610612761","Toronto Raptors",2022,"0022100413","20211214",-3.1,22.75,TRUE
1627783,"Pascal Siakam","1610612761","Toronto Raptors",2022,"0022100413","20211214",-22.1,9.15,FALSE
1627783,"Pascal Siakam","1610612761","Toronto Raptors",2022,"0022100413","20211214",0.7,13.25,TRUE
1627783,"Pascal Siakam","1610612761","Toronto Raptors",2022,"0022100413","20211214",11.2,21.25,FALSE
1627783,"Pascal Siakam","1610612761","Toronto Raptors",2022,"0022100413","20211214",-3.8,5.75,FALSE
1627783,"Pascal Siakam","1610612761","Toronto Raptors",2022,"0022100413","20211214",-2.1,5.35,TRUE
1627783,"Pascal Siakam","1610612761","Toronto Raptors",2022,"0022100413","20211214",1.8,25.95,FALSE
1627783,"Pascal Siakam","1610612761","Toronto Raptors",2022,"0022100413","20211214",-12,29.15,FALSE
1627783,"Pascal Siakam","1610612761","Toronto Raptors",2022,"0022100430","20220203",-3.7,13.65,TRUE
1627783,"Pascal Siakam","1610612761","Toronto Raptors",2022,"0022100430","20220203",-10.8,22.65,TRUE
1627783,"Pascal Siakam","1610612761","Toronto Raptors",2022,"0022100430","20220203",12.9,6.55,TRUE
1627783,"Pascal Siakam","1610612761","Toronto Raptors",2022,"0022100430","20220203",-2.8,12.35,FALSE
1627783,"Pascal Siakam","1610612761","Toronto Raptors",2022,"0022100430","20220203",0,5.25,TRUE
1627783,"Pascal Siakam","1610612761","Toronto Raptors",2022,"0022100430","20220203",-3.9,5.85,FALSE
1627783,"Pascal Siakam","1610612761","Toronto Raptors",2022,"0022100430","20220203",14.1,27.75,TRUE
1627783,"Pascal Siakam","1610612761","Toronto Raptors",2022,"0022100430","20220203",-6.6,10.25,TRUE
1627783,"Pascal Siakam","1610612761","Toronto Raptors",2022,"0022100430","20220203",-3.4,7.15,TRUE
1627783,"Pascal Siakam","1610612761","Toronto Raptors",2022,"0022100430","20220203",-16.8,25.75,FALSE
1627783,"Pascal Siakam","1610612761","Toronto Raptors",2022,"0022100430","20220203",-18.5,24.15,FALSE
1627783,"Pascal Siakam","1610612761","Toronto Raptors",2022,"0022100430","20220203",-16.3,10.95,FALSE
1627783,"Pascal Siakam","1610612761","Toronto Raptors",2022,"0022100430","20220203",10,32.15,FALSE
1627783,"Pascal Siakam","1610612761","Toronto Raptors",2022,"0022100430","20220203",-13,8.05,FALSE
1627783,"Pascal Siakam","1610612761","Toronto Raptors",2022,"0022100430","20220203",-2.3,7.35,FALSE
1627783,"Pascal Siakam","1610612761","Toronto Raptors",2022,"0022100430","20220203",0.7,6.05,TRUE
1627783,"Pascal Siakam","1610612761","Toronto Raptors",2022,"0022100430","20220203",2.1,6.45,FALSE
1627783,"Pascal Siakam","1610612761","Toronto Raptors",2022,"0022100430","20220203",13.5,14.95,FALSE
1627783,"Pascal Siakam","1610612761","Toronto Raptors",2022,"0022100430","20220203",-1.2,6.05,FALSE
1627783,"Pascal Siakam","1610612761","Toronto Raptors",2022,"0022100430","20220203",0,5.25,FALSE
1627783,"Pascal Siakam","1610612761","Toronto Raptors",2022,"0022100430","20220203",1,8.15,FALSE
1627783,"Pascal Siakam","1610612761","Toronto Raptors",2022,"0022100430","20220203",-10,7.35,TRUE
1627783,"Pascal Siakam","1610612761","Toronto Raptors",2022,"0022100458","20220304",4,13.15,TRUE
1627783,"Pascal Siakam","1610612761","Toronto Raptors",2022,"0022100458","20220304",-2.9,12.05,FALSE
1627783,"Pascal Siakam","1610612761","Toronto Raptors",2022,"0022100458","20220304",22.4,9.05,TRUE
1627783,"Pascal Siakam","1610612761","Toronto Raptors",2022,"0022100458","20220304",-5.1,8.65,FALSE
1627783,"Pascal Siakam","1610612761","Toronto Raptors",2022,"0022100458","20220304",-1.3,6.75,TRUE
1627783,"Pascal Siakam","1610612761","Toronto Raptors",2022,"0022100458","20220304",1.5,30.75,FALSE
1627783,"Pascal Siakam","1610612761","Toronto Raptors",2022,"0022100458","20220304",0.1,24.15,FALSE
1627783,"Pascal Siakam","1610612761","Toronto Raptors",2022,"0022100458","20220304",-5.5,8.15,TRUE
1627783,"Pascal Siakam","1610612761","Toronto Raptors",2022,"0022100458","20220304",-0.9,6.05,TRUE
1627783,"Pascal Siakam","1610612761","Toronto Raptors",2022,"0022100458","20220304",1.1,12.25,TRUE
1627783,"Pascal Siakam","1610612761","Toronto Raptors",2022,"0022100458","20220304",3.4,23.35,FALSE
1627783,"Pascal Siakam","1610612761","Toronto Raptors",2022,"0022100458","20220304",12.4,29.15,TRUE
1627783,"Pascal Siakam","1610612761","Toronto Raptors",2022,"0022100458","20220304",0.9,15.65,FALSE
1627783,"Pascal Siakam","1610612761","Toronto Raptors",2022,"0022100458","20220304",-2,5.85,TRUE
1627783,"Pascal Siakam","1610612761","Toronto Raptors",2022,"0022100458","20220304",-1.2,6.55,TRUE
1627783,"Pascal Siakam","1610612761","Toronto Raptors",2022,"0022100458","20220304",2.7,14.35,TRUE
1627783,"Pascal Siakam","1610612761","Toronto Raptors",2022,"0022100458","20220304",0,5.45,TRUE
1627783,"Pascal Siakam","1610612761","Toronto Raptors",2022,"0022100458","20220304",3.3,13.75,FALSE
1627783,"Pascal Siakam","1610612761","Toronto Raptors",2022,"0022100458","20220304",0.2,5.15,TRUE
1627783,"Pascal Siakam","1610612761","Toronto Raptors",2022,"0022100458","20220304",2.9,6.35,TRUE
1627783,"Pascal Siakam","1610612761","Toronto Raptors",2022,"0022100472","20220126",-0.4,14.25,FALSE
1627783,"Pascal Siakam","1610612761","Toronto Raptors",2022,"0022100472","20220126",-0.7,12.85,FALSE
1627783,"Pascal Siakam","1610612761","Toronto Raptors",2022,"0022100472","20220126",-0.4,10.75,FALSE
1627783,"Pascal Siakam","1610612761","Toronto Raptors",2022,"0022100472","20220126",-1.3,22.85,FALSE
1627783,"Pascal Siakam","1610612761","Toronto Raptors",2022,"0022100472","20220126",-2.5,13.55,FALSE
1627783,"Pascal Siakam","1610612761","Toronto Raptors",2022,"0022100472","20220126",-0.2,9.25,TRUE
1627783,"Pascal Siakam","1610612761","Toronto Raptors",2022,"0022100472","20220126",-9.2,9.85,FALSE
1627783,"Pascal Siakam","1610612761","Toronto Raptors",2022,"0022100472","20220126",0.6,5.65,TRUE
1627783,"Pascal Siakam","1610612761","Toronto Raptors",2022,"0022100472","20220126",0,12.45,FALSE
1627783,"Pascal Siakam","1610612761","Toronto Raptors",2022,"0022100472","20220126",-1.8,6.35,TRUE
1627783,"Pascal Siakam","1610612761","Toronto Raptors",2022,"0022100472","20220126",8.5,12.35,FALSE
1627783,"Pascal Siakam","1610612761","Toronto Raptors",2022,"0022100472","20220126",0.1,8.35,FALSE
1627783,"Pascal Siakam","1610612761","Toronto Raptors",2022,"0022100510","20211228",-9.6,22.75,TRUE
1627783,"Pascal Siakam","1610612761","Toronto Raptors",2022,"0022100510","20211228",-17,17.45,TRUE
1627783,"Pascal Siakam","1610612761","Toronto Raptors",2022,"0022100510","20211228",7.7,18.25,TRUE
1627783,"Pascal Siakam","1610612761","Toronto Raptors",2022,"0022100510","20211228",-6.6,16.25,FALSE
1627783,"Pascal Siakam","1610612761","Toronto Raptors",2022,"0022100510","20211228",-2.9,13.25,FALSE
1627783,"Pascal Siakam","1610612761","Toronto Raptors",2022,"0022100510","20211228",11.8,8.05,TRUE
1627783,"Pascal Siakam","1610612761","Toronto Raptors",2022,"0022100510","20211228",8.2,24.85,TRUE
1627783,"Pascal Siakam","1610612761","Toronto Raptors",2022,"0022100510","20211228",2.7,6.35,TRUE
1627783,"Pascal Siakam","1610612761","Toronto Raptors",2022,"0022100510","20211228",9.9,29.85,FALSE
1627783,"Pascal Siakam","1610612761","Toronto Raptors",2022,"0022100510","20211228",6.6,9.95,FALSE
1627783,"Pascal Siakam","1610612761","Toronto Raptors",2022,"0022100510","20211228",-5.1,30.35,FALSE
1627783,"Pascal Siakam","1610612761","Toronto Raptors",2022,"0022100510","20211228",-12.9,15.15,FALSE
1627783,"Pascal Siakam","1610612761","Toronto Raptors",2022,"0022100510","20211228",0,6.05,TRUE
1627783,"Pascal Siakam","1610612761","Toronto Raptors",2022,"0022100510","20211228",-23.5,5.25,FALSE
1627783,"Pascal Siakam","1610612761","Toronto Raptors",2022,"0022100510","20211228",1.8,6.85,TRUE
1627783,"Pascal Siakam","1610612761","Toronto Raptors",2022,"0022100510","20211228",-0.1,12.05,FALSE
1627783,"Pascal Siakam","1610612761","Toronto Raptors",2022,"0022100510","20211228",-2.8,7.35,FALSE
1627783,"Pascal Siakam","1610612761","Toronto Raptors",2022,"0022100510","20211228",0,5.25,TRUE
1627783,"Pascal Siakam","1610612761","Toronto Raptors",2022,"0022100510","20211228",2.1,6.65,TRUE
1627783,"Pascal Siakam","1610612761","Toronto Raptors",2022,"0022100510","20211228",6.1,30.75,FALSE
1627783,"Pascal Siakam","1610612761","Toronto Raptors",2022,"0022100510","20211228",-5.6,7.85,TRUE
1627783,"Pascal Siakam","1610612761","Toronto Raptors",2022,"0022100534","20211231",2.5,9.85,TRUE
1627783,"Pascal Siakam","1610612761","Toronto Raptors",2022,"0022100534","20211231",-11.6,29.35,TRUE
1627783,"Pascal Siakam","1610612761","Toronto Raptors",2022,"0022100534","20211231",-10.7,9.55,FALSE
1627783,"Pascal Siakam","1610612761","Toronto Raptors",2022,"0022100534","20211231",0.2,13.05,FALSE
1627783,"Pascal Siakam","1610612761","Toronto Raptors",2022,"0022100534","20211231",-0.6,9.05,TRUE
1627783,"Pascal Siakam","1610612761","Toronto Raptors",2022,"0022100534","20211231",-8.5,13.05,TRUE
1627783,"Pascal Siakam","1610612761","Toronto Raptors",2022,"0022100534","20211231",-7,11.45,FALSE
1627783,"Pascal Siakam","1610612761","Toronto Raptors",2022,"0022100534","20211231",-5.9,10.45,FALSE
1627783,"Pascal Siakam","1610612761","Toronto Raptors",2022,"0022100534","20211231",-3.8,7.25,FALSE
1627783,"Pascal Siakam","1610612761","Toronto Raptors",2022,"0022100534","20211231",22.9,7.85,FALSE
1627783,"Pascal Siakam","1610612761","Toronto Raptors",2022,"0022100534","20211231",-2.9,6.35,TRUE
1627783,"Pascal Siakam","1610612761","Toronto Raptors",2022,"0022100534","20211231",1.8,6.45,FALSE
1627783,"Pascal Siakam","1610612761","Toronto Raptors",2022,"0022100534","20211231",4,9.15,TRUE
1627783,"Pascal Siakam","1610612761","Toronto Raptors",2022,"0022100534","20211231",2.5,11.65,FALSE
1627783,"Pascal Siakam","1610612761","Toronto Raptors",2022,"0022100534","20211231",-3.4,9.35,FALSE
1627783,"Pascal Siakam","1610612761","Toronto Raptors",2022,"0022100534","20211231",-5.9,7.45,TRUE
1627783,"Pascal Siakam","1610612761","Toronto Raptors",2022,"0022100534","20211231",0,5.25,TRUE
1627783,"Pascal Siakam","1610612761","Toronto Raptors",2022,"0022100534","20211231",1.7,6.55,TRUE
1627783,"Pascal Siakam","1610612761","Toronto Raptors",2022,"0022100534","20211231",-1.8,8.65,FALSE
1627783,"Pascal Siakam","1610612761","Toronto Raptors",2022,"0022100534","20211231",-1.1,5.85,TRUE
1627783,"Pascal Siakam","1610612761","Toronto Raptors",2022,"0022100545","20220102",6.2,14.45,TRUE
1627783,"Pascal Siakam","1610612761","Toronto Raptors",2022,"0022100545","20220102",-2.8,6.05,FALSE
1627783,"Pascal Siakam","1610612761","Toronto Raptors",2022,"0022100545","20220102",-2.9,5.65,TRUE
1627783,"Pascal Siakam","1610612761","Toronto Raptors",2022,"0022100545","20220102",10.7,21.15,FALSE
1627783,"Pascal Siakam","1610612761","Toronto Raptors",2022,"0022100545","20220102",0,5.25,FALSE
1627783,"Pascal Siakam","1610612761","Toronto Raptors",2022,"0022100545","20220102",14.6,20.35,TRUE
1627783,"Pascal Siakam","1610612761","Toronto Raptors",2022,"0022100545","20220102",-15.6,35.65,FALSE
1627783,"Pascal Siakam","1610612761","Toronto Raptors",2022,"0022100545","20220102",-3.9,7.65,FALSE
1627783,"Pascal Siakam","1610612761","Toronto Raptors",2022,"0022100545","20220102",-2.3,7.15,TRUE
1627783,"Pascal Siakam","1610612761","Toronto Raptors",2022,"0022100545","20220102",1.7,11.85,TRUE
1627783,"Pascal Siakam","1610612761","Toronto Raptors",2022,"0022100545","20220102",-1.3,8.35,TRUE
1627783,"Pascal Siakam","1610612761","Toronto Raptors",2022,"0022100545","20220102",0.1,11.85,TRUE
1627783,"Pascal Siakam","1610612761","Toronto Raptors",2022,"0022100545","20220102",11.5,18.15,FALSE
1627783,"Pascal Siakam","1610612761","Toronto Raptors",2022,"0022100545","20220102",0,5.25,FALSE
1627783,"Pascal Siakam","1610612761","Toronto Raptors",2022,"0022100545","20220102",-4.3,9.55,FALSE
1627783,"Pascal Siakam","1610612761","Toronto Raptors",2022,"0022100563","20220104",17.8,24.05,TRUE
1627783,"Pascal Siakam","1610612761","Toronto Raptors",2022,"0022100563","20220104",3.3,6.35,FALSE
1627783,"Pascal Siakam","1610612761","Toronto Raptors",2022,"0022100563","20220104",-2.1,5.75,TRUE
1627783,"Pascal Siakam","1610612761","Toronto Raptors",2022,"0022100563","20220104",3.7,11.55,FALSE
1627783,"Pascal Siakam","1610612761","Toronto Raptors",2022,"0022100563","20220104",1.1,6.75,FALSE
1627783,"Pascal Siakam","1610612761","Toronto Raptors",2022,"0022100563","20220104",-2,6.05,TRUE
1627783,"Pascal Siakam","1610612761","Toronto Raptors",2022,"0022100563","20220104",-4.5,6.85,FALSE
1627783,"Pascal Siakam","1610612761","Toronto Raptors",2022,"0022100563","20220104",-8,28.45,TRUE
1627783,"Pascal Siakam","1610612761","Toronto Raptors",2022,"0022100563","20220104",1.5,5.75,FALSE
1627783,"Pascal Siakam","1610612761","Toronto Raptors",2022,"0022100563","20220104",-0.1,6.65,TRUE
1627783,"Pascal Siakam","1610612761","Toronto Raptors",2022,"0022100563","20220104",-0.6,6.75,TRUE
1627783,"Pascal Siakam","1610612761","Toronto Raptors",2022,"0022100563","20220104",-2.6,23.45,FALSE
1627783,"Pascal Siakam","1610612761","Toronto Raptors",2022,"0022100563","20220104",1.6,6.05,TRUE
1627783,"Pascal Siakam","1610612761","Toronto Raptors",2022,"0022100573","20220105",-2,8.05,FALSE
1627783,"Pascal Siakam","1610612761","Toronto Raptors",2022,"0022100573","20220105",-1.3,7.35,TRUE
1627783,"Pascal Siakam","1610612761","Toronto Raptors",2022,"0022100573","20220105",5.5,31.25,TRUE
1627783,"Pascal Siakam","1610612761","Toronto Raptors",2022,"0022100573","20220105",-4.3,17.35,TRUE
1627783,"Pascal Siakam","1610612761","Toronto Raptors",2022,"0022100573","20220105",-5.6,9.55,FALSE
1627783,"Pascal Siakam","1610612761","Toronto Raptors",2022,"0022100573","20220105",10.4,21.45,TRUE
1627783,"Pascal Siakam","1610612761","Toronto Raptors",2022,"0022100573","20220105",11.4,20.05,TRUE
1627783,"Pascal Siakam","1610612761","Toronto Raptors",2022,"0022100573","20220105",2.6,8.05,FALSE
1627783,"Pascal Siakam","1610612761","Toronto Raptors",2022,"0022100573","20220105",-0.1,8.85,TRUE
1627783,"Pascal Siakam","1610612761","Toronto Raptors",2022,"0022100573","20220105",6.9,16.85,TRUE
1627783,"Pascal Siakam","1610612761","Toronto Raptors",2022,"0022100573","20220105",-10.9,32.15,TRUE
1627783,"Pascal Siakam","1610612761","Toronto Raptors",2022,"0022100573","20220105",8.9,30.75,FALSE
1627783,"Pascal Siakam","1610612761","Toronto Raptors",2022,"0022100573","20220105",-7.4,15.05,TRUE
1627783,"Pascal Siakam","1610612761","Toronto Raptors",2022,"0022100573","20220105",-0.7,5.55,TRUE
1627783,"Pascal Siakam","1610612761","Toronto Raptors",2022,"0022100573","20220105",-23.8,9.75,FALSE
1627783,"Pascal Siakam","1610612761","Toronto Raptors",2022,"0022100573","20220105",-9.1,23.55,TRUE
1627783,"Pascal Siakam","1610612761","Toronto Raptors",2022,"0022100573","20220105",-11.9,22.15,FALSE
1627783,"Pascal Siakam","1610612761","Toronto Raptors",2022,"0022100573","20220105",-1.3,7.25,TRUE
1627783,"Pascal Siakam","1610612761","Toronto Raptors",2022,"0022100573","20220105",-3.3,12.45,TRUE
1627783,"Pascal Siakam","1610612761","Toronto Raptors",2022,"0022100573","20220105",14.6,9.75,FALSE
1627783,"Pascal Siakam","1610612761","Toronto Raptors",2022,"0022100573","20220105",-0.9,15.75,FALSE
1627783,"Pascal Siakam","1610612761","Toronto Raptors",2022,"0022100573","20220105",-0.4,12.65,FALSE
1627783,"Pascal Siakam","1610612761","Toronto Raptors",2022,"0022100573","20220105",4.9,13.05,FALSE
1627783,"Pascal Siakam","1610612761","Toronto Raptors",2022,"0022100584","20220107",1.6,13.75,FALSE
1627783,"Pascal Siakam","1610612761","Toronto Raptors",2022,"0022100584","20220107",17,24.45,TRUE
1627783,"Pascal Siakam","1610612761","Toronto Raptors",2022,"0022100584","20220107",0.1,30.95,FALSE
1627783,"Pascal Siakam","1610612761","Toronto Raptors",2022,"0022100584","20220107",20.6,20.05,TRUE
1627783,"Pascal Siakam","1610612761","Toronto Raptors",2022,"0022100584","20220107",-0.5,19.25,FALSE
1627783,"Pascal Siakam","1610612761","Toronto Raptors",2022,"0022100584","20220107",0.4,26.65,FALSE
1627783,"Pascal Siakam","1610612761","Toronto Raptors",2022,"0022100584","20220107",-19.5,19.65,FALSE
1627783,"Pascal Siakam","1610612761","Toronto Raptors",2022,"0022100584","20220107",-1.1,5.95,TRUE
1627783,"Pascal Siakam","1610612761","Toronto Raptors",2022,"0022100584","20220107",1.7,9.65,FALSE
1627783,"Pascal Siakam","1610612761","Toronto Raptors",2022,"0022100584","20220107",0.7,5.95,TRUE
1627783,"Pascal Siakam","1610612761","Toronto Raptors",2022,"0022100584","20220107",3.4,6.85,TRUE
1627783,"Pascal Siakam","1610612761","Toronto Raptors",2022,"0022100584","20220107",2.5,10.55,TRUE
1627783,"Pascal Siakam","1610612761","Toronto Raptors",2022,"0022100584","20220107",1.5,6.25,FALSE
1627783,"Pascal Siakam","1610612761","Toronto Raptors",2022,"0022100584","20220107",4,17.85,FALSE
1627783,"Pascal Siakam","1610612761","Toronto Raptors",2022,"0022100584","20220107",17,24.15,FALSE
1627783,"Pascal Siakam","1610612761","Toronto Raptors",2022,"0022100584","20220107",-2,15.65,FALSE
1627783,"Pascal Siakam","1610612761","Toronto Raptors",2022,"0022100599","20220109",0.5,7.65,FALSE
1627783,"Pascal Siakam","1610612761","Toronto Raptors",2022,"0022100599","20220109",22.5,7.75,TRUE
1627783,"Pascal Siakam","1610612761","Toronto Raptors",2022,"0022100599","20220109",5.6,17.85,FALSE
1627783,"Pascal Siakam","1610612761","Toronto Raptors",2022,"0022100599","20220109",1.7,6.95,TRUE
1627783,"Pascal Siakam","1610612761","Toronto Raptors",2022,"0022100599","20220109",-0.2,12.35,FALSE
1627783,"Pascal Siakam","1610612761","Toronto Raptors",2022,"0022100599","20220109",-6.9,8.45,TRUE
1627783,"Pascal Siakam","1610612761","Toronto Raptors",2022,"0022100599","20220109",-1.8,6.05,TRUE
1627783,"Pascal Siakam","1610612761","Toronto Raptors",2022,"0022100599","20220109",18.3,22.15,FALSE
1627783,"Pascal Siakam","1610612761","Toronto Raptors",2022,"0022100599","20220109",4.8,24.55,FALSE
1627783,"Pascal Siakam","1610612761","Toronto Raptors",2022,"0022100599","20220109",19.5,23.25,FALSE
1627783,"Pascal Siakam","1610612761","Toronto Raptors",2022,"0022100599","20220109",6.2,9.05,FALSE
1627783,"Pascal Siakam","1610612761","Toronto Raptors",2022,"0022100599","20220109",0,17.85,FALSE
1627783,"Pascal Siakam","1610612761","Toronto Raptors",2022,"0022100599","20220109",-0.1,6.85,TRUE
1627783,"Pascal Siakam","1610612761","Toronto Raptors",2022,"0022100599","20220109",20.5,21.55,TRUE
1627783,"Pascal Siakam","1610612761","Toronto Raptors",2022,"0022100599","20220109",0.1,6.45,TRUE
1627783,"Pascal Siakam","1610612761","Toronto Raptors",2022,"0022100599","20220109",-15.7,25.15,TRUE
1627783,"Pascal Siakam","1610612761","Toronto Raptors",2022,"0022100599","20220109",2.2,5.45,FALSE
1627783,"Pascal Siakam","1610612761","Toronto Raptors",2022,"0022100599","20220109",-7.1,18.05,FALSE
1627783,"Pascal Siakam","1610612761","Toronto Raptors",2022,"0022100613","20220111",-2,16.15,TRUE
1627783,"Pascal Siakam","1610612761","Toronto Raptors",2022,"0022100613","20220111",-9.9,30.35,FALSE
1627783,"Pascal Siakam","1610612761","Toronto Raptors",2022,"0022100613","20220111",0.6,22.65,TRUE
1627783,"Pascal Siakam","1610612761","Toronto Raptors",2022,"0022100613","20220111",0.9,7.25,TRUE
1627783,"Pascal Siakam","1610612761","Toronto Raptors",2022,"0022100613","20220111",3.8,8.45,TRUE
1627783,"Pascal Siakam","1610612761","Toronto Raptors",2022,"0022100613","20220111",-15,26.05,FALSE
1627783,"Pascal Siakam","1610612761","Toronto Raptors",2022,"0022100613","20220111",-3.6,15.55,FALSE
1627783,"Pascal Siakam","1610612761","Toronto Raptors",2022,"0022100613","20220111",14,28.25,FALSE
1627783,"Pascal Siakam","1610612761","Toronto Raptors",2022,"0022100613","20220111",-4,14.25,FALSE
1627783,"Pascal Siakam","1610612761","Toronto Raptors",2022,"0022100613","20220111",2.2,6.35,TRUE
1627783,"Pascal Siakam","1610612761","Toronto Raptors",2022,"0022100613","20220111",-21.7,19.95,FALSE
1627783,"Pascal Siakam","1610612761","Toronto Raptors",2022,"0022100613","20220111",-2.9,6.75,TRUE
1627783,"Pascal Siakam","1610612761","Toronto Raptors",2022,"0022100613","20220111",3.4,17.95,FALSE
1627783,"Pascal Siakam","1610612761","Toronto Raptors",2022,"0022100613","20220111",-3.6,6.25,TRUE
1627783,"Pascal Siakam","1610612761","Toronto Raptors",2022,"0022100613","20220111",4.7,12.85,TRUE
1627783,"Pascal Siakam","1610612761","Toronto Raptors",2022,"0022100613","20220111",20.2,23.15,FALSE
1627783,"Pascal Siakam","1610612761","Toronto Raptors",2022,"0022100613","20220111",-2.7,5.95,FALSE
1627783,"Pascal Siakam","1610612761","Toronto Raptors",2022,"0022100613","20220111",-5.4,24.15,TRUE
1627783,"Pascal Siakam","1610612761","Toronto Raptors",2022,"0022100613","20220111",12.7,21.95,FALSE
1627783,"Pascal Siakam","1610612761","Toronto Raptors",2022,"0022100613","20220111",-5,6.25,FALSE
1627783,"Pascal Siakam","1610612761","Toronto Raptors",2022,"0022100613","20220111",11.4,13.55,FALSE
1627783,"Pascal Siakam","1610612761","Toronto Raptors",2022,"0022100613","20220111",-2.1,8.05,TRUE
1627783,"Pascal Siakam","1610612761","Toronto Raptors",2022,"0022100613","20220111",2.9,22.55,FALSE
1627783,"Pascal Siakam","1610612761","Toronto Raptors",2022,"0022100633","20220114",1,21.95,FALSE
1627783,"Pascal Siakam","1610612761","Toronto Raptors",2022,"0022100633","20220114",-9.1,29.95,FALSE
1627783,"Pascal Siakam","1610612761","Toronto Raptors",2022,"0022100633","20220114",-22.4,10.75,TRUE
1627783,"Pascal Siakam","1610612761","Toronto Raptors",2022,"0022100633","20220114",-0.1,8.75,FALSE
1627783,"Pascal Siakam","1610612761","Toronto Raptors",2022,"0022100633","20220114",0.5,8.65,FALSE
1627783,"Pascal Siakam","1610612761","Toronto Raptors",2022,"0022100633","20220114",-6.7,15.15,TRUE
1627783,"Pascal Siakam","1610612761","Toronto Raptors",2022,"0022100633","20220114",5.1,16.35,FALSE
1627783,"Pascal Siakam","1610612761","Toronto Raptors",2022,"0022100633","20220114",-0.7,9.95,FALSE
1627783,"Pascal Siakam","1610612761","Toronto Raptors",2022,"0022100633","20220114",4,5.05,TRUE
1627783,"Pascal Siakam","1610612761","Toronto Raptors",2022,"0022100633","20220114",-1.8,7.35,TRUE
1627783,"Pascal Siakam","1610612761","Toronto Raptors",2022,"0022100633","20220114",-1.1,11.65,TRUE
1627783,"Pascal Siakam","1610612761","Toronto Raptors",2022,"0022100633","20220114",4.8,10.95,TRUE
1627783,"Pascal Siakam","1610612761","Toronto Raptors",2022,"0022100633","20220114",1.1,7.85,TRUE
1627783,"Pascal Siakam","1610612761","Toronto Raptors",2022,"0022100633","20220114",1.7,11.05,FALSE
1627783,"Pascal Siakam","1610612761","Toronto Raptors",2022,"0022100633","20220114",1.3,9.55,FALSE
1627783,"Pascal Siakam","1610612761","Toronto Raptors",2022,"0022100633","20220114",-1.6,11.65,TRUE
1627783,"Pascal Siakam","1610612761","Toronto Raptors",2022,"0022100633","20220114",-1.5,9.05,FALSE
1627783,"Pascal Siakam","1610612761","Toronto Raptors",2022,"0022100641","20220115",-1.7,24.35,FALSE
1627783,"Pascal Siakam","1610612761","Toronto Raptors",2022,"0022100641","20220115",0,5.95,FALSE
1627783,"Pascal Siakam","1610612761","Toronto Raptors",2022,"0022100641","20220115",-10.3,20.65,TRUE
1627783,"Pascal Siakam","1610612761","Toronto Raptors",2022,"0022100641","20220115",-11.3,13.75,FALSE
1627783,"Pascal Siakam","1610612761","Toronto Raptors",2022,"0022100641","20220115",-0.6,6.35,TRUE
1627783,"Pascal Siakam","1610612761","Toronto Raptors",2022,"0022100641","20220115",3.2,25.25,FALSE
1627783,"Pascal Siakam","1610612761","Toronto Raptors",2022,"0022100641","20220115",1.6,10.45,TRUE
1627783,"Pascal Siakam","1610612761","Toronto Raptors",2022,"0022100641","20220115",-0.4,11.05,FALSE
1627783,"Pascal Siakam","1610612761","Toronto Raptors",2022,"0022100641","20220115",4.7,22.45,FALSE
1627783,"Pascal Siakam","1610612761","Toronto Raptors",2022,"0022100641","20220115",-0.1,6.55,TRUE
1627783,"Pascal Siakam","1610612761","Toronto Raptors",2022,"0022100641","20220115",10,20.55,FALSE
1627783,"Pascal Siakam","1610612761","Toronto Raptors",2022,"0022100641","20220115",-2.7,16.25,TRUE
1627783,"Pascal Siakam","1610612761","Toronto Raptors",2022,"0022100641","20220115",-11.6,7.75,TRUE
1627783,"Pascal Siakam","1610612761","Toronto Raptors",2022,"0022100641","20220115",4,14.45,FALSE
1627783,"Pascal Siakam","1610612761","Toronto Raptors",2022,"0022100641","20220115",-6.2,31.85,TRUE
1627783,"Pascal Siakam","1610612761","Toronto Raptors",2022,"0022100641","20220115",-8.9,20.05,FALSE
1627783,"Pascal Siakam","1610612761","Toronto Raptors",2022,"0022100641","20220115",-7.2,17.75,TRUE
1627783,"Pascal Siakam","1610612761","Toronto Raptors",2022,"0022100641","20220115",24.4,9.95,TRUE
1627783,"Pascal Siakam","1610612761","Toronto Raptors",2022,"0022100641","20220115",5.5,30.55,TRUE
1627783,"Pascal Siakam","1610612761","Toronto Raptors",2022,"0022100641","20220115",2.5,16.75,TRUE
1627783,"Pascal Siakam","1610612761","Toronto Raptors",2022,"0022100662","20220117",-4.7,8.05,FALSE
1627783,"Pascal Siakam","1610612761","Toronto Raptors",2022,"0022100662","20220117",4.9,15.85,FALSE
1627783,"Pascal Siakam","1610612761","Toronto Raptors",2022,"0022100662","20220117",-2.5,6.95,TRUE
1627783,"Pascal Siakam","1610612761","Toronto Raptors",2022,"0022100662","20220117",-0.1,10.45,TRUE
1627783,"Pascal Siakam","1610612761","Toronto Raptors",2022,"0022100662","20220117",-17.6,23.75,FALSE
1627783,"Pascal Siakam","1610612761","Toronto Raptors",2022,"0022100662","20220117",7.1,11.15,TRUE
1627783,"Pascal Siakam","1610612761","Toronto Raptors",2022,"0022100662","20220117",2.5,7.85,TRUE
1627783,"Pascal Siakam","1610612761","Toronto Raptors",2022,"0022100662","20220117",-4.7,16.55,FALSE
1627783,"Pascal Siakam","1610612761","Toronto Raptors",2022,"0022100662","20220117",-23.2,8.15,FALSE
1627783,"Pascal Siakam","1610612761","Toronto Raptors",2022,"0022100662","20220117",-6.2,18.45,TRUE
1627783,"Pascal Siakam","1610612761","Toronto Raptors",2022,"0022100662","20220117",-1.5,6.25,TRUE
1627783,"Pascal Siakam","1610612761","Toronto Raptors",2022,"0022100662","20220117",-1.6,6.65,FALSE
1627783,"Pascal Siakam","1610612761","Toronto Raptors",2022,"0022100662","20220117",-2.6,16.65,TRUE
1627783,"Pascal Siakam","1610612761","Toronto Raptors",2022,"0022100662","20220117",0.4,6.25,TRUE
1627783,"Pascal Siakam","1610612761","Toronto Raptors",2022,"0022100662","20220117",-5.9,11.65,FALSE
1627783,"Pascal Siakam","1610612761","Toronto Raptors",2022,"0022100662","20220117",2.3,23.25,FALSE
1627783,"Pascal Siakam","1610612761","Toronto Raptors",2022,"0022100662","20220117",0.2,6.75,FALSE
1627783,"Pascal Siakam","1610612761","Toronto Raptors",2022,"0022100662","20220117",9.9,21.15,FALSE
1627783,"Pascal Siakam","1610612761","Toronto Raptors",2022,"0022100662","20220117",2.9,15.75,FALSE
1627783,"Pascal Siakam","1610612761","Toronto Raptors",2022,"0022100662","20220117",-0.6,7.15,TRUE
1627783,"Pascal Siakam","1610612761","Toronto Raptors",2022,"0022100675","20220119",-1.5,24.05,FALSE
1627783,"Pascal Siakam","1610612761","Toronto Raptors",2022,"0022100675","20220119",-12.9,27.85,FALSE
1627783,"Pascal Siakam","1610612761","Toronto Raptors",2022,"0022100675","20220119",10.3,7.85,TRUE
1627783,"Pascal Siakam","1610612761","Toronto Raptors",2022,"0022100675","20220119",8.5,10.25,FALSE
1627783,"Pascal Siakam","1610612761","Toronto Raptors",2022,"0022100675","20220119",-0.4,8.25,TRUE
1627783,"Pascal Siakam","1610612761","Toronto Raptors",2022,"0022100675","20220119",-1.6,17.25,TRUE
1627783,"Pascal Siakam","1610612761","Toronto Raptors",2022,"0022100675","20220119",-0.9,8.15,FALSE
1627783,"Pascal Siakam","1610612761","Toronto Raptors",2022,"0022100675","20220119",-2.3,11.35,FALSE
1627783,"Pascal Siakam","1610612761","Toronto Raptors",2022,"0022100675","20220119",0,19.35,TRUE
1627783,"Pascal Siakam","1610612761","Toronto Raptors",2022,"0022100675","20220119",-1.2,4.95,TRUE
1627783,"Pascal Siakam","1610612761","Toronto Raptors",2022,"0022100675","20220119",14.1,18.95,FALSE
1627783,"Pascal Siakam","1610612761","Toronto Raptors",2022,"0022100675","20220119",2.2,14.85,FALSE
1627783,"Pascal Siakam","1610612761","Toronto Raptors",2022,"0022100675","20220119",18.6,23.25,FALSE
1627783,"Pascal Siakam","1610612761","Toronto Raptors",2022,"0022100675","20220119",-1.5,21.15,FALSE
1627783,"Pascal Siakam","1610612761","Toronto Raptors",2022,"0022100675","20220119",-2.6,25.25,TRUE
1627783,"Pascal Siakam","1610612761","Toronto Raptors",2022,"0022100675","20220119",-3.4,21.65,FALSE
1627783,"Pascal Siakam","1610612761","Toronto Raptors",2022,"0022100675","20220119",4.2,18.05,TRUE
1627783,"Pascal Siakam","1610612761","Toronto Raptors",2022,"0022100675","20220119",-1.2,16.75,FALSE
1627783,"Pascal Siakam","1610612761","Toronto Raptors",2022,"0022100689","20220121",3.8,12.05,FALSE
1627783,"Pascal Siakam","1610612761","Toronto Raptors",2022,"0022100689","20220121",3.7,12.45,TRUE
1627783,"Pascal Siakam","1610612761","Toronto Raptors",2022,"0022100689","20220121",-4.9,16.25,FALSE
1627783,"Pascal Siakam","1610612761","Toronto Raptors",2022,"0022100689","20220121",5,14.85,FALSE
1627783,"Pascal Siakam","1610612761","Toronto Raptors",2022,"0022100689","20220121",14.1,28.35,TRUE
1627783,"Pascal Siakam","1610612761","Toronto Raptors",2022,"0022100689","20220121",2.1,7.95,TRUE
1627783,"Pascal Siakam","1610612761","Toronto Raptors",2022,"0022100689","20220121",-12.3,27.35,FALSE
1627783,"Pascal Siakam","1610612761","Toronto Raptors",2022,"0022100689","20220121",-1.3,8.55,FALSE
1627783,"Pascal Siakam","1610612761","Toronto Raptors",2022,"0022100689","20220121",0,5.25,TRUE
1627783,"Pascal Siakam","1610612761","Toronto Raptors",2022,"0022100689","20220121",-2.5,6.05,TRUE
1627783,"Pascal Siakam","1610612761","Toronto Raptors",2022,"0022100689","20220121",-2.7,10.65,TRUE
1627783,"Pascal Siakam","1610612761","Toronto Raptors",2022,"0022100689","20220121",-11,20.55,FALSE
1627783,"Pascal Siakam","1610612761","Toronto Raptors",2022,"0022100689","20220121",-0.6,26.15,TRUE
1627783,"Pascal Siakam","1610612761","Toronto Raptors",2022,"0022100689","20220121",1.3,21.75,TRUE
1627783,"Pascal Siakam","1610612761","Toronto Raptors",2022,"0022100689","20220121",-0.2,11.55,FALSE
1627783,"Pascal Siakam","1610612761","Toronto Raptors",2022,"0022100689","20220121",7.1,10.75,FALSE
1627783,"Pascal Siakam","1610612761","Toronto Raptors",2022,"0022100689","20220121",7.4,17.35,FALSE
1627783,"Pascal Siakam","1610612761","Toronto Raptors",2022,"0022100702","20220123",-9.6,12.75,FALSE
1627783,"Pascal Siakam","1610612761","Toronto Raptors",2022,"0022100702","20220123",-1.5,5.25,TRUE
1627783,"Pascal Siakam","1610612761","Toronto Raptors",2022,"0022100702","20220123",2.6,5.35,FALSE
1627783,"Pascal Siakam","1610612761","Toronto Raptors",2022,"0022100702","20220123",10.3,17.15,FALSE
1627783,"Pascal Siakam","1610612761","Toronto Raptors",2022,"0022100702","20220123",-4,14.85,TRUE
1627783,"Pascal Siakam","1610612761","Toronto Raptors",2022,"0022100702","20220123",2.5,10.35,TRUE
1627783,"Pascal Siakam","1610612761","Toronto Raptors",2022,"0022100702","20220123",-0.6,8.75,TRUE
1627783,"Pascal Siakam","1610612761","Toronto Raptors",2022,"0022100702","20220123",0,6.15,TRUE
1627783,"Pascal Siakam","1610612761","Toronto Raptors",2022,"0022100702","20220123",-0.1,6.95,TRUE
1627783,"Pascal Siakam","1610612761","Toronto Raptors",2022,"0022100702","20220123",-4.7,10.85,FALSE
1627783,"Pascal Siakam","1610612761","Toronto Raptors",2022,"0022100702","20220123",-2.2,11.65,FALSE
1627783,"Pascal Siakam","1610612761","Toronto Raptors",2022,"0022100702","20220123",-0.6,7.85,TRUE
1627783,"Pascal Siakam","1610612761","Toronto Raptors",2022,"0022100702","20220123",-2.6,6.65,TRUE
1627783,"Pascal Siakam","1610612761","Toronto Raptors",2022,"0022100702","20220123",-0.7,13.45,TRUE
1627783,"Pascal Siakam","1610612761","Toronto Raptors",2022,"0022100702","20220123",-0.5,6.25,TRUE
1627783,"Pascal Siakam","1610612761","Toronto Raptors",2022,"0022100702","20220123",-0.1,7.45,TRUE
1627783,"Pascal Siakam","1610612761","Toronto Raptors",2022,"0022100702","20220123",-0.7,14.85,FALSE
1627783,"Pascal Siakam","1610612761","Toronto Raptors",2022,"0022100702","20220123",-2,6.95,TRUE
1627783,"Pascal Siakam","1610612761","Toronto Raptors",2022,"0022100702","20220123",-0.6,5.75,TRUE
1627783,"Pascal Siakam","1610612761","Toronto Raptors",2022,"0022100702","20220123",6.9,32.65,FALSE
1627783,"Pascal Siakam","1610612761","Toronto Raptors",2022,"0022100715","20220125",5,11.15,TRUE
1627783,"Pascal Siakam","1610612761","Toronto Raptors",2022,"0022100715","20220125",-3.1,6.95,TRUE
1627783,"Pascal Siakam","1610612761","Toronto Raptors",2022,"0022100715","20220125",1.1,11.05,TRUE
1627783,"Pascal Siakam","1610612761","Toronto Raptors",2022,"0022100715","20220125",5.1,15.25,FALSE
1627783,"Pascal Siakam","1610612761","Toronto Raptors",2022,"0022100715","20220125",1.2,32.15,TRUE
1627783,"Pascal Siakam","1610612761","Toronto Raptors",2022,"0022100715","20220125",-10,8.45,FALSE
1627783,"Pascal Siakam","1610612761","Toronto Raptors",2022,"0022100715","20220125",-1.1,6.25,TRUE
1627783,"Pascal Siakam","1610612761","Toronto Raptors",2022,"0022100715","20220125",20.3,21.95,FALSE
1627783,"Pascal Siakam","1610612761","Toronto Raptors",2022,"0022100715","20220125",-13.6,10.65,FALSE
1627783,"Pascal Siakam","1610612761","Toronto Raptors",2022,"0022100715","20220125",3.9,16.75,TRUE
1627783,"Pascal Siakam","1610612761","Toronto Raptors",2022,"0022100715","20220125",-1.2,10.75,FALSE
1627783,"Pascal Siakam","1610612761","Toronto Raptors",2022,"0022100715","20220125",0,5.25,TRUE
1627783,"Pascal Siakam","1610612761","Toronto Raptors",2022,"0022100715","20220125",1,6.05,TRUE
1627783,"Pascal Siakam","1610612761","Toronto Raptors",2022,"0022100715","20220125",4.5,13.15,FALSE
1627783,"Pascal Siakam","1610612761","Toronto Raptors",2022,"0022100715","20220125",-4.2,10.05,FALSE
1627783,"Pascal Siakam","1610612761","Toronto Raptors",2022,"0022100715","20220125",-2.9,15.35,TRUE
1627783,"Pascal Siakam","1610612761","Toronto Raptors",2022,"0022100726","20220228",9.1,16.85,FALSE
1627783,"Pascal Siakam","1610612761","Toronto Raptors",2022,"0022100726","20220228",12.1,20.95,FALSE
1627783,"Pascal Siakam","1610612761","Toronto Raptors",2022,"0022100726","20220228",-2.1,5.25,TRUE
1627783,"Pascal Siakam","1610612761","Toronto Raptors",2022,"0022100726","20220228",-16.7,26.35,FALSE
1627783,"Pascal Siakam","1610612761","Toronto Raptors",2022,"0022100726","20220228",-5.6,30.45,FALSE
1627783,"Pascal Siakam","1610612761","Toronto Raptors",2022,"0022100726","20220228",-7.5,6.15,FALSE
1627783,"Pascal Siakam","1610612761","Toronto Raptors",2022,"0022100726","20220228",-5.5,18.45,FALSE
1627783,"Pascal Siakam","1610612761","Toronto Raptors",2022,"0022100726","20220228",-22.8,6.75,FALSE
1627783,"Pascal Siakam","1610612761","Toronto Raptors",2022,"0022100726","20220228",-3.6,15.85,FALSE
1627783,"Pascal Siakam","1610612761","Toronto Raptors",2022,"0022100726","20220228",-3.4,6.05,FALSE
1627783,"Pascal Siakam","1610612761","Toronto Raptors",2022,"0022100726","20220228",16.2,27.85,TRUE
1627783,"Pascal Siakam","1610612761","Toronto Raptors",2022,"0022100726","20220228",-5.3,11.55,FALSE
1627783,"Pascal Siakam","1610612761","Toronto Raptors",2022,"0022100726","20220228",16.4,32.15,FALSE
1627783,"Pascal Siakam","1610612761","Toronto Raptors",2022,"0022100726","20220228",-2.7,6.55,FALSE
1627783,"Pascal Siakam","1610612761","Toronto Raptors",2022,"0022100748","20220129",3.6,12.35,TRUE
1627783,"Pascal Siakam","1610612761","Toronto Raptors",2022,"0022100748","20220129",23.8,4.85,TRUE
1627783,"Pascal Siakam","1610612761","Toronto Raptors",2022,"0022100748","20220129",-3.6,11.75,FALSE
1627783,"Pascal Siakam","1610612761","Toronto Raptors",2022,"0022100748","20220129",-4.3,9.05,TRUE
1627783,"Pascal Siakam","1610612761","Toronto Raptors",2022,"0022100748","20220129",-1.3,14.65,FALSE
1627783,"Pascal Siakam","1610612761","Toronto Raptors",2022,"0022100748","20220129",-6.1,30.65,FALSE
1627783,"Pascal Siakam","1610612761","Toronto Raptors",2022,"0022100748","20220129",4.5,17.45,FALSE
1627783,"Pascal Siakam","1610612761","Toronto Raptors",2022,"0022100748","20220129",-0.7,10.85,TRUE
1627783,"Pascal Siakam","1610612761","Toronto Raptors",2022,"0022100748","20220129",19.1,6.05,FALSE
1627783,"Pascal Siakam","1610612761","Toronto Raptors",2022,"0022100748","20220129",-5.8,15.35,TRUE
1627783,"Pascal Siakam","1610612761","Toronto Raptors",2022,"0022100748","20220129",-10.7,8.75,FALSE
1627783,"Pascal Siakam","1610612761","Toronto Raptors",2022,"0022100748","20220129",-4.8,16.65,TRUE
1627783,"Pascal Siakam","1610612761","Toronto Raptors",2022,"0022100748","20220129",-5.9,8.75,FALSE
1627783,"Pascal Siakam","1610612761","Toronto Raptors",2022,"0022100748","20220129",-3.1,10.25,FALSE
1627783,"Pascal Siakam","1610612761","Toronto Raptors",2022,"0022100748","20220129",1.2,6.35,TRUE
1627783,"Pascal Siakam","1610612761","Toronto Raptors",2022,"0022100748","20220129",-0.1,9.75,FALSE
1627783,"Pascal Siakam","1610612761","Toronto Raptors",2022,"0022100748","20220129",19.6,21.55,FALSE
1627783,"Pascal Siakam","1610612761","Toronto Raptors",2022,"0022100748","20220129",-4.9,9.95,FALSE
1627783,"Pascal Siakam","1610612761","Toronto Raptors",2022,"0022100767","20220131",11,28.25,TRUE
1627783,"Pascal Siakam","1610612761","Toronto Raptors",2022,"0022100767","20220131",-0.7,13.95,FALSE
1627783,"Pascal Siakam","1610612761","Toronto Raptors",2022,"0022100767","20220131",-2,7.95,TRUE
1627783,"Pascal Siakam","1610612761","Toronto Raptors",2022,"0022100767","20220131",-6.4,18.35,FALSE
1627783,"Pascal Siakam","1610612761","Toronto Raptors",2022,"0022100767","20220131",-2.8,13.55,TRUE
1627783,"Pascal Siakam","1610612761","Toronto Raptors",2022,"0022100767","20220131",9.4,19.35,FALSE
1627783,"Pascal Siakam","1610612761","Toronto Raptors",2022,"0022100767","20220131",-1.8,8.25,TRUE
1627783,"Pascal Siakam","1610612761","Toronto Raptors",2022,"0022100767","20220131",11.4,22.85,FALSE
1627783,"Pascal Siakam","1610612761","Toronto Raptors",2022,"0022100767","20220131",0.4,11.65,TRUE
1627783,"Pascal Siakam","1610612761","Toronto Raptors",2022,"0022100767","20220131",4.3,17.95,TRUE
1627783,"Pascal Siakam","1610612761","Toronto Raptors",2022,"0022100767","20220131",0.1,7.85,FALSE
1627783,"Pascal Siakam","1610612761","Toronto Raptors",2022,"0022100767","20220131",3.9,10.95,FALSE
1627783,"Pascal Siakam","1610612761","Toronto Raptors",2022,"0022100767","20220131",-11.4,28.05,FALSE
1627783,"Pascal Siakam","1610612761","Toronto Raptors",2022,"0022100767","20220131",3.7,15.75,TRUE
1627783,"Pascal Siakam","1610612761","Toronto Raptors",2022,"0022100767","20220131",10.8,20.55,TRUE
1627783,"Pascal Siakam","1610612761","Toronto Raptors",2022,"0022100767","20220131",0.6,16.35,FALSE
1627783,"Pascal Siakam","1610612761","Toronto Raptors",2022,"0022100767","20220131",0.6,14.85,TRUE
1627783,"Pascal Siakam","1610612761","Toronto Raptors",2022,"0022100784","20220201",-2.8,11.95,TRUE
1627783,"Pascal Siakam","1610612761","Toronto Raptors",2022,"0022100784","20220201",0.2,14.65,FALSE
1627783,"Pascal Siakam","1610612761","Toronto Raptors",2022,"0022100784","20220201",0,11.15,FALSE
1627783,"Pascal Siakam","1610612761","Toronto Raptors",2022,"0022100784","20220201",-1.2,15.65,FALSE
1627783,"Pascal Siakam","1610612761","Toronto Raptors",2022,"0022100784","20220201",2.3,10.05,FALSE
1627783,"Pascal Siakam","1610612761","Toronto Raptors",2022,"0022100784","20220201",-0.4,5.35,TRUE
1627783,"Pascal Siakam","1610612761","Toronto Raptors",2022,"0022100784","20220201",-2.2,5.95,FALSE
1627783,"Pascal Siakam","1610612761","Toronto Raptors",2022,"0022100784","20220201",-1.3,6.25,TRUE
1627783,"Pascal Siakam","1610612761","Toronto Raptors",2022,"0022100784","20220201",9.2,29.85,FALSE
1627783,"Pascal Siakam","1610612761","Toronto Raptors",2022,"0022100784","20220201",0,5.25,FALSE
1627783,"Pascal Siakam","1610612761","Toronto Raptors",2022,"0022100784","20220201",-2.5,6.85,FALSE
1627783,"Pascal Siakam","1610612761","Toronto Raptors",2022,"0022100784","20220201",-0.4,14.75,TRUE
1627783,"Pascal Siakam","1610612761","Toronto Raptors",2022,"0022100784","20220201",22.3,6.05,TRUE
1627783,"Pascal Siakam","1610612761","Toronto Raptors",2022,"0022100784","20220201",-25,6.95,FALSE
1627783,"Pascal Siakam","1610612761","Toronto Raptors",2022,"0022100790","20220204",0.7,17.25,TRUE
1627783,"Pascal Siakam","1610612761","Toronto Raptors",2022,"0022100790","20220204",3.6,30.65,TRUE
1627783,"Pascal Siakam","1610612761","Toronto Raptors",2022,"0022100790","20220204",0.6,24.85,TRUE
1627783,"Pascal Siakam","1610612761","Toronto Raptors",2022,"0022100790","20220204",7.1,14.45,TRUE
1627783,"Pascal Siakam","1610612761","Toronto Raptors",2022,"0022100790","20220204",3.3,14.45,FALSE
1627783,"Pascal Siakam","1610612761","Toronto Raptors",2022,"0022100790","20220204",3.9,33.95,TRUE
1627783,"Pascal Siakam","1610612761","Toronto Raptors",2022,"0022100790","20220204",13.7,29.55,TRUE
1627783,"Pascal Siakam","1610612761","Toronto Raptors",2022,"0022100790","20220204",1,8.15,TRUE
1627783,"Pascal Siakam","1610612761","Toronto Raptors",2022,"0022100790","20220204",0.7,24.65,FALSE
1627783,"Pascal Siakam","1610612761","Toronto Raptors",2022,"0022100790","20220204",-2,6.75,TRUE
1627783,"Pascal Siakam","1610612761","Toronto Raptors",2022,"0022100790","20220204",2.9,13.25,FALSE
1627783,"Pascal Siakam","1610612761","Toronto Raptors",2022,"0022100790","20220204",0,5.25,FALSE
1627783,"Pascal Siakam","1610612761","Toronto Raptors",2022,"0022100790","20220204",4.9,10.05,TRUE
1627783,"Pascal Siakam","1610612761","Toronto Raptors",2022,"0022100790","20220204",-0.7,12.15,TRUE
1627783,"Pascal Siakam","1610612761","Toronto Raptors",2022,"0022100790","20220204",0.9,11.15,TRUE
1627783,"Pascal Siakam","1610612761","Toronto Raptors",2022,"0022100790","20220204",-5.8,12.05,FALSE
1627783,"Pascal Siakam","1610612761","Toronto Raptors",2022,"0022100810","20220207",0,6.05,TRUE
1627783,"Pascal Siakam","1610612761","Toronto Raptors",2022,"0022100810","20220207",6.5,13.45,TRUE
1627783,"Pascal Siakam","1610612761","Toronto Raptors",2022,"0022100810","20220207",-1.3,6.75,TRUE
1627783,"Pascal Siakam","1610612761","Toronto Raptors",2022,"0022100810","20220207",-22.3,6.75,FALSE
1627783,"Pascal Siakam","1610612761","Toronto Raptors",2022,"0022100810","20220207",-2.2,6.15,TRUE
1627783,"Pascal Siakam","1610612761","Toronto Raptors",2022,"0022100810","20220207",1.7,30.25,TRUE
1627783,"Pascal Siakam","1610612761","Toronto Raptors",2022,"0022100810","20220207",0.6,31.25,FALSE
1627783,"Pascal Siakam","1610612761","Toronto Raptors",2022,"0022100810","20220207",15.6,19.25,FALSE
1627783,"Pascal Siakam","1610612761","Toronto Raptors",2022,"0022100810","20220207",-1,5.85,TRUE
1627783,"Pascal Siakam","1610612761","Toronto Raptors",2022,"0022100810","20220207",-5.1,8.15,FALSE
1627783,"Pascal Siakam","1610612761","Toronto Raptors",2022,"0022100810","20220207",-23,10.15,TRUE
1627783,"Pascal Siakam","1610612761","Toronto Raptors",2022,"0022100810","20220207",9.6,19.95,FALSE
1627783,"Pascal Siakam","1610612761","Toronto Raptors",2022,"0022100810","20220207",-1.5,6.75,TRUE
1627783,"Pascal Siakam","1610612761","Toronto Raptors",2022,"0022100810","20220207",0.1,6.45,FALSE
1627783,"Pascal Siakam","1610612761","Toronto Raptors",2022,"0022100810","20220207",0,5.25,TRUE
1627783,"Pascal Siakam","1610612761","Toronto Raptors",2022,"0022100810","20220207",-1.5,6.55,TRUE
1627783,"Pascal Siakam","1610612761","Toronto Raptors",2022,"0022100827","20220209",1.2,10.65,TRUE
1627783,"Pascal Siakam","1610612761","Toronto Raptors",2022,"0022100827","20220209",4,10.25,FALSE
1627783,"Pascal Siakam","1610612761","Toronto Raptors",2022,"0022100827","20220209",-2.5,9.55,TRUE
1627783,"Pascal Siakam","1610612761","Toronto Raptors",2022,"0022100827","20220209",-22.4,19.05,TRUE
1627783,"Pascal Siakam","1610612761","Toronto Raptors",2022,"0022100827","20220209",3.8,9.35,TRUE
1627783,"Pascal Siakam","1610612761","Toronto Raptors",2022,"0022100827","20220209",-3.1,8.55,TRUE
1627783,"Pascal Siakam","1610612761","Toronto Raptors",2022,"0022100827","20220209",3.8,6.85,TRUE
1627783,"Pascal Siakam","1610612761","Toronto Raptors",2022,"0022100827","20220209",0.7,9.95,TRUE
1627783,"Pascal Siakam","1610612761","Toronto Raptors",2022,"0022100827","20220209",11.2,30.95,FALSE
1627783,"Pascal Siakam","1610612761","Toronto Raptors",2022,"0022100827","20220209",-2.1,7.85,TRUE
1627783,"Pascal Siakam","1610612761","Toronto Raptors",2022,"0022100827","20220209",4.2,6.55,TRUE
1627783,"Pascal Siakam","1610612761","Toronto Raptors",2022,"0022100827","20220209",-2.8,5.75,FALSE
1627783,"Pascal Siakam","1610612761","Toronto Raptors",2022,"0022100827","20220209",0,5.25,TRUE
1627783,"Pascal Siakam","1610612761","Toronto Raptors",2022,"0022100827","20220209",13.2,28.65,FALSE
1627783,"Pascal Siakam","1610612761","Toronto Raptors",2022,"0022100827","20220209",-4.4,17.25,TRUE
1627783,"Pascal Siakam","1610612761","Toronto Raptors",2022,"0022100827","20220209",-3.4,11.85,TRUE
1627783,"Pascal Siakam","1610612761","Toronto Raptors",2022,"0022100827","20220209",-4.5,10.05,TRUE
1627783,"Pascal Siakam","1610612761","Toronto Raptors",2022,"0022100834","20220210",-0.9,5.85,TRUE
1627783,"Pascal Siakam","1610612761","Toronto Raptors",2022,"0022100834","20220210",4.5,16.75,TRUE
1627783,"Pascal Siakam","1610612761","Toronto Raptors",2022,"0022100834","20220210",-0.2,30.55,FALSE
1627783,"Pascal Siakam","1610612761","Toronto Raptors",2022,"0022100834","20220210",-0.4,13.55,FALSE
1627783,"Pascal Siakam","1610612761","Toronto Raptors",2022,"0022100834","20220210",4.5,16.55,FALSE
1627783,"Pascal Siakam","1610612761","Toronto Raptors",2022,"0022100834","20220210",-4.4,7.95,TRUE
1627783,"Pascal Siakam","1610612761","Toronto Raptors",2022,"0022100834","20220210",-2.8,13.05,TRUE
1627783,"Pascal Siakam","1610612761","Toronto Raptors",2022,"0022100834","20220210",1,12.35,TRUE
1627783,"Pascal Siakam","1610612761","Toronto Raptors",2022,"0022100834","20220210",-5.9,8.75,TRUE
1627783,"Pascal Siakam","1610612761","Toronto Raptors",2022,"0022100834","20220210",17.3,23.65,TRUE
1627783,"Pascal Siakam","1610612761","Toronto Raptors",2022,"0022100834","20220210",-0.1,11.55,TRUE
1627783,"Pascal Siakam","1610612761","Toronto Raptors",2022,"0022100834","20220210",-1.8,31.45,FALSE
1627783,"Pascal Siakam","1610612761","Toronto Raptors",2022,"0022100834","20220210",-4.3,16.15,TRUE
1627783,"Pascal Siakam","1610612761","Toronto Raptors",2022,"0022100834","20220210",-0.4,8.95,TRUE
1627783,"Pascal Siakam","1610612761","Toronto Raptors",2022,"0022100834","20220210",13.2,18.85,TRUE
1627783,"Pascal Siakam","1610612761","Toronto Raptors",2022,"0022100834","20220210",1,6.55,TRUE
1627783,"Pascal Siakam","1610612761","Toronto Raptors",2022,"0022100834","20220210",8.8,24.05,FALSE
1627783,"Pascal Siakam","1610612761","Toronto Raptors",2022,"0022100834","20220210",-0.6,31.55,FALSE
1627783,"Pascal Siakam","1610612761","Toronto Raptors",2022,"0022100834","20220210",-0.9,5.95,TRUE
1627783,"Pascal Siakam","1610612761","Toronto Raptors",2022,"0022100850","20220212",-6.7,29.95,FALSE
1627783,"Pascal Siakam","1610612761","Toronto Raptors",2022,"0022100850","20220212",-9.4,21.95,TRUE
1627783,"Pascal Siakam","1610612761","Toronto Raptors",2022,"0022100850","20220212",0.7,31.65,FALSE
1627783,"Pascal Siakam","1610612761","Toronto Raptors",2022,"0022100850","20220212",2.3,21.95,TRUE
1627783,"Pascal Siakam","1610612761","Toronto Raptors",2022,"0022100850","20220212",-0.1,5.25,TRUE
1627783,"Pascal Siakam","1610612761","Toronto Raptors",2022,"0022100850","20220212",4.7,10.55,TRUE
1627783,"Pascal Siakam","1610612761","Toronto Raptors",2022,"0022100850","20220212",-0.6,10.95,TRUE
1627783,"Pascal Siakam","1610612761","Toronto Raptors",2022,"0022100850","20220212",2.1,14.25,TRUE
1627783,"Pascal Siakam","1610612761","Toronto Raptors",2022,"0022100850","20220212",-1.7,6.35,TRUE
1627783,"Pascal Siakam","1610612761","Toronto Raptors",2022,"0022100850","20220212",-3.8,12.05,TRUE
1627783,"Pascal Siakam","1610612761","Toronto Raptors",2022,"0022100850","20220212",-13.1,26.85,TRUE
1627783,"Pascal Siakam","1610612761","Toronto Raptors",2022,"0022100850","20220212",6.6,24.55,FALSE
1627783,"Pascal Siakam","1610612761","Toronto Raptors",2022,"0022100850","20220212",14.7,26.15,FALSE
1627783,"Pascal Siakam","1610612761","Toronto Raptors",2022,"0022100850","20220212",-23.4,6.25,TRUE
1627783,"Pascal Siakam","1610612761","Toronto Raptors",2022,"0022100850","20220212",-4.9,10.55,TRUE
1627783,"Pascal Siakam","1610612761","Toronto Raptors",2022,"0022100850","20220212",0,5.25,FALSE
1627783,"Pascal Siakam","1610612761","Toronto Raptors",2022,"0022100850","20220212",0,5.25,TRUE
1627783,"Pascal Siakam","1610612761","Toronto Raptors",2022,"0022100850","20220212",-23.3,8.25,FALSE
1627783,"Pascal Siakam","1610612761","Toronto Raptors",2022,"0022100850","20220212",-4.5,14.55,TRUE
1627783,"Pascal Siakam","1610612761","Toronto Raptors",2022,"0022100850","20220212",-4.4,25.15,TRUE
1627783,"Pascal Siakam","1610612761","Toronto Raptors",2022,"0022100850","20220212",-16.8,27.25,TRUE
1627783,"Pascal Siakam","1610612761","Toronto Raptors",2022,"0022100850","20220212",7,22.85,TRUE
1627783,"Pascal Siakam","1610612761","Toronto Raptors",2022,"0022100863","20220214",5.9,18.65,TRUE
1627783,"Pascal Siakam","1610612761","Toronto Raptors",2022,"0022100863","20220214",-14.2,26.15,FALSE
1627783,"Pascal Siakam","1610612761","Toronto Raptors",2022,"0022100863","20220214",-4.2,13.25,FALSE
1627783,"Pascal Siakam","1610612761","Toronto Raptors",2022,"0022100863","20220214",2.1,4.15,FALSE
1627783,"Pascal Siakam","1610612761","Toronto Raptors",2022,"0022100863","20220214",7,17.75,TRUE
1627783,"Pascal Siakam","1610612761","Toronto Raptors",2022,"0022100863","20220214",-5.1,12.55,FALSE
1627783,"Pascal Siakam","1610612761","Toronto Raptors",2022,"0022100863","20220214",3.6,10.05,TRUE
1627783,"Pascal Siakam","1610612761","Toronto Raptors",2022,"0022100863","20220214",0.9,13.65,FALSE
1627783,"Pascal Siakam","1610612761","Toronto Raptors",2022,"0022100863","20220214",2.5,15.75,FALSE
1627783,"Pascal Siakam","1610612761","Toronto Raptors",2022,"0022100863","20220214",1.1,9.85,FALSE
1627783,"Pascal Siakam","1610612761","Toronto Raptors",2022,"0022100863","20220214",-9.9,20.75,TRUE
1627783,"Pascal Siakam","1610612761","Toronto Raptors",2022,"0022100863","20220214",1.3,12.65,FALSE
1627783,"Pascal Siakam","1610612761","Toronto Raptors",2022,"0022100863","20220214",-2.3,8.65,FALSE
1627783,"Pascal Siakam","1610612761","Toronto Raptors",2022,"0022100863","20220214",-14.5,26.85,FALSE
1627783,"Pascal Siakam","1610612761","Toronto Raptors",2022,"0022100863","20220214",1.3,8.95,FALSE
1627783,"Pascal Siakam","1610612761","Toronto Raptors",2022,"0022100863","20220214",-1.6,6.45,TRUE
1627783,"Pascal Siakam","1610612761","Toronto Raptors",2022,"0022100863","20220214",-3.2,12.25,FALSE
1627783,"Pascal Siakam","1610612761","Toronto Raptors",2022,"0022100863","20220214",-1.3,11.95,TRUE
1627783,"Pascal Siakam","1610612761","Toronto Raptors",2022,"0022100863","20220214",0,8.05,TRUE
1627783,"Pascal Siakam","1610612761","Toronto Raptors",2022,"0022100880","20220216",-8,10.25,TRUE
1627783,"Pascal Siakam","1610612761","Toronto Raptors",2022,"0022100880","20220216",4.4,22.25,FALSE
1627783,"Pascal Siakam","1610612761","Toronto Raptors",2022,"0022100880","20220216",-0.6,16.95,FALSE
1627783,"Pascal Siakam","1610612761","Toronto Raptors",2022,"0022100880","20220216",1.5,6.55,TRUE
1627783,"Pascal Siakam","1610612761","Toronto Raptors",2022,"0022100880","20220216",-8.7,59.55,FALSE
1627783,"Pascal Siakam","1610612761","Toronto Raptors",2022,"0022100880","20220216",0.2,8.95,FALSE
1627783,"Pascal Siakam","1610612761","Toronto Raptors",2022,"0022100880","20220216",4.7,14.05,TRUE
1627783,"Pascal Siakam","1610612761","Toronto Raptors",2022,"0022100880","20220216",20.2,6.05,FALSE
1627783,"Pascal Siakam","1610612761","Toronto Raptors",2022,"0022100880","20220216",-2.9,5.85,TRUE
1627783,"Pascal Siakam","1610612761","Toronto Raptors",2022,"0022100880","20220216",1.5,12.05,FALSE
1627783,"Pascal Siakam","1610612761","Toronto Raptors",2022,"0022100880","20220216",-2.6,5.85,TRUE
1627783,"Pascal Siakam","1610612761","Toronto Raptors",2022,"0022100880","20220216",1.8,10.45,FALSE
1627783,"Pascal Siakam","1610612761","Toronto Raptors",2022,"0022100880","20220216",-1.7,5.25,TRUE
1627783,"Pascal Siakam","1610612761","Toronto Raptors",2022,"0022100880","20220216",-4.4,13.25,TRUE
1627783,"Pascal Siakam","1610612761","Toronto Raptors",2022,"0022100880","20220216",-0.7,11.15,FALSE
1627783,"Pascal Siakam","1610612761","Toronto Raptors",2022,"0022100880","20220216",-13.8,15.75,FALSE
1627783,"Pascal Siakam","1610612761","Toronto Raptors",2022,"0022100880","20220216",0,5.25,FALSE
1627783,"Pascal Siakam","1610612761","Toronto Raptors",2022,"0022100896","20220225",-0.4,7.45,FALSE
1627783,"Pascal Siakam","1610612761","Toronto Raptors",2022,"0022100896","20220225",22.9,7.65,FALSE
1627783,"Pascal Siakam","1610612761","Toronto Raptors",2022,"0022100896","20220225",0.2,5.25,FALSE
1627783,"Pascal Siakam","1610612761","Toronto Raptors",2022,"0022100896","20220225",0,7.25,TRUE
1627783,"Pascal Siakam","1610612761","Toronto Raptors",2022,"0022100896","20220225",0.6,9.05,FALSE
1627783,"Pascal Siakam","1610612761","Toronto Raptors",2022,"0022100896","20220225",0.2,14.05,FALSE
1627783,"Pascal Siakam","1610612761","Toronto Raptors",2022,"0022100896","20220225",0.4,7.85,FALSE
1627783,"Pascal Siakam","1610612761","Toronto Raptors",2022,"0022100896","20220225",-1,11.65,TRUE
1627783,"Pascal Siakam","1610612761","Toronto Raptors",2022,"0022100896","20220225",4.3,21.55,FALSE
1627783,"Pascal Siakam","1610612761","Toronto Raptors",2022,"0022100896","20220225",2.8,23.35,FALSE
1627783,"Pascal Siakam","1610612761","Toronto Raptors",2022,"0022100896","20220225",1.1,4.65,FALSE
1627783,"Pascal Siakam","1610612761","Toronto Raptors",2022,"0022100896","20220225",-1.2,4.85,TRUE
1627783,"Pascal Siakam","1610612761","Toronto Raptors",2022,"0022100896","20220225",-0.6,11.75,FALSE
1627783,"Pascal Siakam","1610612761","Toronto Raptors",2022,"0022100906","20220226",-1.3,8.25,TRUE
1627783,"Pascal Siakam","1610612761","Toronto Raptors",2022,"0022100906","20220226",-1.6,15.75,FALSE
1627783,"Pascal Siakam","1610612761","Toronto Raptors",2022,"0022100906","20220226",-1.1,12.75,TRUE
1627783,"Pascal Siakam","1610612761","Toronto Raptors",2022,"0022100906","20220226",0.2,11.05,FALSE
1627783,"Pascal Siakam","1610612761","Toronto Raptors",2022,"0022100906","20220226",1.7,6.25,FALSE
1627783,"Pascal Siakam","1610612761","Toronto Raptors",2022,"0022100906","20220226",-0.2,0.25,FALSE
1627783,"Pascal Siakam","1610612761","Toronto Raptors",2022,"0022100906","20220226",8,28.95,FALSE
1627783,"Pascal Siakam","1610612761","Toronto Raptors",2022,"0022100906","20220226",12.4,8.45,FALSE
1627783,"Pascal Siakam","1610612761","Toronto Raptors",2022,"0022100906","20220226",-0.6,11.15,TRUE
1627783,"Pascal Siakam","1610612761","Toronto Raptors",2022,"0022100906","20220226",-8.1,8.65,FALSE
1627783,"Pascal Siakam","1610612761","Toronto Raptors",2022,"0022100906","20220226",0,5.25,TRUE
1627783,"Pascal Siakam","1610612761","Toronto Raptors",2022,"0022100906","20220226",-0.2,6.05,TRUE
1627783,"Pascal Siakam","1610612761","Toronto Raptors",2022,"0022100906","20220226",1.7,10.25,FALSE
1627783,"Pascal Siakam","1610612761","Toronto Raptors",2022,"0022100906","20220226",-0.9,9.45,FALSE
1627783,"Pascal Siakam","1610612761","Toronto Raptors",2022,"0022100906","20220226",-2.3,8.15,FALSE
1627783,"Pascal Siakam","1610612761","Toronto Raptors",2022,"0022100906","20220226",0.1,6.45,TRUE
1627783,"Pascal Siakam","1610612761","Toronto Raptors",2022,"0022100928","20220301",0.2,14.25,TRUE
1627783,"Pascal Siakam","1610612761","Toronto Raptors",2022,"0022100928","20220301",-4.9,8.45,FALSE
1627783,"Pascal Siakam","1610612761","Toronto Raptors",2022,"0022100928","20220301",0.2,21.75,TRUE
1627783,"Pascal Siakam","1610612761","Toronto Raptors",2022,"0022100928","20220301",-4.5,30.45,FALSE
1627783,"Pascal Siakam","1610612761","Toronto Raptors",2022,"0022100928","20220301",2,32.25,FALSE
1627783,"Pascal Siakam","1610612761","Toronto Raptors",2022,"0022100928","20220301",-4.8,15.35,TRUE
1627783,"Pascal Siakam","1610612761","Toronto Raptors",2022,"0022100928","20220301",2.3,7.25,TRUE
1627783,"Pascal Siakam","1610612761","Toronto Raptors",2022,"0022100928","20220301",13.5,16.85,TRUE
1627783,"Pascal Siakam","1610612761","Toronto Raptors",2022,"0022100928","20220301",-2.5,10.95,FALSE
1627783,"Pascal Siakam","1610612761","Toronto Raptors",2022,"0022100928","20220301",-0.4,21.95,FALSE
1627783,"Pascal Siakam","1610612761","Toronto Raptors",2022,"0022100928","20220301",-1.2,4.75,FALSE
1627783,"Pascal Siakam","1610612761","Toronto Raptors",2022,"0022100928","20220301",0.2,5.75,TRUE
1627783,"Pascal Siakam","1610612761","Toronto Raptors",2022,"0022100928","20220301",0,5.25,FALSE
1627783,"Pascal Siakam","1610612761","Toronto Raptors",2022,"0022100928","20220301",-1.3,6.05,FALSE
1627783,"Pascal Siakam","1610612761","Toronto Raptors",2022,"0022100928","20220301",-1.2,5.65,FALSE
1627783,"Pascal Siakam","1610612761","Toronto Raptors",2022,"0022100928","20220301",-4.5,7.85,TRUE
1627783,"Pascal Siakam","1610612761","Toronto Raptors",2022,"0022100928","20220301",-2.2,6.75,FALSE
1627783,"Pascal Siakam","1610612761","Toronto Raptors",2022,"0022100928","20220301",-1.6,19.85,FALSE
1627783,"Pascal Siakam","1610612761","Toronto Raptors",2022,"0022100928","20220301",1.8,9.55,FALSE
1627783,"Pascal Siakam","1610612761","Toronto Raptors",2022,"0022100942","20220303",1.5,24.15,FALSE
1627783,"Pascal Siakam","1610612761","Toronto Raptors",2022,"0022100942","20220303",-4.3,8.45,TRUE
1627783,"Pascal Siakam","1610612761","Toronto Raptors",2022,"0022100942","20220303",0.4,5.45,TRUE
1627783,"Pascal Siakam","1610612761","Toronto Raptors",2022,"0022100942","20220303",5.6,22.75,TRUE
1627783,"Pascal Siakam","1610612761","Toronto Raptors",2022,"0022100942","20220303",4.2,12.65,FALSE
1627783,"Pascal Siakam","1610612761","Toronto Raptors",2022,"0022100942","20220303",0.1,9.65,TRUE
1627783,"Pascal Siakam","1610612761","Toronto Raptors",2022,"0022100942","20220303",-3.3,16.75,TRUE
1627783,"Pascal Siakam","1610612761","Toronto Raptors",2022,"0022100942","20220303",1.5,9.35,FALSE
1627783,"Pascal Siakam","1610612761","Toronto Raptors",2022,"0022100942","20220303",-9.1,23.75,TRUE
1627783,"Pascal Siakam","1610612761","Toronto Raptors",2022,"0022100942","20220303",-4,10.95,TRUE
1627783,"Pascal Siakam","1610612761","Toronto Raptors",2022,"0022100942","20220303",0.9,5.85,TRUE
1627783,"Pascal Siakam","1610612761","Toronto Raptors",2022,"0022100942","20220303",-2.6,6.25,FALSE
1627783,"Pascal Siakam","1610612761","Toronto Raptors",2022,"0022100942","20220303",-0.2,7.25,TRUE
1627783,"Pascal Siakam","1610612761","Toronto Raptors",2022,"0022100942","20220303",-2.5,6.95,FALSE
1627783,"Pascal Siakam","1610612761","Toronto Raptors",2022,"0022100942","20220303",-3.2,11.45,TRUE
1627783,"Pascal Siakam","1610612761","Toronto Raptors",2022,"0022100962","20220306",4.4,23.15,FALSE
1627783,"Pascal Siakam","1610612761","Toronto Raptors",2022,"0022100962","20220306",-0.1,4.85,TRUE
1627783,"Pascal Siakam","1610612761","Toronto Raptors",2022,"0022100962","20220306",-22.3,15.85,FALSE
1627783,"Pascal Siakam","1610612761","Toronto Raptors",2022,"0022100962","20220306",-3.2,14.55,FALSE
1627783,"Pascal Siakam","1610612761","Toronto Raptors",2022,"0022100962","20220306",5.6,7.35,FALSE
1627783,"Pascal Siakam","1610612761","Toronto Raptors",2022,"0022100962","20220306",5.1,21.85,FALSE
1627783,"Pascal Siakam","1610612761","Toronto Raptors",2022,"0022100962","20220306",-0.9,7.35,FALSE
1627783,"Pascal Siakam","1610612761","Toronto Raptors",2022,"0022100962","20220306",0.4,5.55,TRUE
1627783,"Pascal Siakam","1610612761","Toronto Raptors",2022,"0022100962","20220306",4.8,19.25,FALSE
1627783,"Pascal Siakam","1610612761","Toronto Raptors",2022,"0022100962","20220306",0.4,5.55,TRUE
1627783,"Pascal Siakam","1610612761","Toronto Raptors",2022,"0022100962","20220306",-6.9,6.25,FALSE
1627783,"Pascal Siakam","1610612761","Toronto Raptors",2022,"0022100962","20220306",0.6,9.75,FALSE
1627783,"Pascal Siakam","1610612761","Toronto Raptors",2022,"0022100962","20220306",-5.5,13.55,FALSE
1627783,"Pascal Siakam","1610612761","Toronto Raptors",2022,"0022100962","20220306",0.1,6.85,TRUE
1627783,"Pascal Siakam","1610612761","Toronto Raptors",2022,"0022100962","20220306",-11.8,29.85,FALSE
1627783,"Pascal Siakam","1610612761","Toronto Raptors",2022,"0022100962","20220306",2.9,15.35,FALSE
1627783,"Pascal Siakam","1610612761","Toronto Raptors",2022,"0022100962","20220306",-2,6.35,FALSE
1627783,"Pascal Siakam","1610612761","Toronto Raptors",2022,"0022100962","20220306",-0.7,21.75,TRUE
1627783,"Pascal Siakam","1610612761","Toronto Raptors",2022,"0022100962","20220306",-3.3,31.15,TRUE
1627783,"Pascal Siakam","1610612761","Toronto Raptors",2022,"0022100962","20220306",-2.6,12.35,TRUE
1627783,"Pascal Siakam","1610612761","Toronto Raptors",2022,"0022100962","20220306",-1.2,6.95,TRUE
1627783,"Pascal Siakam","1610612761","Toronto Raptors",2022,"0022100962","20220306",-11.6,28.95,FALSE
1627783,"Pascal Siakam","1610612761","Toronto Raptors",2022,"0022100989","20220309",-3.2,5.75,FALSE
1627783,"Pascal Siakam","1610612761","Toronto Raptors",2022,"0022100989","20220309",-0.2,7.15,TRUE
1627783,"Pascal Siakam","1610612761","Toronto Raptors",2022,"0022100989","20220309",-0.2,9.85,TRUE
1627783,"Pascal Siakam","1610612761","Toronto Raptors",2022,"0022100989","20220309",8.7,29.35,FALSE
1627783,"Pascal Siakam","1610612761","Toronto Raptors",2022,"0022100989","20220309",12,27.45,TRUE
1627783,"Pascal Siakam","1610612761","Toronto Raptors",2022,"0022100989","20220309",0.1,11.65,TRUE
1627783,"Pascal Siakam","1610612761","Toronto Raptors",2022,"0022100989","20220309",0,25.75,TRUE
1627783,"Pascal Siakam","1610612761","Toronto Raptors",2022,"0022100989","20220309",-3.2,9.95,FALSE
1627783,"Pascal Siakam","1610612761","Toronto Raptors",2022,"0022100989","20220309",-2.6,5.65,TRUE
1627783,"Pascal Siakam","1610612761","Toronto Raptors",2022,"0022100989","20220309",-0.1,14.15,FALSE
1627783,"Pascal Siakam","1610612761","Toronto Raptors",2022,"0022100989","20220309",21.4,20.75,TRUE
1627783,"Pascal Siakam","1610612761","Toronto Raptors",2022,"0022100989","20220309",-8.8,30.85,FALSE
1627783,"Pascal Siakam","1610612761","Toronto Raptors",2022,"0022100989","20220309",-17,26.15,FALSE
1627783,"Pascal Siakam","1610612761","Toronto Raptors",2022,"0022100989","20220309",8.8,24.05,FALSE
1627783,"Pascal Siakam","1610612761","Toronto Raptors",2022,"0022100989","20220309",1.1,5.45,FALSE
1627783,"Pascal Siakam","1610612761","Toronto Raptors",2022,"0022101003","20220311",-2.2,24.05,FALSE
1627783,"Pascal Siakam","1610612761","Toronto Raptors",2022,"0022101003","20220311",0.9,5.55,TRUE
1627783,"Pascal Siakam","1610612761","Toronto Raptors",2022,"0022101003","20220311",2.2,9.75,FALSE
1627783,"Pascal Siakam","1610612761","Toronto Raptors",2022,"0022101003","20220311",0.4,8.85,FALSE
1627783,"Pascal Siakam","1610612761","Toronto Raptors",2022,"0022101003","20220311",-1.8,16.25,FALSE
1627783,"Pascal Siakam","1610612761","Toronto Raptors",2022,"0022101003","20220311",2.1,30.25,TRUE
1627783,"Pascal Siakam","1610612761","Toronto Raptors",2022,"0022101003","20220311",-19.2,21.65,FALSE
1627783,"Pascal Siakam","1610612761","Toronto Raptors",2022,"0022101003","20220311",-5.5,16.35,TRUE
1627783,"Pascal Siakam","1610612761","Toronto Raptors",2022,"0022101003","20220311",-8.6,30.25,FALSE
1627783,"Pascal Siakam","1610612761","Toronto Raptors",2022,"0022101003","20220311",6.4,13.95,FALSE
1627783,"Pascal Siakam","1610612761","Toronto Raptors",2022,"0022101003","20220311",5.8,20.35,FALSE
1627783,"Pascal Siakam","1610612761","Toronto Raptors",2022,"0022101003","20220311",-3.3,8.85,TRUE
1627783,"Pascal Siakam","1610612761","Toronto Raptors",2022,"0022101003","20220311",2.1,23.55,FALSE
1627783,"Pascal Siakam","1610612761","Toronto Raptors",2022,"0022101003","20220311",14.3,6.55,TRUE
1627783,"Pascal Siakam","1610612761","Toronto Raptors",2022,"0022101003","20220311",9.9,12.75,TRUE
1627783,"Pascal Siakam","1610612761","Toronto Raptors",2022,"0022101003","20220311",2.3,12.55,TRUE
1627783,"Pascal Siakam","1610612761","Toronto Raptors",2022,"0022101003","20220311",-10.4,28.95,TRUE
1627783,"Pascal Siakam","1610612761","Toronto Raptors",2022,"0022101003","20220311",13.1,14.75,FALSE
1627783,"Pascal Siakam","1610612761","Toronto Raptors",2022,"0022101003","20220311",0.9,6.45,TRUE
1627783,"Pascal Siakam","1610612761","Toronto Raptors",2022,"0022101003","20220311",4.2,17.95,FALSE
1627783,"Pascal Siakam","1610612761","Toronto Raptors",2022,"0022101003","20220311",-7.1,30.05,FALSE
1627783,"Pascal Siakam","1610612761","Toronto Raptors",2022,"0022101003","20220311",-1.1,5.15,FALSE
1627783,"Pascal Siakam","1610612761","Toronto Raptors",2022,"0022101003","20220311",0.1,5.65,TRUE
1627783,"Pascal Siakam","1610612761","Toronto Raptors",2022,"0022101003","20220311",0.6,13.05,FALSE
1627783,"Pascal Siakam","1610612761","Toronto Raptors",2022,"0022101009","20220312",-1.8,14.45,FALSE
1627783,"Pascal Siakam","1610612761","Toronto Raptors",2022,"0022101009","20220312",-23.3,13.75,TRUE
1627783,"Pascal Siakam","1610612761","Toronto Raptors",2022,"0022101009","20220312",-16.2,9.05,FALSE
1627783,"Pascal Siakam","1610612761","Toronto Raptors",2022,"0022101009","20220312",2.6,5.65,TRUE
1627783,"Pascal Siakam","1610612761","Toronto Raptors",2022,"0022101009","20220312",1,9.95,TRUE
1627783,"Pascal Siakam","1610612761","Toronto Raptors",2022,"0022101009","20220312",-21.2,19.25,TRUE
1627783,"Pascal Siakam","1610612761","Toronto Raptors",2022,"0022101009","20220312",-2.1,8.25,FALSE
1627783,"Pascal Siakam","1610612761","Toronto Raptors",2022,"0022101009","20220312",-7.4,12.55,TRUE
1627783,"Pascal Siakam","1610612761","Toronto Raptors",2022,"0022101009","20220312",13.7,15.35,TRUE
1627783,"Pascal Siakam","1610612761","Toronto Raptors",2022,"0022101009","20220312",-3.1,15.55,FALSE
1627783,"Pascal Siakam","1610612761","Toronto Raptors",2022,"0022101009","20220312",-0.7,7.75,TRUE
1627783,"Pascal Siakam","1610612761","Toronto Raptors",2022,"0022101009","20220312",0,7.85,TRUE
1627783,"Pascal Siakam","1610612761","Toronto Raptors",2022,"0022101009","20220312",-6.1,8.75,FALSE
1627783,"Pascal Siakam","1610612761","Toronto Raptors",2022,"0022101009","20220312",11.6,17.85,FALSE
1627783,"Pascal Siakam","1610612761","Toronto Raptors",2022,"0022101009","20220312",1.7,12.65,TRUE
1627783,"Pascal Siakam","1610612761","Toronto Raptors",2022,"0022101009","20220312",14.6,26.25,FALSE
1627783,"Pascal Siakam","1610612761","Toronto Raptors",2022,"0022101009","20220312",19.7,21.05,FALSE
1627783,"Pascal Siakam","1610612761","Toronto Raptors",2022,"0022101009","20220312",-1.7,6.95,TRUE
1627783,"Pascal Siakam","1610612761","Toronto Raptors",2022,"0022101009","20220312",-6.4,12.35,FALSE
1627783,"Pascal Siakam","1610612761","Toronto Raptors",2022,"0022101009","20220312",-5.1,6.55,TRUE
1627783,"Pascal Siakam","1610612761","Toronto Raptors",2022,"0022101009","20220312",0,5.25,TRUE
1627783,"Pascal Siakam","1610612761","Toronto Raptors",2022,"0022101009","20220312",1.5,15.75,FALSE
1627783,"Pascal Siakam","1610612761","Toronto Raptors",2022,"0022101028","20220314",-1.5,7.35,TRUE
1627783,"Pascal Siakam","1610612761","Toronto Raptors",2022,"0022101028","20220314",-0.1,8.35,TRUE
1627783,"Pascal Siakam","1610612761","Toronto Raptors",2022,"0022101028","20220314",23.5,8.05,TRUE
1627783,"Pascal Siakam","1610612761","Toronto Raptors",2022,"0022101028","20220314",-2.7,22.85,FALSE
1627783,"Pascal Siakam","1610612761","Toronto Raptors",2022,"0022101028","20220314",1.6,7.25,TRUE
1627783,"Pascal Siakam","1610612761","Toronto Raptors",2022,"0022101028","20220314",-3.4,11.55,TRUE
1627783,"Pascal Siakam","1610612761","Toronto Raptors",2022,"0022101028","20220314",4.9,16.45,FALSE
1627783,"Pascal Siakam","1610612761","Toronto Raptors",2022,"0022101028","20220314",-13.4,27.25,FALSE
1627783,"Pascal Siakam","1610612761","Toronto Raptors",2022,"0022101028","20220314",-14.2,27.05,TRUE
1627783,"Pascal Siakam","1610612761","Toronto Raptors",2022,"0022101028","20220314",-2.9,7.95,TRUE
1627783,"Pascal Siakam","1610612761","Toronto Raptors",2022,"0022101028","20220314",0.1,14.55,FALSE
1627783,"Pascal Siakam","1610612761","Toronto Raptors",2022,"0022101028","20220314",0.5,9.55,FALSE
1627783,"Pascal Siakam","1610612761","Toronto Raptors",2022,"0022101028","20220314",0.4,9.05,TRUE
1627783,"Pascal Siakam","1610612761","Toronto Raptors",2022,"0022101028","20220314",2.2,20.35,FALSE
1627783,"Pascal Siakam","1610612761","Toronto Raptors",2022,"0022101028","20220314",-1.3,7.85,FALSE
1627783,"Pascal Siakam","1610612761","Toronto Raptors",2022,"0022101028","20220314",0.7,10.45,FALSE
1627783,"Pascal Siakam","1610612761","Toronto Raptors",2022,"0022101028","20220314",-0.9,9.05,TRUE
1627783,"Pascal Siakam","1610612761","Toronto Raptors",2022,"0022101044","20220316",-6.2,8.45,TRUE
1627783,"Pascal Siakam","1610612761","Toronto Raptors",2022,"0022101044","20220316",6.7,15.95,TRUE
1627783,"Pascal Siakam","1610612761","Toronto Raptors",2022,"0022101044","20220316",-1.7,6.25,FALSE
1627783,"Pascal Siakam","1610612761","Toronto Raptors",2022,"0022101044","20220316",0.1,15.95,TRUE
1627783,"Pascal Siakam","1610612761","Toronto Raptors",2022,"0022101044","20220316",5.3,21.05,FALSE
1627783,"Pascal Siakam","1610612761","Toronto Raptors",2022,"0022101044","20220316",-14.1,27.85,FALSE
1627783,"Pascal Siakam","1610612761","Toronto Raptors",2022,"0022101044","20220316",23.4,7.95,TRUE
1627783,"Pascal Siakam","1610612761","Toronto Raptors",2022,"0022101044","20220316",-4.3,8.35,TRUE
1627783,"Pascal Siakam","1610612761","Toronto Raptors",2022,"0022101044","20220316",-0.6,10.95,TRUE
1627783,"Pascal Siakam","1610612761","Toronto Raptors",2022,"0022101044","20220316",7,12.05,TRUE
1627783,"Pascal Siakam","1610612761","Toronto Raptors",2022,"0022101044","20220316",1,10.45,TRUE
1627783,"Pascal Siakam","1610612761","Toronto Raptors",2022,"0022101044","20220316",-4,31.65,TRUE
1627783,"Pascal Siakam","1610612761","Toronto Raptors",2022,"0022101044","20220316",-1.2,9.05,FALSE
1627783,"Pascal Siakam","1610612761","Toronto Raptors",2022,"0022101044","20220316",0.9,9.85,TRUE
1627783,"Pascal Siakam","1610612761","Toronto Raptors",2022,"0022101044","20220316",20.7,19.85,TRUE
1627783,"Pascal Siakam","1610612761","Toronto Raptors",2022,"0022101044","20220316",-3.2,22.35,TRUE
1627783,"Pascal Siakam","1610612761","Toronto Raptors",2022,"0022101044","20220316",-3.1,19.45,FALSE
1627783,"Pascal Siakam","1610612761","Toronto Raptors",2022,"0022101044","20220316",1.7,8.25,FALSE
1627783,"Pascal Siakam","1610612761","Toronto Raptors",2022,"0022101044","20220316",1.6,6.35,TRUE
1627783,"Pascal Siakam","1610612761","Toronto Raptors",2022,"0022101044","20220316",-2.1,10.25,FALSE
1627783,"Pascal Siakam","1610612761","Toronto Raptors",2022,"0022101044","20220316",15.2,26.35,FALSE
1627783,"Pascal Siakam","1610612761","Toronto Raptors",2022,"0022101044","20220316",-2.5,11.85,FALSE
1627783,"Pascal Siakam","1610612761","Toronto Raptors",2022,"0022101051","20220318",-3.4,9.45,FALSE
1627783,"Pascal Siakam","1610612761","Toronto Raptors",2022,"0022101051","20220318",-8.9,29.65,TRUE
1627783,"Pascal Siakam","1610612761","Toronto Raptors",2022,"0022101051","20220318",0.2,11.65,TRUE
1627783,"Pascal Siakam","1610612761","Toronto Raptors",2022,"0022101051","20220318",0.1,17.45,FALSE
1627783,"Pascal Siakam","1610612761","Toronto Raptors",2022,"0022101051","20220318",4.8,24.05,FALSE
1627783,"Pascal Siakam","1610612761","Toronto Raptors",2022,"0022101051","20220318",-1.1,11.05,FALSE
1627783,"Pascal Siakam","1610612761","Toronto Raptors",2022,"0022101051","20220318",-5.4,9.05,TRUE
1627783,"Pascal Siakam","1610612761","Toronto Raptors",2022,"0022101051","20220318",-4.3,7.95,TRUE
1627783,"Pascal Siakam","1610612761","Toronto Raptors",2022,"0022101051","20220318",15.1,27.45,FALSE
1627783,"Pascal Siakam","1610612761","Toronto Raptors",2022,"0022101051","20220318",-2.5,12.55,TRUE
1627783,"Pascal Siakam","1610612761","Toronto Raptors",2022,"0022101051","20220318",-1.6,14.25,TRUE
1627783,"Pascal Siakam","1610612761","Toronto Raptors",2022,"0022101051","20220318",-5.5,8.95,FALSE
1627783,"Pascal Siakam","1610612761","Toronto Raptors",2022,"0022101069","20220320",17,24.35,FALSE
1627783,"Pascal Siakam","1610612761","Toronto Raptors",2022,"0022101069","20220320",8.8,19.15,FALSE
1627783,"Pascal Siakam","1610612761","Toronto Raptors",2022,"0022101069","20220320",1.3,4.95,TRUE
1627783,"Pascal Siakam","1610612761","Toronto Raptors",2022,"0022101069","20220320",1,9.15,TRUE
1627783,"Pascal Siakam","1610612761","Toronto Raptors",2022,"0022101069","20220320",1.6,11.15,TRUE
1627783,"Pascal Siakam","1610612761","Toronto Raptors",2022,"0022101069","20220320",-0.2,26.35,FALSE
1627783,"Pascal Siakam","1610612761","Toronto Raptors",2022,"0022101069","20220320",6.5,20.15,FALSE
1627783,"Pascal Siakam","1610612761","Toronto Raptors",2022,"0022101069","20220320",8.7,28.85,FALSE
1627783,"Pascal Siakam","1610612761","Toronto Raptors",2022,"0022101069","20220320",0.2,12.05,TRUE
1627783,"Pascal Siakam","1610612761","Toronto Raptors",2022,"0022101069","20220320",-0.4,4.95,FALSE
1627783,"Pascal Siakam","1610612761","Toronto Raptors",2022,"0022101069","20220320",0.7,6.45,TRUE
1627783,"Pascal Siakam","1610612761","Toronto Raptors",2022,"0022101069","20220320",0,5.25,FALSE
1627783,"Pascal Siakam","1610612761","Toronto Raptors",2022,"0022101069","20220320",-8.1,7.25,FALSE
1627783,"Pascal Siakam","1610612761","Toronto Raptors",2022,"0022101069","20220320",-1.2,5.05,TRUE
1627783,"Pascal Siakam","1610612761","Toronto Raptors",2022,"0022101069","20220320",-0.1,19.55,TRUE
1627783,"Pascal Siakam","1610612761","Toronto Raptors",2022,"0022101069","20220320",-0.5,25.05,FALSE
1627783,"Pascal Siakam","1610612761","Toronto Raptors",2022,"0022101069","20220320",8,29.15,TRUE
1627783,"Pascal Siakam","1610612761","Toronto Raptors",2022,"0022101069","20220320",12.9,19.35,TRUE
1627783,"Pascal Siakam","1610612761","Toronto Raptors",2022,"0022101069","20220320",-2.1,24.75,FALSE
1627783,"Pascal Siakam","1610612761","Toronto Raptors",2022,"0022101069","20220320",-1.2,14.55,TRUE
1627783,"Pascal Siakam","1610612761","Toronto Raptors",2022,"0022101076","20220321",-0.9,5.35,FALSE
1627783,"Pascal Siakam","1610612761","Toronto Raptors",2022,"0022101076","20220321",-14.2,25.65,FALSE
1627783,"Pascal Siakam","1610612761","Toronto Raptors",2022,"0022101076","20220321",2.2,5.65,FALSE
1627783,"Pascal Siakam","1610612761","Toronto Raptors",2022,"0022101076","20220321",-3.4,13.25,TRUE
1627783,"Pascal Siakam","1610612761","Toronto Raptors",2022,"0022101076","20220321",-1.3,5.15,TRUE
1627783,"Pascal Siakam","1610612761","Toronto Raptors",2022,"0022101076","20220321",-1.5,5.35,TRUE
1627783,"Pascal Siakam","1610612761","Toronto Raptors",2022,"0022101076","20220321",-1.3,6.55,TRUE
1627783,"Pascal Siakam","1610612761","Toronto Raptors",2022,"0022101076","20220321",-12.3,6.45,FALSE
1627783,"Pascal Siakam","1610612761","Toronto Raptors",2022,"0022101076","20220321",1.2,6.35,TRUE
1627783,"Pascal Siakam","1610612761","Toronto Raptors",2022,"0022101076","20220321",-7.5,11.15,TRUE
1627783,"Pascal Siakam","1610612761","Toronto Raptors",2022,"0022101076","20220321",-1.1,5.35,TRUE
1627783,"Pascal Siakam","1610612761","Toronto Raptors",2022,"0022101076","20220321",-22.9,8.45,FALSE
1627783,"Pascal Siakam","1610612761","Toronto Raptors",2022,"0022101076","20220321",1.1,7.85,FALSE
1627783,"Pascal Siakam","1610612761","Toronto Raptors",2022,"0022101076","20220321",0,6.15,TRUE
1627783,"Pascal Siakam","1610612761","Toronto Raptors",2022,"0022101095","20220324",7.7,7.55,FALSE
1627783,"Pascal Siakam","1610612761","Toronto Raptors",2022,"0022101095","20220324",-23.2,3.75,TRUE
1627783,"Pascal Siakam","1610612761","Toronto Raptors",2022,"0022101095","20220324",-23,5.15,TRUE
1627783,"Pascal Siakam","1610612761","Toronto Raptors",2022,"0022101095","20220324",-2,5.85,TRUE
1627783,"Pascal Siakam","1610612761","Toronto Raptors",2022,"0022101095","20220324",-2.2,15.65,FALSE
1627783,"Pascal Siakam","1610612761","Toronto Raptors",2022,"0022101095","20220324",-1.1,5.15,TRUE
1627783,"Pascal Siakam","1610612761","Toronto Raptors",2022,"0022101095","20220324",1.5,10.65,FALSE
1627783,"Pascal Siakam","1610612761","Toronto Raptors",2022,"0022101095","20220324",-1.8,11.55,FALSE
1627783,"Pascal Siakam","1610612761","Toronto Raptors",2022,"0022101095","20220324",-5.5,12.05,FALSE
1627783,"Pascal Siakam","1610612761","Toronto Raptors",2022,"0022101095","20220324",-23.3,4.15,TRUE
1627783,"Pascal Siakam","1610612761","Toronto Raptors",2022,"0022101095","20220324",-2.3,6.95,FALSE
1627783,"Pascal Siakam","1610612761","Toronto Raptors",2022,"0022101095","20220324",1.5,9.05,TRUE
1627783,"Pascal Siakam","1610612761","Toronto Raptors",2022,"0022101095","20220324",13.4,27.15,TRUE
1627783,"Pascal Siakam","1610612761","Toronto Raptors",2022,"0022101095","20220324",19,21.85,TRUE
1627783,"Pascal Siakam","1610612761","Toronto Raptors",2022,"0022101095","20220324",-0.7,12.95,FALSE
1627783,"Pascal Siakam","1610612761","Toronto Raptors",2022,"0022101095","20220324",-18.5,22.45,FALSE
1627783,"Pascal Siakam","1610612761","Toronto Raptors",2022,"0022101095","20220324",-5.5,17.75,TRUE
1627783,"Pascal Siakam","1610612761","Toronto Raptors",2022,"0022101095","20220324",0,6.75,TRUE
1627783,"Pascal Siakam","1610612761","Toronto Raptors",2022,"0022101095","20220324",-0.2,25.75,TRUE
1627783,"Pascal Siakam","1610612761","Toronto Raptors",2022,"0022101095","20220324",-7.1,29.75,TRUE
1627783,"Pascal Siakam","1610612761","Toronto Raptors",2022,"0022101109","20220326",1,6.35,TRUE
1627783,"Pascal Siakam","1610612761","Toronto Raptors",2022,"0022101109","20220326",1.1,6.25,FALSE
1627783,"Pascal Siakam","1610612761","Toronto Raptors",2022,"0022101109","20220326",-2.6,5.35,TRUE
1627783,"Pascal Siakam","1610612761","Toronto Raptors",2022,"0022101109","20220326",3.8,10.05,TRUE
1627783,"Pascal Siakam","1610612761","Toronto Raptors",2022,"0022101109","20220326",-2,5.45,TRUE
1627783,"Pascal Siakam","1610612761","Toronto Raptors",2022,"0022101109","20220326",17.9,23.35,TRUE
1627783,"Pascal Siakam","1610612761","Toronto Raptors",2022,"0022101109","20220326",3.2,16.35,TRUE
1627783,"Pascal Siakam","1610612761","Toronto Raptors",2022,"0022101109","20220326",0,5.25,TRUE
1627783,"Pascal Siakam","1610612761","Toronto Raptors",2022,"0022101109","20220326",1.5,7.55,TRUE
1627783,"Pascal Siakam","1610612761","Toronto Raptors",2022,"0022101109","20220326",-5,30.45,FALSE
1627783,"Pascal Siakam","1610612761","Toronto Raptors",2022,"0022101109","20220326",0.9,6.95,FALSE
1627783,"Pascal Siakam","1610612761","Toronto Raptors",2022,"0022101109","20220326",0.6,7.75,TRUE
1627783,"Pascal Siakam","1610612761","Toronto Raptors",2022,"0022101109","20220326",21.2,19.95,FALSE
1627783,"Pascal Siakam","1610612761","Toronto Raptors",2022,"0022101109","20220326",0.7,8.15,FALSE
1627783,"Pascal Siakam","1610612761","Toronto Raptors",2022,"0022101109","20220326",-3.9,27.15,TRUE
1627783,"Pascal Siakam","1610612761","Toronto Raptors",2022,"0022101127","20220328",-18,24.05,FALSE
1627783,"Pascal Siakam","1610612761","Toronto Raptors",2022,"0022101127","20220328",0.9,6.65,TRUE
1627783,"Pascal Siakam","1610612761","Toronto Raptors",2022,"0022101127","20220328",-2,10.55,TRUE
1627783,"Pascal Siakam","1610612761","Toronto Raptors",2022,"0022101127","20220328",-2.1,12.45,TRUE
1627783,"Pascal Siakam","1610612761","Toronto Raptors",2022,"0022101127","20220328",-4.3,7.65,TRUE
1627783,"Pascal Siakam","1610612761","Toronto Raptors",2022,"0022101127","20220328",-5.3,9.35,TRUE
1627783,"Pascal Siakam","1610612761","Toronto Raptors",2022,"0022101127","20220328",-9.7,30.05,FALSE
1627783,"Pascal Siakam","1610612761","Toronto Raptors",2022,"0022101127","20220328",-11.4,29.75,FALSE
1627783,"Pascal Siakam","1610612761","Toronto Raptors",2022,"0022101127","20220328",0.1,9.35,TRUE
1627783,"Pascal Siakam","1610612761","Toronto Raptors",2022,"0022101127","20220328",-1.3,9.95,TRUE
1627783,"Pascal Siakam","1610612761","Toronto Raptors",2022,"0022101127","20220328",-4.8,10.95,FALSE
1627783,"Pascal Siakam","1610612761","Toronto Raptors",2022,"0022101127","20220328",-3.7,12.05,TRUE
1627783,"Pascal Siakam","1610612761","Toronto Raptors",2022,"0022101127","20220328",-16.4,11.85,FALSE
1627783,"Pascal Siakam","1610612761","Toronto Raptors",2022,"0022101127","20220328",0.4,6.05,TRUE
1627783,"Pascal Siakam","1610612761","Toronto Raptors",2022,"0022101127","20220328",-0.7,6.35,TRUE
1627783,"Pascal Siakam","1610612761","Toronto Raptors",2022,"0022101127","20220328",-2.2,9.95,TRUE
1627783,"Pascal Siakam","1610612761","Toronto Raptors",2022,"0022101127","20220328",-1.1,18.15,TRUE
1627783,"Pascal Siakam","1610612761","Toronto Raptors",2022,"0022101127","20220328",-0.2,10.75,FALSE
1627783,"Pascal Siakam","1610612761","Toronto Raptors",2022,"0022101127","20220328",-0.2,7.35,FALSE
1627783,"Pascal Siakam","1610612761","Toronto Raptors",2022,"0022101127","20220328",4.5,10.95,TRUE
1627783,"Pascal Siakam","1610612761","Toronto Raptors",2022,"0022101127","20220328",3.7,16.55,FALSE
1627783,"Pascal Siakam","1610612761","Toronto Raptors",2022,"0022101127","20220328",-2.6,11.05,TRUE
1627783,"Pascal Siakam","1610612761","Toronto Raptors",2022,"0022101127","20220328",-0.1,7.05,TRUE
1627783,"Pascal Siakam","1610612761","Toronto Raptors",2022,"0022101127","20220328",-0.1,14.75,FALSE
1627783,"Pascal Siakam","1610612761","Toronto Raptors",2022,"0022101127","20220328",-8.6,22.85,FALSE
1627783,"Pascal Siakam","1610612761","Toronto Raptors",2022,"0022101127","20220328",-0.9,12.25,FALSE
1627783,"Pascal Siakam","1610612761","Toronto Raptors",2022,"0022101127","20220328",1,8.35,TRUE
1627783,"Pascal Siakam","1610612761","Toronto Raptors",2022,"0022101127","20220328",0.5,22.75,TRUE
1627783,"Pascal Siakam","1610612761","Toronto Raptors",2022,"0022101127","20220328",-4.4,31.95,FALSE
1627783,"Pascal Siakam","1610612761","Toronto Raptors",2022,"0022101141","20220330",-0.4,15.15,FALSE
1627783,"Pascal Siakam","1610612761","Toronto Raptors",2022,"0022101141","20220330",13.7,26.85,FALSE
1627783,"Pascal Siakam","1610612761","Toronto Raptors",2022,"0022101141","20220330",9.8,19.55,FALSE
1627783,"Pascal Siakam","1610612761","Toronto Raptors",2022,"0022101141","20220330",-0.6,9.95,FALSE
1627783,"Pascal Siakam","1610612761","Toronto Raptors",2022,"0022101141","20220330",0,5.25,FALSE
1627783,"Pascal Siakam","1610612761","Toronto Raptors",2022,"0022101141","20220330",-3.2,20.55,TRUE
1627783,"Pascal Siakam","1610612761","Toronto Raptors",2022,"0022101141","20220330",-1.8,23.85,FALSE
1627783,"Pascal Siakam","1610612761","Toronto Raptors",2022,"0022101141","20220330",-2.1,6.35,TRUE
1627783,"Pascal Siakam","1610612761","Toronto Raptors",2022,"0022101141","20220330",-2,12.45,FALSE
1627783,"Pascal Siakam","1610612761","Toronto Raptors",2022,"0022101141","20220330",20,21.15,FALSE
1627783,"Pascal Siakam","1610612761","Toronto Raptors",2022,"0022101141","20220330",-2,7.15,TRUE
1627783,"Pascal Siakam","1610612761","Toronto Raptors",2022,"0022101141","20220330",-2.3,8.65,FALSE
1627783,"Pascal Siakam","1610612761","Toronto Raptors",2022,"0022101141","20220330",-1,6.85,TRUE
1627783,"Pascal Siakam","1610612761","Toronto Raptors",2022,"0022101141","20220330",-1.7,7.45,FALSE
1627783,"Pascal Siakam","1610612761","Toronto Raptors",2022,"0022101141","20220330",-6.7,11.35,TRUE
1627783,"Pascal Siakam","1610612761","Toronto Raptors",2022,"0022101151","20220401",-4,6.85,TRUE
1627783,"Pascal Siakam","1610612761","Toronto Raptors",2022,"0022101151","20220401",24.3,8.55,FALSE
1627783,"Pascal Siakam","1610612761","Toronto Raptors",2022,"0022101151","20220401",-12.3,22.05,FALSE
1627783,"Pascal Siakam","1610612761","Toronto Raptors",2022,"0022101151","20220401",-0.1,12.85,TRUE
1627783,"Pascal Siakam","1610612761","Toronto Raptors",2022,"0022101151","20220401",-3.4,7.45,FALSE
1627783,"Pascal Siakam","1610612761","Toronto Raptors",2022,"0022101151","20220401",6.9,14.45,TRUE
1627783,"Pascal Siakam","1610612761","Toronto Raptors",2022,"0022101151","20220401",-1,6.85,TRUE
1627783,"Pascal Siakam","1610612761","Toronto Raptors",2022,"0022101151","20220401",-0.5,7.95,TRUE
1627783,"Pascal Siakam","1610612761","Toronto Raptors",2022,"0022101151","20220401",3.1,30.45,FALSE
1627783,"Pascal Siakam","1610612761","Toronto Raptors",2022,"0022101151","20220401",1,11.65,FALSE
1627783,"Pascal Siakam","1610612761","Toronto Raptors",2022,"0022101151","20220401",1.7,6.05,TRUE
1627783,"Pascal Siakam","1610612761","Toronto Raptors",2022,"0022101151","20220401",-16.8,9.75,FALSE
1627783,"Pascal Siakam","1610612761","Toronto Raptors",2022,"0022101151","20220401",-10.7,9.25,FALSE
1627783,"Pascal Siakam","1610612761","Toronto Raptors",2022,"0022101151","20220401",-1.7,12.05,FALSE
1627783,"Pascal Siakam","1610612761","Toronto Raptors",2022,"0022101151","20220401",-8,22.35,TRUE
1627783,"Pascal Siakam","1610612761","Toronto Raptors",2022,"0022101151","20220401",-13.4,27.95,FALSE
1627783,"Pascal Siakam","1610612761","Toronto Raptors",2022,"0022101151","20220401",-2.7,5.85,FALSE
1627783,"Pascal Siakam","1610612761","Toronto Raptors",2022,"0022101151","20220401",-1.3,12.15,FALSE
1627783,"Pascal Siakam","1610612761","Toronto Raptors",2022,"0022101172","20220403",-2.6,10.65,TRUE
1627783,"Pascal Siakam","1610612761","Toronto Raptors",2022,"0022101172","20220403",-0.1,7.55,TRUE
1627783,"Pascal Siakam","1610612761","Toronto Raptors",2022,"0022101172","20220403",-2.5,14.05,FALSE
1627783,"Pascal Siakam","1610612761","Toronto Raptors",2022,"0022101172","20220403",-0.9,12.55,TRUE
1627783,"Pascal Siakam","1610612761","Toronto Raptors",2022,"0022101172","20220403",-0.4,14.05,TRUE
1627783,"Pascal Siakam","1610612761","Toronto Raptors",2022,"0022101172","20220403",2.1,16.95,FALSE
1627783,"Pascal Siakam","1610612761","Toronto Raptors",2022,"0022101172","20220403",-23.2,3.65,FALSE
1627783,"Pascal Siakam","1610612761","Toronto Raptors",2022,"0022101172","20220403",9.1,22.15,FALSE
1627783,"Pascal Siakam","1610612761","Toronto Raptors",2022,"0022101172","20220403",-1.2,8.85,TRUE
1627783,"Pascal Siakam","1610612761","Toronto Raptors",2022,"0022101172","20220403",-1.5,6.75,TRUE
1627783,"Pascal Siakam","1610612761","Toronto Raptors",2022,"0022101172","20220403",-2.1,8.15,FALSE
1627783,"Pascal Siakam","1610612761","Toronto Raptors",2022,"0022101172","20220403",1.2,8.35,TRUE
1627783,"Pascal Siakam","1610612761","Toronto Raptors",2022,"0022101172","20220403",-1.7,21.45,TRUE
1627783,"Pascal Siakam","1610612761","Toronto Raptors",2022,"0022101172","20220403",-4,8.65,TRUE
1627783,"Pascal Siakam","1610612761","Toronto Raptors",2022,"0022101172","20220403",7.4,29.95,TRUE
1627783,"Pascal Siakam","1610612761","Toronto Raptors",2022,"0022101172","20220403",-0.4,16.85,TRUE
1627783,"Pascal Siakam","1610612761","Toronto Raptors",2022,"0022101172","20220403",-0.7,10.05,FALSE
1627783,"Pascal Siakam","1610612761","Toronto Raptors",2022,"0022101172","20220403",-0.1,31.95,FALSE
1627783,"Pascal Siakam","1610612761","Toronto Raptors",2022,"0022101182","20220405",0.1,13.05,TRUE
1627783,"Pascal Siakam","1610612761","Toronto Raptors",2022,"0022101182","20220405",-2,13.35,FALSE
1627783,"Pascal Siakam","1610612761","Toronto Raptors",2022,"0022101182","20220405",-5.1,16.25,FALSE
1627783,"Pascal Siakam","1610612761","Toronto Raptors",2022,"0022101182","20220405",-1.8,10.95,TRUE
1627783,"Pascal Siakam","1610612761","Toronto Raptors",2022,"0022101182","20220405",20.7,20.05,FALSE
1627783,"Pascal Siakam","1610612761","Toronto Raptors",2022,"0022101182","20220405",0.1,12.15,FALSE
1627783,"Pascal Siakam","1610612761","Toronto Raptors",2022,"0022101182","20220405",-7.1,18.05,TRUE
1627783,"Pascal Siakam","1610612761","Toronto Raptors",2022,"0022101182","20220405",-0.2,12.15,TRUE
1627783,"Pascal Siakam","1610612761","Toronto Raptors",2022,"0022101182","20220405",10,30.05,FALSE
1627783,"Pascal Siakam","1610612761","Toronto Raptors",2022,"0022101182","20220405",2.5,11.15,TRUE
1627783,"Pascal Siakam","1610612761","Toronto Raptors",2022,"0022101182","20220405",1.7,7.45,TRUE
1627783,"Pascal Siakam","1610612761","Toronto Raptors",2022,"0022101182","20220405",-0.7,12.05,FALSE
1627783,"Pascal Siakam","1610612761","Toronto Raptors",2022,"0022101182","20220405",11.8,20.05,TRUE
1627783,"Pascal Siakam","1610612761","Toronto Raptors",2022,"0022101182","20220405",-5.9,24.25,FALSE
1627783,"Pascal Siakam","1610612761","Toronto Raptors",2022,"0022101182","20220405",22.1,7.25,TRUE
1627783,"Pascal Siakam","1610612761","Toronto Raptors",2022,"0022101182","20220405",-2.7,16.85,TRUE
1627783,"Pascal Siakam","1610612761","Toronto Raptors",2022,"0022101182","20220405",-0.4,15.65,TRUE
1627783,"Pascal Siakam","1610612761","Toronto Raptors",2022,"0022101182","20220405",19.5,22.05,FALSE
1627783,"Pascal Siakam","1610612761","Toronto Raptors",2022,"0022101182","20220405",8.1,9.55,FALSE
1627783,"Pascal Siakam","1610612761","Toronto Raptors",2022,"0022101182","20220405",-8,7.85,TRUE
1627783,"Pascal Siakam","1610612761","Toronto Raptors",2022,"0022101182","20220405",-5.3,11.45,TRUE
1627783,"Pascal Siakam","1610612761","Toronto Raptors",2022,"0022101182","20220405",-1.6,16.85,FALSE
1627783,"Pascal Siakam","1610612761","Toronto Raptors",2022,"0022101182","20220405",-0.7,11.95,FALSE
1627783,"Pascal Siakam","1610612761","Toronto Raptors",2022,"0022101197","20220407",10.7,10.45,FALSE
1627783,"Pascal Siakam","1610612761","Toronto Raptors",2022,"0022101197","20220407",-10.3,28.05,FALSE
1627783,"Pascal Siakam","1610612761","Toronto Raptors",2022,"0022101197","20220407",6.9,14.95,TRUE
1627783,"Pascal Siakam","1610612761","Toronto Raptors",2022,"0022101197","20220407",-0.9,13.25,TRUE
1627783,"Pascal Siakam","1610612761","Toronto Raptors",2022,"0022101197","20220407",3.4,8.05,FALSE
1627783,"Pascal Siakam","1610612761","Toronto Raptors",2022,"0022101197","20220407",12.7,29.15,TRUE
1627783,"Pascal Siakam","1610612761","Toronto Raptors",2022,"0022101197","20220407",6.5,33.25,FALSE
1627783,"Pascal Siakam","1610612761","Toronto Raptors",2022,"0022101197","20220407",2.6,23.65,TRUE
1627783,"Pascal Siakam","1610612761","Toronto Raptors",2022,"0022101197","20220407",18.8,23.25,FALSE
1627783,"Pascal Siakam","1610612761","Toronto Raptors",2022,"0022101197","20220407",23.4,7.05,FALSE
1627783,"Pascal Siakam","1610612761","Toronto Raptors",2022,"0022101197","20220407",6.4,31.05,FALSE
1627783,"Pascal Siakam","1610612761","Toronto Raptors",2022,"0022101197","20220407",-3.1,14.15,TRUE
1627783,"Pascal Siakam","1610612761","Toronto Raptors",2022,"0022101197","20220407",-0.6,12.35,TRUE
1627783,"Pascal Siakam","1610612761","Toronto Raptors",2022,"0022101197","20220407",-12.4,18.35,FALSE
1627783,"Pascal Siakam","1610612761","Toronto Raptors",2022,"0022101197","20220407",-7.2,10.95,TRUE
1627783,"Pascal Siakam","1610612761","Toronto Raptors",2022,"0022101197","20220407",-4.9,13.05,TRUE
1627783,"Pascal Siakam","1610612761","Toronto Raptors",2022,"0022101197","20220407",-3.6,10.85,FALSE
1627783,"Pascal Siakam","1610612761","Toronto Raptors",2022,"0022101197","20220407",-0.2,18.95,TRUE
1627783,"Pascal Siakam","1610612761","Toronto Raptors",2022,"0022101197","20220407",2.8,23.95,TRUE
1627783,"Pascal Siakam","1610612761","Toronto Raptors",2022,"0022101197","20220407",-1.3,15.15,TRUE
1627783,"Pascal Siakam","1610612761","Toronto Raptors",2022,"0022101197","20220407",-0.7,22.85,FALSE
1627783,"Pascal Siakam","1610612761","Toronto Raptors",2022,"0022101197","20220407",-4.3,30.55,FALSE
1627783,"Pascal Siakam","1610612761","Toronto Raptors",2022,"0022101197","20220407",-1.7,12.35,TRUE
1627783,"Pascal Siakam","1610612761","Toronto Raptors",2022,"0022101197","20220407",3.1,7.75,FALSE
1627783,"Pascal Siakam","1610612761","Toronto Raptors",2022,"0022101197","20220407",-2.6,8.35,TRUE
1627783,"Pascal Siakam","1610612761","Toronto Raptors",2022,"0022101197","20220407",-4.4,11.15,FALSE
1627783,"Pascal Siakam","1610612761","Toronto Raptors",2022,"0022101197","20220407",0,5.25,TRUE
1627783,"Pascal Siakam","1610612761","Toronto Raptors",2022,"0022101197","20220407",0,5.25,FALSE
1627783,"Pascal Siakam","1610612761","Toronto Raptors",2022,"0022101206","20220408",-2.1,6.75,TRUE
1627783,"Pascal Siakam","1610612761","Toronto Raptors",2022,"0022101206","20220408",-3.2,7.25,FALSE
1627783,"Pascal Siakam","1610612761","Toronto Raptors",2022,"0022101206","20220408",1,10.25,TRUE
1627783,"Pascal Siakam","1610612761","Toronto Raptors",2022,"0022101206","20220408",2,31.05,FALSE
1627783,"Pascal Siakam","1610612761","Toronto Raptors",2022,"0022101206","20220408",-22.5,7.85,FALSE
1627783,"Pascal Siakam","1610612761","Toronto Raptors",2022,"0022101206","20220408",-1,5.35,FALSE
1627783,"Pascal Siakam","1610612761","Toronto Raptors",2022,"0022101206","20220408",-0.7,6.05,FALSE
1627783,"Pascal Siakam","1610612761","Toronto Raptors",2022,"0022101206","20220408",1.3,9.45,FALSE
1627783,"Pascal Siakam","1610612761","Toronto Raptors",2022,"0022101206","20220408",-3.1,13.35,TRUE
1627783,"Pascal Siakam","1610612761","Toronto Raptors",2022,"0022101206","20220408",2.1,7.45,TRUE
1627783,"Pascal Siakam","1610612761","Toronto Raptors",2022,"0022101206","20220408",1,11.95,TRUE
1627783,"Pascal Siakam","1610612761","Toronto Raptors",2022,"0022101206","20220408",-0.6,5.35,TRUE
1627783,"Pascal Siakam","1610612761","Toronto Raptors",2022,"0022101206","20220408",-10.2,22.65,TRUE
1627783,"Pascal Siakam","1610612761","Toronto Raptors",2022,"0022101206","20220408",-0.4,7.65,TRUE
1627783,"Pascal Siakam","1610612761","Toronto Raptors",2022,"0022101206","20220408",-4.2,11.95,TRUE
1627783,"Pascal Siakam","1610612761","Toronto Raptors",2022,"0022101206","20220408",-1.3,5.05,TRUE
1627783,"Pascal Siakam","1610612761","Toronto Raptors",2022,"0022101206","20220408",2.1,16.25,FALSE
1627783,"Pascal Siakam","1610612761","Toronto Raptors",2022,"0022101206","20220408",0.4,24.25,FALSE
1627783,"Pascal Siakam","1610612761","Toronto Raptors",2022,"0022101206","20220408",0.6,11.85,TRUE
1627783,"Pascal Siakam","1610612761","Toronto Raptors",2022,"0022101206","20220408",0.9,6.55,FALSE
1627783,"Pascal Siakam","1610612761","Toronto Raptors",2022,"0022101206","20220408",-2.6,10.55,TRUE
1627783,"Pascal Siakam","1610612761","Toronto Raptors",2022,"0022101206","20220408",-3.4,13.15,FALSE
1627783,"Pascal Siakam","1610612761","Toronto Raptors",2022,"0022101206","20220408",-3.1,10.35,FALSE
1627783,"Pascal Siakam","1610612761","Toronto Raptors",2022,"0022101206","20220408",-3.3,9.85,FALSE
1627783,"Pascal Siakam","1610612761","Toronto Raptors",2023,"0022200008","20221019",0.6,12.25,TRUE
1627783,"Pascal Siakam","1610612761","Toronto Raptors",2023,"0022200008","20221019",-11.9,12.55,TRUE
1627783,"Pascal Siakam","1610612761","Toronto Raptors",2023,"0022200008","20221019",-23.3,9.95,TRUE
1627783,"Pascal Siakam","1610612761","Toronto Raptors",2023,"0022200008","20221019",-0.4,8.55,FALSE
1627783,"Pascal Siakam","1610612761","Toronto Raptors",2023,"0022200008","20221019",0,5.25,TRUE
1627783,"Pascal Siakam","1610612761","Toronto Raptors",2023,"0022200008","20221019",-0.1,9.45,TRUE
1627783,"Pascal Siakam","1610612761","Toronto Raptors",2023,"0022200008","20221019",5.5,16.55,TRUE
1627783,"Pascal Siakam","1610612761","Toronto Raptors",2023,"0022200008","20221019",-7.1,25.15,FALSE
1627783,"Pascal Siakam","1610612761","Toronto Raptors",2023,"0022200008","20221019",0,5.25,FALSE
1627783,"Pascal Siakam","1610612761","Toronto Raptors",2023,"0022200008","20221019",-18.4,23.75,FALSE
1627783,"Pascal Siakam","1610612761","Toronto Raptors",2023,"0022200008","20221019",0.6,9.55,FALSE
1627783,"Pascal Siakam","1610612761","Toronto Raptors",2023,"0022200008","20221019",-12.5,30.85,FALSE
1627783,"Pascal Siakam","1610612761","Toronto Raptors",2023,"0022200008","20221019",0.9,0.25,FALSE
1627783,"Pascal Siakam","1610612761","Toronto Raptors",2023,"0022200008","20221019",-2.7,7.75,FALSE
1627783,"Pascal Siakam","1610612761","Toronto Raptors",2023,"0022200008","20221019",-4.9,11.65,TRUE
1627783,"Pascal Siakam","1610612761","Toronto Raptors",2023,"0022200008","20221019",-2.7,17.85,TRUE
1627783,"Pascal Siakam","1610612761","Toronto Raptors",2023,"0022200008","20221019",-5,17.25,FALSE
1627783,"Pascal Siakam","1610612761","Toronto Raptors",2023,"0022200008","20221019",-1.1,13.65,FALSE
1627783,"Pascal Siakam","1610612761","Toronto Raptors",2023,"0022200008","20221019",0.1,11.45,TRUE
1627783,"Pascal Siakam","1610612761","Toronto Raptors",2023,"0022200008","20221019",-10.8,10.05,FALSE
1627783,"Pascal Siakam","1610612761","Toronto Raptors",2023,"0022200021","20221021",-8.1,10.55,TRUE
1627783,"Pascal Siakam","1610612761","Toronto Raptors",2023,"0022200021","20221021",-0.9,30.85,FALSE
1627783,"Pascal Siakam","1610612761","Toronto Raptors",2023,"0022200021","20221021",-2.8,6.15,TRUE
1627783,"Pascal Siakam","1610612761","Toronto Raptors",2023,"0022200021","20221021",-3.4,9.05,TRUE
1627783,"Pascal Siakam","1610612761","Toronto Raptors",2023,"0022200021","20221021",9.9,19.55,FALSE
1627783,"Pascal Siakam","1610612761","Toronto Raptors",2023,"0022200021","20221021",-2.2,5.05,TRUE
1627783,"Pascal Siakam","1610612761","Toronto Raptors",2023,"0022200021","20221021",4.5,29.25,FALSE
1627783,"Pascal Siakam","1610612761","Toronto Raptors",2023,"0022200021","20221021",-1.1,5.35,TRUE
1627783,"Pascal Siakam","1610612761","Toronto Raptors",2023,"0022200021","20221021",10.5,22.55,TRUE
1627783,"Pascal Siakam","1610612761","Toronto Raptors",2023,"0022200021","20221021",-12.9,13.75,TRUE
1627783,"Pascal Siakam","1610612761","Toronto Raptors",2023,"0022200021","20221021",-0.6,6.65,TRUE
1627783,"Pascal Siakam","1610612761","Toronto Raptors",2023,"0022200021","20221021",-10.3,27.65,FALSE
1627783,"Pascal Siakam","1610612761","Toronto Raptors",2023,"0022200021","20221021",0.2,7.05,TRUE
1627783,"Pascal Siakam","1610612761","Toronto Raptors",2023,"0022200021","20221021",-23.4,10.55,TRUE
1627783,"Pascal Siakam","1610612761","Toronto Raptors",2023,"0022200021","20221021",-0.2,5.95,TRUE
1627783,"Pascal Siakam","1610612761","Toronto Raptors",2023,"0022200021","20221021",4.8,10.95,TRUE
1627783,"Pascal Siakam","1610612761","Toronto Raptors",2023,"0022200021","20221021",10.5,28.85,TRUE
1627783,"Pascal Siakam","1610612761","Toronto Raptors",2023,"0022200021","20221021",-5.9,22.05,TRUE
1627783,"Pascal Siakam","1610612761","Toronto Raptors",2023,"0022200021","20221021",3.2,31.55,FALSE
1627783,"Pascal Siakam","1610612761","Toronto Raptors",2023,"0022200021","20221021",0.1,11.55,FALSE
1627783,"Pascal Siakam","1610612761","Toronto Raptors",2023,"0022200021","20221021",0.2,7.55,TRUE
1627783,"Pascal Siakam","1610612761","Toronto Raptors",2023,"0022200031","20221022",-1.2,5.65,TRUE
1627783,"Pascal Siakam","1610612761","Toronto Raptors",2023,"0022200031","20221022",-6.7,9.15,FALSE
1627783,"Pascal Siakam","1610612761","Toronto Raptors",2023,"0022200031","20221022",14.3,5.15,FALSE
1627783,"Pascal Siakam","1610612761","Toronto Raptors",2023,"0022200031","20221022",0.2,25.25,TRUE
1627783,"Pascal Siakam","1610612761","Toronto Raptors",2023,"0022200031","20221022",-1.8,6.35,TRUE
1627783,"Pascal Siakam","1610612761","Toronto Raptors",2023,"0022200031","20221022",9.6,23.15,FALSE
1627783,"Pascal Siakam","1610612761","Toronto Raptors",2023,"0022200031","20221022",2.2,7.25,FALSE
1627783,"Pascal Siakam","1610612761","Toronto Raptors",2023,"0022200031","20221022",4.5,17.45,FALSE
1627783,"Pascal Siakam","1610612761","Toronto Raptors",2023,"0022200031","20221022",-6.6,13.35,TRUE
1627783,"Pascal Siakam","1610612761","Toronto Raptors",2023,"0022200031","20221022",22.8,13.15,FALSE
1627783,"Pascal Siakam","1610612761","Toronto Raptors",2023,"0022200031","20221022",0.6,21.65,FALSE
1627783,"Pascal Siakam","1610612761","Toronto Raptors",2023,"0022200031","20221022",0.9,20.95,FALSE
1627783,"Pascal Siakam","1610612761","Toronto Raptors",2023,"0022200031","20221022",3.8,17.75,TRUE
1627783,"Pascal Siakam","1610612761","Toronto Raptors",2023,"0022200031","20221022",-23.4,8.75,FALSE
1627783,"Pascal Siakam","1610612761","Toronto Raptors",2023,"0022200031","20221022",1,8.35,TRUE
1627783,"Pascal Siakam","1610612761","Toronto Raptors",2023,"0022200031","20221022",-16.1,18.95,FALSE
1627783,"Pascal Siakam","1610612761","Toronto Raptors",2023,"0022200031","20221022",-1.8,6.25,TRUE
1627783,"Pascal Siakam","1610612761","Toronto Raptors",2023,"0022200031","20221022",1,6.75,TRUE
1627783,"Pascal Siakam","1610612761","Toronto Raptors",2023,"0022200031","20221022",1.5,6.85,FALSE
1627783,"Pascal Siakam","1610612761","Toronto Raptors",2023,"0022200045","20221024",-2.7,11.55,TRUE
1627783,"Pascal Siakam","1610612761","Toronto Raptors",2023,"0022200045","20221024",3.2,13.65,FALSE
1627783,"Pascal Siakam","1610612761","Toronto Raptors",2023,"0022200045","20221024",-3.1,8.45,TRUE
1627783,"Pascal Siakam","1610612761","Toronto Raptors",2023,"0022200045","20221024",1.5,18.55,FALSE
1627783,"Pascal Siakam","1610612761","Toronto Raptors",2023,"0022200045","20221024",14.3,27.85,FALSE
1627783,"Pascal Siakam","1610612761","Toronto Raptors",2023,"0022200045","20221024",-7.6,12.75,FALSE
1627783,"Pascal Siakam","1610612761","Toronto Raptors",2023,"0022200045","20221024",-7.7,18.85,FALSE
1627783,"Pascal Siakam","1610612761","Toronto Raptors",2023,"0022200045","20221024",13.4,14.15,FALSE
1627783,"Pascal Siakam","1610612761","Toronto Raptors",2023,"0022200045","20221024",1.7,6.05,FALSE
1627783,"Pascal Siakam","1610612761","Toronto Raptors",2023,"0022200045","20221024",-8.6,30.35,FALSE
1627783,"Pascal Siakam","1610612761","Toronto Raptors",2023,"0022200045","20221024",1.6,6.75,FALSE
1627783,"Pascal Siakam","1610612761","Toronto Raptors",2023,"0022200045","20221024",16.8,25.75,TRUE
1627783,"Pascal Siakam","1610612761","Toronto Raptors",2023,"0022200045","20221024",7.2,29.35,FALSE
1627783,"Pascal Siakam","1610612761","Toronto Raptors",2023,"0022200045","20221024",-2.5,21.65,FALSE
1627783,"Pascal Siakam","1610612761","Toronto Raptors",2023,"0022200045","20221024",-7.4,10.95,TRUE
1627783,"Pascal Siakam","1610612761","Toronto Raptors",2023,"0022200045","20221024",2.9,7.95,TRUE
1627783,"Pascal Siakam","1610612761","Toronto Raptors",2023,"0022200045","20221024",-4.3,16.55,FALSE
1627783,"Pascal Siakam","1610612761","Toronto Raptors",2023,"0022200045","20221024",4.4,20.75,FALSE
1627783,"Pascal Siakam","1610612761","Toronto Raptors",2023,"0022200045","20221024",-14.1,27.15,TRUE
1627783,"Pascal Siakam","1610612761","Toronto Raptors",2023,"0022200045","20221024",-23,6.85,FALSE
1627783,"Pascal Siakam","1610612761","Toronto Raptors",2023,"0022200045","20221024",-21.2,6.75,FALSE
1627783,"Pascal Siakam","1610612761","Toronto Raptors",2023,"0022200045","20221024",-11.8,6.55,TRUE
1627783,"Pascal Siakam","1610612761","Toronto Raptors",2023,"0022200059","20221026",-2.6,7.75,FALSE
1627783,"Pascal Siakam","1610612761","Toronto Raptors",2023,"0022200059","20221026",18.9,23.85,TRUE
1627783,"Pascal Siakam","1610612761","Toronto Raptors",2023,"0022200059","20221026",-5.8,30.45,TRUE
1627783,"Pascal Siakam","1610612761","Toronto Raptors",2023,"0022200059","20221026",-3.8,31.15,TRUE
1627783,"Pascal Siakam","1610612761","Toronto Raptors",2023,"0022200059","20221026",-6.1,33.55,TRUE
1627783,"Pascal Siakam","1610612761","Toronto Raptors",2023,"0022200059","20221026",1.2,24.85,TRUE
1627783,"Pascal Siakam","1610612761","Toronto Raptors",2023,"0022200059","20221026",3.6,10.05,TRUE
1627783,"Pascal Siakam","1610612761","Toronto Raptors",2023,"0022200059","20221026",12.7,22.05,TRUE
1627783,"Pascal Siakam","1610612761","Toronto Raptors",2023,"0022200059","20221026",-9.7,28.45,FALSE
1627783,"Pascal Siakam","1610612761","Toronto Raptors",2023,"0022200059","20221026",-10.7,29.15,FALSE
1627783,"Pascal Siakam","1610612761","Toronto Raptors",2023,"0022200059","20221026",1.8,62.95,FALSE
1627783,"Pascal Siakam","1610612761","Toronto Raptors",2023,"0022200059","20221026",-2.8,14.75,FALSE
1627783,"Pascal Siakam","1610612761","Toronto Raptors",2023,"0022200059","20221026",-1.1,13.55,FALSE
1627783,"Pascal Siakam","1610612761","Toronto Raptors",2023,"0022200059","20221026",-2.5,30.85,FALSE
1627783,"Pascal Siakam","1610612761","Toronto Raptors",2023,"0022200059","20221026",-0.2,10.85,FALSE
1627783,"Pascal Siakam","1610612761","Toronto Raptors",2023,"0022200059","20221026",1.3,16.85,FALSE
1627783,"Pascal Siakam","1610612761","Toronto Raptors",2023,"0022200073","20221028",4,8.55,TRUE
1627783,"Pascal Siakam","1610612761","Toronto Raptors",2023,"0022200073","20221028",6.9,17.25,TRUE
1627783,"Pascal Siakam","1610612761","Toronto Raptors",2023,"0022200073","20221028",11.8,21.75,TRUE
1627783,"Pascal Siakam","1610612761","Toronto Raptors",2023,"0022200073","20221028",-2.2,31.25,TRUE
1627783,"Pascal Siakam","1610612761","Toronto Raptors",2023,"0022200073","20221028",1.6,30.35,FALSE
1627783,"Pascal Siakam","1610612761","Toronto Raptors",2023,"0022200073","20221028",0.2,5.65,TRUE
1627783,"Pascal Siakam","1610612761","Toronto Raptors",2023,"0022200073","20221028",3.3,7.45,TRUE
1627783,"Pascal Siakam","1610612761","Toronto Raptors",2023,"0022200073","20221028",-9.4,7.95,TRUE
1627783,"Pascal Siakam","1610612761","Toronto Raptors",2023,"0022200073","20221028",-0.9,24.45,FALSE
1627783,"Pascal Siakam","1610612761","Toronto Raptors",2023,"0022200073","20221028",1.6,6.25,TRUE
1627783,"Pascal Siakam","1610612761","Toronto Raptors",2023,"0022200073","20221028",0.7,16.95,TRUE
1627783,"Pascal Siakam","1610612761","Toronto Raptors",2023,"0022200073","20221028",-0.4,9.45,FALSE
1627783,"Pascal Siakam","1610612761","Toronto Raptors",2023,"0022200073","20221028",-1.6,23.05,FALSE
1627783,"Pascal Siakam","1610612761","Toronto Raptors",2023,"0022200073","20221028",-3.4,32.05,FALSE
1627783,"Pascal Siakam","1610612761","Toronto Raptors",2023,"0022200073","20221028",1.3,7.35,FALSE
1627783,"Pascal Siakam","1610612761","Toronto Raptors",2023,"0022200099","20221031",-5,13.05,FALSE
1627783,"Pascal Siakam","1610612761","Toronto Raptors",2023,"0022200099","20221031",0.5,11.65,TRUE
1627783,"Pascal Siakam","1610612761","Toronto Raptors",2023,"0022200099","20221031",-5.6,9.45,FALSE
1627783,"Pascal Siakam","1610612761","Toronto Raptors",2023,"0022200099","20221031",1.7,6.25,FALSE
1627783,"Pascal Siakam","1610612761","Toronto Raptors",2023,"0022200099","20221031",3.4,15.35,FALSE
1627783,"Pascal Siakam","1610612761","Toronto Raptors",2023,"0022200099","20221031",-3.3,8.35,TRUE
1627783,"Pascal Siakam","1610612761","Toronto Raptors",2023,"0022200099","20221031",2.9,6.45,TRUE
1627783,"Pascal Siakam","1610612761","Toronto Raptors",2023,"0022200099","20221031",5.5,7.85,FALSE
1627783,"Pascal Siakam","1610612761","Toronto Raptors",2023,"0022200099","20221031",-3.3,14.25,TRUE
1627783,"Pascal Siakam","1610612761","Toronto Raptors",2023,"0022200099","20221031",-0.6,11.45,FALSE
1627783,"Pascal Siakam","1610612761","Toronto Raptors",2023,"0022200099","20221031",-0.5,31.65,TRUE
1627783,"Pascal Siakam","1610612761","Toronto Raptors",2023,"0022200099","20221031",7,30.95,FALSE
1627783,"Pascal Siakam","1610612761","Toronto Raptors",2023,"0022200099","20221031",2.1,21.95,FALSE
1627783,"Pascal Siakam","1610612761","Toronto Raptors",2023,"0022200099","20221031",-0.2,6.65,FALSE
1627783,"Pascal Siakam","1610612761","Toronto Raptors",2023,"0022200099","20221031",-5.6,8.65,FALSE
1627783,"Pascal Siakam","1610612761","Toronto Raptors",2023,"0022200099","20221031",-22.5,17.35,TRUE
1627783,"Pascal Siakam","1610612761","Toronto Raptors",2023,"0022200099","20221031",-4.7,14.05,FALSE
1627783,"Pascal Siakam","1610612761","Toronto Raptors",2023,"0022200099","20221031",-2.2,17.15,FALSE
1627783,"Pascal Siakam","1610612761","Toronto Raptors",2023,"0022200099","20221031",-2.5,7.15,TRUE
1627783,"Pascal Siakam","1610612761","Toronto Raptors",2023,"0022200099","20221031",7.7,22.55,FALSE
1627783,"Pascal Siakam","1610612761","Toronto Raptors",2023,"0022200099","20221031",0,5.25,TRUE
1627783,"Pascal Siakam","1610612761","Toronto Raptors",2023,"0022200114","20221102",16.7,24.45,FALSE
1627783,"Pascal Siakam","1610612761","Toronto Raptors",2023,"0022200114","20221102",-1.5,6.55,FALSE
1627783,"Pascal Siakam","1610612761","Toronto Raptors",2023,"0022200114","20221102",-17.6,24.95,TRUE
1627783,"Pascal Siakam","1610612761","Toronto Raptors",2023,"0022200114","20221102",-6.5,6.55,FALSE
1627783,"Pascal Siakam","1610612761","Toronto Raptors",2023,"0022200114","20221102",11.5,19.95,TRUE
1627783,"Pascal Siakam","1610612761","Toronto Raptors",2023,"0022200114","20221102",9.7,19.05,TRUE
1627783,"Pascal Siakam","1610612761","Toronto Raptors",2023,"0022200114","20221102",-12.7,18.15,FALSE
1627783,"Pascal Siakam","1610612761","Toronto Raptors",2023,"0022200114","20221102",-2.8,8.35,TRUE
1627783,"Pascal Siakam","1610612761","Toronto Raptors",2023,"0022200114","20221102",-4.3,5.65,TRUE
1627783,"Pascal Siakam","1610612761","Toronto Raptors",2023,"0022200114","20221102",0.1,17.05,TRUE
1627783,"Pascal Siakam","1610612761","Toronto Raptors",2023,"0022200114","20221102",-0.2,32.15,FALSE
1627783,"Pascal Siakam","1610612761","Toronto Raptors",2023,"0022200114","20221102",-6.4,11.65,TRUE
1627783,"Pascal Siakam","1610612761","Toronto Raptors",2023,"0022200114","20221102",0,12.75,FALSE
1627783,"Pascal Siakam","1610612761","Toronto Raptors",2023,"0022200114","20221102",0,5.25,FALSE
1627783,"Pascal Siakam","1610612761","Toronto Raptors",2023,"0022200114","20221102",11.3,30.95,FALSE
1627783,"Pascal Siakam","1610612761","Toronto Raptors",2023,"0022200114","20221102",-0.2,10.25,TRUE
1627783,"Pascal Siakam","1610612761","Toronto Raptors",2023,"0022200114","20221102",2.6,6.45,TRUE
1627783,"Pascal Siakam","1610612761","Toronto Raptors",2023,"0022200114","20221102",16.7,27.25,FALSE
1627783,"Pascal Siakam","1610612761","Toronto Raptors",2023,"0022200114","20221102",-1.5,6.55,TRUE
1627783,"Pascal Siakam","1610612761","Toronto Raptors",2023,"0022200127","20221104",22.7,5.55,FALSE
1627783,"Pascal Siakam","1610612761","Toronto Raptors",2023,"0022200127","20221104",1,8.75,TRUE
1627783,"Pascal Siakam","1610612761","Toronto Raptors",2023,"0022200127","20221104",-3.9,17.15,FALSE
1627783,"Pascal Siakam","1610612761","Toronto Raptors",2023,"0022200127","20221104",-1.3,13.75,TRUE
1627783,"Pascal Siakam","1610612761","Toronto Raptors",2023,"0022200127","20221104",-11.9,17.95,TRUE
1627783,"Pascal Siakam","1610612761","Toronto Raptors",2023,"0022200127","20221104",-2,8.75,FALSE
1627783,"Pascal Siakam","1610612761","Toronto Raptors",2023,"0022200127","20221104",-2.3,15.35,FALSE
1627783,"Pascal Siakam","1610612761","Toronto Raptors",2023,"0022200127","20221104",4.2,11.55,TRUE
1627783,"Pascal Siakam","1610612761","Toronto Raptors",2023,"0022200127","20221104",-1.2,15.25,TRUE
1627783,"Pascal Siakam","1610612761","Toronto Raptors",2023,"0022200127","20221104",17.3,22.45,FALSE
1627783,"Pascal Siakam","1610612761","Toronto Raptors",2023,"0022200127","20221104",-2.5,14.25,TRUE
1627783,"Pascal Siakam","1610612761","Toronto Raptors",2023,"0022200127","20221104",0,13.15,TRUE
1627783,"Pascal Siakam","1610612761","Toronto Raptors",2023,"0022200127","20221104",-8.2,10.65,FALSE
1627783,"Pascal Siakam","1610612761","Toronto Raptors",2023,"0022200127","20221104",-1.1,12.15,FALSE
1627783,"Pascal Siakam","1610612761","Toronto Raptors",2023,"0022200303","20221128",-1.8,13.25,TRUE
1627783,"Pascal Siakam","1610612761","Toronto Raptors",2023,"0022200303","20221128",0.5,12.35,TRUE
1627783,"Pascal Siakam","1610612761","Toronto Raptors",2023,"0022200303","20221128",-23.3,7.75,FALSE
1627783,"Pascal Siakam","1610612761","Toronto Raptors",2023,"0022200303","20221128",12,12.15,TRUE
1627783,"Pascal Siakam","1610612761","Toronto Raptors",2023,"0022200303","20221128",-13.2,8.45,FALSE
1627783,"Pascal Siakam","1610612761","Toronto Raptors",2023,"0022200303","20221128",1.7,11.15,FALSE
1627783,"Pascal Siakam","1610612761","Toronto Raptors",2023,"0022200303","20221128",23.7,5.15,TRUE
1627783,"Pascal Siakam","1610612761","Toronto Raptors",2023,"0022200303","20221128",5.3,17.25,TRUE
1627783,"Pascal Siakam","1610612761","Toronto Raptors",2023,"0022200303","20221128",4.2,15.45,TRUE
1627783,"Pascal Siakam","1610612761","Toronto Raptors",2023,"0022200303","20221128",15,5.65,TRUE
1627783,"Pascal Siakam","1610612761","Toronto Raptors",2023,"0022200303","20221128",-4,13.65,FALSE
1627783,"Pascal Siakam","1610612761","Toronto Raptors",2023,"0022200303","20221128",8.2,22.85,FALSE
1627783,"Pascal Siakam","1610612761","Toronto Raptors",2023,"0022200303","20221128",-2.8,17.25,FALSE
1627783,"Pascal Siakam","1610612761","Toronto Raptors",2023,"0022200303","20221128",-23.3,10.35,FALSE
1627783,"Pascal Siakam","1610612761","Toronto Raptors",2023,"0022200318","20221130",0.4,12.35,TRUE
1627783,"Pascal Siakam","1610612761","Toronto Raptors",2023,"0022200318","20221130",1.8,4.75,TRUE
1627783,"Pascal Siakam","1610612761","Toronto Raptors",2023,"0022200318","20221130",16.9,22.95,TRUE
1627783,"Pascal Siakam","1610612761","Toronto Raptors",2023,"0022200318","20221130",-0.4,12.15,TRUE
1627783,"Pascal Siakam","1610612761","Toronto Raptors",2023,"0022200318","20221130",0.7,19.55,FALSE
1627783,"Pascal Siakam","1610612761","Toronto Raptors",2023,"0022200318","20221130",21.9,4.85,FALSE
1627783,"Pascal Siakam","1610612761","Toronto Raptors",2023,"0022200318","20221130",0.1,8.15,TRUE
1627783,"Pascal Siakam","1610612761","Toronto Raptors",2023,"0022200318","20221130",-1.5,21.65,FALSE
1627783,"Pascal Siakam","1610612761","Toronto Raptors",2023,"0022200318","20221130",-2.9,8.15,FALSE
1627783,"Pascal Siakam","1610612761","Toronto Raptors",2023,"0022200318","20221130",-9.1,16.65,FALSE
1627783,"Pascal Siakam","1610612761","Toronto Raptors",2023,"0022200318","20221130",2,6.25,TRUE
1627783,"Pascal Siakam","1610612761","Toronto Raptors",2023,"0022200318","20221130",-0.4,12.25,TRUE
1627783,"Pascal Siakam","1610612761","Toronto Raptors",2023,"0022200318","20221130",-0.2,9.65,TRUE
1627783,"Pascal Siakam","1610612761","Toronto Raptors",2023,"0022200318","20221130",-1,5.85,FALSE
1627783,"Pascal Siakam","1610612761","Toronto Raptors",2023,"0022200318","20221130",-1.7,6.45,TRUE
1627783,"Pascal Siakam","1610612761","Toronto Raptors",2023,"0022200318","20221130",-1.3,12.05,FALSE
1627783,"Pascal Siakam","1610612761","Toronto Raptors",2023,"0022200329","20221202",-0.4,30.35,TRUE
1627783,"Pascal Siakam","1610612761","Toronto Raptors",2023,"0022200329","20221202",-5.3,12.05,FALSE
1627783,"Pascal Siakam","1610612761","Toronto Raptors",2023,"0022200329","20221202",-4,25.75,FALSE
1627783,"Pascal Siakam","1610612761","Toronto Raptors",2023,"0022200329","20221202",1.5,5.85,TRUE
1627783,"Pascal Siakam","1610612761","Toronto Raptors",2023,"0022200329","20221202",0.7,14.35,FALSE
1627783,"Pascal Siakam","1610612761","Toronto Raptors",2023,"0022200329","20221202",-3.3,11.95,TRUE
1627783,"Pascal Siakam","1610612761","Toronto Raptors",2023,"0022200329","20221202",-2.7,17.75,FALSE
1627783,"Pascal Siakam","1610612761","Toronto Raptors",2023,"0022200329","20221202",15.6,26.15,FALSE
1627783,"Pascal Siakam","1610612761","Toronto Raptors",2023,"0022200329","20221202",0.4,18.85,FALSE
1627783,"Pascal Siakam","1610612761","Toronto Raptors",2023,"0022200329","20221202",-3.2,6.45,TRUE
1627783,"Pascal Siakam","1610612761","Toronto Raptors",2023,"0022200329","20221202",-2.2,4.85,FALSE
1627783,"Pascal Siakam","1610612761","Toronto Raptors",2023,"0022200329","20221202",3.2,10.45,TRUE
1627783,"Pascal Siakam","1610612761","Toronto Raptors",2023,"0022200329","20221202",-3.6,5.75,FALSE
1627783,"Pascal Siakam","1610612761","Toronto Raptors",2023,"0022200329","20221202",1.5,5.65,TRUE
1627783,"Pascal Siakam","1610612761","Toronto Raptors",2023,"0022200329","20221202",-0.4,6.55,TRUE
1627783,"Pascal Siakam","1610612761","Toronto Raptors",2023,"0022200340","20221203",13,28.55,FALSE
1627783,"Pascal Siakam","1610612761","Toronto Raptors",2023,"0022200340","20221203",1.1,6.05,TRUE
1627783,"Pascal Siakam","1610612761","Toronto Raptors",2023,"0022200340","20221203",15.4,27.05,FALSE
1627783,"Pascal Siakam","1610612761","Toronto Raptors",2023,"0022200340","20221203",0.2,16.45,TRUE
1627783,"Pascal Siakam","1610612761","Toronto Raptors",2023,"0022200340","20221203",-3.6,7.05,FALSE
1627783,"Pascal Siakam","1610612761","Toronto Raptors",2023,"0022200340","20221203",12.7,8.65,TRUE
1627783,"Pascal Siakam","1610612761","Toronto Raptors",2023,"0022200340","20221203",-4.2,9.95,FALSE
1627783,"Pascal Siakam","1610612761","Toronto Raptors",2023,"0022200340","20221203",-12.5,28.75,FALSE
1627783,"Pascal Siakam","1610612761","Toronto Raptors",2023,"0022200340","20221203",5.6,13.45,TRUE
1627783,"Pascal Siakam","1610612761","Toronto Raptors",2023,"0022200340","20221203",-1,7.95,TRUE
1627783,"Pascal Siakam","1610612761","Toronto Raptors",2023,"0022200340","20221203",10.2,29.55,TRUE
1627783,"Pascal Siakam","1610612761","Toronto Raptors",2023,"0022200340","20221203",-8.7,22.85,TRUE
1627783,"Pascal Siakam","1610612761","Toronto Raptors",2023,"0022200340","20221203",1.5,8.95,FALSE
1627783,"Pascal Siakam","1610612761","Toronto Raptors",2023,"0022200340","20221203",0,5.25,TRUE
1627783,"Pascal Siakam","1610612761","Toronto Raptors",2023,"0022200340","20221203",-3.3,11.95,TRUE
1627783,"Pascal Siakam","1610612761","Toronto Raptors",2023,"0022200355","20221205",12.4,27.75,TRUE
1627783,"Pascal Siakam","1610612761","Toronto Raptors",2023,"0022200355","20221205",-7.8,20.95,FALSE
1627783,"Pascal Siakam","1610612761","Toronto Raptors",2023,"0022200355","20221205",-2.5,6.35,TRUE
1627783,"Pascal Siakam","1610612761","Toronto Raptors",2023,"0022200355","20221205",0.5,14.95,FALSE
1627783,"Pascal Siakam","1610612761","Toronto Raptors",2023,"0022200355","20221205",16.2,25.95,FALSE
1627783,"Pascal Siakam","1610612761","Toronto Raptors",2023,"0022200355","20221205",2.5,22.85,TRUE
1627783,"Pascal Siakam","1610612761","Toronto Raptors",2023,"0022200355","20221205",-1.3,6.05,TRUE
1627783,"Pascal Siakam","1610612761","Toronto Raptors",2023,"0022200355","20221205",23,8.65,TRUE
1627783,"Pascal Siakam","1610612761","Toronto Raptors",2023,"0022200355","20221205",-3.3,30.65,FALSE
1627783,"Pascal Siakam","1610612761","Toronto Raptors",2023,"0022200355","20221205",4.8,11.85,TRUE
1627783,"Pascal Siakam","1610612761","Toronto Raptors",2023,"0022200355","20221205",-9.7,24.15,FALSE
1627783,"Pascal Siakam","1610612761","Toronto Raptors",2023,"0022200355","20221205",3.1,7.45,FALSE
1627783,"Pascal Siakam","1610612761","Toronto Raptors",2023,"0022200355","20221205",-2.2,8.25,TRUE
1627783,"Pascal Siakam","1610612761","Toronto Raptors",2023,"0022200355","20221205",-2.2,8.75,TRUE
1627783,"Pascal Siakam","1610612761","Toronto Raptors",2023,"0022200355","20221205",-6.4,12.35,FALSE
1627783,"Pascal Siakam","1610612761","Toronto Raptors",2023,"0022200355","20221205",-8.6,9.85,FALSE
1627783,"Pascal Siakam","1610612761","Toronto Raptors",2023,"0022200355","20221205",1,12.75,TRUE
1627783,"Pascal Siakam","1610612761","Toronto Raptors",2023,"0022200355","20221205",0.9,13.05,FALSE
1627783,"Pascal Siakam","1610612761","Toronto Raptors",2023,"0022200355","20221205",4.4,10.25,FALSE
1627783,"Pascal Siakam","1610612761","Toronto Raptors",2023,"0022200355","20221205",-11.4,21.95,FALSE
1627783,"Pascal Siakam","1610612761","Toronto Raptors",2023,"0022200366","20221207",7.2,30.95,TRUE
1627783,"Pascal Siakam","1610612761","Toronto Raptors",2023,"0022200366","20221207",-2.3,7.25,TRUE
1627783,"Pascal Siakam","1610612761","Toronto Raptors",2023,"0022200366","20221207",0.4,14.55,TRUE
1627783,"Pascal Siakam","1610612761","Toronto Raptors",2023,"0022200366","20221207",6.1,25.35,FALSE
1627783,"Pascal Siakam","1610612761","Toronto Raptors",2023,"0022200366","20221207",-3.7,16.05,TRUE
1627783,"Pascal Siakam","1610612761","Toronto Raptors",2023,"0022200366","20221207",-1.7,12.65,FALSE
1627783,"Pascal Siakam","1610612761","Toronto Raptors",2023,"0022200366","20221207",0,5.25,TRUE
1627783,"Pascal Siakam","1610612761","Toronto Raptors",2023,"0022200366","20221207",-1,7.15,FALSE
1627783,"Pascal Siakam","1610612761","Toronto Raptors",2023,"0022200366","20221207",0,5.25,TRUE
1627783,"Pascal Siakam","1610612761","Toronto Raptors",2023,"0022200366","20221207",-2.9,8.15,TRUE
1627783,"Pascal Siakam","1610612761","Toronto Raptors",2023,"0022200366","20221207",-4.3,17.55,TRUE
1627783,"Pascal Siakam","1610612761","Toronto Raptors",2023,"0022200366","20221207",23.3,9.15,FALSE
1627783,"Pascal Siakam","1610612761","Toronto Raptors",2023,"0022200366","20221207",0.6,31.15,FALSE
1627783,"Pascal Siakam","1610612761","Toronto Raptors",2023,"0022200366","20221207",22.5,12.75,FALSE
1627783,"Pascal Siakam","1610612761","Toronto Raptors",2023,"0022200366","20221207",-0.7,9.65,TRUE
1627783,"Pascal Siakam","1610612761","Toronto Raptors",2023,"0022200366","20221207",-0.4,17.35,FALSE
1627783,"Pascal Siakam","1610612761","Toronto Raptors",2023,"0022200366","20221207",10.8,21.75,FALSE
1627783,"Pascal Siakam","1610612761","Toronto Raptors",2023,"0022200366","20221207",-6.4,6.35,FALSE
1627783,"Pascal Siakam","1610612761","Toronto Raptors",2023,"0022200366","20221207",2.2,6.45,FALSE
1627783,"Pascal Siakam","1610612761","Toronto Raptors",2023,"0022200366","20221207",-6.7,7.05,TRUE
1627783,"Pascal Siakam","1610612761","Toronto Raptors",2023,"0022200379","20221209",-15.3,27.25,TRUE
1627783,"Pascal Siakam","1610612761","Toronto Raptors",2023,"0022200379","20221209",15.6,26.65,FALSE
1627783,"Pascal Siakam","1610612761","Toronto Raptors",2023,"0022200379","20221209",-12.5,17.45,TRUE
1627783,"Pascal Siakam","1610612761","Toronto Raptors",2023,"0022200379","20221209",1.3,17.25,TRUE
1627783,"Pascal Siakam","1610612761","Toronto Raptors",2023,"0022200379","20221209",-2.5,21.75,TRUE
1627783,"Pascal Siakam","1610612761","Toronto Raptors",2023,"0022200379","20221209",1.2,18.65,TRUE
1627783,"Pascal Siakam","1610612761","Toronto Raptors",2023,"0022200379","20221209",0.1,6.55,TRUE
1627783,"Pascal Siakam","1610612761","Toronto Raptors",2023,"0022200379","20221209",12,28.85,FALSE
1627783,"Pascal Siakam","1610612761","Toronto Raptors",2023,"0022200379","20221209",-2.3,11.75,FALSE
1627783,"Pascal Siakam","1610612761","Toronto Raptors",2023,"0022200379","20221209",2.6,13.35,FALSE
1627783,"Pascal Siakam","1610612761","Toronto Raptors",2023,"0022200379","20221209",13,27.15,FALSE
1627783,"Pascal Siakam","1610612761","Toronto Raptors",2023,"0022200379","20221209",-2,25.65,FALSE
1627783,"Pascal Siakam","1610612761","Toronto Raptors",2023,"0022200379","20221209",-23.2,5.55,FALSE
1627783,"Pascal Siakam","1610612761","Toronto Raptors",2023,"0022200379","20221209",1.8,6.85,TRUE
1627783,"Pascal Siakam","1610612761","Toronto Raptors",2023,"0022200379","20221209",14.1,26.35,FALSE
1627783,"Pascal Siakam","1610612761","Toronto Raptors",2023,"0022200379","20221209",0.6,12.55,FALSE
1627783,"Pascal Siakam","1610612761","Toronto Raptors",2023,"0022200379","20221209",-0.4,5.35,TRUE
1627783,"Pascal Siakam","1610612761","Toronto Raptors",2023,"0022200379","20221209",1.1,5.65,TRUE
1627783,"Pascal Siakam","1610612761","Toronto Raptors",2023,"0022200379","20221209",0,14.55,TRUE
1627783,"Pascal Siakam","1610612761","Toronto Raptors",2023,"0022200379","20221209",0,5.25,TRUE
1627783,"Pascal Siakam","1610612761","Toronto Raptors",2023,"0022200379","20221209",-0.2,31.95,TRUE
1627783,"Pascal Siakam","1610612761","Toronto Raptors",2023,"0022200379","20221209",1.2,6.35,FALSE
1627783,"Pascal Siakam","1610612761","Toronto Raptors",2023,"0022200379","20221209",0,5.25,TRUE
1627783,"Pascal Siakam","1610612761","Toronto Raptors",2023,"0022200379","20221209",2,14.25,FALSE
1627783,"Pascal Siakam","1610612761","Toronto Raptors",2023,"0022200379","20221209",-12.3,31.55,FALSE
1627783,"Pascal Siakam","1610612761","Toronto Raptors",2023,"0022200379","20221209",-5.9,22.65,FALSE
1627783,"Pascal Siakam","1610612761","Toronto Raptors",2023,"0022200379","20221209",-14,32.15,FALSE
1627783,"Pascal Siakam","1610612761","Toronto Raptors",2023,"0022200398","20221211",-0.4,9.15,FALSE
1627783,"Pascal Siakam","1610612761","Toronto Raptors",2023,"0022200398","20221211",23,10.55,FALSE
1627783,"Pascal Siakam","1610612761","Toronto Raptors",2023,"0022200398","20221211",12.6,20.15,FALSE
1627783,"Pascal Siakam","1610612761","Toronto Raptors",2023,"0022200398","20221211",5.6,22.55,FALSE
1627783,"Pascal Siakam","1610612761","Toronto Raptors",2023,"0022200398","20221211",2.1,9.05,TRUE
1627783,"Pascal Siakam","1610612761","Toronto Raptors",2023,"0022200398","20221211",-1.6,7.15,TRUE
1627783,"Pascal Siakam","1610612761","Toronto Raptors",2023,"0022200398","20221211",-8.8,10.55,FALSE
1627783,"Pascal Siakam","1610612761","Toronto Raptors",2023,"0022200398","20221211",-15.6,24.95,FALSE
1627783,"Pascal Siakam","1610612761","Toronto Raptors",2023,"0022200398","20221211",-4.4,11.45,FALSE
1627783,"Pascal Siakam","1610612761","Toronto Raptors",2023,"0022200398","20221211",0,5.25,TRUE
1627783,"Pascal Siakam","1610612761","Toronto Raptors",2023,"0022200398","20221211",-6.9,29.35,FALSE
1627783,"Pascal Siakam","1610612761","Toronto Raptors",2023,"0022200398","20221211",-1.2,20.25,TRUE
1627783,"Pascal Siakam","1610612761","Toronto Raptors",2023,"0022200398","20221211",-4.4,21.45,TRUE
1627783,"Pascal Siakam","1610612761","Toronto Raptors",2023,"0022200398","20221211",-3.7,17.65,FALSE
1627783,"Pascal Siakam","1610612761","Toronto Raptors",2023,"0022200398","20221211",17.6,23.95,FALSE
1627783,"Pascal Siakam","1610612761","Toronto Raptors",2023,"0022200398","20221211",-1.3,7.15,TRUE
1627783,"Pascal Siakam","1610612761","Toronto Raptors",2023,"0022200417","20221214",23.4,3.65,TRUE
1627783,"Pascal Siakam","1610612761","Toronto Raptors",2023,"0022200417","20221214",-5,8.55,FALSE
1627783,"Pascal Siakam","1610612761","Toronto Raptors",2023,"0022200417","20221214",-11.2,8.95,FALSE
1627783,"Pascal Siakam","1610612761","Toronto Raptors",2023,"0022200417","20221214",0,15.15,FALSE
1627783,"Pascal Siakam","1610612761","Toronto Raptors",2023,"0022200417","20221214",-0.2,4.95,TRUE
1627783,"Pascal Siakam","1610612761","Toronto Raptors",2023,"0022200417","20221214",-0.4,5.75,TRUE
1627783,"Pascal Siakam","1610612761","Toronto Raptors",2023,"0022200417","20221214",-4.7,16.55,FALSE
1627783,"Pascal Siakam","1610612761","Toronto Raptors",2023,"0022200417","20221214",-2.3,11.95,TRUE
1627783,"Pascal Siakam","1610612761","Toronto Raptors",2023,"0022200417","20221214",1.2,11.75,FALSE
1627783,"Pascal Siakam","1610612761","Toronto Raptors",2023,"0022200417","20221214",3.7,8.35,FALSE
1627783,"Pascal Siakam","1610612761","Toronto Raptors",2023,"0022200417","20221214",0,5.45,TRUE
1627783,"Pascal Siakam","1610612761","Toronto Raptors",2023,"0022200417","20221214",-1.3,13.95,FALSE
1627783,"Pascal Siakam","1610612761","Toronto Raptors",2023,"0022200417","20221214",-2.7,7.65,TRUE
1627783,"Pascal Siakam","1610612761","Toronto Raptors",2023,"0022200417","20221214",0.6,10.05,FALSE
1627783,"Pascal Siakam","1610612761","Toronto Raptors",2023,"0022200417","20221214",0.1,12.45,FALSE
1627783,"Pascal Siakam","1610612761","Toronto Raptors",2023,"0022200417","20221214",-1.6,14.55,FALSE
1627783,"Pascal Siakam","1610612761","Toronto Raptors",2023,"0022200417","20221214",-1.3,8.35,FALSE
1627783,"Pascal Siakam","1610612761","Toronto Raptors",2023,"0022200417","20221214",-0.9,11.45,FALSE
1627783,"Pascal Siakam","1610612761","Toronto Raptors",2023,"0022200417","20221214",-0.1,7.35,TRUE
1627783,"Pascal Siakam","1610612761","Toronto Raptors",2023,"0022200433","20221216",0,14.05,FALSE
1627783,"Pascal Siakam","1610612761","Toronto Raptors",2023,"0022200433","20221216",-2.3,6.05,TRUE
1627783,"Pascal Siakam","1610612761","Toronto Raptors",2023,"0022200433","20221216",6.4,12.15,FALSE
1627783,"Pascal Siakam","1610612761","Toronto Raptors",2023,"0022200433","20221216",-2.7,7.95,FALSE
1627783,"Pascal Siakam","1610612761","Toronto Raptors",2023,"0022200433","20221216",-1.6,6.75,TRUE
1627783,"Pascal Siakam","1610612761","Toronto Raptors",2023,"0022200433","20221216",4.2,31.45,FALSE
1627783,"Pascal Siakam","1610612761","Toronto Raptors",2023,"0022200433","20221216",-4.4,6.75,FALSE
1627783,"Pascal Siakam","1610612761","Toronto Raptors",2023,"0022200433","20221216",2.6,7.05,FALSE
1627783,"Pascal Siakam","1610612761","Toronto Raptors",2023,"0022200433","20221216",-8.2,29.35,TRUE
1627783,"Pascal Siakam","1610612761","Toronto Raptors",2023,"0022200433","20221216",-17.4,10.75,FALSE
1627783,"Pascal Siakam","1610612761","Toronto Raptors",2023,"0022200433","20221216",-6.2,17.75,FALSE
1627783,"Pascal Siakam","1610612761","Toronto Raptors",2023,"0022200433","20221216",-0.6,17.25,TRUE
1627783,"Pascal Siakam","1610612761","Toronto Raptors",2023,"0022200433","20221216",0,5.25,TRUE
1627783,"Pascal Siakam","1610612761","Toronto Raptors",2023,"0022200433","20221216",0.9,13.15,TRUE
1627783,"Pascal Siakam","1610612761","Toronto Raptors",2023,"0022200433","20221216",0.5,6.35,TRUE
1627783,"Pascal Siakam","1610612761","Toronto Raptors",2023,"0022200448","20221218",-10.9,27.95,TRUE
1627783,"Pascal Siakam","1610612761","Toronto Raptors",2023,"0022200448","20221218",19.9,23.55,TRUE
1627783,"Pascal Siakam","1610612761","Toronto Raptors",2023,"0022200448","20221218",4,18.45,FALSE
1627783,"Pascal Siakam","1610612761","Toronto Raptors",2023,"0022200448","20221218",4.8,14.85,FALSE
1627783,"Pascal Siakam","1610612761","Toronto Raptors",2023,"0022200448","20221218",3.7,13.65,FALSE
1627783,"Pascal Siakam","1610612761","Toronto Raptors",2023,"0022200448","20221218",-0.1,5.85,TRUE
1627783,"Pascal Siakam","1610612761","Toronto Raptors",2023,"0022200448","20221218",-4.7,8.95,FALSE
1627783,"Pascal Siakam","1610612761","Toronto Raptors",2023,"0022200448","20221218",-12.7,16.55,FALSE
1627783,"Pascal Siakam","1610612761","Toronto Raptors",2023,"0022200448","20221218",2.1,20.75,FALSE
1627783,"Pascal Siakam","1610612761","Toronto Raptors",2023,"0022200448","20221218",0.2,11.75,TRUE
1627783,"Pascal Siakam","1610612761","Toronto Raptors",2023,"0022200448","20221218",4.5,6.25,FALSE
1627783,"Pascal Siakam","1610612761","Toronto Raptors",2023,"0022200448","20221218",14.2,80.05,FALSE
1627783,"Pascal Siakam","1610612761","Toronto Raptors",2023,"0022200448","20221218",-3.3,7.95,TRUE
1627783,"Pascal Siakam","1610612761","Toronto Raptors",2023,"0022200448","20221218",-4.3,7.65,FALSE
1627783,"Pascal Siakam","1610612761","Toronto Raptors",2023,"0022200448","20221218",-2.6,9.85,TRUE
1627783,"Pascal Siakam","1610612761","Toronto Raptors",2023,"0022200448","20221218",-0.7,12.65,TRUE
1627783,"Pascal Siakam","1610612761","Toronto Raptors",2023,"0022200448","20221218",-18.3,23.95,FALSE
1627783,"Pascal Siakam","1610612761","Toronto Raptors",2023,"0022200448","20221218",22.7,9.95,TRUE
1627783,"Pascal Siakam","1610612761","Toronto Raptors",2023,"0022200448","20221218",2.6,11.05,FALSE
1627783,"Pascal Siakam","1610612761","Toronto Raptors",2023,"0022200448","20221218",0,5.25,TRUE
1627783,"Pascal Siakam","1610612761","Toronto Raptors",2023,"0022200453","20221219",-2,6.85,TRUE
1627783,"Pascal Siakam","1610612761","Toronto Raptors",2023,"0022200453","20221219",-3.4,8.05,TRUE
1627783,"Pascal Siakam","1610612761","Toronto Raptors",2023,"0022200453","20221219",11.3,31.55,FALSE
1627783,"Pascal Siakam","1610612761","Toronto Raptors",2023,"0022200453","20221219",0,7.55,FALSE
1627783,"Pascal Siakam","1610612761","Toronto Raptors",2023,"0022200453","20221219",3.7,23.85,FALSE
1627783,"Pascal Siakam","1610612761","Toronto Raptors",2023,"0022200453","20221219",1.1,6.35,TRUE
1627783,"Pascal Siakam","1610612761","Toronto Raptors",2023,"0022200453","20221219",-1,6.45,FALSE
1627783,"Pascal Siakam","1610612761","Toronto Raptors",2023,"0022200453","20221219",-2.6,14.15,FALSE
1627783,"Pascal Siakam","1610612761","Toronto Raptors",2023,"0022200453","20221219",6.1,23.75,TRUE
1627783,"Pascal Siakam","1610612761","Toronto Raptors",2023,"0022200453","20221219",-0.7,6.95,TRUE
1627783,"Pascal Siakam","1610612761","Toronto Raptors",2023,"0022200453","20221219",-0.1,19.65,FALSE
1627783,"Pascal Siakam","1610612761","Toronto Raptors",2023,"0022200453","20221219",15.9,25.05,TRUE
1627783,"Pascal Siakam","1610612761","Toronto Raptors",2023,"0022200453","20221219",-4.5,25.05,TRUE
1627783,"Pascal Siakam","1610612761","Toronto Raptors",2023,"0022200453","20221219",-4.2,24.55,FALSE
1627783,"Pascal Siakam","1610612761","Toronto Raptors",2023,"0022200453","20221219",7.7,29.45,FALSE
1627783,"Pascal Siakam","1610612761","Toronto Raptors",2023,"0022200453","20221219",-20.7,18.95,FALSE
1627783,"Pascal Siakam","1610612761","Toronto Raptors",2023,"0022200453","20221219",0.9,23.25,TRUE
1627783,"Pascal Siakam","1610612761","Toronto Raptors",2023,"0022200453","20221219",0.9,6.65,TRUE
1627783,"Pascal Siakam","1610612761","Toronto Raptors",2023,"0022200453","20221219",24.1,10.35,TRUE
1627783,"Pascal Siakam","1610612761","Toronto Raptors",2023,"0022200453","20221219",3.9,30.85,TRUE
1627783,"Pascal Siakam","1610612761","Toronto Raptors",2023,"0022200453","20221219",2.8,20.75,FALSE
1627783,"Pascal Siakam","1610612761","Toronto Raptors",2023,"0022200453","20221219",0.2,25.75,TRUE
1627783,"Pascal Siakam","1610612761","Toronto Raptors",2023,"0022200453","20221219",5.9,24.15,FALSE
1627783,"Pascal Siakam","1610612761","Toronto Raptors",2023,"0022200453","20221219",-3.2,7.35,TRUE
1627783,"Pascal Siakam","1610612761","Toronto Raptors",2023,"0022200453","20221219",-6.4,24.25,FALSE
1627783,"Pascal Siakam","1610612761","Toronto Raptors",2023,"0022200453","20221219",-6.2,30.25,FALSE
1627783,"Pascal Siakam","1610612761","Toronto Raptors",2023,"0022200453","20221219",4,30.95,FALSE
1627783,"Pascal Siakam","1610612761","Toronto Raptors",2023,"0022200471","20221221",-23.5,11.85,FALSE
1627783,"Pascal Siakam","1610612761","Toronto Raptors",2023,"0022200471","20221221",-0.4,21.35,TRUE
1627783,"Pascal Siakam","1610612761","Toronto Raptors",2023,"0022200471","20221221",0.5,6.05,TRUE
1627783,"Pascal Siakam","1610612761","Toronto Raptors",2023,"0022200471","20221221",1.1,30.55,FALSE
1627783,"Pascal Siakam","1610612761","Toronto Raptors",2023,"0022200471","20221221",-1.6,6.15,TRUE
1627783,"Pascal Siakam","1610612761","Toronto Raptors",2023,"0022200471","20221221",16.4,24.15,TRUE
1627783,"Pascal Siakam","1610612761","Toronto Raptors",2023,"0022200471","20221221",-1.3,6.05,TRUE
1627783,"Pascal Siakam","1610612761","Toronto Raptors",2023,"0022200471","20221221",-9.6,11.55,TRUE
1627783,"Pascal Siakam","1610612761","Toronto Raptors",2023,"0022200471","20221221",2.7,24.25,FALSE
1627783,"Pascal Siakam","1610612761","Toronto Raptors",2023,"0022200471","20221221",-1.2,7.35,TRUE
1627783,"Pascal Siakam","1610612761","Toronto Raptors",2023,"0022200471","20221221",-1.7,20.05,TRUE
1627783,"Pascal Siakam","1610612761","Toronto Raptors",2023,"0022200471","20221221",-9.9,16.35,TRUE
1627783,"Pascal Siakam","1610612761","Toronto Raptors",2023,"0022200471","20221221",2.2,6.05,TRUE
1627783,"Pascal Siakam","1610612761","Toronto Raptors",2023,"0022200471","20221221",-16.2,25.25,TRUE
1627783,"Pascal Siakam","1610612761","Toronto Raptors",2023,"0022200471","20221221",-6.2,24.25,FALSE
1627783,"Pascal Siakam","1610612761","Toronto Raptors",2023,"0022200471","20221221",5.9,17.25,FALSE
1627783,"Pascal Siakam","1610612761","Toronto Raptors",2023,"0022200471","20221221",-0.2,5.35,TRUE
1627783,"Pascal Siakam","1610612761","Toronto Raptors",2023,"0022200471","20221221",-4.9,31.15,FALSE
1627783,"Pascal Siakam","1610612761","Toronto Raptors",2023,"0022200471","20221221",2,31.15,FALSE
1627783,"Pascal Siakam","1610612761","Toronto Raptors",2023,"0022200471","20221221",-0.9,23.85,TRUE
1627783,"Pascal Siakam","1610612761","Toronto Raptors",2023,"0022200471","20221221",-0.6,5.65,TRUE
1627783,"Pascal Siakam","1610612761","Toronto Raptors",2023,"0022200471","20221221",1.5,10.95,TRUE
1627783,"Pascal Siakam","1610612761","Toronto Raptors",2023,"0022200471","20221221",1.7,5.95,TRUE
1627783,"Pascal Siakam","1610612761","Toronto Raptors",2023,"0022200471","20221221",0.1,6.75,FALSE
1627783,"Pascal Siakam","1610612761","Toronto Raptors",2023,"0022200471","20221221",0.6,5.65,TRUE
1627783,"Pascal Siakam","1610612761","Toronto Raptors",2023,"0022200484","20221223",-13.8,28.35,FALSE
1627783,"Pascal Siakam","1610612761","Toronto Raptors",2023,"0022200484","20221223",1.5,7.25,FALSE
1627783,"Pascal Siakam","1610612761","Toronto Raptors",2023,"0022200484","20221223",-6.4,8.85,TRUE
1627783,"Pascal Siakam","1610612761","Toronto Raptors",2023,"0022200484","20221223",8.3,39.75,TRUE
1627783,"Pascal Siakam","1610612761","Toronto Raptors",2023,"0022200484","20221223",-0.9,31.45,TRUE
1627783,"Pascal Siakam","1610612761","Toronto Raptors",2023,"0022200484","20221223",12.1,27.45,FALSE
1627783,"Pascal Siakam","1610612761","Toronto Raptors",2023,"0022200484","20221223",-0.4,5.35,FALSE
1627783,"Pascal Siakam","1610612761","Toronto Raptors",2023,"0022200484","20221223",0.4,5.55,TRUE
1627783,"Pascal Siakam","1610612761","Toronto Raptors",2023,"0022200484","20221223",0.6,7.15,FALSE
1627783,"Pascal Siakam","1610612761","Toronto Raptors",2023,"0022200484","20221223",0.6,18.25,TRUE
1627783,"Pascal Siakam","1610612761","Toronto Raptors",2023,"0022200484","20221223",-0.9,13.85,FALSE
1627783,"Pascal Siakam","1610612761","Toronto Raptors",2023,"0022200484","20221223",-21.2,20.75,FALSE
1627783,"Pascal Siakam","1610612761","Toronto Raptors",2023,"0022200484","20221223",6.6,10.25,FALSE
1627783,"Pascal Siakam","1610612761","Toronto Raptors",2023,"0022200484","20221223",1.1,5.45,TRUE
1627783,"Pascal Siakam","1610612761","Toronto Raptors",2023,"0022200484","20221223",1.3,13.15,FALSE
1627783,"Pascal Siakam","1610612761","Toronto Raptors",2023,"0022200484","20221223",-0.6,6.25,TRUE
1627783,"Pascal Siakam","1610612761","Toronto Raptors",2023,"0022200484","20221223",-10.9,22.55,FALSE
1627783,"Pascal Siakam","1610612761","Toronto Raptors",2023,"0022200484","20221223",-2.3,18.65,TRUE
1627783,"Pascal Siakam","1610612761","Toronto Raptors",2023,"0022200484","20221223",-0.6,7.55,FALSE
1627783,"Pascal Siakam","1610612761","Toronto Raptors",2023,"0022200484","20221223",12.6,21.95,FALSE
1627783,"Pascal Siakam","1610612761","Toronto Raptors",2023,"0022200484","20221223",4.9,14.95,FALSE
1627783,"Pascal Siakam","1610612761","Toronto Raptors",2023,"0022200484","20221223",10.9,16.95,TRUE
1627783,"Pascal Siakam","1610612761","Toronto Raptors",2023,"0022200509","20221227",-15.2,6.15,FALSE
1627783,"Pascal Siakam","1610612761","Toronto Raptors",2023,"0022200509","20221227",21.6,18.45,FALSE
1627783,"Pascal Siakam","1610612761","Toronto Raptors",2023,"0022200509","20221227",-0.5,18.15,FALSE
1627783,"Pascal Siakam","1610612761","Toronto Raptors",2023,"0022200509","20221227",2.1,7.35,FALSE
1627783,"Pascal Siakam","1610612761","Toronto Raptors",2023,"0022200509","20221227",-13.5,17.35,FALSE
1627783,"Pascal Siakam","1610612761","Toronto Raptors",2023,"0022200509","20221227",-0.7,6.35,TRUE
1627783,"Pascal Siakam","1610612761","Toronto Raptors",2023,"0022200509","20221227",-20.6,20.25,FALSE
1627783,"Pascal Siakam","1610612761","Toronto Raptors",2023,"0022200509","20221227",-3.9,11.05,TRUE
1627783,"Pascal Siakam","1610612761","Toronto Raptors",2023,"0022200509","20221227",2.8,13.95,FALSE
1627783,"Pascal Siakam","1610612761","Toronto Raptors",2023,"0022200509","20221227",9.2,30.05,FALSE
1627783,"Pascal Siakam","1610612761","Toronto Raptors",2023,"0022200509","20221227",-15.4,32.65,FALSE
1627783,"Pascal Siakam","1610612761","Toronto Raptors",2023,"0022200509","20221227",-0.5,5.65,TRUE
1627783,"Pascal Siakam","1610612761","Toronto Raptors",2023,"0022200509","20221227",-0.6,8.85,TRUE
1627783,"Pascal Siakam","1610612761","Toronto Raptors",2023,"0022200509","20221227",0,5.75,TRUE
1627783,"Pascal Siakam","1610612761","Toronto Raptors",2023,"0022200509","20221227",-3.4,10.15,TRUE
1627783,"Pascal Siakam","1610612761","Toronto Raptors",2023,"0022200509","20221227",-3.1,7.75,TRUE
1627783,"Pascal Siakam","1610612761","Toronto Raptors",2023,"0022200509","20221227",5.3,10.95,TRUE
1627783,"Pascal Siakam","1610612761","Toronto Raptors",2023,"0022200509","20221227",0.7,18.65,FALSE
1627783,"Pascal Siakam","1610612761","Toronto Raptors",2023,"0022200509","20221227",0.4,5.75,TRUE
1627783,"Pascal Siakam","1610612761","Toronto Raptors",2023,"0022200509","20221227",-0.6,6.75,FALSE
1627783,"Pascal Siakam","1610612761","Toronto Raptors",2023,"0022200509","20221227",0,5.25,TRUE
1627783,"Pascal Siakam","1610612761","Toronto Raptors",2023,"0022200509","20221227",0.2,5.95,TRUE
1627783,"Pascal Siakam","1610612761","Toronto Raptors",2023,"0022200509","20221227",0.6,5.45,TRUE
1627783,"Pascal Siakam","1610612761","Toronto Raptors",2023,"0022200509","20221227",-1.1,6.35,TRUE
1627783,"Pascal Siakam","1610612761","Toronto Raptors",2023,"0022200526","20221229",-6.6,18.25,TRUE
1627783,"Pascal Siakam","1610612761","Toronto Raptors",2023,"0022200526","20221229",-3.7,12.55,FALSE
1627783,"Pascal Siakam","1610612761","Toronto Raptors",2023,"0022200526","20221229",0.9,26.55,FALSE
1627783,"Pascal Siakam","1610612761","Toronto Raptors",2023,"0022200526","20221229",-9.3,9.05,FALSE
1627783,"Pascal Siakam","1610612761","Toronto Raptors",2023,"0022200526","20221229",-5.9,9.45,TRUE
1627783,"Pascal Siakam","1610612761","Toronto Raptors",2023,"0022200526","20221229",-4,9.05,TRUE
1627783,"Pascal Siakam","1610612761","Toronto Raptors",2023,"0022200526","20221229",-2.5,11.55,FALSE
1627783,"Pascal Siakam","1610612761","Toronto Raptors",2023,"0022200526","20221229",-2.5,15.85,FALSE
1627783,"Pascal Siakam","1610612761","Toronto Raptors",2023,"0022200526","20221229",4.9,30.55,FALSE
1627783,"Pascal Siakam","1610612761","Toronto Raptors",2023,"0022200526","20221229",11.8,16.55,TRUE
1627783,"Pascal Siakam","1610612761","Toronto Raptors",2023,"0022200526","20221229",-1.1,12.65,FALSE
1627783,"Pascal Siakam","1610612761","Toronto Raptors",2023,"0022200526","20221229",-3.4,8.85,TRUE
1627783,"Pascal Siakam","1610612761","Toronto Raptors",2023,"0022200526","20221229",0.2,7.35,TRUE
1627783,"Pascal Siakam","1610612761","Toronto Raptors",2023,"0022200526","20221229",0.2,7.55,FALSE
1627783,"Pascal Siakam","1610612761","Toronto Raptors",2023,"0022200526","20221229",-9.9,11.45,TRUE
1627783,"Pascal Siakam","1610612761","Toronto Raptors",2023,"0022200526","20221229",0.2,12.85,FALSE
1627783,"Pascal Siakam","1610612761","Toronto Raptors",2023,"0022200526","20221229",0.2,12.65,FALSE
1627783,"Pascal Siakam","1610612761","Toronto Raptors",2023,"0022200526","20221229",0,5.25,TRUE
1627783,"Pascal Siakam","1610612761","Toronto Raptors",2023,"0022200526","20221229",1.7,12.55,FALSE
1627783,"Pascal Siakam","1610612761","Toronto Raptors",2023,"0022200531","20221230",5,30.35,TRUE
1627783,"Pascal Siakam","1610612761","Toronto Raptors",2023,"0022200531","20221230",2.2,15.65,TRUE
1627783,"Pascal Siakam","1610612761","Toronto Raptors",2023,"0022200531","20221230",-15.4,17.95,FALSE
1627783,"Pascal Siakam","1610612761","Toronto Raptors",2023,"0022200531","20221230",2.9,30.55,FALSE
1627783,"Pascal Siakam","1610612761","Toronto Raptors",2023,"0022200531","20221230",-10.2,7.45,FALSE
1627783,"Pascal Siakam","1610612761","Toronto Raptors",2023,"0022200531","20221230",-3.8,12.35,FALSE
1627783,"Pascal Siakam","1610612761","Toronto Raptors",2023,"0022200531","20221230",11.8,28.65,FALSE
1627783,"Pascal Siakam","1610612761","Toronto Raptors",2023,"0022200531","20221230",-1.5,7.85,TRUE
1627783,"Pascal Siakam","1610612761","Toronto Raptors",2023,"0022200531","20221230",-6,12.35,TRUE
1627783,"Pascal Siakam","1610612761","Toronto Raptors",2023,"0022200531","20221230",3.1,32.25,FALSE
1627783,"Pascal Siakam","1610612761","Toronto Raptors",2023,"0022200531","20221230",-10.2,28.05,TRUE
1627783,"Pascal Siakam","1610612761","Toronto Raptors",2023,"0022200531","20221230",12.7,8.35,TRUE
1627783,"Pascal Siakam","1610612761","Toronto Raptors",2023,"0022200531","20221230",3.6,16.25,FALSE
1627783,"Pascal Siakam","1610612761","Toronto Raptors",2023,"0022200531","20221230",-0.5,25.15,FALSE
1627783,"Pascal Siakam","1610612761","Toronto Raptors",2023,"0022200531","20221230",-3.6,6.35,TRUE
1627783,"Pascal Siakam","1610612761","Toronto Raptors",2023,"0022200531","20221230",-9.6,13.15,FALSE
1627783,"Pascal Siakam","1610612761","Toronto Raptors",2023,"0022200531","20221230",-1.5,7.45,TRUE
1627783,"Pascal Siakam","1610612761","Toronto Raptors",2023,"0022200553","20230102",-23.3,15.65,TRUE
1627783,"Pascal Siakam","1610612761","Toronto Raptors",2023,"0022200553","20230102",-7.5,29.55,TRUE
1627783,"Pascal Siakam","1610612761","Toronto Raptors",2023,"0022200553","20230102",-13.1,8.95,TRUE
1627783,"Pascal Siakam","1610612761","Toronto Raptors",2023,"0022200553","20230102",-5.4,6.95,TRUE
1627783,"Pascal Siakam","1610612761","Toronto Raptors",2023,"0022200553","20230102",7.5,20.55,FALSE
1627783,"Pascal Siakam","1610612761","Toronto Raptors",2023,"0022200553","20230102",-3.7,10.85,TRUE
1627783,"Pascal Siakam","1610612761","Toronto Raptors",2023,"0022200553","20230102",-3.7,22.45,FALSE
1627783,"Pascal Siakam","1610612761","Toronto Raptors",2023,"0022200553","20230102",0,5.25,FALSE
1627783,"Pascal Siakam","1610612761","Toronto Raptors",2023,"0022200553","20230102",-1.6,16.05,TRUE
1627783,"Pascal Siakam","1610612761","Toronto Raptors",2023,"0022200553","20230102",0.9,26.05,FALSE
1627783,"Pascal Siakam","1610612761","Toronto Raptors",2023,"0022200553","20230102",-22.8,9.55,FALSE
1627783,"Pascal Siakam","1610612761","Toronto Raptors",2023,"0022200553","20230102",-11.6,8.85,TRUE
1627783,"Pascal Siakam","1610612761","Toronto Raptors",2023,"0022200553","20230102",9.1,13.85,TRUE
1627783,"Pascal Siakam","1610612761","Toronto Raptors",2023,"0022200553","20230102",14.7,27.75,FALSE
1627783,"Pascal Siakam","1610612761","Toronto Raptors",2023,"0022200553","20230102",1.5,9.65,FALSE
1627783,"Pascal Siakam","1610612761","Toronto Raptors",2023,"0022200553","20230102",11.4,18.45,FALSE
1627783,"Pascal Siakam","1610612761","Toronto Raptors",2023,"0022200553","20230102",3.9,6.85,TRUE
1627783,"Pascal Siakam","1610612761","Toronto Raptors",2023,"0022200569","20230104",-1.3,21.45,FALSE
1627783,"Pascal Siakam","1610612761","Toronto Raptors",2023,"0022200569","20230104",0.6,18.25,FALSE
1627783,"Pascal Siakam","1610612761","Toronto Raptors",2023,"0022200569","20230104",-5.8,8.15,FALSE
1627783,"Pascal Siakam","1610612761","Toronto Raptors",2023,"0022200569","20230104",2.7,12.95,TRUE
1627783,"Pascal Siakam","1610612761","Toronto Raptors",2023,"0022200569","20230104",-3.9,9.25,FALSE
1627783,"Pascal Siakam","1610612761","Toronto Raptors",2023,"0022200569","20230104",0,18.15,FALSE
1627783,"Pascal Siakam","1610612761","Toronto Raptors",2023,"0022200569","20230104",0,5.25,FALSE
1627783,"Pascal Siakam","1610612761","Toronto Raptors",2023,"0022200569","20230104",1.2,7.25,TRUE
1627783,"Pascal Siakam","1610612761","Toronto Raptors",2023,"0022200569","20230104",-5.9,10.05,FALSE
1627783,"Pascal Siakam","1610612761","Toronto Raptors",2023,"0022200569","20230104",-2.3,7.35,TRUE
1627783,"Pascal Siakam","1610612761","Toronto Raptors",2023,"0022200569","20230104",0.6,10.45,FALSE
1627783,"Pascal Siakam","1610612761","Toronto Raptors",2023,"0022200569","20230104",0.1,13.35,TRUE
1627783,"Pascal Siakam","1610612761","Toronto Raptors",2023,"0022200569","20230104",-24,8.95,FALSE
1627783,"Pascal Siakam","1610612761","Toronto Raptors",2023,"0022200569","20230104",-13.6,8.65,FALSE
1627783,"Pascal Siakam","1610612761","Toronto Raptors",2023,"0022200569","20230104",2.8,9.15,FALSE
1627783,"Pascal Siakam","1610612761","Toronto Raptors",2023,"0022200569","20230104",16.2,25.65,FALSE
1627783,"Pascal Siakam","1610612761","Toronto Raptors",2023,"0022200569","20230104",8,8.15,FALSE
1627783,"Pascal Siakam","1610612761","Toronto Raptors",2023,"0022200569","20230104",-3.6,7.55,FALSE
1627783,"Pascal Siakam","1610612761","Toronto Raptors",2023,"0022200582","20230106",-12.7,6.55,FALSE
1627783,"Pascal Siakam","1610612761","Toronto Raptors",2023,"0022200582","20230106",-2.3,6.05,TRUE
1627783,"Pascal Siakam","1610612761","Toronto Raptors",2023,"0022200582","20230106",0,40.95,FALSE
1627783,"Pascal Siakam","1610612761","Toronto Raptors",2023,"0022200582","20230106",0,5.25,FALSE
1627783,"Pascal Siakam","1610612761","Toronto Raptors",2023,"0022200582","20230106",0,5.25,FALSE
1627783,"Pascal Siakam","1610612761","Toronto Raptors",2023,"0022200582","20230106",-4.4,10.55,FALSE
1627783,"Pascal Siakam","1610612761","Toronto Raptors",2023,"0022200582","20230106",23.3,8.95,FALSE
1627783,"Pascal Siakam","1610612761","Toronto Raptors",2023,"0022200582","20230106",1.5,20.35,TRUE
1627783,"Pascal Siakam","1610612761","Toronto Raptors",2023,"0022200582","20230106",1,9.05,FALSE
1627783,"Pascal Siakam","1610612761","Toronto Raptors",2023,"0022200582","20230106",-1.3,15.05,FALSE
1627783,"Pascal Siakam","1610612761","Toronto Raptors",2023,"0022200582","20230106",-0.2,26.15,FALSE
1627783,"Pascal Siakam","1610612761","Toronto Raptors",2023,"0022200582","20230106",11,29.95,FALSE
1627783,"Pascal Siakam","1610612761","Toronto Raptors",2023,"0022200582","20230106",0,5.25,TRUE
1627783,"Pascal Siakam","1610612761","Toronto Raptors",2023,"0022200582","20230106",-23.5,5.55,TRUE
1627783,"Pascal Siakam","1610612761","Toronto Raptors",2023,"0022200597","20230108",-3.1,12.95,TRUE
1627783,"Pascal Siakam","1610612761","Toronto Raptors",2023,"0022200597","20230108",-2.5,14.15,TRUE
1627783,"Pascal Siakam","1610612761","Toronto Raptors",2023,"0022200597","20230108",-16.9,23.55,FALSE
1627783,"Pascal Siakam","1610612761","Toronto Raptors",2023,"0022200597","20230108",-0.7,5.75,TRUE
1627783,"Pascal Siakam","1610612761","Toronto Raptors",2023,"0022200597","20230108",-4.2,6.55,TRUE
1627783,"Pascal Siakam","1610612761","Toronto Raptors",2023,"0022200597","20230108",0,5.25,FALSE
1627783,"Pascal Siakam","1610612761","Toronto Raptors",2023,"0022200597","20230108",-3.1,12.05,FALSE
1627783,"Pascal Siakam","1610612761","Toronto Raptors",2023,"0022200597","20230108",-1.8,17.35,TRUE
1627783,"Pascal Siakam","1610612761","Toronto Raptors",2023,"0022200597","20230108",-23.3,6.15,TRUE
1627783,"Pascal Siakam","1610612761","Toronto Raptors",2023,"0022200597","20230108",-1.3,20.95,TRUE
1627783,"Pascal Siakam","1610612761","Toronto Raptors",2023,"0022200597","20230108",-23.7,6.15,FALSE
1627783,"Pascal Siakam","1610612761","Toronto Raptors",2023,"0022200597","20230108",0.2,23.25,FALSE
1627783,"Pascal Siakam","1610612761","Toronto Raptors",2023,"0022200597","20230108",15.6,26.25,TRUE
1627783,"Pascal Siakam","1610612761","Toronto Raptors",2023,"0022200597","20230108",-4.4,11.65,FALSE
1627783,"Pascal Siakam","1610612761","Toronto Raptors",2023,"0022200597","20230108",9.7,13.35,FALSE
1627783,"Pascal Siakam","1610612761","Toronto Raptors",2023,"0022200597","20230108",1.3,6.95,FALSE
1627783,"Pascal Siakam","1610612761","Toronto Raptors",2023,"0022200597","20230108",-4,15.35,FALSE
1627783,"Pascal Siakam","1610612761","Toronto Raptors",2023,"0022200597","20230108",5.1,23.35,FALSE
1627783,"Pascal Siakam","1610612761","Toronto Raptors",2023,"0022200597","20230108",7.5,24.35,FALSE
1627783,"Pascal Siakam","1610612761","Toronto Raptors",2023,"0022200613","20230110",0.9,11.15,TRUE
1627783,"Pascal Siakam","1610612761","Toronto Raptors",2023,"0022200613","20230110",4,24.15,TRUE
1627783,"Pascal Siakam","1610612761","Toronto Raptors",2023,"0022200613","20230110",14.6,28.45,TRUE
1627783,"Pascal Siakam","1610612761","Toronto Raptors",2023,"0022200613","20230110",-14.3,26.65,TRUE
1627783,"Pascal Siakam","1610612761","Toronto Raptors",2023,"0022200613","20230110",-12.1,19.05,TRUE
1627783,"Pascal Siakam","1610612761","Toronto Raptors",2023,"0022200613","20230110",-3.2,7.75,TRUE
1627783,"Pascal Siakam","1610612761","Toronto Raptors",2023,"0022200613","20230110",0.7,16.75,FALSE
1627783,"Pascal Siakam","1610612761","Toronto Raptors",2023,"0022200613","20230110",20.6,22.05,FALSE
1627783,"Pascal Siakam","1610612761","Toronto Raptors",2023,"0022200613","20230110",17.4,24.95,FALSE
1627783,"Pascal Siakam","1610612761","Toronto Raptors",2023,"0022200613","20230110",4.8,17.25,TRUE
1627783,"Pascal Siakam","1610612761","Toronto Raptors",2023,"0022200613","20230110",-1.8,12.65,FALSE
1627783,"Pascal Siakam","1610612761","Toronto Raptors",2023,"0022200613","20230110",5.1,15.35,TRUE
1627783,"Pascal Siakam","1610612761","Toronto Raptors",2023,"0022200613","20230110",-14.5,25.55,FALSE
1627783,"Pascal Siakam","1610612761","Toronto Raptors",2023,"0022200613","20230110",-0.5,5.35,TRUE
1627783,"Pascal Siakam","1610612761","Toronto Raptors",2023,"0022200613","20230110",-1.2,31.85,FALSE
1627783,"Pascal Siakam","1610612761","Toronto Raptors",2023,"0022200613","20230110",-1.5,5.25,TRUE
1627783,"Pascal Siakam","1610612761","Toronto Raptors",2023,"0022200629","20230112",-1.1,6.45,TRUE
1627783,"Pascal Siakam","1610612761","Toronto Raptors",2023,"0022200629","20230112",-12.9,28.25,TRUE
1627783,"Pascal Siakam","1610612761","Toronto Raptors",2023,"0022200629","20230112",11.3,31.15,TRUE
1627783,"Pascal Siakam","1610612761","Toronto Raptors",2023,"0022200629","20230112",-4.7,10.05,TRUE
1627783,"Pascal Siakam","1610612761","Toronto Raptors",2023,"0022200629","20230112",10.8,30.95,TRUE
1627783,"Pascal Siakam","1610612761","Toronto Raptors",2023,"0022200629","20230112",-0.2,6.05,TRUE
1627783,"Pascal Siakam","1610612761","Toronto Raptors",2023,"0022200629","20230112",2.2,16.85,TRUE
1627783,"Pascal Siakam","1610612761","Toronto Raptors",2023,"0022200629","20230112",-2.7,25.55,FALSE
1627783,"Pascal Siakam","1610612761","Toronto Raptors",2023,"0022200629","20230112",0,9.25,TRUE
1627783,"Pascal Siakam","1610612761","Toronto Raptors",2023,"0022200629","20230112",-9.8,12.75,FALSE
1627783,"Pascal Siakam","1610612761","Toronto Raptors",2023,"0022200629","20230112",0,5.25,TRUE
1627783,"Pascal Siakam","1610612761","Toronto Raptors",2023,"0022200629","20230112",-8.9,24.05,TRUE
1627783,"Pascal Siakam","1610612761","Toronto Raptors",2023,"0022200629","20230112",0.1,6.25,TRUE
1627783,"Pascal Siakam","1610612761","Toronto Raptors",2023,"0022200644","20230114",22.9,9.65,FALSE
1627783,"Pascal Siakam","1610612761","Toronto Raptors",2023,"0022200644","20230114",5.1,18.85,FALSE
1627783,"Pascal Siakam","1610612761","Toronto Raptors",2023,"0022200644","20230114",1.3,13.85,FALSE
1627783,"Pascal Siakam","1610612761","Toronto Raptors",2023,"0022200644","20230114",1,11.25,TRUE
1627783,"Pascal Siakam","1610612761","Toronto Raptors",2023,"0022200644","20230114",2.6,6.55,TRUE
1627783,"Pascal Siakam","1610612761","Toronto Raptors",2023,"0022200644","20230114",0.9,15.35,TRUE
1627783,"Pascal Siakam","1610612761","Toronto Raptors",2023,"0022200644","20230114",0.1,13.05,FALSE
1627783,"Pascal Siakam","1610612761","Toronto Raptors",2023,"0022200644","20230114",-15.2,12.45,FALSE
1627783,"Pascal Siakam","1610612761","Toronto Raptors",2023,"0022200644","20230114",-1.7,6.05,FALSE
1627783,"Pascal Siakam","1610612761","Toronto Raptors",2023,"0022200644","20230114",-11.8,28.35,FALSE
1627783,"Pascal Siakam","1610612761","Toronto Raptors",2023,"0022200644","20230114",-6.2,7.45,FALSE
1627783,"Pascal Siakam","1610612761","Toronto Raptors",2023,"0022200644","20230114",0,5.25,TRUE
1627783,"Pascal Siakam","1610612761","Toronto Raptors",2023,"0022200644","20230114",-14.5,27.65,FALSE
1627783,"Pascal Siakam","1610612761","Toronto Raptors",2023,"0022200644","20230114",-4.8,7.15,TRUE
1627783,"Pascal Siakam","1610612761","Toronto Raptors",2023,"0022200644","20230114",-3.8,12.95,FALSE
1627783,"Pascal Siakam","1610612761","Toronto Raptors",2023,"0022200644","20230114",-2,54.45,FALSE
1627783,"Pascal Siakam","1610612761","Toronto Raptors",2023,"0022200659","20230116",15.7,24.65,FALSE
1627783,"Pascal Siakam","1610612761","Toronto Raptors",2023,"0022200659","20230116",-1.3,20.05,FALSE
1627783,"Pascal Siakam","1610612761","Toronto Raptors",2023,"0022200659","20230116",5.6,19.75,TRUE
1627783,"Pascal Siakam","1610612761","Toronto Raptors",2023,"0022200659","20230116",14.5,24.95,FALSE
1627783,"Pascal Siakam","1610612761","Toronto Raptors",2023,"0022200659","20230116",0,5.25,TRUE
1627783,"Pascal Siakam","1610612761","Toronto Raptors",2023,"0022200659","20230116",-3.9,21.55,TRUE
1627783,"Pascal Siakam","1610612761","Toronto Raptors",2023,"0022200659","20230116",-0.5,6.75,TRUE
1627783,"Pascal Siakam","1610612761","Toronto Raptors",2023,"0022200659","20230116",-2.1,11.15,FALSE
1627783,"Pascal Siakam","1610612761","Toronto Raptors",2023,"0022200659","20230116",-4.5,17.65,TRUE
1627783,"Pascal Siakam","1610612761","Toronto Raptors",2023,"0022200659","20230116",8.5,15.65,FALSE
1627783,"Pascal Siakam","1610612761","Toronto Raptors",2023,"0022200659","20230116",-22.3,3.85,FALSE
1627783,"Pascal Siakam","1610612761","Toronto Raptors",2023,"0022200659","20230116",-4.7,21.75,FALSE
1627783,"Pascal Siakam","1610612761","Toronto Raptors",2023,"0022200659","20230116",-22.7,7.95,FALSE
1627783,"Pascal Siakam","1610612761","Toronto Raptors",2023,"0022200659","20230116",8.5,29.55,FALSE
1627783,"Pascal Siakam","1610612761","Toronto Raptors",2023,"0022200659","20230116",-0.9,5.15,TRUE
1627783,"Pascal Siakam","1610612761","Toronto Raptors",2023,"0022200659","20230116",-22.1,5.65,FALSE
1627783,"Pascal Siakam","1610612761","Toronto Raptors",2023,"0022200659","20230116",-8.2,22.45,FALSE
1627783,"Pascal Siakam","1610612761","Toronto Raptors",2023,"0022200659","20230116",2,30.55,FALSE
1627783,"Pascal Siakam","1610612761","Toronto Raptors",2023,"0022200659","20230116",0.4,5.95,TRUE
1627783,"Pascal Siakam","1610612761","Toronto Raptors",2023,"0022200665","20230117",1,16.45,TRUE
1627783,"Pascal Siakam","1610612761","Toronto Raptors",2023,"0022200665","20230117",-3.2,22.45,TRUE
1627783,"Pascal Siakam","1610612761","Toronto Raptors",2023,"0022200665","20230117",2.5,13.85,TRUE
1627783,"Pascal Siakam","1610612761","Toronto Raptors",2023,"0022200665","20230117",-23.3,6.05,FALSE
1627783,"Pascal Siakam","1610612761","Toronto Raptors",2023,"0022200665","20230117",-0.6,7.25,TRUE
1627783,"Pascal Siakam","1610612761","Toronto Raptors",2023,"0022200665","20230117",0,5.25,FALSE
1627783,"Pascal Siakam","1610612761","Toronto Raptors",2023,"0022200665","20230117",2.9,24.95,TRUE
1627783,"Pascal Siakam","1610612761","Toronto Raptors",2023,"0022200665","20230117",0,5.25,FALSE
1627783,"Pascal Siakam","1610612761","Toronto Raptors",2023,"0022200665","20230117",1.7,6.55,TRUE
1627783,"Pascal Siakam","1610612761","Toronto Raptors",2023,"0022200665","20230117",-5.5,13.45,TRUE
1627783,"Pascal Siakam","1610612761","Toronto Raptors",2023,"0022200665","20230117",16.9,24.25,TRUE
1627783,"Pascal Siakam","1610612761","Toronto Raptors",2023,"0022200665","20230117",10.5,28.75,FALSE
1627783,"Pascal Siakam","1610612761","Toronto Raptors",2023,"0022200665","20230117",-5,34.05,FALSE
1627783,"Pascal Siakam","1610612761","Toronto Raptors",2023,"0022200680","20230119",-0.6,23.55,FALSE
1627783,"Pascal Siakam","1610612761","Toronto Raptors",2023,"0022200680","20230119",-3.2,7.45,FALSE
1627783,"Pascal Siakam","1610612761","Toronto Raptors",2023,"0022200680","20230119",0.7,6.25,TRUE
1627783,"Pascal Siakam","1610612761","Toronto Raptors",2023,"0022200680","20230119",0.1,7.05,TRUE
1627783,"Pascal Siakam","1610612761","Toronto Raptors",2023,"0022200680","20230119",2.7,18.25,FALSE
1627783,"Pascal Siakam","1610612761","Toronto Raptors",2023,"0022200680","20230119",-5.6,11.65,FALSE
1627783,"Pascal Siakam","1610612761","Toronto Raptors",2023,"0022200680","20230119",-1.8,7.85,FALSE
1627783,"Pascal Siakam","1610612761","Toronto Raptors",2023,"0022200680","20230119",-0.5,7.35,FALSE
1627783,"Pascal Siakam","1610612761","Toronto Raptors",2023,"0022200680","20230119",-0.6,6.45,TRUE
1627783,"Pascal Siakam","1610612761","Toronto Raptors",2023,"0022200680","20230119",-0.5,17.75,TRUE
1627783,"Pascal Siakam","1610612761","Toronto Raptors",2023,"0022200680","20230119",-2.7,18.75,TRUE
1627783,"Pascal Siakam","1610612761","Toronto Raptors",2023,"0022200680","20230119",7.8,19.35,FALSE
1627783,"Pascal Siakam","1610612761","Toronto Raptors",2023,"0022200680","20230119",0.4,14.85,FALSE
1627783,"Pascal Siakam","1610612761","Toronto Raptors",2023,"0022200680","20230119",1.3,7.35,TRUE
1627783,"Pascal Siakam","1610612761","Toronto Raptors",2023,"0022200680","20230119",1.3,14.05,FALSE
1627783,"Pascal Siakam","1610612761","Toronto Raptors",2023,"0022200680","20230119",-12.3,17.15,FALSE
1627783,"Pascal Siakam","1610612761","Toronto Raptors",2023,"0022200692","20230121",0.6,12.05,FALSE
1627783,"Pascal Siakam","1610612761","Toronto Raptors",2023,"0022200692","20230121",17.8,25.85,FALSE
1627783,"Pascal Siakam","1610612761","Toronto Raptors",2023,"0022200692","20230121",-0.1,5.85,TRUE
1627783,"Pascal Siakam","1610612761","Toronto Raptors",2023,"0022200692","20230121",-23,5.75,FALSE
1627783,"Pascal Siakam","1610612761","Toronto Raptors",2023,"0022200692","20230121",6.9,30.05,FALSE
1627783,"Pascal Siakam","1610612761","Toronto Raptors",2023,"0022200692","20230121",-0.1,5.65,TRUE
1627783,"Pascal Siakam","1610612761","Toronto Raptors",2023,"0022200692","20230121",-9.4,23.25,TRUE
1627783,"Pascal Siakam","1610612761","Toronto Raptors",2023,"0022200692","20230121",3.9,23.25,TRUE
1627783,"Pascal Siakam","1610612761","Toronto Raptors",2023,"0022200692","20230121",1.5,20.75,TRUE
1627783,"Pascal Siakam","1610612761","Toronto Raptors",2023,"0022200692","20230121",13.5,8.05,FALSE
1627783,"Pascal Siakam","1610612761","Toronto Raptors",2023,"0022200692","20230121",0.1,5.75,TRUE
1627783,"Pascal Siakam","1610612761","Toronto Raptors",2023,"0022200692","20230121",0.2,12.75,FALSE
1627783,"Pascal Siakam","1610612761","Toronto Raptors",2023,"0022200692","20230121",0,5.25,TRUE
1627783,"Pascal Siakam","1610612761","Toronto Raptors",2023,"0022200692","20230121",0.4,6.55,TRUE
1627783,"Pascal Siakam","1610612761","Toronto Raptors",2023,"0022200692","20230121",-1.3,22.35,TRUE
1627783,"Pascal Siakam","1610612761","Toronto Raptors",2023,"0022200692","20230121",-5.9,9.55,TRUE
1627783,"Pascal Siakam","1610612761","Toronto Raptors",2023,"0022200692","20230121",1.3,32.55,FALSE
1627783,"Pascal Siakam","1610612761","Toronto Raptors",2023,"0022200692","20230121",-3.4,16.85,TRUE
1627783,"Pascal Siakam","1610612761","Toronto Raptors",2023,"0022200692","20230121",-4.8,9.95,TRUE
1627783,"Pascal Siakam","1610612761","Toronto Raptors",2023,"0022200692","20230121",-4.7,7.15,TRUE
1627783,"Pascal Siakam","1610612761","Toronto Raptors",2023,"0022200692","20230121",11.8,21.55,TRUE
1627783,"Pascal Siakam","1610612761","Toronto Raptors",2023,"0022200692","20230121",-0.6,23.55,FALSE
1627783,"Pascal Siakam","1610612761","Toronto Raptors",2023,"0022200692","20230121",-5.9,9.35,FALSE
1627783,"Pascal Siakam","1610612761","Toronto Raptors",2023,"0022200700","20230122",7.5,25.35,FALSE
1627783,"Pascal Siakam","1610612761","Toronto Raptors",2023,"0022200700","20230122",14.8,26.25,TRUE
1627783,"Pascal Siakam","1610612761","Toronto Raptors",2023,"0022200700","20230122",6.4,13.75,FALSE
1627783,"Pascal Siakam","1610612761","Toronto Raptors",2023,"0022200700","20230122",5.8,12.85,TRUE
1627783,"Pascal Siakam","1610612761","Toronto Raptors",2023,"0022200700","20230122",13.6,27.75,FALSE
1627783,"Pascal Siakam","1610612761","Toronto Raptors",2023,"0022200700","20230122",-0.7,6.55,TRUE
1627783,"Pascal Siakam","1610612761","Toronto Raptors",2023,"0022200700","20230122",-7.5,7.25,FALSE
1627783,"Pascal Siakam","1610612761","Toronto Raptors",2023,"0022200700","20230122",12.9,28.25,FALSE
1627783,"Pascal Siakam","1610612761","Toronto Raptors",2023,"0022200700","20230122",17.5,14.85,FALSE
1627783,"Pascal Siakam","1610612761","Toronto Raptors",2023,"0022200700","20230122",-0.9,5.35,FALSE
1627783,"Pascal Siakam","1610612761","Toronto Raptors",2023,"0022200700","20230122",5.5,25.25,TRUE
1627783,"Pascal Siakam","1610612761","Toronto Raptors",2023,"0022200700","20230122",-0.1,11.45,TRUE
1627783,"Pascal Siakam","1610612761","Toronto Raptors",2023,"0022200700","20230122",11.2,7.95,FALSE
1627783,"Pascal Siakam","1610612761","Toronto Raptors",2023,"0022200700","20230122",23.2,7.35,TRUE
1627783,"Pascal Siakam","1610612761","Toronto Raptors",2023,"0022200700","20230122",7.1,31.65,FALSE
1627783,"Pascal Siakam","1610612761","Toronto Raptors",2023,"0022200700","20230122",0.2,10.85,TRUE
1627783,"Pascal Siakam","1610612761","Toronto Raptors",2023,"0022200700","20230122",-1.3,7.45,FALSE
1627783,"Pascal Siakam","1610612761","Toronto Raptors",2023,"0022200700","20230122",-15,25.35,TRUE
1627783,"Pascal Siakam","1610612761","Toronto Raptors",2023,"0022200700","20230122",16.4,10.05,FALSE
1627783,"Pascal Siakam","1610612761","Toronto Raptors",2023,"0022200700","20230122",-0.2,12.55,TRUE
1627783,"Pascal Siakam","1610612761","Toronto Raptors",2023,"0022200700","20230122",0.5,23.05,FALSE
1627783,"Pascal Siakam","1610612761","Toronto Raptors",2023,"0022200728","20230125",-2.5,25.45,FALSE
1627783,"Pascal Siakam","1610612761","Toronto Raptors",2023,"0022200728","20230125",22.8,8.65,TRUE
1627783,"Pascal Siakam","1610612761","Toronto Raptors",2023,"0022200728","20230125",19.7,22.15,TRUE
1627783,"Pascal Siakam","1610612761","Toronto Raptors",2023,"0022200728","20230125",-22.1,10.15,FALSE
1627783,"Pascal Siakam","1610612761","Toronto Raptors",2023,"0022200728","20230125",1.7,8.65,FALSE
1627783,"Pascal Siakam","1610612761","Toronto Raptors",2023,"0022200728","20230125",-10.9,18.55,FALSE
1627783,"Pascal Siakam","1610612761","Toronto Raptors",2023,"0022200728","20230125",0.1,9.95,FALSE
1627783,"Pascal Siakam","1610612761","Toronto Raptors",2023,"0022200728","20230125",23.2,15.35,FALSE
1627783,"Pascal Siakam","1610612761","Toronto Raptors",2023,"0022200728","20230125",-0.7,15.35,TRUE
1627783,"Pascal Siakam","1610612761","Toronto Raptors",2023,"0022200728","20230125",-18.1,23.95,FALSE
1627783,"Pascal Siakam","1610612761","Toronto Raptors",2023,"0022200728","20230125",-1.1,7.75,TRUE
1627783,"Pascal Siakam","1610612761","Toronto Raptors",2023,"0022200728","20230125",6.7,12.55,TRUE
1627783,"Pascal Siakam","1610612761","Toronto Raptors",2023,"0022200728","20230125",-0.9,6.35,TRUE
1627783,"Pascal Siakam","1610612761","Toronto Raptors",2023,"0022200728","20230125",5.1,29.55,FALSE
1627783,"Pascal Siakam","1610612761","Toronto Raptors",2023,"0022200728","20230125",0.2,11.15,TRUE
1627783,"Pascal Siakam","1610612761","Toronto Raptors",2023,"0022200728","20230125",-0.5,20.45,TRUE
1627783,"Pascal Siakam","1610612761","Toronto Raptors",2023,"0022200728","20230125",-3.4,22.05,FALSE
1627783,"Pascal Siakam","1610612761","Toronto Raptors",2023,"0022200728","20230125",-15.6,25.05,FALSE
1627783,"Pascal Siakam","1610612761","Toronto Raptors",2023,"0022200728","20230125",-2.3,6.85,TRUE
1627783,"Pascal Siakam","1610612761","Toronto Raptors",2023,"0022200728","20230125",-23.9,6.05,FALSE
1627783,"Pascal Siakam","1610612761","Toronto Raptors",2023,"0022200728","20230125",1.7,8.85,FALSE
1627783,"Pascal Siakam","1610612761","Toronto Raptors",2023,"0022200728","20230125",0.6,15.15,FALSE
1627783,"Pascal Siakam","1610612761","Toronto Raptors",2023,"0022200728","20230125",-0.7,6.15,TRUE
1627783,"Pascal Siakam","1610612761","Toronto Raptors",2023,"0022200728","20230125",-8.8,22.05,TRUE
1627783,"Pascal Siakam","1610612761","Toronto Raptors",2023,"0022200740","20230127",3.4,5.55,FALSE
1627783,"Pascal Siakam","1610612761","Toronto Raptors",2023,"0022200740","20230127",-10.2,10.75,FALSE
1627783,"Pascal Siakam","1610612761","Toronto Raptors",2023,"0022200740","20230127",-19,25.35,TRUE
1627783,"Pascal Siakam","1610612761","Toronto Raptors",2023,"0022200740","20230127",-23.2,11.05,FALSE
1627783,"Pascal Siakam","1610612761","Toronto Raptors",2023,"0022200740","20230127",6.4,21.95,FALSE
1627783,"Pascal Siakam","1610612761","Toronto Raptors",2023,"0022200740","20230127",-7.7,15.65,FALSE
1627783,"Pascal Siakam","1610612761","Toronto Raptors",2023,"0022200740","20230127",-5.5,7.85,FALSE
1627783,"Pascal Siakam","1610612761","Toronto Raptors",2023,"0022200740","20230127",0,5.25,FALSE
1627783,"Pascal Siakam","1610612761","Toronto Raptors",2023,"0022200740","20230127",6.7,29.55,FALSE
1627783,"Pascal Siakam","1610612761","Toronto Raptors",2023,"0022200740","20230127",-3.6,16.05,TRUE
1627783,"Pascal Siakam","1610612761","Toronto Raptors",2023,"0022200740","20230127",-2.1,14.65,FALSE
1627783,"Pascal Siakam","1610612761","Toronto Raptors",2023,"0022200740","20230127",-8.9,10.35,FALSE
1627783,"Pascal Siakam","1610612761","Toronto Raptors",2023,"0022200740","20230127",-2,12.35,TRUE
1627783,"Pascal Siakam","1610612761","Toronto Raptors",2023,"0022200740","20230127",12.6,27.75,FALSE
1627783,"Pascal Siakam","1610612761","Toronto Raptors",2023,"0022200740","20230127",-1.3,16.35,FALSE
1627783,"Pascal Siakam","1610612761","Toronto Raptors",2023,"0022200740","20230127",-3.3,6.75,FALSE
1627783,"Pascal Siakam","1610612761","Toronto Raptors",2023,"0022200740","20230127",-3.1,12.65,TRUE
1627783,"Pascal Siakam","1610612761","Toronto Raptors",2023,"0022200740","20230127",-2,11.95,TRUE
1627783,"Pascal Siakam","1610612761","Toronto Raptors",2023,"0022200740","20230127",-0.2,14.65,FALSE
1627783,"Pascal Siakam","1610612761","Toronto Raptors",2023,"0022200740","20230127",-0.6,11.95,TRUE
1627783,"Pascal Siakam","1610612761","Toronto Raptors",2023,"0022200740","20230127",4.2,14.85,FALSE
1627783,"Pascal Siakam","1610612761","Toronto Raptors",2023,"0022200740","20230127",0.7,11.45,FALSE
1627783,"Pascal Siakam","1610612761","Toronto Raptors",2023,"0022200740","20230127",-11.8,28.35,FALSE
1627783,"Pascal Siakam","1610612761","Toronto Raptors",2023,"0022200740","20230127",-0.4,12.05,TRUE
1627783,"Pascal Siakam","1610612761","Toronto Raptors",2023,"0022200740","20230127",-23.4,6.25,FALSE
1627783,"Pascal Siakam","1610612761","Toronto Raptors",2023,"0022200740","20230127",-2.8,6.45,TRUE
1627783,"Pascal Siakam","1610612761","Toronto Raptors",2023,"0022200751","20230128",-0.7,6.85,TRUE
1627783,"Pascal Siakam","1610612761","Toronto Raptors",2023,"0022200751","20230128",4.5,7.25,FALSE
1627783,"Pascal Siakam","1610612761","Toronto Raptors",2023,"0022200751","20230128",-2.3,6.15,TRUE
1627783,"Pascal Siakam","1610612761","Toronto Raptors",2023,"0022200751","20230128",-0.6,21.95,FALSE
1627783,"Pascal Siakam","1610612761","Toronto Raptors",2023,"0022200751","20230128",-1.5,5.55,TRUE
1627783,"Pascal Siakam","1610612761","Toronto Raptors",2023,"0022200751","20230128",5.4,7.65,FALSE
1627783,"Pascal Siakam","1610612761","Toronto Raptors",2023,"0022200751","20230128",-7.1,17.65,TRUE
1627783,"Pascal Siakam","1610612761","Toronto Raptors",2023,"0022200751","20230128",0.6,23.35,FALSE
1627783,"Pascal Siakam","1610612761","Toronto Raptors",2023,"0022200751","20230128",5.3,6.75,TRUE
1627783,"Pascal Siakam","1610612761","Toronto Raptors",2023,"0022200751","20230128",-23.2,8.45,FALSE
1627783,"Pascal Siakam","1610612761","Toronto Raptors",2023,"0022200751","20230128",15.7,4.75,TRUE
1627783,"Pascal Siakam","1610612761","Toronto Raptors",2023,"0022200751","20230128",8,24.25,FALSE
1627783,"Pascal Siakam","1610612761","Toronto Raptors",2023,"0022200751","20230128",0.5,20.75,TRUE
1627783,"Pascal Siakam","1610612761","Toronto Raptors",2023,"0022200751","20230128",0.4,5.85,TRUE
1627783,"Pascal Siakam","1610612761","Toronto Raptors",2023,"0022200751","20230128",-0.7,6.45,FALSE
1627783,"Pascal Siakam","1610612761","Toronto Raptors",2023,"0022200751","20230128",-22.7,9.95,TRUE
1627783,"Pascal Siakam","1610612761","Toronto Raptors",2023,"0022200751","20230128",10,22.55,FALSE
1627783,"Pascal Siakam","1610612761","Toronto Raptors",2023,"0022200762","20230130",1.5,26.35,FALSE
1627783,"Pascal Siakam","1610612761","Toronto Raptors",2023,"0022200762","20230130",1.2,11.05,TRUE
1627783,"Pascal Siakam","1610612761","Toronto Raptors",2023,"0022200762","20230130",7.2,9.85,FALSE
1627783,"Pascal Siakam","1610612761","Toronto Raptors",2023,"0022200762","20230130",-7.7,20.75,TRUE
1627783,"Pascal Siakam","1610612761","Toronto Raptors",2023,"0022200762","20230130",6.1,29.25,FALSE
1627783,"Pascal Siakam","1610612761","Toronto Raptors",2023,"0022200762","20230130",0.7,6.05,TRUE
1627783,"Pascal Siakam","1610612761","Toronto Raptors",2023,"0022200762","20230130",-1.7,6.35,TRUE
1627783,"Pascal Siakam","1610612761","Toronto Raptors",2023,"0022200762","20230130",22.7,12.55,TRUE
1627783,"Pascal Siakam","1610612761","Toronto Raptors",2023,"0022200762","20230130",-4.9,15.35,FALSE
1627783,"Pascal Siakam","1610612761","Toronto Raptors",2023,"0022200762","20230130",-2.3,10.65,FALSE
1627783,"Pascal Siakam","1610612761","Toronto Raptors",2023,"0022200762","20230130",1.6,7.25,TRUE
1627783,"Pascal Siakam","1610612761","Toronto Raptors",2023,"0022200762","20230130",-1.8,10.75,FALSE
1627783,"Pascal Siakam","1610612761","Toronto Raptors",2023,"0022200762","20230130",-15.3,16.85,FALSE
1627783,"Pascal Siakam","1610612761","Toronto Raptors",2023,"0022200762","20230130",-1.5,14.65,FALSE
1627783,"Pascal Siakam","1610612761","Toronto Raptors",2023,"0022200762","20230130",-13.6,26.65,FALSE
1627783,"Pascal Siakam","1610612761","Toronto Raptors",2023,"0022200762","20230130",2.3,7.85,TRUE
1627783,"Pascal Siakam","1610612761","Toronto Raptors",2023,"0022200762","20230130",12.5,30.55,FALSE
1627783,"Pascal Siakam","1610612761","Toronto Raptors",2023,"0022200776","20230201",-0.9,7.15,FALSE
1627783,"Pascal Siakam","1610612761","Toronto Raptors",2023,"0022200776","20230201",-1.7,11.65,FALSE
1627783,"Pascal Siakam","1610612761","Toronto Raptors",2023,"0022200776","20230201",0,5.25,FALSE
1627783,"Pascal Siakam","1610612761","Toronto Raptors",2023,"0022200776","20230201",-10,5.15,FALSE
1627783,"Pascal Siakam","1610612761","Toronto Raptors",2023,"0022200776","20230201",4.8,12.45,FALSE
1627783,"Pascal Siakam","1610612761","Toronto Raptors",2023,"0022200776","20230201",5.5,8.85,FALSE
1627783,"Pascal Siakam","1610612761","Toronto Raptors",2023,"0022200776","20230201",0.4,10.55,FALSE
1627783,"Pascal Siakam","1610612761","Toronto Raptors",2023,"0022200776","20230201",-6.4,8.95,TRUE
1627783,"Pascal Siakam","1610612761","Toronto Raptors",2023,"0022200776","20230201",-5.3,7.25,FALSE
1627783,"Pascal Siakam","1610612761","Toronto Raptors",2023,"0022200776","20230201",2.3,5.35,TRUE
1627783,"Pascal Siakam","1610612761","Toronto Raptors",2023,"0022200776","20230201",-3.2,7.25,TRUE
1627783,"Pascal Siakam","1610612761","Toronto Raptors",2023,"0022200776","20230201",-2.2,6.35,TRUE
1627783,"Pascal Siakam","1610612761","Toronto Raptors",2023,"0022200776","20230201",1.5,12.15,FALSE
1627783,"Pascal Siakam","1610612761","Toronto Raptors",2023,"0022200776","20230201",2.3,8.65,FALSE
1627783,"Pascal Siakam","1610612761","Toronto Raptors",2023,"0022200776","20230201",2.8,7.05,TRUE
1627783,"Pascal Siakam","1610612761","Toronto Raptors",2023,"0022200776","20230201",2.9,7.25,TRUE
1627783,"Pascal Siakam","1610612761","Toronto Raptors",2023,"0022200776","20230201",0.2,22.85,FALSE
1627783,"Pascal Siakam","1610612761","Toronto Raptors",2023,"0022200776","20230201",1.7,7.35,TRUE
1627783,"Pascal Siakam","1610612761","Toronto Raptors",2023,"0022200776","20230201",-2.1,7.55,TRUE
1627783,"Pascal Siakam","1610612761","Toronto Raptors",2023,"0022200776","20230201",2,13.85,FALSE
1627783,"Pascal Siakam","1610612761","Toronto Raptors",2023,"0022200776","20230201",-9.1,20.75,TRUE
1627783,"Pascal Siakam","1610612761","Toronto Raptors",2023,"0022200776","20230201",5.6,10.65,FALSE
1627783,"Pascal Siakam","1610612761","Toronto Raptors",2023,"0022200789","20230203",4.5,8.45,FALSE
1627783,"Pascal Siakam","1610612761","Toronto Raptors",2023,"0022200789","20230203",5.3,6.85,FALSE
1627783,"Pascal Siakam","1610612761","Toronto Raptors",2023,"0022200789","20230203",-0.6,14.55,TRUE
1627783,"Pascal Siakam","1610612761","Toronto Raptors",2023,"0022200789","20230203",-0.6,13.45,FALSE
1627783,"Pascal Siakam","1610612761","Toronto Raptors",2023,"0022200789","20230203",-10,22.05,FALSE
1627783,"Pascal Siakam","1610612761","Toronto Raptors",2023,"0022200789","20230203",-4.9,7.65,TRUE
1627783,"Pascal Siakam","1610612761","Toronto Raptors",2023,"0022200789","20230203",3.6,16.25,TRUE
1627783,"Pascal Siakam","1610612761","Toronto Raptors",2023,"0022200789","20230203",0,5.25,TRUE
1627783,"Pascal Siakam","1610612761","Toronto Raptors",2023,"0022200789","20230203",15.3,26.45,TRUE
1627783,"Pascal Siakam","1610612761","Toronto Raptors",2023,"0022200789","20230203",1,6.85,TRUE
1627783,"Pascal Siakam","1610612761","Toronto Raptors",2023,"0022200789","20230203",14,27.25,FALSE
1627783,"Pascal Siakam","1610612761","Toronto Raptors",2023,"0022200789","20230203",-0.1,10.15,FALSE
1627783,"Pascal Siakam","1610612761","Toronto Raptors",2023,"0022200789","20230203",-0.6,18.25,TRUE
1627783,"Pascal Siakam","1610612761","Toronto Raptors",2023,"0022200789","20230203",0.5,20.95,FALSE
1627783,"Pascal Siakam","1610612761","Toronto Raptors",2023,"0022200789","20230203",0.6,9.35,TRUE
1627783,"Pascal Siakam","1610612761","Toronto Raptors",2023,"0022200789","20230203",21.2,19.15,FALSE
1627783,"Pascal Siakam","1610612761","Toronto Raptors",2023,"0022200789","20230203",-3.6,6.25,FALSE
1627783,"Pascal Siakam","1610612761","Toronto Raptors",2023,"0022200789","20230203",-12.4,21.45,FALSE
1627783,"Pascal Siakam","1610612761","Toronto Raptors",2023,"0022200789","20230203",0.6,6.75,TRUE
1627783,"Pascal Siakam","1610612761","Toronto Raptors",2023,"0022200789","20230203",11.5,14.15,TRUE
1627783,"Pascal Siakam","1610612761","Toronto Raptors",2023,"0022200805","20230205",2.2,30.45,FALSE
1627783,"Pascal Siakam","1610612761","Toronto Raptors",2023,"0022200805","20230205",0.1,18.25,FALSE
1627783,"Pascal Siakam","1610612761","Toronto Raptors",2023,"0022200805","20230205",0,5.25,TRUE
1627783,"Pascal Siakam","1610612761","Toronto Raptors",2023,"0022200805","20230205",14.8,26.45,TRUE
1627783,"Pascal Siakam","1610612761","Toronto Raptors",2023,"0022200805","20230205",0.6,31.15,TRUE
1627783,"Pascal Siakam","1610612761","Toronto Raptors",2023,"0022200805","20230205",11.9,13.65,FALSE
1627783,"Pascal Siakam","1610612761","Toronto Raptors",2023,"0022200805","20230205",-0.2,25.15,TRUE
1627783,"Pascal Siakam","1610612761","Toronto Raptors",2023,"0022200805","20230205",-0.6,30.95,FALSE
1627783,"Pascal Siakam","1610612761","Toronto Raptors",2023,"0022200805","20230205",-0.7,5.25,TRUE
1627783,"Pascal Siakam","1610612761","Toronto Raptors",2023,"0022200805","20230205",-0.1,13.75,FALSE
1627783,"Pascal Siakam","1610612761","Toronto Raptors",2023,"0022200805","20230205",8.3,20.75,FALSE
1627783,"Pascal Siakam","1610612761","Toronto Raptors",2023,"0022200805","20230205",-7.2,17.95,FALSE
1627783,"Pascal Siakam","1610612761","Toronto Raptors",2023,"0022200805","20230205",13,27.05,FALSE
1627783,"Pascal Siakam","1610612761","Toronto Raptors",2023,"0022200805","20230205",-0.1,5.55,TRUE
1627783,"Pascal Siakam","1610612761","Toronto Raptors",2023,"0022200805","20230205",2.6,24.65,FALSE
1627783,"Pascal Siakam","1610612761","Toronto Raptors",2023,"0022200805","20230205",-3.1,17.65,TRUE
1627783,"Pascal Siakam","1610612761","Toronto Raptors",2023,"0022200805","20230205",6,29.95,FALSE
1627783,"Pascal Siakam","1610612761","Toronto Raptors",2023,"0022200826","20230208",0,5.65,TRUE
1627783,"Pascal Siakam","1610612761","Toronto Raptors",2023,"0022200826","20230208",2.2,22.85,TRUE
1627783,"Pascal Siakam","1610612761","Toronto Raptors",2023,"0022200826","20230208",0,32.05,TRUE
1627783,"Pascal Siakam","1610612761","Toronto Raptors",2023,"0022200826","20230208",0.1,19.65,TRUE
1627783,"Pascal Siakam","1610612761","Toronto Raptors",2023,"0022200826","20230208",1,6.05,TRUE
1627783,"Pascal Siakam","1610612761","Toronto Raptors",2023,"0022200826","20230208",-23.2,6.25,TRUE
1627783,"Pascal Siakam","1610612761","Toronto Raptors",2023,"0022200826","20230208",3.3,14.75,TRUE
1627783,"Pascal Siakam","1610612761","Toronto Raptors",2023,"0022200826","20230208",-2.9,9.65,TRUE
1627783,"Pascal Siakam","1610612761","Toronto Raptors",2023,"0022200826","20230208",-2.6,14.75,FALSE
1627783,"Pascal Siakam","1610612761","Toronto Raptors",2023,"0022200826","20230208",2.2,11.55,FALSE
1627783,"Pascal Siakam","1610612761","Toronto Raptors",2023,"0022200826","20230208",4.5,9.15,FALSE
1627783,"Pascal Siakam","1610612761","Toronto Raptors",2023,"0022200826","20230208",-4.5,10.25,TRUE
1627783,"Pascal Siakam","1610612761","Toronto Raptors",2023,"0022200826","20230208",12.3,28.25,TRUE
1627783,"Pascal Siakam","1610612761","Toronto Raptors",2023,"0022200826","20230208",-4.7,20.95,TRUE
1627783,"Pascal Siakam","1610612761","Toronto Raptors",2023,"0022200826","20230208",-1.3,19.55,TRUE
1627783,"Pascal Siakam","1610612761","Toronto Raptors",2023,"0022200826","20230208",-7.2,19.35,FALSE
1627783,"Pascal Siakam","1610612761","Toronto Raptors",2023,"0022200826","20230208",4.7,16.35,TRUE
1627783,"Pascal Siakam","1610612761","Toronto Raptors",2023,"0022200826","20230208",-12.6,5.35,FALSE
1627783,"Pascal Siakam","1610612761","Toronto Raptors",2023,"0022200826","20230208",14.1,7.45,TRUE
1627783,"Pascal Siakam","1610612761","Toronto Raptors",2023,"0022200826","20230208",1.1,6.75,FALSE
1627783,"Pascal Siakam","1610612761","Toronto Raptors",2023,"0022200826","20230208",2.6,21.65,TRUE
1627783,"Pascal Siakam","1610612761","Toronto Raptors",2023,"0022200839","20230210",-5.4,17.65,FALSE
1627783,"Pascal Siakam","1610612761","Toronto Raptors",2023,"0022200839","20230210",20.6,21.35,TRUE
1627783,"Pascal Siakam","1610612761","Toronto Raptors",2023,"0022200839","20230210",-2.9,31.25,TRUE
1627783,"Pascal Siakam","1610612761","Toronto Raptors",2023,"0022200839","20230210",-6.1,29.85,TRUE
1627783,"Pascal Siakam","1610612761","Toronto Raptors",2023,"0022200839","20230210",20,22.65,FALSE
1627783,"Pascal Siakam","1610612761","Toronto Raptors",2023,"0022200839","20230210",1.7,6.05,TRUE
1627783,"Pascal Siakam","1610612761","Toronto Raptors",2023,"0022200839","20230210",1.5,18.85,FALSE
1627783,"Pascal Siakam","1610612761","Toronto Raptors",2023,"0022200839","20230210",23.3,5.85,TRUE
1627783,"Pascal Siakam","1610612761","Toronto Raptors",2023,"0022200839","20230210",-14.2,7.95,FALSE
1627783,"Pascal Siakam","1610612761","Toronto Raptors",2023,"0022200839","20230210",-0.2,5.65,TRUE
1627783,"Pascal Siakam","1610612761","Toronto Raptors",2023,"0022200839","20230210",-1,11.95,FALSE
1627783,"Pascal Siakam","1610612761","Toronto Raptors",2023,"0022200839","20230210",4.2,11.65,TRUE
1627783,"Pascal Siakam","1610612761","Toronto Raptors",2023,"0022200839","20230210",-2.1,6.55,TRUE
1627783,"Pascal Siakam","1610612761","Toronto Raptors",2023,"0022200839","20230210",1.6,5.35,TRUE
1627783,"Pascal Siakam","1610612761","Toronto Raptors",2023,"0022200839","20230210",-6.9,30.95,TRUE
1627783,"Pascal Siakam","1610612761","Toronto Raptors",2023,"0022200839","20230210",-2.2,16.35,FALSE
1627783,"Pascal Siakam","1610612761","Toronto Raptors",2023,"0022200839","20230210",-2.6,7.25,FALSE
1627783,"Pascal Siakam","1610612761","Toronto Raptors",2023,"0022200839","20230210",1.5,16.35,FALSE
1627783,"Pascal Siakam","1610612761","Toronto Raptors",2023,"0022200839","20230210",5.9,24.85,TRUE
1627783,"Pascal Siakam","1610612761","Toronto Raptors",2023,"0022200839","20230210",-4.9,22.45,TRUE
1627783,"Pascal Siakam","1610612761","Toronto Raptors",2023,"0022200839","20230210",-22.3,5.85,FALSE
1627783,"Pascal Siakam","1610612761","Toronto Raptors",2023,"0022200856","20230212",-4.5,10.35,FALSE
1627783,"Pascal Siakam","1610612761","Toronto Raptors",2023,"0022200856","20230212",0.9,9.95,FALSE
1627783,"Pascal Siakam","1610612761","Toronto Raptors",2023,"0022200856","20230212",-6.7,30.45,FALSE
1627783,"Pascal Siakam","1610612761","Toronto Raptors",2023,"0022200856","20230212",-5,15.55,TRUE
1627783,"Pascal Siakam","1610612761","Toronto Raptors",2023,"0022200856","20230212",-15.4,6.75,FALSE
1627783,"Pascal Siakam","1610612761","Toronto Raptors",2023,"0022200856","20230212",0.1,7.15,TRUE
1627783,"Pascal Siakam","1610612761","Toronto Raptors",2023,"0022200856","20230212",-1,21.95,FALSE
1627783,"Pascal Siakam","1610612761","Toronto Raptors",2023,"0022200856","20230212",-0.1,19.45,FALSE
1627783,"Pascal Siakam","1610612761","Toronto Raptors",2023,"0022200856","20230212",6.4,30.75,FALSE
1627783,"Pascal Siakam","1610612761","Toronto Raptors",2023,"0022200856","20230212",0.7,12.05,TRUE
1627783,"Pascal Siakam","1610612761","Toronto Raptors",2023,"0022200856","20230212",11.3,10.25,FALSE
1627783,"Pascal Siakam","1610612761","Toronto Raptors",2023,"0022200856","20230212",-13.6,26.95,TRUE
1627783,"Pascal Siakam","1610612761","Toronto Raptors",2023,"0022200856","20230212",1.5,24.05,FALSE
1627783,"Pascal Siakam","1610612761","Toronto Raptors",2023,"0022200856","20230212",0.1,7.05,TRUE
1627783,"Pascal Siakam","1610612761","Toronto Raptors",2023,"0022200856","20230212",-3.4,13.15,TRUE
1627783,"Pascal Siakam","1610612761","Toronto Raptors",2023,"0022200856","20230212",1.1,15.35,TRUE
1627783,"Pascal Siakam","1610612761","Toronto Raptors",2023,"0022200856","20230212",-0.1,24.75,TRUE
1627783,"Pascal Siakam","1610612761","Toronto Raptors",2023,"0022200856","20230212",12.5,9.45,TRUE
1627783,"Pascal Siakam","1610612761","Toronto Raptors",2023,"0022200856","20230212",1,18.25,TRUE
1627783,"Pascal Siakam","1610612761","Toronto Raptors",2023,"0022200868","20230214",23.5,4.65,TRUE
1627783,"Pascal Siakam","1610612761","Toronto Raptors",2023,"0022200868","20230214",2,20.15,TRUE
1627783,"Pascal Siakam","1610612761","Toronto Raptors",2023,"0022200868","20230214",0.2,6.05,TRUE
1627783,"Pascal Siakam","1610612761","Toronto Raptors",2023,"0022200868","20230214",0.4,23.25,TRUE
1627783,"Pascal Siakam","1610612761","Toronto Raptors",2023,"0022200868","20230214",4.9,15.25,TRUE
1627783,"Pascal Siakam","1610612761","Toronto Raptors",2023,"0022200868","20230214",5.8,17.35,FALSE
1627783,"Pascal Siakam","1610612761","Toronto Raptors",2023,"0022200868","20230214",-9.8,28.35,FALSE
1627783,"Pascal Siakam","1610612761","Toronto Raptors",2023,"0022200868","20230214",-14.3,10.75,TRUE
1627783,"Pascal Siakam","1610612761","Toronto Raptors",2023,"0022200868","20230214",-10.4,12.35,FALSE
1627783,"Pascal Siakam","1610612761","Toronto Raptors",2023,"0022200868","20230214",8.9,28.95,TRUE
1627783,"Pascal Siakam","1610612761","Toronto Raptors",2023,"0022200868","20230214",-12.3,15.75,FALSE
1627783,"Pascal Siakam","1610612761","Toronto Raptors",2023,"0022200868","20230214",-1.2,6.95,TRUE
1627783,"Pascal Siakam","1610612761","Toronto Raptors",2023,"0022200868","20230214",-3.9,25.15,TRUE
1627783,"Pascal Siakam","1610612761","Toronto Raptors",2023,"0022200868","20230214",5.8,25.65,TRUE
1627783,"Pascal Siakam","1610612761","Toronto Raptors",2023,"0022200868","20230214",-21,18.95,FALSE
1627783,"Pascal Siakam","1610612761","Toronto Raptors",2023,"0022200890","20230223",-0.7,18.95,TRUE
1627783,"Pascal Siakam","1610612761","Toronto Raptors",2023,"0022200890","20230223",-3.7,12.05,FALSE
1627783,"Pascal Siakam","1610612761","Toronto Raptors",2023,"0022200890","20230223",-11.3,27.85,FALSE
1627783,"Pascal Siakam","1610612761","Toronto Raptors",2023,"0022200890","20230223",0.5,5.75,TRUE
1627783,"Pascal Siakam","1610612761","Toronto Raptors",2023,"0022200890","20230223",23.2,7.75,FALSE
1627783,"Pascal Siakam","1610612761","Toronto Raptors",2023,"0022200890","20230223",0.7,9.55,FALSE
1627783,"Pascal Siakam","1610612761","Toronto Raptors",2023,"0022200890","20230223",-9.3,24.95,TRUE
1627783,"Pascal Siakam","1610612761","Toronto Raptors",2023,"0022200890","20230223",7.6,29.25,FALSE
1627783,"Pascal Siakam","1610612761","Toronto Raptors",2023,"0022200890","20230223",-4.4,21.95,FALSE
1627783,"Pascal Siakam","1610612761","Toronto Raptors",2023,"0022200890","20230223",3.3,5.95,TRUE
1627783,"Pascal Siakam","1610612761","Toronto Raptors",2023,"0022200890","20230223",0,8.45,TRUE
1627783,"Pascal Siakam","1610612761","Toronto Raptors",2023,"0022200890","20230223",-8.3,29.05,TRUE
1627783,"Pascal Siakam","1610612761","Toronto Raptors",2023,"0022200890","20230223",-3.7,17.05,TRUE
1627783,"Pascal Siakam","1610612761","Toronto Raptors",2023,"0022200890","20230223",0.4,20.95,TRUE
1627783,"Pascal Siakam","1610612761","Toronto Raptors",2023,"0022200890","20230223",0.5,6.45,TRUE
1627783,"Pascal Siakam","1610612761","Toronto Raptors",2023,"0022200890","20230223",2.1,18.35,FALSE
1627783,"Pascal Siakam","1610612761","Toronto Raptors",2023,"0022200890","20230223",-3.7,9.45,FALSE
1627783,"Pascal Siakam","1610612761","Toronto Raptors",2023,"0022200890","20230223",19.7,21.75,FALSE
1627783,"Pascal Siakam","1610612761","Toronto Raptors",2023,"0022200890","20230223",-12,9.95,FALSE
1627783,"Pascal Siakam","1610612761","Toronto Raptors",2023,"0022200890","20230223",-1.3,14.35,FALSE
1627783,"Pascal Siakam","1610612761","Toronto Raptors",2023,"0022200890","20230223",-8.5,8.85,FALSE
1627783,"Pascal Siakam","1610612761","Toronto Raptors",2023,"0022200903","20230225",-2.3,16.55,FALSE
1627783,"Pascal Siakam","1610612761","Toronto Raptors",2023,"0022200903","20230225",-1.2,7.75,TRUE
1627783,"Pascal Siakam","1610612761","Toronto Raptors",2023,"0022200903","20230225",11.5,7.95,FALSE
1627783,"Pascal Siakam","1610612761","Toronto Raptors",2023,"0022200903","20230225",2.8,6.05,TRUE
1627783,"Pascal Siakam","1610612761","Toronto Raptors",2023,"0022200903","20230225",-8.3,12.55,FALSE
1627783,"Pascal Siakam","1610612761","Toronto Raptors",2023,"0022200903","20230225",-0.9,8.65,TRUE
1627783,"Pascal Siakam","1610612761","Toronto Raptors",2023,"0022200903","20230225",-1.5,8.45,TRUE
1627783,"Pascal Siakam","1610612761","Toronto Raptors",2023,"0022200903","20230225",5.5,32.65,TRUE
1627783,"Pascal Siakam","1610612761","Toronto Raptors",2023,"0022200903","20230225",2.3,23.45,TRUE
1627783,"Pascal Siakam","1610612761","Toronto Raptors",2023,"0022200903","20230225",0.6,31.85,FALSE
1627783,"Pascal Siakam","1610612761","Toronto Raptors",2023,"0022200903","20230225",1.7,9.35,FALSE
1627783,"Pascal Siakam","1610612761","Toronto Raptors",2023,"0022200903","20230225",7.4,8.05,FALSE
1627783,"Pascal Siakam","1610612761","Toronto Raptors",2023,"0022200903","20230225",-6.5,8.15,FALSE
1627783,"Pascal Siakam","1610612761","Toronto Raptors",2023,"0022200903","20230225",-0.5,7.55,FALSE
1627783,"Pascal Siakam","1610612761","Toronto Raptors",2023,"0022200903","20230225",-1.5,9.85,TRUE
1627783,"Pascal Siakam","1610612761","Toronto Raptors",2023,"0022200903","20230225",-2.3,26.25,FALSE
1627783,"Pascal Siakam","1610612761","Toronto Raptors",2023,"0022200903","20230225",-0.4,7.35,TRUE
1627783,"Pascal Siakam","1610612761","Toronto Raptors",2023,"0022200903","20230225",0.2,7.55,TRUE
1627783,"Pascal Siakam","1610612761","Toronto Raptors",2023,"0022200903","20230225",-4.7,24.85,FALSE
1627783,"Pascal Siakam","1610612761","Toronto Raptors",2023,"0022200914","20230226",-5.5,23.25,TRUE
1627783,"Pascal Siakam","1610612761","Toronto Raptors",2023,"0022200914","20230226",-19.4,20.85,TRUE
1627783,"Pascal Siakam","1610612761","Toronto Raptors",2023,"0022200914","20230226",-1.2,26.75,FALSE
1627783,"Pascal Siakam","1610612761","Toronto Raptors",2023,"0022200914","20230226",-13.5,24.95,FALSE
1627783,"Pascal Siakam","1610612761","Toronto Raptors",2023,"0022200914","20230226",15.8,25.05,TRUE
1627783,"Pascal Siakam","1610612761","Toronto Raptors",2023,"0022200914","20230226",12.7,27.15,FALSE
1627783,"Pascal Siakam","1610612761","Toronto Raptors",2023,"0022200914","20230226",-6.4,15.05,TRUE
1627783,"Pascal Siakam","1610612761","Toronto Raptors",2023,"0022200914","20230226",0,6.95,FALSE
1627783,"Pascal Siakam","1610612761","Toronto Raptors",2023,"0022200914","20230226",1.1,6.85,FALSE
1627783,"Pascal Siakam","1610612761","Toronto Raptors",2023,"0022200914","20230226",0,5.25,TRUE
1627783,"Pascal Siakam","1610612761","Toronto Raptors",2023,"0022200914","20230226",-6.5,17.95,FALSE
1627783,"Pascal Siakam","1610612761","Toronto Raptors",2023,"0022200914","20230226",-5.4,10.85,FALSE
1627783,"Pascal Siakam","1610612761","Toronto Raptors",2023,"0022200914","20230226",1.6,31.05,FALSE
1627783,"Pascal Siakam","1610612761","Toronto Raptors",2023,"0022200914","20230226",-3.3,9.35,FALSE
1627783,"Pascal Siakam","1610612761","Toronto Raptors",2023,"0022200914","20230226",-0.4,5.85,TRUE
1627783,"Pascal Siakam","1610612761","Toronto Raptors",2023,"0022200914","20230226",5.8,24.65,FALSE
1627783,"Pascal Siakam","1610612761","Toronto Raptors",2023,"0022200914","20230226",10.2,28.95,TRUE
1627783,"Pascal Siakam","1610612761","Toronto Raptors",2023,"0022200914","20230226",-1,6.45,TRUE
1627783,"Pascal Siakam","1610612761","Toronto Raptors",2023,"0022200914","20230226",23.2,8.55,TRUE
1627783,"Pascal Siakam","1610612761","Toronto Raptors",2023,"0022200914","20230226",13.2,21.45,FALSE
1627783,"Pascal Siakam","1610612761","Toronto Raptors",2023,"0022200914","20230226",-0.1,5.95,FALSE
1627783,"Pascal Siakam","1610612761","Toronto Raptors",2023,"0022200914","20230226",-3.6,17.25,FALSE
1627783,"Pascal Siakam","1610612761","Toronto Raptors",2023,"0022200914","20230226",11.4,12.05,FALSE
1627783,"Pascal Siakam","1610612761","Toronto Raptors",2023,"0022200914","20230226",-13.6,10.45,TRUE
1627783,"Pascal Siakam","1610612761","Toronto Raptors",2023,"0022200925","20230228",11,9.55,TRUE
1627783,"Pascal Siakam","1610612761","Toronto Raptors",2023,"0022200925","20230228",23.4,5.85,FALSE
1627783,"Pascal Siakam","1610612761","Toronto Raptors",2023,"0022200925","20230228",-13.2,27.35,FALSE
1627783,"Pascal Siakam","1610612761","Toronto Raptors",2023,"0022200925","20230228",-4.8,9.35,TRUE
1627783,"Pascal Siakam","1610612761","Toronto Raptors",2023,"0022200925","20230228",0.6,9.75,TRUE
1627783,"Pascal Siakam","1610612761","Toronto Raptors",2023,"0022200925","20230228",6.2,32.15,FALSE
1627783,"Pascal Siakam","1610612761","Toronto Raptors",2023,"0022200925","20230228",-3.9,16.95,FALSE
1627783,"Pascal Siakam","1610612761","Toronto Raptors",2023,"0022200925","20230228",-1,5.65,TRUE
1627783,"Pascal Siakam","1610612761","Toronto Raptors",2023,"0022200925","20230228",-2.6,30.45,FALSE
1627783,"Pascal Siakam","1610612761","Toronto Raptors",2023,"0022200925","20230228",9.6,29.65,TRUE
1627783,"Pascal Siakam","1610612761","Toronto Raptors",2023,"0022200925","20230228",1.2,8.55,FALSE
1627783,"Pascal Siakam","1610612761","Toronto Raptors",2023,"0022200925","20230228",5.6,10.45,FALSE
1627783,"Pascal Siakam","1610612761","Toronto Raptors",2023,"0022200925","20230228",0.1,5.35,TRUE
1627783,"Pascal Siakam","1610612761","Toronto Raptors",2023,"0022200925","20230228",-2,11.45,FALSE
1627783,"Pascal Siakam","1610612761","Toronto Raptors",2023,"0022200925","20230228",2.5,6.05,FALSE
1627783,"Pascal Siakam","1610612761","Toronto Raptors",2023,"0022200925","20230228",0,5.25,TRUE
1627783,"Pascal Siakam","1610612761","Toronto Raptors",2023,"0022200925","20230228",-11.9,19.35,FALSE
1627783,"Pascal Siakam","1610612761","Toronto Raptors",2023,"0022200925","20230228",12.9,20.95,FALSE
1627783,"Pascal Siakam","1610612761","Toronto Raptors",2023,"0022200942","20230302",-3.7,7.85,FALSE
1627783,"Pascal Siakam","1610612761","Toronto Raptors",2023,"0022200942","20230302",-7.8,30.05,TRUE
1627783,"Pascal Siakam","1610612761","Toronto Raptors",2023,"0022200942","20230302",7,23.05,FALSE
1627783,"Pascal Siakam","1610612761","Toronto Raptors",2023,"0022200942","20230302",-2.2,7.65,TRUE
1627783,"Pascal Siakam","1610612761","Toronto Raptors",2023,"0022200942","20230302",-11.9,14.45,FALSE
1627783,"Pascal Siakam","1610612761","Toronto Raptors",2023,"0022200942","20230302",-2.8,6.95,TRUE
1627783,"Pascal Siakam","1610612761","Toronto Raptors",2023,"0022200942","20230302",7.2,22.45,TRUE
1627783,"Pascal Siakam","1610612761","Toronto Raptors",2023,"0022200942","20230302",5.3,22.45,TRUE
1627783,"Pascal Siakam","1610612761","Toronto Raptors",2023,"0022200942","20230302",-5.3,13.75,TRUE
1627783,"Pascal Siakam","1610612761","Toronto Raptors",2023,"0022200942","20230302",2.7,20.05,FALSE
1627783,"Pascal Siakam","1610612761","Toronto Raptors",2023,"0022200942","20230302",15.9,26.25,FALSE
1627783,"Pascal Siakam","1610612761","Toronto Raptors",2023,"0022200942","20230302",-17.5,25.95,FALSE
1627783,"Pascal Siakam","1610612761","Toronto Raptors",2023,"0022200942","20230302",6.9,16.15,FALSE
1627783,"Pascal Siakam","1610612761","Toronto Raptors",2023,"0022200942","20230302",-2.7,8.65,FALSE
1627783,"Pascal Siakam","1610612761","Toronto Raptors",2023,"0022200942","20230302",23,4.45,FALSE
1627783,"Pascal Siakam","1610612761","Toronto Raptors",2023,"0022200942","20230302",-15.7,28.45,FALSE
1627783,"Pascal Siakam","1610612761","Toronto Raptors",2023,"0022200956","20230304",-2.3,11.85,FALSE
1627783,"Pascal Siakam","1610612761","Toronto Raptors",2023,"0022200956","20230304",0,5.25,TRUE
1627783,"Pascal Siakam","1610612761","Toronto Raptors",2023,"0022200956","20230304",0,8.25,TRUE
1627783,"Pascal Siakam","1610612761","Toronto Raptors",2023,"0022200956","20230304",8.2,15.25,TRUE
1627783,"Pascal Siakam","1610612761","Toronto Raptors",2023,"0022200956","20230304",-5,21.55,FALSE
1627783,"Pascal Siakam","1610612761","Toronto Raptors",2023,"0022200956","20230304",3.1,32.05,FALSE
1627783,"Pascal Siakam","1610612761","Toronto Raptors",2023,"0022200956","20230304",-8.6,6.85,TRUE
1627783,"Pascal Siakam","1610612761","Toronto Raptors",2023,"0022200956","20230304",-4.7,6.45,FALSE
1627783,"Pascal Siakam","1610612761","Toronto Raptors",2023,"0022200956","20230304",-19.6,5.45,FALSE
1627783,"Pascal Siakam","1610612761","Toronto Raptors",2023,"0022200956","20230304",-1.1,7.05,TRUE
1627783,"Pascal Siakam","1610612761","Toronto Raptors",2023,"0022200975","20230306",14.3,13.75,TRUE
1627783,"Pascal Siakam","1610612761","Toronto Raptors",2023,"0022200975","20230306",0.4,8.35,FALSE
1627783,"Pascal Siakam","1610612761","Toronto Raptors",2023,"0022200975","20230306",14.3,7.95,TRUE
1627783,"Pascal Siakam","1610612761","Toronto Raptors",2023,"0022200975","20230306",-5.1,7.95,FALSE
1627783,"Pascal Siakam","1610612761","Toronto Raptors",2023,"0022200975","20230306",4.9,19.45,TRUE
1627783,"Pascal Siakam","1610612761","Toronto Raptors",2023,"0022200975","20230306",3.6,10.25,FALSE
1627783,"Pascal Siakam","1610612761","Toronto Raptors",2023,"0022200975","20230306",-7,9.05,FALSE
1627783,"Pascal Siakam","1610612761","Toronto Raptors",2023,"0022200975","20230306",-14.6,26.55,FALSE
1627783,"Pascal Siakam","1610612761","Toronto Raptors",2023,"0022200975","20230306",-2.5,7.45,TRUE
1627783,"Pascal Siakam","1610612761","Toronto Raptors",2023,"0022200975","20230306",1.1,24.05,FALSE
1627783,"Pascal Siakam","1610612761","Toronto Raptors",2023,"0022200975","20230306",22.8,7.85,TRUE
1627783,"Pascal Siakam","1610612761","Toronto Raptors",2023,"0022200975","20230306",7.6,19.35,FALSE
1627783,"Pascal Siakam","1610612761","Toronto Raptors",2023,"0022200975","20230306",0.9,5.65,TRUE
1627783,"Pascal Siakam","1610612761","Toronto Raptors",2023,"0022200975","20230306",-3.7,7.25,FALSE
1627783,"Pascal Siakam","1610612761","Toronto Raptors",2023,"0022200975","20230306",-3.6,6.85,FALSE
1627783,"Pascal Siakam","1610612761","Toronto Raptors",2023,"0022200975","20230306",-2.3,9.95,TRUE
1627783,"Pascal Siakam","1610612761","Toronto Raptors",2023,"0022200975","20230306",-14.3,18.35,TRUE
1627783,"Pascal Siakam","1610612761","Toronto Raptors",2023,"0022200975","20230306",-11.9,7.05,FALSE
1627783,"Pascal Siakam","1610612761","Toronto Raptors",2023,"0022200991","20230308",0,5.45,TRUE
1627783,"Pascal Siakam","1610612761","Toronto Raptors",2023,"0022200991","20230308",-11,16.85,FALSE
1627783,"Pascal Siakam","1610612761","Toronto Raptors",2023,"0022200991","20230308",0.5,11.15,TRUE
1627783,"Pascal Siakam","1610612761","Toronto Raptors",2023,"0022200991","20230308",0,5.25,FALSE
1627783,"Pascal Siakam","1610612761","Toronto Raptors",2023,"0022200991","20230308",-3.9,17.05,FALSE
1627783,"Pascal Siakam","1610612761","Toronto Raptors",2023,"0022200991","20230308",5.4,13.55,FALSE
1627783,"Pascal Siakam","1610612761","Toronto Raptors",2023,"0022200991","20230308",-2,14.05,FALSE
1627783,"Pascal Siakam","1610612761","Toronto Raptors",2023,"0022200991","20230308",2.9,7.25,TRUE
1627783,"Pascal Siakam","1610612761","Toronto Raptors",2023,"0022200991","20230308",20.8,21.25,TRUE
1627783,"Pascal Siakam","1610612761","Toronto Raptors",2023,"0022200991","20230308",-6.1,14.25,TRUE
1627783,"Pascal Siakam","1610612761","Toronto Raptors",2023,"0022200991","20230308",-2.9,9.25,FALSE
1627783,"Pascal Siakam","1610612761","Toronto Raptors",2023,"0022200991","20230308",-1,15.15,TRUE
1627783,"Pascal Siakam","1610612761","Toronto Raptors",2023,"0022200991","20230308",-3.1,8.95,TRUE
1627783,"Pascal Siakam","1610612761","Toronto Raptors",2023,"0022200991","20230308",13,29.55,FALSE
1627783,"Pascal Siakam","1610612761","Toronto Raptors",2023,"0022200991","20230308",2.1,14.25,TRUE
1627783,"Pascal Siakam","1610612761","Toronto Raptors",2023,"0022200991","20230308",-0.4,15.05,FALSE
1627783,"Pascal Siakam","1610612761","Toronto Raptors",2023,"0022200991","20230308",1.5,10.25,FALSE
1627783,"Pascal Siakam","1610612761","Toronto Raptors",2023,"0022200991","20230308",-1.2,7.75,TRUE
1627783,"Pascal Siakam","1610612761","Toronto Raptors",2023,"0022200991","20230308",-4.2,12.75,FALSE
1627783,"Pascal Siakam","1610612761","Toronto Raptors",2023,"0022200991","20230308",0,5.25,FALSE
1627783,"Pascal Siakam","1610612761","Toronto Raptors",2023,"0022200991","20230308",15.7,27.15,FALSE
1627783,"Pascal Siakam","1610612761","Toronto Raptors",2023,"0022201003","20230310",0.2,12.35,FALSE
1627783,"Pascal Siakam","1610612761","Toronto Raptors",2023,"0022201003","20230310",22.2,9.15,TRUE
1627783,"Pascal Siakam","1610612761","Toronto Raptors",2023,"0022201003","20230310",19.4,20.65,FALSE
1627783,"Pascal Siakam","1610612761","Toronto Raptors",2023,"0022201003","20230310",0.4,9.05,TRUE
1627783,"Pascal Siakam","1610612761","Toronto Raptors",2023,"0022201003","20230310",-2.3,29.65,TRUE
1627783,"Pascal Siakam","1610612761","Toronto Raptors",2023,"0022201003","20230310",2.3,9.65,TRUE
1627783,"Pascal Siakam","1610612761","Toronto Raptors",2023,"0022201003","20230310",11.6,27.95,FALSE
1627783,"Pascal Siakam","1610612761","Toronto Raptors",2023,"0022201003","20230310",-7,29.85,FALSE
1627783,"Pascal Siakam","1610612761","Toronto Raptors",2023,"0022201003","20230310",0.6,6.35,TRUE
1627783,"Pascal Siakam","1610612761","Toronto Raptors",2023,"0022201003","20230310",2.8,6.35,FALSE
1627783,"Pascal Siakam","1610612761","Toronto Raptors",2023,"0022201003","20230310",3.3,8.95,FALSE
1627783,"Pascal Siakam","1610612761","Toronto Raptors",2023,"0022201003","20230310",1.1,8.95,FALSE
1627783,"Pascal Siakam","1610612761","Toronto Raptors",2023,"0022201003","20230310",-3.8,8.65,FALSE
1627783,"Pascal Siakam","1610612761","Toronto Raptors",2023,"0022201029","20230314",5.8,17.05,FALSE
1627783,"Pascal Siakam","1610612761","Toronto Raptors",2023,"0022201029","20230314",-2.6,6.75,FALSE
1627783,"Pascal Siakam","1610612761","Toronto Raptors",2023,"0022201029","20230314",2.3,11.75,FALSE
1627783,"Pascal Siakam","1610612761","Toronto Raptors",2023,"0022201029","20230314",-3.3,10.65,TRUE
1627783,"Pascal Siakam","1610612761","Toronto Raptors",2023,"0022201029","20230314",14.1,29.85,FALSE
1627783,"Pascal Siakam","1610612761","Toronto Raptors",2023,"0022201029","20230314",3.3,6.05,FALSE
1627783,"Pascal Siakam","1610612761","Toronto Raptors",2023,"0022201029","20230314",-23,14.65,FALSE
1627783,"Pascal Siakam","1610612761","Toronto Raptors",2023,"0022201029","20230314",-20.2,20.65,FALSE
1627783,"Pascal Siakam","1610612761","Toronto Raptors",2023,"0022201029","20230314",0.9,18.45,TRUE
1627783,"Pascal Siakam","1610612761","Toronto Raptors",2023,"0022201029","20230314",-2.7,7.65,TRUE
1627783,"Pascal Siakam","1610612761","Toronto Raptors",2023,"0022201029","20230314",-2.8,7.35,TRUE
1627783,"Pascal Siakam","1610612761","Toronto Raptors",2023,"0022201029","20230314",-10.7,23.05,FALSE
1627783,"Pascal Siakam","1610612761","Toronto Raptors",2023,"0022201029","20230314",-5.5,16.85,FALSE
1627783,"Pascal Siakam","1610612761","Toronto Raptors",2023,"0022201029","20230314",-11.4,18.35,FALSE
1627783,"Pascal Siakam","1610612761","Toronto Raptors",2023,"0022201029","20230314",4,12.35,TRUE
1627783,"Pascal Siakam","1610612761","Toronto Raptors",2023,"0022201029","20230314",-2.2,10.05,TRUE
1627783,"Pascal Siakam","1610612761","Toronto Raptors",2023,"0022201044","20230316",2,14.25,FALSE
1627783,"Pascal Siakam","1610612761","Toronto Raptors",2023,"0022201044","20230316",0.5,7.55,FALSE
1627783,"Pascal Siakam","1610612761","Toronto Raptors",2023,"0022201044","20230316",0,5.25,FALSE
1627783,"Pascal Siakam","1610612761","Toronto Raptors",2023,"0022201044","20230316",22.9,4.95,TRUE
1627783,"Pascal Siakam","1610612761","Toronto Raptors",2023,"0022201044","20230316",-1.6,6.05,TRUE
1627783,"Pascal Siakam","1610612761","Toronto Raptors",2023,"0022201044","20230316",16.8,24.35,FALSE
1627783,"Pascal Siakam","1610612761","Toronto Raptors",2023,"0022201044","20230316",-10.9,20.55,TRUE
1627783,"Pascal Siakam","1610612761","Toronto Raptors",2023,"0022201044","20230316",-1.1,5.95,TRUE
1627783,"Pascal Siakam","1610612761","Toronto Raptors",2023,"0022201044","20230316",4.8,17.95,FALSE
1627783,"Pascal Siakam","1610612761","Toronto Raptors",2023,"0022201044","20230316",-0.5,30.55,TRUE
1627783,"Pascal Siakam","1610612761","Toronto Raptors",2023,"0022201044","20230316",-3.9,8.65,FALSE
1627783,"Pascal Siakam","1610612761","Toronto Raptors",2023,"0022201044","20230316",-1.7,6.55,TRUE
1627783,"Pascal Siakam","1610612761","Toronto Raptors",2023,"0022201044","20230316",-2.1,8.75,FALSE
1627783,"Pascal Siakam","1610612761","Toronto Raptors",2023,"0022201044","20230316",-2,7.65,TRUE
1627783,"Pascal Siakam","1610612761","Toronto Raptors",2023,"0022201044","20230316",6.9,21.65,FALSE
1627783,"Pascal Siakam","1610612761","Toronto Raptors",2023,"0022201044","20230316",-9.4,28.65,FALSE
1627783,"Pascal Siakam","1610612761","Toronto Raptors",2023,"0022201044","20230316",-2.2,21.55,TRUE
1627783,"Pascal Siakam","1610612761","Toronto Raptors",2023,"0022201044","20230316",12.9,28.25,TRUE
1627783,"Pascal Siakam","1610612761","Toronto Raptors",2023,"0022201044","20230316",-6,20.45,FALSE
1627783,"Pascal Siakam","1610612761","Toronto Raptors",2023,"0022201058","20230318",-2,14.95,FALSE
1627783,"Pascal Siakam","1610612761","Toronto Raptors",2023,"0022201058","20230318",5.5,8.35,TRUE
1627783,"Pascal Siakam","1610612761","Toronto Raptors",2023,"0022201058","20230318",-10.9,27.95,FALSE
1627783,"Pascal Siakam","1610612761","Toronto Raptors",2023,"0022201058","20230318",8.2,22.05,FALSE
1627783,"Pascal Siakam","1610612761","Toronto Raptors",2023,"0022201058","20230318",22.4,7.35,FALSE
1627783,"Pascal Siakam","1610612761","Toronto Raptors",2023,"0022201058","20230318",1.1,7.25,TRUE
1627783,"Pascal Siakam","1610612761","Toronto Raptors",2023,"0022201058","20230318",-1.6,8.65,TRUE
1627783,"Pascal Siakam","1610612761","Toronto Raptors",2023,"0022201058","20230318",5.1,11.55,FALSE
1627783,"Pascal Siakam","1610612761","Toronto Raptors",2023,"0022201058","20230318",0,5.25,FALSE
1627783,"Pascal Siakam","1610612761","Toronto Raptors",2023,"0022201058","20230318",0,5.25,FALSE
1627783,"Pascal Siakam","1610612761","Toronto Raptors",2023,"0022201058","20230318",14.2,27.35,TRUE
1627783,"Pascal Siakam","1610612761","Toronto Raptors",2023,"0022201058","20230318",0.9,10.25,TRUE
1627783,"Pascal Siakam","1610612761","Toronto Raptors",2023,"0022201058","20230318",7,11.55,FALSE
1627783,"Pascal Siakam","1610612761","Toronto Raptors",2023,"0022201058","20230318",-11.2,28.75,FALSE
1627783,"Pascal Siakam","1610612761","Toronto Raptors",2023,"0022201058","20230318",-10.4,27.65,FALSE
1627783,"Pascal Siakam","1610612761","Toronto Raptors",2023,"0022201058","20230318",-2,7.65,TRUE
1627783,"Pascal Siakam","1610612761","Toronto Raptors",2023,"0022201058","20230318",-2,9.55,TRUE
1627783,"Pascal Siakam","1610612761","Toronto Raptors",2023,"0022201058","20230318",-2.6,15.15,TRUE
1627783,"Pascal Siakam","1610612761","Toronto Raptors",2023,"0022201058","20230318",1.3,7.75,TRUE
1627783,"Pascal Siakam","1610612761","Toronto Raptors",2023,"0022201058","20230318",-7.8,17.75,TRUE
1627783,"Pascal Siakam","1610612761","Toronto Raptors",2023,"0022201058","20230318",2.2,31.45,FALSE
1627783,"Pascal Siakam","1610612761","Toronto Raptors",2023,"0022201058","20230318",1.1,8.15,TRUE
1627783,"Pascal Siakam","1610612761","Toronto Raptors",2023,"0022201068","20230319",1.1,9.05,TRUE
1627783,"Pascal Siakam","1610612761","Toronto Raptors",2023,"0022201068","20230319",-8.2,32.65,FALSE
1627783,"Pascal Siakam","1610612761","Toronto Raptors",2023,"0022201068","20230319",4.3,9.55,FALSE
1627783,"Pascal Siakam","1610612761","Toronto Raptors",2023,"0022201068","20230319",0.6,8.65,TRUE
1627783,"Pascal Siakam","1610612761","Toronto Raptors",2023,"0022201068","20230319",8.9,13.55,TRUE
1627783,"Pascal Siakam","1610612761","Toronto Raptors",2023,"0022201068","20230319",5.8,9.95,FALSE
1627783,"Pascal Siakam","1610612761","Toronto Raptors",2023,"0022201068","20230319",-16.5,28.35,TRUE
1627783,"Pascal Siakam","1610612761","Toronto Raptors",2023,"0022201068","20230319",3.9,31.45,FALSE
1627783,"Pascal Siakam","1610612761","Toronto Raptors",2023,"0022201068","20230319",-7.1,32.65,FALSE
1627783,"Pascal Siakam","1610612761","Toronto Raptors",2023,"0022201068","20230319",-3.2,10.65,FALSE
1627783,"Pascal Siakam","1610612761","Toronto Raptors",2023,"0022201068","20230319",-7.2,31.55,FALSE
1627783,"Pascal Siakam","1610612761","Toronto Raptors",2023,"0022201068","20230319",-1.2,14.45,FALSE
1627783,"Pascal Siakam","1610612761","Toronto Raptors",2023,"0022201068","20230319",-2,10.05,TRUE
1627783,"Pascal Siakam","1610612761","Toronto Raptors",2023,"0022201068","20230319",-9.2,17.25,FALSE
1627783,"Pascal Siakam","1610612761","Toronto Raptors",2023,"0022201085","20230322",2,6.85,FALSE
1627783,"Pascal Siakam","1610612761","Toronto Raptors",2023,"0022201085","20230322",11.4,19.15,TRUE
1627783,"Pascal Siakam","1610612761","Toronto Raptors",2023,"0022201085","20230322",2.1,6.35,FALSE
1627783,"Pascal Siakam","1610612761","Toronto Raptors",2023,"0022201085","20230322",2.1,12.75,TRUE
1627783,"Pascal Siakam","1610612761","Toronto Raptors",2023,"0022201085","20230322",1,13.55,FALSE
1627783,"Pascal Siakam","1610612761","Toronto Raptors",2023,"0022201085","20230322",2.7,14.15,TRUE
1627783,"Pascal Siakam","1610612761","Toronto Raptors",2023,"0022201085","20230322",21.9,18.45,FALSE
1627783,"Pascal Siakam","1610612761","Toronto Raptors",2023,"0022201085","20230322",-0.1,12.95,TRUE
1627783,"Pascal Siakam","1610612761","Toronto Raptors",2023,"0022201085","20230322",-16.9,16.35,TRUE
1627783,"Pascal Siakam","1610612761","Toronto Raptors",2023,"0022201085","20230322",-9.7,23.55,TRUE
1627783,"Pascal Siakam","1610612761","Toronto Raptors",2023,"0022201085","20230322",-4.8,7.95,TRUE
1627783,"Pascal Siakam","1610612761","Toronto Raptors",2023,"0022201085","20230322",-0.1,9.55,TRUE
1627783,"Pascal Siakam","1610612761","Toronto Raptors",2023,"0022201085","20230322",-1.1,5.85,TRUE
1627783,"Pascal Siakam","1610612761","Toronto Raptors",2023,"0022201085","20230322",4,26.25,FALSE
1627783,"Pascal Siakam","1610612761","Toronto Raptors",2023,"0022201085","20230322",-7.8,8.85,TRUE
1627783,"Pascal Siakam","1610612761","Toronto Raptors",2023,"0022201085","20230322",10.5,28.95,FALSE
1627783,"Pascal Siakam","1610612761","Toronto Raptors",2023,"0022201085","20230322",-1.8,6.85,TRUE
1627783,"Pascal Siakam","1610612761","Toronto Raptors",2023,"0022201099","20230324",-17.9,23.05,TRUE
1627783,"Pascal Siakam","1610612761","Toronto Raptors",2023,"0022201099","20230324",-5.4,30.95,TRUE
1627783,"Pascal Siakam","1610612761","Toronto Raptors",2023,"0022201099","20230324",-1.8,6.75,FALSE
1627783,"Pascal Siakam","1610612761","Toronto Raptors",2023,"0022201099","20230324",-5,8.55,TRUE
1627783,"Pascal Siakam","1610612761","Toronto Raptors",2023,"0022201099","20230324",-1.3,10.05,TRUE
1627783,"Pascal Siakam","1610612761","Toronto Raptors",2023,"0022201099","20230324",-0.4,6.25,TRUE
1627783,"Pascal Siakam","1610612761","Toronto Raptors",2023,"0022201099","20230324",6.5,9.35,TRUE
1627783,"Pascal Siakam","1610612761","Toronto Raptors",2023,"0022201099","20230324",0.5,5.45,TRUE
1627783,"Pascal Siakam","1610612761","Toronto Raptors",2023,"0022201099","20230324",4.8,12.75,TRUE
1627783,"Pascal Siakam","1610612761","Toronto Raptors",2023,"0022201099","20230324",1.1,6.05,TRUE
1627783,"Pascal Siakam","1610612761","Toronto Raptors",2023,"0022201099","20230324",-5.1,30.65,FALSE
1627783,"Pascal Siakam","1610612761","Toronto Raptors",2023,"0022201099","20230324",-0.4,24.15,TRUE
1627783,"Pascal Siakam","1610612761","Toronto Raptors",2023,"0022201099","20230324",3.6,14.25,FALSE
1627783,"Pascal Siakam","1610612761","Toronto Raptors",2023,"0022201099","20230324",17.5,25.15,FALSE
1627783,"Pascal Siakam","1610612761","Toronto Raptors",2023,"0022201099","20230324",22.9,6.55,FALSE
1627783,"Pascal Siakam","1610612761","Toronto Raptors",2023,"0022201099","20230324",-22.8,16.35,FALSE
1627783,"Pascal Siakam","1610612761","Toronto Raptors",2023,"0022201099","20230324",-3.7,8.85,TRUE
1627783,"Pascal Siakam","1610612761","Toronto Raptors",2023,"0022201099","20230324",-2.7,11.55,TRUE
1627783,"Pascal Siakam","1610612761","Toronto Raptors",2023,"0022201099","20230324",-5.3,16.55,FALSE
1627783,"Pascal Siakam","1610612761","Toronto Raptors",2023,"0022201119","20230326",-23.5,13.65,FALSE
1627783,"Pascal Siakam","1610612761","Toronto Raptors",2023,"0022201119","20230326",-11.4,9.75,FALSE
1627783,"Pascal Siakam","1610612761","Toronto Raptors",2023,"0022201119","20230326",-3.2,7.25,FALSE
1627783,"Pascal Siakam","1610612761","Toronto Raptors",2023,"0022201119","20230326",4.7,12.05,FALSE
1627783,"Pascal Siakam","1610612761","Toronto Raptors",2023,"0022201119","20230326",-0.6,6.65,TRUE
1627783,"Pascal Siakam","1610612761","Toronto Raptors",2023,"0022201119","20230326",2.6,18.35,TRUE
1627783,"Pascal Siakam","1610612761","Toronto Raptors",2023,"0022201119","20230326",-3.8,14.65,FALSE
1627783,"Pascal Siakam","1610612761","Toronto Raptors",2023,"0022201119","20230326",-4.2,10.55,FALSE
1627783,"Pascal Siakam","1610612761","Toronto Raptors",2023,"0022201119","20230326",0,5.25,TRUE
1627783,"Pascal Siakam","1610612761","Toronto Raptors",2023,"0022201119","20230326",14,27.65,TRUE
1627783,"Pascal Siakam","1610612761","Toronto Raptors",2023,"0022201119","20230326",-2,11.55,FALSE
1627783,"Pascal Siakam","1610612761","Toronto Raptors",2023,"0022201119","20230326",11.6,18.05,FALSE
1627783,"Pascal Siakam","1610612761","Toronto Raptors",2023,"0022201119","20230326",-0.1,6.55,TRUE
1627783,"Pascal Siakam","1610612761","Toronto Raptors",2023,"0022201119","20230326",-2.2,14.05,TRUE
1627783,"Pascal Siakam","1610612761","Toronto Raptors",2023,"0022201119","20230326",-1.5,6.85,FALSE
1627783,"Pascal Siakam","1610612761","Toronto Raptors",2023,"0022201119","20230326",-7.8,24.75,TRUE
1627783,"Pascal Siakam","1610612761","Toronto Raptors",2023,"0022201119","20230326",-21.3,19.95,FALSE
1627783,"Pascal Siakam","1610612761","Toronto Raptors",2023,"0022201132","20230328",-8,29.85,FALSE
1627783,"Pascal Siakam","1610612761","Toronto Raptors",2023,"0022201132","20230328",0,10.65,FALSE
1627783,"Pascal Siakam","1610612761","Toronto Raptors",2023,"0022201132","20230328",-7.4,30.15,FALSE
1627783,"Pascal Siakam","1610612761","Toronto Raptors",2023,"0022201132","20230328",-0.1,12.15,TRUE
1627783,"Pascal Siakam","1610612761","Toronto Raptors",2023,"0022201132","20230328",-0.5,12.65,FALSE
1627783,"Pascal Siakam","1610612761","Toronto Raptors",2023,"0022201132","20230328",0,5.25,FALSE
1627783,"Pascal Siakam","1610612761","Toronto Raptors",2023,"0022201132","20230328",-1.7,9.95,FALSE
1627783,"Pascal Siakam","1610612761","Toronto Raptors",2023,"0022201132","20230328",0,5.25,TRUE
1627783,"Pascal Siakam","1610612761","Toronto Raptors",2023,"0022201132","20230328",-22.5,10.05,FALSE
1627783,"Pascal Siakam","1610612761","Toronto Raptors",2023,"0022201132","20230328",-9.4,22.45,TRUE
1627783,"Pascal Siakam","1610612761","Toronto Raptors",2023,"0022201132","20230328",-4,8.65,TRUE
1627783,"Pascal Siakam","1610612761","Toronto Raptors",2023,"0022201132","20230328",-6.6,30.05,FALSE
1627783,"Pascal Siakam","1610612761","Toronto Raptors",2023,"0022201132","20230328",-14,8.85,TRUE
1627783,"Pascal Siakam","1610612761","Toronto Raptors",2023,"0022201132","20230328",-4.4,7.25,TRUE
1627783,"Pascal Siakam","1610612761","Toronto Raptors",2023,"0022201132","20230328",-2.2,16.95,TRUE
1627783,"Pascal Siakam","1610612761","Toronto Raptors",2023,"0022201132","20230328",6.4,30.35,FALSE
1627783,"Pascal Siakam","1610612761","Toronto Raptors",2023,"0022201132","20230328",-3.1,12.95,TRUE
1627783,"Pascal Siakam","1610612761","Toronto Raptors",2023,"0022201132","20230328",1.7,10.05,TRUE
1627783,"Pascal Siakam","1610612761","Toronto Raptors",2023,"0022201132","20230328",2.5,24.05,TRUE
1627783,"Pascal Siakam","1610612761","Toronto Raptors",2023,"0022201132","20230328",-0.7,20.35,FALSE
1627783,"Pascal Siakam","1610612761","Toronto Raptors",2023,"0022201150","20230331",2.2,15.25,FALSE
1627783,"Pascal Siakam","1610612761","Toronto Raptors",2023,"0022201150","20230331",5.3,20.35,TRUE
1627783,"Pascal Siakam","1610612761","Toronto Raptors",2023,"0022201150","20230331",0.5,6.75,TRUE
1627783,"Pascal Siakam","1610612761","Toronto Raptors",2023,"0022201150","20230331",-4.8,17.85,FALSE
1627783,"Pascal Siakam","1610612761","Toronto Raptors",2023,"0022201150","20230331",-1.3,6.85,TRUE
1627783,"Pascal Siakam","1610612761","Toronto Raptors",2023,"0022201150","20230331",11.8,13.15,TRUE
1627783,"Pascal Siakam","1610612761","Toronto Raptors",2023,"0022201150","20230331",10.3,8.85,FALSE
1627783,"Pascal Siakam","1610612761","Toronto Raptors",2023,"0022201150","20230331",-22.9,7.55,FALSE
1627783,"Pascal Siakam","1610612761","Toronto Raptors",2023,"0022201150","20230331",-0.7,32.65,TRUE
1627783,"Pascal Siakam","1610612761","Toronto Raptors",2023,"0022201150","20230331",20.1,22.85,FALSE
1627783,"Pascal Siakam","1610612761","Toronto Raptors",2023,"0022201150","20230331",0.6,3.65,FALSE
1627783,"Pascal Siakam","1610612761","Toronto Raptors",2023,"0022201150","20230331",4.7,17.75,FALSE
1627783,"Pascal Siakam","1610612761","Toronto Raptors",2023,"0022201150","20230331",1.3,15.75,FALSE
1627783,"Pascal Siakam","1610612761","Toronto Raptors",2023,"0022201150","20230331",6.9,20.75,FALSE
1627783,"Pascal Siakam","1610612761","Toronto Raptors",2023,"0022201150","20230331",5.9,22.85,FALSE
1627783,"Pascal Siakam","1610612761","Toronto Raptors",2023,"0022201163","20230402",-1.5,6.75,TRUE
1627783,"Pascal Siakam","1610612761","Toronto Raptors",2023,"0022201163","20230402",-1.7,12.45,FALSE
1627783,"Pascal Siakam","1610612761","Toronto Raptors",2023,"0022201163","20230402",-1.3,11.95,TRUE
1627783,"Pascal Siakam","1610612761","Toronto Raptors",2023,"0022201163","20230402",-23.3,8.95,TRUE
1627783,"Pascal Siakam","1610612761","Toronto Raptors",2023,"0022201163","20230402",0.9,7.75,TRUE
1627783,"Pascal Siakam","1610612761","Toronto Raptors",2023,"0022201163","20230402",0.1,8.75,FALSE
1627783,"Pascal Siakam","1610612761","Toronto Raptors",2023,"0022201163","20230402",-3.3,30.25,TRUE
1627783,"Pascal Siakam","1610612761","Toronto Raptors",2023,"0022201163","20230402",-4.2,30.45,FALSE
1627783,"Pascal Siakam","1610612761","Toronto Raptors",2023,"0022201163","20230402",-0.6,6.25,TRUE
1627783,"Pascal Siakam","1610612761","Toronto Raptors",2023,"0022201163","20230402",22.9,7.85,FALSE
1627783,"Pascal Siakam","1610612761","Toronto Raptors",2023,"0022201163","20230402",-0.9,6.75,TRUE
1627783,"Pascal Siakam","1610612761","Toronto Raptors",2023,"0022201163","20230402",-0.6,17.05,TRUE
1627783,"Pascal Siakam","1610612761","Toronto Raptors",2023,"0022201163","20230402",5.6,31.25,FALSE
1627783,"Pascal Siakam","1610612761","Toronto Raptors",2023,"0022201163","20230402",-1.3,6.25,TRUE
1627783,"Pascal Siakam","1610612761","Toronto Raptors",2023,"0022201163","20230402",-1.2,6.85,TRUE
1627783,"Pascal Siakam","1610612761","Toronto Raptors",2023,"0022201163","20230402",-12.5,27.55,FALSE
1627783,"Pascal Siakam","1610612761","Toronto Raptors",2023,"0022201163","20230402",0,5.25,TRUE
1627783,"Pascal Siakam","1610612761","Toronto Raptors",2023,"0022201163","20230402",-1.3,7.05,TRUE
1627783,"Pascal Siakam","1610612761","Toronto Raptors",2023,"0022201163","20230402",-1.3,17.95,TRUE
1627783,"Pascal Siakam","1610612761","Toronto Raptors",2023,"0022201163","20230402",2.5,6.95,TRUE
1627783,"Pascal Siakam","1610612761","Toronto Raptors",2023,"0022201163","20230402",-1.2,6.35,TRUE
1627783,"Pascal Siakam","1610612761","Toronto Raptors",2023,"0022201163","20230402",-12.4,29.05,FALSE
1627783,"Pascal Siakam","1610612761","Toronto Raptors",2023,"0022201163","20230402",2.2,7.35,FALSE
1627783,"Pascal Siakam","1610612761","Toronto Raptors",2023,"0022201163","20230402",0,5.25,TRUE
1627783,"Pascal Siakam","1610612761","Toronto Raptors",2023,"0022201176","20230404",23.3,12.75,FALSE
1627783,"Pascal Siakam","1610612761","Toronto Raptors",2023,"0022201176","20230404",-12.3,13.25,FALSE
1627783,"Pascal Siakam","1610612761","Toronto Raptors",2023,"0022201176","20230404",0.6,6.95,TRUE
1627783,"Pascal Siakam","1610612761","Toronto Raptors",2023,"0022201176","20230404",-0.5,8.85,TRUE
1627783,"Pascal Siakam","1610612761","Toronto Raptors",2023,"0022201176","20230404",0.7,7.15,FALSE
1627783,"Pascal Siakam","1610612761","Toronto Raptors",2023,"0022201176","20230404",-1,8.95,FALSE
1627783,"Pascal Siakam","1610612761","Toronto Raptors",2023,"0022201176","20230404",0,6.15,FALSE
1627783,"Pascal Siakam","1610612761","Toronto Raptors",2023,"0022201176","20230404",0,5.85,TRUE
1627783,"Pascal Siakam","1610612761","Toronto Raptors",2023,"0022201176","20230404",18.9,22.15,FALSE
1627783,"Pascal Siakam","1610612761","Toronto Raptors",2023,"0022201176","20230404",-0.1,7.45,TRUE
1627783,"Pascal Siakam","1610612761","Toronto Raptors",2023,"0022201176","20230404",0.5,5.85,TRUE
1627783,"Pascal Siakam","1610612761","Toronto Raptors",2023,"0022201176","20230404",0.9,6.65,FALSE
1627783,"Pascal Siakam","1610612761","Toronto Raptors",2023,"0022201176","20230404",3.3,23.65,TRUE
1627783,"Pascal Siakam","1610612761","Toronto Raptors",2023,"0022201176","20230404",-6.7,18.45,FALSE
1627783,"Pascal Siakam","1610612761","Toronto Raptors",2023,"0022201176","20230404",0.1,14.15,TRUE
1627783,"Pascal Siakam","1610612761","Toronto Raptors",2023,"0022201176","20230404",0,5.25,TRUE
1627783,"Pascal Siakam","1610612761","Toronto Raptors",2023,"0022201192","20230405",7,17.75,FALSE
1627783,"Pascal Siakam","1610612761","Toronto Raptors",2023,"0022201192","20230405",-4.5,11.45,TRUE
1627783,"Pascal Siakam","1610612761","Toronto Raptors",2023,"0022201192","20230405",3,6.95,TRUE
1627783,"Pascal Siakam","1610612761","Toronto Raptors",2023,"0022201192","20230405",-2,9.05,TRUE
1627783,"Pascal Siakam","1610612761","Toronto Raptors",2023,"0022201192","20230405",23.2,6.65,FALSE
1627783,"Pascal Siakam","1610612761","Toronto Raptors",2023,"0022201192","20230405",-1.7,8.85,TRUE
1627783,"Pascal Siakam","1610612761","Toronto Raptors",2023,"0022201192","20230405",10.4,15.25,TRUE
1627783,"Pascal Siakam","1610612761","Toronto Raptors",2023,"0022201192","20230405",-14.2,6.35,FALSE
1627783,"Pascal Siakam","1610612761","Toronto Raptors",2023,"0022201192","20230405",-1.8,7.95,FALSE
1627783,"Pascal Siakam","1610612761","Toronto Raptors",2023,"0022201192","20230405",-0.7,19.95,FALSE
1627783,"Pascal Siakam","1610612761","Toronto Raptors",2023,"0022201192","20230405",-2.3,6.55,TRUE
1627783,"Pascal Siakam","1610612761","Toronto Raptors",2023,"0022201192","20230405",-8.9,10.25,TRUE
1627783,"Pascal Siakam","1610612761","Toronto Raptors",2023,"0022201192","20230405",-8.6,13.05,TRUE
1627783,"Pascal Siakam","1610612761","Toronto Raptors",2023,"0022201192","20230405",-0.1,9.55,TRUE
1627783,"Pascal Siakam","1610612761","Toronto Raptors",2023,"0022201192","20230405",8,23.55,FALSE
1627783,"Pascal Siakam","1610612761","Toronto Raptors",2023,"0022201192","20230405",-8,9.15,TRUE
1627783,"Pascal Siakam","1610612761","Toronto Raptors",2023,"0022201192","20230405",-8,19.95,FALSE
1627783,"Pascal Siakam","1610612761","Toronto Raptors",2023,"0022201206","20230407",-10.5,18.95,FALSE
1627783,"Pascal Siakam","1610612761","Toronto Raptors",2023,"0022201206","20230407",0.6,22.35,FALSE
1627783,"Pascal Siakam","1610612761","Toronto Raptors",2023,"0022201206","20230407",2.8,8.25,FALSE
1627783,"Pascal Siakam","1610612761","Toronto Raptors",2023,"0022201206","20230407",2.5,9.55,FALSE
1627783,"Pascal Siakam","1610612761","Toronto Raptors",2023,"0022201206","20230407",3.9,8.15,TRUE
1627783,"Pascal Siakam","1610612761","Toronto Raptors",2023,"0022201206","20230407",-2.2,6.85,TRUE
1627783,"Pascal Siakam","1610612761","Toronto Raptors",2023,"0022201206","20230407",-4.4,21.15,FALSE
1627783,"Pascal Siakam","1610612761","Toronto Raptors",2023,"0022201206","20230407",-14.2,25.25,TRUE
1627783,"Pascal Siakam","1610612761","Toronto Raptors",2023,"0022201206","20230407",23.4,8.65,FALSE
1627783,"Pascal Siakam","1610612761","Toronto Raptors",2023,"0022201206","20230407",5.9,17.85,TRUE
1627783,"Pascal Siakam","1610612761","Toronto Raptors",2023,"0022201206","20230407",-2.5,4.75,TRUE
1627783,"Pascal Siakam","1610612761","Toronto Raptors",2023,"0022201206","20230407",0.4,6.55,TRUE
1627783,"Pascal Siakam","1610612761","Toronto Raptors",2023,"0022201206","20230407",11.8,19.45,TRUE
1627783,"Pascal Siakam","1610612761","Toronto Raptors",2023,"0022201206","20230407",23,9.35,FALSE
1627783,"Pascal Siakam","1610612761","Toronto Raptors",2023,"0022201206","20230407",-1.5,6.05,TRUE
1627783,"Pascal Siakam","1610612761","Toronto Raptors",2024,"0022300031","20231117",0.4,6.25,TRUE
1627783,"Pascal Siakam","1610612761","Toronto Raptors",2024,"0022300031","20231117",0.4,5.95,TRUE
1627783,"Pascal Siakam","1610612761","Toronto Raptors",2024,"0022300031","20231117",-0.2,5.35,TRUE
1627783,"Pascal Siakam","1610612761","Toronto Raptors",2024,"0022300031","20231117",2.8,11.15,TRUE
1627783,"Pascal Siakam","1610612761","Toronto Raptors",2024,"0022300031","20231117",0,5.25,FALSE
1627783,"Pascal Siakam","1610612761","Toronto Raptors",2024,"0022300031","20231117",-1.2,16.05,FALSE
1627783,"Pascal Siakam","1610612761","Toronto Raptors",2024,"0022300031","20231117",13.8,26.55,FALSE
1627783,"Pascal Siakam","1610612761","Toronto Raptors",2024,"0022300031","20231117",-5,12.95,TRUE
1627783,"Pascal Siakam","1610612761","Toronto Raptors",2024,"0022300031","20231117",1.6,5.25,TRUE
1627783,"Pascal Siakam","1610612761","Toronto Raptors",2024,"0022300031","20231117",4.3,7.75,TRUE
1627783,"Pascal Siakam","1610612761","Toronto Raptors",2024,"0022300031","20231117",-3.3,13.75,TRUE
1627783,"Pascal Siakam","1610612761","Toronto Raptors",2024,"0022300031","20231117",-4.7,15.15,TRUE
1627783,"Pascal Siakam","1610612761","Toronto Raptors",2024,"0022300031","20231117",-4.7,9.95,FALSE
1627783,"Pascal Siakam","1610612761","Toronto Raptors",2024,"0022300031","20231117",2.9,10.95,TRUE
1627783,"Pascal Siakam","1610612761","Toronto Raptors",2024,"0022300031","20231117",-7.1,15.15,TRUE
1627783,"Pascal Siakam","1610612761","Toronto Raptors",2024,"0022300031","20231117",8.5,7.85,FALSE
1627783,"Pascal Siakam","1610612761","Toronto Raptors",2024,"0022300038","20231121",-23.3,12.75,FALSE
1627783,"Pascal Siakam","1610612761","Toronto Raptors",2024,"0022300038","20231121",-0.2,6.15,TRUE
1627783,"Pascal Siakam","1610612761","Toronto Raptors",2024,"0022300038","20231121",1,17.35,FALSE
1627783,"Pascal Siakam","1610612761","Toronto Raptors",2024,"0022300038","20231121",2.3,6.65,TRUE
1627783,"Pascal Siakam","1610612761","Toronto Raptors",2024,"0022300038","20231121",0.4,17.25,TRUE
1627783,"Pascal Siakam","1610612761","Toronto Raptors",2024,"0022300038","20231121",3.1,20.55,TRUE
1627783,"Pascal Siakam","1610612761","Toronto Raptors",2024,"0022300038","20231121",-3.2,14.65,FALSE
1627783,"Pascal Siakam","1610612761","Toronto Raptors",2024,"0022300038","20231121",0.4,7.85,TRUE
1627783,"Pascal Siakam","1610612761","Toronto Raptors",2024,"0022300038","20231121",-0.7,8.95,FALSE
1627783,"Pascal Siakam","1610612761","Toronto Raptors",2024,"0022300038","20231121",0.4,31.25,FALSE
1627783,"Pascal Siakam","1610612761","Toronto Raptors",2024,"0022300046","20231124",22.5,12.95,FALSE
1627783,"Pascal Siakam","1610612761","Toronto Raptors",2024,"0022300046","20231124",-1.1,5.35,TRUE
1627783,"Pascal Siakam","1610612761","Toronto Raptors",2024,"0022300046","20231124",19.7,22.15,FALSE
1627783,"Pascal Siakam","1610612761","Toronto Raptors",2024,"0022300046","20231124",1.8,32.45,FALSE
1627783,"Pascal Siakam","1610612761","Toronto Raptors",2024,"0022300046","20231124",1.7,6.05,TRUE
1627783,"Pascal Siakam","1610612761","Toronto Raptors",2024,"0022300046","20231124",-0.4,11.05,TRUE
1627783,"Pascal Siakam","1610612761","Toronto Raptors",2024,"0022300046","20231124",-0.2,26.75,TRUE
1627783,"Pascal Siakam","1610612761","Toronto Raptors",2024,"0022300046","20231124",-14.5,26.65,FALSE
1627783,"Pascal Siakam","1610612761","Toronto Raptors",2024,"0022300046","20231124",3.4,7.95,FALSE
1627783,"Pascal Siakam","1610612761","Toronto Raptors",2024,"0022300046","20231124",-2.6,7.25,TRUE
1627783,"Pascal Siakam","1610612761","Toronto Raptors",2024,"0022300046","20231124",22.7,4.75,TRUE
1627783,"Pascal Siakam","1610612761","Toronto Raptors",2024,"0022300046","20231124",21.1,21.55,FALSE
1627783,"Pascal Siakam","1610612761","Toronto Raptors",2024,"0022300054","20231128",-4.8,12.15,FALSE
1627783,"Pascal Siakam","1610612761","Toronto Raptors",2024,"0022300054","20231128",-23.2,9.35,FALSE
1627783,"Pascal Siakam","1610612761","Toronto Raptors",2024,"0022300054","20231128",17.2,26.15,FALSE
1627783,"Pascal Siakam","1610612761","Toronto Raptors",2024,"0022300054","20231128",-23,8.55,FALSE
1627783,"Pascal Siakam","1610612761","Toronto Raptors",2024,"0022300054","20231128",1.6,21.05,TRUE
1627783,"Pascal Siakam","1610612761","Toronto Raptors",2024,"0022300054","20231128",-2.1,6.55,TRUE
1627783,"Pascal Siakam","1610612761","Toronto Raptors",2024,"0022300054","20231128",-0.1,7.35,TRUE
1627783,"Pascal Siakam","1610612761","Toronto Raptors",2024,"0022300054","20231128",4,13.15,TRUE
1627783,"Pascal Siakam","1610612761","Toronto Raptors",2024,"0022300054","20231128",12.1,19.05,FALSE
1627783,"Pascal Siakam","1610612761","Toronto Raptors",2024,"0022300054","20231128",-12.9,13.75,FALSE
1627783,"Pascal Siakam","1610612761","Toronto Raptors",2024,"0022300054","20231128",-1,6.25,TRUE
1627783,"Pascal Siakam","1610612761","Toronto Raptors",2024,"0022300054","20231128",-10.2,30.35,FALSE
1627783,"Pascal Siakam","1610612761","Toronto Raptors",2024,"0022300054","20231128",2.9,9.05,FALSE
1627783,"Pascal Siakam","1610612761","Toronto Raptors",2024,"0022300054","20231128",-4,5.55,TRUE
1627783,"Pascal Siakam","1610612761","Toronto Raptors",2024,"0022300054","20231128",1.3,14.15,FALSE
1627783,"Pascal Siakam","1610612761","Toronto Raptors",2024,"0022300054","20231128",-2.8,6.15,FALSE
1627783,"Pascal Siakam","1610612761","Toronto Raptors",2024,"0022300054","20231128",-3.4,7.75,FALSE
1627783,"Pascal Siakam","1610612761","Toronto Raptors",2024,"0022300054","20231128",-0.7,11.05,FALSE
1627783,"Pascal Siakam","1610612761","Toronto Raptors",2024,"0022300069","20231025",11.6,29.45,TRUE
1627783,"Pascal Siakam","1610612761","Toronto Raptors",2024,"0022300069","20231025",-2.5,8.45,FALSE
1627783,"Pascal Siakam","1610612761","Toronto Raptors",2024,"0022300069","20231025",23.3,4.45,FALSE
1627783,"Pascal Siakam","1610612761","Toronto Raptors",2024,"0022300069","20231025",0.6,10.25,FALSE
1627783,"Pascal Siakam","1610612761","Toronto Raptors",2024,"0022300069","20231025",5.1,16.95,FALSE
1627783,"Pascal Siakam","1610612761","Toronto Raptors",2024,"0022300069","20231025",-8.7,6.45,FALSE
1627783,"Pascal Siakam","1610612761","Toronto Raptors",2024,"0022300069","20231025",-1,8.45,FALSE
1627783,"Pascal Siakam","1610612761","Toronto Raptors",2024,"0022300069","20231025",-1,9.05,FALSE
1627783,"Pascal Siakam","1610612761","Toronto Raptors",2024,"0022300069","20231025",-1.7,6.15,TRUE
1627783,"Pascal Siakam","1610612761","Toronto Raptors",2024,"0022300069","20231025",2.5,4.85,TRUE
1627783,"Pascal Siakam","1610612761","Toronto Raptors",2024,"0022300069","20231025",-15.3,17.25,FALSE
1627783,"Pascal Siakam","1610612761","Toronto Raptors",2024,"0022300069","20231025",3.8,11.65,FALSE
1627783,"Pascal Siakam","1610612761","Toronto Raptors",2024,"0022300069","20231025",-6.2,7.65,FALSE
1627783,"Pascal Siakam","1610612761","Toronto Raptors",2024,"0022300069","20231025",-5.1,13.05,FALSE
1627783,"Pascal Siakam","1610612761","Toronto Raptors",2024,"0022300069","20231025",-16.4,24.75,TRUE
1627783,"Pascal Siakam","1610612761","Toronto Raptors",2024,"0022300069","20231025",14,26.15,TRUE
1627783,"Pascal Siakam","1610612761","Toronto Raptors",2024,"0022300069","20231025",-15.3,26.75,FALSE
1627783,"Pascal Siakam","1610612761","Toronto Raptors",2024,"0022300082","20231027",-1,7.85,TRUE
1627783,"Pascal Siakam","1610612761","Toronto Raptors",2024,"0022300082","20231027",0,5.25,TRUE
1627783,"Pascal Siakam","1610612761","Toronto Raptors",2024,"0022300082","20231027",-4.5,30.35,FALSE
1627783,"Pascal Siakam","1610612761","Toronto Raptors",2024,"0022300082","20231027",-0.9,30.05,FALSE
1627783,"Pascal Siakam","1610612761","Toronto Raptors",2024,"0022300082","20231027",-6.2,24.15,TRUE
1627783,"Pascal Siakam","1610612761","Toronto Raptors",2024,"0022300082","20231027",-2.8,16.55,FALSE
1627783,"Pascal Siakam","1610612761","Toronto Raptors",2024,"0022300082","20231027",2.1,5.35,FALSE
1627783,"Pascal Siakam","1610612761","Toronto Raptors",2024,"0022300082","20231027",-5.1,14.65,TRUE
1627783,"Pascal Siakam","1610612761","Toronto Raptors",2024,"0022300082","20231027",-8.8,28.45,TRUE
1627783,"Pascal Siakam","1610612761","Toronto Raptors",2024,"0022300082","20231027",-11.4,27.25,FALSE
1627783,"Pascal Siakam","1610612761","Toronto Raptors",2024,"0022300082","20231027",-0.6,5.75,TRUE
1627783,"Pascal Siakam","1610612761","Toronto Raptors",2024,"0022300082","20231027",8.1,5.45,TRUE
1627783,"Pascal Siakam","1610612761","Toronto Raptors",2024,"0022300082","20231027",-0.7,6.05,FALSE
1627783,"Pascal Siakam","1610612761","Toronto Raptors",2024,"0022300082","20231027",2.3,32.55,FALSE
1627783,"Pascal Siakam","1610612761","Toronto Raptors",2024,"0022300082","20231027",-0.2,13.05,FALSE
1627783,"Pascal Siakam","1610612761","Toronto Raptors",2024,"0022300092","20231028",-10.9,8.85,TRUE
1627783,"Pascal Siakam","1610612761","Toronto Raptors",2024,"0022300092","20231028",16.7,26.95,TRUE
1627783,"Pascal Siakam","1610612761","Toronto Raptors",2024,"0022300092","20231028",-9.8,28.95,TRUE
1627783,"Pascal Siakam","1610612761","Toronto Raptors",2024,"0022300092","20231028",9.7,10.55,FALSE
1627783,"Pascal Siakam","1610612761","Toronto Raptors",2024,"0022300092","20231028",10.3,28.15,FALSE
1627783,"Pascal Siakam","1610612761","Toronto Raptors",2024,"0022300092","20231028",23.2,6.65,FALSE
1627783,"Pascal Siakam","1610612761","Toronto Raptors",2024,"0022300092","20231028",-16.8,24.95,FALSE
1627783,"Pascal Siakam","1610612761","Toronto Raptors",2024,"0022300092","20231028",0.7,5.65,FALSE
1627783,"Pascal Siakam","1610612761","Toronto Raptors",2024,"0022300105","20231030",-5.3,7.95,TRUE
1627783,"Pascal Siakam","1610612761","Toronto Raptors",2024,"0022300105","20231030",0,5.35,TRUE
1627783,"Pascal Siakam","1610612761","Toronto Raptors",2024,"0022300105","20231030",13.7,30.85,FALSE
1627783,"Pascal Siakam","1610612761","Toronto Raptors",2024,"0022300105","20231030",-0.7,5.25,TRUE
1627783,"Pascal Siakam","1610612761","Toronto Raptors",2024,"0022300105","20231030",-1.5,5.65,FALSE
1627783,"Pascal Siakam","1610612761","Toronto Raptors",2024,"0022300105","20231030",20.2,20.65,FALSE
1627783,"Pascal Siakam","1610612761","Toronto Raptors",2024,"0022300105","20231030",1.5,30.85,FALSE
1627783,"Pascal Siakam","1610612761","Toronto Raptors",2024,"0022300105","20231030",9.3,22.25,TRUE
1627783,"Pascal Siakam","1610612761","Toronto Raptors",2024,"0022300105","20231030",-3.6,9.45,FALSE
1627783,"Pascal Siakam","1610612761","Toronto Raptors",2024,"0022300105","20231030",0,5.25,TRUE
1627783,"Pascal Siakam","1610612761","Toronto Raptors",2024,"0022300105","20231030",16.8,26.75,FALSE
1627783,"Pascal Siakam","1610612761","Toronto Raptors",2024,"0022300105","20231030",-0.2,13.65,FALSE
1627783,"Pascal Siakam","1610612761","Toronto Raptors",2024,"0022300105","20231030",-16.4,6.65,FALSE
1627783,"Pascal Siakam","1610612761","Toronto Raptors",2024,"0022300105","20231030",-0.7,20.95,TRUE
1627783,"Pascal Siakam","1610612761","Toronto Raptors",2024,"0022300105","20231030",1.7,6.85,TRUE
1627783,"Pascal Siakam","1610612761","Toronto Raptors",2024,"0022300105","20231030",2.7,6.35,FALSE
1627783,"Pascal Siakam","1610612761","Toronto Raptors",2024,"0022300105","20231030",-12.7,27.05,FALSE
1627783,"Pascal Siakam","1610612761","Toronto Raptors",2024,"0022300105","20231030",8.5,21.45,FALSE
1627783,"Pascal Siakam","1610612761","Toronto Raptors",2024,"0022300105","20231030",-1.3,5.25,TRUE
1627783,"Pascal Siakam","1610612761","Toronto Raptors",2024,"0022300105","20231030",0.2,5.35,TRUE
1627783,"Pascal Siakam","1610612761","Toronto Raptors",2024,"0022300105","20231030",-1.1,33.95,FALSE
1627783,"Pascal Siakam","1610612761","Toronto Raptors",2024,"0022300116","20231101",-0.6,30.75,TRUE
1627783,"Pascal Siakam","1610612761","Toronto Raptors",2024,"0022300116","20231101",-9.2,12.95,FALSE
1627783,"Pascal Siakam","1610612761","Toronto Raptors",2024,"0022300116","20231101",-6.5,11.95,TRUE
1627783,"Pascal Siakam","1610612761","Toronto Raptors",2024,"0022300116","20231101",12.3,18.95,TRUE
1627783,"Pascal Siakam","1610612761","Toronto Raptors",2024,"0022300116","20231101",23,6.35,TRUE
1627783,"Pascal Siakam","1610612761","Toronto Raptors",2024,"0022300116","20231101",-9.9,29.35,FALSE
1627783,"Pascal Siakam","1610612761","Toronto Raptors",2024,"0022300116","20231101",-0.5,30.95,FALSE
1627783,"Pascal Siakam","1610612761","Toronto Raptors",2024,"0022300116","20231101",1.2,13.15,TRUE
1627783,"Pascal Siakam","1610612761","Toronto Raptors",2024,"0022300116","20231101",-7.2,30.15,TRUE
1627783,"Pascal Siakam","1610612761","Toronto Raptors",2024,"0022300116","20231101",-0.4,5.25,TRUE
1627783,"Pascal Siakam","1610612761","Toronto Raptors",2024,"0022300116","20231101",-23.3,4.85,TRUE
1627783,"Pascal Siakam","1610612761","Toronto Raptors",2024,"0022300116","20231101",4.7,30.85,TRUE
1627783,"Pascal Siakam","1610612761","Toronto Raptors",2024,"0022300116","20231101",-9.4,28.35,FALSE
1627783,"Pascal Siakam","1610612761","Toronto Raptors",2024,"0022300128","20231102",-0.6,10.35,FALSE
1627783,"Pascal Siakam","1610612761","Toronto Raptors",2024,"0022300128","20231102",-0.9,25.15,FALSE
1627783,"Pascal Siakam","1610612761","Toronto Raptors",2024,"0022300128","20231102",-1.1,5.55,TRUE
1627783,"Pascal Siakam","1610612761","Toronto Raptors",2024,"0022300128","20231102",-22.9,8.35,FALSE
1627783,"Pascal Siakam","1610612761","Toronto Raptors",2024,"0022300128","20231102",-0.6,5.35,TRUE
1627783,"Pascal Siakam","1610612761","Toronto Raptors",2024,"0022300128","20231102",-0.7,6.45,FALSE
1627783,"Pascal Siakam","1610612761","Toronto Raptors",2024,"0022300128","20231102",-1,8.55,TRUE
1627783,"Pascal Siakam","1610612761","Toronto Raptors",2024,"0022300128","20231102",-15.1,26.85,FALSE
1627783,"Pascal Siakam","1610612761","Toronto Raptors",2024,"0022300128","20231102",1.5,5.75,TRUE
1627783,"Pascal Siakam","1610612761","Toronto Raptors",2024,"0022300128","20231102",17.2,26.25,FALSE
1627783,"Pascal Siakam","1610612761","Toronto Raptors",2024,"0022300128","20231102",-3.4,5.95,TRUE
1627783,"Pascal Siakam","1610612761","Toronto Raptors",2024,"0022300141","20231105",-6.1,9.55,FALSE
1627783,"Pascal Siakam","1610612761","Toronto Raptors",2024,"0022300141","20231105",22.7,6.25,FALSE
1627783,"Pascal Siakam","1610612761","Toronto Raptors",2024,"0022300141","20231105",-10.9,28.25,FALSE
1627783,"Pascal Siakam","1610612761","Toronto Raptors",2024,"0022300141","20231105",-1.1,5.85,FALSE
1627783,"Pascal Siakam","1610612761","Toronto Raptors",2024,"0022300141","20231105",-22.3,12.35,FALSE
1627783,"Pascal Siakam","1610612761","Toronto Raptors",2024,"0022300141","20231105",1,5.55,FALSE
1627783,"Pascal Siakam","1610612761","Toronto Raptors",2024,"0022300141","20231105",-3.8,7.85,TRUE
1627783,"Pascal Siakam","1610612761","Toronto Raptors",2024,"0022300141","20231105",-5.6,6.05,FALSE
1627783,"Pascal Siakam","1610612761","Toronto Raptors",2024,"0022300141","20231105",-2.7,10.05,FALSE
1627783,"Pascal Siakam","1610612761","Toronto Raptors",2024,"0022300141","20231105",-24.1,10.55,TRUE
1627783,"Pascal Siakam","1610612761","Toronto Raptors",2024,"0022300141","20231105",-1.1,5.75,FALSE
1627783,"Pascal Siakam","1610612761","Toronto Raptors",2024,"0022300141","20231105",0.6,5.65,FALSE
1627783,"Pascal Siakam","1610612761","Toronto Raptors",2024,"0022300168","20231108",4.2,6.45,TRUE
1627783,"Pascal Siakam","1610612761","Toronto Raptors",2024,"0022300168","20231108",11.3,20.55,FALSE
1627783,"Pascal Siakam","1610612761","Toronto Raptors",2024,"0022300168","20231108",-9.6,28.35,FALSE
1627783,"Pascal Siakam","1610612761","Toronto Raptors",2024,"0022300168","20231108",-23.2,10.15,FALSE
1627783,"Pascal Siakam","1610612761","Toronto Raptors",2024,"0022300168","20231108",0,5.25,TRUE
1627783,"Pascal Siakam","1610612761","Toronto Raptors",2024,"0022300168","20231108",-4.5,6.85,TRUE
1627783,"Pascal Siakam","1610612761","Toronto Raptors",2024,"0022300168","20231108",16.7,24.65,FALSE
1627783,"Pascal Siakam","1610612761","Toronto Raptors",2024,"0022300168","20231108",0.2,5.45,TRUE
1627783,"Pascal Siakam","1610612761","Toronto Raptors",2024,"0022300168","20231108",2.3,6.45,TRUE
1627783,"Pascal Siakam","1610612761","Toronto Raptors",2024,"0022300168","20231108",-5.4,7.35,FALSE
1627783,"Pascal Siakam","1610612761","Toronto Raptors",2024,"0022300168","20231108",0.1,8.15,FALSE
1627783,"Pascal Siakam","1610612761","Toronto Raptors",2024,"0022300168","20231108",-15.7,25.75,FALSE
1627783,"Pascal Siakam","1610612761","Toronto Raptors",2024,"0022300168","20231108",-0.2,6.25,TRUE
1627783,"Pascal Siakam","1610612761","Toronto Raptors",2024,"0022300168","20231108",4.5,7.05,TRUE
1627783,"Pascal Siakam","1610612761","Toronto Raptors",2024,"0022300168","20231108",1.8,6.55,TRUE
1627783,"Pascal Siakam","1610612761","Toronto Raptors",2024,"0022300168","20231108",-4.4,16.15,TRUE
1627783,"Pascal Siakam","1610612761","Toronto Raptors",2024,"0022300168","20231108",9.4,11.05,FALSE
1627783,"Pascal Siakam","1610612761","Toronto Raptors",2024,"0022300168","20231108",5,6.55,TRUE
1627783,"Pascal Siakam","1610612761","Toronto Raptors",2024,"0022300168","20231108",5.1,7.35,TRUE
1627783,"Pascal Siakam","1610612761","Toronto Raptors",2024,"0022300168","20231108",7.2,18.85,TRUE
1627783,"Pascal Siakam","1610612761","Toronto Raptors",2024,"0022300168","20231108",2.2,10.95,TRUE
1627783,"Pascal Siakam","1610612761","Toronto Raptors",2024,"0022300168","20231108",-2.2,11.35,TRUE
1627783,"Pascal Siakam","1610612761","Toronto Raptors",2024,"0022300168","20231108",-6.6,30.35,FALSE
1627783,"Pascal Siakam","1610612761","Toronto Raptors",2024,"0022300168","20231108",-6.5,20.55,FALSE
1627783,"Pascal Siakam","1610612761","Toronto Raptors",2024,"0022300168","20231108",-2.5,6.65,TRUE
1627783,"Pascal Siakam","1610612761","Toronto Raptors",2024,"0022300174","20231111",-0.9,18.05,FALSE
1627783,"Pascal Siakam","1610612761","Toronto Raptors",2024,"0022300174","20231111",7.2,19.55,TRUE
1627783,"Pascal Siakam","1610612761","Toronto Raptors",2024,"0022300174","20231111",-5.9,9.15,FALSE
1627783,"Pascal Siakam","1610612761","Toronto Raptors",2024,"0022300174","20231111",-0.2,6.35,TRUE
1627783,"Pascal Siakam","1610612761","Toronto Raptors",2024,"0022300174","20231111",-14.7,26.05,FALSE
1627783,"Pascal Siakam","1610612761","Toronto Raptors",2024,"0022300174","20231111",1.8,6.95,TRUE
1627783,"Pascal Siakam","1610612761","Toronto Raptors",2024,"0022300174","20231111",-5.4,15.75,FALSE
1627783,"Pascal Siakam","1610612761","Toronto Raptors",2024,"0022300174","20231111",0.9,6.25,TRUE
1627783,"Pascal Siakam","1610612761","Toronto Raptors",2024,"0022300174","20231111",17.8,25.25,FALSE
1627783,"Pascal Siakam","1610612761","Toronto Raptors",2024,"0022300174","20231111",2.1,15.25,FALSE
1627783,"Pascal Siakam","1610612761","Toronto Raptors",2024,"0022300174","20231111",2.3,9.45,FALSE
1627783,"Pascal Siakam","1610612761","Toronto Raptors",2024,"0022300174","20231111",2.2,8.35,TRUE
1627783,"Pascal Siakam","1610612761","Toronto Raptors",2024,"0022300174","20231111",21.3,21.65,FALSE
1627783,"Pascal Siakam","1610612761","Toronto Raptors",2024,"0022300174","20231111",-0.1,7.95,TRUE
1627783,"Pascal Siakam","1610612761","Toronto Raptors",2024,"0022300174","20231111",8.8,31.65,FALSE
1627783,"Pascal Siakam","1610612761","Toronto Raptors",2024,"0022300174","20231111",-2,9.25,FALSE
1627783,"Pascal Siakam","1610612761","Toronto Raptors",2024,"0022300174","20231111",-1.7,7.95,FALSE
1627783,"Pascal Siakam","1610612761","Toronto Raptors",2024,"0022300189","20231113",-1,6.75,TRUE
1627783,"Pascal Siakam","1610612761","Toronto Raptors",2024,"0022300189","20231113",-15.6,25.25,FALSE
1627783,"Pascal Siakam","1610612761","Toronto Raptors",2024,"0022300189","20231113",-1.7,11.35,FALSE
1627783,"Pascal Siakam","1610612761","Toronto Raptors",2024,"0022300189","20231113",-4.2,7.15,TRUE
1627783,"Pascal Siakam","1610612761","Toronto Raptors",2024,"0022300189","20231113",-5.1,9.05,FALSE
1627783,"Pascal Siakam","1610612761","Toronto Raptors",2024,"0022300189","20231113",9.4,21.45,FALSE
1627783,"Pascal Siakam","1610612761","Toronto Raptors",2024,"0022300189","20231113",-24,5.85,FALSE
1627783,"Pascal Siakam","1610612761","Toronto Raptors",2024,"0022300189","20231113",-1.7,8.45,TRUE
1627783,"Pascal Siakam","1610612761","Toronto Raptors",2024,"0022300189","20231113",-1.8,6.35,TRUE
1627783,"Pascal Siakam","1610612761","Toronto Raptors",2024,"0022300189","20231113",1.8,10.95,TRUE
1627783,"Pascal Siakam","1610612761","Toronto Raptors",2024,"0022300189","20231113",-2.8,8.65,FALSE
1627783,"Pascal Siakam","1610612761","Toronto Raptors",2024,"0022300189","20231113",-0.4,5.25,TRUE
1627783,"Pascal Siakam","1610612761","Toronto Raptors",2024,"0022300189","20231113",-3.9,10.05,TRUE
1627783,"Pascal Siakam","1610612761","Toronto Raptors",2024,"0022300189","20231113",-3.8,9.55,TRUE
1627783,"Pascal Siakam","1610612761","Toronto Raptors",2024,"0022300189","20231113",1.7,10.95,TRUE
1627783,"Pascal Siakam","1610612761","Toronto Raptors",2024,"0022300189","20231113",-1.5,6.55,TRUE
1627783,"Pascal Siakam","1610612761","Toronto Raptors",2024,"0022300189","20231113",0,5.25,TRUE
1627783,"Pascal Siakam","1610612761","Toronto Raptors",2024,"0022300189","20231113",1.7,5.65,FALSE
1627783,"Pascal Siakam","1610612761","Toronto Raptors",2024,"0022300189","20231113",1.2,6.45,TRUE
1627783,"Pascal Siakam","1610612761","Toronto Raptors",2024,"0022300189","20231113",1,7.05,TRUE
1627783,"Pascal Siakam","1610612761","Toronto Raptors",2024,"0022300189","20231113",-0.2,6.85,TRUE
1627783,"Pascal Siakam","1610612761","Toronto Raptors",2024,"0022300189","20231113",-2.8,30.45,FALSE
1627783,"Pascal Siakam","1610612761","Toronto Raptors",2024,"0022300189","20231113",3.3,13.65,TRUE
1627783,"Pascal Siakam","1610612761","Toronto Raptors",2024,"0022300195","20231115",-14.6,26.55,FALSE
1627783,"Pascal Siakam","1610612761","Toronto Raptors",2024,"0022300195","20231115",1,6.15,TRUE
1627783,"Pascal Siakam","1610612761","Toronto Raptors",2024,"0022300195","20231115",-5.9,9.05,TRUE
1627783,"Pascal Siakam","1610612761","Toronto Raptors",2024,"0022300195","20231115",-11.4,11.15,FALSE
1627783,"Pascal Siakam","1610612761","Toronto Raptors",2024,"0022300195","20231115",-7,30.45,FALSE
1627783,"Pascal Siakam","1610612761","Toronto Raptors",2024,"0022300195","20231115",3.6,8.95,FALSE
1627783,"Pascal Siakam","1610612761","Toronto Raptors",2024,"0022300195","20231115",0.2,6.05,TRUE
1627783,"Pascal Siakam","1610612761","Toronto Raptors",2024,"0022300195","20231115",-0.4,5.85,TRUE
1627783,"Pascal Siakam","1610612761","Toronto Raptors",2024,"0022300195","20231115",1.7,6.05,FALSE
1627783,"Pascal Siakam","1610612761","Toronto Raptors",2024,"0022300211","20231119",1.2,6.55,TRUE
1627783,"Pascal Siakam","1610612761","Toronto Raptors",2024,"0022300211","20231119",-15.8,25.15,FALSE
1627783,"Pascal Siakam","1610612761","Toronto Raptors",2024,"0022300211","20231119",1.6,8.15,FALSE
1627783,"Pascal Siakam","1610612761","Toronto Raptors",2024,"0022300211","20231119",-4.2,7.45,FALSE
1627783,"Pascal Siakam","1610612761","Toronto Raptors",2024,"0022300211","20231119",-5.9,8.35,FALSE
1627783,"Pascal Siakam","1610612761","Toronto Raptors",2024,"0022300211","20231119",-16.1,9.55,FALSE
1627783,"Pascal Siakam","1610612761","Toronto Raptors",2024,"0022300211","20231119",-0.1,13.45,TRUE
1627783,"Pascal Siakam","1610612761","Toronto Raptors",2024,"0022300211","20231119",-5,7.75,TRUE
1627783,"Pascal Siakam","1610612761","Toronto Raptors",2024,"0022300211","20231119",-2.8,6.15,FALSE
1627783,"Pascal Siakam","1610612761","Toronto Raptors",2024,"0022300211","20231119",1.2,6.05,FALSE
1627783,"Pascal Siakam","1610612761","Toronto Raptors",2024,"0022300211","20231119",-0.5,5.85,TRUE
1627783,"Pascal Siakam","1610612761","Toronto Raptors",2024,"0022300211","20231119",6.1,16.25,TRUE
1627783,"Pascal Siakam","1610612761","Toronto Raptors",2024,"0022300211","20231119",1.6,5.75,TRUE
1627783,"Pascal Siakam","1610612761","Toronto Raptors",2024,"0022300211","20231119",-3.4,9.65,TRUE
1627783,"Pascal Siakam","1610612761","Toronto Raptors",2024,"0022300211","20231119",-0.1,6.05,TRUE
1627783,"Pascal Siakam","1610612761","Toronto Raptors",2024,"0022300211","20231119",1.3,12.35,TRUE
1627783,"Pascal Siakam","1610612761","Toronto Raptors",2024,"0022300211","20231119",6.1,16.25,FALSE
1627783,"Pascal Siakam","1610612761","Toronto Raptors",2024,"0022300211","20231119",9.9,30.85,TRUE
1627783,"Pascal Siakam","1610612761","Toronto Raptors",2024,"0022300230","20231122",10.4,18.65,TRUE
1627783,"Pascal Siakam","1610612761","Toronto Raptors",2024,"0022300230","20231122",2.2,6.55,FALSE
1627783,"Pascal Siakam","1610612761","Toronto Raptors",2024,"0022300230","20231122",0,5.25,FALSE
1627783,"Pascal Siakam","1610612761","Toronto Raptors",2024,"0022300230","20231122",0,5.25,TRUE
1627783,"Pascal Siakam","1610612761","Toronto Raptors",2024,"0022300230","20231122",-1.3,4.65,FALSE
1627783,"Pascal Siakam","1610612761","Toronto Raptors",2024,"0022300230","20231122",0,5.65,TRUE
1627783,"Pascal Siakam","1610612761","Toronto Raptors",2024,"0022300230","20231122",-3.9,11.55,FALSE
1627783,"Pascal Siakam","1610612761","Toronto Raptors",2024,"0022300230","20231122",0,5.25,TRUE
1627783,"Pascal Siakam","1610612761","Toronto Raptors",2024,"0022300230","20231122",2,31.05,FALSE
1627783,"Pascal Siakam","1610612761","Toronto Raptors",2024,"0022300230","20231122",3.4,8.15,TRUE
1627783,"Pascal Siakam","1610612761","Toronto Raptors",2024,"0022300230","20231122",-0.5,11.15,FALSE
1627783,"Pascal Siakam","1610612761","Toronto Raptors",2024,"0022300230","20231122",0.1,6.25,TRUE
1627783,"Pascal Siakam","1610612761","Toronto Raptors",2024,"0022300230","20231122",1.5,12.15,TRUE
1627783,"Pascal Siakam","1610612761","Toronto Raptors",2024,"0022300230","20231122",10.4,7.85,FALSE
1627783,"Pascal Siakam","1610612761","Toronto Raptors",2024,"0022300230","20231122",20.8,23.25,TRUE
1627783,"Pascal Siakam","1610612761","Toronto Raptors",2024,"0022300230","20231122",0.9,5.15,FALSE
1627783,"Pascal Siakam","1610612761","Toronto Raptors",2024,"0022300230","20231122",-0.6,6.65,FALSE
1627783,"Pascal Siakam","1610612761","Toronto Raptors",2024,"0022300230","20231122",-8,21.05,TRUE
1627783,"Pascal Siakam","1610612761","Toronto Raptors",2024,"0022300230","20231122",-0.9,14.75,TRUE
1627783,"Pascal Siakam","1610612761","Toronto Raptors",2024,"0022300230","20231122",-0.1,5.55,TRUE
1627783,"Pascal Siakam","1610612761","Toronto Raptors",2024,"0022300230","20231122",-0.5,5.85,TRUE
1627783,"Pascal Siakam","1610612761","Toronto Raptors",2024,"0022300230","20231122",-1.5,13.75,FALSE
1627783,"Pascal Siakam","1610612761","Toronto Raptors",2024,"0022300230","20231122",11.3,28.75,FALSE
1627783,"Pascal Siakam","1610612761","Toronto Raptors",2024,"0022300230","20231122",-0.1,7.95,TRUE
1627783,"Pascal Siakam","1610612761","Toronto Raptors",2024,"0022300251","20231126",-1,6.25,FALSE
1627783,"Pascal Siakam","1610612761","Toronto Raptors",2024,"0022300251","20231126",-0.1,5.65,TRUE
1627783,"Pascal Siakam","1610612761","Toronto Raptors",2024,"0022300251","20231126",15.6,26.45,FALSE
1627783,"Pascal Siakam","1610612761","Toronto Raptors",2024,"0022300251","20231126",5.1,10.45,TRUE
1627783,"Pascal Siakam","1610612761","Toronto Raptors",2024,"0022300251","20231126",-0.6,5.15,TRUE
1627783,"Pascal Siakam","1610612761","Toronto Raptors",2024,"0022300251","20231126",-8.2,13.75,FALSE
1627783,"Pascal Siakam","1610612761","Toronto Raptors",2024,"0022300251","20231126",-1.8,24.25,FALSE
1627783,"Pascal Siakam","1610612761","Toronto Raptors",2024,"0022300251","20231126",-0.4,6.35,TRUE
1627783,"Pascal Siakam","1610612761","Toronto Raptors",2024,"0022300251","20231126",-0.2,6.05,FALSE
1627783,"Pascal Siakam","1610612761","Toronto Raptors",2024,"0022300251","20231126",-2.6,30.85,FALSE
1627783,"Pascal Siakam","1610612761","Toronto Raptors",2024,"0022300251","20231126",19.6,23.25,FALSE
1627783,"Pascal Siakam","1610612761","Toronto Raptors",2024,"0022300251","20231126",10.7,6.55,FALSE
1627783,"Pascal Siakam","1610612761","Toronto Raptors",2024,"0022300251","20231126",-3.6,12.75,TRUE
1627783,"Pascal Siakam","1610612761","Toronto Raptors",2024,"0022300251","20231126",9.9,28.75,FALSE
1627783,"Pascal Siakam","1610612761","Toronto Raptors",2024,"0022300251","20231126",-0.8,10.25,FALSE
1627783,"Pascal Siakam","1610612761","Toronto Raptors",2024,"0022300251","20231126",3.4,9.55,TRUE
1627783,"Pascal Siakam","1610612761","Toronto Raptors",2024,"0022300251","20231126",0,5.25,TRUE
1627783,"Pascal Siakam","1610612761","Toronto Raptors",2024,"0022300260","20231129",-2.9,8.85,FALSE
1627783,"Pascal Siakam","1610612761","Toronto Raptors",2024,"0022300260","20231129",-1.1,11.45,TRUE
1627783,"Pascal Siakam","1610612761","Toronto Raptors",2024,"0022300260","20231129",4.5,31.25,TRUE
1627783,"Pascal Siakam","1610612761","Toronto Raptors",2024,"0022300260","20231129",10.8,10.95,TRUE
1627783,"Pascal Siakam","1610612761","Toronto Raptors",2024,"0022300260","20231129",18.3,23.65,FALSE
1627783,"Pascal Siakam","1610612761","Toronto Raptors",2024,"0022300260","20231129",4.3,13.75,TRUE
1627783,"Pascal Siakam","1610612761","Toronto Raptors",2024,"0022300260","20231129",17.5,23.85,FALSE
1627783,"Pascal Siakam","1610612761","Toronto Raptors",2024,"0022300260","20231129",-12.3,29.85,FALSE
1627783,"Pascal Siakam","1610612761","Toronto Raptors",2024,"0022300260","20231129",6.4,11.75,TRUE
1627783,"Pascal Siakam","1610612761","Toronto Raptors",2024,"0022300260","20231129",4.4,12.15,FALSE
1627783,"Pascal Siakam","1610612761","Toronto Raptors",2024,"0022300260","20231129",1.1,5.65,TRUE
1627783,"Pascal Siakam","1610612761","Toronto Raptors",2024,"0022300260","20231129",0.5,5.55,TRUE
1627783,"Pascal Siakam","1610612761","Toronto Raptors",2024,"0022300260","20231129",-10.7,5.85,FALSE
1627783,"Pascal Siakam","1610612761","Toronto Raptors",2024,"0022300260","20231129",0,5.25,TRUE
1627783,"Pascal Siakam","1610612761","Toronto Raptors",2024,"0022300260","20231129",3.1,7.45,FALSE
1627783,"Pascal Siakam","1610612761","Toronto Raptors",2024,"0022300260","20231129",-4,10.95,FALSE
1627783,"Pascal Siakam","1610612761","Toronto Raptors",2024,"0022300260","20231129",-22.9,5.05,FALSE
1627783,"Pascal Siakam","1610612761","Toronto Raptors",2024,"0022300260","20231129",-1.7,6.05,FALSE
1627783,"Pascal Siakam","1610612761","Toronto Raptors",2024,"0022300260","20231129",0,5.25,TRUE
1627783,"Pascal Siakam","1610612761","Toronto Raptors",2024,"0022300260","20231129",-2.3,6.05,FALSE
1627783,"Pascal Siakam","1610612761","Toronto Raptors",2024,"0022300260","20231129",-2.9,4.65,FALSE
1627783,"Pascal Siakam","1610612761","Toronto Raptors",2024,"0022300276","20231201",4.3,16.95,FALSE
1627783,"Pascal Siakam","1610612761","Toronto Raptors",2024,"0022300276","20231201",-12.7,27.95,FALSE
1627783,"Pascal Siakam","1610612761","Toronto Raptors",2024,"0022300276","20231201",8.9,18.35,TRUE
1627783,"Pascal Siakam","1610612761","Toronto Raptors",2024,"0022300276","20231201",-19.2,21.65,FALSE
1627783,"Pascal Siakam","1610612761","Toronto Raptors",2024,"0022300276","20231201",-2.8,18.65,FALSE
1627783,"Pascal Siakam","1610612761","Toronto Raptors",2024,"0022300276","20231201",5.8,17.55,TRUE
1627783,"Pascal Siakam","1610612761","Toronto Raptors",2024,"0022300276","20231201",-0.5,4.95,TRUE
1627783,"Pascal Siakam","1610612761","Toronto Raptors",2024,"0022300276","20231201",-1.2,10.95,FALSE
1627783,"Pascal Siakam","1610612761","Toronto Raptors",2024,"0022300276","20231201",-7.4,7.75,TRUE
1627783,"Pascal Siakam","1610612761","Toronto Raptors",2024,"0022300276","20231201",6.1,8.45,TRUE
1627783,"Pascal Siakam","1610612761","Toronto Raptors",2024,"0022300276","20231201",20.3,21.45,FALSE
1627783,"Pascal Siakam","1610612761","Toronto Raptors",2024,"0022300276","20231201",-23,11.35,FALSE
1627783,"Pascal Siakam","1610612761","Toronto Raptors",2024,"0022300276","20231201",-5.3,8.65,TRUE
1627783,"Pascal Siakam","1610612761","Toronto Raptors",2024,"0022300276","20231201",0,5.25,FALSE
1627783,"Pascal Siakam","1610612761","Toronto Raptors",2024,"0022300276","20231201",2,6.85,TRUE
1627783,"Pascal Siakam","1610612761","Toronto Raptors",2024,"0022300276","20231201",3.1,6.95,FALSE
1627783,"Pascal Siakam","1610612761","Toronto Raptors",2024,"0022300297","20231211",24,10.65,FALSE
1627783,"Pascal Siakam","1610612761","Toronto Raptors",2024,"0022300297","20231211",-1.3,5.25,TRUE
1627783,"Pascal Siakam","1610612761","Toronto Raptors",2024,"0022300297","20231211",-0.6,10.95,FALSE
1627783,"Pascal Siakam","1610612761","Toronto Raptors",2024,"0022300297","20231211",2.3,5.45,TRUE
1627783,"Pascal Siakam","1610612761","Toronto Raptors",2024,"0022300297","20231211",-1.6,19.15,FALSE
1627783,"Pascal Siakam","1610612761","Toronto Raptors",2024,"0022300297","20231211",2.2,7.95,FALSE
1627783,"Pascal Siakam","1610612761","Toronto Raptors",2024,"0022300297","20231211",-1.5,5.75,TRUE
1627783,"Pascal Siakam","1610612761","Toronto Raptors",2024,"0022300297","20231211",-8.8,10.75,TRUE
1627783,"Pascal Siakam","1610612761","Toronto Raptors",2024,"0022300297","20231211",-11.3,28.45,TRUE
1627783,"Pascal Siakam","1610612761","Toronto Raptors",2024,"0022300297","20231211",-0.1,20.05,FALSE
1627783,"Pascal Siakam","1610612761","Toronto Raptors",2024,"0022300297","20231211",0.7,16.05,TRUE
1627783,"Pascal Siakam","1610612761","Toronto Raptors",2024,"0022300297","20231211",7.6,8.65,FALSE
1627783,"Pascal Siakam","1610612761","Toronto Raptors",2024,"0022300297","20231211",0,5.25,TRUE
1627783,"Pascal Siakam","1610612761","Toronto Raptors",2024,"0022300297","20231211",2.8,5.75,TRUE
1627783,"Pascal Siakam","1610612761","Toronto Raptors",2024,"0022300297","20231211",2.7,7.95,FALSE
1627783,"Pascal Siakam","1610612761","Toronto Raptors",2024,"0022300313","20231213",2.6,4.75,FALSE
1627783,"Pascal Siakam","1610612761","Toronto Raptors",2024,"0022300313","20231213",1.3,10.25,FALSE
1627783,"Pascal Siakam","1610612761","Toronto Raptors",2024,"0022300313","20231213",-3.2,8.35,TRUE
1627783,"Pascal Siakam","1610612761","Toronto Raptors",2024,"0022300313","20231213",0,11.15,TRUE
1627783,"Pascal Siakam","1610612761","Toronto Raptors",2024,"0022300313","20231213",4,11.55,TRUE
1627783,"Pascal Siakam","1610612761","Toronto Raptors",2024,"0022300313","20231213",6.2,9.65,TRUE
1627783,"Pascal Siakam","1610612761","Toronto Raptors",2024,"0022300313","20231213",-8.9,29.85,TRUE
1627783,"Pascal Siakam","1610612761","Toronto Raptors",2024,"0022300313","20231213",23.3,6.95,TRUE
1627783,"Pascal Siakam","1610612761","Toronto Raptors",2024,"0022300313","20231213",-10.7,12.05,FALSE
1627783,"Pascal Siakam","1610612761","Toronto Raptors",2024,"0022300313","20231213",-23.7,5.15,TRUE
1627783,"Pascal Siakam","1610612761","Toronto Raptors",2024,"0022300313","20231213",-22.4,5.45,FALSE
1627783,"Pascal Siakam","1610612761","Toronto Raptors",2024,"0022300313","20231213",-0.2,6.55,TRUE
1627783,"Pascal Siakam","1610612761","Toronto Raptors",2024,"0022300313","20231213",-23.4,4.85,TRUE
1627783,"Pascal Siakam","1610612761","Toronto Raptors",2024,"0022300313","20231213",-4.4,10.05,FALSE
1627783,"Pascal Siakam","1610612761","Toronto Raptors",2024,"0022300313","20231213",-5.5,10.55,FALSE
1627783,"Pascal Siakam","1610612761","Toronto Raptors",2024,"0022300313","20231213",22.8,4.65,TRUE
1627783,"Pascal Siakam","1610612761","Toronto Raptors",2024,"0022300313","20231213",-0.7,12.55,FALSE
1627783,"Pascal Siakam","1610612761","Toronto Raptors",2024,"0022300313","20231213",2.3,6.65,TRUE
1627783,"Pascal Siakam","1610612761","Toronto Raptors",2024,"0022300313","20231213",-7.4,10.55,TRUE
1627783,"Pascal Siakam","1610612761","Toronto Raptors",2024,"0022300330","20231215",1.1,21.55,FALSE
1627783,"Pascal Siakam","1610612761","Toronto Raptors",2024,"0022300330","20231215",4.5,11.25,FALSE
1627783,"Pascal Siakam","1610612761","Toronto Raptors",2024,"0022300330","20231215",0.1,5.95,TRUE
1627783,"Pascal Siakam","1610612761","Toronto Raptors",2024,"0022300330","20231215",11.5,29.85,FALSE
1627783,"Pascal Siakam","1610612761","Toronto Raptors",2024,"0022300330","20231215",-10.7,28.75,TRUE
1627783,"Pascal Siakam","1610612761","Toronto Raptors",2024,"0022300330","20231215",-2.2,23.05,FALSE
1627783,"Pascal Siakam","1610612761","Toronto Raptors",2024,"0022300330","20231215",-20.3,20.05,TRUE
1627783,"Pascal Siakam","1610612761","Toronto Raptors",2024,"0022300330","20231215",-9.8,22.65,FALSE
1627783,"Pascal Siakam","1610612761","Toronto Raptors",2024,"0022300330","20231215",-8.5,7.95,TRUE
1627783,"Pascal Siakam","1610612761","Toronto Raptors",2024,"0022300330","20231215",-0.6,5.85,TRUE
1627783,"Pascal Siakam","1610612761","Toronto Raptors",2024,"0022300330","20231215",0.9,5.85,FALSE
1627783,"Pascal Siakam","1610612761","Toronto Raptors",2024,"0022300354","20231218",-4.2,6.05,TRUE
1627783,"Pascal Siakam","1610612761","Toronto Raptors",2024,"0022300354","20231218",-4.9,6.65,FALSE
1627783,"Pascal Siakam","1610612761","Toronto Raptors",2024,"0022300354","20231218",-0.7,16.65,FALSE
1627783,"Pascal Siakam","1610612761","Toronto Raptors",2024,"0022300354","20231218",0.4,5.05,TRUE
1627783,"Pascal Siakam","1610612761","Toronto Raptors",2024,"0022300354","20231218",9.3,30.45,FALSE
1627783,"Pascal Siakam","1610612761","Toronto Raptors",2024,"0022300354","20231218",-10.9,9.95,TRUE
1627783,"Pascal Siakam","1610612761","Toronto Raptors",2024,"0022300354","20231218",3.4,14.75,FALSE
1627783,"Pascal Siakam","1610612761","Toronto Raptors",2024,"0022300354","20231218",0,5.25,TRUE
1627783,"Pascal Siakam","1610612761","Toronto Raptors",2024,"0022300354","20231218",-0.4,7.85,TRUE
1627783,"Pascal Siakam","1610612761","Toronto Raptors",2024,"0022300354","20231218",-3.8,10.75,TRUE
1627783,"Pascal Siakam","1610612761","Toronto Raptors",2024,"0022300354","20231218",0.1,5.45,TRUE
1627783,"Pascal Siakam","1610612761","Toronto Raptors",2024,"0022300354","20231218",-4.4,10.15,TRUE
1627783,"Pascal Siakam","1610612761","Toronto Raptors",2024,"0022300354","20231218",5.1,11.55,TRUE
1627783,"Pascal Siakam","1610612761","Toronto Raptors",2024,"0022300354","20231218",2.1,6.25,FALSE
1627783,"Pascal Siakam","1610612761","Toronto Raptors",2024,"0022300354","20231218",0,5.25,TRUE
1627783,"Pascal Siakam","1610612761","Toronto Raptors",2024,"0022300354","20231218",3.1,17.35,TRUE
1627783,"Pascal Siakam","1610612761","Toronto Raptors",2024,"0022300369","20231220",1.1,11.95,TRUE
1627783,"Pascal Siakam","1610612761","Toronto Raptors",2024,"0022300369","20231220",4.7,14.45,FALSE
1627783,"Pascal Siakam","1610612761","Toronto Raptors",2024,"0022300369","20231220",1.3,11.95,TRUE
1627783,"Pascal Siakam","1610612761","Toronto Raptors",2024,"0022300369","20231220",16.2,26.45,FALSE
1627783,"Pascal Siakam","1610612761","Toronto Raptors",2024,"0022300369","20231220",2.6,9.05,TRUE
1627783,"Pascal Siakam","1610612761","Toronto Raptors",2024,"0022300369","20231220",23,6.95,FALSE
1627783,"Pascal Siakam","1610612761","Toronto Raptors",2024,"0022300369","20231220",-13,7.55,TRUE
1627783,"Pascal Siakam","1610612761","Toronto Raptors",2024,"0022300369","20231220",2,17.85,FALSE
1627783,"Pascal Siakam","1610612761","Toronto Raptors",2024,"0022300369","20231220",5,12.85,FALSE
1627783,"Pascal Siakam","1610612761","Toronto Raptors",2024,"0022300369","20231220",4.7,32.05,TRUE
1627783,"Pascal Siakam","1610612761","Toronto Raptors",2024,"0022300369","20231220",6.6,30.95,FALSE
1627783,"Pascal Siakam","1610612761","Toronto Raptors",2024,"0022300369","20231220",0,5.25,FALSE
1627783,"Pascal Siakam","1610612761","Toronto Raptors",2024,"0022300369","20231220",-0.6,4.55,TRUE
1627783,"Pascal Siakam","1610612761","Toronto Raptors",2024,"0022300369","20231220",-22.2,18.65,FALSE
1627783,"Pascal Siakam","1610612761","Toronto Raptors",2024,"0022300369","20231220",-1.1,6.25,TRUE
1627783,"Pascal Siakam","1610612761","Toronto Raptors",2024,"0022300369","20231220",-0.2,10.85,FALSE
1627783,"Pascal Siakam","1610612761","Toronto Raptors",2024,"0022300382","20231222",-3.3,22.95,FALSE
1627783,"Pascal Siakam","1610612761","Toronto Raptors",2024,"0022300382","20231222",-3.1,3.65,TRUE
1627783,"Pascal Siakam","1610612761","Toronto Raptors",2024,"0022300382","20231222",-0.2,4.75,TRUE
1627783,"Pascal Siakam","1610612761","Toronto Raptors",2024,"0022300382","20231222",0.5,5.55,TRUE
1627783,"Pascal Siakam","1610612761","Toronto Raptors",2024,"0022300382","20231222",3.1,16.35,TRUE
1627783,"Pascal Siakam","1610612761","Toronto Raptors",2024,"0022300382","20231222",6.9,30.85,FALSE
1627783,"Pascal Siakam","1610612761","Toronto Raptors",2024,"0022300382","20231222",6.1,31.45,FALSE
1627783,"Pascal Siakam","1610612761","Toronto Raptors",2024,"0022300382","20231222",5.9,30.85,FALSE
1627783,"Pascal Siakam","1610612761","Toronto Raptors",2024,"0022300382","20231222",0.6,5.95,TRUE
1627783,"Pascal Siakam","1610612761","Toronto Raptors",2024,"0022300382","20231222",-14.8,27.85,FALSE
1627783,"Pascal Siakam","1610612761","Toronto Raptors",2024,"0022300382","20231222",-2.6,6.95,TRUE
1627783,"Pascal Siakam","1610612761","Toronto Raptors",2024,"0022300382","20231222",-0.5,5.85,TRUE
1627783,"Pascal Siakam","1610612761","Toronto Raptors",2024,"0022300382","20231222",-1.2,5.65,TRUE
1627783,"Pascal Siakam","1610612761","Toronto Raptors",2024,"0022300382","20231222",8.3,13.75,FALSE
1627783,"Pascal Siakam","1610612761","Toronto Raptors",2024,"0022300382","20231222",0,5.25,TRUE
1627783,"Pascal Siakam","1610612761","Toronto Raptors",2024,"0022300382","20231222",-2,5.65,TRUE
1627783,"Pascal Siakam","1610612761","Toronto Raptors",2024,"0022300395","20231223",-0.7,14.65,FALSE
1627783,"Pascal Siakam","1610612761","Toronto Raptors",2024,"0022300395","20231223",-10.3,6.85,TRUE
1627783,"Pascal Siakam","1610612761","Toronto Raptors",2024,"0022300395","20231223",1.8,22.95,FALSE
1627783,"Pascal Siakam","1610612761","Toronto Raptors",2024,"0022300395","20231223",-0.2,14.75,FALSE
1627783,"Pascal Siakam","1610612761","Toronto Raptors",2024,"0022300395","20231223",0.1,5.55,TRUE
1627783,"Pascal Siakam","1610612761","Toronto Raptors",2024,"0022300395","20231223",3.7,10.35,FALSE
1627783,"Pascal Siakam","1610612761","Toronto Raptors",2024,"0022300395","20231223",-3.4,9.75,FALSE
1627783,"Pascal Siakam","1610612761","Toronto Raptors",2024,"0022300395","20231223",0,5.25,FALSE
1627783,"Pascal Siakam","1610612761","Toronto Raptors",2024,"0022300395","20231223",-21.8,18.45,FALSE
1627783,"Pascal Siakam","1610612761","Toronto Raptors",2024,"0022300395","20231223",-3.2,6.05,FALSE
1627783,"Pascal Siakam","1610612761","Toronto Raptors",2024,"0022300395","20231223",-1.8,6.95,TRUE
1627783,"Pascal Siakam","1610612761","Toronto Raptors",2024,"0022300395","20231223",1.1,11.65,FALSE
1627783,"Pascal Siakam","1610612761","Toronto Raptors",2024,"0022300395","20231223",11.3,10.25,FALSE
1627783,"Pascal Siakam","1610612761","Toronto Raptors",2024,"0022300395","20231223",9.7,7.25,TRUE
1627783,"Pascal Siakam","1610612761","Toronto Raptors",2024,"0022300395","20231223",0.1,5.95,TRUE
1627783,"Pascal Siakam","1610612761","Toronto Raptors",2024,"0022300395","20231223",-1.1,6.45,FALSE
1627783,"Pascal Siakam","1610612761","Toronto Raptors",2024,"0022300395","20231223",2.7,32.05,FALSE
1627783,"Pascal Siakam","1610612761","Toronto Raptors",2024,"0022300395","20231223",-6.2,24.85,FALSE
1627783,"Pascal Siakam","1610612761","Toronto Raptors",2024,"0022300395","20231223",-0.4,5.65,TRUE
1627783,"Pascal Siakam","1610612761","Toronto Raptors",2024,"0022300395","20231223",0.1,6.25,TRUE
1627783,"Pascal Siakam","1610612761","Toronto Raptors",2024,"0022300416","20231227",17,23.55,FALSE
1627783,"Pascal Siakam","1610612761","Toronto Raptors",2024,"0022300416","20231227",-1.1,5.45,TRUE
1627783,"Pascal Siakam","1610612761","Toronto Raptors",2024,"0022300416","20231227",-5.8,4.95,FALSE
1627783,"Pascal Siakam","1610612761","Toronto Raptors",2024,"0022300416","20231227",-3.6,8.15,TRUE
1627783,"Pascal Siakam","1610612761","Toronto Raptors",2024,"0022300416","20231227",2.3,5.95,FALSE
1627783,"Pascal Siakam","1610612761","Toronto Raptors",2024,"0022300416","20231227",2.1,4.65,TRUE
1627783,"Pascal Siakam","1610612761","Toronto Raptors",2024,"0022300416","20231227",-23.4,3.75,FALSE
1627783,"Pascal Siakam","1610612761","Toronto Raptors",2024,"0022300416","20231227",-2.6,19.95,TRUE
1627783,"Pascal Siakam","1610612761","Toronto Raptors",2024,"0022300416","20231227",2.9,8.15,TRUE
1627783,"Pascal Siakam","1610612761","Toronto Raptors",2024,"0022300416","20231227",-2.6,7.25,FALSE
1627783,"Pascal Siakam","1610612761","Toronto Raptors",2024,"0022300416","20231227",2.2,6.35,TRUE
1627783,"Pascal Siakam","1610612761","Toronto Raptors",2024,"0022300416","20231227",-3.8,8.95,FALSE
1627783,"Pascal Siakam","1610612761","Toronto Raptors",2024,"0022300416","20231227",-2.2,5.85,TRUE
1627783,"Pascal Siakam","1610612761","Toronto Raptors",2024,"0022300416","20231227",-2,6.75,TRUE
1627783,"Pascal Siakam","1610612761","Toronto Raptors",2024,"0022300416","20231227",2.8,6.65,TRUE
1627783,"Pascal Siakam","1610612761","Toronto Raptors",2024,"0022300432","20231229",1.6,12.55,TRUE
1627783,"Pascal Siakam","1610612761","Toronto Raptors",2024,"0022300432","20231229",2,18.85,FALSE
1627783,"Pascal Siakam","1610612761","Toronto Raptors",2024,"0022300432","20231229",4,19.05,TRUE
1627783,"Pascal Siakam","1610612761","Toronto Raptors",2024,"0022300432","20231229",-3.1,8.55,FALSE
1627783,"Pascal Siakam","1610612761","Toronto Raptors",2024,"0022300432","20231229",-14.1,26.75,FALSE
1627783,"Pascal Siakam","1610612761","Toronto Raptors",2024,"0022300432","20231229",5.1,9.95,TRUE
1627783,"Pascal Siakam","1610612761","Toronto Raptors",2024,"0022300432","20231229",-13.1,26.85,TRUE
1627783,"Pascal Siakam","1610612761","Toronto Raptors",2024,"0022300432","20231229",-3.1,9.35,TRUE
1627783,"Pascal Siakam","1610612761","Toronto Raptors",2024,"0022300432","20231229",-2.2,6.85,TRUE
1627783,"Pascal Siakam","1610612761","Toronto Raptors",2024,"0022300432","20231229",-22.8,9.05,TRUE
1627783,"Pascal Siakam","1610612761","Toronto Raptors",2024,"0022300432","20231229",-3.6,8.15,FALSE
1627783,"Pascal Siakam","1610612761","Toronto Raptors",2024,"0022300432","20231229",1,20.65,TRUE
1627783,"Pascal Siakam","1610612761","Toronto Raptors",2024,"0022300432","20231229",-21.7,18.85,FALSE
1627783,"Pascal Siakam","1610612761","Toronto Raptors",2024,"0022300432","20231229",1.7,5.45,TRUE
1627783,"Pascal Siakam","1610612761","Toronto Raptors",2024,"0022300432","20231229",6.3,14.65,TRUE
1627783,"Pascal Siakam","1610612761","Toronto Raptors",2024,"0022300432","20231229",2.9,32.05,FALSE
1627783,"Pascal Siakam","1610612761","Toronto Raptors",2024,"0022300432","20231229",4,10.35,FALSE
1627783,"Pascal Siakam","1610612761","Toronto Raptors",2024,"0022300432","20231229",7.4,12.15,FALSE
1627783,"Pascal Siakam","1610612761","Toronto Raptors",2024,"0022300440","20231230",3.6,10.45,FALSE
1627783,"Pascal Siakam","1610612761","Toronto Raptors",2024,"0022300440","20231230",-23.7,7.75,TRUE
1627783,"Pascal Siakam","1610612761","Toronto Raptors",2024,"0022300440","20231230",2.1,11.75,FALSE
1627783,"Pascal Siakam","1610612761","Toronto Raptors",2024,"0022300440","20231230",5,7.45,FALSE
1627783,"Pascal Siakam","1610612761","Toronto Raptors",2024,"0022300440","20231230",0.7,7.85,TRUE
1627783,"Pascal Siakam","1610612761","Toronto Raptors",2024,"0022300440","20231230",-1,13.85,FALSE
1627783,"Pascal Siakam","1610612761","Toronto Raptors",2024,"0022300440","20231230",3.2,17.35,TRUE
1627783,"Pascal Siakam","1610612761","Toronto Raptors",2024,"0022300440","20231230",-6.1,17.75,FALSE
1627783,"Pascal Siakam","1610612761","Toronto Raptors",2024,"0022300440","20231230",-0.4,12.05,FALSE
1627783,"Pascal Siakam","1610612761","Toronto Raptors",2024,"0022300440","20231230",-2.7,8.35,TRUE
1627783,"Pascal Siakam","1610612761","Toronto Raptors",2024,"0022300440","20231230",0.1,14.75,TRUE
1627783,"Pascal Siakam","1610612761","Toronto Raptors",2024,"0022300440","20231230",-2.5,10.55,TRUE
1627783,"Pascal Siakam","1610612761","Toronto Raptors",2024,"0022300440","20231230",-1,10.25,FALSE
1627783,"Pascal Siakam","1610612761","Toronto Raptors",2024,"0022300440","20231230",-2.5,9.75,TRUE
1627783,"Pascal Siakam","1610612761","Toronto Raptors",2024,"0022300440","20231230",2.1,11.35,TRUE
1627783,"Pascal Siakam","1610612761","Toronto Raptors",2024,"0022300440","20231230",3.1,10.45,TRUE
1627783,"Pascal Siakam","1610612761","Toronto Raptors",2024,"0022300440","20231230",-12.4,12.55,TRUE
1627783,"Pascal Siakam","1610612761","Toronto Raptors",2024,"0022300440","20231230",-2.1,7.65,TRUE
1627783,"Pascal Siakam","1610612761","Toronto Raptors",2024,"0022300440","20231230",-8.5,14.45,TRUE
1627783,"Pascal Siakam","1610612761","Toronto Raptors",2024,"0022300440","20231230",0.5,7.85,FALSE
1627783,"Pascal Siakam","1610612761","Toronto Raptors",2024,"0022300440","20231230",11,7.35,FALSE
1627783,"Pascal Siakam","1610612761","Toronto Raptors",2024,"0022300440","20231230",-3.4,8.75,FALSE
1627783,"Pascal Siakam","1610612761","Toronto Raptors",2024,"0022300440","20231230",-1.6,8.25,TRUE
1627783,"Pascal Siakam","1610612761","Toronto Raptors",2024,"0022300440","20231230",-23.8,7.65,TRUE
1627783,"Pascal Siakam","1610612761","Toronto Raptors",2024,"0022300452","20240101",-5.3,9.05,TRUE
1627783,"Pascal Siakam","1610612761","Toronto Raptors",2024,"0022300452","20240101",17.2,10.05,TRUE
1627783,"Pascal Siakam","1610612761","Toronto Raptors",2024,"0022300452","20240101",-2.5,18.25,FALSE
1627783,"Pascal Siakam","1610612761","Toronto Raptors",2024,"0022300452","20240101",13.5,28.95,TRUE
1627783,"Pascal Siakam","1610612761","Toronto Raptors",2024,"0022300452","20240101",-20.6,20.35,TRUE
1627783,"Pascal Siakam","1610612761","Toronto Raptors",2024,"0022300452","20240101",21.3,19.45,TRUE
1627783,"Pascal Siakam","1610612761","Toronto Raptors",2024,"0022300452","20240101",-10.3,11.45,FALSE
1627783,"Pascal Siakam","1610612761","Toronto Raptors",2024,"0022300452","20240101",-0.2,4.95,TRUE
1627783,"Pascal Siakam","1610612761","Toronto Raptors",2024,"0022300452","20240101",12.1,28.55,FALSE
1627783,"Pascal Siakam","1610612761","Toronto Raptors",2024,"0022300452","20240101",-0.6,6.05,TRUE
1627783,"Pascal Siakam","1610612761","Toronto Raptors",2024,"0022300452","20240101",-4.5,30.25,TRUE
1627783,"Pascal Siakam","1610612761","Toronto Raptors",2024,"0022300452","20240101",-5.6,16.15,TRUE
1627783,"Pascal Siakam","1610612761","Toronto Raptors",2024,"0022300452","20240101",-2.5,30.45,FALSE
1627783,"Pascal Siakam","1610612761","Toronto Raptors",2024,"0022300452","20240101",-3.9,9.25,TRUE
1627783,"Pascal Siakam","1610612761","Toronto Raptors",2024,"0022300452","20240101",14.8,25.85,FALSE
1627783,"Pascal Siakam","1610612761","Toronto Raptors",2024,"0022300452","20240101",-23.7,7.75,TRUE
1627783,"Pascal Siakam","1610612761","Toronto Raptors",2024,"0022300452","20240101",3.3,11.35,FALSE
1627783,"Pascal Siakam","1610612761","Toronto Raptors",2024,"0022300452","20240101",-3.9,6.75,TRUE
1627783,"Pascal Siakam","1610612761","Toronto Raptors",2024,"0022300452","20240101",12.1,5.75,TRUE
1627783,"Pascal Siakam","1610612761","Toronto Raptors",2024,"0022300452","20240101",-11.9,13.25,FALSE
1627783,"Pascal Siakam","1610612761","Toronto Raptors",2024,"0022300470","20240103",-5.5,12.35,FALSE
1627783,"Pascal Siakam","1610612761","Toronto Raptors",2024,"0022300470","20240103",-0.6,5.85,TRUE
1627783,"Pascal Siakam","1610612761","Toronto Raptors",2024,"0022300470","20240103",10.8,5.75,TRUE
1627783,"Pascal Siakam","1610612761","Toronto Raptors",2024,"0022300470","20240103",0.6,13.65,TRUE
1627783,"Pascal Siakam","1610612761","Toronto Raptors",2024,"0022300470","20240103",5.9,8.25,FALSE
1627783,"Pascal Siakam","1610612761","Toronto Raptors",2024,"0022300470","20240103",22.5,4.05,TRUE
1627783,"Pascal Siakam","1610612761","Toronto Raptors",2024,"0022300470","20240103",-6.9,20.55,TRUE
1627783,"Pascal Siakam","1610612761","Toronto Raptors",2024,"0022300470","20240103",-9.4,28.95,FALSE
1627783,"Pascal Siakam","1610612761","Toronto Raptors",2024,"0022300470","20240103",-0.2,5.95,TRUE
1627783,"Pascal Siakam","1610612761","Toronto Raptors",2024,"0022300470","20240103",1,14.25,TRUE
1627783,"Pascal Siakam","1610612761","Toronto Raptors",2024,"0022300470","20240103",-1.8,6.45,FALSE
1627783,"Pascal Siakam","1610612761","Toronto Raptors",2024,"0022300470","20240103",0.2,17.45,FALSE
1627783,"Pascal Siakam","1610612761","Toronto Raptors",2024,"0022300470","20240103",-4.8,23.25,TRUE
1627783,"Pascal Siakam","1610612761","Toronto Raptors",2024,"0022300470","20240103",0,5.25,TRUE
1627783,"Pascal Siakam","1610612761","Toronto Raptors",2024,"0022300492","20240105",-5.6,21.15,TRUE
1627783,"Pascal Siakam","1610612761","Toronto Raptors",2024,"0022300492","20240105",-1.3,6.25,TRUE
1627783,"Pascal Siakam","1610612761","Toronto Raptors",2024,"0022300492","20240105",-8.9,18.65,FALSE
1627783,"Pascal Siakam","1610612761","Toronto Raptors",2024,"0022300492","20240105",-1.8,6.85,FALSE
1627783,"Pascal Siakam","1610612761","Toronto Raptors",2024,"0022300492","20240105",0,5.25,FALSE
1627783,"Pascal Siakam","1610612761","Toronto Raptors",2024,"0022300492","20240105",-0.7,13.65,FALSE
1627783,"Pascal Siakam","1610612761","Toronto Raptors",2024,"0022300492","20240105",2.2,7.45,FALSE
1627783,"Pascal Siakam","1610612761","Toronto Raptors",2024,"0022300492","20240105",1.7,7.75,TRUE
1627783,"Pascal Siakam","1610612761","Toronto Raptors",2024,"0022300492","20240105",-0.7,6.35,TRUE
1627783,"Pascal Siakam","1610612761","Toronto Raptors",2024,"0022300492","20240105",0,12.75,TRUE
1627783,"Pascal Siakam","1610612761","Toronto Raptors",2024,"0022300492","20240105",1.1,6.95,TRUE
1627783,"Pascal Siakam","1610612761","Toronto Raptors",2024,"0022300504","20240107",0.7,34.65,FALSE
1627783,"Pascal Siakam","1610612761","Toronto Raptors",2024,"0022300504","20240107",-0.1,7.95,TRUE
1627783,"Pascal Siakam","1610612761","Toronto Raptors",2024,"0022300504","20240107",0.6,15.65,TRUE
1627783,"Pascal Siakam","1610612761","Toronto Raptors",2024,"0022300504","20240107",0.1,11.15,TRUE
1627783,"Pascal Siakam","1610612761","Toronto Raptors",2024,"0022300504","20240107",-23,5.25,TRUE
1627783,"Pascal Siakam","1610612761","Toronto Raptors",2024,"0022300504","20240107",-11,23.35,FALSE
1627783,"Pascal Siakam","1610612761","Toronto Raptors",2024,"0022300504","20240107",5.8,10.75,FALSE
1627783,"Pascal Siakam","1610612761","Toronto Raptors",2024,"0022300504","20240107",2.6,13.85,FALSE
1627783,"Pascal Siakam","1610612761","Toronto Raptors",2024,"0022300504","20240107",17.3,23.45,TRUE
1627783,"Pascal Siakam","1610612761","Toronto Raptors",2024,"0022300504","20240107",-3.7,7.35,TRUE
1627783,"Pascal Siakam","1610612761","Toronto Raptors",2024,"0022300504","20240107",-1.2,9.85,TRUE
1627783,"Pascal Siakam","1610612761","Toronto Raptors",2024,"0022300516","20240109",-1.6,6.15,TRUE
1627783,"Pascal Siakam","1610612761","Toronto Raptors",2024,"0022300516","20240109",7.5,13.75,TRUE
1627783,"Pascal Siakam","1610612761","Toronto Raptors",2024,"0022300516","20240109",19.6,19.25,FALSE
1627783,"Pascal Siakam","1610612761","Toronto Raptors",2024,"0022300516","20240109",3.7,13.45,FALSE
1627783,"Pascal Siakam","1610612761","Toronto Raptors",2024,"0022300516","20240109",5.2,12.45,FALSE
1627783,"Pascal Siakam","1610612761","Toronto Raptors",2024,"0022300516","20240109",-13.1,20.95,FALSE
1627783,"Pascal Siakam","1610612761","Toronto Raptors",2024,"0022300516","20240109",-1,7.25,TRUE
1627783,"Pascal Siakam","1610612761","Toronto Raptors",2024,"0022300516","20240109",1,6.55,TRUE
1627783,"Pascal Siakam","1610612761","Toronto Raptors",2024,"0022300516","20240109",20.6,20.35,FALSE
1627783,"Pascal Siakam","1610612761","Toronto Raptors",2024,"0022300516","20240109",4.1,18.65,FALSE
1627783,"Pascal Siakam","1610612761","Toronto Raptors",2024,"0022300516","20240109",1.3,18.45,FALSE
1627783,"Pascal Siakam","1610612761","Toronto Raptors",2024,"0022300516","20240109",-0.7,6.55,TRUE
1627783,"Pascal Siakam","1610612761","Toronto Raptors",2024,"0022300516","20240109",22.4,7.45,TRUE
1627783,"Pascal Siakam","1610612761","Toronto Raptors",2024,"0022300516","20240109",22.9,8.25,TRUE
1627783,"Pascal Siakam","1610612761","Toronto Raptors",2024,"0022300516","20240109",1.2,7.75,TRUE
1627783,"Pascal Siakam","1610612761","Toronto Raptors",2024,"0022300516","20240109",3.1,15.45,TRUE
1627783,"Pascal Siakam","1610612761","Toronto Raptors",2024,"0022300516","20240109",-16.7,24.75,TRUE
1627783,"Pascal Siakam","1610612761","Toronto Raptors",2024,"0022300540","20240112",22.9,8.15,TRUE
1627783,"Pascal Siakam","1610612761","Toronto Raptors",2024,"0022300540","20240112",8.5,11.65,FALSE
1627783,"Pascal Siakam","1610612761","Toronto Raptors",2024,"0022300540","20240112",7.1,21.65,FALSE
1627783,"Pascal Siakam","1610612761","Toronto Raptors",2024,"0022300540","20240112",-0.4,11.15,FALSE
1627783,"Pascal Siakam","1610612761","Toronto Raptors",2024,"0022300540","20240112",1.7,9.05,TRUE
1627783,"Pascal Siakam","1610612761","Toronto Raptors",2024,"0022300540","20240112",-9.9,28.25,TRUE
1627783,"Pascal Siakam","1610612761","Toronto Raptors",2024,"0022300540","20240112",22.8,4.55,TRUE
1627783,"Pascal Siakam","1610612761","Toronto Raptors",2024,"0022300540","20240112",-4.9,9.05,TRUE
1627783,"Pascal Siakam","1610612761","Toronto Raptors",2024,"0022300540","20240112",-23.3,14.05,TRUE
1627783,"Pascal Siakam","1610612761","Toronto Raptors",2024,"0022300540","20240112",18,23.25,TRUE
1627783,"Pascal Siakam","1610612761","Toronto Raptors",2024,"0022300540","20240112",-2.2,7.25,FALSE
1627783,"Pascal Siakam","1610612761","Toronto Raptors",2024,"0022300540","20240112",3.4,5.25,FALSE
1627783,"Pascal Siakam","1610612761","Toronto Raptors",2024,"0022300540","20240112",-2.2,8.25,TRUE
1627783,"Pascal Siakam","1610612761","Toronto Raptors",2024,"0022300540","20240112",17.4,22.85,FALSE
1627783,"Pascal Siakam","1610612761","Toronto Raptors",2024,"0022300563","20240115",-4.3,9.65,FALSE
1627783,"Pascal Siakam","1610612761","Toronto Raptors",2024,"0022300563","20240115",1,20.35,FALSE
1627783,"Pascal Siakam","1610612761","Toronto Raptors",2024,"0022300563","20240115",-3.7,9.05,TRUE
1627783,"Pascal Siakam","1610612761","Toronto Raptors",2024,"0022300563","20240115",4.4,12.25,FALSE
1627783,"Pascal Siakam","1610612761","Toronto Raptors",2024,"0022300563","20240115",23.5,5.25,FALSE
1627783,"Pascal Siakam","1610612761","Toronto Raptors",2024,"0022300563","20240115",-22.9,7.85,FALSE
1627783,"Pascal Siakam","1610612761","Toronto Raptors",2024,"0022300563","20240115",-22.8,5.95,FALSE
1627783,"Pascal Siakam","1610612761","Toronto Raptors",2024,"0022300563","20240115",6.5,10.15,FALSE
1627783,"Pascal Siakam","1610612761","Toronto Raptors",2024,"0022300563","20240115",-3.6,9.05,TRUE
1627783,"Pascal Siakam","1610612761","Toronto Raptors",2024,"0022300563","20240115",1.7,7.25,TRUE
1627783,"Pascal Siakam","1610612761","Toronto Raptors",2024,"0022300563","20240115",22.8,13.05,FALSE
1627783,"Pascal Siakam","1610612761","Toronto Raptors",2024,"0022300563","20240115",-0.5,5.75,TRUE
1627783,"Pascal Siakam","1610612761","Toronto Raptors",2024,"0022300563","20240115",20,20.95,FALSE
1627783,"Pascal Siakam","1610612761","Toronto Raptors",2024,"0022300563","20240115",0,5.25,TRUE
1627783,"Pascal Siakam","1610612761","Toronto Raptors",2024,"0022300563","20240115",22.8,4.75,FALSE
1627783,"Pascal Siakam","1610612761","Toronto Raptors",2024,"0022300590","20240119",-11.9,16.15,TRUE
1627783,"Pascal Siakam","1610612761","Toronto Raptors",2024,"0022300590","20240119",-23,10.05,TRUE
1627783,"Pascal Siakam","1610612761","Toronto Raptors",2024,"0022300590","20240119",2.8,7.95,TRUE
1627783,"Pascal Siakam","1610612761","Toronto Raptors",2024,"0022300590","20240119",-2.2,8.55,FALSE
1627783,"Pascal Siakam","1610612761","Toronto Raptors",2024,"0022300590","20240119",0.1,32.95,FALSE
1627783,"Pascal Siakam","1610612761","Toronto Raptors",2024,"0022300590","20240119",0.7,8.85,TRUE
1627783,"Pascal Siakam","1610612761","Toronto Raptors",2024,"0022300590","20240119",-1.1,9.95,TRUE
1627783,"Pascal Siakam","1610612761","Toronto Raptors",2024,"0022300590","20240119",-2,19.75,TRUE
1627783,"Pascal Siakam","1610612761","Toronto Raptors",2024,"0022300590","20240119",10.8,18.45,TRUE
1627783,"Pascal Siakam","1610612761","Toronto Raptors",2024,"0022300590","20240119",3.4,9.95,FALSE
1627783,"Pascal Siakam","1610612761","Toronto Raptors",2024,"0022300590","20240119",12.9,29.85,FALSE
1627783,"Pascal Siakam","1610612761","Toronto Raptors",2024,"0022300590","20240119",-11.9,12.65,FALSE
1627783,"Pascal Siakam","1610612761","Toronto Raptors",2024,"0022300590","20240119",-7.7,15.85,TRUE
1627783,"Pascal Siakam","1610612761","Toronto Raptors",2024,"0022300590","20240119",-2.8,6.65,TRUE
1627783,"Pascal Siakam","1610612761","Toronto Raptors",2024,"0022300604","20240121",2.8,7.85,TRUE
1627783,"Pascal Siakam","1610612761","Toronto Raptors",2024,"0022300604","20240121",-1.1,9.25,FALSE
1627783,"Pascal Siakam","1610612761","Toronto Raptors",2024,"0022300604","20240121",-4.3,12.45,TRUE
1627783,"Pascal Siakam","1610612761","Toronto Raptors",2024,"0022300604","20240121",15.1,25.55,FALSE
1627783,"Pascal Siakam","1610612761","Toronto Raptors",2024,"0022300604","20240121",1.1,5.35,TRUE
1627783,"Pascal Siakam","1610612761","Toronto Raptors",2024,"0022300604","20240121",16.5,24.95,TRUE
1627783,"Pascal Siakam","1610612761","Toronto Raptors",2024,"0022300604","20240121",3.1,13.85,FALSE
1627783,"Pascal Siakam","1610612761","Toronto Raptors",2024,"0022300604","20240121",-3.6,17.05,TRUE
1627783,"Pascal Siakam","1610612761","Toronto Raptors",2024,"0022300604","20240121",-4.8,18.25,TRUE
1627783,"Pascal Siakam","1610612761","Toronto Raptors",2024,"0022300604","20240121",-0.6,6.35,FALSE
1627783,"Pascal Siakam","1610612761","Toronto Raptors",2024,"0022300604","20240121",-1.8,30.95,FALSE
1627783,"Pascal Siakam","1610612761","Toronto Raptors",2024,"0022300604","20240121",9.3,20.95,FALSE
1627783,"Pascal Siakam","1610612761","Toronto Raptors",2024,"0022300604","20240121",4.3,23.35,FALSE
1627783,"Pascal Siakam","1610612761","Toronto Raptors",2024,"0022300604","20240121",-0.5,5.35,FALSE
1627783,"Pascal Siakam","1610612761","Toronto Raptors",2024,"0022300614","20240123",-0.6,9.95,FALSE
1627783,"Pascal Siakam","1610612761","Toronto Raptors",2024,"0022300614","20240123",10.5,17.05,TRUE
1627783,"Pascal Siakam","1610612761","Toronto Raptors",2024,"0022300614","20240123",-0.1,7.85,TRUE
1627783,"Pascal Siakam","1610612761","Toronto Raptors",2024,"0022300614","20240123",18,7.55,TRUE
1627783,"Pascal Siakam","1610612761","Toronto Raptors",2024,"0022300614","20240123",11.3,8.35,TRUE
1627783,"Pascal Siakam","1610612761","Toronto Raptors",2024,"0022300614","20240123",-3.2,11.95,FALSE
1627783,"Pascal Siakam","1610612761","Toronto Raptors",2024,"0022300614","20240123",4.8,16.95,TRUE
1627783,"Pascal Siakam","1610612761","Toronto Raptors",2024,"0022300614","20240123",4.5,19.45,FALSE
1627783,"Pascal Siakam","1610612761","Toronto Raptors",2024,"0022300614","20240123",-12,11.45,FALSE
1627783,"Pascal Siakam","1610612761","Toronto Raptors",2024,"0022300614","20240123",-1.3,9.05,FALSE
1627783,"Pascal Siakam","1610612761","Toronto Raptors",2024,"0022300614","20240123",2.1,7.35,FALSE
1627783,"Pascal Siakam","1610612761","Toronto Raptors",2024,"0022300614","20240123",3.4,7.65,FALSE
1627783,"Pascal Siakam","1610612761","Toronto Raptors",2024,"0022300614","20240123",1.5,4.45,TRUE
1627783,"Pascal Siakam","1610612761","Toronto Raptors",2024,"0022300614","20240123",2.6,6.35,FALSE
1627783,"Pascal Siakam","1610612761","Toronto Raptors",2024,"0022300614","20240123",-3.3,7.85,FALSE
1627783,"Pascal Siakam","1610612761","Toronto Raptors",2024,"0022300614","20240123",0,5.25,TRUE
1627783,"Pascal Siakam","1610612761","Toronto Raptors",2024,"0022300627","20240125",-20.3,19.95,FALSE
1627783,"Pascal Siakam","1610612761","Toronto Raptors",2024,"0022300627","20240125",2.1,7.55,FALSE
1627783,"Pascal Siakam","1610612761","Toronto Raptors",2024,"0022300627","20240125",0,5.25,TRUE
1627783,"Pascal Siakam","1610612761","Toronto Raptors",2024,"0022300627","20240125",2.8,6.55,TRUE
1627783,"Pascal Siakam","1610612761","Toronto Raptors",2024,"0022300627","20240125",12.3,7.05,TRUE
1627783,"Pascal Siakam","1610612761","Toronto Raptors",2024,"0022300627","20240125",17.4,28.45,TRUE
1627783,"Pascal Siakam","1610612761","Toronto Raptors",2024,"0022300627","20240125",5.8,17.25,FALSE
1627783,"Pascal Siakam","1610612761","Toronto Raptors",2024,"0022300627","20240125",-8.7,20.15,FALSE
1627783,"Pascal Siakam","1610612761","Toronto Raptors",2024,"0022300627","20240125",1.6,6.35,TRUE
1627783,"Pascal Siakam","1610612761","Toronto Raptors",2024,"0022300627","20240125",0.6,6.05,TRUE
1627783,"Pascal Siakam","1610612761","Toronto Raptors",2024,"0022300627","20240125",-8.7,15.75,TRUE
1627783,"Pascal Siakam","1610612761","Toronto Raptors",2024,"0022300627","20240125",-18.8,5.65,TRUE
1627783,"Pascal Siakam","1610612761","Toronto Raptors",2024,"0022300627","20240125",0,5.25,TRUE
1627783,"Pascal Siakam","1610612761","Toronto Raptors",2024,"0022300636","20240126",9.9,21.65,TRUE
1627783,"Pascal Siakam","1610612761","Toronto Raptors",2024,"0022300636","20240126",-0.7,5.25,TRUE
1627783,"Pascal Siakam","1610612761","Toronto Raptors",2024,"0022300636","20240126",2.9,8.45,FALSE
1627783,"Pascal Siakam","1610612761","Toronto Raptors",2024,"0022300636","20240126",-14,27.95,TRUE
1627783,"Pascal Siakam","1610612761","Toronto Raptors",2024,"0022300636","20240126",-5.4,7.55,TRUE
1627783,"Pascal Siakam","1610612761","Toronto Raptors",2024,"0022300636","20240126",0.1,10.55,TRUE
1627783,"Pascal Siakam","1610612761","Toronto Raptors",2024,"0022300636","20240126",-3.4,7.05,FALSE
1627783,"Pascal Siakam","1610612761","Toronto Raptors",2024,"0022300636","20240126",2.3,6.75,TRUE
1627783,"Pascal Siakam","1610612761","Toronto Raptors",2024,"0022300636","20240126",-3.4,11.55,TRUE
1627783,"Pascal Siakam","1610612761","Toronto Raptors",2024,"0022300636","20240126",-2.3,7.45,TRUE
1627783,"Pascal Siakam","1610612761","Toronto Raptors",2024,"0022300636","20240126",-1.7,31.25,TRUE
1627783,"Pascal Siakam","1610612761","Toronto Raptors",2024,"0022300636","20240126",-2.5,10.25,TRUE
1627783,"Pascal Siakam","1610612761","Toronto Raptors",2024,"0022300636","20240126",3.3,10.05,TRUE
1627783,"Pascal Siakam","1610612761","Toronto Raptors",2024,"0022300636","20240126",-14.5,27.45,FALSE
1627783,"Pascal Siakam","1610612761","Toronto Raptors",2024,"0022300636","20240126",0.9,6.35,FALSE
1627783,"Pascal Siakam","1610612761","Toronto Raptors",2024,"0022300636","20240126",0,5.25,FALSE
1627783,"Pascal Siakam","1610612761","Toronto Raptors",2024,"0022300636","20240126",-2,7.25,FALSE
1627783,"Pascal Siakam","1610612761","Toronto Raptors",2024,"0022300636","20240126",-2.2,6.95,TRUE
1627783,"Pascal Siakam","1610612761","Toronto Raptors",2024,"0022300636","20240126",-1.5,5.55,FALSE
1627783,"Pascal Siakam","1610612761","Toronto Raptors",2024,"0022300636","20240126",-6.6,19.75,TRUE
1627783,"Pascal Siakam","1610612761","Toronto Raptors",2024,"0022300636","20240126",-1.1,7.65,TRUE
1627783,"Pascal Siakam","1610612761","Toronto Raptors",2024,"0022300636","20240126",0,5.25,FALSE
1627783,"Pascal Siakam","1610612761","Toronto Raptors",2024,"0022300652","20240128",23,17.15,FALSE
1627783,"Pascal Siakam","1610612761","Toronto Raptors",2024,"0022300652","20240128",-0.4,11.05,TRUE
1627783,"Pascal Siakam","1610612761","Toronto Raptors",2024,"0022300652","20240128",-0.5,6.05,FALSE
1627783,"Pascal Siakam","1610612761","Toronto Raptors",2024,"0022300652","20240128",0.1,5.05,TRUE
1627783,"Pascal Siakam","1610612761","Toronto Raptors",2024,"0022300652","20240128",0.4,5.55,TRUE
1627783,"Pascal Siakam","1610612761","Toronto Raptors",2024,"0022300652","20240128",0.2,10.45,TRUE
1627783,"Pascal Siakam","1610612761","Toronto Raptors",2024,"0022300652","20240128",-6.6,7.45,TRUE
1627783,"Pascal Siakam","1610612761","Toronto Raptors",2024,"0022300652","20240128",0.1,5.35,TRUE
1627783,"Pascal Siakam","1610612761","Toronto Raptors",2024,"0022300652","20240128",-0.5,4.35,TRUE
1627783,"Pascal Siakam","1610612761","Toronto Raptors",2024,"0022300652","20240128",-0.7,30.05,FALSE
1627783,"Pascal Siakam","1610612761","Toronto Raptors",2024,"0022300652","20240128",-0.5,4.65,TRUE
1627783,"Pascal Siakam","1610612761","Toronto Raptors",2024,"0022300652","20240128",-0.4,5.95,FALSE
1627783,"Pascal Siakam","1610612761","Toronto Raptors",2024,"0022300652","20240128",-7.4,22.15,FALSE
1627783,"Pascal Siakam","1610612761","Toronto Raptors",2024,"0022300670","20240130",-11.2,13.45,FALSE
1627783,"Pascal Siakam","1610612761","Toronto Raptors",2024,"0022300670","20240130",0,5.25,TRUE
1627783,"Pascal Siakam","1610612761","Toronto Raptors",2024,"0022300670","20240130",10.2,9.75,FALSE
1627783,"Pascal Siakam","1610612761","Toronto Raptors",2024,"0022300670","20240130",-4.4,8.25,TRUE
1627783,"Pascal Siakam","1610612761","Toronto Raptors",2024,"0022300670","20240130",3.4,22.15,FALSE
1627783,"Pascal Siakam","1610612761","Toronto Raptors",2024,"0022300670","20240130",-4.7,8.45,TRUE
1627783,"Pascal Siakam","1610612761","Toronto Raptors",2024,"0022300670","20240130",-5.3,9.75,TRUE
1627783,"Pascal Siakam","1610612761","Toronto Raptors",2024,"0022300670","20240130",-0.7,7.55,TRUE
1627783,"Pascal Siakam","1610612761","Toronto Raptors",2024,"0022300670","20240130",1.7,7.05,FALSE
1627783,"Pascal Siakam","1610612761","Toronto Raptors",2024,"0022300670","20240130",-0.4,5.95,TRUE
1627783,"Pascal Siakam","1610612761","Toronto Raptors",2024,"0022300670","20240130",-21.1,18.65,TRUE
1627783,"Pascal Siakam","1610612761","Toronto Raptors",2024,"0022300670","20240130",-2.7,11.05,FALSE
1627783,"Pascal Siakam","1610612761","Toronto Raptors",2024,"0022300670","20240130",9.2,22.65,FALSE
1627783,"Pascal Siakam","1610612761","Toronto Raptors",2024,"0022300670","20240130",0.2,5.95,TRUE
1627783,"Pascal Siakam","1610612761","Toronto Raptors",2024,"0022300670","20240130",0.2,20.65,TRUE
1627783,"Pascal Siakam","1610612761","Toronto Raptors",2024,"0022300670","20240130",0,11.25,FALSE
1627783,"Pascal Siakam","1610612761","Toronto Raptors",2024,"0022300685","20240201",-0.5,6.65,TRUE
1627783,"Pascal Siakam","1610612761","Toronto Raptors",2024,"0022300685","20240201",-22.8,7.65,TRUE
1627783,"Pascal Siakam","1610612761","Toronto Raptors",2024,"0022300685","20240201",-1.7,7.35,TRUE
1627783,"Pascal Siakam","1610612761","Toronto Raptors",2024,"0022300685","20240201",23.5,3.65,FALSE
1627783,"Pascal Siakam","1610612761","Toronto Raptors",2024,"0022300685","20240201",0,5.25,FALSE
1627783,"Pascal Siakam","1610612761","Toronto Raptors",2024,"0022300685","20240201",0,5.25,TRUE
1627783,"Pascal Siakam","1610612761","Toronto Raptors",2024,"0022300685","20240201",-6.9,12.05,FALSE
1627783,"Pascal Siakam","1610612761","Toronto Raptors",2024,"0022300685","20240201",9.1,29.25,FALSE
1627783,"Pascal Siakam","1610612761","Toronto Raptors",2024,"0022300685","20240201",8.2,6.25,FALSE
1627783,"Pascal Siakam","1610612761","Toronto Raptors",2024,"0022300685","20240201",7.6,14.05,FALSE
1627783,"Pascal Siakam","1610612761","Toronto Raptors",2024,"0022300685","20240201",2.9,6.95,FALSE
1627783,"Pascal Siakam","1610612761","Toronto Raptors",2024,"0022300685","20240201",-2,5.35,FALSE
1627783,"Pascal Siakam","1610612761","Toronto Raptors",2024,"0022300685","20240201",2.3,4.85,TRUE
1627783,"Pascal Siakam","1610612761","Toronto Raptors",2024,"0022300685","20240201",-1.8,6.45,FALSE
1627783,"Pascal Siakam","1610612761","Toronto Raptors",2024,"0022300685","20240201",-2.1,6.25,FALSE
1627783,"Pascal Siakam","1610612761","Toronto Raptors",2024,"0022300685","20240201",-1.3,5.75,TRUE
1627783,"Pascal Siakam","1610612761","Toronto Raptors",2024,"0022300685","20240201",-0.5,5.85,TRUE
1627783,"Pascal Siakam","1610612761","Toronto Raptors",2024,"0022300685","20240201",8,19.15,TRUE
1627783,"Pascal Siakam","1610612761","Toronto Raptors",2024,"0022300685","20240201",0.4,7.35,FALSE
1627783,"Pascal Siakam","1610612761","Toronto Raptors",2024,"0022300691","20240202",-1.8,4.65,TRUE
1627783,"Pascal Siakam","1610612761","Toronto Raptors",2024,"0022300691","20240202",-0.2,12.05,TRUE
1627783,"Pascal Siakam","1610612761","Toronto Raptors",2024,"0022300691","20240202",22.5,5.45,FALSE
1627783,"Pascal Siakam","1610612761","Toronto Raptors",2024,"0022300691","20240202",1.8,6.35,TRUE
1627783,"Pascal Siakam","1610612761","Toronto Raptors",2024,"0022300691","20240202",1.1,8.45,TRUE
1627783,"Pascal Siakam","1610612761","Toronto Raptors",2024,"0022300691","20240202",2.1,6.15,FALSE
1627783,"Pascal Siakam","1610612761","Toronto Raptors",2024,"0022300691","20240202",1.2,31.25,FALSE
1627783,"Pascal Siakam","1610612761","Toronto Raptors",2024,"0022300691","20240202",23.4,7.45,TRUE
1627783,"Pascal Siakam","1610612761","Toronto Raptors",2024,"0022300691","20240202",0.4,9.95,TRUE
1627783,"Pascal Siakam","1610612761","Toronto Raptors",2024,"0022300691","20240202",-0.9,8.25,TRUE
1627783,"Pascal Siakam","1610612761","Toronto Raptors",2024,"0022300691","20240202",0.9,6.65,FALSE
1627783,"Pascal Siakam","1610612761","Toronto Raptors",2024,"0022300691","20240202",0,6.55,TRUE
1627783,"Pascal Siakam","1610612761","Toronto Raptors",2024,"0022300691","20240202",-1.7,7.45,FALSE
1627783,"Pascal Siakam","1610612761","Toronto Raptors",2024,"0022300691","20240202",-0.6,5.15,TRUE
1627783,"Pascal Siakam","1610612761","Toronto Raptors",2024,"0022300691","20240202",1.7,6.65,TRUE
1627783,"Pascal Siakam","1610612761","Toronto Raptors",2024,"0022300707","20240204",2.5,16.85,TRUE
1627783,"Pascal Siakam","1610612761","Toronto Raptors",2024,"0022300707","20240204",-0.6,6.25,TRUE
1627783,"Pascal Siakam","1610612761","Toronto Raptors",2024,"0022300707","20240204",-1.8,5.95,TRUE
1627783,"Pascal Siakam","1610612761","Toronto Raptors",2024,"0022300707","20240204",0,8.35,FALSE
1627783,"Pascal Siakam","1610612761","Toronto Raptors",2024,"0022300707","20240204",-14.3,28.25,FALSE
1627783,"Pascal Siakam","1610612761","Toronto Raptors",2024,"0022300707","20240204",0.2,18.05,FALSE
1627783,"Pascal Siakam","1610612761","Toronto Raptors",2024,"0022300707","20240204",11.2,11.25,FALSE
1627783,"Pascal Siakam","1610612761","Toronto Raptors",2024,"0022300707","20240204",-1,7.25,TRUE
1627783,"Pascal Siakam","1610612761","Toronto Raptors",2024,"0022300707","20240204",0.6,7.45,TRUE
1627783,"Pascal Siakam","1610612761","Toronto Raptors",2024,"0022300707","20240204",0.2,4.25,TRUE
1627783,"Pascal Siakam","1610612761","Toronto Raptors",2024,"0022300707","20240204",11.9,10.45,TRUE
1627783,"Pascal Siakam","1610612761","Toronto Raptors",2024,"0022300707","20240204",12,16.75,TRUE
1627783,"Pascal Siakam","1610612761","Toronto Raptors",2024,"0022300707","20240204",-1,30.75,TRUE
1627783,"Pascal Siakam","1610612761","Toronto Raptors",2024,"0022300707","20240204",-9.4,29.15,FALSE
1627783,"Pascal Siakam","1610612761","Toronto Raptors",2024,"0022300707","20240204",-4.5,6.15,FALSE
1627783,"Pascal Siakam","1610612761","Toronto Raptors",2024,"0022300707","20240204",2,6.25,FALSE
1627783,"Pascal Siakam","1610612761","Toronto Raptors",2024,"0022300707","20240204",23.2,15.35,FALSE
1627783,"Pascal Siakam","1610612761","Toronto Raptors",2024,"0022300707","20240204",1.6,5.55,FALSE
1627783,"Pascal Siakam","1610612761","Toronto Raptors",2024,"0022300707","20240204",0,6.05,TRUE
1627783,"Pascal Siakam","1610612761","Toronto Raptors",2024,"0022300707","20240204",0.9,5.75,TRUE
1627783,"Pascal Siakam","1610612761","Toronto Raptors",2024,"0022300719","20240206",-1.3,5.25,TRUE
1627783,"Pascal Siakam","1610612761","Toronto Raptors",2024,"0022300719","20240206",-2.8,8.15,TRUE
1627783,"Pascal Siakam","1610612761","Toronto Raptors",2024,"0022300719","20240206",23.2,8.45,TRUE
1627783,"Pascal Siakam","1610612761","Toronto Raptors",2024,"0022300719","20240206",0,6.95,TRUE
1627783,"Pascal Siakam","1610612761","Toronto Raptors",2024,"0022300719","20240206",-0.4,5.25,TRUE
1627783,"Pascal Siakam","1610612761","Toronto Raptors",2024,"0022300719","20240206",-6.1,29.15,TRUE
1627783,"Pascal Siakam","1610612761","Toronto Raptors",2024,"0022300719","20240206",4.2,20.75,FALSE
1627783,"Pascal Siakam","1610612761","Toronto Raptors",2024,"0022300719","20240206",2,6.85,FALSE
1627783,"Pascal Siakam","1610612761","Toronto Raptors",2024,"0022300719","20240206",-6.5,7.35,TRUE
1627783,"Pascal Siakam","1610612761","Toronto Raptors",2024,"0022300719","20240206",-0.4,6.45,TRUE
1627783,"Pascal Siakam","1610612761","Toronto Raptors",2024,"0022300719","20240206",-9.8,8.05,TRUE
1627783,"Pascal Siakam","1610612761","Toronto Raptors",2024,"0022300719","20240206",-22.3,6.75,TRUE
1627783,"Pascal Siakam","1610612761","Toronto Raptors",2024,"0022300719","20240206",21.4,16.95,FALSE
1627783,"Pascal Siakam","1610612761","Toronto Raptors",2024,"0022300719","20240206",-21.2,21.25,FALSE
1627783,"Pascal Siakam","1610612761","Toronto Raptors",2024,"0022300719","20240206",12.5,27.55,TRUE
1627783,"Pascal Siakam","1610612761","Toronto Raptors",2024,"0022300719","20240206",5.3,12.65,FALSE
1627783,"Pascal Siakam","1610612761","Toronto Raptors",2024,"0022300733","20240208",5.8,30.25,TRUE
1627783,"Pascal Siakam","1610612761","Toronto Raptors",2024,"0022300733","20240208",6.4,31.25,TRUE
1627783,"Pascal Siakam","1610612761","Toronto Raptors",2024,"0022300733","20240208",8.1,29.85,FALSE
1627783,"Pascal Siakam","1610612761","Toronto Raptors",2024,"0022300733","20240208",6.2,9.45,TRUE
1627783,"Pascal Siakam","1610612761","Toronto Raptors",2024,"0022300733","20240208",17,24.45,FALSE
1627783,"Pascal Siakam","1610612761","Toronto Raptors",2024,"0022300733","20240208",-2.3,7.05,TRUE
1627783,"Pascal Siakam","1610612761","Toronto Raptors",2024,"0022300733","20240208",-9.3,22.05,TRUE
1627783,"Pascal Siakam","1610612761","Toronto Raptors",2024,"0022300733","20240208",-3.4,6.45,FALSE
1627783,"Pascal Siakam","1610612761","Toronto Raptors",2024,"0022300733","20240208",-2.6,8.05,FALSE
1627783,"Pascal Siakam","1610612761","Toronto Raptors",2024,"0022300733","20240208",3.6,11.25,TRUE
1627783,"Pascal Siakam","1610612761","Toronto Raptors",2024,"0022300733","20240208",4.2,11.55,FALSE
1627783,"Pascal Siakam","1610612761","Toronto Raptors",2024,"0022300755","20240210",-23.4,5.05,FALSE
1627783,"Pascal Siakam","1610612761","Toronto Raptors",2024,"0022300755","20240210",1.2,5.85,TRUE
1627783,"Pascal Siakam","1610612761","Toronto Raptors",2024,"0022300755","20240210",-0.7,5.15,TRUE
1627783,"Pascal Siakam","1610612761","Toronto Raptors",2024,"0022300755","20240210",1.1,6.35,TRUE
1627783,"Pascal Siakam","1610612761","Toronto Raptors",2024,"0022300755","20240210",0.1,6.35,TRUE
1627783,"Pascal Siakam","1610612761","Toronto Raptors",2024,"0022300755","20240210",0.1,7.35,TRUE
1627783,"Pascal Siakam","1610612761","Toronto Raptors",2024,"0022300755","20240210",10,8.65,FALSE
1627783,"Pascal Siakam","1610612761","Toronto Raptors",2024,"0022300755","20240210",-8.9,29.55,FALSE
1627783,"Pascal Siakam","1610612761","Toronto Raptors",2024,"0022300755","20240210",-22.7,7.85,TRUE
1627783,"Pascal Siakam","1610612761","Toronto Raptors",2024,"0022300755","20240210",-22.7,7.25,TRUE
1627783,"Pascal Siakam","1610612761","Toronto Raptors",2024,"0022300755","20240210",-6.2,14.05,TRUE
1627783,"Pascal Siakam","1610612761","Toronto Raptors",2024,"0022300755","20240210",-22.5,8.15,FALSE
1627783,"Pascal Siakam","1610612761","Toronto Raptors",2024,"0022300755","20240210",-10.7,28.75,FALSE
1627783,"Pascal Siakam","1610612761","Toronto Raptors",2024,"0022300761","20240212",-0.6,9.55,TRUE
1627783,"Pascal Siakam","1610612761","Toronto Raptors",2024,"0022300761","20240212",-2.9,16.05,TRUE
1627783,"Pascal Siakam","1610612761","Toronto Raptors",2024,"0022300761","20240212",-9.8,12.95,TRUE
1627783,"Pascal Siakam","1610612761","Toronto Raptors",2024,"0022300761","20240212",-2.8,14.85,TRUE
1627783,"Pascal Siakam","1610612761","Toronto Raptors",2024,"0022300761","20240212",8.7,11.45,FALSE
1627783,"Pascal Siakam","1610612761","Toronto Raptors",2024,"0022300761","20240212",-0.6,7.05,TRUE
1627783,"Pascal Siakam","1610612761","Toronto Raptors",2024,"0022300761","20240212",4,33.05,FALSE
1627783,"Pascal Siakam","1610612761","Toronto Raptors",2024,"0022300761","20240212",15.6,26.45,TRUE
1627783,"Pascal Siakam","1610612761","Toronto Raptors",2024,"0022300761","20240212",-2.3,31.25,FALSE
1627783,"Pascal Siakam","1610612761","Toronto Raptors",2024,"0022300761","20240212",5.4,11.05,TRUE
1627783,"Pascal Siakam","1610612761","Toronto Raptors",2024,"0022300761","20240212",1.7,14.15,TRUE
1627783,"Pascal Siakam","1610612761","Toronto Raptors",2024,"0022300761","20240212",3.9,17.25,FALSE
1627783,"Pascal Siakam","1610612761","Toronto Raptors",2024,"0022300782","20240214",2,6.25,FALSE
1627783,"Pascal Siakam","1610612761","Toronto Raptors",2024,"0022300782","20240214",-6.5,16.55,FALSE
1627783,"Pascal Siakam","1610612761","Toronto Raptors",2024,"0022300782","20240214",-6.7,9.95,FALSE
1627783,"Pascal Siakam","1610612761","Toronto Raptors",2024,"0022300782","20240214",13.4,10.05,FALSE
1627783,"Pascal Siakam","1610612761","Toronto Raptors",2024,"0022300782","20240214",-16.5,5.25,TRUE
1627783,"Pascal Siakam","1610612761","Toronto Raptors",2024,"0022300782","20240214",-23.4,7.75,FALSE
1627783,"Pascal Siakam","1610612761","Toronto Raptors",2024,"0022300782","20240214",-4.3,10.75,FALSE
1627783,"Pascal Siakam","1610612761","Toronto Raptors",2024,"0022300782","20240214",-1.2,16.55,FALSE
1627783,"Pascal Siakam","1610612761","Toronto Raptors",2024,"0022300782","20240214",-4.9,11.05,TRUE
1627783,"Pascal Siakam","1610612761","Toronto Raptors",2024,"0022300782","20240214",-22.9,6.85,TRUE
1627783,"Pascal Siakam","1610612761","Toronto Raptors",2024,"0022300782","20240214",-3.7,8.05,TRUE
1627783,"Pascal Siakam","1610612761","Toronto Raptors",2024,"0022300782","20240214",5.4,12.35,TRUE
1627783,"Pascal Siakam","1610612761","Toronto Raptors",2024,"0022300782","20240214",7.8,32.05,FALSE
1627783,"Pascal Siakam","1610612761","Toronto Raptors",2024,"0022300782","20240214",2.1,7.35,TRUE
1627783,"Pascal Siakam","1610612761","Toronto Raptors",2024,"0022300782","20240214",1.1,14.35,FALSE
1627783,"Pascal Siakam","1610612761","Toronto Raptors",2024,"0022300782","20240214",-10.4,11.75,TRUE
1627783,"Pascal Siakam","1610612761","Toronto Raptors",2024,"0022300782","20240214",10.2,9.85,TRUE
1627783,"Pascal Siakam","1610612761","Toronto Raptors",2024,"0022300793","20240222",-4.8,30.25,TRUE
1627783,"Pascal Siakam","1610612761","Toronto Raptors",2024,"0022300793","20240222",-1.2,6.25,TRUE
1627783,"Pascal Siakam","1610612761","Toronto Raptors",2024,"0022300793","20240222",-8.7,13.55,FALSE
1627783,"Pascal Siakam","1610612761","Toronto Raptors",2024,"0022300793","20240222",-5.3,7.85,FALSE
1627783,"Pascal Siakam","1610612761","Toronto Raptors",2024,"0022300793","20240222",-12.4,21.45,TRUE
1627783,"Pascal Siakam","1610612761","Toronto Raptors",2024,"0022300793","20240222",0.5,6.25,TRUE
1627783,"Pascal Siakam","1610612761","Toronto Raptors",2024,"0022300793","20240222",-9.3,21.15,FALSE
1627783,"Pascal Siakam","1610612761","Toronto Raptors",2024,"0022300793","20240222",-4.8,20.75,FALSE
1627783,"Pascal Siakam","1610612761","Toronto Raptors",2024,"0022300793","20240222",9.7,6.25,FALSE
1627783,"Pascal Siakam","1610612761","Toronto Raptors",2024,"0022300793","20240222",-23,15.45,TRUE
1627783,"Pascal Siakam","1610612761","Toronto Raptors",2024,"0022300793","20240222",2.1,14.95,FALSE
1627783,"Pascal Siakam","1610612761","Toronto Raptors",2024,"0022300793","20240222",-2.8,7.05,FALSE
1627783,"Pascal Siakam","1610612761","Toronto Raptors",2024,"0022300793","20240222",1.8,6.35,FALSE
1627783,"Pascal Siakam","1610612761","Toronto Raptors",2024,"0022300793","20240222",-9.7,20.75,TRUE
1627783,"Pascal Siakam","1610612761","Toronto Raptors",2024,"0022300793","20240222",1.6,8.85,TRUE
1627783,"Pascal Siakam","1610612761","Toronto Raptors",2024,"0022300793","20240222",-3.6,5.95,TRUE
1627783,"Pascal Siakam","1610612761","Toronto Raptors",2024,"0022300819","20240225",-2,7.75,TRUE
1627783,"Pascal Siakam","1610612761","Toronto Raptors",2024,"0022300819","20240225",-3.1,6.75,FALSE
1627783,"Pascal Siakam","1610612761","Toronto Raptors",2024,"0022300819","20240225",22.1,16.95,FALSE
1627783,"Pascal Siakam","1610612761","Toronto Raptors",2024,"0022300819","20240225",1.6,8.05,TRUE
1627783,"Pascal Siakam","1610612761","Toronto Raptors",2024,"0022300819","20240225",18.1,25.75,FALSE
1627783,"Pascal Siakam","1610612761","Toronto Raptors",2024,"0022300819","20240225",10.4,6.45,TRUE
1627783,"Pascal Siakam","1610612761","Toronto Raptors",2024,"0022300819","20240225",-1.2,5.55,TRUE
1627783,"Pascal Siakam","1610612761","Toronto Raptors",2024,"0022300819","20240225",-7,8.15,TRUE
1627783,"Pascal Siakam","1610612761","Toronto Raptors",2024,"0022300819","20240225",-10.2,8.45,FALSE
1627783,"Pascal Siakam","1610612761","Toronto Raptors",2024,"0022300819","20240225",-11.3,14.85,FALSE
1627783,"Pascal Siakam","1610612761","Toronto Raptors",2024,"0022300819","20240225",-1.8,6.75,FALSE
1627783,"Pascal Siakam","1610612761","Toronto Raptors",2024,"0022300829","20240226",-10.2,12.45,FALSE
1627783,"Pascal Siakam","1610612761","Toronto Raptors",2024,"0022300829","20240226",1.2,31.25,TRUE
1627783,"Pascal Siakam","1610612761","Toronto Raptors",2024,"0022300829","20240226",1.5,6.55,FALSE
1627783,"Pascal Siakam","1610612761","Toronto Raptors",2024,"0022300829","20240226",-2.3,5.85,FALSE
1627783,"Pascal Siakam","1610612761","Toronto Raptors",2024,"0022300829","20240226",23.8,7.95,FALSE
1627783,"Pascal Siakam","1610612761","Toronto Raptors",2024,"0022300829","20240226",-2.6,32.95,TRUE
1627783,"Pascal Siakam","1610612761","Toronto Raptors",2024,"0022300829","20240226",-7.2,19.95,TRUE
1627783,"Pascal Siakam","1610612761","Toronto Raptors",2024,"0022300829","20240226",2.8,5.35,FALSE
1627783,"Pascal Siakam","1610612761","Toronto Raptors",2024,"0022300829","20240226",1.8,29.45,TRUE
1627783,"Pascal Siakam","1610612761","Toronto Raptors",2024,"0022300829","20240226",2.6,7.45,FALSE
1627783,"Pascal Siakam","1610612761","Toronto Raptors",2024,"0022300829","20240226",-22.9,7.25,FALSE
1627783,"Pascal Siakam","1610612761","Toronto Raptors",2024,"0022300829","20240226",-2.2,6.75,TRUE
1627783,"Pascal Siakam","1610612761","Toronto Raptors",2024,"0022300829","20240226",-3.6,6.95,TRUE
1627783,"Pascal Siakam","1610612761","Toronto Raptors",2024,"0022300829","20240226",-0.1,6.45,TRUE
1627783,"Pascal Siakam","1610612761","Toronto Raptors",2024,"0022300829","20240226",-0.5,7.55,TRUE
1627783,"Pascal Siakam","1610612761","Toronto Raptors",2024,"0022300829","20240226",2.2,7.75,TRUE
1627783,"Pascal Siakam","1610612761","Toronto Raptors",2024,"0022300829","20240226",2.2,6.25,TRUE
1627783,"Pascal Siakam","1610612761","Toronto Raptors",2024,"0022300829","20240226",2.1,11.15,FALSE
1627783,"Pascal Siakam","1610612761","Toronto Raptors",2024,"0022300829","20240226",12.4,29.05,FALSE
1627783,"Pascal Siakam","1610612761","Toronto Raptors",2024,"0022300829","20240226",-22.9,5.45,FALSE
1627783,"Pascal Siakam","1610612761","Toronto Raptors",2024,"0022300829","20240226",1.5,7.25,TRUE
1627783,"Pascal Siakam","1610612761","Toronto Raptors",2024,"0022300829","20240226",-2.6,33.55,FALSE
1627783,"Pascal Siakam","1610612761","Toronto Raptors",2024,"0022300843","20240228",2,5.55,TRUE
1627783,"Pascal Siakam","1610612761","Toronto Raptors",2024,"0022300843","20240228",-4,6.65,TRUE
1627783,"Pascal Siakam","1610612761","Toronto Raptors",2024,"0022300843","20240228",-1.5,7.65,TRUE
1627783,"Pascal Siakam","1610612761","Toronto Raptors",2024,"0022300843","20240228",0.4,21.85,TRUE
1627783,"Pascal Siakam","1610612761","Toronto Raptors",2024,"0022300843","20240228",9.8,10.85,TRUE
1627783,"Pascal Siakam","1610612761","Toronto Raptors",2024,"0022300843","20240228",0.5,4.55,TRUE
1627783,"Pascal Siakam","1610612761","Toronto Raptors",2024,"0022300843","20240228",1.1,16.95,FALSE
1627783,"Pascal Siakam","1610612761","Toronto Raptors",2024,"0022300843","20240228",1.8,17.05,TRUE
1627783,"Pascal Siakam","1610612761","Toronto Raptors",2024,"0022300843","20240228",-23.9,8.35,FALSE
1627783,"Pascal Siakam","1610612761","Toronto Raptors",2024,"0022300843","20240228",12.6,28.05,FALSE
1627783,"Pascal Siakam","1610612761","Toronto Raptors",2024,"0022300843","20240228",0,5.25,FALSE
1627783,"Pascal Siakam","1610612761","Toronto Raptors",2024,"0022300843","20240228",-6.4,8.35,FALSE
1627783,"Pascal Siakam","1610612761","Toronto Raptors",2024,"0022300843","20240228",-24,7.75,FALSE
1627783,"Pascal Siakam","1610612761","Toronto Raptors",2024,"0022300843","20240228",-10.8,15.85,FALSE
1627783,"Pascal Siakam","1610612761","Toronto Raptors",2024,"0022300843","20240228",3.3,7.85,TRUE
1627783,"Pascal Siakam","1610612761","Toronto Raptors",2024,"0022300843","20240228",-2.5,7.05,TRUE
1627783,"Pascal Siakam","1610612761","Toronto Raptors",2024,"0022300843","20240228",0.4,5.75,TRUE
1627783,"Pascal Siakam","1610612761","Toronto Raptors",2024,"0022300843","20240228",-1,6.05,TRUE
1627783,"Pascal Siakam","1610612761","Toronto Raptors",2024,"0022300863","20240301",-22.7,5.25,TRUE
1627783,"Pascal Siakam","1610612761","Toronto Raptors",2024,"0022300863","20240301",-2,11.35,TRUE
1627783,"Pascal Siakam","1610612761","Toronto Raptors",2024,"0022300863","20240301",9.9,22.15,FALSE
1627783,"Pascal Siakam","1610612761","Toronto Raptors",2024,"0022300863","20240301",-2.5,8.95,TRUE
1627783,"Pascal Siakam","1610612761","Toronto Raptors",2024,"0022300863","20240301",2.6,9.35,TRUE
1627783,"Pascal Siakam","1610612761","Toronto Raptors",2024,"0022300863","20240301",-12.1,30.45,FALSE
1627783,"Pascal Siakam","1610612761","Toronto Raptors",2024,"0022300863","20240301",-3.9,26.15,FALSE
1627783,"Pascal Siakam","1610612761","Toronto Raptors",2024,"0022300863","20240301",7.4,6.85,TRUE
1627783,"Pascal Siakam","1610612761","Toronto Raptors",2024,"0022300863","20240301",2.7,12.35,FALSE
1627783,"Pascal Siakam","1610612761","Toronto Raptors",2024,"0022300863","20240301",-8,7.05,FALSE
1627783,"Pascal Siakam","1610612761","Toronto Raptors",2024,"0022300877","20240303",-20.1,19.35,FALSE
1627783,"Pascal Siakam","1610612761","Toronto Raptors",2024,"0022300877","20240303",1.5,13.85,FALSE
1627783,"Pascal Siakam","1610612761","Toronto Raptors",2024,"0022300877","20240303",-7.7,12.05,FALSE
1627783,"Pascal Siakam","1610612761","Toronto Raptors",2024,"0022300877","20240303",-4.5,10.25,TRUE
1627783,"Pascal Siakam","1610612761","Toronto Raptors",2024,"0022300877","20240303",-16.5,24.35,TRUE
1627783,"Pascal Siakam","1610612761","Toronto Raptors",2024,"0022300877","20240303",1,5.75,TRUE
1627783,"Pascal Siakam","1610612761","Toronto Raptors",2024,"0022300877","20240303",-0.1,5.75,TRUE
1627783,"Pascal Siakam","1610612761","Toronto Raptors",2024,"0022300877","20240303",2.2,5.95,FALSE
1627783,"Pascal Siakam","1610612761","Toronto Raptors",2024,"0022300877","20240303",0,5.25,TRUE
1627783,"Pascal Siakam","1610612761","Toronto Raptors",2024,"0022300877","20240303",2.3,5.55,TRUE
1627783,"Pascal Siakam","1610612761","Toronto Raptors",2024,"0022300877","20240303",-22.7,18.75,FALSE
1627783,"Pascal Siakam","1610612761","Toronto Raptors",2024,"0022300877","20240303",-0.2,4.85,TRUE
1627783,"Pascal Siakam","1610612761","Toronto Raptors",2024,"0022300877","20240303",2.1,5.15,TRUE
1627783,"Pascal Siakam","1610612761","Toronto Raptors",2024,"0022300877","20240303",20.6,18.65,FALSE
1627783,"Pascal Siakam","1610612761","Toronto Raptors",2024,"0022300877","20240303",0.9,6.55,FALSE
1627783,"Pascal Siakam","1610612761","Toronto Raptors",2024,"0022300877","20240303",0,5.25,TRUE
1627783,"Pascal Siakam","1610612761","Toronto Raptors",2024,"0022300877","20240303",1.2,4.85,TRUE
1627783,"Pascal Siakam","1610612761","Toronto Raptors",2024,"0022300892","20240305",0,5.25,TRUE
1627783,"Pascal Siakam","1610612761","Toronto Raptors",2024,"0022300892","20240305",-2.8,6.45,FALSE
1627783,"Pascal Siakam","1610612761","Toronto Raptors",2024,"0022300892","20240305",0,5.25,TRUE
1627783,"Pascal Siakam","1610612761","Toronto Raptors",2024,"0022300892","20240305",1.7,6.15,FALSE
1627783,"Pascal Siakam","1610612761","Toronto Raptors",2024,"0022300892","20240305",-5,16.65,FALSE
1627783,"Pascal Siakam","1610612761","Toronto Raptors",2024,"0022300892","20240305",0.7,5.85,FALSE
1627783,"Pascal Siakam","1610612761","Toronto Raptors",2024,"0022300892","20240305",-0.7,21.95,FALSE
1627783,"Pascal Siakam","1610612761","Toronto Raptors",2024,"0022300892","20240305",-5.8,7.85,TRUE
1627783,"Pascal Siakam","1610612761","Toronto Raptors",2024,"0022300892","20240305",-0.1,4.85,TRUE
1627783,"Pascal Siakam","1610612761","Toronto Raptors",2024,"0022300892","20240305",-4.9,7.65,TRUE
1627783,"Pascal Siakam","1610612761","Toronto Raptors",2024,"0022300892","20240305",0.5,25.75,FALSE
1627783,"Pascal Siakam","1610612761","Toronto Raptors",2024,"0022300903","20240307",1.5,33.35,FALSE
1627783,"Pascal Siakam","1610612761","Toronto Raptors",2024,"0022300903","20240307",2,6.95,FALSE
1627783,"Pascal Siakam","1610612761","Toronto Raptors",2024,"0022300903","20240307",11,11.65,FALSE
1627783,"Pascal Siakam","1610612761","Toronto Raptors",2024,"0022300903","20240307",-4.8,31.65,TRUE
1627783,"Pascal Siakam","1610612761","Toronto Raptors",2024,"0022300903","20240307",1.7,7.75,TRUE
1627783,"Pascal Siakam","1610612761","Toronto Raptors",2024,"0022300903","20240307",0.2,17.65,FALSE
1627783,"Pascal Siakam","1610612761","Toronto Raptors",2024,"0022300903","20240307",-2.1,8.25,TRUE
1627783,"Pascal Siakam","1610612761","Toronto Raptors",2024,"0022300903","20240307",7.1,18.75,TRUE
1627783,"Pascal Siakam","1610612761","Toronto Raptors",2024,"0022300903","20240307",-0.7,6.85,TRUE
1627783,"Pascal Siakam","1610612761","Toronto Raptors",2024,"0022300903","20240307",-1.6,10.45,FALSE
1627783,"Pascal Siakam","1610612761","Toronto Raptors",2024,"0022300903","20240307",-0.9,6.55,FALSE
1627783,"Pascal Siakam","1610612761","Toronto Raptors",2024,"0022300903","20240307",-1.5,5.75,TRUE
1627783,"Pascal Siakam","1610612761","Toronto Raptors",2024,"0022300903","20240307",-4,6.25,FALSE
1627783,"Pascal Siakam","1610612761","Toronto Raptors",2024,"0022300903","20240307",0,5.25,TRUE
1627783,"Pascal Siakam","1610612761","Toronto Raptors",2024,"0022300903","20240307",-2.1,6.45,FALSE
1627783,"Pascal Siakam","1610612761","Toronto Raptors",2024,"0022300903","20240307",3.3,15.25,TRUE
1627783,"Pascal Siakam","1610612761","Toronto Raptors",2024,"0022300903","20240307",-2.3,4.95,TRUE
1627783,"Pascal Siakam","1610612761","Toronto Raptors",2024,"0022300903","20240307",-3.1,7.85,FALSE
1627783,"Pascal Siakam","1610612761","Toronto Raptors",2024,"0022300903","20240307",18.5,22.05,FALSE
1627783,"Pascal Siakam","1610612761","Toronto Raptors",2024,"0022300903","20240307",-0.5,7.05,TRUE
1627783,"Pascal Siakam","1610612761","Toronto Raptors",2024,"0022300928","20240310",2.2,6.85,TRUE
1627783,"Pascal Siakam","1610612761","Toronto Raptors",2024,"0022300928","20240310",1,17.85,FALSE
1627783,"Pascal Siakam","1610612761","Toronto Raptors",2024,"0022300928","20240310",13.2,28.25,FALSE
1627783,"Pascal Siakam","1610612761","Toronto Raptors",2024,"0022300928","20240310",0.5,6.15,FALSE
1627783,"Pascal Siakam","1610612761","Toronto Raptors",2024,"0022300928","20240310",0.4,6.05,FALSE
1627783,"Pascal Siakam","1610612761","Toronto Raptors",2024,"0022300928","20240310",10,13.45,TRUE
1627783,"Pascal Siakam","1610612761","Toronto Raptors",2024,"0022300928","20240310",0.1,7.35,TRUE
1627783,"Pascal Siakam","1610612761","Toronto Raptors",2024,"0022300928","20240310",1.2,13.55,TRUE
1627783,"Pascal Siakam","1610612761","Toronto Raptors",2024,"0022300928","20240310",-3.8,8.45,FALSE
1627783,"Pascal Siakam","1610612761","Toronto Raptors",2024,"0022300928","20240310",-12.5,30.55,FALSE
1627783,"Pascal Siakam","1610612761","Toronto Raptors",2024,"0022300928","20240310",-0.2,6.85,TRUE
1627783,"Pascal Siakam","1610612761","Toronto Raptors",2024,"0022300928","20240310",-2.9,8.05,FALSE
1627783,"Pascal Siakam","1610612761","Toronto Raptors",2024,"0022300928","20240310",-0.4,6.45,FALSE
1627783,"Pascal Siakam","1610612761","Toronto Raptors",2024,"0022300928","20240310",14.1,28.55,TRUE
1627783,"Pascal Siakam","1610612761","Toronto Raptors",2024,"0022300941","20240312",0.2,6.25,TRUE
1627783,"Pascal Siakam","1610612761","Toronto Raptors",2024,"0022300941","20240312",-1.3,5.85,TRUE
1627783,"Pascal Siakam","1610612761","Toronto Raptors",2024,"0022300941","20240312",-10.9,10.45,FALSE
1627783,"Pascal Siakam","1610612761","Toronto Raptors",2024,"0022300941","20240312",-5.3,8.45,FALSE
1627783,"Pascal Siakam","1610612761","Toronto Raptors",2024,"0022300941","20240312",-6.5,15.25,FALSE
1627783,"Pascal Siakam","1610612761","Toronto Raptors",2024,"0022300941","20240312",2.8,8.15,TRUE
1627783,"Pascal Siakam","1610612761","Toronto Raptors",2024,"0022300941","20240312",-7.2,7.65,FALSE
1627783,"Pascal Siakam","1610612761","Toronto Raptors",2024,"0022300941","20240312",2.9,6.25,TRUE
1627783,"Pascal Siakam","1610612761","Toronto Raptors",2024,"0022300941","20240312",4.7,11.55,TRUE
1627783,"Pascal Siakam","1610612761","Toronto Raptors",2024,"0022300941","20240312",-1,6.35,FALSE
1627783,"Pascal Siakam","1610612761","Toronto Raptors",2024,"0022300941","20240312",-0.7,7.35,TRUE
1627783,"Pascal Siakam","1610612761","Toronto Raptors",2024,"0022300941","20240312",-1.5,6.55,FALSE
1627783,"Pascal Siakam","1610612761","Toronto Raptors",2024,"0022300948","20240313",-1.6,5.65,TRUE
1627783,"Pascal Siakam","1610612761","Toronto Raptors",2024,"0022300948","20240313",-2.5,8.25,TRUE
1627783,"Pascal Siakam","1610612761","Toronto Raptors",2024,"0022300948","20240313",-2,6.75,TRUE
1627783,"Pascal Siakam","1610612761","Toronto Raptors",2024,"0022300948","20240313",-11.3,18.25,FALSE
1627783,"Pascal Siakam","1610612761","Toronto Raptors",2024,"0022300948","20240313",-1.8,6.25,TRUE
1627783,"Pascal Siakam","1610612761","Toronto Raptors",2024,"0022300948","20240313",22.9,7.35,FALSE
1627783,"Pascal Siakam","1610612761","Toronto Raptors",2024,"0022300948","20240313",4.9,11.15,FALSE
1627783,"Pascal Siakam","1610612761","Toronto Raptors",2024,"0022300948","20240313",2.2,6.85,TRUE
1627783,"Pascal Siakam","1610612761","Toronto Raptors",2024,"0022300948","20240313",1.8,6.95,TRUE
1627783,"Pascal Siakam","1610612761","Toronto Raptors",2024,"0022300948","20240313",-1.5,7.25,TRUE
1627783,"Pascal Siakam","1610612761","Toronto Raptors",2024,"0022300948","20240313",10.3,9.05,FALSE
1627783,"Pascal Siakam","1610612761","Toronto Raptors",2024,"0022300948","20240313",-1.1,7.35,TRUE
1627783,"Pascal Siakam","1610612761","Toronto Raptors",2024,"0022300968","20240316",-0.4,12.35,TRUE
1627783,"Pascal Siakam","1610612761","Toronto Raptors",2024,"0022300968","20240316",-4.3,11.65,FALSE
1627783,"Pascal Siakam","1610612761","Toronto Raptors",2024,"0022300968","20240316",-0.9,5.45,TRUE
1627783,"Pascal Siakam","1610612761","Toronto Raptors",2024,"0022300968","20240316",6.2,23.65,FALSE
1627783,"Pascal Siakam","1610612761","Toronto Raptors",2024,"0022300968","20240316",-2,6.05,TRUE
1627783,"Pascal Siakam","1610612761","Toronto Raptors",2024,"0022300968","20240316",5.8,14.35,FALSE
1627783,"Pascal Siakam","1610612761","Toronto Raptors",2024,"0022300968","20240316",14.2,8.35,FALSE
1627783,"Pascal Siakam","1610612761","Toronto Raptors",2024,"0022300968","20240316",-7,5.95,FALSE
1627783,"Pascal Siakam","1610612761","Toronto Raptors",2024,"0022300968","20240316",0,5.25,TRUE
1627783,"Pascal Siakam","1610612761","Toronto Raptors",2024,"0022300968","20240316",-3.9,14.75,TRUE
1627783,"Pascal Siakam","1610612761","Toronto Raptors",2024,"0022300968","20240316",-2.2,9.15,FALSE
1627783,"Pascal Siakam","1610612761","Toronto Raptors",2024,"0022300968","20240316",1,5.55,TRUE
1627783,"Pascal Siakam","1610612761","Toronto Raptors",2024,"0022300968","20240316",21.6,20.55,FALSE
1627783,"Pascal Siakam","1610612761","Toronto Raptors",2024,"0022300968","20240316",-0.1,6.55,TRUE
1627783,"Pascal Siakam","1610612761","Toronto Raptors",2024,"0022300968","20240316",-15.9,6.35,FALSE
1627783,"Pascal Siakam","1610612761","Toronto Raptors",2024,"0022300968","20240316",0.5,7.25,FALSE
1627783,"Pascal Siakam","1610612761","Toronto Raptors",2024,"0022300968","20240316",-15.1,10.95,TRUE
1627783,"Pascal Siakam","1610612761","Toronto Raptors",2024,"0022300968","20240316",0.9,5.35,TRUE
1627783,"Pascal Siakam","1610612761","Toronto Raptors",2024,"0022300968","20240316",0.4,5.55,FALSE
1627783,"Pascal Siakam","1610612761","Toronto Raptors",2024,"0022300968","20240316",3.4,21.65,TRUE
1627783,"Pascal Siakam","1610612761","Toronto Raptors",2024,"0022300968","20240316",-1.6,25.05,FALSE
1627783,"Pascal Siakam","1610612761","Toronto Raptors",2024,"0022300968","20240316",0,5.25,TRUE
1627783,"Pascal Siakam","1610612761","Toronto Raptors",2024,"0022300983","20240318",-1.7,10.15,FALSE
1627783,"Pascal Siakam","1610612761","Toronto Raptors",2024,"0022300983","20240318",0,5.25,FALSE
1627783,"Pascal Siakam","1610612761","Toronto Raptors",2024,"0022300983","20240318",2.1,11.25,TRUE
1627783,"Pascal Siakam","1610612761","Toronto Raptors",2024,"0022300983","20240318",0.1,7.75,TRUE
1627783,"Pascal Siakam","1610612761","Toronto Raptors",2024,"0022300983","20240318",11.3,18.45,FALSE
1627783,"Pascal Siakam","1610612761","Toronto Raptors",2024,"0022300983","20240318",-2,5.25,TRUE
1627783,"Pascal Siakam","1610612761","Toronto Raptors",2024,"0022300983","20240318",-12,14.45,FALSE
1627783,"Pascal Siakam","1610612761","Toronto Raptors",2024,"0022300983","20240318",22.9,9.35,FALSE
1627783,"Pascal Siakam","1610612761","Toronto Raptors",2024,"0022300983","20240318",5.5,11.65,FALSE
1627783,"Pascal Siakam","1610612761","Toronto Raptors",2024,"0022300983","20240318",4.4,17.05,TRUE
1627783,"Pascal Siakam","1610612761","Toronto Raptors",2024,"0022300983","20240318",2.2,5.85,TRUE
1627783,"Pascal Siakam","1610612761","Toronto Raptors",2024,"0022300983","20240318",-4.4,17.65,FALSE
1627783,"Pascal Siakam","1610612761","Toronto Raptors",2024,"0022300983","20240318",-3.7,8.15,TRUE
1627783,"Pascal Siakam","1610612761","Toronto Raptors",2024,"0022300983","20240318",13.1,9.05,FALSE
1627783,"Pascal Siakam","1610612761","Toronto Raptors",2024,"0022300983","20240318",0.2,6.65,TRUE
1627783,"Pascal Siakam","1610612761","Toronto Raptors",2024,"0022300983","20240318",-0.4,9.95,FALSE
1627783,"Pascal Siakam","1610612761","Toronto Raptors",2024,"0022300983","20240318",-2.2,6.15,TRUE
1627783,"Pascal Siakam","1610612761","Toronto Raptors",2024,"0022300983","20240318",5.5,17.65,TRUE
1627783,"Pascal Siakam","1610612761","Toronto Raptors",2024,"0022300997","20240320",-3.4,10.55,TRUE
1627783,"Pascal Siakam","1610612761","Toronto Raptors",2024,"0022300997","20240320",23.4,7.75,FALSE
1627783,"Pascal Siakam","1610612761","Toronto Raptors",2024,"0022300997","20240320",23.9,8.35,TRUE
1627783,"Pascal Siakam","1610612761","Toronto Raptors",2024,"0022300997","20240320",-0.6,9.65,TRUE
1627783,"Pascal Siakam","1610612761","Toronto Raptors",2024,"0022300997","20240320",-3.3,4.95,TRUE
1627783,"Pascal Siakam","1610612761","Toronto Raptors",2024,"0022300997","20240320",-2.8,13.75,TRUE
1627783,"Pascal Siakam","1610612761","Toronto Raptors",2024,"0022300997","20240320",12.4,16.45,FALSE
1627783,"Pascal Siakam","1610612761","Toronto Raptors",2024,"0022300997","20240320",4.4,7.75,FALSE
1627783,"Pascal Siakam","1610612761","Toronto Raptors",2024,"0022300997","20240320",2,7.25,TRUE
1627783,"Pascal Siakam","1610612761","Toronto Raptors",2024,"0022300997","20240320",23.9,4.45,TRUE
1627783,"Pascal Siakam","1610612761","Toronto Raptors",2024,"0022300997","20240320",-3.9,5.65,TRUE
1627783,"Pascal Siakam","1610612761","Toronto Raptors",2024,"0022300997","20240320",-2.8,4.55,TRUE
1627783,"Pascal Siakam","1610612761","Toronto Raptors",2024,"0022300997","20240320",-3.6,5.65,TRUE
1627783,"Pascal Siakam","1610612761","Toronto Raptors",2024,"0022300997","20240320",5.8,10.35,FALSE
1627783,"Pascal Siakam","1610612761","Toronto Raptors",2024,"0022300997","20240320",7,5.85,FALSE
1627783,"Pascal Siakam","1610612761","Toronto Raptors",2024,"0022301016","20240322",-3.6,6.25,TRUE
1627783,"Pascal Siakam","1610612761","Toronto Raptors",2024,"0022301016","20240322",-22.7,4.15,FALSE
1627783,"Pascal Siakam","1610612761","Toronto Raptors",2024,"0022301016","20240322",0.6,11.65,TRUE
1627783,"Pascal Siakam","1610612761","Toronto Raptors",2024,"0022301016","20240322",6.4,11.15,TRUE
1627783,"Pascal Siakam","1610612761","Toronto Raptors",2024,"0022301016","20240322",-0.4,13.25,TRUE
1627783,"Pascal Siakam","1610612761","Toronto Raptors",2024,"0022301016","20240322",4.7,9.35,FALSE
1627783,"Pascal Siakam","1610612761","Toronto Raptors",2024,"0022301016","20240322",-3.8,10.05,FALSE
1627783,"Pascal Siakam","1610612761","Toronto Raptors",2024,"0022301016","20240322",-22.5,10.05,TRUE
1627783,"Pascal Siakam","1610612761","Toronto Raptors",2024,"0022301016","20240322",22.8,7.05,FALSE
1627783,"Pascal Siakam","1610612761","Toronto Raptors",2024,"0022301016","20240322",0.2,9.85,TRUE
1627783,"Pascal Siakam","1610612761","Toronto Raptors",2024,"0022301016","20240322",10.2,14.45,FALSE
1627783,"Pascal Siakam","1610612761","Toronto Raptors",2024,"0022301016","20240322",0,5.25,TRUE
1627783,"Pascal Siakam","1610612761","Toronto Raptors",2024,"0022301016","20240322",0,5.25,TRUE
1627783,"Pascal Siakam","1610612761","Toronto Raptors",2024,"0022301016","20240322",-4,7.45,TRUE
1627783,"Pascal Siakam","1610612761","Toronto Raptors",2024,"0022301016","20240322",-2.1,9.75,TRUE
1627783,"Pascal Siakam","1610612761","Toronto Raptors",2024,"0022301016","20240322",11.2,5.65,FALSE
1627783,"Pascal Siakam","1610612761","Toronto Raptors",2024,"0022301016","20240322",-3.4,7.65,TRUE
1627783,"Pascal Siakam","1610612761","Toronto Raptors",2024,"0022301032","20240324",8.7,6.75,FALSE
1627783,"Pascal Siakam","1610612761","Toronto Raptors",2024,"0022301032","20240324",2.8,15.75,FALSE
1627783,"Pascal Siakam","1610612761","Toronto Raptors",2024,"0022301032","20240324",-2.2,8.15,FALSE
1627783,"Pascal Siakam","1610612761","Toronto Raptors",2024,"0022301032","20240324",-0.1,9.55,FALSE
1627783,"Pascal Siakam","1610612761","Toronto Raptors",2024,"0022301032","20240324",-4.5,11.15,TRUE
1627783,"Pascal Siakam","1610612761","Toronto Raptors",2024,"0022301032","20240324",-16.7,25.35,FALSE
1627783,"Pascal Siakam","1610612761","Toronto Raptors",2024,"0022301032","20240324",0.7,7.05,TRUE
1627783,"Pascal Siakam","1610612761","Toronto Raptors",2024,"0022301032","20240324",-0.4,6.95,FALSE
1627783,"Pascal Siakam","1610612761","Toronto Raptors",2024,"0022301032","20240324",-0.2,6.45,TRUE
1627783,"Pascal Siakam","1610612761","Toronto Raptors",2024,"0022301032","20240324",-0.1,7.75,TRUE
1627783,"Pascal Siakam","1610612761","Toronto Raptors",2024,"0022301032","20240324",0.1,9.35,FALSE
1627783,"Pascal Siakam","1610612761","Toronto Raptors",2024,"0022301032","20240324",0.4,7.95,TRUE
1627783,"Pascal Siakam","1610612761","Toronto Raptors",2024,"0022301032","20240324",0.5,6.55,TRUE
1627783,"Pascal Siakam","1610612761","Toronto Raptors",2024,"0022301032","20240324",-1.7,7.85,TRUE
1627783,"Pascal Siakam","1610612761","Toronto Raptors",2024,"0022301032","20240324",23.1,6.65,FALSE
1627783,"Pascal Siakam","1610612761","Toronto Raptors",2024,"0022301032","20240324",-0.5,7.45,TRUE
1627783,"Pascal Siakam","1610612761","Toronto Raptors",2024,"0022301032","20240324",-2.4,10.95,TRUE
1627783,"Pascal Siakam","1610612761","Toronto Raptors",2024,"0022301032","20240324",1.8,10.25,TRUE
1627783,"Pascal Siakam","1610612761","Toronto Raptors",2024,"0022301032","20240324",-0.6,8.15,TRUE
1627783,"Pascal Siakam","1610612761","Toronto Raptors",2024,"0022301032","20240324",-0.2,6.55,TRUE
1627783,"Pascal Siakam","1610612761","Toronto Raptors",2024,"0022301032","20240324",-3.3,9.75,FALSE
1627783,"Pascal Siakam","1610612761","Toronto Raptors",2024,"0022301032","20240324",0,5.25,FALSE
1627783,"Pascal Siakam","1610612761","Toronto Raptors",2024,"0022301032","20240324",-2.3,7.75,FALSE
1627783,"Pascal Siakam","1610612761","Toronto Raptors",2024,"0022301032","20240324",-0.5,7.75,TRUE
1627783,"Pascal Siakam","1610612761","Toronto Raptors",2024,"0022301032","20240324",2.5,8.35,TRUE
1627783,"Pascal Siakam","1610612761","Toronto Raptors",2024,"0022301032","20240324",-1.7,8.35,TRUE
1627783,"Pascal Siakam","1610612761","Toronto Raptors",2024,"0022301032","20240324",2.5,6.85,FALSE
1627783,"Pascal Siakam","1610612761","Toronto Raptors",2024,"0022301032","20240324",-7.7,21.15,TRUE
1627783,"Pascal Siakam","1610612761","Toronto Raptors",2024,"0022301032","20240324",-4.4,9.65,FALSE
1627783,"Pascal Siakam","1610612761","Toronto Raptors",2024,"0022301043","20240325",5.1,19.75,TRUE
1627783,"Pascal Siakam","1610612761","Toronto Raptors",2024,"0022301043","20240325",3.1,12.45,FALSE
1627783,"Pascal Siakam","1610612761","Toronto Raptors",2024,"0022301043","20240325",-0.5,7.25,TRUE
1627783,"Pascal Siakam","1610612761","Toronto Raptors",2024,"0022301043","20240325",-1.3,9.05,TRUE
1627783,"Pascal Siakam","1610612761","Toronto Raptors",2024,"0022301043","20240325",-3.8,8.15,FALSE
1627783,"Pascal Siakam","1610612761","Toronto Raptors",2024,"0022301043","20240325",-0.5,7.15,TRUE
1627783,"Pascal Siakam","1610612761","Toronto Raptors",2024,"0022301043","20240325",0.2,10.85,TRUE
1627783,"Pascal Siakam","1610612761","Toronto Raptors",2024,"0022301043","20240325",-17.2,27.35,FALSE
1627783,"Pascal Siakam","1610612761","Toronto Raptors",2024,"0022301043","20240325",1.2,6.05,FALSE
1627783,"Pascal Siakam","1610612761","Toronto Raptors",2024,"0022301043","20240325",0.2,8.75,FALSE
1627783,"Pascal Siakam","1610612761","Toronto Raptors",2024,"0022301043","20240325",0.6,8.35,TRUE
1627783,"Pascal Siakam","1610612761","Toronto Raptors",2024,"0022301043","20240325",-2.2,9.85,FALSE
1627783,"Pascal Siakam","1610612761","Toronto Raptors",2024,"0022301043","20240325",0,6.75,FALSE
1627783,"Pascal Siakam","1610612761","Toronto Raptors",2024,"0022301043","20240325",-4,22.15,TRUE
1627783,"Pascal Siakam","1610612761","Toronto Raptors",2024,"0022301043","20240325",5.1,20.45,TRUE
1627783,"Pascal Siakam","1610612761","Toronto Raptors",2024,"0022301043","20240325",7.4,19.95,TRUE
1627783,"Pascal Siakam","1610612761","Toronto Raptors",2024,"0022301043","20240325",1.2,7.25,TRUE
1627783,"Pascal Siakam","1610612761","Toronto Raptors",2024,"0022301043","20240325",-1.1,7.75,TRUE
1627783,"Pascal Siakam","1610612761","Toronto Raptors",2024,"0022301043","20240325",-17.2,24.15,TRUE
1627783,"Pascal Siakam","1610612761","Toronto Raptors",2024,"0022301043","20240325",-0.5,10.05,FALSE
1627783,"Pascal Siakam","1610612761","Toronto Raptors",2024,"0022301054","20240327",12,7.75,FALSE
1627783,"Pascal Siakam","1610612761","Toronto Raptors",2024,"0022301054","20240327",1.5,5.55,FALSE
1627783,"Pascal Siakam","1610612761","Toronto Raptors",2024,"0022301054","20240327",1.6,11.55,FALSE
1627783,"Pascal Siakam","1610612761","Toronto Raptors",2024,"0022301054","20240327",-12.9,28.35,TRUE
1627783,"Pascal Siakam","1610612761","Toronto Raptors",2024,"0022301054","20240327",1.3,10.15,FALSE
1627783,"Pascal Siakam","1610612761","Toronto Raptors",2024,"0022301054","20240327",-1.7,6.55,FALSE
1627783,"Pascal Siakam","1610612761","Toronto Raptors",2024,"0022301054","20240327",1.3,6.45,TRUE
1627783,"Pascal Siakam","1610612761","Toronto Raptors",2024,"0022301063","20240329",-14.5,17.95,FALSE
1627783,"Pascal Siakam","1610612761","Toronto Raptors",2024,"0022301063","20240329",-1.5,6.55,TRUE
1627783,"Pascal Siakam","1610612761","Toronto Raptors",2024,"0022301063","20240329",1.2,20.75,FALSE
1627783,"Pascal Siakam","1610612761","Toronto Raptors",2024,"0022301063","20240329",0.2,8.65,FALSE
1627783,"Pascal Siakam","1610612761","Toronto Raptors",2024,"0022301063","20240329",4.4,11.75,FALSE
1627783,"Pascal Siakam","1610612761","Toronto Raptors",2024,"0022301063","20240329",1.1,7.45,TRUE
1627783,"Pascal Siakam","1610612761","Toronto Raptors",2024,"0022301063","20240329",-2.2,6.25,TRUE
1627783,"Pascal Siakam","1610612761","Toronto Raptors",2024,"0022301063","20240329",-3.1,14.85,FALSE
1627783,"Pascal Siakam","1610612761","Toronto Raptors",2024,"0022301063","20240329",1.5,10.05,TRUE
1627783,"Pascal Siakam","1610612761","Toronto Raptors",2024,"0022301063","20240329",2.3,7.35,FALSE
1627783,"Pascal Siakam","1610612761","Toronto Raptors",2024,"0022301063","20240329",10,11.95,FALSE
1627783,"Pascal Siakam","1610612761","Toronto Raptors",2024,"0022301063","20240329",2,6.85,TRUE
1627783,"Pascal Siakam","1610612761","Toronto Raptors",2024,"0022301063","20240329",-1.6,10.45,TRUE
1627783,"Pascal Siakam","1610612761","Toronto Raptors",2024,"0022301063","20240329",-1.7,17.15,TRUE
1627783,"Pascal Siakam","1610612761","Toronto Raptors",2024,"0022301063","20240329",0.1,5.35,TRUE
1627783,"Pascal Siakam","1610612761","Toronto Raptors",2024,"0022301063","20240329",1.6,22.15,FALSE
1627783,"Pascal Siakam","1610612761","Toronto Raptors",2024,"0022301089","20240401",19.4,21.55,FALSE
1627783,"Pascal Siakam","1610612761","Toronto Raptors",2024,"0022301089","20240401",5.4,10.25,TRUE
1627783,"Pascal Siakam","1610612761","Toronto Raptors",2024,"0022301089","20240401",9.7,4.85,TRUE
1627783,"Pascal Siakam","1610612761","Toronto Raptors",2024,"0022301089","20240401",2,10.75,TRUE
1627783,"Pascal Siakam","1610612761","Toronto Raptors",2024,"0022301089","20240401",2.1,6.35,TRUE
1627783,"Pascal Siakam","1610612761","Toronto Raptors",2024,"0022301089","20240401",-2.6,7.75,FALSE
1627783,"Pascal Siakam","1610612761","Toronto Raptors",2024,"0022301089","20240401",15.8,25.95,TRUE
1627783,"Pascal Siakam","1610612761","Toronto Raptors",2024,"0022301089","20240401",-10.9,14.65,TRUE
1627783,"Pascal Siakam","1610612761","Toronto Raptors",2024,"0022301089","20240401",-14.7,18.85,FALSE
1627783,"Pascal Siakam","1610612761","Toronto Raptors",2024,"0022301089","20240401",1.5,11.85,FALSE
1627783,"Pascal Siakam","1610612761","Toronto Raptors",2024,"0022301089","20240401",2.9,6.05,FALSE
1627783,"Pascal Siakam","1610612761","Toronto Raptors",2024,"0022301089","20240401",-1.8,4.75,FALSE
1627783,"Pascal Siakam","1610612761","Toronto Raptors",2024,"0022301089","20240401",0,5.25,TRUE
1627783,"Pascal Siakam","1610612761","Toronto Raptors",2024,"0022301089","20240401",2.8,9.75,FALSE
1627783,"Pascal Siakam","1610612761","Toronto Raptors",2024,"0022301089","20240401",0.9,7.45,FALSE
1627783,"Pascal Siakam","1610612761","Toronto Raptors",2024,"0022301106","20240403",19,21.15,FALSE
1627783,"Pascal Siakam","1610612761","Toronto Raptors",2024,"0022301106","20240403",-0.1,9.75,FALSE
1627783,"Pascal Siakam","1610612761","Toronto Raptors",2024,"0022301106","20240403",22.1,4.55,FALSE
1627783,"Pascal Siakam","1610612761","Toronto Raptors",2024,"0022301106","20240403",6.6,4.75,FALSE
1627783,"Pascal Siakam","1610612761","Toronto Raptors",2024,"0022301106","20240403",-0.4,4.25,TRUE
1627783,"Pascal Siakam","1610612761","Toronto Raptors",2024,"0022301106","20240403",-5.4,18.45,FALSE
1627783,"Pascal Siakam","1610612761","Toronto Raptors",2024,"0022301106","20240403",-0.4,5.25,TRUE
1627783,"Pascal Siakam","1610612761","Toronto Raptors",2024,"0022301106","20240403",-1.8,5.55,FALSE
1627783,"Pascal Siakam","1610612761","Toronto Raptors",2024,"0022301106","20240403",0,5.25,FALSE
1627783,"Pascal Siakam","1610612761","Toronto Raptors",2024,"0022301106","20240403",0,5.25,TRUE
1627783,"Pascal Siakam","1610612761","Toronto Raptors",2024,"0022301106","20240403",-1.8,12.35,FALSE
1627783,"Pascal Siakam","1610612761","Toronto Raptors",2024,"0022301106","20240403",-2.9,4.85,TRUE
1627783,"Pascal Siakam","1610612761","Toronto Raptors",2024,"0022301106","20240403",4.3,10.65,FALSE
1627783,"Pascal Siakam","1610612761","Toronto Raptors",2024,"0022301106","20240403",3.8,8.35,FALSE
1627783,"Pascal Siakam","1610612761","Toronto Raptors",2024,"0022301106","20240403",9.6,18.95,FALSE
1627783,"Pascal Siakam","1610612761","Toronto Raptors",2024,"0022301106","20240403",2.8,12.05,TRUE
1627783,"Pascal Siakam","1610612761","Toronto Raptors",2024,"0022301106","20240403",-3.6,5.35,FALSE
1627783,"Pascal Siakam","1610612761","Toronto Raptors",2024,"0022301106","20240403",2.8,16.45,TRUE
1627783,"Pascal Siakam","1610612761","Toronto Raptors",2024,"0022301106","20240403",2.6,13.85,FALSE
1627783,"Pascal Siakam","1610612761","Toronto Raptors",2024,"0022301106","20240403",-1,6.85,TRUE
1627783,"Pascal Siakam","1610612761","Toronto Raptors",2024,"0022301106","20240403",3.9,14.85,TRUE
1627783,"Pascal Siakam","1610612761","Toronto Raptors",2024,"0022301106","20240403",1.6,14.45,TRUE
1627783,"Pascal Siakam","1610612761","Toronto Raptors",2024,"0022301106","20240403",-2.5,14.95,TRUE
1627783,"Pascal Siakam","1610612761","Toronto Raptors",2024,"0022301106","20240403",11.9,18.35,TRUE
1627783,"Pascal Siakam","1610612761","Toronto Raptors",2024,"0022301106","20240403",-4.4,18.85,TRUE
1627783,"Pascal Siakam","1610612761","Toronto Raptors",2024,"0022301106","20240403",-3.8,13.85,FALSE
1627783,"Pascal Siakam","1610612761","Toronto Raptors",2024,"0022301106","20240403",-13.4,31.65,FALSE
1627783,"Pascal Siakam","1610612761","Toronto Raptors",2024,"0022301116","20240405",-3.1,6.85,TRUE
1627783,"Pascal Siakam","1610612761","Toronto Raptors",2024,"0022301116","20240405",0.6,13.25,TRUE
1627783,"Pascal Siakam","1610612761","Toronto Raptors",2024,"0022301116","20240405",12.6,11.05,FALSE
1627783,"Pascal Siakam","1610612761","Toronto Raptors",2024,"0022301116","20240405",4.2,9.05,TRUE
1627783,"Pascal Siakam","1610612761","Toronto Raptors",2024,"0022301116","20240405",-1.6,10.65,TRUE
1627783,"Pascal Siakam","1610612761","Toronto Raptors",2024,"0022301116","20240405",9.1,29.75,TRUE
1627783,"Pascal Siakam","1610612761","Toronto Raptors",2024,"0022301116","20240405",-1.5,13.15,TRUE
1627783,"Pascal Siakam","1610612761","Toronto Raptors",2024,"0022301116","20240405",-2.2,6.55,TRUE
1627783,"Pascal Siakam","1610612761","Toronto Raptors",2024,"0022301116","20240405",0.2,4.85,TRUE
1627783,"Pascal Siakam","1610612761","Toronto Raptors",2024,"0022301116","20240405",10.7,14.05,FALSE
1627783,"Pascal Siakam","1610612761","Toronto Raptors",2024,"0022301133","20240407",0.2,18.55,FALSE
1627783,"Pascal Siakam","1610612761","Toronto Raptors",2024,"0022301133","20240407",-23.4,5.25,FALSE
1627783,"Pascal Siakam","1610612761","Toronto Raptors",2024,"0022301133","20240407",0.9,6.75,FALSE
1627783,"Pascal Siakam","1610612761","Toronto Raptors",2024,"0022301133","20240407",6,8.45,TRUE
1627783,"Pascal Siakam","1610612761","Toronto Raptors",2024,"0022301133","20240407",1.5,5.95,TRUE
1627783,"Pascal Siakam","1610612761","Toronto Raptors",2024,"0022301133","20240407",1.1,13.25,TRUE
1627783,"Pascal Siakam","1610612761","Toronto Raptors",2024,"0022301133","20240407",-11.2,10.35,FALSE
1627783,"Pascal Siakam","1610612761","Toronto Raptors",2024,"0022301133","20240407",-1.6,9.25,FALSE
1627783,"Pascal Siakam","1610612761","Toronto Raptors",2024,"0022301133","20240407",-0.1,15.65,FALSE
1627783,"Pascal Siakam","1610612761","Toronto Raptors",2024,"0022301133","20240407",-23,7.85,TRUE
1627783,"Pascal Siakam","1610612761","Toronto Raptors",2024,"0022301133","20240407",10.2,7.65,TRUE
1627783,"Pascal Siakam","1610612761","Toronto Raptors",2024,"0022301133","20240407",-15.7,25.05,FALSE
1627783,"Pascal Siakam","1610612761","Toronto Raptors",2024,"0022301133","20240407",-0.2,8.35,FALSE
1627783,"Pascal Siakam","1610612761","Toronto Raptors",2024,"0022301133","20240407",2.7,6.35,TRUE
1627783,"Pascal Siakam","1610612761","Toronto Raptors",2024,"0022301133","20240407",2.3,12.65,TRUE
1627783,"Pascal Siakam","1610612761","Toronto Raptors",2024,"0022301146","20240409",0,5.25,TRUE
1627783,"Pascal Siakam","1610612761","Toronto Raptors",2024,"0022301146","20240409",-2.5,9.15,TRUE
1627783,"Pascal Siakam","1610612761","Toronto Raptors",2024,"0022301146","20240409",3.6,8.85,FALSE
1627783,"Pascal Siakam","1610612761","Toronto Raptors",2024,"0022301146","20240409",-3.2,6.85,TRUE
1627783,"Pascal Siakam","1610612761","Toronto Raptors",2024,"0022301146","20240409",-8.5,23.05,TRUE
1627783,"Pascal Siakam","1610612761","Toronto Raptors",2024,"0022301146","20240409",-5.9,5.85,FALSE
1627783,"Pascal Siakam","1610612761","Toronto Raptors",2024,"0022301146","20240409",0.6,5.35,TRUE
1627783,"Pascal Siakam","1610612761","Toronto Raptors",2024,"0022301146","20240409",0,5.25,TRUE
1627783,"Pascal Siakam","1610612761","Toronto Raptors",2024,"0022301146","20240409",3.8,8.45,FALSE
1627783,"Pascal Siakam","1610612761","Toronto Raptors",2024,"0022301146","20240409",-14.2,5.55,FALSE
1627783,"Pascal Siakam","1610612761","Toronto Raptors",2024,"0022301174","20240412",-0.4,5.65,FALSE
1627783,"Pascal Siakam","1610612761","Toronto Raptors",2024,"0022301174","20240412",22.7,6.25,TRUE
1627783,"Pascal Siakam","1610612761","Toronto Raptors",2024,"0022301174","20240412",-3.6,5.75,FALSE
1627783,"Pascal Siakam","1610612761","Toronto Raptors",2024,"0022301174","20240412",4.2,21.25,TRUE
1627783,"Pascal Siakam","1610612761","Toronto Raptors",2024,"0022301174","20240412",5.6,15.95,FALSE
1627783,"Pascal Siakam","1610612761","Toronto Raptors",2024,"0022301174","20240412",12.9,18.55,TRUE
1627783,"Pascal Siakam","1610612761","Toronto Raptors",2024,"0022301174","20240412",-1.1,6.05,FALSE
1627783,"Pascal Siakam","1610612761","Toronto Raptors",2024,"0022301174","20240412",0,5.25,TRUE
1627783,"Pascal Siakam","1610612761","Toronto Raptors",2024,"0022301174","20240412",8.5,29.95,FALSE
1627783,"Pascal Siakam","1610612761","Toronto Raptors",2024,"0022301174","20240412",1.3,7.35,FALSE
1627783,"Pascal Siakam","1610612761","Toronto Raptors",2024,"0022301174","20240412",-3.4,6.25,FALSE
1627783,"Pascal Siakam","1610612761","Toronto Raptors",2024,"0022301174","20240412",-2.6,11.65,FALSE
1627783,"Pascal Siakam","1610612761","Toronto Raptors",2024,"0022301174","20240412",23.9,6.65,TRUE
1627783,"Pascal Siakam","1610612761","Toronto Raptors",2024,"0022301174","20240412",1.1,5.75,TRUE
1627783,"Pascal Siakam","1610612761","Toronto Raptors",2024,"0022301174","20240412",-0.6,6.85,TRUE
1627783,"Pascal Siakam","1610612761","Toronto Raptors",2024,"0022301188","20240414",1.5,7.25,TRUE
1627783,"Pascal Siakam","1610612761","Toronto Raptors",2024,"0022301188","20240414",-3.8,14.15,TRUE
1627783,"Pascal Siakam","1610612761","Toronto Raptors",2024,"0022301188","20240414",0,5.25,TRUE
1627783,"Pascal Siakam","1610612761","Toronto Raptors",2024,"0022301188","20240414",-2.6,7.05,TRUE
1627783,"Pascal Siakam","1610612761","Toronto Raptors",2024,"0022301188","20240414",-0.5,8.45,TRUE
1627783,"Pascal Siakam","1610612761","Toronto Raptors",2024,"0022301188","20240414",8.8,20.55,FALSE
1627783,"Pascal Siakam","1610612761","Toronto Raptors",2024,"0022301188","20240414",-2.1,5.95,TRUE
1627783,"Pascal Siakam","1610612761","Toronto Raptors",2024,"0022301188","20240414",0.2,8.95,TRUE
1627783,"Pascal Siakam","1610612761","Toronto Raptors",2024,"0022301188","20240414",-16.7,26.25,FALSE
1627783,"Pascal Siakam","1610612761","Toronto Raptors",2024,"0022301188","20240414",2.3,10.05,TRUE
1627783,"Pascal Siakam","1610612761","Toronto Raptors",2024,"0022301188","20240414",-13,27.45,TRUE
1627783,"Pascal Siakam","1610612761","Toronto Raptors",2024,"0022301188","20240414",-1.6,8.45,TRUE
1627783,"Pascal Siakam","1610612761","Toronto Raptors",2024,"0022301188","20240414",4.5,13.95,FALSE
1627783,"Pascal Siakam","1610612761","Toronto Raptors",2024,"0022301188","20240414",-1.6,7.65,TRUE
1627783,"Pascal Siakam","1610612761","Toronto Raptors",2024,"0022301188","20240414",-1.8,8.15,TRUE
1627783,"Pascal Siakam","1610612761","Toronto Raptors",2024,"0022301188","20240414",-2.5,9.75,FALSE
1627783,"Pascal Siakam","1610612761","Toronto Raptors",2024,"0022301188","20240414",0,5.25,FALSE
1627783,"Pascal Siakam","1610612761","Toronto Raptors",2024,"0022301188","20240414",0.6,5.85,TRUE
1627783,"Pascal Siakam","1610612761","Toronto Raptors",2024,"0022301207","20231206",-10,22.75,FALSE
1627783,"Pascal Siakam","1610612761","Toronto Raptors",2024,"0022301207","20231206",13.4,20.75,FALSE
1627783,"Pascal Siakam","1610612761","Toronto Raptors",2024,"0022301207","20231206",-0.1,6.05,TRUE
1627783,"Pascal Siakam","1610612761","Toronto Raptors",2024,"0022301207","20231206",-0.6,6.05,TRUE
1627783,"Pascal Siakam","1610612761","Toronto Raptors",2024,"0022301207","20231206",1.1,6.55,FALSE
1627783,"Pascal Siakam","1610612761","Toronto Raptors",2024,"0022301207","20231206",-3.8,17.85,TRUE
1627783,"Pascal Siakam","1610612761","Toronto Raptors",2024,"0022301207","20231206",-23.2,8.15,TRUE
1627783,"Pascal Siakam","1610612761","Toronto Raptors",2024,"0022301207","20231206",2,16.45,TRUE
1627783,"Pascal Siakam","1610612761","Toronto Raptors",2024,"0022301207","20231206",-1.6,5.35,TRUE
1627783,"Pascal Siakam","1610612761","Toronto Raptors",2024,"0022301207","20231206",-5.9,8.45,FALSE
1627783,"Pascal Siakam","1610612761","Toronto Raptors",2024,"0022301207","20231206",-4.8,9.95,TRUE
1627783,"Pascal Siakam","1610612761","Toronto Raptors",2024,"0022301207","20231206",0.2,6.05,TRUE
1627783,"Pascal Siakam","1610612761","Toronto Raptors",2024,"0022301207","20231206",0,5.25,TRUE
1627783,"Pascal Siakam","1610612761","Toronto Raptors",2024,"0022301216","20231208",-10.5,4.15,FALSE
1627783,"Pascal Siakam","1610612761","Toronto Raptors",2024,"0022301216","20231208",-23.2,5.25,FALSE
1627783,"Pascal Siakam","1610612761","Toronto Raptors",2024,"0022301216","20231208",1.7,6.75,TRUE
1627783,"Pascal Siakam","1610612761","Toronto Raptors",2024,"0022301216","20231208",0,5.25,TRUE
1627783,"Pascal Siakam","1610612761","Toronto Raptors",2024,"0022301216","20231208",1.2,8.15,TRUE
1627783,"Pascal Siakam","1610612761","Toronto Raptors",2024,"0022301216","20231208",0.5,7.25,TRUE
1627783,"Pascal Siakam","1610612761","Toronto Raptors",2024,"0022301216","20231208",-1.2,11.15,FALSE
1627783,"Pascal Siakam","1610612761","Toronto Raptors",2024,"0022301216","20231208",0.6,6.95,TRUE
1627783,"Pascal Siakam","1610612761","Toronto Raptors",2024,"0022301216","20231208",-1,11.55,TRUE
1627783,"Pascal Siakam","1610612761","Toronto Raptors",2024,"0022301216","20231208",-1.7,6.95,TRUE
1627783,"Pascal Siakam","1610612761","Toronto Raptors",2024,"0022301216","20231208",4.3,6.75,FALSE
1627783,"Pascal Siakam","1610612761","Toronto Raptors",2024,"0022301216","20231208",0.9,6.25,TRUE
1627783,"Pascal Siakam","1610612761","Toronto Raptors",2024,"0022301216","20231208",0.5,11.45,TRUE
1627783,"Pascal Siakam","1610612761","Toronto Raptors",2024,"0022301216","20231208",-0.7,5.15,TRUE
1627783,"Pascal Siakam","1610612761","Toronto Raptors",2024,"0022301216","20231208",-1.8,6.55,TRUE
