"PLAYER_ID","PLAYER_NAME","TEAM_ID","TEAM_NAME","SEASON","GAME_ID","GAME_DATE","LOC_X","LOC_Y","SHOT_MADE"
201939,"Stephen Curry","1610612744","Golden State Warriors",2015,"0021400014","20141029",8.1,12.45,TRUE
201939,"Stephen Curry","1610612744","Golden State Warriors",2015,"0021400014","20141029",-6.5,29.85,FALSE
201939,"Stephen Curry","1610612744","Golden State Warriors",2015,"0021400014","20141029",-2.3,6.75,TRUE
201939,"Stephen Curry","1610612744","Golden State Warriors",2015,"0021400014","20141029",1.1,5.95,TRUE
201939,"Stephen Curry","1610612744","Golden State Warriors",2015,"0021400014","20141029",16.4,23.95,FALSE
201939,"Stephen Curry","1610612744","Golden State Warriors",2015,"0021400014","20141029",0.4,15.45,FALSE
201939,"Stephen Curry","1610612744","Golden State Warriors",2015,"0021400014","20141029",7.8,8.65,FALSE
201939,"Stephen Curry","1610612744","Golden State Warriors",2015,"0021400014","20141029",22.9,7.85,FALSE
201939,"Stephen Curry","1610612744","Golden State Warriors",2015,"0021400014","20141029",5.4,29.85,FALSE
201939,"Stephen Curry","1610612744","Golden State Warriors",2015,"0021400014","20141029",1.8,29.85,TRUE
201939,"Stephen Curry","1610612744","Golden State Warriors",2015,"0021400014","20141029",-1.8,7.15,FALSE
201939,"Stephen Curry","1610612744","Golden State Warriors",2015,"0021400014","20141029",-3.7,29.95,FALSE
201939,"Stephen Curry","1610612744","Golden State Warriors",2015,"0021400014","20141029",-3.4,7.45,TRUE
201939,"Stephen Curry","1610612744","Golden State Warriors",2015,"0021400014","20141029",2.6,6.95,TRUE
201939,"Stephen Curry","1610612744","Golden State Warriors",2015,"0021400014","20141029",16.4,25.25,FALSE
201939,"Stephen Curry","1610612744","Golden State Warriors",2015,"0021400014","20141029",-22.5,15.15,TRUE
201939,"Stephen Curry","1610612744","Golden State Warriors",2015,"0021400014","20141029",-20.9,17.85,FALSE
201939,"Stephen Curry","1610612744","Golden State Warriors",2015,"0021400038","20141101",2.3,8.85,FALSE
201939,"Stephen Curry","1610612744","Golden State Warriors",2015,"0021400038","20141101",13.8,18.45,TRUE
201939,"Stephen Curry","1610612744","Golden State Warriors",2015,"0021400038","20141101",0,30.65,FALSE
201939,"Stephen Curry","1610612744","Golden State Warriors",2015,"0021400038","20141101",-6.2,8.95,FALSE
201939,"Stephen Curry","1610612744","Golden State Warriors",2015,"0021400038","20141101",12.3,28.25,TRUE
201939,"Stephen Curry","1610612744","Golden State Warriors",2015,"0021400038","20141101",15.3,16.05,TRUE
201939,"Stephen Curry","1610612744","Golden State Warriors",2015,"0021400038","20141101",3.7,16.05,TRUE
201939,"Stephen Curry","1610612744","Golden State Warriors",2015,"0021400038","20141101",12.3,28.25,TRUE
201939,"Stephen Curry","1610612744","Golden State Warriors",2015,"0021400038","20141101",7.6,30.95,FALSE
201939,"Stephen Curry","1610612744","Golden State Warriors",2015,"0021400038","20141101",-4.8,9.75,TRUE
201939,"Stephen Curry","1610612744","Golden State Warriors",2015,"0021400038","20141101",-14,7.85,FALSE
201939,"Stephen Curry","1610612744","Golden State Warriors",2015,"0021400038","20141101",-17.7,22.55,FALSE
201939,"Stephen Curry","1610612744","Golden State Warriors",2015,"0021400038","20141101",-1.8,7.45,FALSE
201939,"Stephen Curry","1610612744","Golden State Warriors",2015,"0021400038","20141101",-1.5,6.15,TRUE
201939,"Stephen Curry","1610612744","Golden State Warriors",2015,"0021400038","20141101",-15.9,27.65,TRUE
201939,"Stephen Curry","1610612744","Golden State Warriors",2015,"0021400038","20141101",-9.1,30.45,FALSE
201939,"Stephen Curry","1610612744","Golden State Warriors",2015,"0021400038","20141101",0,8.95,TRUE
201939,"Stephen Curry","1610612744","Golden State Warriors",2015,"0021400038","20141101",-14.4,28.05,FALSE
201939,"Stephen Curry","1610612744","Golden State Warriors",2015,"0021400038","20141101",-12.1,6.65,TRUE
201939,"Stephen Curry","1610612744","Golden State Warriors",2015,"0021400042","20141102",-15.7,14.55,FALSE
201939,"Stephen Curry","1610612744","Golden State Warriors",2015,"0021400042","20141102",5.1,29.45,TRUE
201939,"Stephen Curry","1610612744","Golden State Warriors",2015,"0021400042","20141102",1.5,5.55,TRUE
201939,"Stephen Curry","1610612744","Golden State Warriors",2015,"0021400042","20141102",-2.1,20.05,TRUE
201939,"Stephen Curry","1610612744","Golden State Warriors",2015,"0021400042","20141102",-12.4,28.75,FALSE
201939,"Stephen Curry","1610612744","Golden State Warriors",2015,"0021400042","20141102",10.3,22.55,FALSE
201939,"Stephen Curry","1610612744","Golden State Warriors",2015,"0021400042","20141102",1.6,26.35,TRUE
201939,"Stephen Curry","1610612744","Golden State Warriors",2015,"0021400042","20141102",8.2,23.15,FALSE
201939,"Stephen Curry","1610612744","Golden State Warriors",2015,"0021400042","20141102",1.5,5.05,FALSE
201939,"Stephen Curry","1610612744","Golden State Warriors",2015,"0021400042","20141102",19.4,9.35,FALSE
201939,"Stephen Curry","1610612744","Golden State Warriors",2015,"0021400042","20141102",-0.9,5.25,FALSE
201939,"Stephen Curry","1610612744","Golden State Warriors",2015,"0021400042","20141102",14.2,17.35,TRUE
201939,"Stephen Curry","1610612744","Golden State Warriors",2015,"0021400042","20141102",10.9,27.25,FALSE
201939,"Stephen Curry","1610612744","Golden State Warriors",2015,"0021400042","20141102",-8.3,24.45,TRUE
201939,"Stephen Curry","1610612744","Golden State Warriors",2015,"0021400042","20141102",10.9,27.15,FALSE
201939,"Stephen Curry","1610612744","Golden State Warriors",2015,"0021400042","20141102",23.2,5.85,FALSE
201939,"Stephen Curry","1610612744","Golden State Warriors",2015,"0021400042","20141102",-4.8,5.35,FALSE
201939,"Stephen Curry","1610612744","Golden State Warriors",2015,"0021400042","20141102",-19,13.55,FALSE
201939,"Stephen Curry","1610612744","Golden State Warriors",2015,"0021400068","20141105",-5.9,29.35,FALSE
201939,"Stephen Curry","1610612744","Golden State Warriors",2015,"0021400068","20141105",1.9,8.55,FALSE
201939,"Stephen Curry","1610612744","Golden State Warriors",2015,"0021400068","20141105",19.9,20.05,TRUE
201939,"Stephen Curry","1610612744","Golden State Warriors",2015,"0021400068","20141105",-1.8,6.45,TRUE
201939,"Stephen Curry","1610612744","Golden State Warriors",2015,"0021400068","20141105",0.2,5.65,TRUE
201939,"Stephen Curry","1610612744","Golden State Warriors",2015,"0021400068","20141105",-1.3,11.95,FALSE
201939,"Stephen Curry","1610612744","Golden State Warriors",2015,"0021400068","20141105",9.5,20.35,TRUE
201939,"Stephen Curry","1610612744","Golden State Warriors",2015,"0021400068","20141105",-16.6,25.55,TRUE
201939,"Stephen Curry","1610612744","Golden State Warriors",2015,"0021400068","20141105",-3.1,31.05,FALSE
201939,"Stephen Curry","1610612744","Golden State Warriors",2015,"0021400068","20141105",23.1,12.65,TRUE
201939,"Stephen Curry","1610612744","Golden State Warriors",2015,"0021400068","20141105",-22.6,6.15,FALSE
201939,"Stephen Curry","1610612744","Golden State Warriors",2015,"0021400068","20141105",10.1,19.85,FALSE
201939,"Stephen Curry","1610612744","Golden State Warriors",2015,"0021400068","20141105",-3.7,8.05,FALSE
201939,"Stephen Curry","1610612744","Golden State Warriors",2015,"0021400068","20141105",0.4,8.65,FALSE
201939,"Stephen Curry","1610612744","Golden State Warriors",2015,"0021400068","20141105",-17.6,8.65,TRUE
201939,"Stephen Curry","1610612744","Golden State Warriors",2015,"0021400068","20141105",-19.2,24.95,FALSE
201939,"Stephen Curry","1610612744","Golden State Warriors",2015,"0021400068","20141105",-16.5,27.25,TRUE
201939,"Stephen Curry","1610612744","Golden State Warriors",2015,"0021400068","20141105",-12.2,15.65,TRUE
201939,"Stephen Curry","1610612744","Golden State Warriors",2015,"0021400087","20141108",1,5.85,TRUE
201939,"Stephen Curry","1610612744","Golden State Warriors",2015,"0021400087","20141108",-2,5.05,TRUE
201939,"Stephen Curry","1610612744","Golden State Warriors",2015,"0021400087","20141108",0.8,30.75,TRUE
201939,"Stephen Curry","1610612744","Golden State Warriors",2015,"0021400087","20141108",12.7,10.55,FALSE
201939,"Stephen Curry","1610612744","Golden State Warriors",2015,"0021400087","20141108",-14.6,22.25,TRUE
201939,"Stephen Curry","1610612744","Golden State Warriors",2015,"0021400087","20141108",0.2,4.25,TRUE
201939,"Stephen Curry","1610612744","Golden State Warriors",2015,"0021400087","20141108",-10.5,29.85,FALSE
201939,"Stephen Curry","1610612744","Golden State Warriors",2015,"0021400087","20141108",-0.6,5.85,FALSE
201939,"Stephen Curry","1610612744","Golden State Warriors",2015,"0021400087","20141108",-1,24.75,FALSE
201939,"Stephen Curry","1610612744","Golden State Warriors",2015,"0021400087","20141108",15.5,24.15,TRUE
201939,"Stephen Curry","1610612744","Golden State Warriors",2015,"0021400087","20141108",13.1,25.75,FALSE
201939,"Stephen Curry","1610612744","Golden State Warriors",2015,"0021400087","20141108",-22.6,9.45,TRUE
201939,"Stephen Curry","1610612744","Golden State Warriors",2015,"0021400087","20141108",-12.2,26.35,TRUE
201939,"Stephen Curry","1610612744","Golden State Warriors",2015,"0021400087","20141108",-10,27.75,FALSE
201939,"Stephen Curry","1610612744","Golden State Warriors",2015,"0021400087","20141108",8.7,11.05,TRUE
201939,"Stephen Curry","1610612744","Golden State Warriors",2015,"0021400087","20141108",0.2,5.55,TRUE
201939,"Stephen Curry","1610612744","Golden State Warriors",2015,"0021400087","20141108",-23.6,14.35,TRUE
201939,"Stephen Curry","1610612744","Golden State Warriors",2015,"0021400087","20141108",-0.6,8.25,TRUE
201939,"Stephen Curry","1610612744","Golden State Warriors",2015,"0021400087","20141108",0,30.45,TRUE
201939,"Stephen Curry","1610612744","Golden State Warriors",2015,"0021400095","20141109",-2.1,32.45,TRUE
201939,"Stephen Curry","1610612744","Golden State Warriors",2015,"0021400095","20141109",-2.9,6.75,TRUE
201939,"Stephen Curry","1610612744","Golden State Warriors",2015,"0021400095","20141109",10.5,29.05,FALSE
201939,"Stephen Curry","1610612744","Golden State Warriors",2015,"0021400095","20141109",10.1,24.15,FALSE
201939,"Stephen Curry","1610612744","Golden State Warriors",2015,"0021400095","20141109",-23.3,4.25,TRUE
201939,"Stephen Curry","1610612744","Golden State Warriors",2015,"0021400095","20141109",12.8,26.95,FALSE
201939,"Stephen Curry","1610612744","Golden State Warriors",2015,"0021400095","20141109",8.6,5.65,FALSE
201939,"Stephen Curry","1610612744","Golden State Warriors",2015,"0021400095","20141109",23.1,7.45,TRUE
201939,"Stephen Curry","1610612744","Golden State Warriors",2015,"0021400095","20141109",-2.8,6.65,TRUE
201939,"Stephen Curry","1610612744","Golden State Warriors",2015,"0021400095","20141109",8.4,28.25,TRUE
201939,"Stephen Curry","1610612744","Golden State Warriors",2015,"0021400095","20141109",-0.1,5.55,TRUE
201939,"Stephen Curry","1610612744","Golden State Warriors",2015,"0021400095","20141109",-1.7,29.45,FALSE
201939,"Stephen Curry","1610612744","Golden State Warriors",2015,"0021400095","20141109",-0.6,30.35,FALSE
201939,"Stephen Curry","1610612744","Golden State Warriors",2015,"0021400095","20141109",0.7,5.55,TRUE
201939,"Stephen Curry","1610612744","Golden State Warriors",2015,"0021400095","20141109",7.3,20.95,FALSE
201939,"Stephen Curry","1610612744","Golden State Warriors",2015,"0021400095","20141109",3,16.45,TRUE
201939,"Stephen Curry","1610612744","Golden State Warriors",2015,"0021400095","20141109",-5.4,29.35,FALSE
201939,"Stephen Curry","1610612744","Golden State Warriors",2015,"0021400095","20141109",-2.9,6.45,TRUE
201939,"Stephen Curry","1610612744","Golden State Warriors",2015,"0021400095","20141109",-4.2,29.45,FALSE
201939,"Stephen Curry","1610612744","Golden State Warriors",2015,"0021400095","20141109",-12.4,20.95,FALSE
201939,"Stephen Curry","1610612744","Golden State Warriors",2015,"0021400108","20141111",-1.7,31.25,FALSE
201939,"Stephen Curry","1610612744","Golden State Warriors",2015,"0021400108","20141111",-8.8,13.25,TRUE
201939,"Stephen Curry","1610612744","Golden State Warriors",2015,"0021400108","20141111",-2.6,7.45,FALSE
201939,"Stephen Curry","1610612744","Golden State Warriors",2015,"0021400108","20141111",0.8,5.95,TRUE
201939,"Stephen Curry","1610612744","Golden State Warriors",2015,"0021400108","20141111",-1,9.15,TRUE
201939,"Stephen Curry","1610612744","Golden State Warriors",2015,"0021400108","20141111",-15.2,29.45,FALSE
201939,"Stephen Curry","1610612744","Golden State Warriors",2015,"0021400108","20141111",23.7,5.85,FALSE
201939,"Stephen Curry","1610612744","Golden State Warriors",2015,"0021400108","20141111",1,7.25,TRUE
201939,"Stephen Curry","1610612744","Golden State Warriors",2015,"0021400108","20141111",10.9,19.55,TRUE
201939,"Stephen Curry","1610612744","Golden State Warriors",2015,"0021400108","20141111",-18.2,27.15,FALSE
201939,"Stephen Curry","1610612744","Golden State Warriors",2015,"0021400108","20141111",-0.6,5.65,TRUE
201939,"Stephen Curry","1610612744","Golden State Warriors",2015,"0021400108","20141111",9.2,8.85,TRUE
201939,"Stephen Curry","1610612744","Golden State Warriors",2015,"0021400108","20141111",1.5,32.45,FALSE
201939,"Stephen Curry","1610612744","Golden State Warriors",2015,"0021400108","20141111",0,8.95,FALSE
201939,"Stephen Curry","1610612744","Golden State Warriors",2015,"0021400108","20141111",-9.1,9.45,FALSE
201939,"Stephen Curry","1610612744","Golden State Warriors",2015,"0021400108","20141111",-3.4,30.65,FALSE
201939,"Stephen Curry","1610612744","Golden State Warriors",2015,"0021400108","20141111",10.8,20.65,FALSE
201939,"Stephen Curry","1610612744","Golden State Warriors",2015,"0021400108","20141111",18.2,30.45,FALSE
201939,"Stephen Curry","1610612744","Golden State Warriors",2015,"0021400121","20141113",-9.4,23.95,TRUE
201939,"Stephen Curry","1610612744","Golden State Warriors",2015,"0021400121","20141113",23.2,7.85,FALSE
201939,"Stephen Curry","1610612744","Golden State Warriors",2015,"0021400121","20141113",-15.4,12.35,FALSE
201939,"Stephen Curry","1610612744","Golden State Warriors",2015,"0021400121","20141113",-22.2,16.05,TRUE
201939,"Stephen Curry","1610612744","Golden State Warriors",2015,"0021400121","20141113",16.6,25.85,FALSE
201939,"Stephen Curry","1610612744","Golden State Warriors",2015,"0021400121","20141113",-0.2,6.15,TRUE
201939,"Stephen Curry","1610612744","Golden State Warriors",2015,"0021400121","20141113",-23.7,6.75,TRUE
201939,"Stephen Curry","1610612744","Golden State Warriors",2015,"0021400121","20141113",-17.7,26.95,FALSE
201939,"Stephen Curry","1610612744","Golden State Warriors",2015,"0021400121","20141113",-1,6.95,TRUE
201939,"Stephen Curry","1610612744","Golden State Warriors",2015,"0021400121","20141113",-19.3,15.75,FALSE
201939,"Stephen Curry","1610612744","Golden State Warriors",2015,"0021400121","20141113",6.4,30.75,FALSE
201939,"Stephen Curry","1610612744","Golden State Warriors",2015,"0021400121","20141113",-16.3,26.95,TRUE
201939,"Stephen Curry","1610612744","Golden State Warriors",2015,"0021400140","20141115",-8.9,29.85,FALSE
201939,"Stephen Curry","1610612744","Golden State Warriors",2015,"0021400140","20141115",16.6,25.85,FALSE
201939,"Stephen Curry","1610612744","Golden State Warriors",2015,"0021400140","20141115",15.8,13.85,TRUE
201939,"Stephen Curry","1610612744","Golden State Warriors",2015,"0021400140","20141115",16.6,13.55,TRUE
201939,"Stephen Curry","1610612744","Golden State Warriors",2015,"0021400140","20141115",13.6,19.45,TRUE
201939,"Stephen Curry","1610612744","Golden State Warriors",2015,"0021400140","20141115",18.3,25.75,FALSE
201939,"Stephen Curry","1610612744","Golden State Warriors",2015,"0021400140","20141115",0,15.95,FALSE
201939,"Stephen Curry","1610612744","Golden State Warriors",2015,"0021400140","20141115",1,5.65,TRUE
201939,"Stephen Curry","1610612744","Golden State Warriors",2015,"0021400140","20141115",22.4,18.15,TRUE
201939,"Stephen Curry","1610612744","Golden State Warriors",2015,"0021400140","20141115",16.6,28.25,TRUE
201939,"Stephen Curry","1610612744","Golden State Warriors",2015,"0021400140","20141115",-13.5,18.15,FALSE
201939,"Stephen Curry","1610612744","Golden State Warriors",2015,"0021400140","20141115",-14.1,19.25,FALSE
201939,"Stephen Curry","1610612744","Golden State Warriors",2015,"0021400140","20141115",-1.3,6.95,TRUE
201939,"Stephen Curry","1610612744","Golden State Warriors",2015,"0021400140","20141115",21,8.35,FALSE
201939,"Stephen Curry","1610612744","Golden State Warriors",2015,"0021400140","20141115",3.2,31.85,TRUE
201939,"Stephen Curry","1610612744","Golden State Warriors",2015,"0021400145","20141116",11.9,24.25,FALSE
201939,"Stephen Curry","1610612744","Golden State Warriors",2015,"0021400145","20141116",-1.5,31.25,TRUE
201939,"Stephen Curry","1610612744","Golden State Warriors",2015,"0021400145","20141116",11.1,4.15,FALSE
201939,"Stephen Curry","1610612744","Golden State Warriors",2015,"0021400145","20141116",-23.6,5.85,FALSE
201939,"Stephen Curry","1610612744","Golden State Warriors",2015,"0021400145","20141116",-1.5,6.95,FALSE
201939,"Stephen Curry","1610612744","Golden State Warriors",2015,"0021400145","20141116",-13.8,26.35,TRUE
201939,"Stephen Curry","1610612744","Golden State Warriors",2015,"0021400145","20141116",-1.3,6.75,TRUE
201939,"Stephen Curry","1610612744","Golden State Warriors",2015,"0021400145","20141116",18.8,26.65,TRUE
201939,"Stephen Curry","1610612744","Golden State Warriors",2015,"0021400145","20141116",-7.2,25.55,FALSE
201939,"Stephen Curry","1610612744","Golden State Warriors",2015,"0021400145","20141116",17.1,27.65,TRUE
201939,"Stephen Curry","1610612744","Golden State Warriors",2015,"0021400145","20141116",-5.9,11.85,FALSE
201939,"Stephen Curry","1610612744","Golden State Warriors",2015,"0021400145","20141116",2.1,7.85,TRUE
201939,"Stephen Curry","1610612744","Golden State Warriors",2015,"0021400145","20141116",-1.5,8.55,TRUE
201939,"Stephen Curry","1610612744","Golden State Warriors",2015,"0021400145","20141116",-1.7,7.15,TRUE
201939,"Stephen Curry","1610612744","Golden State Warriors",2015,"0021400145","20141116",-12.5,27.25,TRUE
201939,"Stephen Curry","1610612744","Golden State Warriors",2015,"0021400145","20141116",-0.7,6.65,TRUE
201939,"Stephen Curry","1610612744","Golden State Warriors",2015,"0021400145","20141116",-17.4,25.35,FALSE
201939,"Stephen Curry","1610612744","Golden State Warriors",2015,"0021400145","20141116",-14.6,27.45,FALSE
201939,"Stephen Curry","1610612744","Golden State Warriors",2015,"0021400145","20141116",-4,57.05,FALSE
201939,"Stephen Curry","1610612744","Golden State Warriors",2015,"0021400182","20141121",-12.1,31.05,TRUE
201939,"Stephen Curry","1610612744","Golden State Warriors",2015,"0021400182","20141121",-15.7,26.95,FALSE
201939,"Stephen Curry","1610612744","Golden State Warriors",2015,"0021400182","20141121",10.8,19.25,FALSE
201939,"Stephen Curry","1610612744","Golden State Warriors",2015,"0021400182","20141121",-1,6.15,TRUE
201939,"Stephen Curry","1610612744","Golden State Warriors",2015,"0021400182","20141121",-9.4,31.05,FALSE
201939,"Stephen Curry","1610612744","Golden State Warriors",2015,"0021400182","20141121",10.9,28.05,TRUE
201939,"Stephen Curry","1610612744","Golden State Warriors",2015,"0021400182","20141121",20.7,8.35,FALSE
201939,"Stephen Curry","1610612744","Golden State Warriors",2015,"0021400182","20141121",10.6,30.15,FALSE
201939,"Stephen Curry","1610612744","Golden State Warriors",2015,"0021400182","20141121",20.9,20.85,FALSE
201939,"Stephen Curry","1610612744","Golden State Warriors",2015,"0021400196","20141123",-0.4,29.65,TRUE
201939,"Stephen Curry","1610612744","Golden State Warriors",2015,"0021400196","20141123",15.7,17.05,TRUE
201939,"Stephen Curry","1610612744","Golden State Warriors",2015,"0021400196","20141123",20.4,19.85,FALSE
201939,"Stephen Curry","1610612744","Golden State Warriors",2015,"0021400196","20141123",-0.9,6.15,TRUE
201939,"Stephen Curry","1610612744","Golden State Warriors",2015,"0021400196","20141123",15.8,23.95,TRUE
201939,"Stephen Curry","1610612744","Golden State Warriors",2015,"0021400196","20141123",-17.3,22.45,FALSE
201939,"Stephen Curry","1610612744","Golden State Warriors",2015,"0021400196","20141123",-1.8,5.25,FALSE
201939,"Stephen Curry","1610612744","Golden State Warriors",2015,"0021400196","20141123",0,8.25,TRUE
201939,"Stephen Curry","1610612744","Golden State Warriors",2015,"0021400196","20141123",0.5,5.85,FALSE
201939,"Stephen Curry","1610612744","Golden State Warriors",2015,"0021400196","20141123",1.1,20.15,FALSE
201939,"Stephen Curry","1610612744","Golden State Warriors",2015,"0021400196","20141123",-1.7,7.45,FALSE
201939,"Stephen Curry","1610612744","Golden State Warriors",2015,"0021400196","20141123",17.5,22.55,FALSE
201939,"Stephen Curry","1610612744","Golden State Warriors",2015,"0021400196","20141123",-3.2,16.85,FALSE
201939,"Stephen Curry","1610612744","Golden State Warriors",2015,"0021400196","20141123",13.8,25.75,FALSE
201939,"Stephen Curry","1610612744","Golden State Warriors",2015,"0021400196","20141123",-14,22.45,FALSE
201939,"Stephen Curry","1610612744","Golden State Warriors",2015,"0021400206","20141125",13.6,25.55,TRUE
201939,"Stephen Curry","1610612744","Golden State Warriors",2015,"0021400206","20141125",5.9,29.35,TRUE
201939,"Stephen Curry","1610612744","Golden State Warriors",2015,"0021400206","20141125",-14.1,26.15,FALSE
201939,"Stephen Curry","1610612744","Golden State Warriors",2015,"0021400206","20141125",-6.2,17.35,FALSE
201939,"Stephen Curry","1610612744","Golden State Warriors",2015,"0021400206","20141125",2.9,6.75,TRUE
201939,"Stephen Curry","1610612744","Golden State Warriors",2015,"0021400206","20141125",20.1,19.05,TRUE
201939,"Stephen Curry","1610612744","Golden State Warriors",2015,"0021400206","20141125",-0.9,7.85,TRUE
201939,"Stephen Curry","1610612744","Golden State Warriors",2015,"0021400206","20141125",12.7,22.25,FALSE
201939,"Stephen Curry","1610612744","Golden State Warriors",2015,"0021400206","20141125",1.5,29.85,TRUE
201939,"Stephen Curry","1610612744","Golden State Warriors",2015,"0021400206","20141125",-16,24.65,TRUE
201939,"Stephen Curry","1610612744","Golden State Warriors",2015,"0021400206","20141125",-24.2,8.35,TRUE
201939,"Stephen Curry","1610612744","Golden State Warriors",2015,"0021400206","20141125",-0.4,5.85,FALSE
201939,"Stephen Curry","1610612744","Golden State Warriors",2015,"0021400206","20141125",16.8,23.15,FALSE
201939,"Stephen Curry","1610612744","Golden State Warriors",2015,"0021400206","20141125",-2.3,4.95,TRUE
201939,"Stephen Curry","1610612744","Golden State Warriors",2015,"0021400206","20141125",-5.1,29.95,TRUE
201939,"Stephen Curry","1610612744","Golden State Warriors",2015,"0021400206","20141125",-23.6,9.65,FALSE
201939,"Stephen Curry","1610612744","Golden State Warriors",2015,"0021400206","20141125",17.4,22.45,TRUE
201939,"Stephen Curry","1610612744","Golden State Warriors",2015,"0021400206","20141125",1,5.95,FALSE
201939,"Stephen Curry","1610612744","Golden State Warriors",2015,"0021400206","20141125",-0.9,5.65,TRUE
201939,"Stephen Curry","1610612744","Golden State Warriors",2015,"0021400212","20141126",6.4,12.75,TRUE
201939,"Stephen Curry","1610612744","Golden State Warriors",2015,"0021400212","20141126",7.1,32.45,TRUE
201939,"Stephen Curry","1610612744","Golden State Warriors",2015,"0021400212","20141126",-0.1,7.85,FALSE
201939,"Stephen Curry","1610612744","Golden State Warriors",2015,"0021400212","20141126",17.5,22.85,TRUE
201939,"Stephen Curry","1610612744","Golden State Warriors",2015,"0021400212","20141126",-23.3,9.95,TRUE
201939,"Stephen Curry","1610612744","Golden State Warriors",2015,"0021400212","20141126",-7.2,31.05,TRUE
201939,"Stephen Curry","1610612744","Golden State Warriors",2015,"0021400212","20141126",-10.3,23.55,TRUE
201939,"Stephen Curry","1610612744","Golden State Warriors",2015,"0021400212","20141126",3,34.25,TRUE
201939,"Stephen Curry","1610612744","Golden State Warriors",2015,"0021400212","20141126",8.2,22.75,TRUE
201939,"Stephen Curry","1610612744","Golden State Warriors",2015,"0021400212","20141126",-2.4,18.75,FALSE
201939,"Stephen Curry","1610612744","Golden State Warriors",2015,"0021400212","20141126",-1.8,32.95,TRUE
201939,"Stephen Curry","1610612744","Golden State Warriors",2015,"0021400212","20141126",-15.1,26.15,FALSE
201939,"Stephen Curry","1610612744","Golden State Warriors",2015,"0021400212","20141126",11.9,28.55,FALSE
201939,"Stephen Curry","1610612744","Golden State Warriors",2015,"0021400224","20141128",-20.6,21.75,TRUE
201939,"Stephen Curry","1610612744","Golden State Warriors",2015,"0021400224","20141128",-15.7,29.65,FALSE
201939,"Stephen Curry","1610612744","Golden State Warriors",2015,"0021400224","20141128",-0.1,8.05,TRUE
201939,"Stephen Curry","1610612744","Golden State Warriors",2015,"0021400224","20141128",10.1,29.45,FALSE
201939,"Stephen Curry","1610612744","Golden State Warriors",2015,"0021400224","20141128",-10.8,18.75,TRUE
201939,"Stephen Curry","1610612744","Golden State Warriors",2015,"0021400224","20141128",2.6,8.25,FALSE
201939,"Stephen Curry","1610612744","Golden State Warriors",2015,"0021400224","20141128",-17.4,24.15,FALSE
201939,"Stephen Curry","1610612744","Golden State Warriors",2015,"0021400224","20141128",6.4,7.45,TRUE
201939,"Stephen Curry","1610612744","Golden State Warriors",2015,"0021400224","20141128",12.7,27.15,FALSE
201939,"Stephen Curry","1610612744","Golden State Warriors",2015,"0021400224","20141128",1.5,5.35,TRUE
201939,"Stephen Curry","1610612744","Golden State Warriors",2015,"0021400224","20141128",-14.6,27.45,FALSE
201939,"Stephen Curry","1610612744","Golden State Warriors",2015,"0021400224","20141128",-5.3,16.25,TRUE
201939,"Stephen Curry","1610612744","Golden State Warriors",2015,"0021400224","20141128",0,14.05,FALSE
201939,"Stephen Curry","1610612744","Golden State Warriors",2015,"0021400224","20141128",-23.9,7.85,FALSE
201939,"Stephen Curry","1610612744","Golden State Warriors",2015,"0021400224","20141128",-14.7,25.55,FALSE
201939,"Stephen Curry","1610612744","Golden State Warriors",2015,"0021400224","20141128",-17.3,25.05,FALSE
201939,"Stephen Curry","1610612744","Golden State Warriors",2015,"0021400224","20141128",1,29.95,FALSE
201939,"Stephen Curry","1610612744","Golden State Warriors",2015,"0021400224","20141128",0,6.45,TRUE
201939,"Stephen Curry","1610612744","Golden State Warriors",2015,"0021400224","20141128",-0.7,6.35,TRUE
201939,"Stephen Curry","1610612744","Golden State Warriors",2015,"0021400224","20141128",0.8,5.65,TRUE
201939,"Stephen Curry","1610612744","Golden State Warriors",2015,"0021400243","20141130",-11.8,29.35,FALSE
201939,"Stephen Curry","1610612744","Golden State Warriors",2015,"0021400243","20141130",2.9,7.15,FALSE
201939,"Stephen Curry","1610612744","Golden State Warriors",2015,"0021400243","20141130",-0.6,5.95,TRUE
201939,"Stephen Curry","1610612744","Golden State Warriors",2015,"0021400243","20141130",-0.1,6.35,TRUE
201939,"Stephen Curry","1610612744","Golden State Warriors",2015,"0021400243","20141130",1.8,26.95,FALSE
201939,"Stephen Curry","1610612744","Golden State Warriors",2015,"0021400243","20141130",7.9,7.55,TRUE
201939,"Stephen Curry","1610612744","Golden State Warriors",2015,"0021400243","20141130",1.9,32.05,TRUE
201939,"Stephen Curry","1610612744","Golden State Warriors",2015,"0021400243","20141130",-1.3,22.75,TRUE
201939,"Stephen Curry","1610612744","Golden State Warriors",2015,"0021400243","20141130",-20,21.65,FALSE
201939,"Stephen Curry","1610612744","Golden State Warriors",2015,"0021400262","20141202",-23,8.85,FALSE
201939,"Stephen Curry","1610612744","Golden State Warriors",2015,"0021400262","20141202",-1.8,7.45,TRUE
201939,"Stephen Curry","1610612744","Golden State Warriors",2015,"0021400262","20141202",-0.9,32.45,FALSE
201939,"Stephen Curry","1610612744","Golden State Warriors",2015,"0021400262","20141202",-0.9,7.75,FALSE
201939,"Stephen Curry","1610612744","Golden State Warriors",2015,"0021400262","20141202",9.5,33.25,TRUE
201939,"Stephen Curry","1610612744","Golden State Warriors",2015,"0021400262","20141202",-2.4,6.15,TRUE
201939,"Stephen Curry","1610612744","Golden State Warriors",2015,"0021400262","20141202",6,8.25,TRUE
201939,"Stephen Curry","1610612744","Golden State Warriors",2015,"0021400262","20141202",17.5,14.05,FALSE
201939,"Stephen Curry","1610612744","Golden State Warriors",2015,"0021400262","20141202",4.6,8.05,FALSE
201939,"Stephen Curry","1610612744","Golden State Warriors",2015,"0021400262","20141202",-1.2,5.55,TRUE
201939,"Stephen Curry","1610612744","Golden State Warriors",2015,"0021400262","20141202",10.3,12.95,TRUE
201939,"Stephen Curry","1610612744","Golden State Warriors",2015,"0021400262","20141202",19.4,23.65,FALSE
201939,"Stephen Curry","1610612744","Golden State Warriors",2015,"0021400262","20141202",-20,21.95,FALSE
201939,"Stephen Curry","1610612744","Golden State Warriors",2015,"0021400262","20141202",17.1,27.25,TRUE
201939,"Stephen Curry","1610612744","Golden State Warriors",2015,"0021400262","20141202",-23.9,12.45,FALSE
201939,"Stephen Curry","1610612744","Golden State Warriors",2015,"0021400262","20141202",-18.9,23.85,FALSE
201939,"Stephen Curry","1610612744","Golden State Warriors",2015,"0021400262","20141202",-17.4,26.15,TRUE
201939,"Stephen Curry","1610612744","Golden State Warriors",2015,"0021400275","20141204",1.5,5.95,TRUE
201939,"Stephen Curry","1610612744","Golden State Warriors",2015,"0021400275","20141204",0.2,14.85,FALSE
201939,"Stephen Curry","1610612744","Golden State Warriors",2015,"0021400275","20141204",3.8,31.85,TRUE
201939,"Stephen Curry","1610612744","Golden State Warriors",2015,"0021400275","20141204",0.2,8.55,FALSE
201939,"Stephen Curry","1610612744","Golden State Warriors",2015,"0021400275","20141204",1.1,6.65,TRUE
201939,"Stephen Curry","1610612744","Golden State Warriors",2015,"0021400275","20141204",-10.3,8.05,FALSE
201939,"Stephen Curry","1610612744","Golden State Warriors",2015,"0021400275","20141204",-11.9,8.35,FALSE
201939,"Stephen Curry","1610612744","Golden State Warriors",2015,"0021400275","20141204",1.6,5.65,TRUE
201939,"Stephen Curry","1610612744","Golden State Warriors",2015,"0021400275","20141204",-18.7,25.85,TRUE
201939,"Stephen Curry","1610612744","Golden State Warriors",2015,"0021400275","20141204",-20.9,21.75,FALSE
201939,"Stephen Curry","1610612744","Golden State Warriors",2015,"0021400275","20141204",12.7,30.45,FALSE
201939,"Stephen Curry","1610612744","Golden State Warriors",2015,"0021400275","20141204",1.8,6.75,FALSE
201939,"Stephen Curry","1610612744","Golden State Warriors",2015,"0021400275","20141204",-0.4,8.35,FALSE
201939,"Stephen Curry","1610612744","Golden State Warriors",2015,"0021400275","20141204",-6.4,17.95,TRUE
201939,"Stephen Curry","1610612744","Golden State Warriors",2015,"0021400275","20141204",-1,6.65,TRUE
201939,"Stephen Curry","1610612744","Golden State Warriors",2015,"0021400275","20141204",23.1,10.25,TRUE
201939,"Stephen Curry","1610612744","Golden State Warriors",2015,"0021400275","20141204",-15.7,28.25,FALSE
201939,"Stephen Curry","1610612744","Golden State Warriors",2015,"0021400289","20141206",7.9,27.95,FALSE
201939,"Stephen Curry","1610612744","Golden State Warriors",2015,"0021400289","20141206",19.6,11.25,TRUE
201939,"Stephen Curry","1610612744","Golden State Warriors",2015,"0021400289","20141206",10.9,22.25,FALSE
201939,"Stephen Curry","1610612744","Golden State Warriors",2015,"0021400289","20141206",1,15.15,FALSE
201939,"Stephen Curry","1610612744","Golden State Warriors",2015,"0021400289","20141206",-1.5,7.25,TRUE
201939,"Stephen Curry","1610612744","Golden State Warriors",2015,"0021400289","20141206",-1.8,5.55,TRUE
201939,"Stephen Curry","1610612744","Golden State Warriors",2015,"0021400289","20141206",-0.6,6.95,FALSE
201939,"Stephen Curry","1610612744","Golden State Warriors",2015,"0021400289","20141206",-10.2,10.55,FALSE
201939,"Stephen Curry","1610612744","Golden State Warriors",2015,"0021400289","20141206",15.2,9.35,TRUE
201939,"Stephen Curry","1610612744","Golden State Warriors",2015,"0021400289","20141206",8.7,29.15,TRUE
201939,"Stephen Curry","1610612744","Golden State Warriors",2015,"0021400289","20141206",-8.6,29.35,FALSE
201939,"Stephen Curry","1610612744","Golden State Warriors",2015,"0021400289","20141206",16.9,19.05,FALSE
201939,"Stephen Curry","1610612744","Golden State Warriors",2015,"0021400289","20141206",23.5,7.75,FALSE
201939,"Stephen Curry","1610612744","Golden State Warriors",2015,"0021400289","20141206",11.9,27.45,FALSE
201939,"Stephen Curry","1610612744","Golden State Warriors",2015,"0021400305","20141208",0,5.35,TRUE
201939,"Stephen Curry","1610612744","Golden State Warriors",2015,"0021400305","20141208",-0.1,30.45,FALSE
201939,"Stephen Curry","1610612744","Golden State Warriors",2015,"0021400305","20141208",-16.3,14.15,FALSE
201939,"Stephen Curry","1610612744","Golden State Warriors",2015,"0021400305","20141208",13.4,20.65,TRUE
201939,"Stephen Curry","1610612744","Golden State Warriors",2015,"0021400305","20141208",1.3,17.65,TRUE
201939,"Stephen Curry","1610612744","Golden State Warriors",2015,"0021400305","20141208",0.4,5.55,TRUE
201939,"Stephen Curry","1610612744","Golden State Warriors",2015,"0021400305","20141208",1,5.05,FALSE
201939,"Stephen Curry","1610612744","Golden State Warriors",2015,"0021400305","20141208",-1.2,29.95,FALSE
201939,"Stephen Curry","1610612744","Golden State Warriors",2015,"0021400305","20141208",9.7,19.05,TRUE
201939,"Stephen Curry","1610612744","Golden State Warriors",2015,"0021400305","20141208",-12.7,26.65,FALSE
201939,"Stephen Curry","1610612744","Golden State Warriors",2015,"0021400305","20141208",7.1,28.75,FALSE
201939,"Stephen Curry","1610612744","Golden State Warriors",2015,"0021400305","20141208",13.3,18.95,TRUE
201939,"Stephen Curry","1610612744","Golden State Warriors",2015,"0021400305","20141208",-0.6,5.55,TRUE
201939,"Stephen Curry","1610612744","Golden State Warriors",2015,"0021400305","20141208",-6.5,17.65,TRUE
201939,"Stephen Curry","1610612744","Golden State Warriors",2015,"0021400305","20141208",-0.9,5.35,FALSE
201939,"Stephen Curry","1610612744","Golden State Warriors",2015,"0021400305","20141208",-14.7,24.15,FALSE
201939,"Stephen Curry","1610612744","Golden State Warriors",2015,"0021400305","20141208",15.7,24.75,TRUE
201939,"Stephen Curry","1610612744","Golden State Warriors",2015,"0021400305","20141208",-1.5,29.35,FALSE
201939,"Stephen Curry","1610612744","Golden State Warriors",2015,"0021400305","20141208",-7.5,23.35,TRUE
201939,"Stephen Curry","1610612744","Golden State Warriors",2015,"0021400305","20141208",-2.4,26.85,FALSE
201939,"Stephen Curry","1610612744","Golden State Warriors",2015,"0021400324","20141210",19.6,25.55,FALSE
201939,"Stephen Curry","1610612744","Golden State Warriors",2015,"0021400324","20141210",17.5,7.75,TRUE
201939,"Stephen Curry","1610612744","Golden State Warriors",2015,"0021400324","20141210",-12.5,28.85,FALSE
201939,"Stephen Curry","1610612744","Golden State Warriors",2015,"0021400324","20141210",-2.3,5.85,FALSE
201939,"Stephen Curry","1610612744","Golden State Warriors",2015,"0021400324","20141210",-2,22.45,FALSE
201939,"Stephen Curry","1610612744","Golden State Warriors",2015,"0021400324","20141210",11.1,20.35,FALSE
201939,"Stephen Curry","1610612744","Golden State Warriors",2015,"0021400324","20141210",23.4,7.15,TRUE
201939,"Stephen Curry","1610612744","Golden State Warriors",2015,"0021400324","20141210",3.8,10.55,TRUE
201939,"Stephen Curry","1610612744","Golden State Warriors",2015,"0021400324","20141210",4,33.15,TRUE
201939,"Stephen Curry","1610612744","Golden State Warriors",2015,"0021400324","20141210",16,22.05,FALSE
201939,"Stephen Curry","1610612744","Golden State Warriors",2015,"0021400324","20141210",-2,7.15,TRUE
201939,"Stephen Curry","1610612744","Golden State Warriors",2015,"0021400324","20141210",8.7,10.25,TRUE
201939,"Stephen Curry","1610612744","Golden State Warriors",2015,"0021400324","20141210",0.8,5.95,TRUE
201939,"Stephen Curry","1610612744","Golden State Warriors",2015,"0021400324","20141210",5.2,32.05,TRUE
201939,"Stephen Curry","1610612744","Golden State Warriors",2015,"0021400324","20141210",-1.8,6.75,FALSE
201939,"Stephen Curry","1610612744","Golden State Warriors",2015,"0021400340","20141213",-2.6,17.95,TRUE
201939,"Stephen Curry","1610612744","Golden State Warriors",2015,"0021400340","20141213",-10.8,28.25,FALSE
201939,"Stephen Curry","1610612744","Golden State Warriors",2015,"0021400340","20141213",-20.4,18.95,TRUE
201939,"Stephen Curry","1610612744","Golden State Warriors",2015,"0021400340","20141213",-20.3,26.15,TRUE
201939,"Stephen Curry","1610612744","Golden State Warriors",2015,"0021400340","20141213",14.9,24.95,FALSE
201939,"Stephen Curry","1610612744","Golden State Warriors",2015,"0021400340","20141213",-10,7.85,FALSE
201939,"Stephen Curry","1610612744","Golden State Warriors",2015,"0021400340","20141213",0.5,5.05,TRUE
201939,"Stephen Curry","1610612744","Golden State Warriors",2015,"0021400340","20141213",-22.6,7.55,TRUE
201939,"Stephen Curry","1610612744","Golden State Warriors",2015,"0021400340","20141213",16.8,24.45,FALSE
201939,"Stephen Curry","1610612744","Golden State Warriors",2015,"0021400340","20141213",23.2,5.55,FALSE
201939,"Stephen Curry","1610612744","Golden State Warriors",2015,"0021400340","20141213",0.4,4.25,TRUE
201939,"Stephen Curry","1610612744","Golden State Warriors",2015,"0021400340","20141213",-19.3,19.25,FALSE
201939,"Stephen Curry","1610612744","Golden State Warriors",2015,"0021400340","20141213",5.6,10.45,TRUE
201939,"Stephen Curry","1610612744","Golden State Warriors",2015,"0021400340","20141213",-16.8,23.35,FALSE
201939,"Stephen Curry","1610612744","Golden State Warriors",2015,"0021400340","20141213",21,9.45,FALSE
201939,"Stephen Curry","1610612744","Golden State Warriors",2015,"0021400340","20141213",14.9,26.05,FALSE
201939,"Stephen Curry","1610612744","Golden State Warriors",2015,"0021400340","20141213",0,6.65,TRUE
201939,"Stephen Curry","1610612744","Golden State Warriors",2015,"0021400340","20141213",10.5,21.15,FALSE
201939,"Stephen Curry","1610612744","Golden State Warriors",2015,"0021400340","20141213",-5,6.45,TRUE
201939,"Stephen Curry","1610612744","Golden State Warriors",2015,"0021400340","20141213",0.4,29.65,FALSE
201939,"Stephen Curry","1610612744","Golden State Warriors",2015,"0021400340","20141213",6.7,21.15,FALSE
201939,"Stephen Curry","1610612744","Golden State Warriors",2015,"0021400340","20141213",-6.5,8.95,FALSE
201939,"Stephen Curry","1610612744","Golden State Warriors",2015,"0021400348","20141214",1.1,6.35,FALSE
201939,"Stephen Curry","1610612744","Golden State Warriors",2015,"0021400348","20141214",-8.3,19.55,TRUE
201939,"Stephen Curry","1610612744","Golden State Warriors",2015,"0021400348","20141214",15.5,25.05,TRUE
201939,"Stephen Curry","1610612744","Golden State Warriors",2015,"0021400348","20141214",-17.1,23.55,FALSE
201939,"Stephen Curry","1610612744","Golden State Warriors",2015,"0021400348","20141214",2.7,6.35,TRUE
201939,"Stephen Curry","1610612744","Golden State Warriors",2015,"0021400348","20141214",-14.6,25.25,TRUE
201939,"Stephen Curry","1610612744","Golden State Warriors",2015,"0021400348","20141214",-3.2,30.95,TRUE
201939,"Stephen Curry","1610612744","Golden State Warriors",2015,"0021400348","20141214",7.5,25.75,TRUE
201939,"Stephen Curry","1610612744","Golden State Warriors",2015,"0021400348","20141214",-2.4,8.95,FALSE
201939,"Stephen Curry","1610612744","Golden State Warriors",2015,"0021400348","20141214",2.7,23.55,FALSE
201939,"Stephen Curry","1610612744","Golden State Warriors",2015,"0021400348","20141214",8.4,29.35,TRUE
201939,"Stephen Curry","1610612744","Golden State Warriors",2015,"0021400348","20141214",0.7,32.35,FALSE
201939,"Stephen Curry","1610612744","Golden State Warriors",2015,"0021400348","20141214",1.8,5.35,TRUE
201939,"Stephen Curry","1610612744","Golden State Warriors",2015,"0021400348","20141214",6.8,24.15,FALSE
201939,"Stephen Curry","1610612744","Golden State Warriors",2015,"0021400348","20141214",-10.6,27.75,FALSE
201939,"Stephen Curry","1610612744","Golden State Warriors",2015,"0021400348","20141214",3.2,30.95,FALSE
201939,"Stephen Curry","1610612744","Golden State Warriors",2015,"0021400348","20141214",8.9,5.95,FALSE
201939,"Stephen Curry","1610612744","Golden State Warriors",2015,"0021400348","20141214",-4.7,8.85,TRUE
201939,"Stephen Curry","1610612744","Golden State Warriors",2015,"0021400348","20141214",-8.8,29.45,TRUE
201939,"Stephen Curry","1610612744","Golden State Warriors",2015,"0021400348","20141214",16.3,25.85,TRUE
201939,"Stephen Curry","1610612744","Golden State Warriors",2015,"0021400348","20141214",2.4,6.15,FALSE
201939,"Stephen Curry","1610612744","Golden State Warriors",2015,"0021400365","20141216",15,19.05,TRUE
201939,"Stephen Curry","1610612744","Golden State Warriors",2015,"0021400365","20141216",-7.7,33.75,FALSE
201939,"Stephen Curry","1610612744","Golden State Warriors",2015,"0021400365","20141216",1.1,6.45,TRUE
201939,"Stephen Curry","1610612744","Golden State Warriors",2015,"0021400365","20141216",-15.1,14.35,FALSE
201939,"Stephen Curry","1610612744","Golden State Warriors",2015,"0021400365","20141216",-0.9,5.55,TRUE
201939,"Stephen Curry","1610612744","Golden State Warriors",2015,"0021400365","20141216",-11.3,28.55,FALSE
201939,"Stephen Curry","1610612744","Golden State Warriors",2015,"0021400365","20141216",0.2,4.95,TRUE
201939,"Stephen Curry","1610612744","Golden State Warriors",2015,"0021400365","20141216",-0.9,5.55,TRUE
201939,"Stephen Curry","1610612744","Golden State Warriors",2015,"0021400365","20141216",-22,17.65,FALSE
201939,"Stephen Curry","1610612744","Golden State Warriors",2015,"0021400365","20141216",18.3,21.15,FALSE
201939,"Stephen Curry","1610612744","Golden State Warriors",2015,"0021400365","20141216",-2.6,16.05,TRUE
201939,"Stephen Curry","1610612744","Golden State Warriors",2015,"0021400365","20141216",0.2,6.15,FALSE
201939,"Stephen Curry","1610612744","Golden State Warriors",2015,"0021400365","20141216",7.8,29.85,FALSE
201939,"Stephen Curry","1610612744","Golden State Warriors",2015,"0021400365","20141216",-20.3,9.35,FALSE
201939,"Stephen Curry","1610612744","Golden State Warriors",2015,"0021400365","20141216",1.1,5.65,FALSE
201939,"Stephen Curry","1610612744","Golden State Warriors",2015,"0021400365","20141216",8.9,29.45,TRUE
201939,"Stephen Curry","1610612744","Golden State Warriors",2015,"0021400365","20141216",-6.4,29.85,FALSE
201939,"Stephen Curry","1610612744","Golden State Warriors",2015,"0021400365","20141216",-1.2,5.95,FALSE
201939,"Stephen Curry","1610612744","Golden State Warriors",2015,"0021400365","20141216",12.2,12.75,TRUE
201939,"Stephen Curry","1610612744","Golden State Warriors",2015,"0021400365","20141216",-21.8,19.05,FALSE
201939,"Stephen Curry","1610612744","Golden State Warriors",2015,"0021400365","20141216",20.7,3.85,FALSE
201939,"Stephen Curry","1610612744","Golden State Warriors",2015,"0021400365","20141216",1.1,4.95,FALSE
201939,"Stephen Curry","1610612744","Golden State Warriors",2015,"0021400365","20141216",-0.7,5.65,TRUE
201939,"Stephen Curry","1610612744","Golden State Warriors",2015,"0021400365","20141216",11.9,27.95,FALSE
201939,"Stephen Curry","1610612744","Golden State Warriors",2015,"0021400365","20141216",12.8,26.95,FALSE
201939,"Stephen Curry","1610612744","Golden State Warriors",2015,"0021400382","20141218",-6.4,29.05,TRUE
201939,"Stephen Curry","1610612744","Golden State Warriors",2015,"0021400382","20141218",7,29.65,FALSE
201939,"Stephen Curry","1610612744","Golden State Warriors",2015,"0021400382","20141218",0,17.85,FALSE
201939,"Stephen Curry","1610612744","Golden State Warriors",2015,"0021400382","20141218",17.2,26.55,TRUE
201939,"Stephen Curry","1610612744","Golden State Warriors",2015,"0021400382","20141218",-17.4,24.75,FALSE
201939,"Stephen Curry","1610612744","Golden State Warriors",2015,"0021400382","20141218",-0.6,5.95,TRUE
201939,"Stephen Curry","1610612744","Golden State Warriors",2015,"0021400382","20141218",-20.4,23.35,TRUE
201939,"Stephen Curry","1610612744","Golden State Warriors",2015,"0021400382","20141218",4.1,34.05,FALSE
201939,"Stephen Curry","1610612744","Golden State Warriors",2015,"0021400382","20141218",20.5,24.15,TRUE
201939,"Stephen Curry","1610612744","Golden State Warriors",2015,"0021400382","20141218",-1.3,6.75,TRUE
201939,"Stephen Curry","1610612744","Golden State Warriors",2015,"0021400382","20141218",4,33.15,FALSE
201939,"Stephen Curry","1610612744","Golden State Warriors",2015,"0021400382","20141218",-2.3,5.65,TRUE
201939,"Stephen Curry","1610612744","Golden State Warriors",2015,"0021400382","20141218",-6.2,9.35,FALSE
201939,"Stephen Curry","1610612744","Golden State Warriors",2015,"0021400382","20141218",0.2,6.75,TRUE
201939,"Stephen Curry","1610612744","Golden State Warriors",2015,"0021400382","20141218",0.7,20.15,TRUE
201939,"Stephen Curry","1610612744","Golden State Warriors",2015,"0021400382","20141218",13.3,18.65,FALSE
201939,"Stephen Curry","1610612744","Golden State Warriors",2015,"0021400382","20141218",-16.3,24.95,TRUE
201939,"Stephen Curry","1610612744","Golden State Warriors",2015,"0021400382","20141218",1.3,5.65,TRUE
201939,"Stephen Curry","1610612744","Golden State Warriors",2015,"0021400382","20141218",8.9,29.85,FALSE
201939,"Stephen Curry","1610612744","Golden State Warriors",2015,"0021400382","20141218",22.8,7.75,FALSE
201939,"Stephen Curry","1610612744","Golden State Warriors",2015,"0021400382","20141218",-4.3,20.55,TRUE
201939,"Stephen Curry","1610612744","Golden State Warriors",2015,"0021400382","20141218",8.9,11.05,TRUE
201939,"Stephen Curry","1610612744","Golden State Warriors",2015,"0021400382","20141218",-1.5,7.85,TRUE
201939,"Stephen Curry","1610612744","Golden State Warriors",2015,"0021400382","20141218",-19.5,25.35,FALSE
201939,"Stephen Curry","1610612744","Golden State Warriors",2015,"0021400415","20141222",16.8,29.45,FALSE
201939,"Stephen Curry","1610612744","Golden State Warriors",2015,"0021400415","20141222",-9.5,10.45,FALSE
201939,"Stephen Curry","1610612744","Golden State Warriors",2015,"0021400415","20141222",-1.3,7.25,TRUE
201939,"Stephen Curry","1610612744","Golden State Warriors",2015,"0021400415","20141222",6,9.75,TRUE
201939,"Stephen Curry","1610612744","Golden State Warriors",2015,"0021400415","20141222",-0.9,6.15,TRUE
201939,"Stephen Curry","1610612744","Golden State Warriors",2015,"0021400415","20141222",12.7,30.75,TRUE
201939,"Stephen Curry","1610612744","Golden State Warriors",2015,"0021400415","20141222",0.7,6.95,FALSE
201939,"Stephen Curry","1610612744","Golden State Warriors",2015,"0021400415","20141222",12.3,30.75,FALSE
201939,"Stephen Curry","1610612744","Golden State Warriors",2015,"0021400415","20141222",7,15.75,TRUE
201939,"Stephen Curry","1610612744","Golden State Warriors",2015,"0021400415","20141222",12.3,19.55,FALSE
201939,"Stephen Curry","1610612744","Golden State Warriors",2015,"0021400415","20141222",-21.2,20.65,FALSE
201939,"Stephen Curry","1610612744","Golden State Warriors",2015,"0021400415","20141222",23.1,5.65,FALSE
201939,"Stephen Curry","1610612744","Golden State Warriors",2015,"0021400426","20141223",-4.3,5.65,TRUE
201939,"Stephen Curry","1610612744","Golden State Warriors",2015,"0021400426","20141223",11.7,27.65,TRUE
201939,"Stephen Curry","1610612744","Golden State Warriors",2015,"0021400426","20141223",-11.1,28.35,FALSE
201939,"Stephen Curry","1610612744","Golden State Warriors",2015,"0021400426","20141223",-0.2,5.35,TRUE
201939,"Stephen Curry","1610612744","Golden State Warriors",2015,"0021400426","20141223",1,5.35,TRUE
201939,"Stephen Curry","1610612744","Golden State Warriors",2015,"0021400426","20141223",3,6.95,TRUE
201939,"Stephen Curry","1610612744","Golden State Warriors",2015,"0021400426","20141223",-10.3,28.75,FALSE
201939,"Stephen Curry","1610612744","Golden State Warriors",2015,"0021400426","20141223",-0.1,15.95,TRUE
201939,"Stephen Curry","1610612744","Golden State Warriors",2015,"0021400426","20141223",10.1,12.45,FALSE
201939,"Stephen Curry","1610612744","Golden State Warriors",2015,"0021400426","20141223",8.1,22.25,TRUE
201939,"Stephen Curry","1610612744","Golden State Warriors",2015,"0021400426","20141223",-9.9,18.65,TRUE
201939,"Stephen Curry","1610612744","Golden State Warriors",2015,"0021400426","20141223",0.4,30.95,TRUE
201939,"Stephen Curry","1610612744","Golden State Warriors",2015,"0021400426","20141223",13.6,29.85,FALSE
201939,"Stephen Curry","1610612744","Golden State Warriors",2015,"0021400426","20141223",-8.3,19.05,TRUE
201939,"Stephen Curry","1610612744","Golden State Warriors",2015,"0021400431","20141225",-0.1,21.75,TRUE
201939,"Stephen Curry","1610612744","Golden State Warriors",2015,"0021400431","20141225",-15.2,27.45,TRUE
201939,"Stephen Curry","1610612744","Golden State Warriors",2015,"0021400431","20141225",-14.1,26.55,FALSE
201939,"Stephen Curry","1610612744","Golden State Warriors",2015,"0021400431","20141225",17.5,23.35,FALSE
201939,"Stephen Curry","1610612744","Golden State Warriors",2015,"0021400431","20141225",17.4,17.15,TRUE
201939,"Stephen Curry","1610612744","Golden State Warriors",2015,"0021400431","20141225",2.3,4.95,TRUE
201939,"Stephen Curry","1610612744","Golden State Warriors",2015,"0021400431","20141225",10.3,22.55,TRUE
201939,"Stephen Curry","1610612744","Golden State Warriors",2015,"0021400431","20141225",12.2,28.05,FALSE
201939,"Stephen Curry","1610612744","Golden State Warriors",2015,"0021400431","20141225",0.7,5.65,FALSE
201939,"Stephen Curry","1610612744","Golden State Warriors",2015,"0021400431","20141225",1.6,20.65,FALSE
201939,"Stephen Curry","1610612744","Golden State Warriors",2015,"0021400431","20141225",-16.3,25.35,FALSE
201939,"Stephen Curry","1610612744","Golden State Warriors",2015,"0021400431","20141225",15.5,21.45,FALSE
201939,"Stephen Curry","1610612744","Golden State Warriors",2015,"0021400452","20141227",0.4,31.25,FALSE
201939,"Stephen Curry","1610612744","Golden State Warriors",2015,"0021400452","20141227",-2.4,21.15,FALSE
201939,"Stephen Curry","1610612744","Golden State Warriors",2015,"0021400452","20141227",-21.8,18.15,TRUE
201939,"Stephen Curry","1610612744","Golden State Warriors",2015,"0021400452","20141227",1.5,5.55,TRUE
201939,"Stephen Curry","1610612744","Golden State Warriors",2015,"0021400452","20141227",12.3,18.15,TRUE
201939,"Stephen Curry","1610612744","Golden State Warriors",2015,"0021400452","20141227",19.1,23.65,TRUE
201939,"Stephen Curry","1610612744","Golden State Warriors",2015,"0021400452","20141227",-19.1,47.05,FALSE
201939,"Stephen Curry","1610612744","Golden State Warriors",2015,"0021400452","20141227",-0.7,6.15,FALSE
201939,"Stephen Curry","1610612744","Golden State Warriors",2015,"0021400452","20141227",1.8,5.85,TRUE
201939,"Stephen Curry","1610612744","Golden State Warriors",2015,"0021400452","20141227",-7.7,30.45,FALSE
201939,"Stephen Curry","1610612744","Golden State Warriors",2015,"0021400452","20141227",-20.7,21.75,FALSE
201939,"Stephen Curry","1610612744","Golden State Warriors",2015,"0021400452","20141227",-11.1,19.85,FALSE
201939,"Stephen Curry","1610612744","Golden State Warriors",2015,"0021400452","20141227",-23,3.85,TRUE
201939,"Stephen Curry","1610612744","Golden State Warriors",2015,"0021400452","20141227",1,7.25,TRUE
201939,"Stephen Curry","1610612744","Golden State Warriors",2015,"0021400452","20141227",11.7,23.85,TRUE
201939,"Stephen Curry","1610612744","Golden State Warriors",2015,"0021400452","20141227",11.2,28.85,FALSE
201939,"Stephen Curry","1610612744","Golden State Warriors",2015,"0021400452","20141227",-23.6,10.55,TRUE
201939,"Stephen Curry","1610612744","Golden State Warriors",2015,"0021400452","20141227",1.9,6.75,FALSE
201939,"Stephen Curry","1610612744","Golden State Warriors",2015,"0021400474","20141230",20.1,24.25,FALSE
201939,"Stephen Curry","1610612744","Golden State Warriors",2015,"0021400474","20141230",15.7,26.85,TRUE
201939,"Stephen Curry","1610612744","Golden State Warriors",2015,"0021400474","20141230",20.1,24.25,TRUE
201939,"Stephen Curry","1610612744","Golden State Warriors",2015,"0021400474","20141230",21.3,20.05,FALSE
201939,"Stephen Curry","1610612744","Golden State Warriors",2015,"0021400474","20141230",-12.4,18.45,TRUE
201939,"Stephen Curry","1610612744","Golden State Warriors",2015,"0021400474","20141230",0,31.75,FALSE
201939,"Stephen Curry","1610612744","Golden State Warriors",2015,"0021400474","20141230",8.6,29.95,TRUE
201939,"Stephen Curry","1610612744","Golden State Warriors",2015,"0021400493","20150102",17.5,26.15,TRUE
201939,"Stephen Curry","1610612744","Golden State Warriors",2015,"0021400493","20150102",1.8,6.75,FALSE
201939,"Stephen Curry","1610612744","Golden State Warriors",2015,"0021400493","20150102",-0.9,5.55,TRUE
201939,"Stephen Curry","1610612744","Golden State Warriors",2015,"0021400493","20150102",12,32.65,FALSE
201939,"Stephen Curry","1610612744","Golden State Warriors",2015,"0021400493","20150102",15.2,28.55,FALSE
201939,"Stephen Curry","1610612744","Golden State Warriors",2015,"0021400493","20150102",-23,15.95,FALSE
201939,"Stephen Curry","1610612744","Golden State Warriors",2015,"0021400493","20150102",-16.8,25.25,TRUE
201939,"Stephen Curry","1610612744","Golden State Warriors",2015,"0021400493","20150102",0.8,5.65,TRUE
201939,"Stephen Curry","1610612744","Golden State Warriors",2015,"0021400493","20150102",1.3,31.35,FALSE
201939,"Stephen Curry","1610612744","Golden State Warriors",2015,"0021400493","20150102",0,5.35,TRUE
201939,"Stephen Curry","1610612744","Golden State Warriors",2015,"0021400493","20150102",3.4,32.45,FALSE
201939,"Stephen Curry","1610612744","Golden State Warriors",2015,"0021400493","20150102",-12.4,27.75,FALSE
201939,"Stephen Curry","1610612744","Golden State Warriors",2015,"0021400493","20150102",-18.1,27.75,TRUE
201939,"Stephen Curry","1610612744","Golden State Warriors",2015,"0021400493","20150102",13,10.75,FALSE
201939,"Stephen Curry","1610612744","Golden State Warriors",2015,"0021400493","20150102",-0.7,6.15,TRUE
201939,"Stephen Curry","1610612744","Golden State Warriors",2015,"0021400493","20150102",-1.4,6.95,TRUE
201939,"Stephen Curry","1610612744","Golden State Warriors",2015,"0021400493","20150102",23.4,8.95,TRUE
201939,"Stephen Curry","1610612744","Golden State Warriors",2015,"0021400493","20150102",-17.6,26.35,TRUE
201939,"Stephen Curry","1610612744","Golden State Warriors",2015,"0021400518","20150105",-1.2,5.35,TRUE
201939,"Stephen Curry","1610612744","Golden State Warriors",2015,"0021400518","20150105",9.5,8.25,TRUE
201939,"Stephen Curry","1610612744","Golden State Warriors",2015,"0021400518","20150105",1.5,6.35,TRUE
201939,"Stephen Curry","1610612744","Golden State Warriors",2015,"0021400518","20150105",18.8,17.15,FALSE
201939,"Stephen Curry","1610612744","Golden State Warriors",2015,"0021400518","20150105",1,21.25,FALSE
201939,"Stephen Curry","1610612744","Golden State Warriors",2015,"0021400518","20150105",-0.6,7.45,TRUE
201939,"Stephen Curry","1610612744","Golden State Warriors",2015,"0021400518","20150105",0.8,5.25,TRUE
201939,"Stephen Curry","1610612744","Golden State Warriors",2015,"0021400518","20150105",0,6.45,FALSE
201939,"Stephen Curry","1610612744","Golden State Warriors",2015,"0021400518","20150105",-17.9,24.45,FALSE
201939,"Stephen Curry","1610612744","Golden State Warriors",2015,"0021400518","20150105",-14.1,28.85,FALSE
201939,"Stephen Curry","1610612744","Golden State Warriors",2015,"0021400518","20150105",0.4,17.35,FALSE
201939,"Stephen Curry","1610612744","Golden State Warriors",2015,"0021400518","20150105",-8.8,30.45,FALSE
201939,"Stephen Curry","1610612744","Golden State Warriors",2015,"0021400518","20150105",14.6,32.95,TRUE
201939,"Stephen Curry","1610612744","Golden State Warriors",2015,"0021400518","20150105",0,7.45,TRUE
201939,"Stephen Curry","1610612744","Golden State Warriors",2015,"0021400533","20150107",-6.2,24.65,TRUE
201939,"Stephen Curry","1610612744","Golden State Warriors",2015,"0021400533","20150107",16.9,25.75,TRUE
201939,"Stephen Curry","1610612744","Golden State Warriors",2015,"0021400533","20150107",14.7,20.65,FALSE
201939,"Stephen Curry","1610612744","Golden State Warriors",2015,"0021400533","20150107",8.6,16.25,FALSE
201939,"Stephen Curry","1610612744","Golden State Warriors",2015,"0021400533","20150107",0.8,14.85,FALSE
201939,"Stephen Curry","1610612744","Golden State Warriors",2015,"0021400533","20150107",-17.4,30.95,TRUE
201939,"Stephen Curry","1610612744","Golden State Warriors",2015,"0021400533","20150107",-11.6,30.25,FALSE
201939,"Stephen Curry","1610612744","Golden State Warriors",2015,"0021400533","20150107",-0.2,5.25,TRUE
201939,"Stephen Curry","1610612744","Golden State Warriors",2015,"0021400533","20150107",-10.8,31.25,TRUE
201939,"Stephen Curry","1610612744","Golden State Warriors",2015,"0021400533","20150107",-15.7,28.55,FALSE
201939,"Stephen Curry","1610612744","Golden State Warriors",2015,"0021400533","20150107",-8.9,23.55,FALSE
201939,"Stephen Curry","1610612744","Golden State Warriors",2015,"0021400533","20150107",18.8,23.85,FALSE
201939,"Stephen Curry","1610612744","Golden State Warriors",2015,"0021400533","20150107",-1.3,11.65,TRUE
201939,"Stephen Curry","1610612744","Golden State Warriors",2015,"0021400533","20150107",5.1,6.95,FALSE
201939,"Stephen Curry","1610612744","Golden State Warriors",2015,"0021400533","20150107",17.7,22.45,TRUE
201939,"Stephen Curry","1610612744","Golden State Warriors",2015,"0021400533","20150107",-9.1,31.75,FALSE
201939,"Stephen Curry","1610612744","Golden State Warriors",2015,"0021400533","20150107",-0.1,6.65,TRUE
201939,"Stephen Curry","1610612744","Golden State Warriors",2015,"0021400547","20150109",10.8,22.75,TRUE
201939,"Stephen Curry","1610612744","Golden State Warriors",2015,"0021400547","20150109",22.1,18.75,FALSE
201939,"Stephen Curry","1610612744","Golden State Warriors",2015,"0021400547","20150109",-1.3,6.65,TRUE
201939,"Stephen Curry","1610612744","Golden State Warriors",2015,"0021400547","20150109",0.2,7.15,TRUE
201939,"Stephen Curry","1610612744","Golden State Warriors",2015,"0021400547","20150109",-1.3,32.15,FALSE
201939,"Stephen Curry","1610612744","Golden State Warriors",2015,"0021400547","20150109",20.9,20.85,TRUE
201939,"Stephen Curry","1610612744","Golden State Warriors",2015,"0021400547","20150109",15.2,29.35,FALSE
201939,"Stephen Curry","1610612744","Golden State Warriors",2015,"0021400547","20150109",1,8.95,FALSE
201939,"Stephen Curry","1610612744","Golden State Warriors",2015,"0021400547","20150109",-13,28.75,TRUE
201939,"Stephen Curry","1610612744","Golden State Warriors",2015,"0021400547","20150109",8.2,31.55,FALSE
201939,"Stephen Curry","1610612744","Golden State Warriors",2015,"0021400547","20150109",-11,28.25,TRUE
201939,"Stephen Curry","1610612744","Golden State Warriors",2015,"0021400547","20150109",-2.4,12.15,FALSE
201939,"Stephen Curry","1610612744","Golden State Warriors",2015,"0021400547","20150109",10.8,18.45,TRUE
201939,"Stephen Curry","1610612744","Golden State Warriors",2015,"0021400547","20150109",7,29.85,FALSE
201939,"Stephen Curry","1610612744","Golden State Warriors",2015,"0021400547","20150109",-1.3,8.25,TRUE
201939,"Stephen Curry","1610612744","Golden State Warriors",2015,"0021400571","20150113",-12.1,27.65,TRUE
201939,"Stephen Curry","1610612744","Golden State Warriors",2015,"0021400571","20150113",-17,24.25,FALSE
201939,"Stephen Curry","1610612744","Golden State Warriors",2015,"0021400571","20150113",0,22.85,TRUE
201939,"Stephen Curry","1610612744","Golden State Warriors",2015,"0021400571","20150113",-11,27.45,FALSE
201939,"Stephen Curry","1610612744","Golden State Warriors",2015,"0021400571","20150113",1,5.25,TRUE
201939,"Stephen Curry","1610612744","Golden State Warriors",2015,"0021400571","20150113",-2.6,5.25,TRUE
201939,"Stephen Curry","1610612744","Golden State Warriors",2015,"0021400571","20150113",0,30.95,TRUE
201939,"Stephen Curry","1610612744","Golden State Warriors",2015,"0021400571","20150113",7.9,29.85,FALSE
201939,"Stephen Curry","1610612744","Golden State Warriors",2015,"0021400571","20150113",18.7,81.05,FALSE
201939,"Stephen Curry","1610612744","Golden State Warriors",2015,"0021400571","20150113",-10.8,26.95,TRUE
201939,"Stephen Curry","1610612744","Golden State Warriors",2015,"0021400571","20150113",-3.1,5.95,TRUE
201939,"Stephen Curry","1610612744","Golden State Warriors",2015,"0021400571","20150113",-23.4,13.75,TRUE
201939,"Stephen Curry","1610612744","Golden State Warriors",2015,"0021400571","20150113",-23.9,11.65,FALSE
201939,"Stephen Curry","1610612744","Golden State Warriors",2015,"0021400571","20150113",-6.4,24.15,TRUE
201939,"Stephen Curry","1610612744","Golden State Warriors",2015,"0021400571","20150113",-5.3,10.25,TRUE
201939,"Stephen Curry","1610612744","Golden State Warriors",2015,"0021400571","20150113",-4.7,7.25,FALSE
201939,"Stephen Curry","1610612744","Golden State Warriors",2015,"0021400582","20150114",-0.7,5.95,FALSE
201939,"Stephen Curry","1610612744","Golden State Warriors",2015,"0021400582","20150114",7.3,17.85,TRUE
201939,"Stephen Curry","1610612744","Golden State Warriors",2015,"0021400582","20150114",-23,10.05,TRUE
201939,"Stephen Curry","1610612744","Golden State Warriors",2015,"0021400582","20150114",13.4,33.75,TRUE
201939,"Stephen Curry","1610612744","Golden State Warriors",2015,"0021400582","20150114",1.8,31.05,FALSE
201939,"Stephen Curry","1610612744","Golden State Warriors",2015,"0021400582","20150114",12,30.25,TRUE
201939,"Stephen Curry","1610612744","Golden State Warriors",2015,"0021400582","20150114",-13.3,29.95,TRUE
201939,"Stephen Curry","1610612744","Golden State Warriors",2015,"0021400582","20150114",1.8,6.65,FALSE
201939,"Stephen Curry","1610612744","Golden State Warriors",2015,"0021400582","20150114",0.2,20.15,TRUE
201939,"Stephen Curry","1610612744","Golden State Warriors",2015,"0021400582","20150114",18.8,23.85,FALSE
201939,"Stephen Curry","1610612744","Golden State Warriors",2015,"0021400582","20150114",0.5,6.75,TRUE
201939,"Stephen Curry","1610612744","Golden State Warriors",2015,"0021400582","20150114",-0.2,26.15,FALSE
201939,"Stephen Curry","1610612744","Golden State Warriors",2015,"0021400582","20150114",10.1,29.05,TRUE
201939,"Stephen Curry","1610612744","Golden State Warriors",2015,"0021400582","20150114",1,8.25,FALSE
201939,"Stephen Curry","1610612744","Golden State Warriors",2015,"0021400582","20150114",24,4.75,TRUE
201939,"Stephen Curry","1610612744","Golden State Warriors",2015,"0021400582","20150114",-11.3,16.85,FALSE
201939,"Stephen Curry","1610612744","Golden State Warriors",2015,"0021400582","20150114",20.5,20.15,FALSE
201939,"Stephen Curry","1610612744","Golden State Warriors",2015,"0021400582","20150114",0.4,13.25,TRUE
201939,"Stephen Curry","1610612744","Golden State Warriors",2015,"0021400582","20150114",23.9,6.75,TRUE
201939,"Stephen Curry","1610612744","Golden State Warriors",2015,"0021400593","20150116",-0.2,29.85,FALSE
201939,"Stephen Curry","1610612744","Golden State Warriors",2015,"0021400593","20150116",5.1,10.45,TRUE
201939,"Stephen Curry","1610612744","Golden State Warriors",2015,"0021400593","20150116",-7.3,23.55,TRUE
201939,"Stephen Curry","1610612744","Golden State Warriors",2015,"0021400593","20150116",0,7.55,FALSE
201939,"Stephen Curry","1610612744","Golden State Warriors",2015,"0021400593","20150116",7.5,29.15,FALSE
201939,"Stephen Curry","1610612744","Golden State Warriors",2015,"0021400593","20150116",-2.8,29.05,FALSE
201939,"Stephen Curry","1610612744","Golden State Warriors",2015,"0021400593","20150116",-7.7,28.35,FALSE
201939,"Stephen Curry","1610612744","Golden State Warriors",2015,"0021400593","20150116",16.6,23.05,TRUE
201939,"Stephen Curry","1610612744","Golden State Warriors",2015,"0021400593","20150116",4.3,23.95,FALSE
201939,"Stephen Curry","1610612744","Golden State Warriors",2015,"0021400593","20150116",-23,8.95,TRUE
201939,"Stephen Curry","1610612744","Golden State Warriors",2015,"0021400593","20150116",-1.3,5.35,TRUE
201939,"Stephen Curry","1610612744","Golden State Warriors",2015,"0021400593","20150116",20.5,13.45,FALSE
201939,"Stephen Curry","1610612744","Golden State Warriors",2015,"0021400593","20150116",1,4.75,TRUE
201939,"Stephen Curry","1610612744","Golden State Warriors",2015,"0021400603","20150117",-18.9,16.55,FALSE
201939,"Stephen Curry","1610612744","Golden State Warriors",2015,"0021400603","20150117",-5.8,8.95,TRUE
201939,"Stephen Curry","1610612744","Golden State Warriors",2015,"0021400603","20150117",-16.5,24.65,FALSE
201939,"Stephen Curry","1610612744","Golden State Warriors",2015,"0021400603","20150117",14.4,26.55,FALSE
201939,"Stephen Curry","1610612744","Golden State Warriors",2015,"0021400603","20150117",-1.3,29.65,FALSE
201939,"Stephen Curry","1610612744","Golden State Warriors",2015,"0021400603","20150117",-21.1,18.15,FALSE
201939,"Stephen Curry","1610612744","Golden State Warriors",2015,"0021400603","20150117",-23.1,4.15,FALSE
201939,"Stephen Curry","1610612744","Golden State Warriors",2015,"0021400603","20150117",13.3,28.05,TRUE
201939,"Stephen Curry","1610612744","Golden State Warriors",2015,"0021400603","20150117",2.1,5.85,TRUE
201939,"Stephen Curry","1610612744","Golden State Warriors",2015,"0021400603","20150117",3.5,6.15,TRUE
201939,"Stephen Curry","1610612744","Golden State Warriors",2015,"0021400603","20150117",-0.9,19.45,FALSE
201939,"Stephen Curry","1610612744","Golden State Warriors",2015,"0021400603","20150117",7.9,13.75,TRUE
201939,"Stephen Curry","1610612744","Golden State Warriors",2015,"0021400603","20150117",8.6,8.55,TRUE
201939,"Stephen Curry","1610612744","Golden State Warriors",2015,"0021400603","20150117",-0.9,8.55,TRUE
201939,"Stephen Curry","1610612744","Golden State Warriors",2015,"0021400603","20150117",3.8,24.15,TRUE
201939,"Stephen Curry","1610612744","Golden State Warriors",2015,"0021400603","20150117",20.1,20.05,FALSE
201939,"Stephen Curry","1610612744","Golden State Warriors",2015,"0021400603","20150117",16.6,23.15,TRUE
201939,"Stephen Curry","1610612744","Golden State Warriors",2015,"0021400603","20150117",1.6,5.25,FALSE
201939,"Stephen Curry","1610612744","Golden State Warriors",2015,"0021400615","20150119",-1.5,6.65,FALSE
201939,"Stephen Curry","1610612744","Golden State Warriors",2015,"0021400615","20150119",20.9,24.15,TRUE
201939,"Stephen Curry","1610612744","Golden State Warriors",2015,"0021400615","20150119",12.7,9.75,TRUE
201939,"Stephen Curry","1610612744","Golden State Warriors",2015,"0021400615","20150119",3.5,30.95,FALSE
201939,"Stephen Curry","1610612744","Golden State Warriors",2015,"0021400615","20150119",7.3,17.85,TRUE
201939,"Stephen Curry","1610612744","Golden State Warriors",2015,"0021400615","20150119",-2.4,6.95,TRUE
201939,"Stephen Curry","1610612744","Golden State Warriors",2015,"0021400615","20150119",-14.1,35.15,FALSE
201939,"Stephen Curry","1610612744","Golden State Warriors",2015,"0021400615","20150119",11.6,9.35,TRUE
201939,"Stephen Curry","1610612744","Golden State Warriors",2015,"0021400615","20150119",-1.5,7.75,FALSE
201939,"Stephen Curry","1610612744","Golden State Warriors",2015,"0021400615","20150119",-17.6,26.85,TRUE
201939,"Stephen Curry","1610612744","Golden State Warriors",2015,"0021400615","20150119",1.5,5.65,TRUE
201939,"Stephen Curry","1610612744","Golden State Warriors",2015,"0021400615","20150119",-10.5,7.25,FALSE
201939,"Stephen Curry","1610612744","Golden State Warriors",2015,"0021400615","20150119",-18.9,25.35,FALSE
201939,"Stephen Curry","1610612744","Golden State Warriors",2015,"0021400636","20150121",7.8,24.15,TRUE
201939,"Stephen Curry","1610612744","Golden State Warriors",2015,"0021400636","20150121",22.9,8.65,TRUE
201939,"Stephen Curry","1610612744","Golden State Warriors",2015,"0021400636","20150121",1.1,5.05,TRUE
201939,"Stephen Curry","1610612744","Golden State Warriors",2015,"0021400636","20150121",-1.3,6.35,TRUE
201939,"Stephen Curry","1610612744","Golden State Warriors",2015,"0021400636","20150121",-12.9,29.45,FALSE
201939,"Stephen Curry","1610612744","Golden State Warriors",2015,"0021400636","20150121",4,24.45,TRUE
201939,"Stephen Curry","1610612744","Golden State Warriors",2015,"0021400636","20150121",0.2,6.95,FALSE
201939,"Stephen Curry","1610612744","Golden State Warriors",2015,"0021400636","20150121",8.2,31.25,FALSE
201939,"Stephen Curry","1610612744","Golden State Warriors",2015,"0021400636","20150121",-1.3,31.25,TRUE
201939,"Stephen Curry","1610612744","Golden State Warriors",2015,"0021400636","20150121",-11.3,29.95,TRUE
201939,"Stephen Curry","1610612744","Golden State Warriors",2015,"0021400636","20150121",0,27.65,FALSE
201939,"Stephen Curry","1610612744","Golden State Warriors",2015,"0021400636","20150121",-2,15.45,FALSE
201939,"Stephen Curry","1610612744","Golden State Warriors",2015,"0021400651","20150123",-0.7,5.65,TRUE
201939,"Stephen Curry","1610612744","Golden State Warriors",2015,"0021400651","20150123",5.6,30.25,FALSE
201939,"Stephen Curry","1610612744","Golden State Warriors",2015,"0021400651","20150123",-2.9,31.25,FALSE
201939,"Stephen Curry","1610612744","Golden State Warriors",2015,"0021400651","20150123",11.4,29.95,TRUE
201939,"Stephen Curry","1610612744","Golden State Warriors",2015,"0021400651","20150123",1.1,7.45,FALSE
201939,"Stephen Curry","1610612744","Golden State Warriors",2015,"0021400651","20150123",2.9,31.55,TRUE
201939,"Stephen Curry","1610612744","Golden State Warriors",2015,"0021400651","20150123",-18.1,23.55,FALSE
201939,"Stephen Curry","1610612744","Golden State Warriors",2015,"0021400651","20150123",-0.4,31.05,FALSE
201939,"Stephen Curry","1610612744","Golden State Warriors",2015,"0021400651","20150123",-11.4,29.15,FALSE
201939,"Stephen Curry","1610612744","Golden State Warriors",2015,"0021400651","20150123",10,11.95,FALSE
201939,"Stephen Curry","1610612744","Golden State Warriors",2015,"0021400651","20150123",16.4,5.25,FALSE
201939,"Stephen Curry","1610612744","Golden State Warriors",2015,"0021400665","20150125",-16.2,29.85,FALSE
201939,"Stephen Curry","1610612744","Golden State Warriors",2015,"0021400665","20150125",-14.9,9.15,TRUE
201939,"Stephen Curry","1610612744","Golden State Warriors",2015,"0021400665","20150125",1,30.25,FALSE
201939,"Stephen Curry","1610612744","Golden State Warriors",2015,"0021400665","20150125",5.2,31.55,TRUE
201939,"Stephen Curry","1610612744","Golden State Warriors",2015,"0021400665","20150125",2.1,5.85,FALSE
201939,"Stephen Curry","1610612744","Golden State Warriors",2015,"0021400665","20150125",0.4,21.45,TRUE
201939,"Stephen Curry","1610612744","Golden State Warriors",2015,"0021400665","20150125",20.9,9.95,FALSE
201939,"Stephen Curry","1610612744","Golden State Warriors",2015,"0021400665","20150125",-23.3,8.65,FALSE
201939,"Stephen Curry","1610612744","Golden State Warriors",2015,"0021400665","20150125",-1,23.55,TRUE
201939,"Stephen Curry","1610612744","Golden State Warriors",2015,"0021400665","20150125",14.1,18.95,FALSE
201939,"Stephen Curry","1610612744","Golden State Warriors",2015,"0021400665","20150125",0,5.35,TRUE
201939,"Stephen Curry","1610612744","Golden State Warriors",2015,"0021400665","20150125",-14,28.55,FALSE
201939,"Stephen Curry","1610612744","Golden State Warriors",2015,"0021400665","20150125",15,15.65,FALSE
201939,"Stephen Curry","1610612744","Golden State Warriors",2015,"0021400665","20150125",-1.5,5.35,TRUE
201939,"Stephen Curry","1610612744","Golden State Warriors",2015,"0021400665","20150125",2.9,8.25,FALSE
201939,"Stephen Curry","1610612744","Golden State Warriors",2015,"0021400665","20150125",-0.1,7.25,FALSE
201939,"Stephen Curry","1610612744","Golden State Warriors",2015,"0021400679","20150127",14.7,28.85,TRUE
201939,"Stephen Curry","1610612744","Golden State Warriors",2015,"0021400679","20150127",7.9,31.85,FALSE
201939,"Stephen Curry","1610612744","Golden State Warriors",2015,"0021400679","20150127",-9.1,8.35,FALSE
201939,"Stephen Curry","1610612744","Golden State Warriors",2015,"0021400679","20150127",0,7.55,TRUE
201939,"Stephen Curry","1610612744","Golden State Warriors",2015,"0021400679","20150127",-6.1,22.75,TRUE
201939,"Stephen Curry","1610612744","Golden State Warriors",2015,"0021400679","20150127",-7.5,30.95,TRUE
201939,"Stephen Curry","1610612744","Golden State Warriors",2015,"0021400679","20150127",18.3,24.95,FALSE
201939,"Stephen Curry","1610612744","Golden State Warriors",2015,"0021400679","20150127",13,17.95,FALSE
201939,"Stephen Curry","1610612744","Golden State Warriors",2015,"0021400679","20150127",0.5,7.25,FALSE
201939,"Stephen Curry","1610612744","Golden State Warriors",2015,"0021400679","20150127",13.4,58.65,FALSE
201939,"Stephen Curry","1610612744","Golden State Warriors",2015,"0021400679","20150127",-0.9,6.95,TRUE
201939,"Stephen Curry","1610612744","Golden State Warriors",2015,"0021400679","20150127",13.4,26.15,FALSE
201939,"Stephen Curry","1610612744","Golden State Warriors",2015,"0021400679","20150127",-20.1,20.55,FALSE
201939,"Stephen Curry","1610612744","Golden State Warriors",2015,"0021400679","20150127",0.2,15.65,TRUE
201939,"Stephen Curry","1610612744","Golden State Warriors",2015,"0021400679","20150127",-9.4,19.25,FALSE
201939,"Stephen Curry","1610612744","Golden State Warriors",2015,"0021400679","20150127",0,8.55,FALSE
201939,"Stephen Curry","1610612744","Golden State Warriors",2015,"0021400679","20150127",-13.2,19.85,FALSE
201939,"Stephen Curry","1610612744","Golden State Warriors",2015,"0021400679","20150127",-10,8.95,TRUE
201939,"Stephen Curry","1610612744","Golden State Warriors",2015,"0021400679","20150127",-2.8,30.75,FALSE
201939,"Stephen Curry","1610612744","Golden State Warriors",2015,"0021400679","20150127",10.5,23.15,FALSE
201939,"Stephen Curry","1610612744","Golden State Warriors",2015,"0021400679","20150127",-17.6,23.95,FALSE
201939,"Stephen Curry","1610612744","Golden State Warriors",2015,"0021400679","20150127",-1.3,6.95,TRUE
201939,"Stephen Curry","1610612744","Golden State Warriors",2015,"0021400679","20150127",-2.1,6.45,TRUE
201939,"Stephen Curry","1610612744","Golden State Warriors",2015,"0021400703","20150130",-2,5.65,FALSE
201939,"Stephen Curry","1610612744","Golden State Warriors",2015,"0021400703","20150130",-20.9,14.65,TRUE
201939,"Stephen Curry","1610612744","Golden State Warriors",2015,"0021400703","20150130",8.6,29.05,FALSE
201939,"Stephen Curry","1610612744","Golden State Warriors",2015,"0021400703","20150130",-2.8,8.35,TRUE
201939,"Stephen Curry","1610612744","Golden State Warriors",2015,"0021400703","20150130",4.3,6.35,TRUE
201939,"Stephen Curry","1610612744","Golden State Warriors",2015,"0021400703","20150130",-10.6,25.75,FALSE
201939,"Stephen Curry","1610612744","Golden State Warriors",2015,"0021400703","20150130",-20.9,19.05,TRUE
201939,"Stephen Curry","1610612744","Golden State Warriors",2015,"0021400703","20150130",-11.4,28.75,TRUE
201939,"Stephen Curry","1610612744","Golden State Warriors",2015,"0021400703","20150130",-12.2,27.45,FALSE
201939,"Stephen Curry","1610612744","Golden State Warriors",2015,"0021400703","20150130",9.8,28.85,FALSE
201939,"Stephen Curry","1610612744","Golden State Warriors",2015,"0021400703","20150130",-1.2,8.05,TRUE
201939,"Stephen Curry","1610612744","Golden State Warriors",2015,"0021400703","20150130",10.3,29.05,FALSE
201939,"Stephen Curry","1610612744","Golden State Warriors",2015,"0021400703","20150130",-0.9,6.45,FALSE
201939,"Stephen Curry","1610612744","Golden State Warriors",2015,"0021400703","20150130",18.5,8.05,FALSE
201939,"Stephen Curry","1610612744","Golden State Warriors",2015,"0021400703","20150130",1,16.45,TRUE
201939,"Stephen Curry","1610612744","Golden State Warriors",2015,"0021400703","20150130",-8.9,29.05,TRUE
201939,"Stephen Curry","1610612744","Golden State Warriors",2015,"0021400703","20150130",-6.1,29.05,TRUE
201939,"Stephen Curry","1610612744","Golden State Warriors",2015,"0021400703","20150130",-7.5,31.05,FALSE
201939,"Stephen Curry","1610612744","Golden State Warriors",2015,"0021400703","20150130",-13.2,25.35,TRUE
201939,"Stephen Curry","1610612744","Golden State Warriors",2015,"0021400703","20150130",-15.2,20.65,FALSE
201939,"Stephen Curry","1610612744","Golden State Warriors",2015,"0021400703","20150130",-2.3,6.35,FALSE
201939,"Stephen Curry","1610612744","Golden State Warriors",2015,"0021400703","20150130",-14.7,24.15,FALSE
201939,"Stephen Curry","1610612744","Golden State Warriors",2015,"0021400715","20150131",15.7,8.05,FALSE
201939,"Stephen Curry","1610612744","Golden State Warriors",2015,"0021400715","20150131",14.9,21.25,FALSE
201939,"Stephen Curry","1610612744","Golden State Warriors",2015,"0021400715","20150131",-0.4,11.65,TRUE
201939,"Stephen Curry","1610612744","Golden State Warriors",2015,"0021400715","20150131",-11.3,28.05,FALSE
201939,"Stephen Curry","1610612744","Golden State Warriors",2015,"0021400715","20150131",18.2,23.35,FALSE
201939,"Stephen Curry","1610612744","Golden State Warriors",2015,"0021400715","20150131",-0.6,5.85,FALSE
201939,"Stephen Curry","1610612744","Golden State Warriors",2015,"0021400715","20150131",-0.7,5.55,TRUE
201939,"Stephen Curry","1610612744","Golden State Warriors",2015,"0021400715","20150131",-16.3,8.55,TRUE
201939,"Stephen Curry","1610612744","Golden State Warriors",2015,"0021400715","20150131",-20,20.95,TRUE
201939,"Stephen Curry","1610612744","Golden State Warriors",2015,"0021400715","20150131",6.8,30.75,TRUE
201939,"Stephen Curry","1610612744","Golden State Warriors",2015,"0021400715","20150131",22.4,10.45,TRUE
201939,"Stephen Curry","1610612744","Golden State Warriors",2015,"0021400715","20150131",-10.3,6.75,FALSE
201939,"Stephen Curry","1610612744","Golden State Warriors",2015,"0021400715","20150131",19.6,20.85,TRUE
201939,"Stephen Curry","1610612744","Golden State Warriors",2015,"0021400715","20150131",13.6,30.45,FALSE
201939,"Stephen Curry","1610612744","Golden State Warriors",2015,"0021400715","20150131",16.4,56.45,FALSE
201939,"Stephen Curry","1610612744","Golden State Warriors",2015,"0021400715","20150131",-12.5,29.95,FALSE
201939,"Stephen Curry","1610612744","Golden State Warriors",2015,"0021400715","20150131",2.3,5.85,FALSE
201939,"Stephen Curry","1610612744","Golden State Warriors",2015,"0021400715","20150131",-12.1,13.85,TRUE
201939,"Stephen Curry","1610612744","Golden State Warriors",2015,"0021400715","20150131",-12.2,24.15,FALSE
201939,"Stephen Curry","1610612744","Golden State Warriors",2015,"0021400715","20150131",-1.8,15.15,FALSE
201939,"Stephen Curry","1610612744","Golden State Warriors",2015,"0021400715","20150131",1.5,10.55,FALSE
201939,"Stephen Curry","1610612744","Golden State Warriors",2015,"0021400715","20150131",-4.7,21.15,TRUE
201939,"Stephen Curry","1610612744","Golden State Warriors",2015,"0021400715","20150131",6.8,25.75,FALSE
201939,"Stephen Curry","1610612744","Golden State Warriors",2015,"0021400730","20150203",-3.2,5.55,TRUE
201939,"Stephen Curry","1610612744","Golden State Warriors",2015,"0021400730","20150203",-0.1,8.85,FALSE
201939,"Stephen Curry","1610612744","Golden State Warriors",2015,"0021400730","20150203",-5,5.35,FALSE
201939,"Stephen Curry","1610612744","Golden State Warriors",2015,"0021400730","20150203",17.2,22.75,FALSE
201939,"Stephen Curry","1610612744","Golden State Warriors",2015,"0021400730","20150203",-4.5,5.85,TRUE
201939,"Stephen Curry","1610612744","Golden State Warriors",2015,"0021400730","20150203",-2.3,30.75,TRUE
201939,"Stephen Curry","1610612744","Golden State Warriors",2015,"0021400730","20150203",-16.8,5.65,FALSE
201939,"Stephen Curry","1610612744","Golden State Warriors",2015,"0021400730","20150203",1.6,5.65,TRUE
201939,"Stephen Curry","1610612744","Golden State Warriors",2015,"0021400730","20150203",3.7,10.05,FALSE
201939,"Stephen Curry","1610612744","Golden State Warriors",2015,"0021400730","20150203",11.1,29.65,FALSE
201939,"Stephen Curry","1610612744","Golden State Warriors",2015,"0021400730","20150203",2.1,30.75,FALSE
201939,"Stephen Curry","1610612744","Golden State Warriors",2015,"0021400730","20150203",1.5,15.95,TRUE
201939,"Stephen Curry","1610612744","Golden State Warriors",2015,"0021400730","20150203",-2.4,30.65,FALSE
201939,"Stephen Curry","1610612744","Golden State Warriors",2015,"0021400730","20150203",-14.7,21.65,FALSE
201939,"Stephen Curry","1610612744","Golden State Warriors",2015,"0021400730","20150203",-1.3,33.25,TRUE
201939,"Stephen Curry","1610612744","Golden State Warriors",2015,"0021400741","20150204",0.4,32.65,FALSE
201939,"Stephen Curry","1610612744","Golden State Warriors",2015,"0021400741","20150204",-0.7,8.55,FALSE
201939,"Stephen Curry","1610612744","Golden State Warriors",2015,"0021400741","20150204",-7.2,30.65,FALSE
201939,"Stephen Curry","1610612744","Golden State Warriors",2015,"0021400741","20150204",11.6,28.85,TRUE
201939,"Stephen Curry","1610612744","Golden State Warriors",2015,"0021400741","20150204",-11.4,19.05,TRUE
201939,"Stephen Curry","1610612744","Golden State Warriors",2015,"0021400741","20150204",11.2,24.45,FALSE
201939,"Stephen Curry","1610612744","Golden State Warriors",2015,"0021400741","20150204",19.8,21.65,TRUE
201939,"Stephen Curry","1610612744","Golden State Warriors",2015,"0021400741","20150204",-15.1,26.15,TRUE
201939,"Stephen Curry","1610612744","Golden State Warriors",2015,"0021400741","20150204",16,9.75,TRUE
201939,"Stephen Curry","1610612744","Golden State Warriors",2015,"0021400741","20150204",9.3,29.05,FALSE
201939,"Stephen Curry","1610612744","Golden State Warriors",2015,"0021400741","20150204",0,6.95,TRUE
201939,"Stephen Curry","1610612744","Golden State Warriors",2015,"0021400741","20150204",-1,7.15,TRUE
201939,"Stephen Curry","1610612744","Golden State Warriors",2015,"0021400741","20150204",-9.7,29.85,TRUE
201939,"Stephen Curry","1610612744","Golden State Warriors",2015,"0021400741","20150204",8.1,30.15,TRUE
201939,"Stephen Curry","1610612744","Golden State Warriors",2015,"0021400741","20150204",9.2,28.85,TRUE
201939,"Stephen Curry","1610612744","Golden State Warriors",2015,"0021400741","20150204",-14.6,27.95,TRUE
201939,"Stephen Curry","1610612744","Golden State Warriors",2015,"0021400741","20150204",-14.4,28.85,FALSE
201939,"Stephen Curry","1610612744","Golden State Warriors",2015,"0021400741","20150204",1.5,7.85,FALSE
201939,"Stephen Curry","1610612744","Golden State Warriors",2015,"0021400741","20150204",3.2,31.35,TRUE
201939,"Stephen Curry","1610612744","Golden State Warriors",2015,"0021400741","20150204",-6.5,15.65,FALSE
201939,"Stephen Curry","1610612744","Golden State Warriors",2015,"0021400741","20150204",-12.4,30.45,TRUE
201939,"Stephen Curry","1610612744","Golden State Warriors",2015,"0021400741","20150204",9.8,24.15,TRUE
201939,"Stephen Curry","1610612744","Golden State Warriors",2015,"0021400741","20150204",-9.9,30.15,FALSE
201939,"Stephen Curry","1610612744","Golden State Warriors",2015,"0021400741","20150204",-10.5,11.25,TRUE
201939,"Stephen Curry","1610612744","Golden State Warriors",2015,"0021400741","20150204",-15.2,29.45,FALSE
201939,"Stephen Curry","1610612744","Golden State Warriors",2015,"0021400741","20150204",7.1,32.15,TRUE
201939,"Stephen Curry","1610612744","Golden State Warriors",2015,"0021400749","20150206",20.2,20.15,FALSE
201939,"Stephen Curry","1610612744","Golden State Warriors",2015,"0021400749","20150206",-23.3,10.85,FALSE
201939,"Stephen Curry","1610612744","Golden State Warriors",2015,"0021400749","20150206",-14.4,25.35,FALSE
201939,"Stephen Curry","1610612744","Golden State Warriors",2015,"0021400749","20150206",-4.5,26.05,FALSE
201939,"Stephen Curry","1610612744","Golden State Warriors",2015,"0021400749","20150206",-21.1,22.45,TRUE
201939,"Stephen Curry","1610612744","Golden State Warriors",2015,"0021400749","20150206",-17.7,26.05,FALSE
201939,"Stephen Curry","1610612744","Golden State Warriors",2015,"0021400749","20150206",-0.4,6.65,TRUE
201939,"Stephen Curry","1610612744","Golden State Warriors",2015,"0021400749","20150206",0.8,6.35,FALSE
201939,"Stephen Curry","1610612744","Golden State Warriors",2015,"0021400749","20150206",1,5.35,TRUE
201939,"Stephen Curry","1610612744","Golden State Warriors",2015,"0021400749","20150206",2.1,6.45,FALSE
201939,"Stephen Curry","1610612744","Golden State Warriors",2015,"0021400749","20150206",1.9,29.85,TRUE
201939,"Stephen Curry","1610612744","Golden State Warriors",2015,"0021400749","20150206",-6.2,7.15,FALSE
201939,"Stephen Curry","1610612744","Golden State Warriors",2015,"0021400749","20150206",-2,31.85,TRUE
201939,"Stephen Curry","1610612744","Golden State Warriors",2015,"0021400749","20150206",-12.1,28.85,TRUE
201939,"Stephen Curry","1610612744","Golden State Warriors",2015,"0021400749","20150206",0.8,6.15,FALSE
201939,"Stephen Curry","1610612744","Golden State Warriors",2015,"0021400749","20150206",2.9,29.95,FALSE
201939,"Stephen Curry","1610612744","Golden State Warriors",2015,"0021400749","20150206",11.1,24.25,FALSE
201939,"Stephen Curry","1610612744","Golden State Warriors",2015,"0021400749","20150206",-1.3,5.35,TRUE
201939,"Stephen Curry","1610612744","Golden State Warriors",2015,"0021400749","20150206",1.8,5.65,TRUE
201939,"Stephen Curry","1610612744","Golden State Warriors",2015,"0021400760","20150207",12.7,28.85,TRUE
201939,"Stephen Curry","1610612744","Golden State Warriors",2015,"0021400760","20150207",24.3,5.25,FALSE
201939,"Stephen Curry","1610612744","Golden State Warriors",2015,"0021400760","20150207",9.5,10.55,FALSE
201939,"Stephen Curry","1610612744","Golden State Warriors",2015,"0021400760","20150207",18.5,17.95,FALSE
201939,"Stephen Curry","1610612744","Golden State Warriors",2015,"0021400760","20150207",0.4,5.95,FALSE
201939,"Stephen Curry","1610612744","Golden State Warriors",2015,"0021400760","20150207",-1.2,5.65,TRUE
201939,"Stephen Curry","1610612744","Golden State Warriors",2015,"0021400760","20150207",5.2,30.75,TRUE
201939,"Stephen Curry","1610612744","Golden State Warriors",2015,"0021400760","20150207",8.2,54.85,FALSE
201939,"Stephen Curry","1610612744","Golden State Warriors",2015,"0021400760","20150207",7.3,29.85,FALSE
201939,"Stephen Curry","1610612744","Golden State Warriors",2015,"0021400760","20150207",-0.7,5.95,TRUE
201939,"Stephen Curry","1610612744","Golden State Warriors",2015,"0021400760","20150207",-1.7,31.25,TRUE
201939,"Stephen Curry","1610612744","Golden State Warriors",2015,"0021400760","20150207",0.5,5.05,FALSE
201939,"Stephen Curry","1610612744","Golden State Warriors",2015,"0021400760","20150207",-3.2,15.75,FALSE
201939,"Stephen Curry","1610612744","Golden State Warriors",2015,"0021400760","20150207",19.9,4.95,FALSE
201939,"Stephen Curry","1610612744","Golden State Warriors",2015,"0021400760","20150207",19.9,19.75,TRUE
201939,"Stephen Curry","1610612744","Golden State Warriors",2015,"0021400760","20150207",10,28.55,TRUE
201939,"Stephen Curry","1610612744","Golden State Warriors",2015,"0021400760","20150207",-14.7,26.55,FALSE
201939,"Stephen Curry","1610612744","Golden State Warriors",2015,"0021400760","20150207",-1.7,6.15,TRUE
201939,"Stephen Curry","1610612744","Golden State Warriors",2015,"0021400775","20150209",16.3,16.85,FALSE
201939,"Stephen Curry","1610612744","Golden State Warriors",2015,"0021400775","20150209",1.5,4.95,TRUE
201939,"Stephen Curry","1610612744","Golden State Warriors",2015,"0021400775","20150209",-0.4,30.25,FALSE
201939,"Stephen Curry","1610612744","Golden State Warriors",2015,"0021400775","20150209",13,14.95,FALSE
201939,"Stephen Curry","1610612744","Golden State Warriors",2015,"0021400775","20150209",2.9,5.25,TRUE
201939,"Stephen Curry","1610612744","Golden State Warriors",2015,"0021400775","20150209",-12.4,28.85,FALSE
201939,"Stephen Curry","1610612744","Golden State Warriors",2015,"0021400775","20150209",-1.8,30.45,FALSE
201939,"Stephen Curry","1610612744","Golden State Warriors",2015,"0021400775","20150209",-14.6,26.05,FALSE
201939,"Stephen Curry","1610612744","Golden State Warriors",2015,"0021400775","20150209",-1.5,30.15,TRUE
201939,"Stephen Curry","1610612744","Golden State Warriors",2015,"0021400775","20150209",-16.8,23.95,FALSE
201939,"Stephen Curry","1610612744","Golden State Warriors",2015,"0021400775","20150209",22.8,5.35,TRUE
201939,"Stephen Curry","1610612744","Golden State Warriors",2015,"0021400775","20150209",7,29.85,FALSE
201939,"Stephen Curry","1610612744","Golden State Warriors",2015,"0021400775","20150209",0.4,30.25,TRUE
201939,"Stephen Curry","1610612744","Golden State Warriors",2015,"0021400775","20150209",14.9,17.15,FALSE
201939,"Stephen Curry","1610612744","Golden State Warriors",2015,"0021400775","20150209",0.5,5.05,TRUE
201939,"Stephen Curry","1610612744","Golden State Warriors",2015,"0021400775","20150209",-11.6,29.45,FALSE
201939,"Stephen Curry","1610612744","Golden State Warriors",2015,"0021400775","20150209",-17.6,22.75,FALSE
201939,"Stephen Curry","1610612744","Golden State Warriors",2015,"0021400775","20150209",21,19.75,FALSE
201939,"Stephen Curry","1610612744","Golden State Warriors",2015,"0021400775","20150209",-1.3,4.65,TRUE
201939,"Stephen Curry","1610612744","Golden State Warriors",2015,"0021400775","20150209",12.8,19.25,FALSE
201939,"Stephen Curry","1610612744","Golden State Warriors",2015,"0021400793","20150211",-3.7,29.45,FALSE
201939,"Stephen Curry","1610612744","Golden State Warriors",2015,"0021400793","20150211",4.1,10.85,TRUE
201939,"Stephen Curry","1610612744","Golden State Warriors",2015,"0021400793","20150211",6.2,19.05,TRUE
201939,"Stephen Curry","1610612744","Golden State Warriors",2015,"0021400793","20150211",-12.4,26.85,FALSE
201939,"Stephen Curry","1610612744","Golden State Warriors",2015,"0021400793","20150211",-10.2,8.65,TRUE
201939,"Stephen Curry","1610612744","Golden State Warriors",2015,"0021400793","20150211",1.6,30.15,FALSE
201939,"Stephen Curry","1610612744","Golden State Warriors",2015,"0021400793","20150211",-22.3,8.35,FALSE
201939,"Stephen Curry","1610612744","Golden State Warriors",2015,"0021400793","20150211",11.9,18.35,TRUE
201939,"Stephen Curry","1610612744","Golden State Warriors",2015,"0021400793","20150211",22.9,7.85,TRUE
201939,"Stephen Curry","1610612744","Golden State Warriors",2015,"0021400793","20150211",13.6,19.05,FALSE
201939,"Stephen Curry","1610612744","Golden State Warriors",2015,"0021400793","20150211",-3.1,18.65,FALSE
201939,"Stephen Curry","1610612744","Golden State Warriors",2015,"0021400793","20150211",15.7,8.35,FALSE
201939,"Stephen Curry","1610612744","Golden State Warriors",2015,"0021400793","20150211",-15.9,16.45,TRUE
201939,"Stephen Curry","1610612744","Golden State Warriors",2015,"0021400793","20150211",2.7,32.45,FALSE
201939,"Stephen Curry","1610612744","Golden State Warriors",2015,"0021400793","20150211",-8.4,28.55,FALSE
201939,"Stephen Curry","1610612744","Golden State Warriors",2015,"0021400793","20150211",-1.5,29.15,TRUE
201939,"Stephen Curry","1610612744","Golden State Warriors",2015,"0021400793","20150211",-0.6,5.65,TRUE
201939,"Stephen Curry","1610612744","Golden State Warriors",2015,"0021400793","20150211",3.4,30.95,FALSE
201939,"Stephen Curry","1610612744","Golden State Warriors",2015,"0021400793","20150211",0,7.15,FALSE
201939,"Stephen Curry","1610612744","Golden State Warriors",2015,"0021400793","20150211",-11.9,19.85,FALSE
201939,"Stephen Curry","1610612744","Golden State Warriors",2015,"0021400793","20150211",-23.7,7.15,FALSE
201939,"Stephen Curry","1610612744","Golden State Warriors",2015,"0021400793","20150211",-11.6,8.65,TRUE
201939,"Stephen Curry","1610612744","Golden State Warriors",2015,"0021400793","20150211",-10.2,24.15,FALSE
201939,"Stephen Curry","1610612744","Golden State Warriors",2015,"0021400814","20150220",20.7,19.55,FALSE
201939,"Stephen Curry","1610612744","Golden State Warriors",2015,"0021400814","20150220",-1.8,15.35,TRUE
201939,"Stephen Curry","1610612744","Golden State Warriors",2015,"0021400814","20150220",11.4,20.55,FALSE
201939,"Stephen Curry","1610612744","Golden State Warriors",2015,"0021400814","20150220",-0.6,7.75,FALSE
201939,"Stephen Curry","1610612744","Golden State Warriors",2015,"0021400814","20150220",1.6,30.95,TRUE
201939,"Stephen Curry","1610612744","Golden State Warriors",2015,"0021400814","20150220",14.7,26.55,FALSE
201939,"Stephen Curry","1610612744","Golden State Warriors",2015,"0021400814","20150220",19.3,23.55,TRUE
201939,"Stephen Curry","1610612744","Golden State Warriors",2015,"0021400814","20150220",-16.3,27.65,TRUE
201939,"Stephen Curry","1610612744","Golden State Warriors",2015,"0021400814","20150220",-0.1,6.45,TRUE
201939,"Stephen Curry","1610612744","Golden State Warriors",2015,"0021400814","20150220",-2.6,8.85,TRUE
201939,"Stephen Curry","1610612744","Golden State Warriors",2015,"0021400814","20150220",1.8,10.25,TRUE
201939,"Stephen Curry","1610612744","Golden State Warriors",2015,"0021400814","20150220",21,21.45,FALSE
201939,"Stephen Curry","1610612744","Golden State Warriors",2015,"0021400814","20150220",1.6,7.15,FALSE
201939,"Stephen Curry","1610612744","Golden State Warriors",2015,"0021400814","20150220",-20.7,11.35,FALSE
201939,"Stephen Curry","1610612744","Golden State Warriors",2015,"0021400814","20150220",22.9,10.45,FALSE
201939,"Stephen Curry","1610612744","Golden State Warriors",2015,"0021400814","20150220",-1,10.55,FALSE
201939,"Stephen Curry","1610612744","Golden State Warriors",2015,"0021400814","20150220",-23.6,12.45,TRUE
201939,"Stephen Curry","1610612744","Golden State Warriors",2015,"0021400838","20150224",-8.6,29.65,FALSE
201939,"Stephen Curry","1610612744","Golden State Warriors",2015,"0021400838","20150224",7.1,31.55,TRUE
201939,"Stephen Curry","1610612744","Golden State Warriors",2015,"0021400838","20150224",0,5.35,TRUE
201939,"Stephen Curry","1610612744","Golden State Warriors",2015,"0021400838","20150224",0.5,6.95,FALSE
201939,"Stephen Curry","1610612744","Golden State Warriors",2015,"0021400838","20150224",11.6,19.45,TRUE
201939,"Stephen Curry","1610612744","Golden State Warriors",2015,"0021400838","20150224",-3.2,31.35,TRUE
201939,"Stephen Curry","1610612744","Golden State Warriors",2015,"0021400838","20150224",-5.4,32.05,TRUE
201939,"Stephen Curry","1610612744","Golden State Warriors",2015,"0021400838","20150224",5.6,30.45,FALSE
201939,"Stephen Curry","1610612744","Golden State Warriors",2015,"0021400838","20150224",23.1,13.85,TRUE
201939,"Stephen Curry","1610612744","Golden State Warriors",2015,"0021400838","20150224",4.8,34.75,FALSE
201939,"Stephen Curry","1610612744","Golden State Warriors",2015,"0021400838","20150224",-17.9,7.15,TRUE
201939,"Stephen Curry","1610612744","Golden State Warriors",2015,"0021400838","20150224",2.4,8.55,FALSE
201939,"Stephen Curry","1610612744","Golden State Warriors",2015,"0021400838","20150224",-12.5,27.95,FALSE
201939,"Stephen Curry","1610612744","Golden State Warriors",2015,"0021400838","20150224",1.5,31.25,TRUE
201939,"Stephen Curry","1610612744","Golden State Warriors",2015,"0021400838","20150224",-17.3,17.85,TRUE
201939,"Stephen Curry","1610612744","Golden State Warriors",2015,"0021400838","20150224",-4.5,6.15,TRUE
201939,"Stephen Curry","1610612744","Golden State Warriors",2015,"0021400838","20150224",9.7,24.45,FALSE
201939,"Stephen Curry","1610612744","Golden State Warriors",2015,"0021400838","20150224",-6.2,6.45,TRUE
201939,"Stephen Curry","1610612744","Golden State Warriors",2015,"0021400854","20150226",-19.3,20.85,TRUE
201939,"Stephen Curry","1610612744","Golden State Warriors",2015,"0021400854","20150226",-4.7,31.55,FALSE
201939,"Stephen Curry","1610612744","Golden State Warriors",2015,"0021400854","20150226",-23.3,5.25,TRUE
201939,"Stephen Curry","1610612744","Golden State Warriors",2015,"0021400854","20150226",-1,30.45,TRUE
201939,"Stephen Curry","1610612744","Golden State Warriors",2015,"0021400854","20150226",12.8,25.75,FALSE
201939,"Stephen Curry","1610612744","Golden State Warriors",2015,"0021400854","20150226",-10.8,23.65,FALSE
201939,"Stephen Curry","1610612744","Golden State Warriors",2015,"0021400854","20150226",0.2,5.95,TRUE
201939,"Stephen Curry","1610612744","Golden State Warriors",2015,"0021400854","20150226",-7.8,28.25,FALSE
201939,"Stephen Curry","1610612744","Golden State Warriors",2015,"0021400854","20150226",13.3,7.25,FALSE
201939,"Stephen Curry","1610612744","Golden State Warriors",2015,"0021400854","20150226",2.9,22.75,FALSE
201939,"Stephen Curry","1610612744","Golden State Warriors",2015,"0021400854","20150226",0.5,5.05,TRUE
201939,"Stephen Curry","1610612744","Golden State Warriors",2015,"0021400854","20150226",17.4,22.25,FALSE
201939,"Stephen Curry","1610612744","Golden State Warriors",2015,"0021400854","20150226",0.4,5.25,FALSE
201939,"Stephen Curry","1610612744","Golden State Warriors",2015,"0021400854","20150226",15.2,10.85,FALSE
201939,"Stephen Curry","1610612744","Golden State Warriors",2015,"0021400854","20150226",-0.2,7.25,FALSE
201939,"Stephen Curry","1610612744","Golden State Warriors",2015,"0021400854","20150226",0,29.45,FALSE
201939,"Stephen Curry","1610612744","Golden State Warriors",2015,"0021400854","20150226",-18.5,23.55,FALSE
201939,"Stephen Curry","1610612744","Golden State Warriors",2015,"0021400861","20150227",-5.1,5.25,TRUE
201939,"Stephen Curry","1610612744","Golden State Warriors",2015,"0021400861","20150227",-1.7,5.55,TRUE
201939,"Stephen Curry","1610612744","Golden State Warriors",2015,"0021400861","20150227",-8.9,22.55,FALSE
201939,"Stephen Curry","1610612744","Golden State Warriors",2015,"0021400861","20150227",-2.8,5.35,FALSE
201939,"Stephen Curry","1610612744","Golden State Warriors",2015,"0021400861","20150227",-6.1,25.05,FALSE
201939,"Stephen Curry","1610612744","Golden State Warriors",2015,"0021400861","20150227",-5.4,29.95,TRUE
201939,"Stephen Curry","1610612744","Golden State Warriors",2015,"0021400861","20150227",-5.9,18.45,TRUE
201939,"Stephen Curry","1610612744","Golden State Warriors",2015,"0021400861","20150227",0,15.15,FALSE
201939,"Stephen Curry","1610612744","Golden State Warriors",2015,"0021400861","20150227",3.5,33.55,FALSE
201939,"Stephen Curry","1610612744","Golden State Warriors",2015,"0021400861","20150227",-2.1,7.15,TRUE
201939,"Stephen Curry","1610612744","Golden State Warriors",2015,"0021400861","20150227",1.9,6.15,TRUE
201939,"Stephen Curry","1610612744","Golden State Warriors",2015,"0021400861","20150227",-10.5,28.55,TRUE
201939,"Stephen Curry","1610612744","Golden State Warriors",2015,"0021400861","20150227",20.2,21.95,TRUE
201939,"Stephen Curry","1610612744","Golden State Warriors",2015,"0021400880","20150301",0.2,4.45,TRUE
201939,"Stephen Curry","1610612744","Golden State Warriors",2015,"0021400880","20150301",-0.7,31.05,TRUE
201939,"Stephen Curry","1610612744","Golden State Warriors",2015,"0021400880","20150301",-1,6.45,FALSE
201939,"Stephen Curry","1610612744","Golden State Warriors",2015,"0021400880","20150301",-5.9,31.25,FALSE
201939,"Stephen Curry","1610612744","Golden State Warriors",2015,"0021400880","20150301",5.1,5.95,TRUE
201939,"Stephen Curry","1610612744","Golden State Warriors",2015,"0021400880","20150301",0.2,6.15,TRUE
201939,"Stephen Curry","1610612744","Golden State Warriors",2015,"0021400880","20150301",-8.6,28.85,TRUE
201939,"Stephen Curry","1610612744","Golden State Warriors",2015,"0021400880","20150301",4,7.85,TRUE
201939,"Stephen Curry","1610612744","Golden State Warriors",2015,"0021400880","20150301",8.9,24.45,FALSE
201939,"Stephen Curry","1610612744","Golden State Warriors",2015,"0021400880","20150301",13.1,27.25,FALSE
201939,"Stephen Curry","1610612744","Golden State Warriors",2015,"0021400880","20150301",-22.5,5.25,FALSE
201939,"Stephen Curry","1610612744","Golden State Warriors",2015,"0021400880","20150301",2.1,8.85,TRUE
201939,"Stephen Curry","1610612744","Golden State Warriors",2015,"0021400880","20150301",12.5,28.05,TRUE
201939,"Stephen Curry","1610612744","Golden State Warriors",2015,"0021400880","20150301",-2.6,7.15,FALSE
201939,"Stephen Curry","1610612744","Golden State Warriors",2015,"0021400880","20150301",-1.5,5.25,TRUE
201939,"Stephen Curry","1610612744","Golden State Warriors",2015,"0021400880","20150301",1,4.45,TRUE
201939,"Stephen Curry","1610612744","Golden State Warriors",2015,"0021400880","20150301",2.3,30.45,TRUE
201939,"Stephen Curry","1610612744","Golden State Warriors",2015,"0021400880","20150301",1.5,25.75,FALSE
201939,"Stephen Curry","1610612744","Golden State Warriors",2015,"0021400880","20150301",-13.5,27.25,TRUE
201939,"Stephen Curry","1610612744","Golden State Warriors",2015,"0021400880","20150301",11.2,10.55,TRUE
201939,"Stephen Curry","1610612744","Golden State Warriors",2015,"0021400880","20150301",-6.4,27.65,FALSE
201939,"Stephen Curry","1610612744","Golden State Warriors",2015,"0021400880","20150301",10.8,20.15,TRUE
201939,"Stephen Curry","1610612744","Golden State Warriors",2015,"0021400886","20150302",-23.4,7.75,FALSE
201939,"Stephen Curry","1610612744","Golden State Warriors",2015,"0021400886","20150302",-11.3,15.45,FALSE
201939,"Stephen Curry","1610612744","Golden State Warriors",2015,"0021400886","20150302",-22.6,4.95,TRUE
201939,"Stephen Curry","1610612744","Golden State Warriors",2015,"0021400886","20150302",-0.9,29.85,FALSE
201939,"Stephen Curry","1610612744","Golden State Warriors",2015,"0021400886","20150302",-7.3,28.55,FALSE
201939,"Stephen Curry","1610612744","Golden State Warriors",2015,"0021400886","20150302",-6.5,11.25,FALSE
201939,"Stephen Curry","1610612744","Golden State Warriors",2015,"0021400886","20150302",-11.6,27.65,TRUE
201939,"Stephen Curry","1610612744","Golden State Warriors",2015,"0021400886","20150302",-9.2,28.05,TRUE
201939,"Stephen Curry","1610612744","Golden State Warriors",2015,"0021400886","20150302",1.1,5.55,TRUE
201939,"Stephen Curry","1610612744","Golden State Warriors",2015,"0021400886","20150302",22.9,11.95,FALSE
201939,"Stephen Curry","1610612744","Golden State Warriors",2015,"0021400886","20150302",-22.8,6.65,FALSE
201939,"Stephen Curry","1610612744","Golden State Warriors",2015,"0021400886","20150302",23.5,6.45,TRUE
201939,"Stephen Curry","1610612744","Golden State Warriors",2015,"0021400886","20150302",1.1,29.35,TRUE
201939,"Stephen Curry","1610612744","Golden State Warriors",2015,"0021400886","20150302",20.1,18.35,TRUE
201939,"Stephen Curry","1610612744","Golden State Warriors",2015,"0021400886","20150302",21.3,17.35,FALSE
201939,"Stephen Curry","1610612744","Golden State Warriors",2015,"0021400886","20150302",-6.4,24.45,TRUE
201939,"Stephen Curry","1610612744","Golden State Warriors",2015,"0021400907","20150304",-5.8,11.35,FALSE
201939,"Stephen Curry","1610612744","Golden State Warriors",2015,"0021400907","20150304",-16.3,25.75,FALSE
201939,"Stephen Curry","1610612744","Golden State Warriors",2015,"0021400907","20150304",21.2,17.05,TRUE
201939,"Stephen Curry","1610612744","Golden State Warriors",2015,"0021400907","20150304",8.2,32.45,TRUE
201939,"Stephen Curry","1610612744","Golden State Warriors",2015,"0021400907","20150304",19.3,27.75,FALSE
201939,"Stephen Curry","1610612744","Golden State Warriors",2015,"0021400907","20150304",14.6,26.85,FALSE
201939,"Stephen Curry","1610612744","Golden State Warriors",2015,"0021400907","20150304",0.8,14.15,FALSE
201939,"Stephen Curry","1610612744","Golden State Warriors",2015,"0021400907","20150304",10.5,30.25,FALSE
201939,"Stephen Curry","1610612744","Golden State Warriors",2015,"0021400907","20150304",-17.7,23.55,FALSE
201939,"Stephen Curry","1610612744","Golden State Warriors",2015,"0021400907","20150304",-16.3,23.95,FALSE
201939,"Stephen Curry","1610612744","Golden State Warriors",2015,"0021400907","20150304",18.3,22.45,TRUE
201939,"Stephen Curry","1610612744","Golden State Warriors",2015,"0021400907","20150304",13,28.05,TRUE
201939,"Stephen Curry","1610612744","Golden State Warriors",2015,"0021400907","20150304",14.2,28.05,TRUE
201939,"Stephen Curry","1610612744","Golden State Warriors",2015,"0021400907","20150304",22.8,7.75,FALSE
201939,"Stephen Curry","1610612744","Golden State Warriors",2015,"0021400907","20150304",-2.1,7.15,FALSE
201939,"Stephen Curry","1610612744","Golden State Warriors",2015,"0021400907","20150304",17.7,23.95,TRUE
201939,"Stephen Curry","1610612744","Golden State Warriors",2015,"0021400922","20150306",12.7,28.05,TRUE
201939,"Stephen Curry","1610612744","Golden State Warriors",2015,"0021400922","20150306",-0.9,6.75,TRUE
201939,"Stephen Curry","1610612744","Golden State Warriors",2015,"0021400922","20150306",-23.3,8.85,TRUE
201939,"Stephen Curry","1610612744","Golden State Warriors",2015,"0021400922","20150306",10,29.15,FALSE
201939,"Stephen Curry","1610612744","Golden State Warriors",2015,"0021400922","20150306",-8.6,29.65,TRUE
201939,"Stephen Curry","1610612744","Golden State Warriors",2015,"0021400922","20150306",0.7,8.05,FALSE
201939,"Stephen Curry","1610612744","Golden State Warriors",2015,"0021400922","20150306",-20.9,19.05,TRUE
201939,"Stephen Curry","1610612744","Golden State Warriors",2015,"0021400922","20150306",-23.4,7.85,FALSE
201939,"Stephen Curry","1610612744","Golden State Warriors",2015,"0021400922","20150306",20.9,21.95,FALSE
201939,"Stephen Curry","1610612744","Golden State Warriors",2015,"0021400922","20150306",8.9,9.15,FALSE
201939,"Stephen Curry","1610612744","Golden State Warriors",2015,"0021400922","20150306",-15.4,27.95,TRUE
201939,"Stephen Curry","1610612744","Golden State Warriors",2015,"0021400932","20150308",-3.9,8.25,FALSE
201939,"Stephen Curry","1610612744","Golden State Warriors",2015,"0021400932","20150308",17.7,14.15,FALSE
201939,"Stephen Curry","1610612744","Golden State Warriors",2015,"0021400932","20150308",14.6,13.85,FALSE
201939,"Stephen Curry","1610612744","Golden State Warriors",2015,"0021400932","20150308",4.3,15.95,FALSE
201939,"Stephen Curry","1610612744","Golden State Warriors",2015,"0021400932","20150308",14.1,15.35,TRUE
201939,"Stephen Curry","1610612744","Golden State Warriors",2015,"0021400932","20150308",-10.3,11.55,FALSE
201939,"Stephen Curry","1610612744","Golden State Warriors",2015,"0021400932","20150308",-19.6,23.95,TRUE
201939,"Stephen Curry","1610612744","Golden State Warriors",2015,"0021400932","20150308",0,30.75,TRUE
201939,"Stephen Curry","1610612744","Golden State Warriors",2015,"0021400932","20150308",-1.5,6.95,FALSE
201939,"Stephen Curry","1610612744","Golden State Warriors",2015,"0021400944","20150309",0.8,5.05,TRUE
201939,"Stephen Curry","1610612744","Golden State Warriors",2015,"0021400944","20150309",-15.2,13.45,TRUE
201939,"Stephen Curry","1610612744","Golden State Warriors",2015,"0021400944","20150309",13,29.95,FALSE
201939,"Stephen Curry","1610612744","Golden State Warriors",2015,"0021400944","20150309",-21.4,18.95,TRUE
201939,"Stephen Curry","1610612744","Golden State Warriors",2015,"0021400944","20150309",11.6,27.75,FALSE
201939,"Stephen Curry","1610612744","Golden State Warriors",2015,"0021400944","20150309",13,17.55,FALSE
201939,"Stephen Curry","1610612744","Golden State Warriors",2015,"0021400944","20150309",2.4,5.55,TRUE
201939,"Stephen Curry","1610612744","Golden State Warriors",2015,"0021400944","20150309",-17.3,24.15,FALSE
201939,"Stephen Curry","1610612744","Golden State Warriors",2015,"0021400944","20150309",-1.2,6.75,TRUE
201939,"Stephen Curry","1610612744","Golden State Warriors",2015,"0021400944","20150309",9.8,28.75,FALSE
201939,"Stephen Curry","1610612744","Golden State Warriors",2015,"0021400944","20150309",-20.3,22.55,FALSE
201939,"Stephen Curry","1610612744","Golden State Warriors",2015,"0021400944","20150309",1.8,29.95,TRUE
201939,"Stephen Curry","1610612744","Golden State Warriors",2015,"0021400944","20150309",-0.4,4.95,TRUE
201939,"Stephen Curry","1610612744","Golden State Warriors",2015,"0021400944","20150309",-16.5,19.55,TRUE
201939,"Stephen Curry","1610612744","Golden State Warriors",2015,"0021400944","20150309",-2.8,5.25,FALSE
201939,"Stephen Curry","1610612744","Golden State Warriors",2015,"0021400944","20150309",21.8,16.55,TRUE
201939,"Stephen Curry","1610612744","Golden State Warriors",2015,"0021400944","20150309",-10.5,21.75,FALSE
201939,"Stephen Curry","1610612744","Golden State Warriors",2015,"0021400944","20150309",-11,16.75,FALSE
201939,"Stephen Curry","1610612744","Golden State Warriors",2015,"0021400944","20150309",-13.5,26.55,TRUE
201939,"Stephen Curry","1610612744","Golden State Warriors",2015,"0021400944","20150309",-2.4,29.85,TRUE
201939,"Stephen Curry","1610612744","Golden State Warriors",2015,"0021400944","20150309",1,5.65,TRUE
201939,"Stephen Curry","1610612744","Golden State Warriors",2015,"0021400944","20150309",14.4,25.55,FALSE
201939,"Stephen Curry","1610612744","Golden State Warriors",2015,"0021400944","20150309",-3.4,31.55,TRUE
201939,"Stephen Curry","1610612744","Golden State Warriors",2015,"0021400944","20150309",23.5,4.25,TRUE
201939,"Stephen Curry","1610612744","Golden State Warriors",2015,"0021400960","20150311",12.7,28.55,FALSE
201939,"Stephen Curry","1610612744","Golden State Warriors",2015,"0021400960","20150311",-13.3,27.65,TRUE
201939,"Stephen Curry","1610612744","Golden State Warriors",2015,"0021400960","20150311",16,17.65,TRUE
201939,"Stephen Curry","1610612744","Golden State Warriors",2015,"0021400960","20150311",19.1,22.25,FALSE
201939,"Stephen Curry","1610612744","Golden State Warriors",2015,"0021400960","20150311",14.4,8.85,FALSE
201939,"Stephen Curry","1610612744","Golden State Warriors",2015,"0021400960","20150311",18.2,24.25,FALSE
201939,"Stephen Curry","1610612744","Golden State Warriors",2015,"0021400960","20150311",1.6,9.95,FALSE
201939,"Stephen Curry","1610612744","Golden State Warriors",2015,"0021400960","20150311",-11.8,29.95,FALSE
201939,"Stephen Curry","1610612744","Golden State Warriors",2015,"0021400960","20150311",-15.7,20.85,FALSE
201939,"Stephen Curry","1610612744","Golden State Warriors",2015,"0021400960","20150311",-0.1,25.35,FALSE
201939,"Stephen Curry","1610612744","Golden State Warriors",2015,"0021400960","20150311",-0.2,17.95,TRUE
201939,"Stephen Curry","1610612744","Golden State Warriors",2015,"0021400960","20150311",-18.5,23.65,FALSE
201939,"Stephen Curry","1610612744","Golden State Warriors",2015,"0021400960","20150311",-5.9,23.05,TRUE
201939,"Stephen Curry","1610612744","Golden State Warriors",2015,"0021400960","20150311",-11,21.45,FALSE
201939,"Stephen Curry","1610612744","Golden State Warriors",2015,"0021400960","20150311",-18.5,23.05,FALSE
201939,"Stephen Curry","1610612744","Golden State Warriors",2015,"0021400981","20150314",20.7,20.15,TRUE
201939,"Stephen Curry","1610612744","Golden State Warriors",2015,"0021400981","20150314",19.3,20.05,TRUE
201939,"Stephen Curry","1610612744","Golden State Warriors",2015,"0021400981","20150314",2.9,31.75,FALSE
201939,"Stephen Curry","1610612744","Golden State Warriors",2015,"0021400981","20150314",-2.8,6.95,FALSE
201939,"Stephen Curry","1610612744","Golden State Warriors",2015,"0021400981","20150314",20.5,20.35,FALSE
201939,"Stephen Curry","1610612744","Golden State Warriors",2015,"0021400981","20150314",-2.8,12.65,FALSE
201939,"Stephen Curry","1610612744","Golden State Warriors",2015,"0021400981","20150314",4.3,30.95,FALSE
201939,"Stephen Curry","1610612744","Golden State Warriors",2015,"0021400981","20150314",-12.2,28.55,TRUE
201939,"Stephen Curry","1610612744","Golden State Warriors",2015,"0021400981","20150314",23.4,5.85,TRUE
201939,"Stephen Curry","1610612744","Golden State Warriors",2015,"0021400981","20150314",19,25.25,TRUE
201939,"Stephen Curry","1610612744","Golden State Warriors",2015,"0021400981","20150314",1.1,16.75,FALSE
201939,"Stephen Curry","1610612744","Golden State Warriors",2015,"0021400981","20150314",5.2,29.85,FALSE
201939,"Stephen Curry","1610612744","Golden State Warriors",2015,"0021400981","20150314",1.1,5.85,TRUE
201939,"Stephen Curry","1610612744","Golden State Warriors",2015,"0021400981","20150314",-11.3,27.65,TRUE
201939,"Stephen Curry","1610612744","Golden State Warriors",2015,"0021400981","20150314",1,6.45,TRUE
201939,"Stephen Curry","1610612744","Golden State Warriors",2015,"0021400999","20150316",-9.9,25.55,FALSE
201939,"Stephen Curry","1610612744","Golden State Warriors",2015,"0021400999","20150316",-12.5,26.95,FALSE
201939,"Stephen Curry","1610612744","Golden State Warriors",2015,"0021400999","20150316",1.6,5.85,TRUE
201939,"Stephen Curry","1610612744","Golden State Warriors",2015,"0021400999","20150316",-7.5,25.85,FALSE
201939,"Stephen Curry","1610612744","Golden State Warriors",2015,"0021400999","20150316",-11.6,28.75,FALSE
201939,"Stephen Curry","1610612744","Golden State Warriors",2015,"0021400999","20150316",-12.4,29.15,FALSE
201939,"Stephen Curry","1610612744","Golden State Warriors",2015,"0021400999","20150316",-13.2,7.55,FALSE
201939,"Stephen Curry","1610612744","Golden State Warriors",2015,"0021400999","20150316",-4.2,24.75,TRUE
201939,"Stephen Curry","1610612744","Golden State Warriors",2015,"0021400999","20150316",-2.3,6.45,TRUE
201939,"Stephen Curry","1610612744","Golden State Warriors",2015,"0021400999","20150316",-14.9,26.35,TRUE
201939,"Stephen Curry","1610612744","Golden State Warriors",2015,"0021400999","20150316",14.9,27.45,TRUE
201939,"Stephen Curry","1610612744","Golden State Warriors",2015,"0021400999","20150316",-10.3,17.65,FALSE
201939,"Stephen Curry","1610612744","Golden State Warriors",2015,"0021400999","20150316",12,29.35,FALSE
201939,"Stephen Curry","1610612744","Golden State Warriors",2015,"0021400999","20150316",-14.7,21.25,FALSE
201939,"Stephen Curry","1610612744","Golden State Warriors",2015,"0021401014","20150318",-11,21.15,FALSE
201939,"Stephen Curry","1610612744","Golden State Warriors",2015,"0021401014","20150318",-19.7,19.65,TRUE
201939,"Stephen Curry","1610612744","Golden State Warriors",2015,"0021401014","20150318",-21,10.65,TRUE
201939,"Stephen Curry","1610612744","Golden State Warriors",2015,"0021401014","20150318",21.3,14.35,FALSE
201939,"Stephen Curry","1610612744","Golden State Warriors",2015,"0021401014","20150318",-23.7,3.55,FALSE
201939,"Stephen Curry","1610612744","Golden State Warriors",2015,"0021401014","20150318",10,29.65,TRUE
201939,"Stephen Curry","1610612744","Golden State Warriors",2015,"0021401014","20150318",13.4,23.65,FALSE
201939,"Stephen Curry","1610612744","Golden State Warriors",2015,"0021401014","20150318",0.2,7.85,TRUE
201939,"Stephen Curry","1610612744","Golden State Warriors",2015,"0021401014","20150318",-5.4,29.65,FALSE
201939,"Stephen Curry","1610612744","Golden State Warriors",2015,"0021401014","20150318",14.4,26.35,FALSE
201939,"Stephen Curry","1610612744","Golden State Warriors",2015,"0021401014","20150318",19.3,25.75,FALSE
201939,"Stephen Curry","1610612744","Golden State Warriors",2015,"0021401030","20150320",-0.1,30.65,FALSE
201939,"Stephen Curry","1610612744","Golden State Warriors",2015,"0021401030","20150320",10.5,24.25,TRUE
201939,"Stephen Curry","1610612744","Golden State Warriors",2015,"0021401030","20150320",-16.3,20.95,FALSE
201939,"Stephen Curry","1610612744","Golden State Warriors",2015,"0021401030","20150320",0.5,7.45,FALSE
201939,"Stephen Curry","1610612744","Golden State Warriors",2015,"0021401030","20150320",-20.3,21.45,FALSE
201939,"Stephen Curry","1610612744","Golden State Warriors",2015,"0021401030","20150320",-18.1,26.65,FALSE
201939,"Stephen Curry","1610612744","Golden State Warriors",2015,"0021401030","20150320",-15.2,7.55,FALSE
201939,"Stephen Curry","1610612744","Golden State Warriors",2015,"0021401030","20150320",-12.9,19.85,FALSE
201939,"Stephen Curry","1610612744","Golden State Warriors",2015,"0021401030","20150320",-14.4,29.65,FALSE
201939,"Stephen Curry","1610612744","Golden State Warriors",2015,"0021401030","20150320",12,31.85,FALSE
201939,"Stephen Curry","1610612744","Golden State Warriors",2015,"0021401030","20150320",12.2,18.95,FALSE
201939,"Stephen Curry","1610612744","Golden State Warriors",2015,"0021401030","20150320",9.7,30.45,FALSE
201939,"Stephen Curry","1610612744","Golden State Warriors",2015,"0021401030","20150320",20.9,19.25,FALSE
201939,"Stephen Curry","1610612744","Golden State Warriors",2015,"0021401030","20150320",-9.7,31.35,TRUE
201939,"Stephen Curry","1610612744","Golden State Warriors",2015,"0021401030","20150320",-2,9.75,TRUE
201939,"Stephen Curry","1610612744","Golden State Warriors",2015,"0021401030","20150320",21,24.25,TRUE
201939,"Stephen Curry","1610612744","Golden State Warriors",2015,"0021401030","20150320",10.9,53.65,FALSE
201939,"Stephen Curry","1610612744","Golden State Warriors",2015,"0021401036","20150321",-12.9,17.05,FALSE
201939,"Stephen Curry","1610612744","Golden State Warriors",2015,"0021401036","20150321",1.5,6.35,TRUE
201939,"Stephen Curry","1610612744","Golden State Warriors",2015,"0021401036","20150321",-14.3,28.25,FALSE
201939,"Stephen Curry","1610612744","Golden State Warriors",2015,"0021401036","20150321",-0.1,10.45,FALSE
201939,"Stephen Curry","1610612744","Golden State Warriors",2015,"0021401036","20150321",-0.9,6.75,FALSE
201939,"Stephen Curry","1610612744","Golden State Warriors",2015,"0021401036","20150321",-15.7,33.15,FALSE
201939,"Stephen Curry","1610612744","Golden State Warriors",2015,"0021401036","20150321",8.6,9.75,TRUE
201939,"Stephen Curry","1610612744","Golden State Warriors",2015,"0021401036","20150321",-3.6,29.95,TRUE
201939,"Stephen Curry","1610612744","Golden State Warriors",2015,"0021401036","20150321",15.7,25.55,TRUE
201939,"Stephen Curry","1610612744","Golden State Warriors",2015,"0021401036","20150321",-0.6,14.35,TRUE
201939,"Stephen Curry","1610612744","Golden State Warriors",2015,"0021401036","20150321",-0.6,10.25,FALSE
201939,"Stephen Curry","1610612744","Golden State Warriors",2015,"0021401036","20150321",23.2,6.15,TRUE
201939,"Stephen Curry","1610612744","Golden State Warriors",2015,"0021401036","20150321",18.5,18.75,TRUE
201939,"Stephen Curry","1610612744","Golden State Warriors",2015,"0021401036","20150321",4.5,9.75,FALSE
201939,"Stephen Curry","1610612744","Golden State Warriors",2015,"0021401036","20150321",1.1,5.95,TRUE
201939,"Stephen Curry","1610612744","Golden State Warriors",2015,"0021401036","20150321",-0.2,14.85,FALSE
201939,"Stephen Curry","1610612744","Golden State Warriors",2015,"0021401036","20150321",7.8,30.15,FALSE
201939,"Stephen Curry","1610612744","Golden State Warriors",2015,"0021401036","20150321",0.4,6.75,FALSE
201939,"Stephen Curry","1610612744","Golden State Warriors",2015,"0021401053","20150323",20.5,21.65,FALSE
201939,"Stephen Curry","1610612744","Golden State Warriors",2015,"0021401053","20150323",-6.9,30.95,TRUE
201939,"Stephen Curry","1610612744","Golden State Warriors",2015,"0021401053","20150323",-10.8,29.45,TRUE
201939,"Stephen Curry","1610612744","Golden State Warriors",2015,"0021401053","20150323",15.5,8.35,TRUE
201939,"Stephen Curry","1610612744","Golden State Warriors",2015,"0021401053","20150323",-11,21.65,TRUE
201939,"Stephen Curry","1610612744","Golden State Warriors",2015,"0021401053","20150323",-1.7,7.15,TRUE
201939,"Stephen Curry","1610612744","Golden State Warriors",2015,"0021401053","20150323",4.6,7.45,FALSE
201939,"Stephen Curry","1610612744","Golden State Warriors",2015,"0021401053","20150323",-2.8,31.05,FALSE
201939,"Stephen Curry","1610612744","Golden State Warriors",2015,"0021401053","20150323",-19.2,27.65,FALSE
201939,"Stephen Curry","1610612744","Golden State Warriors",2015,"0021401053","20150323",-7.2,17.65,FALSE
201939,"Stephen Curry","1610612744","Golden State Warriors",2015,"0021401053","20150323",0,30.65,TRUE
201939,"Stephen Curry","1610612744","Golden State Warriors",2015,"0021401053","20150323",-14.3,28.35,TRUE
201939,"Stephen Curry","1610612744","Golden State Warriors",2015,"0021401053","20150323",-21.8,24.25,TRUE
201939,"Stephen Curry","1610612744","Golden State Warriors",2015,"0021401053","20150323",-14.9,18.45,FALSE
201939,"Stephen Curry","1610612744","Golden State Warriors",2015,"0021401059","20150324",-0.9,31.05,FALSE
201939,"Stephen Curry","1610612744","Golden State Warriors",2015,"0021401059","20150324",20.7,4.25,TRUE
201939,"Stephen Curry","1610612744","Golden State Warriors",2015,"0021401059","20150324",-2.6,4.95,FALSE
201939,"Stephen Curry","1610612744","Golden State Warriors",2015,"0021401059","20150324",5.6,23.55,TRUE
201939,"Stephen Curry","1610612744","Golden State Warriors",2015,"0021401059","20150324",-11.4,20.65,FALSE
201939,"Stephen Curry","1610612744","Golden State Warriors",2015,"0021401059","20150324",-0.6,7.15,TRUE
201939,"Stephen Curry","1610612744","Golden State Warriors",2015,"0021401059","20150324",23.4,4.95,TRUE
201939,"Stephen Curry","1610612744","Golden State Warriors",2015,"0021401059","20150324",-0.2,31.85,TRUE
201939,"Stephen Curry","1610612744","Golden State Warriors",2015,"0021401059","20150324",0.8,4.95,FALSE
201939,"Stephen Curry","1610612744","Golden State Warriors",2015,"0021401059","20150324",3.8,22.25,FALSE
201939,"Stephen Curry","1610612744","Golden State Warriors",2015,"0021401059","20150324",0,5.35,TRUE
201939,"Stephen Curry","1610612744","Golden State Warriors",2015,"0021401059","20150324",0.5,4.75,TRUE
201939,"Stephen Curry","1610612744","Golden State Warriors",2015,"0021401059","20150324",7,31.25,FALSE
201939,"Stephen Curry","1610612744","Golden State Warriors",2015,"0021401059","20150324",23.2,3.55,TRUE
201939,"Stephen Curry","1610612744","Golden State Warriors",2015,"0021401059","20150324",0.4,17.15,TRUE
201939,"Stephen Curry","1610612744","Golden State Warriors",2015,"0021401059","20150324",-0.1,31.05,FALSE
201939,"Stephen Curry","1610612744","Golden State Warriors",2015,"0021401059","20150324",23.9,9.45,TRUE
201939,"Stephen Curry","1610612744","Golden State Warriors",2015,"0021401059","20150324",-1.8,23.85,FALSE
201939,"Stephen Curry","1610612744","Golden State Warriors",2015,"0021401059","20150324",-17.7,22.55,TRUE
201939,"Stephen Curry","1610612744","Golden State Warriors",2015,"0021401059","20150324",-6.1,7.45,TRUE
201939,"Stephen Curry","1610612744","Golden State Warriors",2015,"0021401059","20150324",0,6.75,TRUE
201939,"Stephen Curry","1610612744","Golden State Warriors",2015,"0021401059","20150324",3.5,30.75,FALSE
201939,"Stephen Curry","1610612744","Golden State Warriors",2015,"0021401082","20150327",-12.7,22.85,TRUE
201939,"Stephen Curry","1610612744","Golden State Warriors",2015,"0021401082","20150327",-17.1,25.05,FALSE
201939,"Stephen Curry","1610612744","Golden State Warriors",2015,"0021401082","20150327",-8.9,8.05,FALSE
201939,"Stephen Curry","1610612744","Golden State Warriors",2015,"0021401082","20150327",23.5,6.65,TRUE
201939,"Stephen Curry","1610612744","Golden State Warriors",2015,"0021401082","20150327",-14.9,26.65,TRUE
201939,"Stephen Curry","1610612744","Golden State Warriors",2015,"0021401082","20150327",-12.9,22.45,FALSE
201939,"Stephen Curry","1610612744","Golden State Warriors",2015,"0021401082","20150327",-4.2,11.35,FALSE
201939,"Stephen Curry","1610612744","Golden State Warriors",2015,"0021401082","20150327",-1,5.35,FALSE
201939,"Stephen Curry","1610612744","Golden State Warriors",2015,"0021401082","20150327",-22.8,7.25,TRUE
201939,"Stephen Curry","1610612744","Golden State Warriors",2015,"0021401082","20150327",14.7,19.85,FALSE
201939,"Stephen Curry","1610612744","Golden State Warriors",2015,"0021401082","20150327",-0.7,5.25,TRUE
201939,"Stephen Curry","1610612744","Golden State Warriors",2015,"0021401082","20150327",10,8.85,TRUE
201939,"Stephen Curry","1610612744","Golden State Warriors",2015,"0021401082","20150327",22.3,8.65,TRUE
201939,"Stephen Curry","1610612744","Golden State Warriors",2015,"0021401082","20150327",-16.3,28.05,TRUE
201939,"Stephen Curry","1610612744","Golden State Warriors",2015,"0021401082","20150327",-0.1,5.35,TRUE
201939,"Stephen Curry","1610612744","Golden State Warriors",2015,"0021401082","20150327",2.1,31.25,TRUE
201939,"Stephen Curry","1610612744","Golden State Warriors",2015,"0021401082","20150327",9.7,28.55,FALSE
201939,"Stephen Curry","1610612744","Golden State Warriors",2015,"0021401082","20150327",-23.4,8.55,TRUE
201939,"Stephen Curry","1610612744","Golden State Warriors",2015,"0021401082","20150327",-13.5,29.45,FALSE
201939,"Stephen Curry","1610612744","Golden State Warriors",2015,"0021401082","20150327",-12.4,16.75,FALSE
201939,"Stephen Curry","1610612744","Golden State Warriors",2015,"0021401082","20150327",-10.3,29.15,TRUE
201939,"Stephen Curry","1610612744","Golden State Warriors",2015,"0021401082","20150327",16.3,26.55,FALSE
201939,"Stephen Curry","1610612744","Golden State Warriors",2015,"0021401089","20150328",-21.4,18.95,TRUE
201939,"Stephen Curry","1610612744","Golden State Warriors",2015,"0021401089","20150328",0.5,30.75,FALSE
201939,"Stephen Curry","1610612744","Golden State Warriors",2015,"0021401089","20150328",-23.7,4.65,FALSE
201939,"Stephen Curry","1610612744","Golden State Warriors",2015,"0021401089","20150328",0.2,5.25,TRUE
201939,"Stephen Curry","1610612744","Golden State Warriors",2015,"0021401089","20150328",-14.3,27.15,TRUE
201939,"Stephen Curry","1610612744","Golden State Warriors",2015,"0021401089","20150328",-21.2,29.15,FALSE
201939,"Stephen Curry","1610612744","Golden State Warriors",2015,"0021401089","20150328",-11.6,26.95,TRUE
201939,"Stephen Curry","1610612744","Golden State Warriors",2015,"0021401089","20150328",22.9,14.15,TRUE
201939,"Stephen Curry","1610612744","Golden State Warriors",2015,"0021401089","20150328",-10.2,12.75,FALSE
201939,"Stephen Curry","1610612744","Golden State Warriors",2015,"0021401089","20150328",-23,7.45,TRUE
201939,"Stephen Curry","1610612744","Golden State Warriors",2015,"0021401089","20150328",0,5.55,FALSE
201939,"Stephen Curry","1610612744","Golden State Warriors",2015,"0021401089","20150328",-0.4,6.65,TRUE
201939,"Stephen Curry","1610612744","Golden State Warriors",2015,"0021401089","20150328",21.7,18.65,TRUE
201939,"Stephen Curry","1610612744","Golden State Warriors",2015,"0021401111","20150331",23.2,5.85,TRUE
201939,"Stephen Curry","1610612744","Golden State Warriors",2015,"0021401111","20150331",-12.5,28.75,FALSE
201939,"Stephen Curry","1610612744","Golden State Warriors",2015,"0021401111","20150331",-1,5.25,FALSE
201939,"Stephen Curry","1610612744","Golden State Warriors",2015,"0021401111","20150331",-12.5,20.85,FALSE
201939,"Stephen Curry","1610612744","Golden State Warriors",2015,"0021401111","20150331",-7.2,29.45,TRUE
201939,"Stephen Curry","1610612744","Golden State Warriors",2015,"0021401111","20150331",-22.6,12.35,TRUE
201939,"Stephen Curry","1610612744","Golden State Warriors",2015,"0021401111","20150331",10.3,5.05,TRUE
201939,"Stephen Curry","1610612744","Golden State Warriors",2015,"0021401111","20150331",-7.5,11.35,FALSE
201939,"Stephen Curry","1610612744","Golden State Warriors",2015,"0021401111","20150331",-1.8,5.35,TRUE
201939,"Stephen Curry","1610612744","Golden State Warriors",2015,"0021401111","20150331",-18.5,13.45,TRUE
201939,"Stephen Curry","1610612744","Golden State Warriors",2015,"0021401111","20150331",7.5,26.55,TRUE
201939,"Stephen Curry","1610612744","Golden State Warriors",2015,"0021401111","20150331",-21.4,20.55,TRUE
201939,"Stephen Curry","1610612744","Golden State Warriors",2015,"0021401111","20150331",-23.1,4.95,FALSE
201939,"Stephen Curry","1610612744","Golden State Warriors",2015,"0021401111","20150331",6.5,19.25,FALSE
201939,"Stephen Curry","1610612744","Golden State Warriors",2015,"0021401111","20150331",-15.1,10.55,FALSE
201939,"Stephen Curry","1610612744","Golden State Warriors",2015,"0021401126","20150402",-9.2,6.75,FALSE
201939,"Stephen Curry","1610612744","Golden State Warriors",2015,"0021401126","20150402",-23.4,11.85,FALSE
201939,"Stephen Curry","1610612744","Golden State Warriors",2015,"0021401126","20150402",5.2,30.65,FALSE
201939,"Stephen Curry","1610612744","Golden State Warriors",2015,"0021401126","20150402",1.6,6.95,FALSE
201939,"Stephen Curry","1610612744","Golden State Warriors",2015,"0021401126","20150402",-13.6,28.75,TRUE
201939,"Stephen Curry","1610612744","Golden State Warriors",2015,"0021401126","20150402",4.6,14.85,TRUE
201939,"Stephen Curry","1610612744","Golden State Warriors",2015,"0021401126","20150402",-19.5,7.25,FALSE
201939,"Stephen Curry","1610612744","Golden State Warriors",2015,"0021401126","20150402",-0.2,15.65,FALSE
201939,"Stephen Curry","1610612744","Golden State Warriors",2015,"0021401126","20150402",-23.3,5.65,TRUE
201939,"Stephen Curry","1610612744","Golden State Warriors",2015,"0021401126","20150402",-1.2,6.45,TRUE
201939,"Stephen Curry","1610612744","Golden State Warriors",2015,"0021401126","20150402",-0.2,19.75,TRUE
201939,"Stephen Curry","1610612744","Golden State Warriors",2015,"0021401126","20150402",-23.3,13.45,TRUE
201939,"Stephen Curry","1610612744","Golden State Warriors",2015,"0021401126","20150402",-3.2,21.15,FALSE
201939,"Stephen Curry","1610612744","Golden State Warriors",2015,"0021401126","20150402",14.1,21.95,TRUE
201939,"Stephen Curry","1610612744","Golden State Warriors",2015,"0021401126","20150402",1.8,14.05,FALSE
201939,"Stephen Curry","1610612744","Golden State Warriors",2015,"0021401126","20150402",-6.4,30.65,TRUE
201939,"Stephen Curry","1610612744","Golden State Warriors",2015,"0021401126","20150402",-20.3,21.95,FALSE
201939,"Stephen Curry","1610612744","Golden State Warriors",2015,"0021401126","20150402",-12.1,27.75,TRUE
201939,"Stephen Curry","1610612744","Golden State Warriors",2015,"0021401126","20150402",-12.1,28.25,FALSE
201939,"Stephen Curry","1610612744","Golden State Warriors",2015,"0021401126","20150402",-20.6,19.75,FALSE
201939,"Stephen Curry","1610612744","Golden State Warriors",2015,"0021401126","20150402",-4.8,7.85,FALSE
201939,"Stephen Curry","1610612744","Golden State Warriors",2015,"0021401126","20150402",-22.8,16.25,TRUE
201939,"Stephen Curry","1610612744","Golden State Warriors",2015,"0021401142","20150404",-4.7,5.85,TRUE
201939,"Stephen Curry","1610612744","Golden State Warriors",2015,"0021401142","20150404",-4.5,17.35,FALSE
201939,"Stephen Curry","1610612744","Golden State Warriors",2015,"0021401142","20150404",0.5,5.25,TRUE
201939,"Stephen Curry","1610612744","Golden State Warriors",2015,"0021401142","20150404",-22.6,5.85,TRUE
201939,"Stephen Curry","1610612744","Golden State Warriors",2015,"0021401142","20150404",-11.9,28.85,FALSE
201939,"Stephen Curry","1610612744","Golden State Warriors",2015,"0021401142","20150404",-0.6,9.65,FALSE
201939,"Stephen Curry","1610612744","Golden State Warriors",2015,"0021401142","20150404",16.9,23.05,FALSE
201939,"Stephen Curry","1610612744","Golden State Warriors",2015,"0021401142","20150404",2.1,5.25,TRUE
201939,"Stephen Curry","1610612744","Golden State Warriors",2015,"0021401142","20150404",-5.6,5.65,FALSE
201939,"Stephen Curry","1610612744","Golden State Warriors",2015,"0021401142","20150404",2.4,7.45,FALSE
201939,"Stephen Curry","1610612744","Golden State Warriors",2015,"0021401142","20150404",1.3,10.45,FALSE
201939,"Stephen Curry","1610612744","Golden State Warriors",2015,"0021401142","20150404",-9.5,27.75,FALSE
201939,"Stephen Curry","1610612744","Golden State Warriors",2015,"0021401150","20150405",17.1,11.55,FALSE
201939,"Stephen Curry","1610612744","Golden State Warriors",2015,"0021401150","20150405",-4,5.85,TRUE
201939,"Stephen Curry","1610612744","Golden State Warriors",2015,"0021401150","20150405",-1.3,5.35,FALSE
201939,"Stephen Curry","1610612744","Golden State Warriors",2015,"0021401150","20150405",-17.3,23.55,FALSE
201939,"Stephen Curry","1610612744","Golden State Warriors",2015,"0021401150","20150405",-9.2,28.55,TRUE
201939,"Stephen Curry","1610612744","Golden State Warriors",2015,"0021401150","20150405",-2.1,29.85,TRUE
201939,"Stephen Curry","1610612744","Golden State Warriors",2015,"0021401150","20150405",-0.6,6.45,TRUE
201939,"Stephen Curry","1610612744","Golden State Warriors",2015,"0021401150","20150405",-1.7,24.25,FALSE
201939,"Stephen Curry","1610612744","Golden State Warriors",2015,"0021401150","20150405",6,29.45,FALSE
201939,"Stephen Curry","1610612744","Golden State Warriors",2015,"0021401150","20150405",24.2,4.45,TRUE
201939,"Stephen Curry","1610612744","Golden State Warriors",2015,"0021401150","20150405",-2.8,25.85,TRUE
201939,"Stephen Curry","1610612744","Golden State Warriors",2015,"0021401150","20150405",-8.4,28.35,TRUE
201939,"Stephen Curry","1610612744","Golden State Warriors",2015,"0021401150","20150405",-0.6,5.35,TRUE
201939,"Stephen Curry","1610612744","Golden State Warriors",2015,"0021401150","20150405",-2.6,30.45,TRUE
201939,"Stephen Curry","1610612744","Golden State Warriors",2015,"0021401150","20150405",-6.1,31.25,FALSE
201939,"Stephen Curry","1610612744","Golden State Warriors",2015,"0021401150","20150405",-16.5,28.75,FALSE
201939,"Stephen Curry","1610612744","Golden State Warriors",2015,"0021401150","20150405",20.2,40.55,FALSE
201939,"Stephen Curry","1610612744","Golden State Warriors",2015,"0021401156","20150407",-9.4,26.85,FALSE
201939,"Stephen Curry","1610612744","Golden State Warriors",2015,"0021401156","20150407",-12.9,23.55,TRUE
201939,"Stephen Curry","1610612744","Golden State Warriors",2015,"0021401156","20150407",-12.2,16.85,FALSE
201939,"Stephen Curry","1610612744","Golden State Warriors",2015,"0021401156","20150407",0,5.35,TRUE
201939,"Stephen Curry","1610612744","Golden State Warriors",2015,"0021401156","20150407",-14.4,26.55,TRUE
201939,"Stephen Curry","1610612744","Golden State Warriors",2015,"0021401156","20150407",1,20.35,FALSE
201939,"Stephen Curry","1610612744","Golden State Warriors",2015,"0021401156","20150407",-2.1,30.75,TRUE
201939,"Stephen Curry","1610612744","Golden State Warriors",2015,"0021401156","20150407",-9.1,29.95,TRUE
201939,"Stephen Curry","1610612744","Golden State Warriors",2015,"0021401156","20150407",-14.7,26.15,TRUE
201939,"Stephen Curry","1610612744","Golden State Warriors",2015,"0021401156","20150407",-0.9,6.15,FALSE
201939,"Stephen Curry","1610612744","Golden State Warriors",2015,"0021401156","20150407",16.6,23.85,FALSE
201939,"Stephen Curry","1610612744","Golden State Warriors",2015,"0021401156","20150407",0,6.45,FALSE
201939,"Stephen Curry","1610612744","Golden State Warriors",2015,"0021401156","20150407",3.4,33.95,FALSE
201939,"Stephen Curry","1610612744","Golden State Warriors",2015,"0021401156","20150407",-3.9,14.35,TRUE
201939,"Stephen Curry","1610612744","Golden State Warriors",2015,"0021401156","20150407",0,4.75,TRUE
201939,"Stephen Curry","1610612744","Golden State Warriors",2015,"0021401156","20150407",12.5,30.75,TRUE
201939,"Stephen Curry","1610612744","Golden State Warriors",2015,"0021401156","20150407",2.7,13.25,FALSE
201939,"Stephen Curry","1610612744","Golden State Warriors",2015,"0021401156","20150407",-14.6,29.35,FALSE
201939,"Stephen Curry","1610612744","Golden State Warriors",2015,"0021401174","20150409",10.9,29.85,TRUE
201939,"Stephen Curry","1610612744","Golden State Warriors",2015,"0021401174","20150409",19.3,25.85,TRUE
201939,"Stephen Curry","1610612744","Golden State Warriors",2015,"0021401174","20150409",5.2,30.45,FALSE
201939,"Stephen Curry","1610612744","Golden State Warriors",2015,"0021401174","20150409",-12.5,28.55,TRUE
201939,"Stephen Curry","1610612744","Golden State Warriors",2015,"0021401174","20150409",19,24.65,FALSE
201939,"Stephen Curry","1610612744","Golden State Warriors",2015,"0021401174","20150409",11.7,28.85,FALSE
201939,"Stephen Curry","1610612744","Golden State Warriors",2015,"0021401174","20150409",-1,5.85,TRUE
201939,"Stephen Curry","1610612744","Golden State Warriors",2015,"0021401174","20150409",22.3,10.75,FALSE
201939,"Stephen Curry","1610612744","Golden State Warriors",2015,"0021401174","20150409",1.5,30.65,TRUE
201939,"Stephen Curry","1610612744","Golden State Warriors",2015,"0021401174","20150409",12.7,29.85,TRUE
201939,"Stephen Curry","1610612744","Golden State Warriors",2015,"0021401174","20150409",19.4,21.65,TRUE
201939,"Stephen Curry","1610612744","Golden State Warriors",2015,"0021401174","20150409",-0.7,7.45,TRUE
201939,"Stephen Curry","1610612744","Golden State Warriors",2015,"0021401174","20150409",1.1,6.45,TRUE
201939,"Stephen Curry","1610612744","Golden State Warriors",2015,"0021401174","20150409",23.2,6.65,FALSE
201939,"Stephen Curry","1610612744","Golden State Warriors",2015,"0021401174","20150409",-1.8,6.75,TRUE
201939,"Stephen Curry","1610612744","Golden State Warriors",2015,"0021401174","20150409",-1.2,7.55,FALSE
201939,"Stephen Curry","1610612744","Golden State Warriors",2015,"0021401174","20150409",-9.4,12.75,TRUE
201939,"Stephen Curry","1610612744","Golden State Warriors",2015,"0021401174","20150409",-13.8,27.95,TRUE
201939,"Stephen Curry","1610612744","Golden State Warriors",2015,"0021401174","20150409",-13.6,18.15,TRUE
201939,"Stephen Curry","1610612744","Golden State Warriors",2015,"0021401174","20150409",1.6,6.15,TRUE
201939,"Stephen Curry","1610612744","Golden State Warriors",2015,"0021401174","20150409",-17.3,10.85,TRUE
201939,"Stephen Curry","1610612744","Golden State Warriors",2015,"0021401174","20150409",1.5,6.95,TRUE
201939,"Stephen Curry","1610612744","Golden State Warriors",2015,"0021401174","20150409",-13.2,30.15,TRUE
201939,"Stephen Curry","1610612744","Golden State Warriors",2015,"0021401192","20150411",-7.7,29.45,TRUE
201939,"Stephen Curry","1610612744","Golden State Warriors",2015,"0021401192","20150411",9.2,31.85,FALSE
201939,"Stephen Curry","1610612744","Golden State Warriors",2015,"0021401192","20150411",23.2,7.85,TRUE
201939,"Stephen Curry","1610612744","Golden State Warriors",2015,"0021401192","20150411",-2.1,28.05,FALSE
201939,"Stephen Curry","1610612744","Golden State Warriors",2015,"0021401192","20150411",2.3,9.65,FALSE
201939,"Stephen Curry","1610612744","Golden State Warriors",2015,"0021401192","20150411",20.2,19.75,TRUE
201939,"Stephen Curry","1610612744","Golden State Warriors",2015,"0021401192","20150411",4.1,31.05,FALSE
201939,"Stephen Curry","1610612744","Golden State Warriors",2015,"0021401192","20150411",-10.2,22.25,TRUE
201939,"Stephen Curry","1610612744","Golden State Warriors",2015,"0021401192","20150411",-1,7.45,TRUE
201939,"Stephen Curry","1610612744","Golden State Warriors",2015,"0021401192","20150411",-23.7,5.65,TRUE
201939,"Stephen Curry","1610612744","Golden State Warriors",2015,"0021401192","20150411",16,5.65,TRUE
201939,"Stephen Curry","1610612744","Golden State Warriors",2015,"0021401192","20150411",15.7,27.15,FALSE
201939,"Stephen Curry","1610612744","Golden State Warriors",2015,"0021401192","20150411",0.6,7.45,FALSE
201939,"Stephen Curry","1610612744","Golden State Warriors",2015,"0021401192","20150411",-23.1,9.65,FALSE
201939,"Stephen Curry","1610612744","Golden State Warriors",2015,"0021401192","20150411",0.5,6.65,TRUE
201939,"Stephen Curry","1610612744","Golden State Warriors",2015,"0021401192","20150411",0.5,10.05,FALSE
201939,"Stephen Curry","1610612744","Golden State Warriors",2015,"0021401192","20150411",-9.9,30.25,TRUE
201939,"Stephen Curry","1610612744","Golden State Warriors",2015,"0021401192","20150411",-0.7,11.25,TRUE
201939,"Stephen Curry","1610612744","Golden State Warriors",2015,"0021401192","20150411",-8.9,29.05,FALSE
201939,"Stephen Curry","1610612744","Golden State Warriors",2015,"0021401192","20150411",-1.7,6.45,TRUE
201939,"Stephen Curry","1610612744","Golden State Warriors",2015,"0021401192","20150411",-9.9,31.25,FALSE
201939,"Stephen Curry","1610612744","Golden State Warriors",2015,"0021401212","20150413",-11.6,23.35,TRUE
201939,"Stephen Curry","1610612744","Golden State Warriors",2015,"0021401212","20150413",-1.3,6.35,TRUE
201939,"Stephen Curry","1610612744","Golden State Warriors",2015,"0021401212","20150413",-17.9,24.45,TRUE
201939,"Stephen Curry","1610612744","Golden State Warriors",2015,"0021401212","20150413",-13.8,21.15,TRUE
201939,"Stephen Curry","1610612744","Golden State Warriors",2015,"0021401212","20150413",-11.3,29.35,FALSE
201939,"Stephen Curry","1610612744","Golden State Warriors",2015,"0021401212","20150413",20.2,9.45,FALSE
201939,"Stephen Curry","1610612744","Golden State Warriors",2015,"0021401212","20150413",-11.4,31.05,TRUE
201939,"Stephen Curry","1610612744","Golden State Warriors",2015,"0021401212","20150413",-4.7,31.35,FALSE
201939,"Stephen Curry","1610612744","Golden State Warriors",2015,"0021401212","20150413",-22.5,17.55,TRUE
201939,"Stephen Curry","1610612744","Golden State Warriors",2015,"0021401212","20150413",-2.1,50.75,FALSE
201939,"Stephen Curry","1610612744","Golden State Warriors",2015,"0021401229","20150415",-0.4,10.85,FALSE
201939,"Stephen Curry","1610612744","Golden State Warriors",2015,"0021401229","20150415",-4.8,16.05,TRUE
201939,"Stephen Curry","1610612744","Golden State Warriors",2015,"0021401229","20150415",-5.3,26.65,FALSE
201939,"Stephen Curry","1610612744","Golden State Warriors",2015,"0021401229","20150415",-5.6,30.25,FALSE
201939,"Stephen Curry","1610612744","Golden State Warriors",2015,"0021401229","20150415",9.3,31.25,TRUE
201939,"Stephen Curry","1610612744","Golden State Warriors",2015,"0021401229","20150415",1,6.65,TRUE
201939,"Stephen Curry","1610612744","Golden State Warriors",2015,"0021401229","20150415",14.6,21.95,FALSE
201939,"Stephen Curry","1610612744","Golden State Warriors",2015,"0021401229","20150415",19,27.75,FALSE
201939,"Stephen Curry","1610612744","Golden State Warriors",2015,"0021401229","20150415",-13.5,22.05,FALSE
201939,"Stephen Curry","1610612744","Golden State Warriors",2015,"0021401229","20150415",-12.9,27.75,TRUE
201939,"Stephen Curry","1610612744","Golden State Warriors",2016,"0021500003","20151027",-1.2,8.35,TRUE
201939,"Stephen Curry","1610612744","Golden State Warriors",2016,"0021500003","20151027",17.6,24.75,FALSE
201939,"Stephen Curry","1610612744","Golden State Warriors",2016,"0021500003","20151027",-2,6.15,FALSE
201939,"Stephen Curry","1610612744","Golden State Warriors",2016,"0021500003","20151027",19.7,24.55,TRUE
201939,"Stephen Curry","1610612744","Golden State Warriors",2016,"0021500003","20151027",0.4,6.05,TRUE
201939,"Stephen Curry","1610612744","Golden State Warriors",2016,"0021500003","20151027",1.1,31.15,TRUE
201939,"Stephen Curry","1610612744","Golden State Warriors",2016,"0021500003","20151027",11.7,24.05,TRUE
201939,"Stephen Curry","1610612744","Golden State Warriors",2016,"0021500003","20151027",17.9,28.05,TRUE
201939,"Stephen Curry","1610612744","Golden State Warriors",2016,"0021500003","20151027",-8.9,29.15,TRUE
201939,"Stephen Curry","1610612744","Golden State Warriors",2016,"0021500003","20151027",15.6,28.45,FALSE
201939,"Stephen Curry","1610612744","Golden State Warriors",2016,"0021500003","20151027",1.9,7.35,TRUE
201939,"Stephen Curry","1610612744","Golden State Warriors",2016,"0021500003","20151027",-1.2,7.05,TRUE
201939,"Stephen Curry","1610612744","Golden State Warriors",2016,"0021500003","20151027",18.6,39.75,FALSE
201939,"Stephen Curry","1610612744","Golden State Warriors",2016,"0021500003","20151027",-16.4,23.75,FALSE
201939,"Stephen Curry","1610612744","Golden State Warriors",2016,"0021500003","20151027",9.6,13.75,TRUE
201939,"Stephen Curry","1610612744","Golden State Warriors",2016,"0021500003","20151027",-16.6,22.65,FALSE
201939,"Stephen Curry","1610612744","Golden State Warriors",2016,"0021500003","20151027",-20.4,20.35,FALSE
201939,"Stephen Curry","1610612744","Golden State Warriors",2016,"0021500003","20151027",0.9,6.05,TRUE
201939,"Stephen Curry","1610612744","Golden State Warriors",2016,"0021500003","20151027",-1,6.35,TRUE
201939,"Stephen Curry","1610612744","Golden State Warriors",2016,"0021500003","20151027",0.7,6.55,TRUE
201939,"Stephen Curry","1610612744","Golden State Warriors",2016,"0021500003","20151027",-4.2,11.35,FALSE
201939,"Stephen Curry","1610612744","Golden State Warriors",2016,"0021500003","20151027",-16.1,25.55,FALSE
201939,"Stephen Curry","1610612744","Golden State Warriors",2016,"0021500003","20151027",-2,7.55,FALSE
201939,"Stephen Curry","1610612744","Golden State Warriors",2016,"0021500003","20151027",-18.4,22.25,TRUE
201939,"Stephen Curry","1610612744","Golden State Warriors",2016,"0021500003","20151027",12.2,9.55,FALSE
201939,"Stephen Curry","1610612744","Golden State Warriors",2016,"0021500003","20151027",-0.6,5.95,FALSE
201939,"Stephen Curry","1610612744","Golden State Warriors",2016,"0021500030","20151030",10.9,20.65,FALSE
201939,"Stephen Curry","1610612744","Golden State Warriors",2016,"0021500030","20151030",-20.9,17.65,TRUE
201939,"Stephen Curry","1610612744","Golden State Warriors",2016,"0021500030","20151030",-22.8,13.95,TRUE
201939,"Stephen Curry","1610612744","Golden State Warriors",2016,"0021500030","20151030",5.2,34.05,TRUE
201939,"Stephen Curry","1610612744","Golden State Warriors",2016,"0021500030","20151030",12.9,26.65,FALSE
201939,"Stephen Curry","1610612744","Golden State Warriors",2016,"0021500030","20151030",-22.2,15.85,FALSE
201939,"Stephen Curry","1610612744","Golden State Warriors",2016,"0021500030","20151030",23.5,3.65,FALSE
201939,"Stephen Curry","1610612744","Golden State Warriors",2016,"0021500030","20151030",24,15.25,TRUE
201939,"Stephen Curry","1610612744","Golden State Warriors",2016,"0021500030","20151030",-1.4,5.15,TRUE
201939,"Stephen Curry","1610612744","Golden State Warriors",2016,"0021500030","20151030",11.5,27.65,FALSE
201939,"Stephen Curry","1610612744","Golden State Warriors",2016,"0021500030","20151030",-3.5,12.75,TRUE
201939,"Stephen Curry","1610612744","Golden State Warriors",2016,"0021500030","20151030",4.3,16.25,TRUE
201939,"Stephen Curry","1610612744","Golden State Warriors",2016,"0021500030","20151030",-1,5.45,TRUE
201939,"Stephen Curry","1610612744","Golden State Warriors",2016,"0021500030","20151030",2.5,6.55,TRUE
201939,"Stephen Curry","1610612744","Golden State Warriors",2016,"0021500030","20151030",-8.7,28.15,FALSE
201939,"Stephen Curry","1610612744","Golden State Warriors",2016,"0021500035","20151031",-19.7,29.65,TRUE
201939,"Stephen Curry","1610612744","Golden State Warriors",2016,"0021500035","20151031",-7.6,31.65,FALSE
201939,"Stephen Curry","1610612744","Golden State Warriors",2016,"0021500035","20151031",2.2,24.05,TRUE
201939,"Stephen Curry","1610612744","Golden State Warriors",2016,"0021500035","20151031",-18.1,28.45,TRUE
201939,"Stephen Curry","1610612744","Golden State Warriors",2016,"0021500035","20151031",-12.2,29.15,FALSE
201939,"Stephen Curry","1610612744","Golden State Warriors",2016,"0021500035","20151031",7.3,13.25,FALSE
201939,"Stephen Curry","1610612744","Golden State Warriors",2016,"0021500035","20151031",-1.9,14.25,TRUE
201939,"Stephen Curry","1610612744","Golden State Warriors",2016,"0021500035","20151031",-23.6,4.15,FALSE
201939,"Stephen Curry","1610612744","Golden State Warriors",2016,"0021500035","20151031",7.8,30.15,FALSE
201939,"Stephen Curry","1610612744","Golden State Warriors",2016,"0021500035","20151031",14.2,29.95,TRUE
201939,"Stephen Curry","1610612744","Golden State Warriors",2016,"0021500035","20151031",22.5,17.25,TRUE
201939,"Stephen Curry","1610612744","Golden State Warriors",2016,"0021500035","20151031",18.1,24.05,TRUE
201939,"Stephen Curry","1610612744","Golden State Warriors",2016,"0021500035","20151031",-13.7,11.35,TRUE
201939,"Stephen Curry","1610612744","Golden State Warriors",2016,"0021500035","20151031",11.9,23.25,FALSE
201939,"Stephen Curry","1610612744","Golden State Warriors",2016,"0021500035","20151031",0.1,6.85,TRUE
201939,"Stephen Curry","1610612744","Golden State Warriors",2016,"0021500035","20151031",-18.7,22.25,TRUE
201939,"Stephen Curry","1610612744","Golden State Warriors",2016,"0021500035","20151031",-0.2,7.55,TRUE
201939,"Stephen Curry","1610612744","Golden State Warriors",2016,"0021500035","20151031",-1.7,6.05,TRUE
201939,"Stephen Curry","1610612744","Golden State Warriors",2016,"0021500035","20151031",-1,6.05,TRUE
201939,"Stephen Curry","1610612744","Golden State Warriors",2016,"0021500035","20151031",-19.4,23.75,TRUE
201939,"Stephen Curry","1610612744","Golden State Warriors",2016,"0021500035","20151031",-3.8,31.95,FALSE
201939,"Stephen Curry","1610612744","Golden State Warriors",2016,"0021500035","20151031",15.8,8.35,TRUE
201939,"Stephen Curry","1610612744","Golden State Warriors",2016,"0021500035","20151031",2.5,19.15,FALSE
201939,"Stephen Curry","1610612744","Golden State Warriors",2016,"0021500035","20151031",-12.3,6.35,TRUE
201939,"Stephen Curry","1610612744","Golden State Warriors",2016,"0021500035","20151031",14.5,31.15,TRUE
201939,"Stephen Curry","1610612744","Golden State Warriors",2016,"0021500035","20151031",-22.2,15.25,FALSE
201939,"Stephen Curry","1610612744","Golden State Warriors",2016,"0021500035","20151031",9.6,5.45,FALSE
201939,"Stephen Curry","1610612744","Golden State Warriors",2016,"0021500051","20151102",21,24.05,TRUE
201939,"Stephen Curry","1610612744","Golden State Warriors",2016,"0021500051","20151102",16,17.25,TRUE
201939,"Stephen Curry","1610612744","Golden State Warriors",2016,"0021500051","20151102",2,29.95,FALSE
201939,"Stephen Curry","1610612744","Golden State Warriors",2016,"0021500051","20151102",20.2,23.55,FALSE
201939,"Stephen Curry","1610612744","Golden State Warriors",2016,"0021500051","20151102",-6.9,28.95,FALSE
201939,"Stephen Curry","1610612744","Golden State Warriors",2016,"0021500051","20151102",-2.8,7.35,FALSE
201939,"Stephen Curry","1610612744","Golden State Warriors",2016,"0021500051","20151102",-16.3,25.55,FALSE
201939,"Stephen Curry","1610612744","Golden State Warriors",2016,"0021500051","20151102",0.7,11.45,TRUE
201939,"Stephen Curry","1610612744","Golden State Warriors",2016,"0021500051","20151102",-16.4,9.35,TRUE
201939,"Stephen Curry","1610612744","Golden State Warriors",2016,"0021500051","20151102",14.3,26.25,TRUE
201939,"Stephen Curry","1610612744","Golden State Warriors",2016,"0021500051","20151102",0.9,5.95,FALSE
201939,"Stephen Curry","1610612744","Golden State Warriors",2016,"0021500051","20151102",0.6,7.85,TRUE
201939,"Stephen Curry","1610612744","Golden State Warriors",2016,"0021500051","20151102",-0.9,7.85,TRUE
201939,"Stephen Curry","1610612744","Golden State Warriors",2016,"0021500051","20151102",-23.2,14.75,TRUE
201939,"Stephen Curry","1610612744","Golden State Warriors",2016,"0021500051","20151102",-22.8,4.75,TRUE
201939,"Stephen Curry","1610612744","Golden State Warriors",2016,"0021500051","20151102",-1.2,14.95,TRUE
201939,"Stephen Curry","1610612744","Golden State Warriors",2016,"0021500069","20151104",4.3,29.95,TRUE
201939,"Stephen Curry","1610612744","Golden State Warriors",2016,"0021500069","20151104",15.1,27.55,TRUE
201939,"Stephen Curry","1610612744","Golden State Warriors",2016,"0021500069","20151104",12.2,31.65,TRUE
201939,"Stephen Curry","1610612744","Golden State Warriors",2016,"0021500069","20151104",-10.1,20.65,FALSE
201939,"Stephen Curry","1610612744","Golden State Warriors",2016,"0021500069","20151104",23.5,5.55,FALSE
201939,"Stephen Curry","1610612744","Golden State Warriors",2016,"0021500069","20151104",-4.3,29.95,TRUE
201939,"Stephen Curry","1610612744","Golden State Warriors",2016,"0021500069","20151104",-5.3,20.65,FALSE
201939,"Stephen Curry","1610612744","Golden State Warriors",2016,"0021500069","20151104",-12.8,32.45,FALSE
201939,"Stephen Curry","1610612744","Golden State Warriors",2016,"0021500069","20151104",0.3,5.65,FALSE
201939,"Stephen Curry","1610612744","Golden State Warriors",2016,"0021500069","20151104",5.6,29.95,FALSE
201939,"Stephen Curry","1610612744","Golden State Warriors",2016,"0021500069","20151104",0.4,13.75,FALSE
201939,"Stephen Curry","1610612744","Golden State Warriors",2016,"0021500069","20151104",-16.3,25.55,FALSE
201939,"Stephen Curry","1610612744","Golden State Warriors",2016,"0021500069","20151104",9.1,28.05,TRUE
201939,"Stephen Curry","1610612744","Golden State Warriors",2016,"0021500069","20151104",-10.1,30.15,TRUE
201939,"Stephen Curry","1610612744","Golden State Warriors",2016,"0021500069","20151104",-12,16.35,FALSE
201939,"Stephen Curry","1610612744","Golden State Warriors",2016,"0021500069","20151104",19.4,16.35,TRUE
201939,"Stephen Curry","1610612744","Golden State Warriors",2016,"0021500069","20151104",7.4,30.95,TRUE
201939,"Stephen Curry","1610612744","Golden State Warriors",2016,"0021500083","20151106",-19.5,21.15,FALSE
201939,"Stephen Curry","1610612744","Golden State Warriors",2016,"0021500083","20151106",-1,5.45,FALSE
201939,"Stephen Curry","1610612744","Golden State Warriors",2016,"0021500083","20151106",-21.2,19.15,TRUE
201939,"Stephen Curry","1610612744","Golden State Warriors",2016,"0021500083","20151106",-21.3,20.15,FALSE
201939,"Stephen Curry","1610612744","Golden State Warriors",2016,"0021500083","20151106",19.6,23.55,TRUE
201939,"Stephen Curry","1610612744","Golden State Warriors",2016,"0021500083","20151106",8.1,30.45,TRUE
201939,"Stephen Curry","1610612744","Golden State Warriors",2016,"0021500083","20151106",-8.7,18.65,FALSE
201939,"Stephen Curry","1610612744","Golden State Warriors",2016,"0021500083","20151106",-23.3,5.15,FALSE
201939,"Stephen Curry","1610612744","Golden State Warriors",2016,"0021500083","20151106",-13.8,28.05,TRUE
201939,"Stephen Curry","1610612744","Golden State Warriors",2016,"0021500083","20151106",21.2,49.15,FALSE
201939,"Stephen Curry","1610612744","Golden State Warriors",2016,"0021500083","20151106",1.2,7.35,TRUE
201939,"Stephen Curry","1610612744","Golden State Warriors",2016,"0021500083","20151106",-15.9,25.25,TRUE
201939,"Stephen Curry","1610612744","Golden State Warriors",2016,"0021500083","20151106",21.2,18.65,TRUE
201939,"Stephen Curry","1610612744","Golden State Warriors",2016,"0021500083","20151106",6.6,31.45,FALSE
201939,"Stephen Curry","1610612744","Golden State Warriors",2016,"0021500083","20151106",-23.6,6.05,FALSE
201939,"Stephen Curry","1610612744","Golden State Warriors",2016,"0021500083","20151106",-22.7,6.35,TRUE
201939,"Stephen Curry","1610612744","Golden State Warriors",2016,"0021500083","20151106",23.2,5.95,FALSE
201939,"Stephen Curry","1610612744","Golden State Warriors",2016,"0021500083","20151106",-1,16.35,TRUE
201939,"Stephen Curry","1610612744","Golden State Warriors",2016,"0021500083","20151106",-22.7,15.85,TRUE
201939,"Stephen Curry","1610612744","Golden State Warriors",2016,"0021500083","20151106",-1.2,6.55,TRUE
201939,"Stephen Curry","1610612744","Golden State Warriors",2016,"0021500083","20151106",-1.7,7.05,TRUE
201939,"Stephen Curry","1610612744","Golden State Warriors",2016,"0021500083","20151106",-5.5,30.45,FALSE
201939,"Stephen Curry","1610612744","Golden State Warriors",2016,"0021500092","20151107",15.8,27.55,FALSE
201939,"Stephen Curry","1610612744","Golden State Warriors",2016,"0021500092","20151107",17.1,14.45,FALSE
201939,"Stephen Curry","1610612744","Golden State Warriors",2016,"0021500092","20151107",-2.4,6.35,TRUE
201939,"Stephen Curry","1610612744","Golden State Warriors",2016,"0021500092","20151107",16.6,25.65,FALSE
201939,"Stephen Curry","1610612744","Golden State Warriors",2016,"0021500092","20151107",23.7,12.25,FALSE
201939,"Stephen Curry","1610612744","Golden State Warriors",2016,"0021500092","20151107",-10.4,28.65,FALSE
201939,"Stephen Curry","1610612744","Golden State Warriors",2016,"0021500092","20151107",17.6,18.85,TRUE
201939,"Stephen Curry","1610612744","Golden State Warriors",2016,"0021500092","20151107",3.8,11.75,TRUE
201939,"Stephen Curry","1610612744","Golden State Warriors",2016,"0021500092","20151107",-12.3,25.75,FALSE
201939,"Stephen Curry","1610612744","Golden State Warriors",2016,"0021500092","20151107",0.2,7.55,TRUE
201939,"Stephen Curry","1610612744","Golden State Warriors",2016,"0021500092","20151107",-22.7,9.85,FALSE
201939,"Stephen Curry","1610612744","Golden State Warriors",2016,"0021500092","20151107",-22.7,14.25,FALSE
201939,"Stephen Curry","1610612744","Golden State Warriors",2016,"0021500092","20151107",-1.4,7.55,TRUE
201939,"Stephen Curry","1610612744","Golden State Warriors",2016,"0021500092","20151107",-0.2,6.05,TRUE
201939,"Stephen Curry","1610612744","Golden State Warriors",2016,"0021500092","20151107",-13,26.55,FALSE
201939,"Stephen Curry","1610612744","Golden State Warriors",2016,"0021500092","20151107",-9.2,17.65,FALSE
201939,"Stephen Curry","1610612744","Golden State Warriors",2016,"0021500092","20151107",-7.1,31.65,TRUE
201939,"Stephen Curry","1610612744","Golden State Warriors",2016,"0021500092","20151107",23.5,7.35,TRUE
201939,"Stephen Curry","1610612744","Golden State Warriors",2016,"0021500104","20151109",1.9,14.75,TRUE
201939,"Stephen Curry","1610612744","Golden State Warriors",2016,"0021500104","20151109",0.1,9.85,FALSE
201939,"Stephen Curry","1610612744","Golden State Warriors",2016,"0021500104","20151109",-15.6,8.35,FALSE
201939,"Stephen Curry","1610612744","Golden State Warriors",2016,"0021500104","20151109",-9.6,13.25,FALSE
201939,"Stephen Curry","1610612744","Golden State Warriors",2016,"0021500104","20151109",23.2,8.35,FALSE
201939,"Stephen Curry","1610612744","Golden State Warriors",2016,"0021500104","20151109",21.4,18.65,TRUE
201939,"Stephen Curry","1610612744","Golden State Warriors",2016,"0021500104","20151109",7.9,19.35,FALSE
201939,"Stephen Curry","1610612744","Golden State Warriors",2016,"0021500104","20151109",0.7,7.55,TRUE
201939,"Stephen Curry","1610612744","Golden State Warriors",2016,"0021500104","20151109",-13.7,26.05,FALSE
201939,"Stephen Curry","1610612744","Golden State Warriors",2016,"0021500104","20151109",0.7,7.55,TRUE
201939,"Stephen Curry","1610612744","Golden State Warriors",2016,"0021500104","20151109",2.2,7.85,FALSE
201939,"Stephen Curry","1610612744","Golden State Warriors",2016,"0021500104","20151109",22.8,5.45,FALSE
201939,"Stephen Curry","1610612744","Golden State Warriors",2016,"0021500104","20151109",-15,26.55,TRUE
201939,"Stephen Curry","1610612744","Golden State Warriors",2016,"0021500104","20151109",-19.2,21.25,FALSE
201939,"Stephen Curry","1610612744","Golden State Warriors",2016,"0021500104","20151109",-0.1,7.55,FALSE
201939,"Stephen Curry","1610612744","Golden State Warriors",2016,"0021500104","20151109",-11.7,20.15,FALSE
201939,"Stephen Curry","1610612744","Golden State Warriors",2016,"0021500104","20151109",-1,6.05,TRUE
201939,"Stephen Curry","1610612744","Golden State Warriors",2016,"0021500104","20151109",0.6,31.15,TRUE
201939,"Stephen Curry","1610612744","Golden State Warriors",2016,"0021500120","20151111",-2.5,5.45,TRUE
201939,"Stephen Curry","1610612744","Golden State Warriors",2016,"0021500120","20151111",16.6,25.05,FALSE
201939,"Stephen Curry","1610612744","Golden State Warriors",2016,"0021500120","20151111",23.5,8.55,TRUE
201939,"Stephen Curry","1610612744","Golden State Warriors",2016,"0021500120","20151111",14.2,28.05,FALSE
201939,"Stephen Curry","1610612744","Golden State Warriors",2016,"0021500120","20151111",-15.9,15.85,FALSE
201939,"Stephen Curry","1610612744","Golden State Warriors",2016,"0021500120","20151111",-11,28.45,FALSE
201939,"Stephen Curry","1610612744","Golden State Warriors",2016,"0021500120","20151111",0.7,6.05,TRUE
201939,"Stephen Curry","1610612744","Golden State Warriors",2016,"0021500120","20151111",-2,4.65,FALSE
201939,"Stephen Curry","1610612744","Golden State Warriors",2016,"0021500120","20151111",-4.6,31.65,FALSE
201939,"Stephen Curry","1610612744","Golden State Warriors",2016,"0021500120","20151111",9.6,9.85,FALSE
201939,"Stephen Curry","1610612744","Golden State Warriors",2016,"0021500120","20151111",0,6.85,TRUE
201939,"Stephen Curry","1610612744","Golden State Warriors",2016,"0021500120","20151111",10.7,28.45,FALSE
201939,"Stephen Curry","1610612744","Golden State Warriors",2016,"0021500120","20151111",-15.1,20.65,FALSE
201939,"Stephen Curry","1610612744","Golden State Warriors",2016,"0021500120","20151111",1.6,26.65,FALSE
201939,"Stephen Curry","1610612744","Golden State Warriors",2016,"0021500120","20151111",-0.9,6.35,TRUE
201939,"Stephen Curry","1610612744","Golden State Warriors",2016,"0021500120","20151111",8.9,32.45,TRUE
201939,"Stephen Curry","1610612744","Golden State Warriors",2016,"0021500120","20151111",-15.8,28.45,FALSE
201939,"Stephen Curry","1610612744","Golden State Warriors",2016,"0021500120","20151111",-1.2,4.75,TRUE
201939,"Stephen Curry","1610612744","Golden State Warriors",2016,"0021500120","20151111",19.9,39.45,TRUE
201939,"Stephen Curry","1610612744","Golden State Warriors",2016,"0021500120","20151111",22.8,3.75,FALSE
201939,"Stephen Curry","1610612744","Golden State Warriors",2016,"0021500120","20151111",-0.9,5.45,TRUE
201939,"Stephen Curry","1610612744","Golden State Warriors",2016,"0021500125","20151112",14.5,28.65,TRUE
201939,"Stephen Curry","1610612744","Golden State Warriors",2016,"0021500125","20151112",23.5,12.75,TRUE
201939,"Stephen Curry","1610612744","Golden State Warriors",2016,"0021500125","20151112",2.5,6.55,FALSE
201939,"Stephen Curry","1610612744","Golden State Warriors",2016,"0021500125","20151112",24,6.85,TRUE
201939,"Stephen Curry","1610612744","Golden State Warriors",2016,"0021500125","20151112",-13,17.65,TRUE
201939,"Stephen Curry","1610612744","Golden State Warriors",2016,"0021500125","20151112",-23,7.85,FALSE
201939,"Stephen Curry","1610612744","Golden State Warriors",2016,"0021500125","20151112",-0.4,5.15,TRUE
201939,"Stephen Curry","1610612744","Golden State Warriors",2016,"0021500125","20151112",-2.7,11.35,FALSE
201939,"Stephen Curry","1610612744","Golden State Warriors",2016,"0021500125","20151112",-9.1,27.65,TRUE
201939,"Stephen Curry","1610612744","Golden State Warriors",2016,"0021500125","20151112",15.3,27.65,FALSE
201939,"Stephen Curry","1610612744","Golden State Warriors",2016,"0021500125","20151112",0.1,16.25,TRUE
201939,"Stephen Curry","1610612744","Golden State Warriors",2016,"0021500125","20151112",-0.2,7.55,TRUE
201939,"Stephen Curry","1610612744","Golden State Warriors",2016,"0021500125","20151112",21.4,6.35,FALSE
201939,"Stephen Curry","1610612744","Golden State Warriors",2016,"0021500125","20151112",0.6,5.45,FALSE
201939,"Stephen Curry","1610612744","Golden State Warriors",2016,"0021500125","20151112",-8.6,19.15,TRUE
201939,"Stephen Curry","1610612744","Golden State Warriors",2016,"0021500125","20151112",-11.2,28.45,TRUE
201939,"Stephen Curry","1610612744","Golden State Warriors",2016,"0021500125","20151112",-19.2,21.15,TRUE
201939,"Stephen Curry","1610612744","Golden State Warriors",2016,"0021500125","20151112",5.8,29.95,FALSE
201939,"Stephen Curry","1610612744","Golden State Warriors",2016,"0021500125","20151112",4.5,13.95,FALSE
201939,"Stephen Curry","1610612744","Golden State Warriors",2016,"0021500125","20151112",-7.6,30.45,TRUE
201939,"Stephen Curry","1610612744","Golden State Warriors",2016,"0021500125","20151112",-12.3,17.35,TRUE
201939,"Stephen Curry","1610612744","Golden State Warriors",2016,"0021500125","20151112",-15.1,26.55,FALSE
201939,"Stephen Curry","1610612744","Golden State Warriors",2016,"0021500125","20151112",17.4,26.55,FALSE
201939,"Stephen Curry","1610612744","Golden State Warriors",2016,"0021500125","20151112",-15.1,16.75,TRUE
201939,"Stephen Curry","1610612744","Golden State Warriors",2016,"0021500125","20151112",-5.1,30.95,TRUE
201939,"Stephen Curry","1610612744","Golden State Warriors",2016,"0021500144","20151114",1.4,11.75,TRUE
201939,"Stephen Curry","1610612744","Golden State Warriors",2016,"0021500144","20151114",22.3,18.65,FALSE
201939,"Stephen Curry","1610612744","Golden State Warriors",2016,"0021500144","20151114",-22.7,6.05,FALSE
201939,"Stephen Curry","1610612744","Golden State Warriors",2016,"0021500144","20151114",6.3,31.15,FALSE
201939,"Stephen Curry","1610612744","Golden State Warriors",2016,"0021500144","20151114",-1.9,6.35,FALSE
201939,"Stephen Curry","1610612744","Golden State Warriors",2016,"0021500144","20151114",17.9,24.25,TRUE
201939,"Stephen Curry","1610612744","Golden State Warriors",2016,"0021500144","20151114",-3.5,11.75,FALSE
201939,"Stephen Curry","1610612744","Golden State Warriors",2016,"0021500144","20151114",-12.7,27.15,FALSE
201939,"Stephen Curry","1610612744","Golden State Warriors",2016,"0021500144","20151114",19.6,6.05,FALSE
201939,"Stephen Curry","1610612744","Golden State Warriors",2016,"0021500144","20151114",6.8,29.45,TRUE
201939,"Stephen Curry","1610612744","Golden State Warriors",2016,"0021500144","20151114",13.3,17.35,TRUE
201939,"Stephen Curry","1610612744","Golden State Warriors",2016,"0021500144","20151114",16.3,25.05,FALSE
201939,"Stephen Curry","1610612744","Golden State Warriors",2016,"0021500144","20151114",0.1,7.35,TRUE
201939,"Stephen Curry","1610612744","Golden State Warriors",2016,"0021500144","20151114",-11,22.65,TRUE
201939,"Stephen Curry","1610612744","Golden State Warriors",2016,"0021500144","20151114",17.8,26.65,FALSE
201939,"Stephen Curry","1610612744","Golden State Warriors",2016,"0021500144","20151114",-9.2,10.85,TRUE
201939,"Stephen Curry","1610612744","Golden State Warriors",2016,"0021500144","20151114",19.4,22.25,TRUE
201939,"Stephen Curry","1610612744","Golden State Warriors",2016,"0021500144","20151114",-0.2,9.55,TRUE
201939,"Stephen Curry","1610612744","Golden State Warriors",2016,"0021500144","20151114",-12,28.45,FALSE
201939,"Stephen Curry","1610612744","Golden State Warriors",2016,"0021500144","20151114",-9.1,29.45,FALSE
201939,"Stephen Curry","1610612744","Golden State Warriors",2016,"0021500144","20151114",-1,31.45,FALSE
201939,"Stephen Curry","1610612744","Golden State Warriors",2016,"0021500144","20151114",20.9,19.35,TRUE
201939,"Stephen Curry","1610612744","Golden State Warriors",2016,"0021500144","20151114",0.6,13.75,FALSE
201939,"Stephen Curry","1610612744","Golden State Warriors",2016,"0021500144","20151114",-14.1,25.25,FALSE
201939,"Stephen Curry","1610612744","Golden State Warriors",2016,"0021500144","20151114",23.5,9.95,TRUE
201939,"Stephen Curry","1610612744","Golden State Warriors",2016,"0021500144","20151114",-1,5.45,TRUE
201939,"Stephen Curry","1610612744","Golden State Warriors",2016,"0021500144","20151114",15.6,13.75,FALSE
201939,"Stephen Curry","1610612744","Golden State Warriors",2016,"0021500144","20151114",0.2,7.35,FALSE
201939,"Stephen Curry","1610612744","Golden State Warriors",2016,"0021500144","20151114",16.5,23.75,FALSE
201939,"Stephen Curry","1610612744","Golden State Warriors",2016,"0021500144","20151114",0,5.35,TRUE
201939,"Stephen Curry","1610612744","Golden State Warriors",2016,"0021500144","20151114",12.5,18.15,FALSE
201939,"Stephen Curry","1610612744","Golden State Warriors",2016,"0021500164","20151117",23.2,9.85,FALSE
201939,"Stephen Curry","1610612744","Golden State Warriors",2016,"0021500164","20151117",2.2,9.55,FALSE
201939,"Stephen Curry","1610612744","Golden State Warriors",2016,"0021500164","20151117",-0.9,7.05,TRUE
201939,"Stephen Curry","1610612744","Golden State Warriors",2016,"0021500164","20151117",2,7.85,FALSE
201939,"Stephen Curry","1610612744","Golden State Warriors",2016,"0021500164","20151117",-6.4,30.45,TRUE
201939,"Stephen Curry","1610612744","Golden State Warriors",2016,"0021500164","20151117",17.8,23.75,FALSE
201939,"Stephen Curry","1610612744","Golden State Warriors",2016,"0021500164","20151117",23.3,6.35,FALSE
201939,"Stephen Curry","1610612744","Golden State Warriors",2016,"0021500164","20151117",-16.3,18.35,FALSE
201939,"Stephen Curry","1610612744","Golden State Warriors",2016,"0021500164","20151117",-10.9,28.45,TRUE
201939,"Stephen Curry","1610612744","Golden State Warriors",2016,"0021500164","20151117",-1,6.05,TRUE
201939,"Stephen Curry","1610612744","Golden State Warriors",2016,"0021500164","20151117",0.4,10.85,TRUE
201939,"Stephen Curry","1610612744","Golden State Warriors",2016,"0021500164","20151117",2.7,30.45,FALSE
201939,"Stephen Curry","1610612744","Golden State Warriors",2016,"0021500164","20151117",3,30.45,TRUE
201939,"Stephen Curry","1610612744","Golden State Warriors",2016,"0021500164","20151117",-5.5,24.55,TRUE
201939,"Stephen Curry","1610612744","Golden State Warriors",2016,"0021500164","20151117",1.9,6.85,TRUE
201939,"Stephen Curry","1610612744","Golden State Warriors",2016,"0021500164","20151117",12.2,29.15,FALSE
201939,"Stephen Curry","1610612744","Golden State Warriors",2016,"0021500164","20151117",-9.6,16.25,TRUE
201939,"Stephen Curry","1610612744","Golden State Warriors",2016,"0021500164","20151117",14.7,25.75,TRUE
201939,"Stephen Curry","1610612744","Golden State Warriors",2016,"0021500164","20151117",3.2,13.45,TRUE
201939,"Stephen Curry","1610612744","Golden State Warriors",2016,"0021500164","20151117",-6.6,14.25,FALSE
201939,"Stephen Curry","1610612744","Golden State Warriors",2016,"0021500164","20151117",0.4,30.95,TRUE
201939,"Stephen Curry","1610612744","Golden State Warriors",2016,"0021500164","20151117",-13,15.85,TRUE
201939,"Stephen Curry","1610612744","Golden State Warriors",2016,"0021500164","20151117",-4.3,8.85,FALSE
201939,"Stephen Curry","1610612744","Golden State Warriors",2016,"0021500177","20151119",20.2,23.05,TRUE
201939,"Stephen Curry","1610612744","Golden State Warriors",2016,"0021500177","20151119",5.8,32.45,FALSE
201939,"Stephen Curry","1610612744","Golden State Warriors",2016,"0021500177","20151119",-16.3,26.65,FALSE
201939,"Stephen Curry","1610612744","Golden State Warriors",2016,"0021500177","20151119",-3.2,7.55,FALSE
201939,"Stephen Curry","1610612744","Golden State Warriors",2016,"0021500177","20151119",-2.2,7.55,FALSE
201939,"Stephen Curry","1610612744","Golden State Warriors",2016,"0021500177","20151119",-23.6,7.35,TRUE
201939,"Stephen Curry","1610612744","Golden State Warriors",2016,"0021500177","20151119",7,30.45,FALSE
201939,"Stephen Curry","1610612744","Golden State Warriors",2016,"0021500177","20151119",2.9,6.35,TRUE
201939,"Stephen Curry","1610612744","Golden State Warriors",2016,"0021500177","20151119",14.8,28.45,TRUE
201939,"Stephen Curry","1610612744","Golden State Warriors",2016,"0021500177","20151119",15.6,26.55,FALSE
201939,"Stephen Curry","1610612744","Golden State Warriors",2016,"0021500177","20151119",-10.9,23.05,TRUE
201939,"Stephen Curry","1610612744","Golden State Warriors",2016,"0021500177","20151119",0.1,8.85,TRUE
201939,"Stephen Curry","1610612744","Golden State Warriors",2016,"0021500177","20151119",12,28.45,FALSE
201939,"Stephen Curry","1610612744","Golden State Warriors",2016,"0021500177","20151119",-1.5,9.35,TRUE
201939,"Stephen Curry","1610612744","Golden State Warriors",2016,"0021500177","20151119",-4.8,31.15,FALSE
201939,"Stephen Curry","1610612744","Golden State Warriors",2016,"0021500177","20151119",-2.8,6.55,TRUE
201939,"Stephen Curry","1610612744","Golden State Warriors",2016,"0021500177","20151119",-7.1,28.95,FALSE
201939,"Stephen Curry","1610612744","Golden State Warriors",2016,"0021500177","20151119",-8.7,18.65,FALSE
201939,"Stephen Curry","1610612744","Golden State Warriors",2016,"0021500177","20151119",12.5,27.05,TRUE
201939,"Stephen Curry","1610612744","Golden State Warriors",2016,"0021500177","20151119",-17.6,23.05,TRUE
201939,"Stephen Curry","1610612744","Golden State Warriors",2016,"0021500177","20151119",-14.5,26.55,FALSE
201939,"Stephen Curry","1610612744","Golden State Warriors",2016,"0021500177","20151119",4.7,29.45,TRUE
201939,"Stephen Curry","1610612744","Golden State Warriors",2016,"0021500187","20151120",12.7,26.55,TRUE
201939,"Stephen Curry","1610612744","Golden State Warriors",2016,"0021500187","20151120",2.4,7.35,FALSE
201939,"Stephen Curry","1610612744","Golden State Warriors",2016,"0021500187","20151120",-1.4,13.75,TRUE
201939,"Stephen Curry","1610612744","Golden State Warriors",2016,"0021500187","20151120",-22.8,16.85,FALSE
201939,"Stephen Curry","1610612744","Golden State Warriors",2016,"0021500187","20151120",-16.3,27.05,FALSE
201939,"Stephen Curry","1610612744","Golden State Warriors",2016,"0021500187","20151120",-7.9,30.15,TRUE
201939,"Stephen Curry","1610612744","Golden State Warriors",2016,"0021500187","20151120",-15,27.15,FALSE
201939,"Stephen Curry","1610612744","Golden State Warriors",2016,"0021500187","20151120",-11.4,27.55,FALSE
201939,"Stephen Curry","1610612744","Golden State Warriors",2016,"0021500187","20151120",-1,6.35,TRUE
201939,"Stephen Curry","1610612744","Golden State Warriors",2016,"0021500187","20151120",-0.9,6.85,TRUE
201939,"Stephen Curry","1610612744","Golden State Warriors",2016,"0021500187","20151120",-0.2,11.35,TRUE
201939,"Stephen Curry","1610612744","Golden State Warriors",2016,"0021500187","20151120",15.6,26.55,FALSE
201939,"Stephen Curry","1610612744","Golden State Warriors",2016,"0021500187","20151120",21.9,18.65,FALSE
201939,"Stephen Curry","1610612744","Golden State Warriors",2016,"0021500187","20151120",-8.7,21.65,TRUE
201939,"Stephen Curry","1610612744","Golden State Warriors",2016,"0021500187","20151120",12.9,13.95,FALSE
201939,"Stephen Curry","1610612744","Golden State Warriors",2016,"0021500187","20151120",-14,26.05,FALSE
201939,"Stephen Curry","1610612744","Golden State Warriors",2016,"0021500187","20151120",2.9,30.45,TRUE
201939,"Stephen Curry","1610612744","Golden State Warriors",2016,"0021500187","20151120",6.5,30.45,FALSE
201939,"Stephen Curry","1610612744","Golden State Warriors",2016,"0021500187","20151120",0.4,6.05,FALSE
201939,"Stephen Curry","1610612744","Golden State Warriors",2016,"0021500187","20151120",-0.9,5.55,TRUE
201939,"Stephen Curry","1610612744","Golden State Warriors",2016,"0021500200","20151122",0,6.05,TRUE
201939,"Stephen Curry","1610612744","Golden State Warriors",2016,"0021500200","20151122",-19.5,21.25,FALSE
201939,"Stephen Curry","1610612744","Golden State Warriors",2016,"0021500200","20151122",-18.2,22.75,FALSE
201939,"Stephen Curry","1610612744","Golden State Warriors",2016,"0021500200","20151122",-24,4.75,TRUE
201939,"Stephen Curry","1610612744","Golden State Warriors",2016,"0021500200","20151122",-1.4,5.45,TRUE
201939,"Stephen Curry","1610612744","Golden State Warriors",2016,"0021500200","20151122",-16.9,25.75,FALSE
201939,"Stephen Curry","1610612744","Golden State Warriors",2016,"0021500200","20151122",-17.7,5.45,FALSE
201939,"Stephen Curry","1610612744","Golden State Warriors",2016,"0021500200","20151122",-0.4,10.85,TRUE
201939,"Stephen Curry","1610612744","Golden State Warriors",2016,"0021500200","20151122",-16.4,26.55,FALSE
201939,"Stephen Curry","1610612744","Golden State Warriors",2016,"0021500200","20151122",-0.6,5.25,FALSE
201939,"Stephen Curry","1610612744","Golden State Warriors",2016,"0021500200","20151122",16,5.55,TRUE
201939,"Stephen Curry","1610612744","Golden State Warriors",2016,"0021500200","20151122",21.7,12.25,TRUE
201939,"Stephen Curry","1610612744","Golden State Warriors",2016,"0021500200","20151122",-3.2,30.15,FALSE
201939,"Stephen Curry","1610612744","Golden State Warriors",2016,"0021500200","20151122",-3,30.65,TRUE
201939,"Stephen Curry","1610612744","Golden State Warriors",2016,"0021500200","20151122",-1.4,6.35,FALSE
201939,"Stephen Curry","1610612744","Golden State Warriors",2016,"0021500200","20151122",-22.5,14.25,TRUE
201939,"Stephen Curry","1610612744","Golden State Warriors",2016,"0021500214","20151124",-15,25.75,FALSE
201939,"Stephen Curry","1610612744","Golden State Warriors",2016,"0021500214","20151124",23.3,9.95,TRUE
201939,"Stephen Curry","1610612744","Golden State Warriors",2016,"0021500214","20151124",-0.4,31.95,FALSE
201939,"Stephen Curry","1610612744","Golden State Warriors",2016,"0021500214","20151124",0.6,6.35,TRUE
201939,"Stephen Curry","1610612744","Golden State Warriors",2016,"0021500214","20151124",18.4,23.25,FALSE
201939,"Stephen Curry","1610612744","Golden State Warriors",2016,"0021500214","20151124",-11.5,19.65,FALSE
201939,"Stephen Curry","1610612744","Golden State Warriors",2016,"0021500214","20151124",-9.9,29.15,TRUE
201939,"Stephen Curry","1610612744","Golden State Warriors",2016,"0021500214","20151124",-11.5,28.05,FALSE
201939,"Stephen Curry","1610612744","Golden State Warriors",2016,"0021500214","20151124",-2.4,21.65,TRUE
201939,"Stephen Curry","1610612744","Golden State Warriors",2016,"0021500214","20151124",7.9,15.85,FALSE
201939,"Stephen Curry","1610612744","Golden State Warriors",2016,"0021500214","20151124",-16.3,56.95,FALSE
201939,"Stephen Curry","1610612744","Golden State Warriors",2016,"0021500214","20151124",-6.4,7.85,TRUE
201939,"Stephen Curry","1610612744","Golden State Warriors",2016,"0021500214","20151124",16.9,25.55,FALSE
201939,"Stephen Curry","1610612744","Golden State Warriors",2016,"0021500214","20151124",-23.2,7.55,TRUE
201939,"Stephen Curry","1610612744","Golden State Warriors",2016,"0021500214","20151124",-0.1,5.95,TRUE
201939,"Stephen Curry","1610612744","Golden State Warriors",2016,"0021500214","20151124",7.6,30.45,FALSE
201939,"Stephen Curry","1610612744","Golden State Warriors",2016,"0021500214","20151124",0.1,7.85,TRUE
201939,"Stephen Curry","1610612744","Golden State Warriors",2016,"0021500214","20151124",14.8,28.15,FALSE
201939,"Stephen Curry","1610612744","Golden State Warriors",2016,"0021500214","20151124",-0.9,7.35,FALSE
201939,"Stephen Curry","1610612744","Golden State Warriors",2016,"0021500214","20151124",-14.3,28.95,TRUE
201939,"Stephen Curry","1610612744","Golden State Warriors",2016,"0021500214","20151124",-1,5.95,TRUE
201939,"Stephen Curry","1610612744","Golden State Warriors",2016,"0021500236","20151127",23.5,5.95,TRUE
201939,"Stephen Curry","1610612744","Golden State Warriors",2016,"0021500236","20151127",11.7,27.55,TRUE
201939,"Stephen Curry","1610612744","Golden State Warriors",2016,"0021500236","20151127",-20.4,20.15,TRUE
201939,"Stephen Curry","1610612744","Golden State Warriors",2016,"0021500236","20151127",-17.4,22.75,TRUE
201939,"Stephen Curry","1610612744","Golden State Warriors",2016,"0021500236","20151127",-17.1,24.05,FALSE
201939,"Stephen Curry","1610612744","Golden State Warriors",2016,"0021500236","20151127",-18.2,22.25,TRUE
201939,"Stephen Curry","1610612744","Golden State Warriors",2016,"0021500236","20151127",1.7,5.15,FALSE
201939,"Stephen Curry","1610612744","Golden State Warriors",2016,"0021500236","20151127",13.8,26.55,TRUE
201939,"Stephen Curry","1610612744","Golden State Warriors",2016,"0021500236","20151127",-2.7,5.45,TRUE
201939,"Stephen Curry","1610612744","Golden State Warriors",2016,"0021500236","20151127",14.2,28.15,TRUE
201939,"Stephen Curry","1610612744","Golden State Warriors",2016,"0021500236","20151127",-4.8,30.15,FALSE
201939,"Stephen Curry","1610612744","Golden State Warriors",2016,"0021500236","20151127",10.1,30.15,FALSE
201939,"Stephen Curry","1610612744","Golden State Warriors",2016,"0021500236","20151127",-0.2,7.35,TRUE
201939,"Stephen Curry","1610612744","Golden State Warriors",2016,"0021500236","20151127",9.7,27.15,FALSE
201939,"Stephen Curry","1610612744","Golden State Warriors",2016,"0021500236","20151127",1.7,5.95,FALSE
201939,"Stephen Curry","1610612744","Golden State Warriors",2016,"0021500236","20151127",-21.7,16.25,TRUE
201939,"Stephen Curry","1610612744","Golden State Warriors",2016,"0021500236","20151127",22.7,4.15,FALSE
201939,"Stephen Curry","1610612744","Golden State Warriors",2016,"0021500236","20151127",19.7,21.25,TRUE
201939,"Stephen Curry","1610612744","Golden State Warriors",2016,"0021500236","20151127",10.2,28.45,FALSE
201939,"Stephen Curry","1610612744","Golden State Warriors",2016,"0021500236","20151127",21.2,43.45,FALSE
201939,"Stephen Curry","1610612744","Golden State Warriors",2016,"0021500245","20151128",-0.9,29.95,FALSE
201939,"Stephen Curry","1610612744","Golden State Warriors",2016,"0021500245","20151128",1.2,6.85,TRUE
201939,"Stephen Curry","1610612744","Golden State Warriors",2016,"0021500245","20151128",-5.1,30.95,FALSE
201939,"Stephen Curry","1610612744","Golden State Warriors",2016,"0021500245","20151128",20.2,20.15,TRUE
201939,"Stephen Curry","1610612744","Golden State Warriors",2016,"0021500245","20151128",-15.8,24.55,TRUE
201939,"Stephen Curry","1610612744","Golden State Warriors",2016,"0021500245","20151128",-8.2,29.45,TRUE
201939,"Stephen Curry","1610612744","Golden State Warriors",2016,"0021500245","20151128",6.6,30.65,FALSE
201939,"Stephen Curry","1610612744","Golden State Warriors",2016,"0021500259","20151130",-21.2,20.15,TRUE
201939,"Stephen Curry","1610612744","Golden State Warriors",2016,"0021500259","20151130",-15.6,9.85,TRUE
201939,"Stephen Curry","1610612744","Golden State Warriors",2016,"0021500259","20151130",-16.4,22.75,FALSE
201939,"Stephen Curry","1610612744","Golden State Warriors",2016,"0021500259","20151130",-3.2,5.95,TRUE
201939,"Stephen Curry","1610612744","Golden State Warriors",2016,"0021500259","20151130",-2.8,6.35,FALSE
201939,"Stephen Curry","1610612744","Golden State Warriors",2016,"0021500259","20151130",-3.8,5.25,FALSE
201939,"Stephen Curry","1610612744","Golden State Warriors",2016,"0021500259","20151130",2.4,5.25,FALSE
201939,"Stephen Curry","1610612744","Golden State Warriors",2016,"0021500259","20151130",4.7,30.95,FALSE
201939,"Stephen Curry","1610612744","Golden State Warriors",2016,"0021500259","20151130",-2.5,4.65,TRUE
201939,"Stephen Curry","1610612744","Golden State Warriors",2016,"0021500259","20151130",19.2,4.15,FALSE
201939,"Stephen Curry","1610612744","Golden State Warriors",2016,"0021500259","20151130",20.4,20.85,FALSE
201939,"Stephen Curry","1610612744","Golden State Warriors",2016,"0021500259","20151130",2,6.55,FALSE
201939,"Stephen Curry","1610612744","Golden State Warriors",2016,"0021500259","20151130",17.3,23.05,TRUE
201939,"Stephen Curry","1610612744","Golden State Warriors",2016,"0021500259","20151130",-1.9,4.65,TRUE
201939,"Stephen Curry","1610612744","Golden State Warriors",2016,"0021500259","20151130",-11.9,26.05,TRUE
201939,"Stephen Curry","1610612744","Golden State Warriors",2016,"0021500259","20151130",2,30.65,FALSE
201939,"Stephen Curry","1610612744","Golden State Warriors",2016,"0021500259","20151130",12.5,22.75,TRUE
201939,"Stephen Curry","1610612744","Golden State Warriors",2016,"0021500259","20151130",-0.2,5.95,FALSE
201939,"Stephen Curry","1610612744","Golden State Warriors",2016,"0021500259","20151130",20.5,21.75,TRUE
201939,"Stephen Curry","1610612744","Golden State Warriors",2016,"0021500259","20151130",-12,25.05,FALSE
201939,"Stephen Curry","1610612744","Golden State Warriors",2016,"0021500268","20151202",23.8,6.35,FALSE
201939,"Stephen Curry","1610612744","Golden State Warriors",2016,"0021500268","20151202",-21.8,16.85,TRUE
201939,"Stephen Curry","1610612744","Golden State Warriors",2016,"0021500268","20151202",-1.9,35.35,TRUE
201939,"Stephen Curry","1610612744","Golden State Warriors",2016,"0021500268","20151202",-10.4,34.35,FALSE
201939,"Stephen Curry","1610612744","Golden State Warriors",2016,"0021500268","20151202",-1.2,30.45,FALSE
201939,"Stephen Curry","1610612744","Golden State Warriors",2016,"0021500268","20151202",-0.9,7.85,TRUE
201939,"Stephen Curry","1610612744","Golden State Warriors",2016,"0021500268","20151202",-23.2,7.05,TRUE
201939,"Stephen Curry","1610612744","Golden State Warriors",2016,"0021500268","20151202",-1.4,6.55,TRUE
201939,"Stephen Curry","1610612744","Golden State Warriors",2016,"0021500268","20151202",1.1,6.35,TRUE
201939,"Stephen Curry","1610612744","Golden State Warriors",2016,"0021500268","20151202",2.9,18.15,FALSE
201939,"Stephen Curry","1610612744","Golden State Warriors",2016,"0021500268","20151202",0.9,5.55,TRUE
201939,"Stephen Curry","1610612744","Golden State Warriors",2016,"0021500268","20151202",23.5,6.85,TRUE
201939,"Stephen Curry","1610612744","Golden State Warriors",2016,"0021500268","20151202",0.9,6.85,TRUE
201939,"Stephen Curry","1610612744","Golden State Warriors",2016,"0021500268","20151202",6.3,29.45,TRUE
201939,"Stephen Curry","1610612744","Golden State Warriors",2016,"0021500268","20151202",-14.3,31.45,TRUE
201939,"Stephen Curry","1610612744","Golden State Warriors",2016,"0021500268","20151202",-0.9,6.05,TRUE
201939,"Stephen Curry","1610612744","Golden State Warriors",2016,"0021500268","20151202",10.1,31.95,TRUE
201939,"Stephen Curry","1610612744","Golden State Warriors",2016,"0021500268","20151202",-15.8,30.95,TRUE
201939,"Stephen Curry","1610612744","Golden State Warriors",2016,"0021500290","20151205",-15.3,24.25,TRUE
201939,"Stephen Curry","1610612744","Golden State Warriors",2016,"0021500290","20151205",-0.4,29.45,TRUE
201939,"Stephen Curry","1610612744","Golden State Warriors",2016,"0021500290","20151205",-22.8,7.85,TRUE
201939,"Stephen Curry","1610612744","Golden State Warriors",2016,"0021500290","20151205",-6.9,18.85,TRUE
201939,"Stephen Curry","1610612744","Golden State Warriors",2016,"0021500290","20151205",-5,29.45,TRUE
201939,"Stephen Curry","1610612744","Golden State Warriors",2016,"0021500290","20151205",-9.9,28.95,FALSE
201939,"Stephen Curry","1610612744","Golden State Warriors",2016,"0021500290","20151205",0.2,29.45,FALSE
201939,"Stephen Curry","1610612744","Golden State Warriors",2016,"0021500290","20151205",-4.8,16.75,TRUE
201939,"Stephen Curry","1610612744","Golden State Warriors",2016,"0021500290","20151205",-1,6.55,FALSE
201939,"Stephen Curry","1610612744","Golden State Warriors",2016,"0021500290","20151205",21.5,16.75,TRUE
201939,"Stephen Curry","1610612744","Golden State Warriors",2016,"0021500290","20151205",0.2,9.35,TRUE
201939,"Stephen Curry","1610612744","Golden State Warriors",2016,"0021500290","20151205",-0.6,29.45,FALSE
201939,"Stephen Curry","1610612744","Golden State Warriors",2016,"0021500290","20151205",3,8.35,TRUE
201939,"Stephen Curry","1610612744","Golden State Warriors",2016,"0021500290","20151205",6.6,12.45,FALSE
201939,"Stephen Curry","1610612744","Golden State Warriors",2016,"0021500290","20151205",10.4,16.25,FALSE
201939,"Stephen Curry","1610612744","Golden State Warriors",2016,"0021500290","20151205",23.8,6.05,TRUE
201939,"Stephen Curry","1610612744","Golden State Warriors",2016,"0021500290","20151205",-18.4,20.85,FALSE
201939,"Stephen Curry","1610612744","Golden State Warriors",2016,"0021500290","20151205",-7.1,9.85,TRUE
201939,"Stephen Curry","1610612744","Golden State Warriors",2016,"0021500290","20151205",-17.6,23.25,TRUE
201939,"Stephen Curry","1610612744","Golden State Warriors",2016,"0021500290","20151205",8.4,10.95,FALSE
201939,"Stephen Curry","1610612744","Golden State Warriors",2016,"0021500290","20151205",21,25.05,FALSE
201939,"Stephen Curry","1610612744","Golden State Warriors",2016,"0021500290","20151205",-0.4,30.45,TRUE
201939,"Stephen Curry","1610612744","Golden State Warriors",2016,"0021500290","20151205",-0.2,30.15,TRUE
201939,"Stephen Curry","1610612744","Golden State Warriors",2016,"0021500290","20151205",4.5,30.45,FALSE
201939,"Stephen Curry","1610612744","Golden State Warriors",2016,"0021500300","20151206",23.2,14.75,TRUE
201939,"Stephen Curry","1610612744","Golden State Warriors",2016,"0021500300","20151206",19.2,21.25,FALSE
201939,"Stephen Curry","1610612744","Golden State Warriors",2016,"0021500300","20151206",2.4,5.55,TRUE
201939,"Stephen Curry","1610612744","Golden State Warriors",2016,"0021500300","20151206",-2.5,5.95,TRUE
201939,"Stephen Curry","1610612744","Golden State Warriors",2016,"0021500300","20151206",-8.4,18.15,TRUE
201939,"Stephen Curry","1610612744","Golden State Warriors",2016,"0021500300","20151206",10.6,32.15,TRUE
201939,"Stephen Curry","1610612744","Golden State Warriors",2016,"0021500300","20151206",0,30.15,FALSE
201939,"Stephen Curry","1610612744","Golden State Warriors",2016,"0021500300","20151206",-2.4,5.45,TRUE
201939,"Stephen Curry","1610612744","Golden State Warriors",2016,"0021500300","20151206",22,16.25,FALSE
201939,"Stephen Curry","1610612744","Golden State Warriors",2016,"0021500300","20151206",23,8.35,TRUE
201939,"Stephen Curry","1610612744","Golden State Warriors",2016,"0021500300","20151206",-23.3,3.15,FALSE
201939,"Stephen Curry","1610612744","Golden State Warriors",2016,"0021500300","20151206",-6.6,10.85,TRUE
201939,"Stephen Curry","1610612744","Golden State Warriors",2016,"0021500300","20151206",-17.3,26.55,TRUE
201939,"Stephen Curry","1610612744","Golden State Warriors",2016,"0021500300","20151206",-2.5,16.25,FALSE
201939,"Stephen Curry","1610612744","Golden State Warriors",2016,"0021500300","20151206",-2.7,5.95,TRUE
201939,"Stephen Curry","1610612744","Golden State Warriors",2016,"0021500300","20151206",20.7,18.15,TRUE
201939,"Stephen Curry","1610612744","Golden State Warriors",2016,"0021500300","20151206",2.4,4.25,FALSE
201939,"Stephen Curry","1610612744","Golden State Warriors",2016,"0021500314","20151208",-13.5,27.05,FALSE
201939,"Stephen Curry","1610612744","Golden State Warriors",2016,"0021500314","20151208",-0.1,4.75,TRUE
201939,"Stephen Curry","1610612744","Golden State Warriors",2016,"0021500314","20151208",-16.3,16.25,FALSE
201939,"Stephen Curry","1610612744","Golden State Warriors",2016,"0021500314","20151208",-0.9,6.05,TRUE
201939,"Stephen Curry","1610612744","Golden State Warriors",2016,"0021500314","20151208",19.9,24.55,FALSE
201939,"Stephen Curry","1610612744","Golden State Warriors",2016,"0021500314","20151208",-18.7,24.05,TRUE
201939,"Stephen Curry","1610612744","Golden State Warriors",2016,"0021500314","20151208",-1.4,5.45,TRUE
201939,"Stephen Curry","1610612744","Golden State Warriors",2016,"0021500314","20151208",18.7,24.55,TRUE
201939,"Stephen Curry","1610612744","Golden State Warriors",2016,"0021500314","20151208",14,25.55,FALSE
201939,"Stephen Curry","1610612744","Golden State Warriors",2016,"0021500314","20151208",-9.2,21.65,FALSE
201939,"Stephen Curry","1610612744","Golden State Warriors",2016,"0021500314","20151208",-20.9,20.65,FALSE
201939,"Stephen Curry","1610612744","Golden State Warriors",2016,"0021500314","20151208",-21.8,17.25,TRUE
201939,"Stephen Curry","1610612744","Golden State Warriors",2016,"0021500314","20151208",1.2,4.65,FALSE
201939,"Stephen Curry","1610612744","Golden State Warriors",2016,"0021500314","20151208",-21,19.65,FALSE
201939,"Stephen Curry","1610612744","Golden State Warriors",2016,"0021500314","20151208",2.2,5.95,FALSE
201939,"Stephen Curry","1610612744","Golden State Warriors",2016,"0021500314","20151208",1.4,4.75,TRUE
201939,"Stephen Curry","1610612744","Golden State Warriors",2016,"0021500314","20151208",2.5,12.95,TRUE
201939,"Stephen Curry","1610612744","Golden State Warriors",2016,"0021500314","20151208",-19.7,26.05,FALSE
201939,"Stephen Curry","1610612744","Golden State Warriors",2016,"0021500314","20151208",-15.9,15.85,TRUE
201939,"Stephen Curry","1610612744","Golden State Warriors",2016,"0021500314","20151208",-7.6,22.15,TRUE
201939,"Stephen Curry","1610612744","Golden State Warriors",2016,"0021500314","20151208",-16.8,26.05,FALSE
201939,"Stephen Curry","1610612744","Golden State Warriors",2016,"0021500314","20151208",-2.7,8.85,FALSE
201939,"Stephen Curry","1610612744","Golden State Warriors",2016,"0021500314","20151208",3.4,5.95,TRUE
201939,"Stephen Curry","1610612744","Golden State Warriors",2016,"0021500336","20151211",-14.8,19.85,FALSE
201939,"Stephen Curry","1610612744","Golden State Warriors",2016,"0021500336","20151211",-14,27.55,TRUE
201939,"Stephen Curry","1610612744","Golden State Warriors",2016,"0021500336","20151211",-2,5.95,FALSE
201939,"Stephen Curry","1610612744","Golden State Warriors",2016,"0021500336","20151211",-14.3,28.45,FALSE
201939,"Stephen Curry","1610612744","Golden State Warriors",2016,"0021500336","20151211",-0.6,31.95,FALSE
201939,"Stephen Curry","1610612744","Golden State Warriors",2016,"0021500336","20151211",-5.3,6.05,FALSE
201939,"Stephen Curry","1610612744","Golden State Warriors",2016,"0021500336","20151211",-3,12.25,FALSE
201939,"Stephen Curry","1610612744","Golden State Warriors",2016,"0021500336","20151211",-1.2,5.55,TRUE
201939,"Stephen Curry","1610612744","Golden State Warriors",2016,"0021500336","20151211",19.6,20.15,TRUE
201939,"Stephen Curry","1610612744","Golden State Warriors",2016,"0021500336","20151211",-18.2,28.05,TRUE
201939,"Stephen Curry","1610612744","Golden State Warriors",2016,"0021500336","20151211",-21,21.65,FALSE
201939,"Stephen Curry","1610612744","Golden State Warriors",2016,"0021500336","20151211",-12.8,28.95,FALSE
201939,"Stephen Curry","1610612744","Golden State Warriors",2016,"0021500336","20151211",7.9,26.05,FALSE
201939,"Stephen Curry","1610612744","Golden State Warriors",2016,"0021500336","20151211",-2,29.95,TRUE
201939,"Stephen Curry","1610612744","Golden State Warriors",2016,"0021500336","20151211",1.4,6.85,FALSE
201939,"Stephen Curry","1610612744","Golden State Warriors",2016,"0021500336","20151211",-16.3,18.65,FALSE
201939,"Stephen Curry","1610612744","Golden State Warriors",2016,"0021500336","20151211",-0.9,5.45,TRUE
201939,"Stephen Curry","1610612744","Golden State Warriors",2016,"0021500336","20151211",-4.2,29.95,TRUE
201939,"Stephen Curry","1610612744","Golden State Warriors",2016,"0021500336","20151211",2,6.55,FALSE
201939,"Stephen Curry","1610612744","Golden State Warriors",2016,"0021500336","20151211",-14.5,18.15,FALSE
201939,"Stephen Curry","1610612744","Golden State Warriors",2016,"0021500336","20151211",-1.9,31.45,FALSE
201939,"Stephen Curry","1610612744","Golden State Warriors",2016,"0021500336","20151211",0.5,6.65,FALSE
201939,"Stephen Curry","1610612744","Golden State Warriors",2016,"0021500336","20151211",2.4,34.05,TRUE
201939,"Stephen Curry","1610612744","Golden State Warriors",2016,"0021500336","20151211",14.7,14.75,FALSE
201939,"Stephen Curry","1610612744","Golden State Warriors",2016,"0021500336","20151211",14.5,26.65,FALSE
201939,"Stephen Curry","1610612744","Golden State Warriors",2016,"0021500336","20151211",-1,5.45,TRUE
201939,"Stephen Curry","1610612744","Golden State Warriors",2016,"0021500336","20151211",-17.6,24.75,FALSE
201939,"Stephen Curry","1610612744","Golden State Warriors",2016,"0021500351","20151212",7.4,33.45,FALSE
201939,"Stephen Curry","1610612744","Golden State Warriors",2016,"0021500351","20151212",-21.3,19.15,FALSE
201939,"Stephen Curry","1610612744","Golden State Warriors",2016,"0021500351","20151212",-1,5.95,TRUE
201939,"Stephen Curry","1610612744","Golden State Warriors",2016,"0021500351","20151212",1.1,6.05,TRUE
201939,"Stephen Curry","1610612744","Golden State Warriors",2016,"0021500351","20151212",-22.2,4.15,TRUE
201939,"Stephen Curry","1610612744","Golden State Warriors",2016,"0021500351","20151212",1.6,5.55,TRUE
201939,"Stephen Curry","1610612744","Golden State Warriors",2016,"0021500351","20151212",0.7,19.15,FALSE
201939,"Stephen Curry","1610612744","Golden State Warriors",2016,"0021500351","20151212",3.4,7.05,FALSE
201939,"Stephen Curry","1610612744","Golden State Warriors",2016,"0021500351","20151212",23.7,4.15,FALSE
201939,"Stephen Curry","1610612744","Golden State Warriors",2016,"0021500351","20151212",-16.8,3.15,TRUE
201939,"Stephen Curry","1610612744","Golden State Warriors",2016,"0021500351","20151212",-0.1,14.25,FALSE
201939,"Stephen Curry","1610612744","Golden State Warriors",2016,"0021500351","20151212",-15.9,11.45,TRUE
201939,"Stephen Curry","1610612744","Golden State Warriors",2016,"0021500351","20151212",1.3,6.65,FALSE
201939,"Stephen Curry","1610612744","Golden State Warriors",2016,"0021500351","20151212",-0.3,29.75,FALSE
201939,"Stephen Curry","1610612744","Golden State Warriors",2016,"0021500351","20151212",0.9,5.55,TRUE
201939,"Stephen Curry","1610612744","Golden State Warriors",2016,"0021500351","20151212",-8.6,30.95,FALSE
201939,"Stephen Curry","1610612744","Golden State Warriors",2016,"0021500351","20151212",0.7,5.95,TRUE
201939,"Stephen Curry","1610612744","Golden State Warriors",2016,"0021500351","20151212",19.1,5.55,FALSE
201939,"Stephen Curry","1610612744","Golden State Warriors",2016,"0021500351","20151212",-6,29.15,FALSE
201939,"Stephen Curry","1610612744","Golden State Warriors",2016,"0021500351","20151212",-15.3,26.65,TRUE
201939,"Stephen Curry","1610612744","Golden State Warriors",2016,"0021500351","20151212",0.2,5.45,TRUE
201939,"Stephen Curry","1610612744","Golden State Warriors",2016,"0021500351","20151212",11.2,29.45,FALSE
201939,"Stephen Curry","1610612744","Golden State Warriors",2016,"0021500381","20151216",0.4,7.35,FALSE
201939,"Stephen Curry","1610612744","Golden State Warriors",2016,"0021500381","20151216",-7.8,20.65,TRUE
201939,"Stephen Curry","1610612744","Golden State Warriors",2016,"0021500381","20151216",-11.4,29.95,FALSE
201939,"Stephen Curry","1610612744","Golden State Warriors",2016,"0021500381","20151216",10.7,27.65,FALSE
201939,"Stephen Curry","1610612744","Golden State Warriors",2016,"0021500381","20151216",-4.2,13.75,TRUE
201939,"Stephen Curry","1610612744","Golden State Warriors",2016,"0021500381","20151216",9.2,28.95,TRUE
201939,"Stephen Curry","1610612744","Golden State Warriors",2016,"0021500381","20151216",1.6,5.95,TRUE
201939,"Stephen Curry","1610612744","Golden State Warriors",2016,"0021500381","20151216",-15.3,26.05,TRUE
201939,"Stephen Curry","1610612744","Golden State Warriors",2016,"0021500381","20151216",6.6,31.65,FALSE
201939,"Stephen Curry","1610612744","Golden State Warriors",2016,"0021500381","20151216",-5.3,14.75,TRUE
201939,"Stephen Curry","1610612744","Golden State Warriors",2016,"0021500381","20151216",-0.9,6.85,TRUE
201939,"Stephen Curry","1610612744","Golden State Warriors",2016,"0021500381","20151216",0,6.35,TRUE
201939,"Stephen Curry","1610612744","Golden State Warriors",2016,"0021500381","20151216",0,7.85,TRUE
201939,"Stephen Curry","1610612744","Golden State Warriors",2016,"0021500381","20151216",-12,21.75,TRUE
201939,"Stephen Curry","1610612744","Golden State Warriors",2016,"0021500397","20151218",-14.8,24.25,TRUE
201939,"Stephen Curry","1610612744","Golden State Warriors",2016,"0021500397","20151218",2.2,6.35,TRUE
201939,"Stephen Curry","1610612744","Golden State Warriors",2016,"0021500397","20151218",1.7,13.75,FALSE
201939,"Stephen Curry","1610612744","Golden State Warriors",2016,"0021500397","20151218",3.7,14.95,TRUE
201939,"Stephen Curry","1610612744","Golden State Warriors",2016,"0021500397","20151218",19.4,22.75,TRUE
201939,"Stephen Curry","1610612744","Golden State Warriors",2016,"0021500397","20151218",20.4,23.55,FALSE
201939,"Stephen Curry","1610612744","Golden State Warriors",2016,"0021500397","20151218",3,13.75,FALSE
201939,"Stephen Curry","1610612744","Golden State Warriors",2016,"0021500397","20151218",-4.2,30.45,FALSE
201939,"Stephen Curry","1610612744","Golden State Warriors",2016,"0021500397","20151218",19.4,21.15,FALSE
201939,"Stephen Curry","1610612744","Golden State Warriors",2016,"0021500397","20151218",21.2,6.05,TRUE
201939,"Stephen Curry","1610612744","Golden State Warriors",2016,"0021500397","20151218",1.2,6.35,FALSE
201939,"Stephen Curry","1610612744","Golden State Warriors",2016,"0021500397","20151218",-0.6,9.35,TRUE
201939,"Stephen Curry","1610612744","Golden State Warriors",2016,"0021500397","20151218",0.4,6.85,TRUE
201939,"Stephen Curry","1610612744","Golden State Warriors",2016,"0021500397","20151218",-21.7,17.25,FALSE
201939,"Stephen Curry","1610612744","Golden State Warriors",2016,"0021500434","20151223",-4.6,29.65,TRUE
201939,"Stephen Curry","1610612744","Golden State Warriors",2016,"0021500434","20151223",-15.5,18.15,FALSE
201939,"Stephen Curry","1610612744","Golden State Warriors",2016,"0021500434","20151223",1.4,6.35,TRUE
201939,"Stephen Curry","1610612744","Golden State Warriors",2016,"0021500434","20151223",9.2,29.45,FALSE
201939,"Stephen Curry","1610612744","Golden State Warriors",2016,"0021500434","20151223",22.8,9.05,FALSE
201939,"Stephen Curry","1610612744","Golden State Warriors",2016,"0021500434","20151223",9.6,8.05,TRUE
201939,"Stephen Curry","1610612744","Golden State Warriors",2016,"0021500434","20151223",-1,7.35,FALSE
201939,"Stephen Curry","1610612744","Golden State Warriors",2016,"0021500434","20151223",-15.8,24.25,FALSE
201939,"Stephen Curry","1610612744","Golden State Warriors",2016,"0021500434","20151223",-8.2,24.05,TRUE
201939,"Stephen Curry","1610612744","Golden State Warriors",2016,"0021500434","20151223",17.1,27.05,FALSE
201939,"Stephen Curry","1610612744","Golden State Warriors",2016,"0021500434","20151223",23.3,7.85,FALSE
201939,"Stephen Curry","1610612744","Golden State Warriors",2016,"0021500434","20151223",24.1,6.35,FALSE
201939,"Stephen Curry","1610612744","Golden State Warriors",2016,"0021500434","20151223",0.9,8.35,FALSE
201939,"Stephen Curry","1610612744","Golden State Warriors",2016,"0021500434","20151223",23.8,9.55,TRUE
201939,"Stephen Curry","1610612744","Golden State Warriors",2016,"0021500438","20151225",-0.4,6.85,FALSE
201939,"Stephen Curry","1610612744","Golden State Warriors",2016,"0021500438","20151225",-18.4,6.35,FALSE
201939,"Stephen Curry","1610612744","Golden State Warriors",2016,"0021500438","20151225",0.1,13.75,FALSE
201939,"Stephen Curry","1610612744","Golden State Warriors",2016,"0021500438","20151225",-0.4,5.95,TRUE
201939,"Stephen Curry","1610612744","Golden State Warriors",2016,"0021500438","20151225",20.4,26.55,TRUE
201939,"Stephen Curry","1610612744","Golden State Warriors",2016,"0021500438","20151225",-0.2,6.85,FALSE
201939,"Stephen Curry","1610612744","Golden State Warriors",2016,"0021500438","20151225",0,76.45,FALSE
201939,"Stephen Curry","1610612744","Golden State Warriors",2016,"0021500438","20151225",1.2,7.35,TRUE
201939,"Stephen Curry","1610612744","Golden State Warriors",2016,"0021500438","20151225",-6.9,23.55,FALSE
201939,"Stephen Curry","1610612744","Golden State Warriors",2016,"0021500438","20151225",-1.7,8.05,TRUE
201939,"Stephen Curry","1610612744","Golden State Warriors",2016,"0021500438","20151225",9.2,29.95,FALSE
201939,"Stephen Curry","1610612744","Golden State Warriors",2016,"0021500438","20151225",0.7,7.85,FALSE
201939,"Stephen Curry","1610612744","Golden State Warriors",2016,"0021500438","20151225",-0.4,6.35,TRUE
201939,"Stephen Curry","1610612744","Golden State Warriors",2016,"0021500438","20151225",-0.1,7.35,TRUE
201939,"Stephen Curry","1610612744","Golden State Warriors",2016,"0021500438","20151225",-17.1,25.25,FALSE
201939,"Stephen Curry","1610612744","Golden State Warriors",2016,"0021500468","20151228",-2.2,30.45,FALSE
201939,"Stephen Curry","1610612744","Golden State Warriors",2016,"0021500468","20151228",-18.6,5.45,FALSE
201939,"Stephen Curry","1610612744","Golden State Warriors",2016,"0021500468","20151228",6.1,29.45,FALSE
201939,"Stephen Curry","1610612744","Golden State Warriors",2016,"0021500468","20151228",5.2,31.15,FALSE
201939,"Stephen Curry","1610612744","Golden State Warriors",2016,"0021500468","20151228",-20.9,18.65,FALSE
201939,"Stephen Curry","1610612744","Golden State Warriors",2016,"0021500468","20151228",-2.2,30.65,FALSE
201939,"Stephen Curry","1610612744","Golden State Warriors",2016,"0021500468","20151228",19.7,22.15,TRUE
201939,"Stephen Curry","1610612744","Golden State Warriors",2016,"0021500468","20151228",22.5,5.15,TRUE
201939,"Stephen Curry","1610612744","Golden State Warriors",2016,"0021500468","20151228",5.5,31.45,TRUE
201939,"Stephen Curry","1610612744","Golden State Warriors",2016,"0021500468","20151228",2.2,32.95,TRUE
201939,"Stephen Curry","1610612744","Golden State Warriors",2016,"0021500468","20151228",0.6,7.85,TRUE
201939,"Stephen Curry","1610612744","Golden State Warriors",2016,"0021500468","20151228",11.7,30.95,TRUE
201939,"Stephen Curry","1610612744","Golden State Warriors",2016,"0021500468","20151228",16.9,24.55,FALSE
201939,"Stephen Curry","1610612744","Golden State Warriors",2016,"0021500468","20151228",1.2,7.85,FALSE
201939,"Stephen Curry","1610612744","Golden State Warriors",2016,"0021500468","20151228",-23.5,8.05,FALSE
201939,"Stephen Curry","1610612744","Golden State Warriors",2016,"0021500468","20151228",14.2,27.55,TRUE
201939,"Stephen Curry","1610612744","Golden State Warriors",2016,"0021500504","20160102",0.7,6.35,TRUE
201939,"Stephen Curry","1610612744","Golden State Warriors",2016,"0021500504","20160102",-23,15.25,FALSE
201939,"Stephen Curry","1610612744","Golden State Warriors",2016,"0021500504","20160102",23.7,9.85,FALSE
201939,"Stephen Curry","1610612744","Golden State Warriors",2016,"0021500504","20160102",17.6,26.55,TRUE
201939,"Stephen Curry","1610612744","Golden State Warriors",2016,"0021500504","20160102",22.5,18.15,FALSE
201939,"Stephen Curry","1610612744","Golden State Warriors",2016,"0021500504","20160102",20.4,20.65,FALSE
201939,"Stephen Curry","1610612744","Golden State Warriors",2016,"0021500520","20160104",18.6,23.25,TRUE
201939,"Stephen Curry","1610612744","Golden State Warriors",2016,"0021500520","20160104",0.6,6.35,TRUE
201939,"Stephen Curry","1610612744","Golden State Warriors",2016,"0021500520","20160104",20.7,22.75,FALSE
201939,"Stephen Curry","1610612744","Golden State Warriors",2016,"0021500520","20160104",1.6,7.55,TRUE
201939,"Stephen Curry","1610612744","Golden State Warriors",2016,"0021500520","20160104",-22.5,5.15,FALSE
201939,"Stephen Curry","1610612744","Golden State Warriors",2016,"0021500520","20160104",-1.2,6.55,TRUE
201939,"Stephen Curry","1610612744","Golden State Warriors",2016,"0021500520","20160104",-1.9,32.45,TRUE
201939,"Stephen Curry","1610612744","Golden State Warriors",2016,"0021500520","20160104",3.4,31.95,FALSE
201939,"Stephen Curry","1610612744","Golden State Warriors",2016,"0021500520","20160104",-8.9,7.35,TRUE
201939,"Stephen Curry","1610612744","Golden State Warriors",2016,"0021500520","20160104",10.6,9.55,FALSE
201939,"Stephen Curry","1610612744","Golden State Warriors",2016,"0021500520","20160104",-16.8,13.75,FALSE
201939,"Stephen Curry","1610612744","Golden State Warriors",2016,"0021500520","20160104",-15.8,26.55,TRUE
201939,"Stephen Curry","1610612744","Golden State Warriors",2016,"0021500520","20160104",-1.2,6.85,TRUE
201939,"Stephen Curry","1610612744","Golden State Warriors",2016,"0021500520","20160104",-20.4,19.15,TRUE
201939,"Stephen Curry","1610612744","Golden State Warriors",2016,"0021500520","20160104",-1.2,30.95,TRUE
201939,"Stephen Curry","1610612744","Golden State Warriors",2016,"0021500520","20160104",9.2,12.25,TRUE
201939,"Stephen Curry","1610612744","Golden State Warriors",2016,"0021500520","20160104",-18.6,25.05,FALSE
201939,"Stephen Curry","1610612744","Golden State Warriors",2016,"0021500520","20160104",1.6,6.35,FALSE
201939,"Stephen Curry","1610612744","Golden State Warriors",2016,"0021500520","20160104",2.2,6.55,FALSE
201939,"Stephen Curry","1610612744","Golden State Warriors",2016,"0021500520","20160104",0.6,7.85,TRUE
201939,"Stephen Curry","1610612744","Golden State Warriors",2016,"0021500520","20160104",-18.7,23.55,FALSE
201939,"Stephen Curry","1610612744","Golden State Warriors",2016,"0021500524","20160105",-14.3,24.55,FALSE
201939,"Stephen Curry","1610612744","Golden State Warriors",2016,"0021500524","20160105",-0.4,7.85,FALSE
201939,"Stephen Curry","1610612744","Golden State Warriors",2016,"0021500524","20160105",NA,NA,TRUE
201939,"Stephen Curry","1610612744","Golden State Warriors",2016,"0021500524","20160105",-0.5,7.35,TRUE
201939,"Stephen Curry","1610612744","Golden State Warriors",2016,"0021500524","20160105",19.4,23.05,TRUE
201939,"Stephen Curry","1610612744","Golden State Warriors",2016,"0021500524","20160105",-18.6,23.05,FALSE
201939,"Stephen Curry","1610612744","Golden State Warriors",2016,"0021500524","20160105",-0.9,6.85,FALSE
201939,"Stephen Curry","1610612744","Golden State Warriors",2016,"0021500524","20160105",-23.5,3.75,FALSE
201939,"Stephen Curry","1610612744","Golden State Warriors",2016,"0021500524","20160105",-14.1,26.65,TRUE
201939,"Stephen Curry","1610612744","Golden State Warriors",2016,"0021500524","20160105",-16.4,24.05,FALSE
201939,"Stephen Curry","1610612744","Golden State Warriors",2016,"0021500524","20160105",6,4.65,FALSE
201939,"Stephen Curry","1610612744","Golden State Warriors",2016,"0021500524","20160105",-0.4,7.85,TRUE
201939,"Stephen Curry","1610612744","Golden State Warriors",2016,"0021500524","20160105",23.7,3.15,TRUE
201939,"Stephen Curry","1610612744","Golden State Warriors",2016,"0021500548","20160108",-22.7,6.05,TRUE
201939,"Stephen Curry","1610612744","Golden State Warriors",2016,"0021500548","20160108",8.8,15.75,TRUE
201939,"Stephen Curry","1610612744","Golden State Warriors",2016,"0021500548","20160108",-20.7,5.55,FALSE
201939,"Stephen Curry","1610612744","Golden State Warriors",2016,"0021500548","20160108",-22.7,5.95,FALSE
201939,"Stephen Curry","1610612744","Golden State Warriors",2016,"0021500548","20160108",13.5,25.75,FALSE
201939,"Stephen Curry","1610612744","Golden State Warriors",2016,"0021500548","20160108",-0.9,5.95,TRUE
201939,"Stephen Curry","1610612744","Golden State Warriors",2016,"0021500548","20160108",-1.9,5.45,TRUE
201939,"Stephen Curry","1610612744","Golden State Warriors",2016,"0021500548","20160108",-20.4,18.65,FALSE
201939,"Stephen Curry","1610612744","Golden State Warriors",2016,"0021500548","20160108",-1.2,5.95,FALSE
201939,"Stephen Curry","1610612744","Golden State Warriors",2016,"0021500548","20160108",15.1,25.25,FALSE
201939,"Stephen Curry","1610612744","Golden State Warriors",2016,"0021500548","20160108",15.3,25.55,FALSE
201939,"Stephen Curry","1610612744","Golden State Warriors",2016,"0021500548","20160108",0.7,5.95,TRUE
201939,"Stephen Curry","1610612744","Golden State Warriors",2016,"0021500548","20160108",-6.3,28.95,FALSE
201939,"Stephen Curry","1610612744","Golden State Warriors",2016,"0021500548","20160108",-1.2,29.45,TRUE
201939,"Stephen Curry","1610612744","Golden State Warriors",2016,"0021500548","20160108",-12,26.55,TRUE
201939,"Stephen Curry","1610612744","Golden State Warriors",2016,"0021500548","20160108",-1.2,5.45,FALSE
201939,"Stephen Curry","1610612744","Golden State Warriors",2016,"0021500548","20160108",19.1,23.25,FALSE
201939,"Stephen Curry","1610612744","Golden State Warriors",2016,"0021500548","20160108",18.7,26.65,TRUE
201939,"Stephen Curry","1610612744","Golden State Warriors",2016,"0021500556","20160109",-4.6,29.65,FALSE
201939,"Stephen Curry","1610612744","Golden State Warriors",2016,"0021500556","20160109",-22.5,6.85,TRUE
201939,"Stephen Curry","1610612744","Golden State Warriors",2016,"0021500556","20160109",-22,18.35,FALSE
201939,"Stephen Curry","1610612744","Golden State Warriors",2016,"0021500556","20160109",8.4,29.15,FALSE
201939,"Stephen Curry","1610612744","Golden State Warriors",2016,"0021500556","20160109",17.6,22.15,TRUE
201939,"Stephen Curry","1610612744","Golden State Warriors",2016,"0021500556","20160109",-0.4,14.25,TRUE
201939,"Stephen Curry","1610612744","Golden State Warriors",2016,"0021500556","20160109",-9.7,6.35,FALSE
201939,"Stephen Curry","1610612744","Golden State Warriors",2016,"0021500556","20160109",4.3,30.15,FALSE
201939,"Stephen Curry","1610612744","Golden State Warriors",2016,"0021500556","20160109",-2.4,7.35,TRUE
201939,"Stephen Curry","1610612744","Golden State Warriors",2016,"0021500556","20160109",-4.6,33.05,TRUE
201939,"Stephen Curry","1610612744","Golden State Warriors",2016,"0021500556","20160109",14.8,28.05,TRUE
201939,"Stephen Curry","1610612744","Golden State Warriors",2016,"0021500556","20160109",-21.3,22.65,FALSE
201939,"Stephen Curry","1610612744","Golden State Warriors",2016,"0021500556","20160109",2.4,11.75,FALSE
201939,"Stephen Curry","1610612744","Golden State Warriors",2016,"0021500556","20160109",1.9,29.95,FALSE
201939,"Stephen Curry","1610612744","Golden State Warriors",2016,"0021500556","20160109",22.5,17.25,TRUE
201939,"Stephen Curry","1610612744","Golden State Warriors",2016,"0021500556","20160109",-1.2,12.25,TRUE
201939,"Stephen Curry","1610612744","Golden State Warriors",2016,"0021500556","20160109",-18.9,22.65,TRUE
201939,"Stephen Curry","1610612744","Golden State Warriors",2016,"0021500556","20160109",-3.7,6.35,FALSE
201939,"Stephen Curry","1610612744","Golden State Warriors",2016,"0021500556","20160109",23.2,6.85,TRUE
201939,"Stephen Curry","1610612744","Golden State Warriors",2016,"0021500556","20160109",20.5,22.15,TRUE
201939,"Stephen Curry","1610612744","Golden State Warriors",2016,"0021500556","20160109",2.4,27.65,TRUE
201939,"Stephen Curry","1610612744","Golden State Warriors",2016,"0021500568","20160111",0.2,27.55,FALSE
201939,"Stephen Curry","1610612744","Golden State Warriors",2016,"0021500568","20160111",23.3,6.35,TRUE
201939,"Stephen Curry","1610612744","Golden State Warriors",2016,"0021500568","20160111",0.4,11.75,FALSE
201939,"Stephen Curry","1610612744","Golden State Warriors",2016,"0021500568","20160111",0.1,7.35,FALSE
201939,"Stephen Curry","1610612744","Golden State Warriors",2016,"0021500568","20160111",0.4,7.35,TRUE
201939,"Stephen Curry","1610612744","Golden State Warriors",2016,"0021500568","20160111",0.9,6.55,TRUE
201939,"Stephen Curry","1610612744","Golden State Warriors",2016,"0021500568","20160111",0.9,6.85,FALSE
201939,"Stephen Curry","1610612744","Golden State Warriors",2016,"0021500568","20160111",-10.7,29.45,FALSE
201939,"Stephen Curry","1610612744","Golden State Warriors",2016,"0021500568","20160111",0.7,12.75,TRUE
201939,"Stephen Curry","1610612744","Golden State Warriors",2016,"0021500568","20160111",0.2,9.35,FALSE
201939,"Stephen Curry","1610612744","Golden State Warriors",2016,"0021500568","20160111",-6.8,20.65,TRUE
201939,"Stephen Curry","1610612744","Golden State Warriors",2016,"0021500568","20160111",-9.9,28.05,FALSE
201939,"Stephen Curry","1610612744","Golden State Warriors",2016,"0021500568","20160111",20.2,24.05,TRUE
201939,"Stephen Curry","1610612744","Golden State Warriors",2016,"0021500568","20160111",1.9,9.35,FALSE
201939,"Stephen Curry","1610612744","Golden State Warriors",2016,"0021500568","20160111",0.6,6.05,TRUE
201939,"Stephen Curry","1610612744","Golden State Warriors",2016,"0021500568","20160111",-0.1,20.15,TRUE
201939,"Stephen Curry","1610612744","Golden State Warriors",2016,"0021500568","20160111",-18.6,28.65,FALSE
201939,"Stephen Curry","1610612744","Golden State Warriors",2016,"0021500568","20160111",-16.6,26.55,FALSE
201939,"Stephen Curry","1610612744","Golden State Warriors",2016,"0021500568","20160111",-2.2,7.05,FALSE
201939,"Stephen Curry","1610612744","Golden State Warriors",2016,"0021500568","20160111",11.4,11.75,FALSE
201939,"Stephen Curry","1610612744","Golden State Warriors",2016,"0021500568","20160111",-22.7,3.35,FALSE
201939,"Stephen Curry","1610612744","Golden State Warriors",2016,"0021500568","20160111",-13.3,54.85,FALSE
201939,"Stephen Curry","1610612744","Golden State Warriors",2016,"0021500568","20160111",0.6,11.85,FALSE
201939,"Stephen Curry","1610612744","Golden State Warriors",2016,"0021500568","20160111",-22.2,20.15,FALSE
201939,"Stephen Curry","1610612744","Golden State Warriors",2016,"0021500568","20160111",14,27.05,TRUE
201939,"Stephen Curry","1610612744","Golden State Warriors",2016,"0021500568","20160111",-12.7,18.65,TRUE
201939,"Stephen Curry","1610612744","Golden State Warriors",2016,"0021500568","20160111",11.7,28.45,TRUE
201939,"Stephen Curry","1610612744","Golden State Warriors",2016,"0021500583","20160113",1.7,5.15,FALSE
201939,"Stephen Curry","1610612744","Golden State Warriors",2016,"0021500583","20160113",11.7,28.45,FALSE
201939,"Stephen Curry","1610612744","Golden State Warriors",2016,"0021500583","20160113",-14.3,26.05,TRUE
201939,"Stephen Curry","1610612744","Golden State Warriors",2016,"0021500583","20160113",0,5.45,FALSE
201939,"Stephen Curry","1610612744","Golden State Warriors",2016,"0021500583","20160113",-18.6,23.05,FALSE
201939,"Stephen Curry","1610612744","Golden State Warriors",2016,"0021500583","20160113",-18.1,9.95,FALSE
201939,"Stephen Curry","1610612744","Golden State Warriors",2016,"0021500583","20160113",-15,26.05,FALSE
201939,"Stephen Curry","1610612744","Golden State Warriors",2016,"0021500583","20160113",1.4,5.25,TRUE
201939,"Stephen Curry","1610612744","Golden State Warriors",2016,"0021500583","20160113",-16.4,26.25,TRUE
201939,"Stephen Curry","1610612744","Golden State Warriors",2016,"0021500583","20160113",8.6,28.95,FALSE
201939,"Stephen Curry","1610612744","Golden State Warriors",2016,"0021500583","20160113",14.3,12.75,TRUE
201939,"Stephen Curry","1610612744","Golden State Warriors",2016,"0021500583","20160113",-0.6,9.95,TRUE
201939,"Stephen Curry","1610612744","Golden State Warriors",2016,"0021500583","20160113",-12.8,27.05,FALSE
201939,"Stephen Curry","1610612744","Golden State Warriors",2016,"0021500583","20160113",-13.5,26.05,FALSE
201939,"Stephen Curry","1610612744","Golden State Warriors",2016,"0021500583","20160113",10.1,29.95,FALSE
201939,"Stephen Curry","1610612744","Golden State Warriors",2016,"0021500583","20160113",-0.9,5.15,TRUE
201939,"Stephen Curry","1610612744","Golden State Warriors",2016,"0021500583","20160113",-0.9,5.55,FALSE
201939,"Stephen Curry","1610612744","Golden State Warriors",2016,"0021500583","20160113",-1.9,5.95,FALSE
201939,"Stephen Curry","1610612744","Golden State Warriors",2016,"0021500583","20160113",-1.7,5.55,TRUE
201939,"Stephen Curry","1610612744","Golden State Warriors",2016,"0021500583","20160113",19.6,25.05,TRUE
201939,"Stephen Curry","1610612744","Golden State Warriors",2016,"0021500583","20160113",1.2,6.05,TRUE
201939,"Stephen Curry","1610612744","Golden State Warriors",2016,"0021500583","20160113",0.7,6.85,TRUE
201939,"Stephen Curry","1610612744","Golden State Warriors",2016,"0021500583","20160113",-15,24.25,TRUE
201939,"Stephen Curry","1610612744","Golden State Warriors",2016,"0021500583","20160113",-1.9,6.55,TRUE
201939,"Stephen Curry","1610612744","Golden State Warriors",2016,"0021500583","20160113",13.8,35.55,TRUE
201939,"Stephen Curry","1610612744","Golden State Warriors",2016,"0021500592","20160114",-0.2,6.85,FALSE
201939,"Stephen Curry","1610612744","Golden State Warriors",2016,"0021500592","20160114",20.7,23.05,FALSE
201939,"Stephen Curry","1610612744","Golden State Warriors",2016,"0021500592","20160114",0.7,31.15,TRUE
201939,"Stephen Curry","1610612744","Golden State Warriors",2016,"0021500592","20160114",-4.3,31.95,TRUE
201939,"Stephen Curry","1610612744","Golden State Warriors",2016,"0021500592","20160114",18.7,24.25,TRUE
201939,"Stephen Curry","1610612744","Golden State Warriors",2016,"0021500592","20160114",-19.2,23.05,FALSE
201939,"Stephen Curry","1610612744","Golden State Warriors",2016,"0021500592","20160114",4.2,66.35,FALSE
201939,"Stephen Curry","1610612744","Golden State Warriors",2016,"0021500592","20160114",21.5,21.15,TRUE
201939,"Stephen Curry","1610612744","Golden State Warriors",2016,"0021500592","20160114",9.9,29.45,TRUE
201939,"Stephen Curry","1610612744","Golden State Warriors",2016,"0021500592","20160114",19.7,21.15,FALSE
201939,"Stephen Curry","1610612744","Golden State Warriors",2016,"0021500592","20160114",23.5,9.95,FALSE
201939,"Stephen Curry","1610612744","Golden State Warriors",2016,"0021500592","20160114",-19.7,19.65,TRUE
201939,"Stephen Curry","1610612744","Golden State Warriors",2016,"0021500592","20160114",-18.4,21.65,FALSE
201939,"Stephen Curry","1610612744","Golden State Warriors",2016,"0021500592","20160114",-14.5,27.55,TRUE
201939,"Stephen Curry","1610612744","Golden State Warriors",2016,"0021500592","20160114",23.8,10.85,TRUE
201939,"Stephen Curry","1610612744","Golden State Warriors",2016,"0021500592","20160114",-16.9,24.25,FALSE
201939,"Stephen Curry","1610612744","Golden State Warriors",2016,"0021500592","20160114",0,5.35,TRUE
201939,"Stephen Curry","1610612744","Golden State Warriors",2016,"0021500592","20160114",-17.6,29.95,FALSE
201939,"Stephen Curry","1610612744","Golden State Warriors",2016,"0021500605","20160116",15.8,26.05,FALSE
201939,"Stephen Curry","1610612744","Golden State Warriors",2016,"0021500605","20160116",-11.5,29.15,FALSE
201939,"Stephen Curry","1610612744","Golden State Warriors",2016,"0021500605","20160116",4,20.35,TRUE
201939,"Stephen Curry","1610612744","Golden State Warriors",2016,"0021500605","20160116",0.9,4.65,TRUE
201939,"Stephen Curry","1610612744","Golden State Warriors",2016,"0021500605","20160116",9.7,33.45,TRUE
201939,"Stephen Curry","1610612744","Golden State Warriors",2016,"0021500605","20160116",16.3,26.55,TRUE
201939,"Stephen Curry","1610612744","Golden State Warriors",2016,"0021500605","20160116",6,32.15,FALSE
201939,"Stephen Curry","1610612744","Golden State Warriors",2016,"0021500605","20160116",14.7,11.95,TRUE
201939,"Stephen Curry","1610612744","Golden State Warriors",2016,"0021500605","20160116",19.1,25.05,FALSE
201939,"Stephen Curry","1610612744","Golden State Warriors",2016,"0021500605","20160116",0.1,5.45,TRUE
201939,"Stephen Curry","1610612744","Golden State Warriors",2016,"0021500605","20160116",-7.1,31.95,FALSE
201939,"Stephen Curry","1610612744","Golden State Warriors",2016,"0021500605","20160116",-6.4,7.85,FALSE
201939,"Stephen Curry","1610612744","Golden State Warriors",2016,"0021500605","20160116",-8.2,18.65,FALSE
201939,"Stephen Curry","1610612744","Golden State Warriors",2016,"0021500605","20160116",0.2,5.15,TRUE
201939,"Stephen Curry","1610612744","Golden State Warriors",2016,"0021500605","20160116",-14.3,16.25,FALSE
201939,"Stephen Curry","1610612744","Golden State Warriors",2016,"0021500605","20160116",0.2,11.45,FALSE
201939,"Stephen Curry","1610612744","Golden State Warriors",2016,"0021500605","20160116",-21.3,19.35,TRUE
201939,"Stephen Curry","1610612744","Golden State Warriors",2016,"0021500605","20160116",15.1,26.55,TRUE
201939,"Stephen Curry","1610612744","Golden State Warriors",2016,"0021500605","20160116",11.4,28.65,TRUE
201939,"Stephen Curry","1610612744","Golden State Warriors",2016,"0021500605","20160116",-8.9,29.45,FALSE
201939,"Stephen Curry","1610612744","Golden State Warriors",2016,"0021500605","20160116",-12.5,28.65,TRUE
201939,"Stephen Curry","1610612744","Golden State Warriors",2016,"0021500605","20160116",23.8,9.35,FALSE
201939,"Stephen Curry","1610612744","Golden State Warriors",2016,"0021500605","20160116",-6.1,8.85,FALSE
201939,"Stephen Curry","1610612744","Golden State Warriors",2016,"0021500605","20160116",-9.4,30.45,TRUE
201939,"Stephen Curry","1610612744","Golden State Warriors",2016,"0021500605","20160116",7.3,19.35,TRUE
201939,"Stephen Curry","1610612744","Golden State Warriors",2016,"0021500605","20160116",-23.3,15.25,FALSE
201939,"Stephen Curry","1610612744","Golden State Warriors",2016,"0021500622","20160118",12.5,30.65,TRUE
201939,"Stephen Curry","1610612744","Golden State Warriors",2016,"0021500622","20160118",1.6,5.15,TRUE
201939,"Stephen Curry","1610612744","Golden State Warriors",2016,"0021500622","20160118",19.1,21.25,FALSE
201939,"Stephen Curry","1610612744","Golden State Warriors",2016,"0021500622","20160118",-21,16.75,TRUE
201939,"Stephen Curry","1610612744","Golden State Warriors",2016,"0021500622","20160118",0.7,4.25,TRUE
201939,"Stephen Curry","1610612744","Golden State Warriors",2016,"0021500622","20160118",5,31.95,TRUE
201939,"Stephen Curry","1610612744","Golden State Warriors",2016,"0021500622","20160118",-21.3,16.75,TRUE
201939,"Stephen Curry","1610612744","Golden State Warriors",2016,"0021500622","20160118",0.9,5.45,TRUE
201939,"Stephen Curry","1610612744","Golden State Warriors",2016,"0021500622","20160118",0.9,9.35,FALSE
201939,"Stephen Curry","1610612744","Golden State Warriors",2016,"0021500622","20160118",-0.2,4.65,TRUE
201939,"Stephen Curry","1610612744","Golden State Warriors",2016,"0021500622","20160118",-13.3,25.55,TRUE
201939,"Stephen Curry","1610612744","Golden State Warriors",2016,"0021500622","20160118",21.7,18.65,FALSE
201939,"Stephen Curry","1610612744","Golden State Warriors",2016,"0021500622","20160118",21.5,20.35,FALSE
201939,"Stephen Curry","1610612744","Golden State Warriors",2016,"0021500622","20160118",24.5,6.55,TRUE
201939,"Stephen Curry","1610612744","Golden State Warriors",2016,"0021500622","20160118",13.2,30.95,FALSE
201939,"Stephen Curry","1610612744","Golden State Warriors",2016,"0021500622","20160118",0.7,5.45,TRUE
201939,"Stephen Curry","1610612744","Golden State Warriors",2016,"0021500622","20160118",-6.3,30.15,TRUE
201939,"Stephen Curry","1610612744","Golden State Warriors",2016,"0021500622","20160118",-9.1,28.65,FALSE
201939,"Stephen Curry","1610612744","Golden State Warriors",2016,"0021500634","20160120",14.2,26.25,FALSE
201939,"Stephen Curry","1610612744","Golden State Warriors",2016,"0021500634","20160120",-4.3,28.95,TRUE
201939,"Stephen Curry","1610612744","Golden State Warriors",2016,"0021500634","20160120",-9.2,28.45,FALSE
201939,"Stephen Curry","1610612744","Golden State Warriors",2016,"0021500634","20160120",1.9,5.45,FALSE
201939,"Stephen Curry","1610612744","Golden State Warriors",2016,"0021500634","20160120",0.6,5.45,TRUE
201939,"Stephen Curry","1610612744","Golden State Warriors",2016,"0021500634","20160120",9.9,21.15,TRUE
201939,"Stephen Curry","1610612744","Golden State Warriors",2016,"0021500634","20160120",19.6,16.35,TRUE
201939,"Stephen Curry","1610612744","Golden State Warriors",2016,"0021500634","20160120",15.6,25.55,FALSE
201939,"Stephen Curry","1610612744","Golden State Warriors",2016,"0021500634","20160120",-10.9,23.25,FALSE
201939,"Stephen Curry","1610612744","Golden State Warriors",2016,"0021500634","20160120",-11.2,9.05,FALSE
201939,"Stephen Curry","1610612744","Golden State Warriors",2016,"0021500634","20160120",2,5.65,FALSE
201939,"Stephen Curry","1610612744","Golden State Warriors",2016,"0021500634","20160120",8.6,5.25,TRUE
201939,"Stephen Curry","1610612744","Golden State Warriors",2016,"0021500634","20160120",12,28.45,FALSE
201939,"Stephen Curry","1610612744","Golden State Warriors",2016,"0021500634","20160120",-1.7,30.15,FALSE
201939,"Stephen Curry","1610612744","Golden State Warriors",2016,"0021500634","20160120",-13.7,25.55,TRUE
201939,"Stephen Curry","1610612744","Golden State Warriors",2016,"0021500634","20160120",0,5.35,TRUE
201939,"Stephen Curry","1610612744","Golden State Warriors",2016,"0021500634","20160120",-4,30.45,TRUE
201939,"Stephen Curry","1610612744","Golden State Warriors",2016,"0021500634","20160120",-17.3,23.55,FALSE
201939,"Stephen Curry","1610612744","Golden State Warriors",2016,"0021500652","20160122",-11.4,26.55,TRUE
201939,"Stephen Curry","1610612744","Golden State Warriors",2016,"0021500652","20160122",-13.7,28.45,FALSE
201939,"Stephen Curry","1610612744","Golden State Warriors",2016,"0021500652","20160122",1.6,31.15,TRUE
201939,"Stephen Curry","1610612744","Golden State Warriors",2016,"0021500652","20160122",15.1,18.15,FALSE
201939,"Stephen Curry","1610612744","Golden State Warriors",2016,"0021500652","20160122",-9.7,28.95,FALSE
201939,"Stephen Curry","1610612744","Golden State Warriors",2016,"0021500652","20160122",-12.7,26.25,FALSE
201939,"Stephen Curry","1610612744","Golden State Warriors",2016,"0021500652","20160122",-9.9,32.15,TRUE
201939,"Stephen Curry","1610612744","Golden State Warriors",2016,"0021500652","20160122",-11.7,51.95,TRUE
201939,"Stephen Curry","1610612744","Golden State Warriors",2016,"0021500652","20160122",-8.4,28.45,FALSE
201939,"Stephen Curry","1610612744","Golden State Warriors",2016,"0021500652","20160122",-10.5,28.05,TRUE
201939,"Stephen Curry","1610612744","Golden State Warriors",2016,"0021500652","20160122",-22.8,9.35,FALSE
201939,"Stephen Curry","1610612744","Golden State Warriors",2016,"0021500652","20160122",22.8,7.05,TRUE
201939,"Stephen Curry","1610612744","Golden State Warriors",2016,"0021500652","20160122",-8.2,30.65,FALSE
201939,"Stephen Curry","1610612744","Golden State Warriors",2016,"0021500652","20160122",15.3,28.15,FALSE
201939,"Stephen Curry","1610612744","Golden State Warriors",2016,"0021500652","20160122",-2,5.95,TRUE
201939,"Stephen Curry","1610612744","Golden State Warriors",2016,"0021500652","20160122",-0.1,18.35,TRUE
201939,"Stephen Curry","1610612744","Golden State Warriors",2016,"0021500652","20160122",-11.4,28.05,TRUE
201939,"Stephen Curry","1610612744","Golden State Warriors",2016,"0021500652","20160122",23.3,7.05,TRUE
201939,"Stephen Curry","1610612744","Golden State Warriors",2016,"0021500652","20160122",-0.1,6.55,TRUE
201939,"Stephen Curry","1610612744","Golden State Warriors",2016,"0021500675","20160125",23.8,8.35,FALSE
201939,"Stephen Curry","1610612744","Golden State Warriors",2016,"0021500675","20160125",-4,32.95,TRUE
201939,"Stephen Curry","1610612744","Golden State Warriors",2016,"0021500675","20160125",0,6.35,TRUE
201939,"Stephen Curry","1610612744","Golden State Warriors",2016,"0021500675","20160125",16.9,25.75,TRUE
201939,"Stephen Curry","1610612744","Golden State Warriors",2016,"0021500675","20160125",0.1,7.85,FALSE
201939,"Stephen Curry","1610612744","Golden State Warriors",2016,"0021500675","20160125",-1.7,9.35,FALSE
201939,"Stephen Curry","1610612744","Golden State Warriors",2016,"0021500675","20160125",-22.7,8.55,TRUE
201939,"Stephen Curry","1610612744","Golden State Warriors",2016,"0021500675","20160125",-0.2,7.85,TRUE
201939,"Stephen Curry","1610612744","Golden State Warriors",2016,"0021500675","20160125",2.5,14.95,TRUE
201939,"Stephen Curry","1610612744","Golden State Warriors",2016,"0021500675","20160125",-18.1,16.25,TRUE
201939,"Stephen Curry","1610612744","Golden State Warriors",2016,"0021500675","20160125",2,6.15,FALSE
201939,"Stephen Curry","1610612744","Golden State Warriors",2016,"0021500675","20160125",-0.2,17.65,TRUE
201939,"Stephen Curry","1610612744","Golden State Warriors",2016,"0021500675","20160125",-1.4,30.95,TRUE
201939,"Stephen Curry","1610612744","Golden State Warriors",2016,"0021500675","20160125",4,32.55,TRUE
201939,"Stephen Curry","1610612744","Golden State Warriors",2016,"0021500675","20160125",-8.9,29.15,FALSE
201939,"Stephen Curry","1610612744","Golden State Warriors",2016,"0021500675","20160125",1.1,6.85,FALSE
201939,"Stephen Curry","1610612744","Golden State Warriors",2016,"0021500675","20160125",-2.4,8.35,TRUE
201939,"Stephen Curry","1610612744","Golden State Warriors",2016,"0021500675","20160125",12.4,31.15,FALSE
201939,"Stephen Curry","1610612744","Golden State Warriors",2016,"0021500675","20160125",-2.5,8.35,FALSE
201939,"Stephen Curry","1610612744","Golden State Warriors",2016,"0021500675","20160125",-23,5.15,TRUE
201939,"Stephen Curry","1610612744","Golden State Warriors",2016,"0021500691","20160127",-10.1,21.75,FALSE
201939,"Stephen Curry","1610612744","Golden State Warriors",2016,"0021500691","20160127",10.9,31.95,FALSE
201939,"Stephen Curry","1610612744","Golden State Warriors",2016,"0021500691","20160127",22.7,10.35,FALSE
201939,"Stephen Curry","1610612744","Golden State Warriors",2016,"0021500691","20160127",23.3,7.55,FALSE
201939,"Stephen Curry","1610612744","Golden State Warriors",2016,"0021500691","20160127",-1,6.85,TRUE
201939,"Stephen Curry","1610612744","Golden State Warriors",2016,"0021500691","20160127",-10.9,18.35,FALSE
201939,"Stephen Curry","1610612744","Golden State Warriors",2016,"0021500691","20160127",23.7,5.55,FALSE
201939,"Stephen Curry","1610612744","Golden State Warriors",2016,"0021500691","20160127",-10.9,23.25,FALSE
201939,"Stephen Curry","1610612744","Golden State Warriors",2016,"0021500691","20160127",-18.6,22.15,TRUE
201939,"Stephen Curry","1610612744","Golden State Warriors",2016,"0021500691","20160127",-2.2,31.45,TRUE
201939,"Stephen Curry","1610612744","Golden State Warriors",2016,"0021500691","20160127",-15.3,29.45,TRUE
201939,"Stephen Curry","1610612744","Golden State Warriors",2016,"0021500707","20160130",9.4,9.85,FALSE
201939,"Stephen Curry","1610612744","Golden State Warriors",2016,"0021500707","20160130",-23.2,14.25,FALSE
201939,"Stephen Curry","1610612744","Golden State Warriors",2016,"0021500707","20160130",23.5,6.65,FALSE
201939,"Stephen Curry","1610612744","Golden State Warriors",2016,"0021500707","20160130",17.8,22.65,TRUE
201939,"Stephen Curry","1610612744","Golden State Warriors",2016,"0021500707","20160130",-4.2,4.65,TRUE
201939,"Stephen Curry","1610612744","Golden State Warriors",2016,"0021500707","20160130",23.7,8.35,TRUE
201939,"Stephen Curry","1610612744","Golden State Warriors",2016,"0021500707","20160130",-4.8,30.45,FALSE
201939,"Stephen Curry","1610612744","Golden State Warriors",2016,"0021500707","20160130",8.4,29.15,TRUE
201939,"Stephen Curry","1610612744","Golden State Warriors",2016,"0021500707","20160130",1.4,4.15,TRUE
201939,"Stephen Curry","1610612744","Golden State Warriors",2016,"0021500707","20160130",-0.4,7.85,TRUE
201939,"Stephen Curry","1610612744","Golden State Warriors",2016,"0021500707","20160130",-1,32.15,FALSE
201939,"Stephen Curry","1610612744","Golden State Warriors",2016,"0021500707","20160130",0.2,31.15,FALSE
201939,"Stephen Curry","1610612744","Golden State Warriors",2016,"0021500707","20160130",1.6,30.95,TRUE
201939,"Stephen Curry","1610612744","Golden State Warriors",2016,"0021500707","20160130",1.9,4.15,FALSE
201939,"Stephen Curry","1610612744","Golden State Warriors",2016,"0021500707","20160130",1,5.75,FALSE
201939,"Stephen Curry","1610612744","Golden State Warriors",2016,"0021500707","20160130",-5,9.35,FALSE
201939,"Stephen Curry","1610612744","Golden State Warriors",2016,"0021500707","20160130",7.3,29.45,TRUE
201939,"Stephen Curry","1610612744","Golden State Warriors",2016,"0021500707","20160130",-1,33.05,FALSE
201939,"Stephen Curry","1610612744","Golden State Warriors",2016,"0021500707","20160130",-0.6,5.25,TRUE
201939,"Stephen Curry","1610612744","Golden State Warriors",2016,"0021500718","20160131",-11.9,30.45,FALSE
201939,"Stephen Curry","1610612744","Golden State Warriors",2016,"0021500718","20160131",15,25.25,FALSE
201939,"Stephen Curry","1610612744","Golden State Warriors",2016,"0021500718","20160131",5.5,23.05,FALSE
201939,"Stephen Curry","1610612744","Golden State Warriors",2016,"0021500718","20160131",-0.2,6.35,TRUE
201939,"Stephen Curry","1610612744","Golden State Warriors",2016,"0021500718","20160131",23.8,10.35,FALSE
201939,"Stephen Curry","1610612744","Golden State Warriors",2016,"0021500718","20160131",23.2,3.35,FALSE
201939,"Stephen Curry","1610612744","Golden State Warriors",2016,"0021500718","20160131",10.6,26.65,TRUE
201939,"Stephen Curry","1610612744","Golden State Warriors",2016,"0021500718","20160131",-9.1,29.95,TRUE
201939,"Stephen Curry","1610612744","Golden State Warriors",2016,"0021500718","20160131",4.5,8.55,FALSE
201939,"Stephen Curry","1610612744","Golden State Warriors",2016,"0021500718","20160131",13.3,25.55,FALSE
201939,"Stephen Curry","1610612744","Golden State Warriors",2016,"0021500718","20160131",9.4,13.45,TRUE
201939,"Stephen Curry","1610612744","Golden State Warriors",2016,"0021500718","20160131",2.4,6.55,FALSE
201939,"Stephen Curry","1610612744","Golden State Warriors",2016,"0021500718","20160131",-10.9,28.05,FALSE
201939,"Stephen Curry","1610612744","Golden State Warriors",2016,"0021500718","20160131",0.7,5.25,FALSE
201939,"Stephen Curry","1610612744","Golden State Warriors",2016,"0021500718","20160131",13.7,25.55,FALSE
201939,"Stephen Curry","1610612744","Golden State Warriors",2016,"0021500718","20160131",16.8,27.05,TRUE
201939,"Stephen Curry","1610612744","Golden State Warriors",2016,"0021500718","20160131",-4.3,30.95,FALSE
201939,"Stephen Curry","1610612744","Golden State Warriors",2016,"0021500739","20160203",-15.1,27.05,TRUE
201939,"Stephen Curry","1610612744","Golden State Warriors",2016,"0021500739","20160203",21.9,17.65,TRUE
201939,"Stephen Curry","1610612744","Golden State Warriors",2016,"0021500739","20160203",-19.5,25.05,TRUE
201939,"Stephen Curry","1610612744","Golden State Warriors",2016,"0021500739","20160203",12.2,28.05,TRUE
201939,"Stephen Curry","1610612744","Golden State Warriors",2016,"0021500739","20160203",-0.9,3.65,TRUE
201939,"Stephen Curry","1610612744","Golden State Warriors",2016,"0021500739","20160203",4.8,29.15,TRUE
201939,"Stephen Curry","1610612744","Golden State Warriors",2016,"0021500739","20160203",23.3,5.55,FALSE
201939,"Stephen Curry","1610612744","Golden State Warriors",2016,"0021500739","20160203",14.8,25.75,TRUE
201939,"Stephen Curry","1610612744","Golden State Warriors",2016,"0021500739","20160203",1.6,30.45,TRUE
201939,"Stephen Curry","1610612744","Golden State Warriors",2016,"0021500739","20160203",-11.2,22.65,TRUE
201939,"Stephen Curry","1610612744","Golden State Warriors",2016,"0021500739","20160203",0.7,5.25,TRUE
201939,"Stephen Curry","1610612744","Golden State Warriors",2016,"0021500739","20160203",-0.4,3.65,TRUE
201939,"Stephen Curry","1610612744","Golden State Warriors",2016,"0021500739","20160203",0.1,5.55,TRUE
201939,"Stephen Curry","1610612744","Golden State Warriors",2016,"0021500739","20160203",-15.1,27.05,TRUE
201939,"Stephen Curry","1610612744","Golden State Warriors",2016,"0021500739","20160203",-14.2,22.85,FALSE
201939,"Stephen Curry","1610612744","Golden State Warriors",2016,"0021500739","20160203",1.6,6.55,FALSE
201939,"Stephen Curry","1610612744","Golden State Warriors",2016,"0021500739","20160203",-1.4,14.75,TRUE
201939,"Stephen Curry","1610612744","Golden State Warriors",2016,"0021500739","20160203",-6.8,17.35,FALSE
201939,"Stephen Curry","1610612744","Golden State Warriors",2016,"0021500739","20160203",-12.2,28.15,FALSE
201939,"Stephen Curry","1610612744","Golden State Warriors",2016,"0021500739","20160203",20.9,22.15,TRUE
201939,"Stephen Curry","1610612744","Golden State Warriors",2016,"0021500739","20160203",-20.7,25.55,TRUE
201939,"Stephen Curry","1610612744","Golden State Warriors",2016,"0021500739","20160203",0.9,5.15,FALSE
201939,"Stephen Curry","1610612744","Golden State Warriors",2016,"0021500739","20160203",-12.2,30.95,FALSE
201939,"Stephen Curry","1610612744","Golden State Warriors",2016,"0021500739","20160203",-11.9,7.85,FALSE
201939,"Stephen Curry","1610612744","Golden State Warriors",2016,"0021500739","20160203",14.3,28.15,FALSE
201939,"Stephen Curry","1610612744","Golden State Warriors",2016,"0021500739","20160203",21.2,24.05,TRUE
201939,"Stephen Curry","1610612744","Golden State Warriors",2016,"0021500739","20160203",0.4,5.45,TRUE
201939,"Stephen Curry","1610612744","Golden State Warriors",2016,"0021500739","20160203",2.4,5.25,TRUE
201939,"Stephen Curry","1610612744","Golden State Warriors",2016,"0021500769","20160206",18.6,22.75,FALSE
201939,"Stephen Curry","1610612744","Golden State Warriors",2016,"0021500769","20160206",-12.8,16.75,FALSE
201939,"Stephen Curry","1610612744","Golden State Warriors",2016,"0021500769","20160206",17.8,31.45,FALSE
201939,"Stephen Curry","1610612744","Golden State Warriors",2016,"0021500769","20160206",-3.2,30.95,TRUE
201939,"Stephen Curry","1610612744","Golden State Warriors",2016,"0021500769","20160206",0,7.35,TRUE
201939,"Stephen Curry","1610612744","Golden State Warriors",2016,"0021500769","20160206",-1.2,7.35,FALSE
201939,"Stephen Curry","1610612744","Golden State Warriors",2016,"0021500769","20160206",-7.4,29.45,FALSE
201939,"Stephen Curry","1610612744","Golden State Warriors",2016,"0021500769","20160206",1.2,30.95,FALSE
201939,"Stephen Curry","1610612744","Golden State Warriors",2016,"0021500769","20160206",0.5,26.95,TRUE
201939,"Stephen Curry","1610612744","Golden State Warriors",2016,"0021500769","20160206",14.2,14.25,TRUE
201939,"Stephen Curry","1610612744","Golden State Warriors",2016,"0021500769","20160206",-2.7,21.75,FALSE
201939,"Stephen Curry","1610612744","Golden State Warriors",2016,"0021500769","20160206",0.7,6.35,TRUE
201939,"Stephen Curry","1610612744","Golden State Warriors",2016,"0021500769","20160206",6.3,12.95,FALSE
201939,"Stephen Curry","1610612744","Golden State Warriors",2016,"0021500769","20160206",-0.4,6.85,TRUE
201939,"Stephen Curry","1610612744","Golden State Warriors",2016,"0021500769","20160206",-11,28.45,FALSE
201939,"Stephen Curry","1610612744","Golden State Warriors",2016,"0021500769","20160206",1.1,5.45,FALSE
201939,"Stephen Curry","1610612744","Golden State Warriors",2016,"0021500769","20160206",0.4,9.05,TRUE
201939,"Stephen Curry","1610612744","Golden State Warriors",2016,"0021500769","20160206",9.6,28.45,FALSE
201939,"Stephen Curry","1610612744","Golden State Warriors",2016,"0021500769","20160206",0.4,6.35,FALSE
201939,"Stephen Curry","1610612744","Golden State Warriors",2016,"0021500769","20160206",2.5,7.85,FALSE
201939,"Stephen Curry","1610612744","Golden State Warriors",2016,"0021500769","20160206",9.6,28.95,FALSE
201939,"Stephen Curry","1610612744","Golden State Warriors",2016,"0021500769","20160206",0.6,13.75,FALSE
201939,"Stephen Curry","1610612744","Golden State Warriors",2016,"0021500769","20160206",-1.4,6.35,TRUE
201939,"Stephen Curry","1610612744","Golden State Warriors",2016,"0021500769","20160206",-18.6,25.55,FALSE
201939,"Stephen Curry","1610612744","Golden State Warriors",2016,"0021500769","20160206",0.7,8.05,TRUE
201939,"Stephen Curry","1610612744","Golden State Warriors",2016,"0021500769","20160206",-13.3,16.35,TRUE
201939,"Stephen Curry","1610612744","Golden State Warriors",2016,"0021500788","20160209",15.6,31.15,TRUE
201939,"Stephen Curry","1610612744","Golden State Warriors",2016,"0021500788","20160209",-1.2,6.85,TRUE
201939,"Stephen Curry","1610612744","Golden State Warriors",2016,"0021500788","20160209",-0.2,6.35,TRUE
201939,"Stephen Curry","1610612744","Golden State Warriors",2016,"0021500788","20160209",18.4,22.65,TRUE
201939,"Stephen Curry","1610612744","Golden State Warriors",2016,"0021500788","20160209",7,29.45,TRUE
201939,"Stephen Curry","1610612744","Golden State Warriors",2016,"0021500788","20160209",22.8,5.45,TRUE
201939,"Stephen Curry","1610612744","Golden State Warriors",2016,"0021500788","20160209",20.9,22.25,TRUE
201939,"Stephen Curry","1610612744","Golden State Warriors",2016,"0021500788","20160209",-13.7,31.65,FALSE
201939,"Stephen Curry","1610612744","Golden State Warriors",2016,"0021500788","20160209",-1.2,6.85,FALSE
201939,"Stephen Curry","1610612744","Golden State Warriors",2016,"0021500788","20160209",2.4,36.35,TRUE
201939,"Stephen Curry","1610612744","Golden State Warriors",2016,"0021500788","20160209",-0.9,10.45,FALSE
201939,"Stephen Curry","1610612744","Golden State Warriors",2016,"0021500788","20160209",2,5.55,TRUE
201939,"Stephen Curry","1610612744","Golden State Warriors",2016,"0021500788","20160209",3,30.65,FALSE
201939,"Stephen Curry","1610612744","Golden State Warriors",2016,"0021500788","20160209",24,5.95,FALSE
201939,"Stephen Curry","1610612744","Golden State Warriors",2016,"0021500788","20160209",0,6.85,TRUE
201939,"Stephen Curry","1610612744","Golden State Warriors",2016,"0021500788","20160209",-5.5,30.45,FALSE
201939,"Stephen Curry","1610612744","Golden State Warriors",2016,"0021500788","20160209",-2.2,6.85,TRUE
201939,"Stephen Curry","1610612744","Golden State Warriors",2016,"0021500788","20160209",-19.1,22.25,FALSE
201939,"Stephen Curry","1610612744","Golden State Warriors",2016,"0021500788","20160209",4.5,31.45,TRUE
201939,"Stephen Curry","1610612744","Golden State Warriors",2016,"0021500788","20160209",9.9,30.15,FALSE
201939,"Stephen Curry","1610612744","Golden State Warriors",2016,"0021500788","20160209",-21,22.15,FALSE
201939,"Stephen Curry","1610612744","Golden State Warriors",2016,"0021500788","20160209",-8.7,11.95,FALSE
201939,"Stephen Curry","1610612744","Golden State Warriors",2016,"0021500788","20160209",-20.7,22.15,FALSE
201939,"Stephen Curry","1610612744","Golden State Warriors",2016,"0021500788","20160209",-1,30.45,FALSE
201939,"Stephen Curry","1610612744","Golden State Warriors",2016,"0021500799","20160210",-12.7,5.15,TRUE
201939,"Stephen Curry","1610612744","Golden State Warriors",2016,"0021500799","20160210",-23.8,7.85,TRUE
201939,"Stephen Curry","1610612744","Golden State Warriors",2016,"0021500799","20160210",-14.1,25.75,FALSE
201939,"Stephen Curry","1610612744","Golden State Warriors",2016,"0021500799","20160210",6.8,8.85,TRUE
201939,"Stephen Curry","1610612744","Golden State Warriors",2016,"0021500799","20160210",23.8,8.55,TRUE
201939,"Stephen Curry","1610612744","Golden State Warriors",2016,"0021500799","20160210",1.7,29.45,FALSE
201939,"Stephen Curry","1610612744","Golden State Warriors",2016,"0021500799","20160210",-11.9,31.65,TRUE
201939,"Stephen Curry","1610612744","Golden State Warriors",2016,"0021500799","20160210",-17.4,28.65,TRUE
201939,"Stephen Curry","1610612744","Golden State Warriors",2016,"0021500799","20160210",-13.7,28.45,FALSE
201939,"Stephen Curry","1610612744","Golden State Warriors",2016,"0021500799","20160210",-1.4,9.85,FALSE
201939,"Stephen Curry","1610612744","Golden State Warriors",2016,"0021500799","20160210",0,30.45,FALSE
201939,"Stephen Curry","1610612744","Golden State Warriors",2016,"0021500799","20160210",-21.7,15.75,TRUE
201939,"Stephen Curry","1610612744","Golden State Warriors",2016,"0021500799","20160210",23,15.75,FALSE
201939,"Stephen Curry","1610612744","Golden State Warriors",2016,"0021500799","20160210",0,5.15,TRUE
201939,"Stephen Curry","1610612744","Golden State Warriors",2016,"0021500799","20160210",0.6,10.15,FALSE
201939,"Stephen Curry","1610612744","Golden State Warriors",2016,"0021500799","20160210",0.7,7.55,FALSE
201939,"Stephen Curry","1610612744","Golden State Warriors",2016,"0021500799","20160210",-0.6,5.15,TRUE
201939,"Stephen Curry","1610612744","Golden State Warriors",2016,"0021500815","20160219",-1.9,5.45,TRUE
201939,"Stephen Curry","1610612744","Golden State Warriors",2016,"0021500815","20160219",9.6,27.55,TRUE
201939,"Stephen Curry","1610612744","Golden State Warriors",2016,"0021500815","20160219",8.9,29.45,FALSE
201939,"Stephen Curry","1610612744","Golden State Warriors",2016,"0021500815","20160219",11,27.05,TRUE
201939,"Stephen Curry","1610612744","Golden State Warriors",2016,"0021500815","20160219",23.5,8.55,FALSE
201939,"Stephen Curry","1610612744","Golden State Warriors",2016,"0021500815","20160219",22.7,5.95,TRUE
201939,"Stephen Curry","1610612744","Golden State Warriors",2016,"0021500815","20160219",2.7,5.45,TRUE
201939,"Stephen Curry","1610612744","Golden State Warriors",2016,"0021500815","20160219",6.1,28.95,FALSE
201939,"Stephen Curry","1610612744","Golden State Warriors",2016,"0021500815","20160219",-2.5,5.15,FALSE
201939,"Stephen Curry","1610612744","Golden State Warriors",2016,"0021500815","20160219",-1,9.35,FALSE
201939,"Stephen Curry","1610612744","Golden State Warriors",2016,"0021500815","20160219",15.5,23.75,TRUE
201939,"Stephen Curry","1610612744","Golden State Warriors",2016,"0021500815","20160219",-11,18.35,FALSE
201939,"Stephen Curry","1610612744","Golden State Warriors",2016,"0021500815","20160219",0.1,20.65,FALSE
201939,"Stephen Curry","1610612744","Golden State Warriors",2016,"0021500815","20160219",-0.9,9.35,FALSE
201939,"Stephen Curry","1610612744","Golden State Warriors",2016,"0021500815","20160219",-1.7,5.45,TRUE
201939,"Stephen Curry","1610612744","Golden State Warriors",2016,"0021500815","20160219",-15.3,24.55,TRUE
201939,"Stephen Curry","1610612744","Golden State Warriors",2016,"0021500815","20160219",-13.5,28.05,TRUE
201939,"Stephen Curry","1610612744","Golden State Warriors",2016,"0021500815","20160219",-19.5,20.15,FALSE
201939,"Stephen Curry","1610612744","Golden State Warriors",2016,"0021500815","20160219",12.7,26.25,TRUE
201939,"Stephen Curry","1610612744","Golden State Warriors",2016,"0021500815","20160219",-2.5,27.65,TRUE
201939,"Stephen Curry","1610612744","Golden State Warriors",2016,"0021500815","20160219",-6.9,28.65,FALSE
201939,"Stephen Curry","1610612744","Golden State Warriors",2016,"0021500815","20160219",1.7,5.95,TRUE
201939,"Stephen Curry","1610612744","Golden State Warriors",2016,"0021500815","20160219",19.6,23.05,FALSE
201939,"Stephen Curry","1610612744","Golden State Warriors",2016,"0021500822","20160220",-7.4,30.45,TRUE
201939,"Stephen Curry","1610612744","Golden State Warriors",2016,"0021500822","20160220",-1.4,7.55,FALSE
201939,"Stephen Curry","1610612744","Golden State Warriors",2016,"0021500822","20160220",-2,6.05,TRUE
201939,"Stephen Curry","1610612744","Golden State Warriors",2016,"0021500822","20160220",-0.9,6.85,TRUE
201939,"Stephen Curry","1610612744","Golden State Warriors",2016,"0021500822","20160220",-1,7.35,FALSE
201939,"Stephen Curry","1610612744","Golden State Warriors",2016,"0021500822","20160220",-6.3,29.95,FALSE
201939,"Stephen Curry","1610612744","Golden State Warriors",2016,"0021500822","20160220",-8.2,18.65,FALSE
201939,"Stephen Curry","1610612744","Golden State Warriors",2016,"0021500822","20160220",6.8,31.45,FALSE
201939,"Stephen Curry","1610612744","Golden State Warriors",2016,"0021500822","20160220",19.9,4.15,FALSE
201939,"Stephen Curry","1610612744","Golden State Warriors",2016,"0021500822","20160220",-1,7.05,FALSE
201939,"Stephen Curry","1610612744","Golden State Warriors",2016,"0021500822","20160220",-15.1,25.55,FALSE
201939,"Stephen Curry","1610612744","Golden State Warriors",2016,"0021500822","20160220",12,28.95,TRUE
201939,"Stephen Curry","1610612744","Golden State Warriors",2016,"0021500822","20160220",-17.7,24.05,TRUE
201939,"Stephen Curry","1610612744","Golden State Warriors",2016,"0021500822","20160220",8.4,30.15,FALSE
201939,"Stephen Curry","1610612744","Golden State Warriors",2016,"0021500822","20160220",3,31.15,FALSE
201939,"Stephen Curry","1610612744","Golden State Warriors",2016,"0021500836","20160222",20.2,19.65,TRUE
201939,"Stephen Curry","1610612744","Golden State Warriors",2016,"0021500836","20160222",14.8,26.05,FALSE
201939,"Stephen Curry","1610612744","Golden State Warriors",2016,"0021500836","20160222",-3.8,29.45,TRUE
201939,"Stephen Curry","1610612744","Golden State Warriors",2016,"0021500836","20160222",1.1,9.35,TRUE
201939,"Stephen Curry","1610612744","Golden State Warriors",2016,"0021500836","20160222",-0.9,4.65,TRUE
201939,"Stephen Curry","1610612744","Golden State Warriors",2016,"0021500836","20160222",-22.8,13.75,TRUE
201939,"Stephen Curry","1610612744","Golden State Warriors",2016,"0021500836","20160222",-7.3,28.15,TRUE
201939,"Stephen Curry","1610612744","Golden State Warriors",2016,"0021500836","20160222",-0.9,7.35,FALSE
201939,"Stephen Curry","1610612744","Golden State Warriors",2016,"0021500836","20160222",-20.2,12.45,TRUE
201939,"Stephen Curry","1610612744","Golden State Warriors",2016,"0021500836","20160222",16,24.55,FALSE
201939,"Stephen Curry","1610612744","Golden State Warriors",2016,"0021500836","20160222",-1,5.15,TRUE
201939,"Stephen Curry","1610612744","Golden State Warriors",2016,"0021500836","20160222",-12,26.55,FALSE
201939,"Stephen Curry","1610612744","Golden State Warriors",2016,"0021500836","20160222",-0.2,5.15,TRUE
201939,"Stephen Curry","1610612744","Golden State Warriors",2016,"0021500836","20160222",14,25.75,FALSE
201939,"Stephen Curry","1610612744","Golden State Warriors",2016,"0021500836","20160222",9.7,9.35,TRUE
201939,"Stephen Curry","1610612744","Golden State Warriors",2016,"0021500836","20160222",0.6,5.95,TRUE
201939,"Stephen Curry","1610612744","Golden State Warriors",2016,"0021500836","20160222",-20.7,9.35,FALSE
201939,"Stephen Curry","1610612744","Golden State Warriors",2016,"0021500836","20160222",23.5,8.35,TRUE
201939,"Stephen Curry","1610612744","Golden State Warriors",2016,"0021500836","20160222",-14.1,26.55,FALSE
201939,"Stephen Curry","1610612744","Golden State Warriors",2016,"0021500836","20160222",-0.1,5.35,TRUE
201939,"Stephen Curry","1610612744","Golden State Warriors",2016,"0021500836","20160222",-1.4,5.45,TRUE
201939,"Stephen Curry","1610612744","Golden State Warriors",2016,"0021500836","20160222",-2.8,31.95,FALSE
201939,"Stephen Curry","1610612744","Golden State Warriors",2016,"0021500848","20160224",20.5,22.65,TRUE
201939,"Stephen Curry","1610612744","Golden State Warriors",2016,"0021500848","20160224",14.5,25.55,FALSE
201939,"Stephen Curry","1610612744","Golden State Warriors",2016,"0021500848","20160224",1.4,5.45,TRUE
201939,"Stephen Curry","1610612744","Golden State Warriors",2016,"0021500848","20160224",1.9,6.35,TRUE
201939,"Stephen Curry","1610612744","Golden State Warriors",2016,"0021500848","20160224",-2,6.85,FALSE
201939,"Stephen Curry","1610612744","Golden State Warriors",2016,"0021500848","20160224",2.7,5.45,FALSE
201939,"Stephen Curry","1610612744","Golden State Warriors",2016,"0021500848","20160224",23.5,9.05,FALSE
201939,"Stephen Curry","1610612744","Golden State Warriors",2016,"0021500848","20160224",-4.8,19.15,TRUE
201939,"Stephen Curry","1610612744","Golden State Warriors",2016,"0021500848","20160224",4,26.55,FALSE
201939,"Stephen Curry","1610612744","Golden State Warriors",2016,"0021500848","20160224",-5,26.55,TRUE
201939,"Stephen Curry","1610612744","Golden State Warriors",2016,"0021500848","20160224",15.5,42.25,TRUE
201939,"Stephen Curry","1610612744","Golden State Warriors",2016,"0021500848","20160224",-12.7,27.05,FALSE
201939,"Stephen Curry","1610612744","Golden State Warriors",2016,"0021500848","20160224",0.4,6.35,TRUE
201939,"Stephen Curry","1610612744","Golden State Warriors",2016,"0021500848","20160224",-16.6,25.25,TRUE
201939,"Stephen Curry","1610612744","Golden State Warriors",2016,"0021500848","20160224",-0.2,12.75,TRUE
201939,"Stephen Curry","1610612744","Golden State Warriors",2016,"0021500848","20160224",-8.4,19.15,TRUE
201939,"Stephen Curry","1610612744","Golden State Warriors",2016,"0021500848","20160224",-2.2,6.05,FALSE
201939,"Stephen Curry","1610612744","Golden State Warriors",2016,"0021500848","20160224",20.9,11.35,FALSE
201939,"Stephen Curry","1610612744","Golden State Warriors",2016,"0021500848","20160224",5.8,17.65,TRUE
201939,"Stephen Curry","1610612744","Golden State Warriors",2016,"0021500848","20160224",-7.4,19.65,FALSE
201939,"Stephen Curry","1610612744","Golden State Warriors",2016,"0021500848","20160224",20.7,19.15,FALSE
201939,"Stephen Curry","1610612744","Golden State Warriors",2016,"0021500848","20160224",2.4,6.85,FALSE
201939,"Stephen Curry","1610612744","Golden State Warriors",2016,"0021500848","20160224",-18.6,21.15,TRUE
201939,"Stephen Curry","1610612744","Golden State Warriors",2016,"0021500848","20160224",15,25.05,FALSE
201939,"Stephen Curry","1610612744","Golden State Warriors",2016,"0021500848","20160224",-1.5,7.05,FALSE
201939,"Stephen Curry","1610612744","Golden State Warriors",2016,"0021500848","20160224",-16.6,23.75,FALSE
201939,"Stephen Curry","1610612744","Golden State Warriors",2016,"0021500848","20160224",-1.4,18.85,FALSE
201939,"Stephen Curry","1610612744","Golden State Warriors",2016,"0021500848","20160224",-0.9,31.95,TRUE
201939,"Stephen Curry","1610612744","Golden State Warriors",2016,"0021500848","20160224",-1.2,31.45,TRUE
201939,"Stephen Curry","1610612744","Golden State Warriors",2016,"0021500855","20160225",-0.4,4.65,TRUE
201939,"Stephen Curry","1610612744","Golden State Warriors",2016,"0021500855","20160225",1.2,4.15,TRUE
201939,"Stephen Curry","1610612744","Golden State Warriors",2016,"0021500855","20160225",-12.8,28.95,FALSE
201939,"Stephen Curry","1610612744","Golden State Warriors",2016,"0021500855","20160225",20.4,20.65,TRUE
201939,"Stephen Curry","1610612744","Golden State Warriors",2016,"0021500855","20160225",2,30.65,TRUE
201939,"Stephen Curry","1610612744","Golden State Warriors",2016,"0021500855","20160225",-9.4,28.95,FALSE
201939,"Stephen Curry","1610612744","Golden State Warriors",2016,"0021500855","20160225",17.6,7.85,TRUE
201939,"Stephen Curry","1610612744","Golden State Warriors",2016,"0021500855","20160225",-2.2,5.95,TRUE
201939,"Stephen Curry","1610612744","Golden State Warriors",2016,"0021500855","20160225",-5.3,28.95,TRUE
201939,"Stephen Curry","1610612744","Golden State Warriors",2016,"0021500855","20160225",-14.1,21.65,TRUE
201939,"Stephen Curry","1610612744","Golden State Warriors",2016,"0021500855","20160225",-2.4,6.35,TRUE
201939,"Stephen Curry","1610612744","Golden State Warriors",2016,"0021500855","20160225",-7.8,30.95,FALSE
201939,"Stephen Curry","1610612744","Golden State Warriors",2016,"0021500855","20160225",2.5,4.65,FALSE
201939,"Stephen Curry","1610612744","Golden State Warriors",2016,"0021500855","20160225",-3.8,25.05,TRUE
201939,"Stephen Curry","1610612744","Golden State Warriors",2016,"0021500855","20160225",-15,26.05,TRUE
201939,"Stephen Curry","1610612744","Golden State Warriors",2016,"0021500855","20160225",8.8,22.45,FALSE
201939,"Stephen Curry","1610612744","Golden State Warriors",2016,"0021500855","20160225",-20.9,17.35,TRUE
201939,"Stephen Curry","1610612744","Golden State Warriors",2016,"0021500855","20160225",2,6.35,TRUE
201939,"Stephen Curry","1610612744","Golden State Warriors",2016,"0021500855","20160225",8.9,29.15,TRUE
201939,"Stephen Curry","1610612744","Golden State Warriors",2016,"0021500855","20160225",-17.4,22.95,FALSE
201939,"Stephen Curry","1610612744","Golden State Warriors",2016,"0021500855","20160225",15.5,24.75,TRUE
201939,"Stephen Curry","1610612744","Golden State Warriors",2016,"0021500855","20160225",-15.5,26.25,TRUE
201939,"Stephen Curry","1610612744","Golden State Warriors",2016,"0021500855","20160225",-1.2,6.35,TRUE
201939,"Stephen Curry","1610612744","Golden State Warriors",2016,"0021500855","20160225",18.6,45.25,TRUE
201939,"Stephen Curry","1610612744","Golden State Warriors",2016,"0021500855","20160225",-7.3,31.65,TRUE
201939,"Stephen Curry","1610612744","Golden State Warriors",2016,"0021500855","20160225",15.5,26.05,FALSE
201939,"Stephen Curry","1610612744","Golden State Warriors",2016,"0021500855","20160225",-1.5,5.15,TRUE
201939,"Stephen Curry","1610612744","Golden State Warriors",2016,"0021500874","20160227",9.1,27.35,TRUE
201939,"Stephen Curry","1610612744","Golden State Warriors",2016,"0021500874","20160227",11.4,30.95,FALSE
201939,"Stephen Curry","1610612744","Golden State Warriors",2016,"0021500874","20160227",-3.3,29.45,TRUE
201939,"Stephen Curry","1610612744","Golden State Warriors",2016,"0021500874","20160227",-23,5.55,TRUE
201939,"Stephen Curry","1610612744","Golden State Warriors",2016,"0021500874","20160227",17.3,26.65,TRUE
201939,"Stephen Curry","1610612744","Golden State Warriors",2016,"0021500874","20160227",-7.8,27.05,FALSE
201939,"Stephen Curry","1610612744","Golden State Warriors",2016,"0021500874","20160227",-17.3,20.15,FALSE
201939,"Stephen Curry","1610612744","Golden State Warriors",2016,"0021500874","20160227",1.7,5.45,TRUE
201939,"Stephen Curry","1610612744","Golden State Warriors",2016,"0021500874","20160227",11.9,15.75,FALSE
201939,"Stephen Curry","1610612744","Golden State Warriors",2016,"0021500874","20160227",-14.3,28.65,TRUE
201939,"Stephen Curry","1610612744","Golden State Warriors",2016,"0021500874","20160227",-18.4,21.65,TRUE
201939,"Stephen Curry","1610612744","Golden State Warriors",2016,"0021500874","20160227",4.8,31.45,FALSE
201939,"Stephen Curry","1610612744","Golden State Warriors",2016,"0021500874","20160227",6.6,28.15,TRUE
201939,"Stephen Curry","1610612744","Golden State Warriors",2016,"0021500874","20160227",7.9,28.65,FALSE
201939,"Stephen Curry","1610612744","Golden State Warriors",2016,"0021500874","20160227",-18.3,10.85,FALSE
201939,"Stephen Curry","1610612744","Golden State Warriors",2016,"0021500874","20160227",2.9,5.95,FALSE
201939,"Stephen Curry","1610612744","Golden State Warriors",2016,"0021500874","20160227",-1,5.55,TRUE
201939,"Stephen Curry","1610612744","Golden State Warriors",2016,"0021500874","20160227",-7.8,30.15,TRUE
201939,"Stephen Curry","1610612744","Golden State Warriors",2016,"0021500874","20160227",-6,30.95,TRUE
201939,"Stephen Curry","1610612744","Golden State Warriors",2016,"0021500874","20160227",0.9,30.65,TRUE
201939,"Stephen Curry","1610612744","Golden State Warriors",2016,"0021500874","20160227",-11.7,27.55,TRUE
201939,"Stephen Curry","1610612744","Golden State Warriors",2016,"0021500874","20160227",-15.8,23.75,FALSE
201939,"Stephen Curry","1610612744","Golden State Warriors",2016,"0021500874","20160227",-13.2,17.25,FALSE
201939,"Stephen Curry","1610612744","Golden State Warriors",2016,"0021500874","20160227",18,37.85,TRUE
201939,"Stephen Curry","1610612744","Golden State Warriors",2016,"0021500911","20160303",-18.6,22.75,FALSE
201939,"Stephen Curry","1610612744","Golden State Warriors",2016,"0021500911","20160303",5.2,31.45,FALSE
201939,"Stephen Curry","1610612744","Golden State Warriors",2016,"0021500911","20160303",0.9,7.85,TRUE
201939,"Stephen Curry","1610612744","Golden State Warriors",2016,"0021500911","20160303",2,7.15,FALSE
201939,"Stephen Curry","1610612744","Golden State Warriors",2016,"0021500911","20160303",-1.9,6.05,TRUE
201939,"Stephen Curry","1610612744","Golden State Warriors",2016,"0021500911","20160303",20.9,20.35,TRUE
201939,"Stephen Curry","1610612744","Golden State Warriors",2016,"0021500911","20160303",20.7,21.65,TRUE
201939,"Stephen Curry","1610612744","Golden State Warriors",2016,"0021500911","20160303",9.9,31.95,FALSE
201939,"Stephen Curry","1610612744","Golden State Warriors",2016,"0021500911","20160303",-1.5,6.35,TRUE
201939,"Stephen Curry","1610612744","Golden State Warriors",2016,"0021500911","20160303",22.2,17.25,FALSE
201939,"Stephen Curry","1610612744","Golden State Warriors",2016,"0021500911","20160303",-2,6.35,TRUE
201939,"Stephen Curry","1610612744","Golden State Warriors",2016,"0021500911","20160303",17.8,32.45,TRUE
201939,"Stephen Curry","1610612744","Golden State Warriors",2016,"0021500911","20160303",-9.2,9.35,TRUE
201939,"Stephen Curry","1610612744","Golden State Warriors",2016,"0021500911","20160303",0.2,6.85,FALSE
201939,"Stephen Curry","1610612744","Golden State Warriors",2016,"0021500911","20160303",-14.8,29.45,FALSE
201939,"Stephen Curry","1610612744","Golden State Warriors",2016,"0021500911","20160303",-21,18.65,FALSE
201939,"Stephen Curry","1610612744","Golden State Warriors",2016,"0021500911","20160303",-16.9,26.05,FALSE
201939,"Stephen Curry","1610612744","Golden State Warriors",2016,"0021500911","20160303",16,30.45,FALSE
201939,"Stephen Curry","1610612744","Golden State Warriors",2016,"0021500911","20160303",1.6,6.05,TRUE
201939,"Stephen Curry","1610612744","Golden State Warriors",2016,"0021500911","20160303",-12.8,33.95,FALSE
201939,"Stephen Curry","1610612744","Golden State Warriors",2016,"0021500911","20160303",-9.8,8.65,FALSE
201939,"Stephen Curry","1610612744","Golden State Warriors",2016,"0021500911","20160303",-23.2,11.35,FALSE
201939,"Stephen Curry","1610612744","Golden State Warriors",2016,"0021500911","20160303",-1.7,6.85,TRUE
201939,"Stephen Curry","1610612744","Golden State Warriors",2016,"0021500911","20160303",-4.5,30.95,TRUE
201939,"Stephen Curry","1610612744","Golden State Warriors",2016,"0021500911","20160303",-18.7,24.55,TRUE
201939,"Stephen Curry","1610612744","Golden State Warriors",2016,"0021500931","20160306",15.8,26.05,TRUE
201939,"Stephen Curry","1610612744","Golden State Warriors",2016,"0021500931","20160306",14.7,26.55,FALSE
201939,"Stephen Curry","1610612744","Golden State Warriors",2016,"0021500931","20160306",-0.1,5.95,TRUE
201939,"Stephen Curry","1610612744","Golden State Warriors",2016,"0021500931","20160306",NA,NA,FALSE
201939,"Stephen Curry","1610612744","Golden State Warriors",2016,"0021500931","20160306",2,5.45,TRUE
201939,"Stephen Curry","1610612744","Golden State Warriors",2016,"0021500931","20160306",-3,6.35,FALSE
201939,"Stephen Curry","1610612744","Golden State Warriors",2016,"0021500931","20160306",-0.1,5.95,TRUE
201939,"Stephen Curry","1610612744","Golden State Warriors",2016,"0021500931","20160306",1.1,29.65,FALSE
201939,"Stephen Curry","1610612744","Golden State Warriors",2016,"0021500931","20160306",-4.2,5.95,FALSE
201939,"Stephen Curry","1610612744","Golden State Warriors",2016,"0021500931","20160306",-15.9,5.45,FALSE
201939,"Stephen Curry","1610612744","Golden State Warriors",2016,"0021500931","20160306",14.2,27.05,FALSE
201939,"Stephen Curry","1610612744","Golden State Warriors",2016,"0021500931","20160306",0.6,6.85,TRUE
201939,"Stephen Curry","1610612744","Golden State Warriors",2016,"0021500931","20160306",-1,6.35,FALSE
201939,"Stephen Curry","1610612744","Golden State Warriors",2016,"0021500931","20160306",6.8,28.95,FALSE
201939,"Stephen Curry","1610612744","Golden State Warriors",2016,"0021500931","20160306",0,32.55,FALSE
201939,"Stephen Curry","1610612744","Golden State Warriors",2016,"0021500931","20160306",-2,7.35,FALSE
201939,"Stephen Curry","1610612744","Golden State Warriors",2016,"0021500931","20160306",-15.6,28.65,FALSE
201939,"Stephen Curry","1610612744","Golden State Warriors",2016,"0021500931","20160306",15.5,24.05,FALSE
201939,"Stephen Curry","1610612744","Golden State Warriors",2016,"0021500931","20160306",-0.4,4.65,TRUE
201939,"Stephen Curry","1610612744","Golden State Warriors",2016,"0021500931","20160306",-0.4,30.15,FALSE
201939,"Stephen Curry","1610612744","Golden State Warriors",2016,"0021500943","20160307",-0.1,7.85,FALSE
201939,"Stephen Curry","1610612744","Golden State Warriors",2016,"0021500943","20160307",20.7,23.05,TRUE
201939,"Stephen Curry","1610612744","Golden State Warriors",2016,"0021500943","20160307",-0.9,6.55,TRUE
201939,"Stephen Curry","1610612744","Golden State Warriors",2016,"0021500943","20160307",-14.8,26.05,TRUE
201939,"Stephen Curry","1610612744","Golden State Warriors",2016,"0021500943","20160307",23.2,7.85,FALSE
201939,"Stephen Curry","1610612744","Golden State Warriors",2016,"0021500943","20160307",1.7,31.45,TRUE
201939,"Stephen Curry","1610612744","Golden State Warriors",2016,"0021500943","20160307",-20.5,4.65,FALSE
201939,"Stephen Curry","1610612744","Golden State Warriors",2016,"0021500943","20160307",14.7,25.55,TRUE
201939,"Stephen Curry","1610612744","Golden State Warriors",2016,"0021500943","20160307",0.4,11.35,TRUE
201939,"Stephen Curry","1610612744","Golden State Warriors",2016,"0021500943","20160307",-0.6,40.25,FALSE
201939,"Stephen Curry","1610612744","Golden State Warriors",2016,"0021500943","20160307",9.7,28.05,TRUE
201939,"Stephen Curry","1610612744","Golden State Warriors",2016,"0021500943","20160307",0,6.85,TRUE
201939,"Stephen Curry","1610612744","Golden State Warriors",2016,"0021500943","20160307",-2.2,5.95,TRUE
201939,"Stephen Curry","1610612744","Golden State Warriors",2016,"0021500943","20160307",-10.1,30.15,FALSE
201939,"Stephen Curry","1610612744","Golden State Warriors",2016,"0021500943","20160307",12.9,29.65,TRUE
201939,"Stephen Curry","1610612744","Golden State Warriors",2016,"0021500943","20160307",-21.7,17.65,FALSE
201939,"Stephen Curry","1610612744","Golden State Warriors",2016,"0021500943","20160307",-20.9,72.05,FALSE
201939,"Stephen Curry","1610612744","Golden State Warriors",2016,"0021500943","20160307",0,11.75,TRUE
201939,"Stephen Curry","1610612744","Golden State Warriors",2016,"0021500943","20160307",0,6.35,TRUE
201939,"Stephen Curry","1610612744","Golden State Warriors",2016,"0021500943","20160307",15.3,28.95,TRUE
201939,"Stephen Curry","1610612744","Golden State Warriors",2016,"0021500943","20160307",-0.1,30.95,FALSE
201939,"Stephen Curry","1610612744","Golden State Warriors",2016,"0021500943","20160307",3.2,6.35,FALSE
201939,"Stephen Curry","1610612744","Golden State Warriors",2016,"0021500943","20160307",-3,6.35,FALSE
201939,"Stephen Curry","1610612744","Golden State Warriors",2016,"0021500943","20160307",0.6,6.35,TRUE
201939,"Stephen Curry","1610612744","Golden State Warriors",2016,"0021500958","20160309",-21.5,19.85,FALSE
201939,"Stephen Curry","1610612744","Golden State Warriors",2016,"0021500958","20160309",11.7,27.65,FALSE
201939,"Stephen Curry","1610612744","Golden State Warriors",2016,"0021500958","20160309",1.2,7.85,FALSE
201939,"Stephen Curry","1610612744","Golden State Warriors",2016,"0021500958","20160309",11.5,29.15,FALSE
201939,"Stephen Curry","1610612744","Golden State Warriors",2016,"0021500958","20160309",22.7,5.95,FALSE
201939,"Stephen Curry","1610612744","Golden State Warriors",2016,"0021500958","20160309",-17.3,23.55,TRUE
201939,"Stephen Curry","1610612744","Golden State Warriors",2016,"0021500958","20160309",-19.9,21.65,TRUE
201939,"Stephen Curry","1610612744","Golden State Warriors",2016,"0021500958","20160309",-15.1,57.95,TRUE
201939,"Stephen Curry","1610612744","Golden State Warriors",2016,"0021500958","20160309",-11.2,30.95,FALSE
201939,"Stephen Curry","1610612744","Golden State Warriors",2016,"0021500958","20160309",1.2,6.05,FALSE
201939,"Stephen Curry","1610612744","Golden State Warriors",2016,"0021500958","20160309",2,7.35,TRUE
201939,"Stephen Curry","1610612744","Golden State Warriors",2016,"0021500958","20160309",21,23.55,FALSE
201939,"Stephen Curry","1610612744","Golden State Warriors",2016,"0021500971","20160311",-0.1,5.95,FALSE
201939,"Stephen Curry","1610612744","Golden State Warriors",2016,"0021500971","20160311",0.9,5.45,FALSE
201939,"Stephen Curry","1610612744","Golden State Warriors",2016,"0021500971","20160311",5.2,30.95,FALSE
201939,"Stephen Curry","1610612744","Golden State Warriors",2016,"0021500971","20160311",21.4,21.15,TRUE
201939,"Stephen Curry","1610612744","Golden State Warriors",2016,"0021500971","20160311",23,5.45,TRUE
201939,"Stephen Curry","1610612744","Golden State Warriors",2016,"0021500971","20160311",20.4,21.25,TRUE
201939,"Stephen Curry","1610612744","Golden State Warriors",2016,"0021500971","20160311",6.8,30.15,TRUE
201939,"Stephen Curry","1610612744","Golden State Warriors",2016,"0021500971","20160311",-8.1,28.95,FALSE
201939,"Stephen Curry","1610612744","Golden State Warriors",2016,"0021500971","20160311",2.2,6.85,TRUE
201939,"Stephen Curry","1610612744","Golden State Warriors",2016,"0021500971","20160311",13.8,22.25,TRUE
201939,"Stephen Curry","1610612744","Golden State Warriors",2016,"0021500971","20160311",-2.4,6.35,TRUE
201939,"Stephen Curry","1610612744","Golden State Warriors",2016,"0021500971","20160311",-15.6,26.25,FALSE
201939,"Stephen Curry","1610612744","Golden State Warriors",2016,"0021500971","20160311",2.4,31.45,FALSE
201939,"Stephen Curry","1610612744","Golden State Warriors",2016,"0021500971","20160311",0.2,10.35,TRUE
201939,"Stephen Curry","1610612744","Golden State Warriors",2016,"0021500971","20160311",15.3,15.25,TRUE
201939,"Stephen Curry","1610612744","Golden State Warriors",2016,"0021500971","20160311",-15.8,25.25,TRUE
201939,"Stephen Curry","1610612744","Golden State Warriors",2016,"0021500971","20160311",-10.2,29.45,FALSE
201939,"Stephen Curry","1610612744","Golden State Warriors",2016,"0021500971","20160311",0.2,7.35,TRUE
201939,"Stephen Curry","1610612744","Golden State Warriors",2016,"0021500971","20160311",23.3,8.35,TRUE
201939,"Stephen Curry","1610612744","Golden State Warriors",2016,"0021500971","20160311",-22.8,5.25,FALSE
201939,"Stephen Curry","1610612744","Golden State Warriors",2016,"0021500971","20160311",-1.7,5.55,FALSE
201939,"Stephen Curry","1610612744","Golden State Warriors",2016,"0021500971","20160311",-21.3,19.15,TRUE
201939,"Stephen Curry","1610612744","Golden State Warriors",2016,"0021500971","20160311",17.1,26.05,FALSE
201939,"Stephen Curry","1610612744","Golden State Warriors",2016,"0021500981","20160312",9.9,28.05,FALSE
201939,"Stephen Curry","1610612744","Golden State Warriors",2016,"0021500981","20160312",-5.8,29.95,FALSE
201939,"Stephen Curry","1610612744","Golden State Warriors",2016,"0021500981","20160312",11.2,27.55,TRUE
201939,"Stephen Curry","1610612744","Golden State Warriors",2016,"0021500981","20160312",2.5,12.25,TRUE
201939,"Stephen Curry","1610612744","Golden State Warriors",2016,"0021500981","20160312",0.7,30.15,TRUE
201939,"Stephen Curry","1610612744","Golden State Warriors",2016,"0021500981","20160312",-23,11.75,FALSE
201939,"Stephen Curry","1610612744","Golden State Warriors",2016,"0021500981","20160312",6.5,31.15,TRUE
201939,"Stephen Curry","1610612744","Golden State Warriors",2016,"0021500981","20160312",0.6,6.35,TRUE
201939,"Stephen Curry","1610612744","Golden State Warriors",2016,"0021500981","20160312",-15.1,24.75,FALSE
201939,"Stephen Curry","1610612744","Golden State Warriors",2016,"0021500981","20160312",20.1,5.55,FALSE
201939,"Stephen Curry","1610612744","Golden State Warriors",2016,"0021500981","20160312",-1.7,6.85,TRUE
201939,"Stephen Curry","1610612744","Golden State Warriors",2016,"0021500981","20160312",15.5,28.05,TRUE
201939,"Stephen Curry","1610612744","Golden State Warriors",2016,"0021500981","20160312",-0.2,10.85,FALSE
201939,"Stephen Curry","1610612744","Golden State Warriors",2016,"0021500981","20160312",23.8,5.45,FALSE
201939,"Stephen Curry","1610612744","Golden State Warriors",2016,"0021500981","20160312",20.5,22.15,TRUE
201939,"Stephen Curry","1610612744","Golden State Warriors",2016,"0021500981","20160312",2.4,29.95,FALSE
201939,"Stephen Curry","1610612744","Golden State Warriors",2016,"0021500981","20160312",0.9,6.55,TRUE
201939,"Stephen Curry","1610612744","Golden State Warriors",2016,"0021500981","20160312",3.5,32.95,FALSE
201939,"Stephen Curry","1610612744","Golden State Warriors",2016,"0021500981","20160312",-1,10.45,FALSE
201939,"Stephen Curry","1610612744","Golden State Warriors",2016,"0021500981","20160312",-8.7,29.45,TRUE
201939,"Stephen Curry","1610612744","Golden State Warriors",2016,"0021500981","20160312",20.7,20.65,FALSE
201939,"Stephen Curry","1610612744","Golden State Warriors",2016,"0021500981","20160312",4.2,30.15,TRUE
201939,"Stephen Curry","1610612744","Golden State Warriors",2016,"0021500981","20160312",17.6,25.25,FALSE
201939,"Stephen Curry","1610612744","Golden State Warriors",2016,"0021500981","20160312",-1.5,7.85,TRUE
201939,"Stephen Curry","1610612744","Golden State Warriors",2016,"0021500996","20160314",20.7,21.25,FALSE
201939,"Stephen Curry","1610612744","Golden State Warriors",2016,"0021500996","20160314",0.4,32.45,FALSE
201939,"Stephen Curry","1610612744","Golden State Warriors",2016,"0021500996","20160314",-1.4,6.35,TRUE
201939,"Stephen Curry","1610612744","Golden State Warriors",2016,"0021500996","20160314",-23,8.05,TRUE
201939,"Stephen Curry","1610612744","Golden State Warriors",2016,"0021500996","20160314",-1,5.95,TRUE
201939,"Stephen Curry","1610612744","Golden State Warriors",2016,"0021500996","20160314",1.1,6.35,TRUE
201939,"Stephen Curry","1610612744","Golden State Warriors",2016,"0021500996","20160314",4.3,31.65,FALSE
201939,"Stephen Curry","1610612744","Golden State Warriors",2016,"0021500996","20160314",7.8,34.05,FALSE
201939,"Stephen Curry","1610612744","Golden State Warriors",2016,"0021500996","20160314",-2,6.35,TRUE
201939,"Stephen Curry","1610612744","Golden State Warriors",2016,"0021500996","20160314",15.5,10.85,FALSE
201939,"Stephen Curry","1610612744","Golden State Warriors",2016,"0021500996","20160314",1.7,5.45,TRUE
201939,"Stephen Curry","1610612744","Golden State Warriors",2016,"0021500996","20160314",12,29.45,FALSE
201939,"Stephen Curry","1610612744","Golden State Warriors",2016,"0021500996","20160314",-1.2,6.55,TRUE
201939,"Stephen Curry","1610612744","Golden State Warriors",2016,"0021500996","20160314",-15,25.55,TRUE
201939,"Stephen Curry","1610612744","Golden State Warriors",2016,"0021500996","20160314",-23.5,5.95,TRUE
201939,"Stephen Curry","1610612744","Golden State Warriors",2016,"0021500996","20160314",8.9,36.85,TRUE
201939,"Stephen Curry","1610612744","Golden State Warriors",2016,"0021501011","20160316",-8.4,28.95,FALSE
201939,"Stephen Curry","1610612744","Golden State Warriors",2016,"0021501011","20160316",1.1,30.95,TRUE
201939,"Stephen Curry","1610612744","Golden State Warriors",2016,"0021501011","20160316",17.9,32.45,FALSE
201939,"Stephen Curry","1610612744","Golden State Warriors",2016,"0021501011","20160316",-9.2,9.35,TRUE
201939,"Stephen Curry","1610612744","Golden State Warriors",2016,"0021501011","20160316",1.1,6.85,TRUE
201939,"Stephen Curry","1610612744","Golden State Warriors",2016,"0021501011","20160316",15.8,27.05,TRUE
201939,"Stephen Curry","1610612744","Golden State Warriors",2016,"0021501011","20160316",4.5,31.65,TRUE
201939,"Stephen Curry","1610612744","Golden State Warriors",2016,"0021501011","20160316",18.6,28.95,TRUE
201939,"Stephen Curry","1610612744","Golden State Warriors",2016,"0021501011","20160316",20.9,25.55,FALSE
201939,"Stephen Curry","1610612744","Golden State Warriors",2016,"0021501011","20160316",-7.9,29.65,TRUE
201939,"Stephen Curry","1610612744","Golden State Warriors",2016,"0021501011","20160316",-9.6,11.35,TRUE
201939,"Stephen Curry","1610612744","Golden State Warriors",2016,"0021501011","20160316",-13,29.45,FALSE
201939,"Stephen Curry","1610612744","Golden State Warriors",2016,"0021501011","20160316",-13.8,16.75,FALSE
201939,"Stephen Curry","1610612744","Golden State Warriors",2016,"0021501011","20160316",1.1,6.05,TRUE
201939,"Stephen Curry","1610612744","Golden State Warriors",2016,"0021501011","20160316",-20.2,20.35,TRUE
201939,"Stephen Curry","1610612744","Golden State Warriors",2016,"0021501011","20160316",-22.5,9.85,FALSE
201939,"Stephen Curry","1610612744","Golden State Warriors",2016,"0021501011","20160316",-2.7,7.85,FALSE
201939,"Stephen Curry","1610612744","Golden State Warriors",2016,"0021501011","20160316",-2,6.85,FALSE
201939,"Stephen Curry","1610612744","Golden State Warriors",2016,"0021501011","20160316",-20.7,20.65,TRUE
201939,"Stephen Curry","1610612744","Golden State Warriors",2016,"0021501011","20160316",-23.6,5.95,TRUE
201939,"Stephen Curry","1610612744","Golden State Warriors",2016,"0021501026","20160318",22.3,15.25,TRUE
201939,"Stephen Curry","1610612744","Golden State Warriors",2016,"0021501026","20160318",13.2,26.65,TRUE
201939,"Stephen Curry","1610612744","Golden State Warriors",2016,"0021501026","20160318",-3,5.15,TRUE
201939,"Stephen Curry","1610612744","Golden State Warriors",2016,"0021501026","20160318",-17.4,22.65,FALSE
201939,"Stephen Curry","1610612744","Golden State Warriors",2016,"0021501026","20160318",2.5,5.45,FALSE
201939,"Stephen Curry","1610612744","Golden State Warriors",2016,"0021501026","20160318",2.4,25.75,FALSE
201939,"Stephen Curry","1610612744","Golden State Warriors",2016,"0021501026","20160318",0.6,4.65,FALSE
201939,"Stephen Curry","1610612744","Golden State Warriors",2016,"0021501026","20160318",21.7,16.25,TRUE
201939,"Stephen Curry","1610612744","Golden State Warriors",2016,"0021501026","20160318",-16.3,31.65,TRUE
201939,"Stephen Curry","1610612744","Golden State Warriors",2016,"0021501026","20160318",22.5,5.45,FALSE
201939,"Stephen Curry","1610612744","Golden State Warriors",2016,"0021501026","20160318",-1.9,5.15,TRUE
201939,"Stephen Curry","1610612744","Golden State Warriors",2016,"0021501026","20160318",-6,7.35,FALSE
201939,"Stephen Curry","1610612744","Golden State Warriors",2016,"0021501026","20160318",-23.5,5.95,TRUE
201939,"Stephen Curry","1610612744","Golden State Warriors",2016,"0021501026","20160318",-0.4,4.75,TRUE
201939,"Stephen Curry","1610612744","Golden State Warriors",2016,"0021501026","20160318",13.5,27.55,FALSE
201939,"Stephen Curry","1610612744","Golden State Warriors",2016,"0021501026","20160318",-0.2,5.45,FALSE
201939,"Stephen Curry","1610612744","Golden State Warriors",2016,"0021501026","20160318",0.6,13.75,TRUE
201939,"Stephen Curry","1610612744","Golden State Warriors",2016,"0021501026","20160318",-1.7,5.25,TRUE
201939,"Stephen Curry","1610612744","Golden State Warriors",2016,"0021501026","20160318",-18.2,22.15,FALSE
201939,"Stephen Curry","1610612744","Golden State Warriors",2016,"0021501026","20160318",-7.4,29.45,FALSE
201939,"Stephen Curry","1610612744","Golden State Warriors",2016,"0021501026","20160318",0.4,13.45,FALSE
201939,"Stephen Curry","1610612744","Golden State Warriors",2016,"0021501026","20160318",21.9,15.85,FALSE
201939,"Stephen Curry","1610612744","Golden State Warriors",2016,"0021501026","20160318",-6,11.45,FALSE
201939,"Stephen Curry","1610612744","Golden State Warriors",2016,"0021501026","20160318",-1.7,5.45,TRUE
201939,"Stephen Curry","1610612744","Golden State Warriors",2016,"0021501026","20160318",-3.8,5.95,FALSE
201939,"Stephen Curry","1610612744","Golden State Warriors",2016,"0021501026","20160318",23,6.05,TRUE
201939,"Stephen Curry","1610612744","Golden State Warriors",2016,"0021501036","20160319",20.4,24.05,FALSE
201939,"Stephen Curry","1610612744","Golden State Warriors",2016,"0021501036","20160319",-17.7,25.75,FALSE
201939,"Stephen Curry","1610612744","Golden State Warriors",2016,"0021501036","20160319",0.6,5.15,TRUE
201939,"Stephen Curry","1610612744","Golden State Warriors",2016,"0021501036","20160319",1.9,29.45,FALSE
201939,"Stephen Curry","1610612744","Golden State Warriors",2016,"0021501036","20160319",14.3,25.05,FALSE
201939,"Stephen Curry","1610612744","Golden State Warriors",2016,"0021501036","20160319",-20.7,21.25,FALSE
201939,"Stephen Curry","1610612744","Golden State Warriors",2016,"0021501036","20160319",0.7,5.25,FALSE
201939,"Stephen Curry","1610612744","Golden State Warriors",2016,"0021501036","20160319",-0.1,9.55,TRUE
201939,"Stephen Curry","1610612744","Golden State Warriors",2016,"0021501036","20160319",0.1,6.05,FALSE
201939,"Stephen Curry","1610612744","Golden State Warriors",2016,"0021501036","20160319",-17.7,39.35,FALSE
201939,"Stephen Curry","1610612744","Golden State Warriors",2016,"0021501036","20160319",14,26.55,FALSE
201939,"Stephen Curry","1610612744","Golden State Warriors",2016,"0021501036","20160319",0.2,5.45,TRUE
201939,"Stephen Curry","1610612744","Golden State Warriors",2016,"0021501036","20160319",-18.2,26.25,TRUE
201939,"Stephen Curry","1610612744","Golden State Warriors",2016,"0021501036","20160319",0.2,6.35,FALSE
201939,"Stephen Curry","1610612744","Golden State Warriors",2016,"0021501036","20160319",-17.1,25.05,FALSE
201939,"Stephen Curry","1610612744","Golden State Warriors",2016,"0021501036","20160319",-0.1,33.45,FALSE
201939,"Stephen Curry","1610612744","Golden State Warriors",2016,"0021501036","20160319",-19.7,21.65,FALSE
201939,"Stephen Curry","1610612744","Golden State Warriors",2016,"0021501036","20160319",-23.8,16.75,FALSE
201939,"Stephen Curry","1610612744","Golden State Warriors",2016,"0021501050","20160321",-17.1,19.65,TRUE
201939,"Stephen Curry","1610612744","Golden State Warriors",2016,"0021501050","20160321",-8.2,28.45,FALSE
201939,"Stephen Curry","1610612744","Golden State Warriors",2016,"0021501050","20160321",19.2,21.75,FALSE
201939,"Stephen Curry","1610612744","Golden State Warriors",2016,"0021501050","20160321",-0.6,7.55,FALSE
201939,"Stephen Curry","1610612744","Golden State Warriors",2016,"0021501050","20160321",-8.6,28.45,TRUE
201939,"Stephen Curry","1610612744","Golden State Warriors",2016,"0021501050","20160321",-4.8,6.35,FALSE
201939,"Stephen Curry","1610612744","Golden State Warriors",2016,"0021501050","20160321",14,18.65,FALSE
201939,"Stephen Curry","1610612744","Golden State Warriors",2016,"0021501050","20160321",-10.5,28.05,FALSE
201939,"Stephen Curry","1610612744","Golden State Warriors",2016,"0021501050","20160321",-0.9,5.95,TRUE
201939,"Stephen Curry","1610612744","Golden State Warriors",2016,"0021501050","20160321",0.4,6.85,TRUE
201939,"Stephen Curry","1610612744","Golden State Warriors",2016,"0021501050","20160321",21,25.55,FALSE
201939,"Stephen Curry","1610612744","Golden State Warriors",2016,"0021501050","20160321",10.6,20.65,FALSE
201939,"Stephen Curry","1610612744","Golden State Warriors",2016,"0021501050","20160321",10.7,28.95,TRUE
201939,"Stephen Curry","1610612744","Golden State Warriors",2016,"0021501050","20160321",1.7,6.85,TRUE
201939,"Stephen Curry","1610612744","Golden State Warriors",2016,"0021501050","20160321",-17.3,26.55,FALSE
201939,"Stephen Curry","1610612744","Golden State Warriors",2016,"0021501050","20160321",8.1,29.65,FALSE
201939,"Stephen Curry","1610612744","Golden State Warriors",2016,"0021501050","20160321",17.9,24.25,FALSE
201939,"Stephen Curry","1610612744","Golden State Warriors",2016,"0021501066","20160323",-1.5,6.55,TRUE
201939,"Stephen Curry","1610612744","Golden State Warriors",2016,"0021501066","20160323",2.7,33.05,FALSE
201939,"Stephen Curry","1610612744","Golden State Warriors",2016,"0021501066","20160323",11,20.15,FALSE
201939,"Stephen Curry","1610612744","Golden State Warriors",2016,"0021501066","20160323",-23.2,6.55,TRUE
201939,"Stephen Curry","1610612744","Golden State Warriors",2016,"0021501066","20160323",-0.4,7.05,TRUE
201939,"Stephen Curry","1610612744","Golden State Warriors",2016,"0021501066","20160323",-22,19.85,FALSE
201939,"Stephen Curry","1610612744","Golden State Warriors",2016,"0021501066","20160323",0,5.35,TRUE
201939,"Stephen Curry","1610612744","Golden State Warriors",2016,"0021501066","20160323",-4,30.95,FALSE
201939,"Stephen Curry","1610612744","Golden State Warriors",2016,"0021501066","20160323",0.4,5.95,TRUE
201939,"Stephen Curry","1610612744","Golden State Warriors",2016,"0021501066","20160323",21,18.85,TRUE
201939,"Stephen Curry","1610612744","Golden State Warriors",2016,"0021501066","20160323",-11.9,28.05,FALSE
201939,"Stephen Curry","1610612744","Golden State Warriors",2016,"0021501066","20160323",-12.2,24.25,FALSE
201939,"Stephen Curry","1610612744","Golden State Warriors",2016,"0021501066","20160323",-1.2,6.05,TRUE
201939,"Stephen Curry","1610612744","Golden State Warriors",2016,"0021501066","20160323",16.8,25.25,TRUE
201939,"Stephen Curry","1610612744","Golden State Warriors",2016,"0021501066","20160323",-15.8,25.55,FALSE
201939,"Stephen Curry","1610612744","Golden State Warriors",2016,"0021501066","20160323",0.2,7.35,TRUE
201939,"Stephen Curry","1610612744","Golden State Warriors",2016,"0021501066","20160323",1.2,7.85,FALSE
201939,"Stephen Curry","1610612744","Golden State Warriors",2016,"0021501066","20160323",14.8,18.65,FALSE
201939,"Stephen Curry","1610612744","Golden State Warriors",2016,"0021501066","20160323",1.2,6.85,FALSE
201939,"Stephen Curry","1610612744","Golden State Warriors",2016,"0021501066","20160323",-12,29.65,TRUE
201939,"Stephen Curry","1610612744","Golden State Warriors",2016,"0021501066","20160323",-23.6,7.55,FALSE
201939,"Stephen Curry","1610612744","Golden State Warriors",2016,"0021501066","20160323",-0.2,6.05,TRUE
201939,"Stephen Curry","1610612744","Golden State Warriors",2016,"0021501066","20160323",-1.2,5.95,TRUE
201939,"Stephen Curry","1610612744","Golden State Warriors",2016,"0021501080","20160325",23.2,5.95,TRUE
201939,"Stephen Curry","1610612744","Golden State Warriors",2016,"0021501080","20160325",7.1,30.95,FALSE
201939,"Stephen Curry","1610612744","Golden State Warriors",2016,"0021501080","20160325",-0.2,11.35,FALSE
201939,"Stephen Curry","1610612744","Golden State Warriors",2016,"0021501080","20160325",14.5,29.95,TRUE
201939,"Stephen Curry","1610612744","Golden State Warriors",2016,"0021501080","20160325",-22.7,5.45,FALSE
201939,"Stephen Curry","1610612744","Golden State Warriors",2016,"0021501080","20160325",0.4,7.35,FALSE
201939,"Stephen Curry","1610612744","Golden State Warriors",2016,"0021501080","20160325",20.5,21.15,TRUE
201939,"Stephen Curry","1610612744","Golden State Warriors",2016,"0021501080","20160325",-0.9,7.35,TRUE
201939,"Stephen Curry","1610612744","Golden State Warriors",2016,"0021501080","20160325",-8.1,26.65,TRUE
201939,"Stephen Curry","1610612744","Golden State Warriors",2016,"0021501080","20160325",22,29.95,TRUE
201939,"Stephen Curry","1610612744","Golden State Warriors",2016,"0021501080","20160325",-0.9,31.95,FALSE
201939,"Stephen Curry","1610612744","Golden State Warriors",2016,"0021501080","20160325",-12.5,30.95,FALSE
201939,"Stephen Curry","1610612744","Golden State Warriors",2016,"0021501080","20160325",-23.5,4.65,TRUE
201939,"Stephen Curry","1610612744","Golden State Warriors",2016,"0021501080","20160325",-6.4,30.45,FALSE
201939,"Stephen Curry","1610612744","Golden State Warriors",2016,"0021501080","20160325",-6.6,30.15,FALSE
201939,"Stephen Curry","1610612744","Golden State Warriors",2016,"0021501080","20160325",17.9,23.55,FALSE
201939,"Stephen Curry","1610612744","Golden State Warriors",2016,"0021501080","20160325",0,5.35,TRUE
201939,"Stephen Curry","1610612744","Golden State Warriors",2016,"0021501080","20160325",-0.9,7.35,TRUE
201939,"Stephen Curry","1610612744","Golden State Warriors",2016,"0021501094","20160327",8.4,26.05,TRUE
201939,"Stephen Curry","1610612744","Golden State Warriors",2016,"0021501094","20160327",14.5,31.15,FALSE
201939,"Stephen Curry","1610612744","Golden State Warriors",2016,"0021501094","20160327",0.9,22.25,FALSE
201939,"Stephen Curry","1610612744","Golden State Warriors",2016,"0021501094","20160327",-19.1,21.65,FALSE
201939,"Stephen Curry","1610612744","Golden State Warriors",2016,"0021501094","20160327",18.6,28.05,FALSE
201939,"Stephen Curry","1610612744","Golden State Warriors",2016,"0021501094","20160327",-23,10.95,FALSE
201939,"Stephen Curry","1610612744","Golden State Warriors",2016,"0021501094","20160327",16.6,25.05,TRUE
201939,"Stephen Curry","1610612744","Golden State Warriors",2016,"0021501094","20160327",-0.9,6.55,TRUE
201939,"Stephen Curry","1610612744","Golden State Warriors",2016,"0021501094","20160327",-16.3,21.65,TRUE
201939,"Stephen Curry","1610612744","Golden State Warriors",2016,"0021501094","20160327",7,24.05,FALSE
201939,"Stephen Curry","1610612744","Golden State Warriors",2016,"0021501094","20160327",0.5,71.95,FALSE
201939,"Stephen Curry","1610612744","Golden State Warriors",2016,"0021501094","20160327",1.9,7.35,TRUE
201939,"Stephen Curry","1610612744","Golden State Warriors",2016,"0021501094","20160327",-19.2,20.85,FALSE
201939,"Stephen Curry","1610612744","Golden State Warriors",2016,"0021501094","20160327",-13.8,16.75,TRUE
201939,"Stephen Curry","1610612744","Golden State Warriors",2016,"0021501094","20160327",17.3,24.55,TRUE
201939,"Stephen Curry","1610612744","Golden State Warriors",2016,"0021501094","20160327",14,27.65,FALSE
201939,"Stephen Curry","1610612744","Golden State Warriors",2016,"0021501112","20160329",-4.2,29.95,TRUE
201939,"Stephen Curry","1610612744","Golden State Warriors",2016,"0021501112","20160329",-13.8,7.85,FALSE
201939,"Stephen Curry","1610612744","Golden State Warriors",2016,"0021501112","20160329",-23.5,7.85,FALSE
201939,"Stephen Curry","1610612744","Golden State Warriors",2016,"0021501112","20160329",-2.5,6.55,FALSE
201939,"Stephen Curry","1610612744","Golden State Warriors",2016,"0021501112","20160329",7.1,16.35,FALSE
201939,"Stephen Curry","1610612744","Golden State Warriors",2016,"0021501112","20160329",-20.9,6.35,FALSE
201939,"Stephen Curry","1610612744","Golden State Warriors",2016,"0021501112","20160329",-23,5.95,TRUE
201939,"Stephen Curry","1610612744","Golden State Warriors",2016,"0021501112","20160329",0,5.35,TRUE
201939,"Stephen Curry","1610612744","Golden State Warriors",2016,"0021501112","20160329",17.1,33.55,FALSE
201939,"Stephen Curry","1610612744","Golden State Warriors",2016,"0021501112","20160329",-4.5,15.85,FALSE
201939,"Stephen Curry","1610612744","Golden State Warriors",2016,"0021501112","20160329",0,7.55,FALSE
201939,"Stephen Curry","1610612744","Golden State Warriors",2016,"0021501112","20160329",-23.2,10.85,TRUE
201939,"Stephen Curry","1610612744","Golden State Warriors",2016,"0021501112","20160329",1.4,6.35,TRUE
201939,"Stephen Curry","1610612744","Golden State Warriors",2016,"0021501112","20160329",-2.4,32.45,TRUE
201939,"Stephen Curry","1610612744","Golden State Warriors",2016,"0021501112","20160329",1.7,7.85,FALSE
201939,"Stephen Curry","1610612744","Golden State Warriors",2016,"0021501112","20160329",-13.5,19.15,FALSE
201939,"Stephen Curry","1610612744","Golden State Warriors",2016,"0021501112","20160329",-1.5,6.85,FALSE
201939,"Stephen Curry","1610612744","Golden State Warriors",2016,"0021501112","20160329",-15.5,28.05,TRUE
201939,"Stephen Curry","1610612744","Golden State Warriors",2016,"0021501112","20160329",0.1,33.05,TRUE
201939,"Stephen Curry","1610612744","Golden State Warriors",2016,"0021501112","20160329",-0.1,7.35,TRUE
201939,"Stephen Curry","1610612744","Golden State Warriors",2016,"0021501119","20160330",2.7,4.65,TRUE
201939,"Stephen Curry","1610612744","Golden State Warriors",2016,"0021501119","20160330",-18.4,22.15,FALSE
201939,"Stephen Curry","1610612744","Golden State Warriors",2016,"0021501119","20160330",-2.7,5.45,FALSE
201939,"Stephen Curry","1610612744","Golden State Warriors",2016,"0021501119","20160330",-13,8.85,FALSE
201939,"Stephen Curry","1610612744","Golden State Warriors",2016,"0021501119","20160330",13.8,25.75,TRUE
201939,"Stephen Curry","1610612744","Golden State Warriors",2016,"0021501119","20160330",3,5.95,FALSE
201939,"Stephen Curry","1610612744","Golden State Warriors",2016,"0021501119","20160330",2.2,20.85,TRUE
201939,"Stephen Curry","1610612744","Golden State Warriors",2016,"0021501119","20160330",-19.5,24.55,TRUE
201939,"Stephen Curry","1610612744","Golden State Warriors",2016,"0021501119","20160330",2.9,7.35,FALSE
201939,"Stephen Curry","1610612744","Golden State Warriors",2016,"0021501119","20160330",-3,6.35,FALSE
201939,"Stephen Curry","1610612744","Golden State Warriors",2016,"0021501119","20160330",15.3,24.75,TRUE
201939,"Stephen Curry","1610612744","Golden State Warriors",2016,"0021501119","20160330",17.9,23.05,FALSE
201939,"Stephen Curry","1610612744","Golden State Warriors",2016,"0021501119","20160330",-23,17.65,TRUE
201939,"Stephen Curry","1610612744","Golden State Warriors",2016,"0021501119","20160330",-10.9,29.15,TRUE
201939,"Stephen Curry","1610612744","Golden State Warriors",2016,"0021501119","20160330",19.1,25.55,FALSE
201939,"Stephen Curry","1610612744","Golden State Warriors",2016,"0021501119","20160330",3.2,11.45,FALSE
201939,"Stephen Curry","1610612744","Golden State Warriors",2016,"0021501119","20160330",-18.4,10.85,TRUE
201939,"Stephen Curry","1610612744","Golden State Warriors",2016,"0021501119","20160330",-1.9,5.55,TRUE
201939,"Stephen Curry","1610612744","Golden State Warriors",2016,"0021501119","20160330",0.6,31.45,FALSE
201939,"Stephen Curry","1610612744","Golden State Warriors",2016,"0021501119","20160330",2,5.95,FALSE
201939,"Stephen Curry","1610612744","Golden State Warriors",2016,"0021501119","20160330",-22.3,17.65,FALSE
201939,"Stephen Curry","1610612744","Golden State Warriors",2016,"0021501119","20160330",2.4,5.45,TRUE
201939,"Stephen Curry","1610612744","Golden State Warriors",2016,"0021501119","20160330",-3.5,8.85,TRUE
201939,"Stephen Curry","1610612744","Golden State Warriors",2016,"0021501136","20160401",15.6,24.55,FALSE
201939,"Stephen Curry","1610612744","Golden State Warriors",2016,"0021501136","20160401",-15,7.05,FALSE
201939,"Stephen Curry","1610612744","Golden State Warriors",2016,"0021501136","20160401",21.9,19.35,FALSE
201939,"Stephen Curry","1610612744","Golden State Warriors",2016,"0021501136","20160401",-22.3,17.25,TRUE
201939,"Stephen Curry","1610612744","Golden State Warriors",2016,"0021501136","20160401",-16.3,28.15,FALSE
201939,"Stephen Curry","1610612744","Golden State Warriors",2016,"0021501136","20160401",-5.1,32.45,TRUE
201939,"Stephen Curry","1610612744","Golden State Warriors",2016,"0021501136","20160401",18.9,24.05,TRUE
201939,"Stephen Curry","1610612744","Golden State Warriors",2016,"0021501136","20160401",22.7,5.25,TRUE
201939,"Stephen Curry","1610612744","Golden State Warriors",2016,"0021501136","20160401",-10.4,17.65,FALSE
201939,"Stephen Curry","1610612744","Golden State Warriors",2016,"0021501136","20160401",0,30.45,TRUE
201939,"Stephen Curry","1610612744","Golden State Warriors",2016,"0021501136","20160401",-0.8,6.65,FALSE
201939,"Stephen Curry","1610612744","Golden State Warriors",2016,"0021501136","20160401",-16.3,26.55,TRUE
201939,"Stephen Curry","1610612744","Golden State Warriors",2016,"0021501136","20160401",5.5,38.95,TRUE
201939,"Stephen Curry","1610612744","Golden State Warriors",2016,"0021501136","20160401",23,11.45,TRUE
201939,"Stephen Curry","1610612744","Golden State Warriors",2016,"0021501136","20160401",16.6,29.15,FALSE
201939,"Stephen Curry","1610612744","Golden State Warriors",2016,"0021501136","20160401",9.6,13.75,FALSE
201939,"Stephen Curry","1610612744","Golden State Warriors",2016,"0021501136","20160401",-1.5,7.05,TRUE
201939,"Stephen Curry","1610612744","Golden State Warriors",2016,"0021501136","20160401",-23.5,9.55,FALSE
201939,"Stephen Curry","1610612744","Golden State Warriors",2016,"0021501136","20160401",17.3,27.05,FALSE
201939,"Stephen Curry","1610612744","Golden State Warriors",2016,"0021501152","20160403",-5,11.35,FALSE
201939,"Stephen Curry","1610612744","Golden State Warriors",2016,"0021501152","20160403",-22.8,9.35,TRUE
201939,"Stephen Curry","1610612744","Golden State Warriors",2016,"0021501152","20160403",-3.2,7.85,FALSE
201939,"Stephen Curry","1610612744","Golden State Warriors",2016,"0021501152","20160403",-0.6,7.55,TRUE
201939,"Stephen Curry","1610612744","Golden State Warriors",2016,"0021501152","20160403",-1.2,6.35,TRUE
201939,"Stephen Curry","1610612744","Golden State Warriors",2016,"0021501152","20160403",-11.7,27.55,FALSE
201939,"Stephen Curry","1610612744","Golden State Warriors",2016,"0021501152","20160403",-8.6,23.75,TRUE
201939,"Stephen Curry","1610612744","Golden State Warriors",2016,"0021501152","20160403",-0.9,29.95,TRUE
201939,"Stephen Curry","1610612744","Golden State Warriors",2016,"0021501152","20160403",17.3,33.45,TRUE
201939,"Stephen Curry","1610612744","Golden State Warriors",2016,"0021501152","20160403",21.5,19.15,TRUE
201939,"Stephen Curry","1610612744","Golden State Warriors",2016,"0021501152","20160403",5.8,34.55,FALSE
201939,"Stephen Curry","1610612744","Golden State Warriors",2016,"0021501152","20160403",19.9,10.85,FALSE
201939,"Stephen Curry","1610612744","Golden State Warriors",2016,"0021501152","20160403",-0.4,31.45,FALSE
201939,"Stephen Curry","1610612744","Golden State Warriors",2016,"0021501152","20160403",-6.4,16.35,TRUE
201939,"Stephen Curry","1610612744","Golden State Warriors",2016,"0021501152","20160403",16.6,26.05,TRUE
201939,"Stephen Curry","1610612744","Golden State Warriors",2016,"0021501152","20160403",20.5,20.85,TRUE
201939,"Stephen Curry","1610612744","Golden State Warriors",2016,"0021501152","20160403",0,31.45,TRUE
201939,"Stephen Curry","1610612744","Golden State Warriors",2016,"0021501152","20160403",-19.2,28.05,TRUE
201939,"Stephen Curry","1610612744","Golden State Warriors",2016,"0021501152","20160403",-1.7,31.65,FALSE
201939,"Stephen Curry","1610612744","Golden State Warriors",2016,"0021501152","20160403",-18.1,10.85,FALSE
201939,"Stephen Curry","1610612744","Golden State Warriors",2016,"0021501152","20160403",-14,29.15,TRUE
201939,"Stephen Curry","1610612744","Golden State Warriors",2016,"0021501163","20160405",4.3,31.45,FALSE
201939,"Stephen Curry","1610612744","Golden State Warriors",2016,"0021501163","20160405",-14,26.05,FALSE
201939,"Stephen Curry","1610612744","Golden State Warriors",2016,"0021501163","20160405",19.2,6.35,FALSE
201939,"Stephen Curry","1610612744","Golden State Warriors",2016,"0021501163","20160405",19.9,24.05,FALSE
201939,"Stephen Curry","1610612744","Golden State Warriors",2016,"0021501163","20160405",-16.8,24.75,FALSE
201939,"Stephen Curry","1610612744","Golden State Warriors",2016,"0021501163","20160405",-2,6.35,FALSE
201939,"Stephen Curry","1610612744","Golden State Warriors",2016,"0021501163","20160405",-2.7,6.85,FALSE
201939,"Stephen Curry","1610612744","Golden State Warriors",2016,"0021501163","20160405",20.4,27.65,FALSE
201939,"Stephen Curry","1610612744","Golden State Warriors",2016,"0021501163","20160405",1.1,30.15,TRUE
201939,"Stephen Curry","1610612744","Golden State Warriors",2016,"0021501163","20160405",-0.9,10.45,FALSE
201939,"Stephen Curry","1610612744","Golden State Warriors",2016,"0021501163","20160405",-20,19.65,TRUE
201939,"Stephen Curry","1610612744","Golden State Warriors",2016,"0021501163","20160405",-18.6,26.65,TRUE
201939,"Stephen Curry","1610612744","Golden State Warriors",2016,"0021501163","20160405",0.1,32.55,TRUE
201939,"Stephen Curry","1610612744","Golden State Warriors",2016,"0021501163","20160405",-12.7,30.95,FALSE
201939,"Stephen Curry","1610612744","Golden State Warriors",2016,"0021501163","20160405",1.9,13.25,TRUE
201939,"Stephen Curry","1610612744","Golden State Warriors",2016,"0021501163","20160405",0.7,7.35,TRUE
201939,"Stephen Curry","1610612744","Golden State Warriors",2016,"0021501163","20160405",-20,19.85,FALSE
201939,"Stephen Curry","1610612744","Golden State Warriors",2016,"0021501163","20160405",0.7,30.95,FALSE
201939,"Stephen Curry","1610612744","Golden State Warriors",2016,"0021501163","20160405",-14.8,6.85,FALSE
201939,"Stephen Curry","1610612744","Golden State Warriors",2016,"0021501163","20160405",0.7,8.55,FALSE
201939,"Stephen Curry","1610612744","Golden State Warriors",2016,"0021501163","20160405",9.9,25.55,FALSE
201939,"Stephen Curry","1610612744","Golden State Warriors",2016,"0021501163","20160405",0.2,6.35,TRUE
201939,"Stephen Curry","1610612744","Golden State Warriors",2016,"0021501163","20160405",-18.6,23.05,FALSE
201939,"Stephen Curry","1610612744","Golden State Warriors",2016,"0021501163","20160405",0.9,6.85,FALSE
201939,"Stephen Curry","1610612744","Golden State Warriors",2016,"0021501163","20160405",17.1,28.45,FALSE
201939,"Stephen Curry","1610612744","Golden State Warriors",2016,"0021501177","20160407",-12.2,20.35,FALSE
201939,"Stephen Curry","1610612744","Golden State Warriors",2016,"0021501177","20160407",12.4,18.15,FALSE
201939,"Stephen Curry","1610612744","Golden State Warriors",2016,"0021501177","20160407",0.9,5.95,TRUE
201939,"Stephen Curry","1610612744","Golden State Warriors",2016,"0021501177","20160407",-11.4,12.95,FALSE
201939,"Stephen Curry","1610612744","Golden State Warriors",2016,"0021501177","20160407",1.6,7.35,FALSE
201939,"Stephen Curry","1610612744","Golden State Warriors",2016,"0021501177","20160407",-1.7,7.55,TRUE
201939,"Stephen Curry","1610612744","Golden State Warriors",2016,"0021501177","20160407",12.9,72.75,FALSE
201939,"Stephen Curry","1610612744","Golden State Warriors",2016,"0021501177","20160407",15.8,25.55,TRUE
201939,"Stephen Curry","1610612744","Golden State Warriors",2016,"0021501177","20160407",15.6,24.55,FALSE
201939,"Stephen Curry","1610612744","Golden State Warriors",2016,"0021501177","20160407",-4.8,17.85,TRUE
201939,"Stephen Curry","1610612744","Golden State Warriors",2016,"0021501177","20160407",0,6.55,TRUE
201939,"Stephen Curry","1610612744","Golden State Warriors",2016,"0021501177","20160407",16.9,6.55,TRUE
201939,"Stephen Curry","1610612744","Golden State Warriors",2016,"0021501177","20160407",0.4,32.15,TRUE
201939,"Stephen Curry","1610612744","Golden State Warriors",2016,"0021501177","20160407",0.7,30.45,FALSE
201939,"Stephen Curry","1610612744","Golden State Warriors",2016,"0021501177","20160407",-1,6.85,TRUE
201939,"Stephen Curry","1610612744","Golden State Warriors",2016,"0021501177","20160407",0.1,6.35,TRUE
201939,"Stephen Curry","1610612744","Golden State Warriors",2016,"0021501177","20160407",0.9,7.35,TRUE
201939,"Stephen Curry","1610612744","Golden State Warriors",2016,"0021501177","20160407",-13.3,28.05,FALSE
201939,"Stephen Curry","1610612744","Golden State Warriors",2016,"0021501177","20160407",-18.6,22.65,TRUE
201939,"Stephen Curry","1610612744","Golden State Warriors",2016,"0021501190","20160409",15.5,12.75,TRUE
201939,"Stephen Curry","1610612744","Golden State Warriors",2016,"0021501190","20160409",-7.9,28.95,FALSE
201939,"Stephen Curry","1610612744","Golden State Warriors",2016,"0021501190","20160409",-5.6,29.15,FALSE
201939,"Stephen Curry","1610612744","Golden State Warriors",2016,"0021501190","20160409",-1.5,4.65,TRUE
201939,"Stephen Curry","1610612744","Golden State Warriors",2016,"0021501190","20160409",1.4,5.95,TRUE
201939,"Stephen Curry","1610612744","Golden State Warriors",2016,"0021501190","20160409",-23.5,7.85,FALSE
201939,"Stephen Curry","1610612744","Golden State Warriors",2016,"0021501190","20160409",3.2,5.25,FALSE
201939,"Stephen Curry","1610612744","Golden State Warriors",2016,"0021501190","20160409",-6.3,30.45,FALSE
201939,"Stephen Curry","1610612744","Golden State Warriors",2016,"0021501190","20160409",-15.9,65.65,FALSE
201939,"Stephen Curry","1610612744","Golden State Warriors",2016,"0021501190","20160409",-18.4,13.95,FALSE
201939,"Stephen Curry","1610612744","Golden State Warriors",2016,"0021501190","20160409",-3.2,6.85,TRUE
201939,"Stephen Curry","1610612744","Golden State Warriors",2016,"0021501190","20160409",-0.9,29.45,TRUE
201939,"Stephen Curry","1610612744","Golden State Warriors",2016,"0021501190","20160409",-17.9,24.75,FALSE
201939,"Stephen Curry","1610612744","Golden State Warriors",2016,"0021501190","20160409",-3.5,32.15,FALSE
201939,"Stephen Curry","1610612744","Golden State Warriors",2016,"0021501190","20160409",-22.2,24.55,FALSE
201939,"Stephen Curry","1610612744","Golden State Warriors",2016,"0021501190","20160409",-1.7,8.35,FALSE
201939,"Stephen Curry","1610612744","Golden State Warriors",2016,"0021501190","20160409",21.7,17.65,FALSE
201939,"Stephen Curry","1610612744","Golden State Warriors",2016,"0021501190","20160409",-21.8,17.25,TRUE
201939,"Stephen Curry","1610612744","Golden State Warriors",2016,"0021501190","20160409",-1.4,30.95,TRUE
201939,"Stephen Curry","1610612744","Golden State Warriors",2016,"0021501190","20160409",-1.9,6.85,FALSE
201939,"Stephen Curry","1610612744","Golden State Warriors",2016,"0021501190","20160409",-3.5,30.45,FALSE
201939,"Stephen Curry","1610612744","Golden State Warriors",2016,"0021501190","20160409",-22.7,11.35,FALSE
201939,"Stephen Curry","1610612744","Golden State Warriors",2016,"0021501201","20160410",-2,25.75,TRUE
201939,"Stephen Curry","1610612744","Golden State Warriors",2016,"0021501201","20160410",-17.4,23.75,FALSE
201939,"Stephen Curry","1610612744","Golden State Warriors",2016,"0021501201","20160410",-7.9,19.15,FALSE
201939,"Stephen Curry","1610612744","Golden State Warriors",2016,"0021501201","20160410",-17.1,22.65,TRUE
201939,"Stephen Curry","1610612744","Golden State Warriors",2016,"0021501201","20160410",-1,5.15,TRUE
201939,"Stephen Curry","1610612744","Golden State Warriors",2016,"0021501201","20160410",-15.5,25.55,FALSE
201939,"Stephen Curry","1610612744","Golden State Warriors",2016,"0021501201","20160410",14,6.05,FALSE
201939,"Stephen Curry","1610612744","Golden State Warriors",2016,"0021501201","20160410",9.4,7.85,TRUE
201939,"Stephen Curry","1610612744","Golden State Warriors",2016,"0021501201","20160410",17.9,23.75,FALSE
201939,"Stephen Curry","1610612744","Golden State Warriors",2016,"0021501201","20160410",-0.9,30.45,TRUE
201939,"Stephen Curry","1610612744","Golden State Warriors",2016,"0021501201","20160410",-16.3,23.25,TRUE
201939,"Stephen Curry","1610612744","Golden State Warriors",2016,"0021501201","20160410",-23.6,7.35,FALSE
201939,"Stephen Curry","1610612744","Golden State Warriors",2016,"0021501201","20160410",-0.4,13.75,TRUE
201939,"Stephen Curry","1610612744","Golden State Warriors",2016,"0021501201","20160410",15.6,5.45,FALSE
201939,"Stephen Curry","1610612744","Golden State Warriors",2016,"0021501201","20160410",-22,18.35,TRUE
201939,"Stephen Curry","1610612744","Golden State Warriors",2016,"0021501201","20160410",7.8,16.25,TRUE
201939,"Stephen Curry","1610612744","Golden State Warriors",2016,"0021501201","20160410",1.2,4.65,TRUE
201939,"Stephen Curry","1610612744","Golden State Warriors",2016,"0021501201","20160410",-16.8,18.65,FALSE
201939,"Stephen Curry","1610612744","Golden State Warriors",2016,"0021501201","20160410",-12.5,18.15,TRUE
201939,"Stephen Curry","1610612744","Golden State Warriors",2016,"0021501201","20160410",16.5,27.15,FALSE
201939,"Stephen Curry","1610612744","Golden State Warriors",2016,"0021501201","20160410",-1.7,6.35,TRUE
201939,"Stephen Curry","1610612744","Golden State Warriors",2016,"0021501201","20160410",-2.7,5.25,TRUE
201939,"Stephen Curry","1610612744","Golden State Warriors",2016,"0021501227","20160413",17.8,26.55,FALSE
201939,"Stephen Curry","1610612744","Golden State Warriors",2016,"0021501227","20160413",-12.3,29.45,TRUE
201939,"Stephen Curry","1610612744","Golden State Warriors",2016,"0021501227","20160413",-8.2,29.45,TRUE
201939,"Stephen Curry","1610612744","Golden State Warriors",2016,"0021501227","20160413",0,36.55,TRUE
201939,"Stephen Curry","1610612744","Golden State Warriors",2016,"0021501227","20160413",8.9,30.45,TRUE
201939,"Stephen Curry","1610612744","Golden State Warriors",2016,"0021501227","20160413",14.2,28.95,TRUE
201939,"Stephen Curry","1610612744","Golden State Warriors",2016,"0021501227","20160413",2.2,34.35,FALSE
201939,"Stephen Curry","1610612744","Golden State Warriors",2016,"0021501227","20160413",-17.1,23.55,TRUE
201939,"Stephen Curry","1610612744","Golden State Warriors",2016,"0021501227","20160413",6.8,36.35,FALSE
201939,"Stephen Curry","1610612744","Golden State Warriors",2016,"0021501227","20160413",2.5,32.55,FALSE
201939,"Stephen Curry","1610612744","Golden State Warriors",2016,"0021501227","20160413",-8.4,30.45,TRUE
201939,"Stephen Curry","1610612744","Golden State Warriors",2016,"0021501227","20160413",0,7.35,TRUE
201939,"Stephen Curry","1610612744","Golden State Warriors",2016,"0021501227","20160413",-8.6,34.35,FALSE
201939,"Stephen Curry","1610612744","Golden State Warriors",2016,"0021501227","20160413",-18.1,24.05,FALSE
201939,"Stephen Curry","1610612744","Golden State Warriors",2016,"0021501227","20160413",-23.3,10.35,TRUE
201939,"Stephen Curry","1610612744","Golden State Warriors",2016,"0021501227","20160413",-1,7.55,TRUE
201939,"Stephen Curry","1610612744","Golden State Warriors",2016,"0021501227","20160413",-0.1,36.05,TRUE
201939,"Stephen Curry","1610612744","Golden State Warriors",2016,"0021501227","20160413",0.2,13.45,TRUE
201939,"Stephen Curry","1610612744","Golden State Warriors",2016,"0021501227","20160413",-24,5.25,FALSE
201939,"Stephen Curry","1610612744","Golden State Warriors",2016,"0021501227","20160413",-2,6.85,TRUE
201939,"Stephen Curry","1610612744","Golden State Warriors",2016,"0021501227","20160413",-0.4,35.55,FALSE
201939,"Stephen Curry","1610612744","Golden State Warriors",2016,"0021501227","20160413",-1,7.35,TRUE
201939,"Stephen Curry","1610612744","Golden State Warriors",2016,"0021501227","20160413",-20.9,23.55,FALSE
201939,"Stephen Curry","1610612744","Golden State Warriors",2016,"0021501227","20160413",-23.5,11.95,TRUE
201939,"Stephen Curry","1610612744","Golden State Warriors",2017,"0021600003","20161025",-13,30.95,FALSE
201939,"Stephen Curry","1610612744","Golden State Warriors",2017,"0021600003","20161025",-18.9,22.65,TRUE
201939,"Stephen Curry","1610612744","Golden State Warriors",2017,"0021600003","20161025",-15.9,28.15,FALSE
201939,"Stephen Curry","1610612744","Golden State Warriors",2017,"0021600003","20161025",-16.3,19.35,FALSE
201939,"Stephen Curry","1610612744","Golden State Warriors",2017,"0021600003","20161025",0.9,31.95,TRUE
201939,"Stephen Curry","1610612744","Golden State Warriors",2017,"0021600003","20161025",1.6,12.25,TRUE
201939,"Stephen Curry","1610612744","Golden State Warriors",2017,"0021600003","20161025",0.1,5.95,TRUE
201939,"Stephen Curry","1610612744","Golden State Warriors",2017,"0021600003","20161025",-11.4,29.95,TRUE
201939,"Stephen Curry","1610612744","Golden State Warriors",2017,"0021600003","20161025",-13,30.45,FALSE
201939,"Stephen Curry","1610612744","Golden State Warriors",2017,"0021600003","20161025",16.9,31.45,FALSE
201939,"Stephen Curry","1610612744","Golden State Warriors",2017,"0021600003","20161025",7.3,34.05,FALSE
201939,"Stephen Curry","1610612744","Golden State Warriors",2017,"0021600003","20161025",0.2,5.95,FALSE
201939,"Stephen Curry","1610612744","Golden State Warriors",2017,"0021600003","20161025",-22.5,8.85,FALSE
201939,"Stephen Curry","1610612744","Golden State Warriors",2017,"0021600003","20161025",-0.8,5.75,TRUE
201939,"Stephen Curry","1610612744","Golden State Warriors",2017,"0021600003","20161025",-0.9,6.55,TRUE
201939,"Stephen Curry","1610612744","Golden State Warriors",2017,"0021600003","20161025",21.4,10.85,TRUE
201939,"Stephen Curry","1610612744","Golden State Warriors",2017,"0021600003","20161025",-0.2,9.35,TRUE
201939,"Stephen Curry","1610612744","Golden State Warriors",2017,"0021600003","20161025",23.2,7.85,FALSE
201939,"Stephen Curry","1610612744","Golden State Warriors",2017,"0021600025","20161028",10.7,28.05,TRUE
201939,"Stephen Curry","1610612744","Golden State Warriors",2017,"0021600025","20161028",2.2,6.85,FALSE
201939,"Stephen Curry","1610612744","Golden State Warriors",2017,"0021600025","20161028",15.6,25.55,FALSE
201939,"Stephen Curry","1610612744","Golden State Warriors",2017,"0021600025","20161028",-1.9,29.95,FALSE
201939,"Stephen Curry","1610612744","Golden State Warriors",2017,"0021600025","20161028",-10.5,29.45,TRUE
201939,"Stephen Curry","1610612744","Golden State Warriors",2017,"0021600025","20161028",17.1,14.25,FALSE
201939,"Stephen Curry","1610612744","Golden State Warriors",2017,"0021600025","20161028",-0.9,7.85,TRUE
201939,"Stephen Curry","1610612744","Golden State Warriors",2017,"0021600025","20161028",1.4,5.95,FALSE
201939,"Stephen Curry","1610612744","Golden State Warriors",2017,"0021600025","20161028",17.8,25.25,FALSE
201939,"Stephen Curry","1610612744","Golden State Warriors",2017,"0021600025","20161028",22.8,5.15,TRUE
201939,"Stephen Curry","1610612744","Golden State Warriors",2017,"0021600025","20161028",-1.7,5.95,TRUE
201939,"Stephen Curry","1610612744","Golden State Warriors",2017,"0021600025","20161028",13.8,31.45,TRUE
201939,"Stephen Curry","1610612744","Golden State Warriors",2017,"0021600025","20161028",-6.4,35.85,FALSE
201939,"Stephen Curry","1610612744","Golden State Warriors",2017,"0021600025","20161028",0.6,25.75,TRUE
201939,"Stephen Curry","1610612744","Golden State Warriors",2017,"0021600025","20161028",2,6.05,FALSE
201939,"Stephen Curry","1610612744","Golden State Warriors",2017,"0021600025","20161028",-13.5,27.05,FALSE
201939,"Stephen Curry","1610612744","Golden State Warriors",2017,"0021600025","20161028",-1.9,5.95,FALSE
201939,"Stephen Curry","1610612744","Golden State Warriors",2017,"0021600025","20161028",-0.4,6.05,TRUE
201939,"Stephen Curry","1610612744","Golden State Warriors",2017,"0021600025","20161028",5.5,30.95,FALSE
201939,"Stephen Curry","1610612744","Golden State Warriors",2017,"0021600036","20161030",16.9,11.35,TRUE
201939,"Stephen Curry","1610612744","Golden State Warriors",2017,"0021600036","20161030",-0.1,30.45,TRUE
201939,"Stephen Curry","1610612744","Golden State Warriors",2017,"0021600036","20161030",-5.8,9.95,TRUE
201939,"Stephen Curry","1610612744","Golden State Warriors",2017,"0021600036","20161030",14.7,26.65,TRUE
201939,"Stephen Curry","1610612744","Golden State Warriors",2017,"0021600036","20161030",-1.9,5.95,FALSE
201939,"Stephen Curry","1610612744","Golden State Warriors",2017,"0021600036","20161030",23.2,5.15,FALSE
201939,"Stephen Curry","1610612744","Golden State Warriors",2017,"0021600036","20161030",-23.5,17.25,TRUE
201939,"Stephen Curry","1610612744","Golden State Warriors",2017,"0021600036","20161030",12.9,9.55,FALSE
201939,"Stephen Curry","1610612744","Golden State Warriors",2017,"0021600036","20161030",NA,NA,TRUE
201939,"Stephen Curry","1610612744","Golden State Warriors",2017,"0021600036","20161030",3.5,8.85,TRUE
201939,"Stephen Curry","1610612744","Golden State Warriors",2017,"0021600036","20161030",9.1,30.45,TRUE
201939,"Stephen Curry","1610612744","Golden State Warriors",2017,"0021600036","20161030",-15.1,28.45,FALSE
201939,"Stephen Curry","1610612744","Golden State Warriors",2017,"0021600036","20161030",1.6,12.45,FALSE
201939,"Stephen Curry","1610612744","Golden State Warriors",2017,"0021600036","20161030",0.2,7.05,FALSE
201939,"Stephen Curry","1610612744","Golden State Warriors",2017,"0021600036","20161030",5.6,23.75,TRUE
201939,"Stephen Curry","1610612744","Golden State Warriors",2017,"0021600036","20161030",23.2,3.15,FALSE
201939,"Stephen Curry","1610612744","Golden State Warriors",2017,"0021600036","20161030",16.9,7.35,FALSE
201939,"Stephen Curry","1610612744","Golden State Warriors",2017,"0021600054","20161101",23,5.55,FALSE
201939,"Stephen Curry","1610612744","Golden State Warriors",2017,"0021600054","20161101",9.9,30.45,FALSE
201939,"Stephen Curry","1610612744","Golden State Warriors",2017,"0021600054","20161101",-5.1,18.65,FALSE
201939,"Stephen Curry","1610612744","Golden State Warriors",2017,"0021600054","20161101",2.2,5.45,TRUE
201939,"Stephen Curry","1610612744","Golden State Warriors",2017,"0021600054","20161101",-1,5.55,TRUE
201939,"Stephen Curry","1610612744","Golden State Warriors",2017,"0021600054","20161101",-8.2,31.65,FALSE
201939,"Stephen Curry","1610612744","Golden State Warriors",2017,"0021600054","20161101",12.5,22.65,FALSE
201939,"Stephen Curry","1610612744","Golden State Warriors",2017,"0021600054","20161101",5.3,20.15,FALSE
201939,"Stephen Curry","1610612744","Golden State Warriors",2017,"0021600054","20161101",-0.6,45.65,FALSE
201939,"Stephen Curry","1610612744","Golden State Warriors",2017,"0021600054","20161101",21,25.55,TRUE
201939,"Stephen Curry","1610612744","Golden State Warriors",2017,"0021600054","20161101",-8.1,28.45,TRUE
201939,"Stephen Curry","1610612744","Golden State Warriors",2017,"0021600054","20161101",-1.2,5.45,TRUE
201939,"Stephen Curry","1610612744","Golden State Warriors",2017,"0021600054","20161101",0.2,34.05,TRUE
201939,"Stephen Curry","1610612744","Golden State Warriors",2017,"0021600054","20161101",-6.4,30.45,FALSE
201939,"Stephen Curry","1610612744","Golden State Warriors",2017,"0021600054","20161101",-6.6,6.55,FALSE
201939,"Stephen Curry","1610612744","Golden State Warriors",2017,"0021600054","20161101",-22.8,6.35,TRUE
201939,"Stephen Curry","1610612744","Golden State Warriors",2017,"0021600054","20161101",-1.7,5.45,FALSE
201939,"Stephen Curry","1610612744","Golden State Warriors",2017,"0021600054","20161101",2.2,5.95,TRUE
201939,"Stephen Curry","1610612744","Golden State Warriors",2017,"0021600054","20161101",-10.2,25.05,FALSE
201939,"Stephen Curry","1610612744","Golden State Warriors",2017,"0021600054","20161101",-0.9,5.45,TRUE
201939,"Stephen Curry","1610612744","Golden State Warriors",2017,"0021600054","20161101",-10.4,28.15,TRUE
201939,"Stephen Curry","1610612744","Golden State Warriors",2017,"0021600069","20161103",0.6,6.35,TRUE
201939,"Stephen Curry","1610612744","Golden State Warriors",2017,"0021600069","20161103",0.4,6.85,TRUE
201939,"Stephen Curry","1610612744","Golden State Warriors",2017,"0021600069","20161103",-15.1,25.25,FALSE
201939,"Stephen Curry","1610612744","Golden State Warriors",2017,"0021600069","20161103",22.7,17.85,FALSE
201939,"Stephen Curry","1610612744","Golden State Warriors",2017,"0021600069","20161103",3.4,13.45,FALSE
201939,"Stephen Curry","1610612744","Golden State Warriors",2017,"0021600069","20161103",-1.7,7.85,FALSE
201939,"Stephen Curry","1610612744","Golden State Warriors",2017,"0021600069","20161103",-8.2,29.65,FALSE
201939,"Stephen Curry","1610612744","Golden State Warriors",2017,"0021600069","20161103",-1.7,7.35,FALSE
201939,"Stephen Curry","1610612744","Golden State Warriors",2017,"0021600069","20161103",-3.2,23.05,TRUE
201939,"Stephen Curry","1610612744","Golden State Warriors",2017,"0021600069","20161103",-21.8,19.65,TRUE
201939,"Stephen Curry","1610612744","Golden State Warriors",2017,"0021600069","20161103",3.4,8.85,FALSE
201939,"Stephen Curry","1610612744","Golden State Warriors",2017,"0021600069","20161103",-23,7.85,TRUE
201939,"Stephen Curry","1610612744","Golden State Warriors",2017,"0021600069","20161103",0.9,6.85,TRUE
201939,"Stephen Curry","1610612744","Golden State Warriors",2017,"0021600069","20161103",0.7,36.55,FALSE
201939,"Stephen Curry","1610612744","Golden State Warriors",2017,"0021600078","20161104",19.6,22.05,FALSE
201939,"Stephen Curry","1610612744","Golden State Warriors",2017,"0021600078","20161104",23.2,16.65,FALSE
201939,"Stephen Curry","1610612744","Golden State Warriors",2017,"0021600078","20161104",-0.1,5.35,TRUE
201939,"Stephen Curry","1610612744","Golden State Warriors",2017,"0021600078","20161104",22.7,11.25,FALSE
201939,"Stephen Curry","1610612744","Golden State Warriors",2017,"0021600078","20161104",1.8,5.35,TRUE
201939,"Stephen Curry","1610612744","Golden State Warriors",2017,"0021600078","20161104",20.2,9.35,FALSE
201939,"Stephen Curry","1610612744","Golden State Warriors",2017,"0021600078","20161104",16,19.25,TRUE
201939,"Stephen Curry","1610612744","Golden State Warriors",2017,"0021600078","20161104",24.6,4.65,FALSE
201939,"Stephen Curry","1610612744","Golden State Warriors",2017,"0021600078","20161104",11.6,27.55,FALSE
201939,"Stephen Curry","1610612744","Golden State Warriors",2017,"0021600078","20161104",1.8,5.35,TRUE
201939,"Stephen Curry","1610612744","Golden State Warriors",2017,"0021600078","20161104",17,24.65,FALSE
201939,"Stephen Curry","1610612744","Golden State Warriors",2017,"0021600078","20161104",2.1,5.25,FALSE
201939,"Stephen Curry","1610612744","Golden State Warriors",2017,"0021600078","20161104",8.5,29.55,FALSE
201939,"Stephen Curry","1610612744","Golden State Warriors",2017,"0021600078","20161104",24.5,14.65,FALSE
201939,"Stephen Curry","1610612744","Golden State Warriors",2017,"0021600078","20161104",-3.7,29.05,FALSE
201939,"Stephen Curry","1610612744","Golden State Warriors",2017,"0021600078","20161104",1,5.55,TRUE
201939,"Stephen Curry","1610612744","Golden State Warriors",2017,"0021600078","20161104",12.2,27.55,FALSE
201939,"Stephen Curry","1610612744","Golden State Warriors",2017,"0021600099","20161107",-0.1,6.35,TRUE
201939,"Stephen Curry","1610612744","Golden State Warriors",2017,"0021600099","20161107",19.6,28.05,TRUE
201939,"Stephen Curry","1610612744","Golden State Warriors",2017,"0021600099","20161107",5.3,32.45,FALSE
201939,"Stephen Curry","1610612744","Golden State Warriors",2017,"0021600099","20161107",18.4,25.55,TRUE
201939,"Stephen Curry","1610612744","Golden State Warriors",2017,"0021600099","20161107",23.3,8.35,TRUE
201939,"Stephen Curry","1610612744","Golden State Warriors",2017,"0021600099","20161107",16.3,21.65,FALSE
201939,"Stephen Curry","1610612744","Golden State Warriors",2017,"0021600099","20161107",20.1,21.75,TRUE
201939,"Stephen Curry","1610612744","Golden State Warriors",2017,"0021600099","20161107",20.7,23.55,TRUE
201939,"Stephen Curry","1610612744","Golden State Warriors",2017,"0021600099","20161107",1.6,31.15,TRUE
201939,"Stephen Curry","1610612744","Golden State Warriors",2017,"0021600099","20161107",-0.4,12.75,FALSE
201939,"Stephen Curry","1610612744","Golden State Warriors",2017,"0021600099","20161107",0.1,6.35,TRUE
201939,"Stephen Curry","1610612744","Golden State Warriors",2017,"0021600099","20161107",15.3,58.75,FALSE
201939,"Stephen Curry","1610612744","Golden State Warriors",2017,"0021600099","20161107",-1.9,31.45,TRUE
201939,"Stephen Curry","1610612744","Golden State Warriors",2017,"0021600099","20161107",14.2,6.85,TRUE
201939,"Stephen Curry","1610612744","Golden State Warriors",2017,"0021600099","20161107",-4,16.75,FALSE
201939,"Stephen Curry","1610612744","Golden State Warriors",2017,"0021600099","20161107",22.2,17.35,FALSE
201939,"Stephen Curry","1610612744","Golden State Warriors",2017,"0021600099","20161107",-12.8,19.65,FALSE
201939,"Stephen Curry","1610612744","Golden State Warriors",2017,"0021600099","20161107",12,28.05,TRUE
201939,"Stephen Curry","1610612744","Golden State Warriors",2017,"0021600099","20161107",9.1,30.45,TRUE
201939,"Stephen Curry","1610612744","Golden State Warriors",2017,"0021600099","20161107",-0.2,10.95,FALSE
201939,"Stephen Curry","1610612744","Golden State Warriors",2017,"0021600099","20161107",19.6,20.65,TRUE
201939,"Stephen Curry","1610612744","Golden State Warriors",2017,"0021600099","20161107",-12.7,27.65,FALSE
201939,"Stephen Curry","1610612744","Golden State Warriors",2017,"0021600099","20161107",19.4,21.15,TRUE
201939,"Stephen Curry","1610612744","Golden State Warriors",2017,"0021600099","20161107",8.9,28.95,TRUE
201939,"Stephen Curry","1610612744","Golden State Warriors",2017,"0021600099","20161107",-7.1,30.45,TRUE
201939,"Stephen Curry","1610612744","Golden State Warriors",2017,"0021600099","20161107",0.1,10.95,FALSE
201939,"Stephen Curry","1610612744","Golden State Warriors",2017,"0021600116","20161109",20.7,24.75,FALSE
201939,"Stephen Curry","1610612744","Golden State Warriors",2017,"0021600116","20161109",23.3,5.45,FALSE
201939,"Stephen Curry","1610612744","Golden State Warriors",2017,"0021600116","20161109",-1,6.85,TRUE
201939,"Stephen Curry","1610612744","Golden State Warriors",2017,"0021600116","20161109",13.7,32.95,TRUE
201939,"Stephen Curry","1610612744","Golden State Warriors",2017,"0021600116","20161109",-18.2,23.05,TRUE
201939,"Stephen Curry","1610612744","Golden State Warriors",2017,"0021600116","20161109",3.5,31.65,FALSE
201939,"Stephen Curry","1610612744","Golden State Warriors",2017,"0021600116","20161109",23.7,5.45,FALSE
201939,"Stephen Curry","1610612744","Golden State Warriors",2017,"0021600116","20161109",1.4,31.95,TRUE
201939,"Stephen Curry","1610612744","Golden State Warriors",2017,"0021600116","20161109",0,8.05,TRUE
201939,"Stephen Curry","1610612744","Golden State Warriors",2017,"0021600116","20161109",-16.3,18.15,TRUE
201939,"Stephen Curry","1610612744","Golden State Warriors",2017,"0021600116","20161109",-8.9,15.75,TRUE
201939,"Stephen Curry","1610612744","Golden State Warriors",2017,"0021600116","20161109",-12.7,35.35,TRUE
201939,"Stephen Curry","1610612744","Golden State Warriors",2017,"0021600119","20161110",-2.5,5.95,TRUE
201939,"Stephen Curry","1610612744","Golden State Warriors",2017,"0021600119","20161110",14.7,26.05,TRUE
201939,"Stephen Curry","1610612744","Golden State Warriors",2017,"0021600119","20161110",3.7,31.95,FALSE
201939,"Stephen Curry","1610612744","Golden State Warriors",2017,"0021600119","20161110",14.8,25.75,TRUE
201939,"Stephen Curry","1610612744","Golden State Warriors",2017,"0021600119","20161110",15.6,25.05,TRUE
201939,"Stephen Curry","1610612744","Golden State Warriors",2017,"0021600119","20161110",14.7,26.05,FALSE
201939,"Stephen Curry","1610612744","Golden State Warriors",2017,"0021600119","20161110",1.7,5.45,TRUE
201939,"Stephen Curry","1610612744","Golden State Warriors",2017,"0021600119","20161110",24.3,4.15,FALSE
201939,"Stephen Curry","1610612744","Golden State Warriors",2017,"0021600119","20161110",-20.7,6.35,FALSE
201939,"Stephen Curry","1610612744","Golden State Warriors",2017,"0021600119","20161110",1.2,4.65,TRUE
201939,"Stephen Curry","1610612744","Golden State Warriors",2017,"0021600119","20161110",-6.8,29.45,TRUE
201939,"Stephen Curry","1610612744","Golden State Warriors",2017,"0021600119","20161110",23.7,4.15,FALSE
201939,"Stephen Curry","1610612744","Golden State Warriors",2017,"0021600119","20161110",20.1,20.15,TRUE
201939,"Stephen Curry","1610612744","Golden State Warriors",2017,"0021600119","20161110",17.6,28.45,TRUE
201939,"Stephen Curry","1610612744","Golden State Warriors",2017,"0021600119","20161110",20.5,24.75,TRUE
201939,"Stephen Curry","1610612744","Golden State Warriors",2017,"0021600119","20161110",-10.7,37.35,FALSE
201939,"Stephen Curry","1610612744","Golden State Warriors",2017,"0021600119","20161110",-15.5,29.95,FALSE
201939,"Stephen Curry","1610612744","Golden State Warriors",2017,"0021600143","20161113",0.9,5.55,TRUE
201939,"Stephen Curry","1610612744","Golden State Warriors",2017,"0021600143","20161113",23.2,7.05,TRUE
201939,"Stephen Curry","1610612744","Golden State Warriors",2017,"0021600143","20161113",0.7,7.35,FALSE
201939,"Stephen Curry","1610612744","Golden State Warriors",2017,"0021600143","20161113",-4.6,30.45,TRUE
201939,"Stephen Curry","1610612744","Golden State Warriors",2017,"0021600143","20161113",7,13.75,TRUE
201939,"Stephen Curry","1610612744","Golden State Warriors",2017,"0021600143","20161113",-11.4,28.05,FALSE
201939,"Stephen Curry","1610612744","Golden State Warriors",2017,"0021600143","20161113",0,7.35,TRUE
201939,"Stephen Curry","1610612744","Golden State Warriors",2017,"0021600143","20161113",9.4,30.15,TRUE
201939,"Stephen Curry","1610612744","Golden State Warriors",2017,"0021600143","20161113",0.6,34.05,FALSE
201939,"Stephen Curry","1610612744","Golden State Warriors",2017,"0021600143","20161113",19.2,22.25,FALSE
201939,"Stephen Curry","1610612744","Golden State Warriors",2017,"0021600143","20161113",-5.3,19.85,FALSE
201939,"Stephen Curry","1610612744","Golden State Warriors",2017,"0021600143","20161113",15,29.45,FALSE
201939,"Stephen Curry","1610612744","Golden State Warriors",2017,"0021600143","20161113",-2.8,29.95,TRUE
201939,"Stephen Curry","1610612744","Golden State Warriors",2017,"0021600143","20161113",-1.5,32.45,TRUE
201939,"Stephen Curry","1610612744","Golden State Warriors",2017,"0021600143","20161113",0.1,7.35,TRUE
201939,"Stephen Curry","1610612744","Golden State Warriors",2017,"0021600143","20161113",-3.3,15.35,FALSE
201939,"Stephen Curry","1610612744","Golden State Warriors",2017,"0021600143","20161113",-0.9,9.55,FALSE
201939,"Stephen Curry","1610612744","Golden State Warriors",2017,"0021600165","20161116",-20.7,20.35,FALSE
201939,"Stephen Curry","1610612744","Golden State Warriors",2017,"0021600165","20161116",2.9,6.35,TRUE
201939,"Stephen Curry","1610612744","Golden State Warriors",2017,"0021600165","20161116",3.4,6.05,TRUE
201939,"Stephen Curry","1610612744","Golden State Warriors",2017,"0021600165","20161116",9.7,25.75,TRUE
201939,"Stephen Curry","1610612744","Golden State Warriors",2017,"0021600165","20161116",0.6,30.95,FALSE
201939,"Stephen Curry","1610612744","Golden State Warriors",2017,"0021600165","20161116",-19.2,20.85,TRUE
201939,"Stephen Curry","1610612744","Golden State Warriors",2017,"0021600165","20161116",0.1,5.55,TRUE
201939,"Stephen Curry","1610612744","Golden State Warriors",2017,"0021600165","20161116",-15,25.55,FALSE
201939,"Stephen Curry","1610612744","Golden State Warriors",2017,"0021600165","20161116",1.9,5.45,TRUE
201939,"Stephen Curry","1610612744","Golden State Warriors",2017,"0021600165","20161116",-3.5,4.65,TRUE
201939,"Stephen Curry","1610612744","Golden State Warriors",2017,"0021600165","20161116",0,6.15,FALSE
201939,"Stephen Curry","1610612744","Golden State Warriors",2017,"0021600165","20161116",14.7,27.15,FALSE
201939,"Stephen Curry","1610612744","Golden State Warriors",2017,"0021600165","20161116",14.3,13.45,TRUE
201939,"Stephen Curry","1610612744","Golden State Warriors",2017,"0021600165","20161116",-16.8,25.75,TRUE
201939,"Stephen Curry","1610612744","Golden State Warriors",2017,"0021600165","20161116",-14.3,26.05,TRUE
201939,"Stephen Curry","1610612744","Golden State Warriors",2017,"0021600165","20161116",-15.5,13.45,FALSE
201939,"Stephen Curry","1610612744","Golden State Warriors",2017,"0021600165","20161116",-5.5,31.45,FALSE
201939,"Stephen Curry","1610612744","Golden State Warriors",2017,"0021600165","20161116",9.7,22.15,FALSE
201939,"Stephen Curry","1610612744","Golden State Warriors",2017,"0021600165","20161116",-23.2,17.35,FALSE
201939,"Stephen Curry","1610612744","Golden State Warriors",2017,"0021600179","20161118",-0.9,6.05,FALSE
201939,"Stephen Curry","1610612744","Golden State Warriors",2017,"0021600179","20161118",-0.1,6.85,FALSE
201939,"Stephen Curry","1610612744","Golden State Warriors",2017,"0021600179","20161118",2.7,10.85,TRUE
201939,"Stephen Curry","1610612744","Golden State Warriors",2017,"0021600179","20161118",-13.8,27.05,FALSE
201939,"Stephen Curry","1610612744","Golden State Warriors",2017,"0021600179","20161118",14.5,7.05,FALSE
201939,"Stephen Curry","1610612744","Golden State Warriors",2017,"0021600179","20161118",-13.5,27.05,FALSE
201939,"Stephen Curry","1610612744","Golden State Warriors",2017,"0021600179","20161118",6.6,27.05,TRUE
201939,"Stephen Curry","1610612744","Golden State Warriors",2017,"0021600179","20161118",1.4,31.45,FALSE
201939,"Stephen Curry","1610612744","Golden State Warriors",2017,"0021600179","20161118",2.5,5.95,TRUE
201939,"Stephen Curry","1610612744","Golden State Warriors",2017,"0021600179","20161118",18.1,44.75,FALSE
201939,"Stephen Curry","1610612744","Golden State Warriors",2017,"0021600179","20161118",-13.5,27.55,FALSE
201939,"Stephen Curry","1610612744","Golden State Warriors",2017,"0021600179","20161118",-1,30.95,TRUE
201939,"Stephen Curry","1610612744","Golden State Warriors",2017,"0021600179","20161118",-0.9,4.75,TRUE
201939,"Stephen Curry","1610612744","Golden State Warriors",2017,"0021600179","20161118",20.4,24.55,FALSE
201939,"Stephen Curry","1610612744","Golden State Warriors",2017,"0021600179","20161118",10.2,22.25,FALSE
201939,"Stephen Curry","1610612744","Golden State Warriors",2017,"0021600179","20161118",-23.5,7.35,FALSE
201939,"Stephen Curry","1610612744","Golden State Warriors",2017,"0021600179","20161118",0.7,5.55,FALSE
201939,"Stephen Curry","1610612744","Golden State Warriors",2017,"0021600179","20161118",-23.3,10.95,TRUE
201939,"Stephen Curry","1610612744","Golden State Warriors",2017,"0021600179","20161118",0.9,6.85,TRUE
201939,"Stephen Curry","1610612744","Golden State Warriors",2017,"0021600179","20161118",-8.9,33.95,FALSE
201939,"Stephen Curry","1610612744","Golden State Warriors",2017,"0021600191","20161119",-7.9,29.65,FALSE
201939,"Stephen Curry","1610612744","Golden State Warriors",2017,"0021600191","20161119",19.7,23.05,FALSE
201939,"Stephen Curry","1610612744","Golden State Warriors",2017,"0021600191","20161119",-7.4,11.45,TRUE
201939,"Stephen Curry","1610612744","Golden State Warriors",2017,"0021600191","20161119",-0.2,5.25,TRUE
201939,"Stephen Curry","1610612744","Golden State Warriors",2017,"0021600191","20161119",-5,5.95,FALSE
201939,"Stephen Curry","1610612744","Golden State Warriors",2017,"0021600191","20161119",14.8,26.25,FALSE
201939,"Stephen Curry","1610612744","Golden State Warriors",2017,"0021600191","20161119",0.3,4.65,FALSE
201939,"Stephen Curry","1610612744","Golden State Warriors",2017,"0021600191","20161119",-3.7,31.45,FALSE
201939,"Stephen Curry","1610612744","Golden State Warriors",2017,"0021600191","20161119",-23,9.35,TRUE
201939,"Stephen Curry","1610612744","Golden State Warriors",2017,"0021600191","20161119",-1.4,34.05,FALSE
201939,"Stephen Curry","1610612744","Golden State Warriors",2017,"0021600191","20161119",0,5.95,TRUE
201939,"Stephen Curry","1610612744","Golden State Warriors",2017,"0021600191","20161119",21.4,20.85,FALSE
201939,"Stephen Curry","1610612744","Golden State Warriors",2017,"0021600191","20161119",22.7,8.35,FALSE
201939,"Stephen Curry","1610612744","Golden State Warriors",2017,"0021600191","20161119",0.1,5.45,FALSE
201939,"Stephen Curry","1610612744","Golden State Warriors",2017,"0021600191","20161119",21.2,4.15,TRUE
201939,"Stephen Curry","1610612744","Golden State Warriors",2017,"0021600191","20161119",-4.5,13.45,FALSE
201939,"Stephen Curry","1610612744","Golden State Warriors",2017,"0021600191","20161119",20.2,23.05,FALSE
201939,"Stephen Curry","1610612744","Golden State Warriors",2017,"0021600191","20161119",-0.2,5.95,TRUE
201939,"Stephen Curry","1610612744","Golden State Warriors",2017,"0021600191","20161119",3,32.15,FALSE
201939,"Stephen Curry","1610612744","Golden State Warriors",2017,"0021600191","20161119",-1.5,5.95,TRUE
201939,"Stephen Curry","1610612744","Golden State Warriors",2017,"0021600191","20161119",0.9,32.45,FALSE
201939,"Stephen Curry","1610612744","Golden State Warriors",2017,"0021600202","20161121",0.4,25.05,FALSE
201939,"Stephen Curry","1610612744","Golden State Warriors",2017,"0021600202","20161121",11.5,28.45,FALSE
201939,"Stephen Curry","1610612744","Golden State Warriors",2017,"0021600202","20161121",23.7,5.45,FALSE
201939,"Stephen Curry","1610612744","Golden State Warriors",2017,"0021600202","20161121",-20.9,18.65,FALSE
201939,"Stephen Curry","1610612744","Golden State Warriors",2017,"0021600202","20161121",-17.9,23.05,TRUE
201939,"Stephen Curry","1610612744","Golden State Warriors",2017,"0021600202","20161121",-7.1,5.55,TRUE
201939,"Stephen Curry","1610612744","Golden State Warriors",2017,"0021600202","20161121",-21.5,19.15,TRUE
201939,"Stephen Curry","1610612744","Golden State Warriors",2017,"0021600202","20161121",0.1,5.45,TRUE
201939,"Stephen Curry","1610612744","Golden State Warriors",2017,"0021600202","20161121",11,8.85,TRUE
201939,"Stephen Curry","1610612744","Golden State Warriors",2017,"0021600202","20161121",9.9,24.25,TRUE
201939,"Stephen Curry","1610612744","Golden State Warriors",2017,"0021600202","20161121",0.6,31.45,FALSE
201939,"Stephen Curry","1610612744","Golden State Warriors",2017,"0021600223","20161123",21.5,19.85,TRUE
201939,"Stephen Curry","1610612744","Golden State Warriors",2017,"0021600223","20161123",-9.4,30.45,TRUE
201939,"Stephen Curry","1610612744","Golden State Warriors",2017,"0021600223","20161123",2.2,31.45,FALSE
201939,"Stephen Curry","1610612744","Golden State Warriors",2017,"0021600223","20161123",16.9,25.55,TRUE
201939,"Stephen Curry","1610612744","Golden State Warriors",2017,"0021600223","20161123",3.4,8.85,TRUE
201939,"Stephen Curry","1610612744","Golden State Warriors",2017,"0021600223","20161123",18.7,24.05,TRUE
201939,"Stephen Curry","1610612744","Golden State Warriors",2017,"0021600223","20161123",-12.7,23.75,FALSE
201939,"Stephen Curry","1610612744","Golden State Warriors",2017,"0021600223","20161123",3.8,31.45,TRUE
201939,"Stephen Curry","1610612744","Golden State Warriors",2017,"0021600223","20161123",19.9,21.65,TRUE
201939,"Stephen Curry","1610612744","Golden State Warriors",2017,"0021600223","20161123",-1,6.85,TRUE
201939,"Stephen Curry","1610612744","Golden State Warriors",2017,"0021600223","20161123",19.6,22.65,FALSE
201939,"Stephen Curry","1610612744","Golden State Warriors",2017,"0021600223","20161123",-3.8,64.35,FALSE
201939,"Stephen Curry","1610612744","Golden State Warriors",2017,"0021600223","20161123",-0.9,6.85,TRUE
201939,"Stephen Curry","1610612744","Golden State Warriors",2017,"0021600223","20161123",-23.2,11.75,TRUE
201939,"Stephen Curry","1610612744","Golden State Warriors",2017,"0021600223","20161123",17.6,23.55,FALSE
201939,"Stephen Curry","1610612744","Golden State Warriors",2017,"0021600223","20161123",-1.7,7.35,FALSE
201939,"Stephen Curry","1610612744","Golden State Warriors",2017,"0021600223","20161123",-0.1,6.35,TRUE
201939,"Stephen Curry","1610612744","Golden State Warriors",2017,"0021600223","20161123",-15.3,25.55,FALSE
201939,"Stephen Curry","1610612744","Golden State Warriors",2017,"0021600238","20161125",-15,24.45,FALSE
201939,"Stephen Curry","1610612744","Golden State Warriors",2017,"0021600238","20161125",0.2,6.35,FALSE
201939,"Stephen Curry","1610612744","Golden State Warriors",2017,"0021600238","20161125",18,21.55,FALSE
201939,"Stephen Curry","1610612744","Golden State Warriors",2017,"0021600238","20161125",23.7,5.35,TRUE
201939,"Stephen Curry","1610612744","Golden State Warriors",2017,"0021600238","20161125",13.1,26.65,TRUE
201939,"Stephen Curry","1610612744","Golden State Warriors",2017,"0021600238","20161125",9.5,35.75,FALSE
201939,"Stephen Curry","1610612744","Golden State Warriors",2017,"0021600238","20161125",-14.7,20.55,FALSE
201939,"Stephen Curry","1610612744","Golden State Warriors",2017,"0021600238","20161125",0,5.35,FALSE
201939,"Stephen Curry","1610612744","Golden State Warriors",2017,"0021600238","20161125",-15.8,23.95,FALSE
201939,"Stephen Curry","1610612744","Golden State Warriors",2017,"0021600238","20161125",-1.3,5.85,TRUE
201939,"Stephen Curry","1610612744","Golden State Warriors",2017,"0021600238","20161125",0,5.35,TRUE
201939,"Stephen Curry","1610612744","Golden State Warriors",2017,"0021600238","20161125",-20.5,18.15,FALSE
201939,"Stephen Curry","1610612744","Golden State Warriors",2017,"0021600238","20161125",-12.2,29.35,TRUE
201939,"Stephen Curry","1610612744","Golden State Warriors",2017,"0021600238","20161125",-0.5,29.85,TRUE
201939,"Stephen Curry","1610612744","Golden State Warriors",2017,"0021600238","20161125",-11.1,28.45,FALSE
201939,"Stephen Curry","1610612744","Golden State Warriors",2017,"0021600238","20161125",-0.8,5.05,TRUE
201939,"Stephen Curry","1610612744","Golden State Warriors",2017,"0021600238","20161125",1.6,6.05,TRUE
201939,"Stephen Curry","1610612744","Golden State Warriors",2017,"0021600244","20161126",23.8,12.25,TRUE
201939,"Stephen Curry","1610612744","Golden State Warriors",2017,"0021600244","20161126",7.3,18.15,TRUE
201939,"Stephen Curry","1610612744","Golden State Warriors",2017,"0021600244","20161126",16.5,31.95,FALSE
201939,"Stephen Curry","1610612744","Golden State Warriors",2017,"0021600244","20161126",-9.6,7.35,TRUE
201939,"Stephen Curry","1610612744","Golden State Warriors",2017,"0021600244","20161126",-1.2,8.35,TRUE
201939,"Stephen Curry","1610612744","Golden State Warriors",2017,"0021600244","20161126",18.7,25.25,FALSE
201939,"Stephen Curry","1610612744","Golden State Warriors",2017,"0021600244","20161126",-8.7,8.35,TRUE
201939,"Stephen Curry","1610612744","Golden State Warriors",2017,"0021600244","20161126",-0.9,7.55,FALSE
201939,"Stephen Curry","1610612744","Golden State Warriors",2017,"0021600244","20161126",14.2,30.15,TRUE
201939,"Stephen Curry","1610612744","Golden State Warriors",2017,"0021600244","20161126",-7.8,23.25,TRUE
201939,"Stephen Curry","1610612744","Golden State Warriors",2017,"0021600244","20161126",-14.8,6.35,FALSE
201939,"Stephen Curry","1610612744","Golden State Warriors",2017,"0021600244","20161126",-0.4,13.75,TRUE
201939,"Stephen Curry","1610612744","Golden State Warriors",2017,"0021600244","20161126",0,7.85,TRUE
201939,"Stephen Curry","1610612744","Golden State Warriors",2017,"0021600244","20161126",-0.9,7.05,TRUE
201939,"Stephen Curry","1610612744","Golden State Warriors",2017,"0021600244","20161126",-22.5,7.85,TRUE
201939,"Stephen Curry","1610612744","Golden State Warriors",2017,"0021600244","20161126",10.6,32.45,TRUE
201939,"Stephen Curry","1610612744","Golden State Warriors",2017,"0021600244","20161126",7.8,31.15,FALSE
201939,"Stephen Curry","1610612744","Golden State Warriors",2017,"0021600244","20161126",-0.6,6.85,TRUE
201939,"Stephen Curry","1610612744","Golden State Warriors",2017,"0021600244","20161126",3,31.45,FALSE
201939,"Stephen Curry","1610612744","Golden State Warriors",2017,"0021600259","20161128",19.6,22.25,TRUE
201939,"Stephen Curry","1610612744","Golden State Warriors",2017,"0021600259","20161128",-8.2,29.45,FALSE
201939,"Stephen Curry","1610612744","Golden State Warriors",2017,"0021600259","20161128",-19.1,24.05,FALSE
201939,"Stephen Curry","1610612744","Golden State Warriors",2017,"0021600259","20161128",16.9,26.55,TRUE
201939,"Stephen Curry","1610612744","Golden State Warriors",2017,"0021600259","20161128",2.4,24.25,FALSE
201939,"Stephen Curry","1610612744","Golden State Warriors",2017,"0021600259","20161128",-15.6,28.05,FALSE
201939,"Stephen Curry","1610612744","Golden State Warriors",2017,"0021600259","20161128",-20.5,22.15,FALSE
201939,"Stephen Curry","1610612744","Golden State Warriors",2017,"0021600259","20161128",-0.4,8.85,FALSE
201939,"Stephen Curry","1610612744","Golden State Warriors",2017,"0021600259","20161128",-11.9,17.25,TRUE
201939,"Stephen Curry","1610612744","Golden State Warriors",2017,"0021600259","20161128",-10.4,28.05,TRUE
201939,"Stephen Curry","1610612744","Golden State Warriors",2017,"0021600259","20161128",-0.2,30.45,FALSE
201939,"Stephen Curry","1610612744","Golden State Warriors",2017,"0021600259","20161128",-0.4,5.95,FALSE
201939,"Stephen Curry","1610612744","Golden State Warriors",2017,"0021600259","20161128",9.3,10.15,FALSE
201939,"Stephen Curry","1610612744","Golden State Warriors",2017,"0021600259","20161128",0.4,9.85,TRUE
201939,"Stephen Curry","1610612744","Golden State Warriors",2017,"0021600259","20161128",16.3,28.15,TRUE
201939,"Stephen Curry","1610612744","Golden State Warriors",2017,"0021600259","20161128",-2.5,31.65,FALSE
201939,"Stephen Curry","1610612744","Golden State Warriors",2017,"0021600259","20161128",10.4,30.15,FALSE
201939,"Stephen Curry","1610612744","Golden State Warriors",2017,"0021600281","20161201",4.5,16.75,TRUE
201939,"Stephen Curry","1610612744","Golden State Warriors",2017,"0021600281","20161201",6.6,30.15,FALSE
201939,"Stephen Curry","1610612744","Golden State Warriors",2017,"0021600281","20161201",17.9,27.55,TRUE
201939,"Stephen Curry","1610612744","Golden State Warriors",2017,"0021600281","20161201",0.9,17.35,FALSE
201939,"Stephen Curry","1610612744","Golden State Warriors",2017,"0021600281","20161201",-15.1,29.95,FALSE
201939,"Stephen Curry","1610612744","Golden State Warriors",2017,"0021600281","20161201",0,7.35,FALSE
201939,"Stephen Curry","1610612744","Golden State Warriors",2017,"0021600281","20161201",11.5,28.05,FALSE
201939,"Stephen Curry","1610612744","Golden State Warriors",2017,"0021600281","20161201",-0.2,5.95,TRUE
201939,"Stephen Curry","1610612744","Golden State Warriors",2017,"0021600281","20161201",-0.9,6.85,TRUE
201939,"Stephen Curry","1610612744","Golden State Warriors",2017,"0021600281","20161201",8.4,31.45,TRUE
201939,"Stephen Curry","1610612744","Golden State Warriors",2017,"0021600281","20161201",-23.2,10.95,FALSE
201939,"Stephen Curry","1610612744","Golden State Warriors",2017,"0021600281","20161201",-14.5,17.65,FALSE
201939,"Stephen Curry","1610612744","Golden State Warriors",2017,"0021600281","20161201",-0.9,32.15,FALSE
201939,"Stephen Curry","1610612744","Golden State Warriors",2017,"0021600281","20161201",-18.4,21.65,TRUE
201939,"Stephen Curry","1610612744","Golden State Warriors",2017,"0021600281","20161201",-23,6.85,FALSE
201939,"Stephen Curry","1610612744","Golden State Warriors",2017,"0021600281","20161201",-11,22.15,TRUE
201939,"Stephen Curry","1610612744","Golden State Warriors",2017,"0021600281","20161201",-8.9,30.45,FALSE
201939,"Stephen Curry","1610612744","Golden State Warriors",2017,"0021600281","20161201",1.4,7.05,TRUE
201939,"Stephen Curry","1610612744","Golden State Warriors",2017,"0021600281","20161201",-22.7,12.75,TRUE
201939,"Stephen Curry","1610612744","Golden State Warriors",2017,"0021600281","20161201",-12.8,27.05,FALSE
201939,"Stephen Curry","1610612744","Golden State Warriors",2017,"0021600281","20161201",-7.9,28.95,FALSE
201939,"Stephen Curry","1610612744","Golden State Warriors",2017,"0021600281","20161201",1.6,6.55,FALSE
201939,"Stephen Curry","1610612744","Golden State Warriors",2017,"0021600299","20161203",-9.7,21.15,TRUE
201939,"Stephen Curry","1610612744","Golden State Warriors",2017,"0021600299","20161203",16.8,24.55,TRUE
201939,"Stephen Curry","1610612744","Golden State Warriors",2017,"0021600299","20161203",22.8,11.35,TRUE
201939,"Stephen Curry","1610612744","Golden State Warriors",2017,"0021600299","20161203",-0.4,17.85,FALSE
201939,"Stephen Curry","1610612744","Golden State Warriors",2017,"0021600299","20161203",-6.9,31.95,FALSE
201939,"Stephen Curry","1610612744","Golden State Warriors",2017,"0021600299","20161203",-1,6.55,TRUE
201939,"Stephen Curry","1610612744","Golden State Warriors",2017,"0021600299","20161203",11.2,28.95,FALSE
201939,"Stephen Curry","1610612744","Golden State Warriors",2017,"0021600299","20161203",0,6.35,TRUE
201939,"Stephen Curry","1610612744","Golden State Warriors",2017,"0021600299","20161203",20.4,20.65,TRUE
201939,"Stephen Curry","1610612744","Golden State Warriors",2017,"0021600299","20161203",20.9,20.65,TRUE
201939,"Stephen Curry","1610612744","Golden State Warriors",2017,"0021600299","20161203",-9.2,9.35,TRUE
201939,"Stephen Curry","1610612744","Golden State Warriors",2017,"0021600299","20161203",2.9,13.25,FALSE
201939,"Stephen Curry","1610612744","Golden State Warriors",2017,"0021600299","20161203",-11.5,28.95,TRUE
201939,"Stephen Curry","1610612744","Golden State Warriors",2017,"0021600299","20161203",0.7,10.35,TRUE
201939,"Stephen Curry","1610612744","Golden State Warriors",2017,"0021600299","20161203",-9.3,8.65,FALSE
201939,"Stephen Curry","1610612744","Golden State Warriors",2017,"0021600314","20161205",-14.5,27.05,TRUE
201939,"Stephen Curry","1610612744","Golden State Warriors",2017,"0021600314","20161205",2.7,8.85,FALSE
201939,"Stephen Curry","1610612744","Golden State Warriors",2017,"0021600314","20161205",-4,30.65,FALSE
201939,"Stephen Curry","1610612744","Golden State Warriors",2017,"0021600314","20161205",-7.6,29.95,FALSE
201939,"Stephen Curry","1610612744","Golden State Warriors",2017,"0021600314","20161205",19.1,56.85,FALSE
201939,"Stephen Curry","1610612744","Golden State Warriors",2017,"0021600314","20161205",-23.2,11.75,FALSE
201939,"Stephen Curry","1610612744","Golden State Warriors",2017,"0021600314","20161205",0.9,6.85,TRUE
201939,"Stephen Curry","1610612744","Golden State Warriors",2017,"0021600314","20161205",23.3,7.35,TRUE
201939,"Stephen Curry","1610612744","Golden State Warriors",2017,"0021600314","20161205",0,6.05,TRUE
201939,"Stephen Curry","1610612744","Golden State Warriors",2017,"0021600314","20161205",-8.1,30.95,FALSE
201939,"Stephen Curry","1610612744","Golden State Warriors",2017,"0021600330","20161207",4.7,37.35,FALSE
201939,"Stephen Curry","1610612744","Golden State Warriors",2017,"0021600330","20161207",-2.5,5.45,TRUE
201939,"Stephen Curry","1610612744","Golden State Warriors",2017,"0021600330","20161207",0.6,6.35,TRUE
201939,"Stephen Curry","1610612744","Golden State Warriors",2017,"0021600330","20161207",16.5,16.35,TRUE
201939,"Stephen Curry","1610612744","Golden State Warriors",2017,"0021600330","20161207",0.7,7.35,TRUE
201939,"Stephen Curry","1610612744","Golden State Warriors",2017,"0021600330","20161207",23,5.55,FALSE
201939,"Stephen Curry","1610612744","Golden State Warriors",2017,"0021600330","20161207",-2,7.05,TRUE
201939,"Stephen Curry","1610612744","Golden State Warriors",2017,"0021600330","20161207",-0.6,7.35,TRUE
201939,"Stephen Curry","1610612744","Golden State Warriors",2017,"0021600330","20161207",13.2,26.25,FALSE
201939,"Stephen Curry","1610612744","Golden State Warriors",2017,"0021600330","20161207",-16.4,67.85,FALSE
201939,"Stephen Curry","1610612744","Golden State Warriors",2017,"0021600330","20161207",-24,5.55,FALSE
201939,"Stephen Curry","1610612744","Golden State Warriors",2017,"0021600330","20161207",-14.1,27.55,FALSE
201939,"Stephen Curry","1610612744","Golden State Warriors",2017,"0021600330","20161207",-0.6,6.05,TRUE
201939,"Stephen Curry","1610612744","Golden State Warriors",2017,"0021600330","20161207",16,27.55,FALSE
201939,"Stephen Curry","1610612744","Golden State Warriors",2017,"0021600330","20161207",0.1,16.85,FALSE
201939,"Stephen Curry","1610612744","Golden State Warriors",2017,"0021600330","20161207",9.4,29.95,FALSE
201939,"Stephen Curry","1610612744","Golden State Warriors",2017,"0021600335","20161208",-11.5,27.55,TRUE
201939,"Stephen Curry","1610612744","Golden State Warriors",2017,"0021600335","20161208",-23.2,7.35,TRUE
201939,"Stephen Curry","1610612744","Golden State Warriors",2017,"0021600335","20161208",21.7,14.25,TRUE
201939,"Stephen Curry","1610612744","Golden State Warriors",2017,"0021600335","20161208",10.2,23.05,TRUE
201939,"Stephen Curry","1610612744","Golden State Warriors",2017,"0021600335","20161208",7.3,28.05,FALSE
201939,"Stephen Curry","1610612744","Golden State Warriors",2017,"0021600335","20161208",-22,16.75,FALSE
201939,"Stephen Curry","1610612744","Golden State Warriors",2017,"0021600335","20161208",-19.4,26.05,FALSE
201939,"Stephen Curry","1610612744","Golden State Warriors",2017,"0021600335","20161208",8.1,6.35,FALSE
201939,"Stephen Curry","1610612744","Golden State Warriors",2017,"0021600335","20161208",-2.2,5.25,TRUE
201939,"Stephen Curry","1610612744","Golden State Warriors",2017,"0021600335","20161208",9.1,23.75,FALSE
201939,"Stephen Curry","1610612744","Golden State Warriors",2017,"0021600335","20161208",23.2,5.55,FALSE
201939,"Stephen Curry","1610612744","Golden State Warriors",2017,"0021600335","20161208",-12.5,26.55,TRUE
201939,"Stephen Curry","1610612744","Golden State Warriors",2017,"0021600335","20161208",-23.2,6.55,FALSE
201939,"Stephen Curry","1610612744","Golden State Warriors",2017,"0021600335","20161208",-10.2,22.15,FALSE
201939,"Stephen Curry","1610612744","Golden State Warriors",2017,"0021600335","20161208",22.5,13.25,FALSE
201939,"Stephen Curry","1610612744","Golden State Warriors",2017,"0021600335","20161208",-1.9,5.45,TRUE
201939,"Stephen Curry","1610612744","Golden State Warriors",2017,"0021600351","20161210",5.3,30.45,FALSE
201939,"Stephen Curry","1610612744","Golden State Warriors",2017,"0021600351","20161210",1.4,5.15,TRUE
201939,"Stephen Curry","1610612744","Golden State Warriors",2017,"0021600351","20161210",-4.2,30.15,FALSE
201939,"Stephen Curry","1610612744","Golden State Warriors",2017,"0021600351","20161210",-0.4,76.95,FALSE
201939,"Stephen Curry","1610612744","Golden State Warriors",2017,"0021600351","20161210",-12.5,27.55,TRUE
201939,"Stephen Curry","1610612744","Golden State Warriors",2017,"0021600351","20161210",-10.5,28.45,FALSE
201939,"Stephen Curry","1610612744","Golden State Warriors",2017,"0021600351","20161210",-20.5,21.15,FALSE
201939,"Stephen Curry","1610612744","Golden State Warriors",2017,"0021600351","20161210",-6.4,29.45,FALSE
201939,"Stephen Curry","1610612744","Golden State Warriors",2017,"0021600351","20161210",-10.5,29.65,TRUE
201939,"Stephen Curry","1610612744","Golden State Warriors",2017,"0021600351","20161210",-6.8,29.45,FALSE
201939,"Stephen Curry","1610612744","Golden State Warriors",2017,"0021600351","20161210",-3,5.95,FALSE
201939,"Stephen Curry","1610612744","Golden State Warriors",2017,"0021600351","20161210",2.4,4.65,FALSE
201939,"Stephen Curry","1610612744","Golden State Warriors",2017,"0021600351","20161210",-13.7,26.65,TRUE
201939,"Stephen Curry","1610612744","Golden State Warriors",2017,"0021600351","20161210",10.6,28.65,FALSE
201939,"Stephen Curry","1610612744","Golden State Warriors",2017,"0021600358","20161211",16.6,23.55,FALSE
201939,"Stephen Curry","1610612744","Golden State Warriors",2017,"0021600358","20161211",-9.9,22.15,FALSE
201939,"Stephen Curry","1610612744","Golden State Warriors",2017,"0021600358","20161211",-13.3,18.35,FALSE
201939,"Stephen Curry","1610612744","Golden State Warriors",2017,"0021600358","20161211",-0.6,7.35,TRUE
201939,"Stephen Curry","1610612744","Golden State Warriors",2017,"0021600358","20161211",-2.4,8.35,FALSE
201939,"Stephen Curry","1610612744","Golden State Warriors",2017,"0021600358","20161211",1.1,6.85,TRUE
201939,"Stephen Curry","1610612744","Golden State Warriors",2017,"0021600358","20161211",-1.2,5.95,FALSE
201939,"Stephen Curry","1610612744","Golden State Warriors",2017,"0021600358","20161211",-12.8,19.65,TRUE
201939,"Stephen Curry","1610612744","Golden State Warriors",2017,"0021600358","20161211",12.7,26.65,TRUE
201939,"Stephen Curry","1610612744","Golden State Warriors",2017,"0021600358","20161211",0,30.45,TRUE
201939,"Stephen Curry","1610612744","Golden State Warriors",2017,"0021600358","20161211",-13.8,26.55,FALSE
201939,"Stephen Curry","1610612744","Golden State Warriors",2017,"0021600358","20161211",-14,26.55,FALSE
201939,"Stephen Curry","1610612744","Golden State Warriors",2017,"0021600358","20161211",-1.4,5.95,TRUE
201939,"Stephen Curry","1610612744","Golden State Warriors",2017,"0021600371","20161213",16.5,24.25,FALSE
201939,"Stephen Curry","1610612744","Golden State Warriors",2017,"0021600371","20161213",-13,6.05,FALSE
201939,"Stephen Curry","1610612744","Golden State Warriors",2017,"0021600371","20161213",16.3,25.55,TRUE
201939,"Stephen Curry","1610612744","Golden State Warriors",2017,"0021600371","20161213",23.3,9.35,TRUE
201939,"Stephen Curry","1610612744","Golden State Warriors",2017,"0021600371","20161213",-0.6,31.95,TRUE
201939,"Stephen Curry","1610612744","Golden State Warriors",2017,"0021600371","20161213",-19.4,23.55,FALSE
201939,"Stephen Curry","1610612744","Golden State Warriors",2017,"0021600371","20161213",2.2,5.55,TRUE
201939,"Stephen Curry","1610612744","Golden State Warriors",2017,"0021600371","20161213",-2.4,5.95,TRUE
201939,"Stephen Curry","1610612744","Golden State Warriors",2017,"0021600371","20161213",0.9,46.65,FALSE
201939,"Stephen Curry","1610612744","Golden State Warriors",2017,"0021600371","20161213",-1.2,6.05,TRUE
201939,"Stephen Curry","1610612744","Golden State Warriors",2017,"0021600371","20161213",20.9,21.75,TRUE
201939,"Stephen Curry","1610612744","Golden State Warriors",2017,"0021600371","20161213",-8.9,30.15,TRUE
201939,"Stephen Curry","1610612744","Golden State Warriors",2017,"0021600371","20161213",-14.6,22.15,TRUE
201939,"Stephen Curry","1610612744","Golden State Warriors",2017,"0021600371","20161213",-11.5,16.35,FALSE
201939,"Stephen Curry","1610612744","Golden State Warriors",2017,"0021600371","20161213",2,6.05,FALSE
201939,"Stephen Curry","1610612744","Golden State Warriors",2017,"0021600371","20161213",-14.8,6.85,FALSE
201939,"Stephen Curry","1610612744","Golden State Warriors",2017,"0021600371","20161213",-15,10.85,FALSE
201939,"Stephen Curry","1610612744","Golden State Warriors",2017,"0021600371","20161213",-1.5,5.95,FALSE
201939,"Stephen Curry","1610612744","Golden State Warriors",2017,"0021600371","20161213",1.4,5.45,FALSE
201939,"Stephen Curry","1610612744","Golden State Warriors",2017,"0021600371","20161213",-9.7,29.15,FALSE
201939,"Stephen Curry","1610612744","Golden State Warriors",2017,"0021600371","20161213",20,7.15,TRUE
201939,"Stephen Curry","1610612744","Golden State Warriors",2017,"0021600371","20161213",2.4,5.95,TRUE
201939,"Stephen Curry","1610612744","Golden State Warriors",2017,"0021600371","20161213",17.8,15.75,FALSE
201939,"Stephen Curry","1610612744","Golden State Warriors",2017,"0021600388","20161215",19.7,24.75,FALSE
201939,"Stephen Curry","1610612744","Golden State Warriors",2017,"0021600388","20161215",19.4,23.55,FALSE
201939,"Stephen Curry","1610612744","Golden State Warriors",2017,"0021600388","20161215",-2.4,9.55,FALSE
201939,"Stephen Curry","1610612744","Golden State Warriors",2017,"0021600388","20161215",9.7,20.65,FALSE
201939,"Stephen Curry","1610612744","Golden State Warriors",2017,"0021600388","20161215",-0.9,6.05,FALSE
201939,"Stephen Curry","1610612744","Golden State Warriors",2017,"0021600388","20161215",0.1,5.45,FALSE
201939,"Stephen Curry","1610612744","Golden State Warriors",2017,"0021600388","20161215",18.6,22.15,TRUE
201939,"Stephen Curry","1610612744","Golden State Warriors",2017,"0021600388","20161215",16.1,29.65,FALSE
201939,"Stephen Curry","1610612744","Golden State Warriors",2017,"0021600388","20161215",-23,6.85,TRUE
201939,"Stephen Curry","1610612744","Golden State Warriors",2017,"0021600388","20161215",-2.5,7.35,TRUE
201939,"Stephen Curry","1610612744","Golden State Warriors",2017,"0021600388","20161215",0.2,31.45,FALSE
201939,"Stephen Curry","1610612744","Golden State Warriors",2017,"0021600388","20161215",21.5,11.45,FALSE
201939,"Stephen Curry","1610612744","Golden State Warriors",2017,"0021600388","20161215",15.5,27.05,FALSE
201939,"Stephen Curry","1610612744","Golden State Warriors",2017,"0021600388","20161215",-0.6,32.45,FALSE
201939,"Stephen Curry","1610612744","Golden State Warriors",2017,"0021600405","20161217",16.9,28.15,TRUE
201939,"Stephen Curry","1610612744","Golden State Warriors",2017,"0021600405","20161217",21.9,19.65,TRUE
201939,"Stephen Curry","1610612744","Golden State Warriors",2017,"0021600405","20161217",-22.3,13.95,TRUE
201939,"Stephen Curry","1610612744","Golden State Warriors",2017,"0021600405","20161217",22,19.15,FALSE
201939,"Stephen Curry","1610612744","Golden State Warriors",2017,"0021600405","20161217",0.1,7.55,TRUE
201939,"Stephen Curry","1610612744","Golden State Warriors",2017,"0021600405","20161217",0.9,12.25,FALSE
201939,"Stephen Curry","1610612744","Golden State Warriors",2017,"0021600405","20161217",0.6,29.95,FALSE
201939,"Stephen Curry","1610612744","Golden State Warriors",2017,"0021600405","20161217",-0.9,6.85,FALSE
201939,"Stephen Curry","1610612744","Golden State Warriors",2017,"0021600405","20161217",-13.2,33.45,TRUE
201939,"Stephen Curry","1610612744","Golden State Warriors",2017,"0021600405","20161217",-16.1,26.25,FALSE
201939,"Stephen Curry","1610612744","Golden State Warriors",2017,"0021600405","20161217",14.2,29.15,TRUE
201939,"Stephen Curry","1610612744","Golden State Warriors",2017,"0021600427","20161220",-12.7,20.15,FALSE
201939,"Stephen Curry","1610612744","Golden State Warriors",2017,"0021600427","20161220",-23,5.45,FALSE
201939,"Stephen Curry","1610612744","Golden State Warriors",2017,"0021600427","20161220",7.4,29.65,TRUE
201939,"Stephen Curry","1610612744","Golden State Warriors",2017,"0021600427","20161220",0.2,5.95,TRUE
201939,"Stephen Curry","1610612744","Golden State Warriors",2017,"0021600427","20161220",12.7,28.45,FALSE
201939,"Stephen Curry","1610612744","Golden State Warriors",2017,"0021600427","20161220",-0.2,7.35,TRUE
201939,"Stephen Curry","1610612744","Golden State Warriors",2017,"0021600427","20161220",0.9,8.05,FALSE
201939,"Stephen Curry","1610612744","Golden State Warriors",2017,"0021600427","20161220",6.3,23.05,FALSE
201939,"Stephen Curry","1610612744","Golden State Warriors",2017,"0021600427","20161220",-9.2,12.25,FALSE
201939,"Stephen Curry","1610612744","Golden State Warriors",2017,"0021600427","20161220",0.1,6.85,TRUE
201939,"Stephen Curry","1610612744","Golden State Warriors",2017,"0021600427","20161220",-12.8,27.15,TRUE
201939,"Stephen Curry","1610612744","Golden State Warriors",2017,"0021600427","20161220",-7.3,29.95,FALSE
201939,"Stephen Curry","1610612744","Golden State Warriors",2017,"0021600427","20161220",0.1,5.45,TRUE
201939,"Stephen Curry","1610612744","Golden State Warriors",2017,"0021600427","20161220",-3.2,31.45,TRUE
201939,"Stephen Curry","1610612744","Golden State Warriors",2017,"0021600427","20161220",19.9,19.65,FALSE
201939,"Stephen Curry","1610612744","Golden State Warriors",2017,"0021600427","20161220",0.7,5.95,FALSE
201939,"Stephen Curry","1610612744","Golden State Warriors",2017,"0021600427","20161220",-16.9,23.55,TRUE
201939,"Stephen Curry","1610612744","Golden State Warriors",2017,"0021600427","20161220",-9.9,29.45,FALSE
201939,"Stephen Curry","1610612744","Golden State Warriors",2017,"0021600437","20161222",12.5,26.55,FALSE
201939,"Stephen Curry","1610612744","Golden State Warriors",2017,"0021600437","20161222",14,8.85,TRUE
201939,"Stephen Curry","1610612744","Golden State Warriors",2017,"0021600437","20161222",23.2,3.35,FALSE
201939,"Stephen Curry","1610612744","Golden State Warriors",2017,"0021600437","20161222",-15,25.75,FALSE
201939,"Stephen Curry","1610612744","Golden State Warriors",2017,"0021600437","20161222",22.2,12.95,FALSE
201939,"Stephen Curry","1610612744","Golden State Warriors",2017,"0021600437","20161222",-22.7,5.15,TRUE
201939,"Stephen Curry","1610612744","Golden State Warriors",2017,"0021600437","20161222",-0.9,53.05,FALSE
201939,"Stephen Curry","1610612744","Golden State Warriors",2017,"0021600437","20161222",-8.6,19.65,FALSE
201939,"Stephen Curry","1610612744","Golden State Warriors",2017,"0021600437","20161222",2.2,4.65,FALSE
201939,"Stephen Curry","1610612744","Golden State Warriors",2017,"0021600437","20161222",10.4,15.25,TRUE
201939,"Stephen Curry","1610612744","Golden State Warriors",2017,"0021600437","20161222",23.3,9.35,FALSE
201939,"Stephen Curry","1610612744","Golden State Warriors",2017,"0021600437","20161222",-4.8,49.45,FALSE
201939,"Stephen Curry","1610612744","Golden State Warriors",2017,"0021600437","20161222",-9.4,27.55,TRUE
201939,"Stephen Curry","1610612744","Golden State Warriors",2017,"0021600437","20161222",-18.4,21.15,FALSE
201939,"Stephen Curry","1610612744","Golden State Warriors",2017,"0021600437","20161222",20.9,7.35,TRUE
201939,"Stephen Curry","1610612744","Golden State Warriors",2017,"0021600437","20161222",-11.4,7.85,FALSE
201939,"Stephen Curry","1610612744","Golden State Warriors",2017,"0021600437","20161222",24,4.65,FALSE
201939,"Stephen Curry","1610612744","Golden State Warriors",2017,"0021600437","20161222",-9.4,28.05,FALSE
201939,"Stephen Curry","1610612744","Golden State Warriors",2017,"0021600437","20161222",17.9,25.55,TRUE
201939,"Stephen Curry","1610612744","Golden State Warriors",2017,"0021600446","20161223",-2.7,21.75,TRUE
201939,"Stephen Curry","1610612744","Golden State Warriors",2017,"0021600446","20161223",5.6,30.45,FALSE
201939,"Stephen Curry","1610612744","Golden State Warriors",2017,"0021600446","20161223",23.7,6.05,TRUE
201939,"Stephen Curry","1610612744","Golden State Warriors",2017,"0021600446","20161223",0.2,5.15,FALSE
201939,"Stephen Curry","1610612744","Golden State Warriors",2017,"0021600446","20161223",19.2,21.15,FALSE
201939,"Stephen Curry","1610612744","Golden State Warriors",2017,"0021600446","20161223",22.7,18.15,TRUE
201939,"Stephen Curry","1610612744","Golden State Warriors",2017,"0021600446","20161223",13.2,27.55,FALSE
201939,"Stephen Curry","1610612744","Golden State Warriors",2017,"0021600446","20161223",0.7,15.25,FALSE
201939,"Stephen Curry","1610612744","Golden State Warriors",2017,"0021600446","20161223",-22,18.15,FALSE
201939,"Stephen Curry","1610612744","Golden State Warriors",2017,"0021600446","20161223",-23.6,13.25,TRUE
201939,"Stephen Curry","1610612744","Golden State Warriors",2017,"0021600446","20161223",-21.3,19.35,FALSE
201939,"Stephen Curry","1610612744","Golden State Warriors",2017,"0021600446","20161223",-22.5,19.15,TRUE
201939,"Stephen Curry","1610612744","Golden State Warriors",2017,"0021600446","20161223",-14.1,15.35,FALSE
201939,"Stephen Curry","1610612744","Golden State Warriors",2017,"0021600446","20161223",0.1,5.55,TRUE
201939,"Stephen Curry","1610612744","Golden State Warriors",2017,"0021600446","20161223",13.2,28.05,TRUE
201939,"Stephen Curry","1610612744","Golden State Warriors",2017,"0021600446","20161223",-15.6,12.75,FALSE
201939,"Stephen Curry","1610612744","Golden State Warriors",2017,"0021600457","20161225",23.5,14.25,FALSE
201939,"Stephen Curry","1610612744","Golden State Warriors",2017,"0021600457","20161225",23.8,16.75,FALSE
201939,"Stephen Curry","1610612744","Golden State Warriors",2017,"0021600457","20161225",24,5.45,TRUE
201939,"Stephen Curry","1610612744","Golden State Warriors",2017,"0021600457","20161225",4.7,13.95,FALSE
201939,"Stephen Curry","1610612744","Golden State Warriors",2017,"0021600457","20161225",23.3,17.25,FALSE
201939,"Stephen Curry","1610612744","Golden State Warriors",2017,"0021600457","20161225",-1.9,10.35,TRUE
201939,"Stephen Curry","1610612744","Golden State Warriors",2017,"0021600457","20161225",-13.8,26.55,FALSE
201939,"Stephen Curry","1610612744","Golden State Warriors",2017,"0021600457","20161225",10.2,17.35,FALSE
201939,"Stephen Curry","1610612744","Golden State Warriors",2017,"0021600457","20161225",-19.5,21.15,FALSE
201939,"Stephen Curry","1610612744","Golden State Warriors",2017,"0021600457","20161225",-0.1,4.75,TRUE
201939,"Stephen Curry","1610612744","Golden State Warriors",2017,"0021600457","20161225",22.8,16.85,TRUE
201939,"Stephen Curry","1610612744","Golden State Warriors",2017,"0021600485","20161228",-6,16.75,TRUE
201939,"Stephen Curry","1610612744","Golden State Warriors",2017,"0021600485","20161228",2.9,32.45,TRUE
201939,"Stephen Curry","1610612744","Golden State Warriors",2017,"0021600485","20161228",-7.4,31.95,FALSE
201939,"Stephen Curry","1610612744","Golden State Warriors",2017,"0021600485","20161228",9.1,29.65,FALSE
201939,"Stephen Curry","1610612744","Golden State Warriors",2017,"0021600485","20161228",2,13.25,FALSE
201939,"Stephen Curry","1610612744","Golden State Warriors",2017,"0021600485","20161228",0.2,5.45,TRUE
201939,"Stephen Curry","1610612744","Golden State Warriors",2017,"0021600485","20161228",14.7,28.15,TRUE
201939,"Stephen Curry","1610612744","Golden State Warriors",2017,"0021600485","20161228",12.4,20.65,FALSE
201939,"Stephen Curry","1610612744","Golden State Warriors",2017,"0021600485","20161228",1.6,23.55,FALSE
201939,"Stephen Curry","1610612744","Golden State Warriors",2017,"0021600485","20161228",23.5,10.85,TRUE
201939,"Stephen Curry","1610612744","Golden State Warriors",2017,"0021600485","20161228",0.9,6.05,TRUE
201939,"Stephen Curry","1610612744","Golden State Warriors",2017,"0021600485","20161228",9.2,10.35,TRUE
201939,"Stephen Curry","1610612744","Golden State Warriors",2017,"0021600485","20161228",-11.5,19.15,FALSE
201939,"Stephen Curry","1610612744","Golden State Warriors",2017,"0021600485","20161228",1.9,7.05,FALSE
201939,"Stephen Curry","1610612744","Golden State Warriors",2017,"0021600485","20161228",1.2,6.35,TRUE
201939,"Stephen Curry","1610612744","Golden State Warriors",2017,"0021600485","20161228",-20.7,21.15,FALSE
201939,"Stephen Curry","1610612744","Golden State Warriors",2017,"0021600485","20161228",-0.6,7.35,FALSE
201939,"Stephen Curry","1610612744","Golden State Warriors",2017,"0021600485","20161228",0,6.85,TRUE
201939,"Stephen Curry","1610612744","Golden State Warriors",2017,"0021600501","20161230",-22.5,11.75,TRUE
201939,"Stephen Curry","1610612744","Golden State Warriors",2017,"0021600501","20161230",18.1,28.95,FALSE
201939,"Stephen Curry","1610612744","Golden State Warriors",2017,"0021600501","20161230",-0.2,5.95,TRUE
201939,"Stephen Curry","1610612744","Golden State Warriors",2017,"0021600501","20161230",-15.1,27.05,TRUE
201939,"Stephen Curry","1610612744","Golden State Warriors",2017,"0021600501","20161230",-5,30.95,FALSE
201939,"Stephen Curry","1610612744","Golden State Warriors",2017,"0021600501","20161230",2,7.15,FALSE
201939,"Stephen Curry","1610612744","Golden State Warriors",2017,"0021600501","20161230",21.4,8.55,TRUE
201939,"Stephen Curry","1610612744","Golden State Warriors",2017,"0021600501","20161230",0.4,7.55,FALSE
201939,"Stephen Curry","1610612744","Golden State Warriors",2017,"0021600501","20161230",-20.5,20.15,TRUE
201939,"Stephen Curry","1610612744","Golden State Warriors",2017,"0021600501","20161230",-1,7.55,FALSE
201939,"Stephen Curry","1610612744","Golden State Warriors",2017,"0021600501","20161230",-6.9,30.05,FALSE
201939,"Stephen Curry","1610612744","Golden State Warriors",2017,"0021600501","20161230",-15.3,8.35,FALSE
201939,"Stephen Curry","1610612744","Golden State Warriors",2017,"0021600520","20170102",16.6,24.55,TRUE
201939,"Stephen Curry","1610612744","Golden State Warriors",2017,"0021600520","20170102",-1.7,6.35,FALSE
201939,"Stephen Curry","1610612744","Golden State Warriors",2017,"0021600520","20170102",-0.1,6.35,TRUE
201939,"Stephen Curry","1610612744","Golden State Warriors",2017,"0021600520","20170102",18.1,25.55,FALSE
201939,"Stephen Curry","1610612744","Golden State Warriors",2017,"0021600520","20170102",-11.5,22.65,TRUE
201939,"Stephen Curry","1610612744","Golden State Warriors",2017,"0021600520","20170102",6.1,38.45,TRUE
201939,"Stephen Curry","1610612744","Golden State Warriors",2017,"0021600520","20170102",5.3,32.55,FALSE
201939,"Stephen Curry","1610612744","Golden State Warriors",2017,"0021600520","20170102",-0.4,7.85,FALSE
201939,"Stephen Curry","1610612744","Golden State Warriors",2017,"0021600520","20170102",-12,20.35,TRUE
201939,"Stephen Curry","1610612744","Golden State Warriors",2017,"0021600520","20170102",-14,18.65,FALSE
201939,"Stephen Curry","1610612744","Golden State Warriors",2017,"0021600520","20170102",-5.6,34.05,FALSE
201939,"Stephen Curry","1610612744","Golden State Warriors",2017,"0021600520","20170102",0.9,31.65,FALSE
201939,"Stephen Curry","1610612744","Golden State Warriors",2017,"0021600520","20170102",-0.1,7.05,TRUE
201939,"Stephen Curry","1610612744","Golden State Warriors",2017,"0021600520","20170102",-2.7,35.05,FALSE
201939,"Stephen Curry","1610612744","Golden State Warriors",2017,"0021600520","20170102",-0.4,20.85,TRUE
201939,"Stephen Curry","1610612744","Golden State Warriors",2017,"0021600520","20170102",-14.1,31.15,TRUE
201939,"Stephen Curry","1610612744","Golden State Warriors",2017,"0021600520","20170102",-6.1,24.05,FALSE
201939,"Stephen Curry","1610612744","Golden State Warriors",2017,"0021600520","20170102",-23.6,10.85,FALSE
201939,"Stephen Curry","1610612744","Golden State Warriors",2017,"0021600534","20170104",2.9,30.45,TRUE
201939,"Stephen Curry","1610612744","Golden State Warriors",2017,"0021600534","20170104",-2.2,33.45,FALSE
201939,"Stephen Curry","1610612744","Golden State Warriors",2017,"0021600534","20170104",0.7,7.85,TRUE
201939,"Stephen Curry","1610612744","Golden State Warriors",2017,"0021600534","20170104",-6.3,29.15,FALSE
201939,"Stephen Curry","1610612744","Golden State Warriors",2017,"0021600534","20170104",10.9,29.65,FALSE
201939,"Stephen Curry","1610612744","Golden State Warriors",2017,"0021600534","20170104",-14,75.65,FALSE
201939,"Stephen Curry","1610612744","Golden State Warriors",2017,"0021600534","20170104",-10.2,28.05,TRUE
201939,"Stephen Curry","1610612744","Golden State Warriors",2017,"0021600534","20170104",-3.7,25.25,FALSE
201939,"Stephen Curry","1610612744","Golden State Warriors",2017,"0021600534","20170104",1.4,11.35,TRUE
201939,"Stephen Curry","1610612744","Golden State Warriors",2017,"0021600534","20170104",6.1,13.75,FALSE
201939,"Stephen Curry","1610612744","Golden State Warriors",2017,"0021600534","20170104",11.9,29.15,FALSE
201939,"Stephen Curry","1610612744","Golden State Warriors",2017,"0021600534","20170104",14.2,27.15,FALSE
201939,"Stephen Curry","1610612744","Golden State Warriors",2017,"0021600534","20170104",0.4,7.85,TRUE
201939,"Stephen Curry","1610612744","Golden State Warriors",2017,"0021600534","20170104",-8.7,21.15,FALSE
201939,"Stephen Curry","1610612744","Golden State Warriors",2017,"0021600534","20170104",-14.8,30.65,TRUE
201939,"Stephen Curry","1610612744","Golden State Warriors",2017,"0021600534","20170104",-0.9,5.45,TRUE
201939,"Stephen Curry","1610612744","Golden State Warriors",2017,"0021600534","20170104",0.1,13.45,TRUE
201939,"Stephen Curry","1610612744","Golden State Warriors",2017,"0021600534","20170104",-22.3,7.35,FALSE
201939,"Stephen Curry","1610612744","Golden State Warriors",2017,"0021600534","20170104",-22.8,9.85,TRUE
201939,"Stephen Curry","1610612744","Golden State Warriors",2017,"0021600534","20170104",1.1,14.95,TRUE
201939,"Stephen Curry","1610612744","Golden State Warriors",2017,"0021600534","20170104",-0.1,18.15,TRUE
201939,"Stephen Curry","1610612744","Golden State Warriors",2017,"0021600534","20170104",0.7,33.45,FALSE
201939,"Stephen Curry","1610612744","Golden State Warriors",2017,"0021600534","20170104",-22.8,8.05,TRUE
201939,"Stephen Curry","1610612744","Golden State Warriors",2017,"0021600534","20170104",-1.7,25.05,FALSE
201939,"Stephen Curry","1610612744","Golden State Warriors",2017,"0021600534","20170104",-3.7,28.65,FALSE
201939,"Stephen Curry","1610612744","Golden State Warriors",2017,"0021600550","20170106",-2.7,8.35,TRUE
201939,"Stephen Curry","1610612744","Golden State Warriors",2017,"0021600550","20170106",-9.1,28.65,FALSE
201939,"Stephen Curry","1610612744","Golden State Warriors",2017,"0021600550","20170106",-0.4,6.35,TRUE
201939,"Stephen Curry","1610612744","Golden State Warriors",2017,"0021600550","20170106",-1,6.35,TRUE
201939,"Stephen Curry","1610612744","Golden State Warriors",2017,"0021600550","20170106",-1,7.05,TRUE
201939,"Stephen Curry","1610612744","Golden State Warriors",2017,"0021600550","20170106",-1.4,7.55,TRUE
201939,"Stephen Curry","1610612744","Golden State Warriors",2017,"0021600550","20170106",-7.3,16.85,FALSE
201939,"Stephen Curry","1610612744","Golden State Warriors",2017,"0021600550","20170106",1.6,31.45,TRUE
201939,"Stephen Curry","1610612744","Golden State Warriors",2017,"0021600550","20170106",10.6,19.15,TRUE
201939,"Stephen Curry","1610612744","Golden State Warriors",2017,"0021600550","20170106",-18.7,22.25,FALSE
201939,"Stephen Curry","1610612744","Golden State Warriors",2017,"0021600550","20170106",3.8,21.65,FALSE
201939,"Stephen Curry","1610612744","Golden State Warriors",2017,"0021600550","20170106",-10.1,28.95,TRUE
201939,"Stephen Curry","1610612744","Golden State Warriors",2017,"0021600550","20170106",-21.3,20.35,TRUE
201939,"Stephen Curry","1610612744","Golden State Warriors",2017,"0021600550","20170106",-20.7,23.55,TRUE
201939,"Stephen Curry","1610612744","Golden State Warriors",2017,"0021600550","20170106",-12,28.45,TRUE
201939,"Stephen Curry","1610612744","Golden State Warriors",2017,"0021600550","20170106",-0.1,6.05,TRUE
201939,"Stephen Curry","1610612744","Golden State Warriors",2017,"0021600550","20170106",-16.6,28.65,FALSE
201939,"Stephen Curry","1610612744","Golden State Warriors",2017,"0021600550","20170106",-0.2,5.95,FALSE
201939,"Stephen Curry","1610612744","Golden State Warriors",2017,"0021600550","20170106",-5.9,17.35,TRUE
201939,"Stephen Curry","1610612744","Golden State Warriors",2017,"0021600550","20170106",-16.6,26.65,FALSE
201939,"Stephen Curry","1610612744","Golden State Warriors",2017,"0021600550","20170106",0.6,15.85,TRUE
201939,"Stephen Curry","1610612744","Golden State Warriors",2017,"0021600550","20170106",4.3,9.85,TRUE
201939,"Stephen Curry","1610612744","Golden State Warriors",2017,"0021600550","20170106",-9.7,29.45,FALSE
201939,"Stephen Curry","1610612744","Golden State Warriors",2017,"0021600550","20170106",-17.7,35.35,FALSE
201939,"Stephen Curry","1610612744","Golden State Warriors",2017,"0021600550","20170106",-12,28.05,FALSE
201939,"Stephen Curry","1610612744","Golden State Warriors",2017,"0021600550","20170106",0.9,7.05,FALSE
201939,"Stephen Curry","1610612744","Golden State Warriors",2017,"0021600550","20170106",-17.6,28.45,FALSE
201939,"Stephen Curry","1610612744","Golden State Warriors",2017,"0021600566","20170108",14,27.15,TRUE
201939,"Stephen Curry","1610612744","Golden State Warriors",2017,"0021600566","20170108",-20.4,20.85,FALSE
201939,"Stephen Curry","1610612744","Golden State Warriors",2017,"0021600566","20170108",20.5,19.65,TRUE
201939,"Stephen Curry","1610612744","Golden State Warriors",2017,"0021600566","20170108",-6.6,11.75,FALSE
201939,"Stephen Curry","1610612744","Golden State Warriors",2017,"0021600566","20170108",-16.8,5.15,TRUE
201939,"Stephen Curry","1610612744","Golden State Warriors",2017,"0021600566","20170108",-14.3,5.55,FALSE
201939,"Stephen Curry","1610612744","Golden State Warriors",2017,"0021600566","20170108",-23.5,5.95,FALSE
201939,"Stephen Curry","1610612744","Golden State Warriors",2017,"0021600566","20170108",-17.6,9.05,FALSE
201939,"Stephen Curry","1610612744","Golden State Warriors",2017,"0021600566","20170108",-4.8,28.95,FALSE
201939,"Stephen Curry","1610612744","Golden State Warriors",2017,"0021600566","20170108",-0.4,5.45,TRUE
201939,"Stephen Curry","1610612744","Golden State Warriors",2017,"0021600566","20170108",-1.5,6.35,TRUE
201939,"Stephen Curry","1610612744","Golden State Warriors",2017,"0021600566","20170108",-14.8,19.65,FALSE
201939,"Stephen Curry","1610612744","Golden State Warriors",2017,"0021600566","20170108",3.4,29.65,TRUE
201939,"Stephen Curry","1610612744","Golden State Warriors",2017,"0021600566","20170108",-13.7,27.55,TRUE
201939,"Stephen Curry","1610612744","Golden State Warriors",2017,"0021600566","20170108",0.2,7.35,TRUE
201939,"Stephen Curry","1610612744","Golden State Warriors",2017,"0021600566","20170108",22.7,7.05,FALSE
201939,"Stephen Curry","1610612744","Golden State Warriors",2017,"0021600566","20170108",-2.4,6.05,TRUE
201939,"Stephen Curry","1610612744","Golden State Warriors",2017,"0021600566","20170108",7.8,20.85,FALSE
201939,"Stephen Curry","1610612744","Golden State Warriors",2017,"0021600566","20170108",-1.6,27.45,TRUE
201939,"Stephen Curry","1610612744","Golden State Warriors",2017,"0021600566","20170108",16.8,23.05,FALSE
201939,"Stephen Curry","1610612744","Golden State Warriors",2017,"0021600566","20170108",22.5,6.35,TRUE
201939,"Stephen Curry","1610612744","Golden State Warriors",2017,"0021600566","20170108",-0.2,30.95,FALSE
201939,"Stephen Curry","1610612744","Golden State Warriors",2017,"0021600578","20170110",23.3,6.05,FALSE
201939,"Stephen Curry","1610612744","Golden State Warriors",2017,"0021600578","20170110",0.4,26.05,TRUE
201939,"Stephen Curry","1610612744","Golden State Warriors",2017,"0021600578","20170110",21.7,17.85,FALSE
201939,"Stephen Curry","1610612744","Golden State Warriors",2017,"0021600578","20170110",-1,7.55,FALSE
201939,"Stephen Curry","1610612744","Golden State Warriors",2017,"0021600578","20170110",21,21.65,TRUE
201939,"Stephen Curry","1610612744","Golden State Warriors",2017,"0021600578","20170110",11.7,33.95,TRUE
201939,"Stephen Curry","1610612744","Golden State Warriors",2017,"0021600578","20170110",-1.5,6.85,FALSE
201939,"Stephen Curry","1610612744","Golden State Warriors",2017,"0021600578","20170110",7.4,28.95,TRUE
201939,"Stephen Curry","1610612744","Golden State Warriors",2017,"0021600578","20170110",-9.7,30.95,FALSE
201939,"Stephen Curry","1610612744","Golden State Warriors",2017,"0021600578","20170110",1.9,9.05,FALSE
201939,"Stephen Curry","1610612744","Golden State Warriors",2017,"0021600578","20170110",-5.8,23.05,TRUE
201939,"Stephen Curry","1610612744","Golden State Warriors",2017,"0021600578","20170110",-6.1,22.65,TRUE
201939,"Stephen Curry","1610612744","Golden State Warriors",2017,"0021600578","20170110",14.2,27.05,FALSE
201939,"Stephen Curry","1610612744","Golden State Warriors",2017,"0021600578","20170110",-11,20.65,FALSE
201939,"Stephen Curry","1610612744","Golden State Warriors",2017,"0021600578","20170110",16.6,7.35,FALSE
201939,"Stephen Curry","1610612744","Golden State Warriors",2017,"0021600578","20170110",-1.9,32.45,FALSE
201939,"Stephen Curry","1610612744","Golden State Warriors",2017,"0021600578","20170110",1.1,7.85,FALSE
201939,"Stephen Curry","1610612744","Golden State Warriors",2017,"0021600578","20170110",-19.9,20.65,FALSE
201939,"Stephen Curry","1610612744","Golden State Warriors",2017,"0021600578","20170110",17.6,28.05,TRUE
201939,"Stephen Curry","1610612744","Golden State Warriors",2017,"0021600578","20170110",-18.2,24.55,FALSE
201939,"Stephen Curry","1610612744","Golden State Warriors",2017,"0021600578","20170110",-1.2,6.55,TRUE
201939,"Stephen Curry","1610612744","Golden State Warriors",2017,"0021600590","20170112",8.3,23.05,TRUE
201939,"Stephen Curry","1610612744","Golden State Warriors",2017,"0021600590","20170112",-5.6,25.55,TRUE
201939,"Stephen Curry","1610612744","Golden State Warriors",2017,"0021600590","20170112",7.8,30.45,TRUE
201939,"Stephen Curry","1610612744","Golden State Warriors",2017,"0021600590","20170112",7.3,25.55,TRUE
201939,"Stephen Curry","1610612744","Golden State Warriors",2017,"0021600590","20170112",21,24.25,TRUE
201939,"Stephen Curry","1610612744","Golden State Warriors",2017,"0021600590","20170112",20.7,21.75,FALSE
201939,"Stephen Curry","1610612744","Golden State Warriors",2017,"0021600590","20170112",0,21.65,TRUE
201939,"Stephen Curry","1610612744","Golden State Warriors",2017,"0021600590","20170112",3.5,30.65,FALSE
201939,"Stephen Curry","1610612744","Golden State Warriors",2017,"0021600590","20170112",-0.9,6.35,TRUE
201939,"Stephen Curry","1610612744","Golden State Warriors",2017,"0021600590","20170112",1.7,29.65,FALSE
201939,"Stephen Curry","1610612744","Golden State Warriors",2017,"0021600590","20170112",-0.2,6.85,TRUE
201939,"Stephen Curry","1610612744","Golden State Warriors",2017,"0021600590","20170112",-1.4,6.55,FALSE
201939,"Stephen Curry","1610612744","Golden State Warriors",2017,"0021600590","20170112",16,26.65,FALSE
201939,"Stephen Curry","1610612744","Golden State Warriors",2017,"0021600590","20170112",-17.9,24.55,FALSE
201939,"Stephen Curry","1610612744","Golden State Warriors",2017,"0021600590","20170112",-0.9,6.55,FALSE
201939,"Stephen Curry","1610612744","Golden State Warriors",2017,"0021600590","20170112",14.3,27.05,FALSE
201939,"Stephen Curry","1610612744","Golden State Warriors",2017,"0021600590","20170112",10.7,28.45,TRUE
201939,"Stephen Curry","1610612744","Golden State Warriors",2017,"0021600619","20170116",2,6.85,TRUE
201939,"Stephen Curry","1610612744","Golden State Warriors",2017,"0021600619","20170116",1.9,35.35,FALSE
201939,"Stephen Curry","1610612744","Golden State Warriors",2017,"0021600619","20170116",22.8,8.55,FALSE
201939,"Stephen Curry","1610612744","Golden State Warriors",2017,"0021600619","20170116",20.1,20.65,FALSE
201939,"Stephen Curry","1610612744","Golden State Warriors",2017,"0021600619","20170116",0.1,7.85,FALSE
201939,"Stephen Curry","1610612744","Golden State Warriors",2017,"0021600619","20170116",20.2,24.55,TRUE
201939,"Stephen Curry","1610612744","Golden State Warriors",2017,"0021600619","20170116",-0.6,31.45,TRUE
201939,"Stephen Curry","1610612744","Golden State Warriors",2017,"0021600619","20170116",-9.6,29.15,FALSE
201939,"Stephen Curry","1610612744","Golden State Warriors",2017,"0021600619","20170116",-0.4,5.45,FALSE
201939,"Stephen Curry","1610612744","Golden State Warriors",2017,"0021600619","20170116",18.7,17.25,TRUE
201939,"Stephen Curry","1610612744","Golden State Warriors",2017,"0021600619","20170116",-11.7,29.65,TRUE
201939,"Stephen Curry","1610612744","Golden State Warriors",2017,"0021600619","20170116",-16.8,24.55,TRUE
201939,"Stephen Curry","1610612744","Golden State Warriors",2017,"0021600619","20170116",-13,19.15,FALSE
201939,"Stephen Curry","1610612744","Golden State Warriors",2017,"0021600619","20170116",-1.7,7.85,FALSE
201939,"Stephen Curry","1610612744","Golden State Warriors",2017,"0021600619","20170116",-23,6.35,FALSE
201939,"Stephen Curry","1610612744","Golden State Warriors",2017,"0021600619","20170116",-10.7,27.55,TRUE
201939,"Stephen Curry","1610612744","Golden State Warriors",2017,"0021600619","20170116",-9.6,18.85,FALSE
201939,"Stephen Curry","1610612744","Golden State Warriors",2017,"0021600619","20170116",-19.5,21.75,FALSE
201939,"Stephen Curry","1610612744","Golden State Warriors",2017,"0021600619","20170116",-2.2,7.85,FALSE
201939,"Stephen Curry","1610612744","Golden State Warriors",2017,"0021600619","20170116",15,26.25,FALSE
201939,"Stephen Curry","1610612744","Golden State Warriors",2017,"0021600634","20170118",1.4,12.95,FALSE
201939,"Stephen Curry","1610612744","Golden State Warriors",2017,"0021600634","20170118",0.6,34.35,TRUE
201939,"Stephen Curry","1610612744","Golden State Warriors",2017,"0021600634","20170118",0.1,7.85,TRUE
201939,"Stephen Curry","1610612744","Golden State Warriors",2017,"0021600634","20170118",0.4,5.45,TRUE
201939,"Stephen Curry","1610612744","Golden State Warriors",2017,"0021600634","20170118",13.8,28.45,FALSE
201939,"Stephen Curry","1610612744","Golden State Warriors",2017,"0021600634","20170118",1.1,7.85,TRUE
201939,"Stephen Curry","1610612744","Golden State Warriors",2017,"0021600634","20170118",11.7,24.55,FALSE
201939,"Stephen Curry","1610612744","Golden State Warriors",2017,"0021600634","20170118",-0.4,4.75,FALSE
201939,"Stephen Curry","1610612744","Golden State Warriors",2017,"0021600634","20170118",1.9,6.55,FALSE
201939,"Stephen Curry","1610612744","Golden State Warriors",2017,"0021600634","20170118",0.1,7.35,TRUE
201939,"Stephen Curry","1610612744","Golden State Warriors",2017,"0021600634","20170118",4.3,33.55,FALSE
201939,"Stephen Curry","1610612744","Golden State Warriors",2017,"0021600634","20170118",-1.4,5.95,TRUE
201939,"Stephen Curry","1610612744","Golden State Warriors",2017,"0021600634","20170118",1.9,57.45,FALSE
201939,"Stephen Curry","1610612744","Golden State Warriors",2017,"0021600634","20170118",-1.5,32.95,TRUE
201939,"Stephen Curry","1610612744","Golden State Warriors",2017,"0021600634","20170118",0.2,5.55,TRUE
201939,"Stephen Curry","1610612744","Golden State Warriors",2017,"0021600634","20170118",0.7,6.35,FALSE
201939,"Stephen Curry","1610612744","Golden State Warriors",2017,"0021600634","20170118",-0.1,6.85,FALSE
201939,"Stephen Curry","1610612744","Golden State Warriors",2017,"0021600634","20170118",1.4,32.15,FALSE
201939,"Stephen Curry","1610612744","Golden State Warriors",2017,"0021600634","20170118",0.2,6.55,TRUE
201939,"Stephen Curry","1610612744","Golden State Warriors",2017,"0021600646","20170120",-1,31.65,FALSE
201939,"Stephen Curry","1610612744","Golden State Warriors",2017,"0021600646","20170120",-1.5,6.35,TRUE
201939,"Stephen Curry","1610612744","Golden State Warriors",2017,"0021600646","20170120",-0.4,6.85,TRUE
201939,"Stephen Curry","1610612744","Golden State Warriors",2017,"0021600646","20170120",16.1,24.45,TRUE
201939,"Stephen Curry","1610612744","Golden State Warriors",2017,"0021600646","20170120",18.7,23.05,FALSE
201939,"Stephen Curry","1610612744","Golden State Warriors",2017,"0021600646","20170120",-16.4,16.25,TRUE
201939,"Stephen Curry","1610612744","Golden State Warriors",2017,"0021600646","20170120",-16.9,26.05,FALSE
201939,"Stephen Curry","1610612744","Golden State Warriors",2017,"0021600646","20170120",-14.1,18.85,FALSE
201939,"Stephen Curry","1610612744","Golden State Warriors",2017,"0021600646","20170120",8.1,28.45,TRUE
201939,"Stephen Curry","1610612744","Golden State Warriors",2017,"0021600646","20170120",17.6,25.55,FALSE
201939,"Stephen Curry","1610612744","Golden State Warriors",2017,"0021600646","20170120",-1.4,33.55,TRUE
201939,"Stephen Curry","1610612744","Golden State Warriors",2017,"0021600646","20170120",-13.2,25.55,TRUE
201939,"Stephen Curry","1610612744","Golden State Warriors",2017,"0021600646","20170120",-1.7,6.35,FALSE
201939,"Stephen Curry","1610612744","Golden State Warriors",2017,"0021600646","20170120",-0.7,32.55,FALSE
201939,"Stephen Curry","1610612744","Golden State Warriors",2017,"0021600646","20170120",-20.4,19.35,FALSE
201939,"Stephen Curry","1610612744","Golden State Warriors",2017,"0021600646","20170120",18.7,8.35,FALSE
201939,"Stephen Curry","1610612744","Golden State Warriors",2017,"0021600646","20170120",-18.4,8.85,FALSE
201939,"Stephen Curry","1610612744","Golden State Warriors",2017,"0021600646","20170120",23.3,8.85,TRUE
201939,"Stephen Curry","1610612744","Golden State Warriors",2017,"0021600661","20170122",-18.4,23.05,FALSE
201939,"Stephen Curry","1610612744","Golden State Warriors",2017,"0021600661","20170122",9.7,29.65,TRUE
201939,"Stephen Curry","1610612744","Golden State Warriors",2017,"0021600661","20170122",-2.8,5.95,TRUE
201939,"Stephen Curry","1610612744","Golden State Warriors",2017,"0021600661","20170122",-13.2,27.05,FALSE
201939,"Stephen Curry","1610612744","Golden State Warriors",2017,"0021600661","20170122",1.2,6.05,FALSE
201939,"Stephen Curry","1610612744","Golden State Warriors",2017,"0021600661","20170122",-1,33.45,TRUE
201939,"Stephen Curry","1610612744","Golden State Warriors",2017,"0021600661","20170122",23,6.35,TRUE
201939,"Stephen Curry","1610612744","Golden State Warriors",2017,"0021600661","20170122",-23.6,6.35,FALSE
201939,"Stephen Curry","1610612744","Golden State Warriors",2017,"0021600661","20170122",-23.8,14.75,TRUE
201939,"Stephen Curry","1610612744","Golden State Warriors",2017,"0021600661","20170122",-14.5,28.65,TRUE
201939,"Stephen Curry","1610612744","Golden State Warriors",2017,"0021600661","20170122",-20,21.75,FALSE
201939,"Stephen Curry","1610612744","Golden State Warriors",2017,"0021600661","20170122",1.7,30.45,FALSE
201939,"Stephen Curry","1610612744","Golden State Warriors",2017,"0021600661","20170122",22.2,4.15,TRUE
201939,"Stephen Curry","1610612744","Golden State Warriors",2017,"0021600661","20170122",-17.7,29.15,TRUE
201939,"Stephen Curry","1610612744","Golden State Warriors",2017,"0021600661","20170122",6.5,33.45,FALSE
201939,"Stephen Curry","1610612744","Golden State Warriors",2017,"0021600668","20170123",-0.9,29.95,TRUE
201939,"Stephen Curry","1610612744","Golden State Warriors",2017,"0021600668","20170123",21,17.85,FALSE
201939,"Stephen Curry","1610612744","Golden State Warriors",2017,"0021600668","20170123",-2.2,6.05,FALSE
201939,"Stephen Curry","1610612744","Golden State Warriors",2017,"0021600668","20170123",0,6.35,FALSE
201939,"Stephen Curry","1610612744","Golden State Warriors",2017,"0021600668","20170123",13.3,25.55,TRUE
201939,"Stephen Curry","1610612744","Golden State Warriors",2017,"0021600668","20170123",-2.2,22.15,FALSE
201939,"Stephen Curry","1610612744","Golden State Warriors",2017,"0021600668","20170123",-1.7,29.95,FALSE
201939,"Stephen Curry","1610612744","Golden State Warriors",2017,"0021600668","20170123",-2.2,30.45,TRUE
201939,"Stephen Curry","1610612744","Golden State Warriors",2017,"0021600668","20170123",8.9,5.45,TRUE
201939,"Stephen Curry","1610612744","Golden State Warriors",2017,"0021600668","20170123",-16.4,24.55,FALSE
201939,"Stephen Curry","1610612744","Golden State Warriors",2017,"0021600668","20170123",-0.9,5.45,FALSE
201939,"Stephen Curry","1610612744","Golden State Warriors",2017,"0021600668","20170123",0,6.85,FALSE
201939,"Stephen Curry","1610612744","Golden State Warriors",2017,"0021600668","20170123",-5,7.85,TRUE
201939,"Stephen Curry","1610612744","Golden State Warriors",2017,"0021600668","20170123",6.3,22.15,TRUE
201939,"Stephen Curry","1610612744","Golden State Warriors",2017,"0021600668","20170123",-5.8,29.15,FALSE
201939,"Stephen Curry","1610612744","Golden State Warriors",2017,"0021600668","20170123",18.9,21.15,FALSE
201939,"Stephen Curry","1610612744","Golden State Warriors",2017,"0021600668","20170123",-0.9,6.05,TRUE
201939,"Stephen Curry","1610612744","Golden State Warriors",2017,"0021600668","20170123",14.5,26.55,FALSE
201939,"Stephen Curry","1610612744","Golden State Warriors",2017,"0021600668","20170123",21.9,4.65,FALSE
201939,"Stephen Curry","1610612744","Golden State Warriors",2017,"0021600687","20170125",-6.3,6.05,FALSE
201939,"Stephen Curry","1610612744","Golden State Warriors",2017,"0021600687","20170125",10.2,17.35,TRUE
201939,"Stephen Curry","1610612744","Golden State Warriors",2017,"0021600687","20170125",-6.9,28.45,TRUE
201939,"Stephen Curry","1610612744","Golden State Warriors",2017,"0021600687","20170125",1.4,5.95,TRUE
201939,"Stephen Curry","1610612744","Golden State Warriors",2017,"0021600687","20170125",-15.5,27.15,TRUE
201939,"Stephen Curry","1610612744","Golden State Warriors",2017,"0021600687","20170125",-12.7,12.75,FALSE
201939,"Stephen Curry","1610612744","Golden State Warriors",2017,"0021600687","20170125",-14.5,32.45,TRUE
201939,"Stephen Curry","1610612744","Golden State Warriors",2017,"0021600687","20170125",7,35.55,FALSE
201939,"Stephen Curry","1610612744","Golden State Warriors",2017,"0021600687","20170125",6.3,29.95,FALSE
201939,"Stephen Curry","1610612744","Golden State Warriors",2017,"0021600687","20170125",-0.9,5.95,FALSE
201939,"Stephen Curry","1610612744","Golden State Warriors",2017,"0021600687","20170125",1.2,5.45,FALSE
201939,"Stephen Curry","1610612744","Golden State Warriors",2017,"0021600687","20170125",-7.4,19.65,FALSE
201939,"Stephen Curry","1610612744","Golden State Warriors",2017,"0021600687","20170125",-7.8,28.95,FALSE
201939,"Stephen Curry","1610612744","Golden State Warriors",2017,"0021600687","20170125",-6.9,28.95,TRUE
201939,"Stephen Curry","1610612744","Golden State Warriors",2017,"0021600687","20170125",8.9,25.55,TRUE
201939,"Stephen Curry","1610612744","Golden State Warriors",2017,"0021600687","20170125",0.7,5.25,TRUE
201939,"Stephen Curry","1610612744","Golden State Warriors",2017,"0021600687","20170125",-12.5,33.95,FALSE
201939,"Stephen Curry","1610612744","Golden State Warriors",2017,"0021600687","20170125",10.2,71.75,FALSE
201939,"Stephen Curry","1610612744","Golden State Warriors",2017,"0021600687","20170125",1.2,5.55,TRUE
201939,"Stephen Curry","1610612744","Golden State Warriors",2017,"0021600687","20170125",-23.3,8.35,TRUE
201939,"Stephen Curry","1610612744","Golden State Warriors",2017,"0021600687","20170125",0.1,7.55,FALSE
201939,"Stephen Curry","1610612744","Golden State Warriors",2017,"0021600687","20170125",-12.3,26.55,TRUE
201939,"Stephen Curry","1610612744","Golden State Warriors",2017,"0021600687","20170125",-18.1,32.95,FALSE
201939,"Stephen Curry","1610612744","Golden State Warriors",2017,"0021600707","20170128",0.7,6.85,TRUE
201939,"Stephen Curry","1610612744","Golden State Warriors",2017,"0021600707","20170128",-6.3,33.95,TRUE
201939,"Stephen Curry","1610612744","Golden State Warriors",2017,"0021600707","20170128",0.7,6.05,TRUE
201939,"Stephen Curry","1610612744","Golden State Warriors",2017,"0021600707","20170128",-11.7,27.65,FALSE
201939,"Stephen Curry","1610612744","Golden State Warriors",2017,"0021600707","20170128",3.7,30.45,FALSE
201939,"Stephen Curry","1610612744","Golden State Warriors",2017,"0021600707","20170128",-11.2,21.65,FALSE
201939,"Stephen Curry","1610612744","Golden State Warriors",2017,"0021600707","20170128",23.7,6.55,TRUE
201939,"Stephen Curry","1610612744","Golden State Warriors",2017,"0021600707","20170128",0.4,5.45,TRUE
201939,"Stephen Curry","1610612744","Golden State Warriors",2017,"0021600707","20170128",-12.7,28.45,FALSE
201939,"Stephen Curry","1610612744","Golden State Warriors",2017,"0021600707","20170128",-2,6.85,FALSE
201939,"Stephen Curry","1610612744","Golden State Warriors",2017,"0021600707","20170128",21.2,22.65,TRUE
201939,"Stephen Curry","1610612744","Golden State Warriors",2017,"0021600707","20170128",10.2,55.55,TRUE
201939,"Stephen Curry","1610612744","Golden State Warriors",2017,"0021600707","20170128",1.9,19.35,TRUE
201939,"Stephen Curry","1610612744","Golden State Warriors",2017,"0021600707","20170128",-0.9,5.95,TRUE
201939,"Stephen Curry","1610612744","Golden State Warriors",2017,"0021600707","20170128",6.6,31.15,FALSE
201939,"Stephen Curry","1610612744","Golden State Warriors",2017,"0021600707","20170128",-3.2,30.95,TRUE
201939,"Stephen Curry","1610612744","Golden State Warriors",2017,"0021600707","20170128",-16.8,30.45,TRUE
201939,"Stephen Curry","1610612744","Golden State Warriors",2017,"0021600707","20170128",16.8,27.55,TRUE
201939,"Stephen Curry","1610612744","Golden State Warriors",2017,"0021600707","20170128",0.7,6.35,TRUE
201939,"Stephen Curry","1610612744","Golden State Warriors",2017,"0021600707","20170128",-14.3,30.95,TRUE
201939,"Stephen Curry","1610612744","Golden State Warriors",2017,"0021600707","20170128",-23,9.05,FALSE
201939,"Stephen Curry","1610612744","Golden State Warriors",2017,"0021600707","20170128",-16.8,24.55,TRUE
201939,"Stephen Curry","1610612744","Golden State Warriors",2017,"0021600707","20170128",-3.3,62.25,FALSE
201939,"Stephen Curry","1610612744","Golden State Warriors",2017,"0021600741","20170201",19.6,23.55,TRUE
201939,"Stephen Curry","1610612744","Golden State Warriors",2017,"0021600741","20170201",20.4,20.65,TRUE
201939,"Stephen Curry","1610612744","Golden State Warriors",2017,"0021600741","20170201",-2.5,35.05,TRUE
201939,"Stephen Curry","1610612744","Golden State Warriors",2017,"0021600741","20170201",21,20.35,TRUE
201939,"Stephen Curry","1610612744","Golden State Warriors",2017,"0021600741","20170201",-12.7,29.65,FALSE
201939,"Stephen Curry","1610612744","Golden State Warriors",2017,"0021600741","20170201",-0.4,5.95,FALSE
201939,"Stephen Curry","1610612744","Golden State Warriors",2017,"0021600741","20170201",19.6,22.15,TRUE
201939,"Stephen Curry","1610612744","Golden State Warriors",2017,"0021600741","20170201",-11.2,28.95,FALSE
201939,"Stephen Curry","1610612744","Golden State Warriors",2017,"0021600741","20170201",17.9,28.65,TRUE
201939,"Stephen Curry","1610612744","Golden State Warriors",2017,"0021600741","20170201",-15,27.55,TRUE
201939,"Stephen Curry","1610612744","Golden State Warriors",2017,"0021600741","20170201",-0.9,6.35,TRUE
201939,"Stephen Curry","1610612744","Golden State Warriors",2017,"0021600741","20170201",6.1,35.85,TRUE
201939,"Stephen Curry","1610612744","Golden State Warriors",2017,"0021600741","20170201",20.4,4.75,FALSE
201939,"Stephen Curry","1610612744","Golden State Warriors",2017,"0021600741","20170201",-13.8,28.05,FALSE
201939,"Stephen Curry","1610612744","Golden State Warriors",2017,"0021600741","20170201",13.2,28.45,TRUE
201939,"Stephen Curry","1610612744","Golden State Warriors",2017,"0021600741","20170201",0.7,6.35,TRUE
201939,"Stephen Curry","1610612744","Golden State Warriors",2017,"0021600741","20170201",-20.4,19.65,FALSE
201939,"Stephen Curry","1610612744","Golden State Warriors",2017,"0021600741","20170201",11,22.65,TRUE
201939,"Stephen Curry","1610612744","Golden State Warriors",2017,"0021600741","20170201",21.4,19.35,TRUE
201939,"Stephen Curry","1610612744","Golden State Warriors",2017,"0021600741","20170201",-16.3,28.95,TRUE
201939,"Stephen Curry","1610612744","Golden State Warriors",2017,"0021600745","20170202",0.9,33.45,FALSE
201939,"Stephen Curry","1610612744","Golden State Warriors",2017,"0021600745","20170202",-0.6,7.05,TRUE
201939,"Stephen Curry","1610612744","Golden State Warriors",2017,"0021600745","20170202",14.7,26.05,FALSE
201939,"Stephen Curry","1610612744","Golden State Warriors",2017,"0021600745","20170202",5.2,7.05,TRUE
201939,"Stephen Curry","1610612744","Golden State Warriors",2017,"0021600745","20170202",23,3.65,FALSE
201939,"Stephen Curry","1610612744","Golden State Warriors",2017,"0021600745","20170202",6,31.45,FALSE
201939,"Stephen Curry","1610612744","Golden State Warriors",2017,"0021600745","20170202",-8.4,25.05,FALSE
201939,"Stephen Curry","1610612744","Golden State Warriors",2017,"0021600745","20170202",-12.8,26.65,TRUE
201939,"Stephen Curry","1610612744","Golden State Warriors",2017,"0021600745","20170202",-0.1,7.05,TRUE
201939,"Stephen Curry","1610612744","Golden State Warriors",2017,"0021600745","20170202",-1.4,14.45,FALSE
201939,"Stephen Curry","1610612744","Golden State Warriors",2017,"0021600745","20170202",-7.6,9.65,TRUE
201939,"Stephen Curry","1610612744","Golden State Warriors",2017,"0021600745","20170202",-17.1,26.25,TRUE
201939,"Stephen Curry","1610612744","Golden State Warriors",2017,"0021600745","20170202",-2.5,5.95,FALSE
201939,"Stephen Curry","1610612744","Golden State Warriors",2017,"0021600745","20170202",-13.3,27.55,FALSE
201939,"Stephen Curry","1610612744","Golden State Warriors",2017,"0021600745","20170202",0.1,8.05,TRUE
201939,"Stephen Curry","1610612744","Golden State Warriors",2017,"0021600745","20170202",-9.4,17.25,TRUE
201939,"Stephen Curry","1610612744","Golden State Warriors",2017,"0021600745","20170202",3.8,31.95,FALSE
201939,"Stephen Curry","1610612744","Golden State Warriors",2017,"0021600745","20170202",-1,7.35,FALSE
201939,"Stephen Curry","1610612744","Golden State Warriors",2017,"0021600745","20170202",-6,16.25,TRUE
201939,"Stephen Curry","1610612744","Golden State Warriors",2017,"0021600745","20170202",-2.2,6.85,TRUE
201939,"Stephen Curry","1610612744","Golden State Warriors",2017,"0021600745","20170202",-21.2,21.65,TRUE
201939,"Stephen Curry","1610612744","Golden State Warriors",2017,"0021600745","20170202",20.2,21.65,FALSE
201939,"Stephen Curry","1610612744","Golden State Warriors",2017,"0021600745","20170202",19.1,5.95,FALSE
201939,"Stephen Curry","1610612744","Golden State Warriors",2017,"0021600764","20170204",-0.2,25.55,FALSE
201939,"Stephen Curry","1610612744","Golden State Warriors",2017,"0021600764","20170204",1.9,30.95,TRUE
201939,"Stephen Curry","1610612744","Golden State Warriors",2017,"0021600764","20170204",-8.9,22.75,TRUE
201939,"Stephen Curry","1610612744","Golden State Warriors",2017,"0021600764","20170204",7.6,30.45,FALSE
201939,"Stephen Curry","1610612744","Golden State Warriors",2017,"0021600764","20170204",17.1,24.55,TRUE
201939,"Stephen Curry","1610612744","Golden State Warriors",2017,"0021600764","20170204",2,8.05,TRUE
201939,"Stephen Curry","1610612744","Golden State Warriors",2017,"0021600764","20170204",21.2,19.35,TRUE
201939,"Stephen Curry","1610612744","Golden State Warriors",2017,"0021600764","20170204",-9.4,28.45,FALSE
201939,"Stephen Curry","1610612744","Golden State Warriors",2017,"0021600764","20170204",-2.8,5.45,TRUE
201939,"Stephen Curry","1610612744","Golden State Warriors",2017,"0021600764","20170204",-0.1,31.95,FALSE
201939,"Stephen Curry","1610612744","Golden State Warriors",2017,"0021600764","20170204",10.1,28.05,TRUE
201939,"Stephen Curry","1610612744","Golden State Warriors",2017,"0021600764","20170204",-12,28.95,TRUE
201939,"Stephen Curry","1610612744","Golden State Warriors",2017,"0021600764","20170204",-13.5,31.95,TRUE
201939,"Stephen Curry","1610612744","Golden State Warriors",2017,"0021600764","20170204",14,27.65,FALSE
201939,"Stephen Curry","1610612744","Golden State Warriors",2017,"0021600764","20170204",-22.2,16.75,TRUE
201939,"Stephen Curry","1610612744","Golden State Warriors",2017,"0021600764","20170204",-18.7,24.05,FALSE
201939,"Stephen Curry","1610612744","Golden State Warriors",2017,"0021600764","20170204",2.7,32.95,FALSE
201939,"Stephen Curry","1610612744","Golden State Warriors",2017,"0021600764","20170204",11.4,30.65,TRUE
201939,"Stephen Curry","1610612744","Golden State Warriors",2017,"0021600764","20170204",-1.1,8.85,FALSE
201939,"Stephen Curry","1610612744","Golden State Warriors",2017,"0021600764","20170204",-6.8,6.55,FALSE
201939,"Stephen Curry","1610612744","Golden State Warriors",2017,"0021600792","20170208",23.2,5.95,TRUE
201939,"Stephen Curry","1610612744","Golden State Warriors",2017,"0021600792","20170208",11,28.45,FALSE
201939,"Stephen Curry","1610612744","Golden State Warriors",2017,"0021600792","20170208",6.9,7.15,FALSE
201939,"Stephen Curry","1610612744","Golden State Warriors",2017,"0021600792","20170208",-4.3,34.85,FALSE
201939,"Stephen Curry","1610612744","Golden State Warriors",2017,"0021600792","20170208",14.2,21.75,TRUE
201939,"Stephen Curry","1610612744","Golden State Warriors",2017,"0021600792","20170208",0,20.65,FALSE
201939,"Stephen Curry","1610612744","Golden State Warriors",2017,"0021600792","20170208",0,7.35,FALSE
201939,"Stephen Curry","1610612744","Golden State Warriors",2017,"0021600792","20170208",0.9,30.45,FALSE
201939,"Stephen Curry","1610612744","Golden State Warriors",2017,"0021600792","20170208",0.6,23.05,TRUE
201939,"Stephen Curry","1610612744","Golden State Warriors",2017,"0021600792","20170208",-8.7,19.65,TRUE
201939,"Stephen Curry","1610612744","Golden State Warriors",2017,"0021600792","20170208",5.5,17.25,TRUE
201939,"Stephen Curry","1610612744","Golden State Warriors",2017,"0021600803","20170210",-15.3,19.15,FALSE
201939,"Stephen Curry","1610612744","Golden State Warriors",2017,"0021600803","20170210",-11.2,22.75,FALSE
201939,"Stephen Curry","1610612744","Golden State Warriors",2017,"0021600803","20170210",9.9,28.95,FALSE
201939,"Stephen Curry","1610612744","Golden State Warriors",2017,"0021600803","20170210",5.3,15.25,TRUE
201939,"Stephen Curry","1610612744","Golden State Warriors",2017,"0021600803","20170210",-2.4,5.95,TRUE
201939,"Stephen Curry","1610612744","Golden State Warriors",2017,"0021600803","20170210",-23,3.65,TRUE
201939,"Stephen Curry","1610612744","Golden State Warriors",2017,"0021600803","20170210",-6.3,29.45,FALSE
201939,"Stephen Curry","1610612744","Golden State Warriors",2017,"0021600803","20170210",-9.4,29.15,FALSE
201939,"Stephen Curry","1610612744","Golden State Warriors",2017,"0021600803","20170210",23.2,6.35,TRUE
201939,"Stephen Curry","1610612744","Golden State Warriors",2017,"0021600803","20170210",0.7,5.45,TRUE
201939,"Stephen Curry","1610612744","Golden State Warriors",2017,"0021600803","20170210",-0.4,5.45,TRUE
201939,"Stephen Curry","1610612744","Golden State Warriors",2017,"0021600803","20170210",1.4,5.95,FALSE
201939,"Stephen Curry","1610612744","Golden State Warriors",2017,"0021600803","20170210",-6.1,29.95,FALSE
201939,"Stephen Curry","1610612744","Golden State Warriors",2017,"0021600813","20170211",-7.9,19.35,TRUE
201939,"Stephen Curry","1610612744","Golden State Warriors",2017,"0021600813","20170211",23,10.35,FALSE
201939,"Stephen Curry","1610612744","Golden State Warriors",2017,"0021600813","20170211",-8.2,28.45,FALSE
201939,"Stephen Curry","1610612744","Golden State Warriors",2017,"0021600813","20170211",-1,5.95,TRUE
201939,"Stephen Curry","1610612744","Golden State Warriors",2017,"0021600813","20170211",-17.4,22.65,FALSE
201939,"Stephen Curry","1610612744","Golden State Warriors",2017,"0021600813","20170211",2.5,30.95,TRUE
201939,"Stephen Curry","1610612744","Golden State Warriors",2017,"0021600813","20170211",-6.4,49.15,FALSE
201939,"Stephen Curry","1610612744","Golden State Warriors",2017,"0021600813","20170211",-14.8,24.05,TRUE
201939,"Stephen Curry","1610612744","Golden State Warriors",2017,"0021600813","20170211",18.6,7.85,TRUE
201939,"Stephen Curry","1610612744","Golden State Warriors",2017,"0021600813","20170211",-22.5,8.35,FALSE
201939,"Stephen Curry","1610612744","Golden State Warriors",2017,"0021600813","20170211",22.5,10.45,TRUE
201939,"Stephen Curry","1610612744","Golden State Warriors",2017,"0021600813","20170211",-2.8,5.25,TRUE
201939,"Stephen Curry","1610612744","Golden State Warriors",2017,"0021600813","20170211",2,11.35,FALSE
201939,"Stephen Curry","1610612744","Golden State Warriors",2017,"0021600813","20170211",0,5.95,TRUE
201939,"Stephen Curry","1610612744","Golden State Warriors",2017,"0021600813","20170211",-15.6,17.85,FALSE
201939,"Stephen Curry","1610612744","Golden State Warriors",2017,"0021600813","20170211",7.6,28.05,FALSE
201939,"Stephen Curry","1610612744","Golden State Warriors",2017,"0021600813","20170211",-9.1,49.45,FALSE
201939,"Stephen Curry","1610612744","Golden State Warriors",2017,"0021600813","20170211",-2.5,7.35,FALSE
201939,"Stephen Curry","1610612744","Golden State Warriors",2017,"0021600813","20170211",-11.9,26.55,TRUE
201939,"Stephen Curry","1610612744","Golden State Warriors",2017,"0021600827","20170213",-3,21.15,TRUE
201939,"Stephen Curry","1610612744","Golden State Warriors",2017,"0021600827","20170213",-20.4,19.15,FALSE
201939,"Stephen Curry","1610612744","Golden State Warriors",2017,"0021600827","20170213",12.7,22.65,TRUE
201939,"Stephen Curry","1610612744","Golden State Warriors",2017,"0021600827","20170213",-20.4,19.65,FALSE
201939,"Stephen Curry","1610612744","Golden State Warriors",2017,"0021600827","20170213",-12.5,22.65,FALSE
201939,"Stephen Curry","1610612744","Golden State Warriors",2017,"0021600827","20170213",-4.5,30.45,FALSE
201939,"Stephen Curry","1610612744","Golden State Warriors",2017,"0021600827","20170213",-14.6,18.15,TRUE
201939,"Stephen Curry","1610612744","Golden State Warriors",2017,"0021600827","20170213",-22.5,13.95,FALSE
201939,"Stephen Curry","1610612744","Golden State Warriors",2017,"0021600827","20170213",-5.1,12.25,FALSE
201939,"Stephen Curry","1610612744","Golden State Warriors",2017,"0021600827","20170213",-13.2,28.15,TRUE
201939,"Stephen Curry","1610612744","Golden State Warriors",2017,"0021600827","20170213",19.1,21.65,FALSE
201939,"Stephen Curry","1610612744","Golden State Warriors",2017,"0021600827","20170213",17.9,24.55,FALSE
201939,"Stephen Curry","1610612744","Golden State Warriors",2017,"0021600827","20170213",16.8,24.25,FALSE
201939,"Stephen Curry","1610612744","Golden State Warriors",2017,"0021600827","20170213",23.3,2.85,FALSE
201939,"Stephen Curry","1610612744","Golden State Warriors",2017,"0021600827","20170213",11.4,27.15,FALSE
201939,"Stephen Curry","1610612744","Golden State Warriors",2017,"0021600827","20170213",0.6,29.45,FALSE
201939,"Stephen Curry","1610612744","Golden State Warriors",2017,"0021600827","20170213",2.9,5.15,FALSE
201939,"Stephen Curry","1610612744","Golden State Warriors",2017,"0021600827","20170213",12.5,15.75,FALSE
201939,"Stephen Curry","1610612744","Golden State Warriors",2017,"0021600847","20170215",3.7,12.25,FALSE
201939,"Stephen Curry","1610612744","Golden State Warriors",2017,"0021600847","20170215",-0.6,6.85,TRUE
201939,"Stephen Curry","1610612744","Golden State Warriors",2017,"0021600847","20170215",-8.8,9.65,TRUE
201939,"Stephen Curry","1610612744","Golden State Warriors",2017,"0021600847","20170215",-9.4,20.15,FALSE
201939,"Stephen Curry","1610612744","Golden State Warriors",2017,"0021600847","20170215",0,29.45,FALSE
201939,"Stephen Curry","1610612744","Golden State Warriors",2017,"0021600847","20170215",-15.5,26.05,FALSE
201939,"Stephen Curry","1610612744","Golden State Warriors",2017,"0021600847","20170215",1.4,7.35,FALSE
201939,"Stephen Curry","1610612744","Golden State Warriors",2017,"0021600847","20170215",19.2,22.25,TRUE
201939,"Stephen Curry","1610612744","Golden State Warriors",2017,"0021600847","20170215",-10.9,32.45,FALSE
201939,"Stephen Curry","1610612744","Golden State Warriors",2017,"0021600847","20170215",-13.3,31.45,FALSE
201939,"Stephen Curry","1610612744","Golden State Warriors",2017,"0021600847","20170215",1.1,6.05,FALSE
201939,"Stephen Curry","1610612744","Golden State Warriors",2017,"0021600847","20170215",12.2,33.55,TRUE
201939,"Stephen Curry","1610612744","Golden State Warriors",2017,"0021600847","20170215",22.2,20.85,FALSE
201939,"Stephen Curry","1610612744","Golden State Warriors",2017,"0021600847","20170215",3,33.95,FALSE
201939,"Stephen Curry","1610612744","Golden State Warriors",2017,"0021600854","20170223",17.4,6.85,TRUE
201939,"Stephen Curry","1610612744","Golden State Warriors",2017,"0021600854","20170223",10.6,29.45,FALSE
201939,"Stephen Curry","1610612744","Golden State Warriors",2017,"0021600854","20170223",17.3,19.15,TRUE
201939,"Stephen Curry","1610612744","Golden State Warriors",2017,"0021600854","20170223",-0.4,6.85,FALSE
201939,"Stephen Curry","1610612744","Golden State Warriors",2017,"0021600854","20170223",9.9,22.75,TRUE
201939,"Stephen Curry","1610612744","Golden State Warriors",2017,"0021600854","20170223",3.2,32.15,TRUE
201939,"Stephen Curry","1610612744","Golden State Warriors",2017,"0021600854","20170223",1.4,11.75,FALSE
201939,"Stephen Curry","1610612744","Golden State Warriors",2017,"0021600854","20170223",-18.2,22.65,FALSE
201939,"Stephen Curry","1610612744","Golden State Warriors",2017,"0021600854","20170223",15.6,26.55,TRUE
201939,"Stephen Curry","1610612744","Golden State Warriors",2017,"0021600854","20170223",-16.3,25.75,FALSE
201939,"Stephen Curry","1610612744","Golden State Warriors",2017,"0021600854","20170223",-23,6.35,TRUE
201939,"Stephen Curry","1610612744","Golden State Warriors",2017,"0021600854","20170223",-17.7,22.65,TRUE
201939,"Stephen Curry","1610612744","Golden State Warriors",2017,"0021600854","20170223",19.2,21.75,FALSE
201939,"Stephen Curry","1610612744","Golden State Warriors",2017,"0021600854","20170223",1.2,6.85,TRUE
201939,"Stephen Curry","1610612744","Golden State Warriors",2017,"0021600854","20170223",19.9,24.05,TRUE
201939,"Stephen Curry","1610612744","Golden State Warriors",2017,"0021600854","20170223",-17.1,31.15,TRUE
201939,"Stephen Curry","1610612744","Golden State Warriors",2017,"0021600873","20170225",-15.9,28.45,FALSE
201939,"Stephen Curry","1610612744","Golden State Warriors",2017,"0021600873","20170225",-9.4,28.45,TRUE
201939,"Stephen Curry","1610612744","Golden State Warriors",2017,"0021600873","20170225",12.5,27.15,TRUE
201939,"Stephen Curry","1610612744","Golden State Warriors",2017,"0021600873","20170225",-0.4,8.35,FALSE
201939,"Stephen Curry","1610612744","Golden State Warriors",2017,"0021600873","20170225",10.2,28.95,TRUE
201939,"Stephen Curry","1610612744","Golden State Warriors",2017,"0021600873","20170225",1.4,12.75,FALSE
201939,"Stephen Curry","1610612744","Golden State Warriors",2017,"0021600873","20170225",-14.6,27.55,FALSE
201939,"Stephen Curry","1610612744","Golden State Warriors",2017,"0021600873","20170225",7.1,22.25,TRUE
201939,"Stephen Curry","1610612744","Golden State Warriors",2017,"0021600873","20170225",0.2,5.95,FALSE
201939,"Stephen Curry","1610612744","Golden State Warriors",2017,"0021600873","20170225",0.6,8.85,FALSE
201939,"Stephen Curry","1610612744","Golden State Warriors",2017,"0021600873","20170225",0,31.95,FALSE
201939,"Stephen Curry","1610612744","Golden State Warriors",2017,"0021600873","20170225",16,25.55,TRUE
201939,"Stephen Curry","1610612744","Golden State Warriors",2017,"0021600873","20170225",-0.2,25.55,FALSE
201939,"Stephen Curry","1610612744","Golden State Warriors",2017,"0021600873","20170225",-5,29.45,FALSE
201939,"Stephen Curry","1610612744","Golden State Warriors",2017,"0021600873","20170225",-2.2,7.05,FALSE
201939,"Stephen Curry","1610612744","Golden State Warriors",2017,"0021600873","20170225",-2,5.95,TRUE
201939,"Stephen Curry","1610612744","Golden State Warriors",2017,"0021600873","20170225",21.5,7.85,TRUE
201939,"Stephen Curry","1610612744","Golden State Warriors",2017,"0021600873","20170225",-0.2,8.35,FALSE
201939,"Stephen Curry","1610612744","Golden State Warriors",2017,"0021600873","20170225",-13.7,27.15,FALSE
201939,"Stephen Curry","1610612744","Golden State Warriors",2017,"0021600873","20170225",-2,7.55,TRUE
201939,"Stephen Curry","1610612744","Golden State Warriors",2017,"0021600873","20170225",1.9,31.15,TRUE
201939,"Stephen Curry","1610612744","Golden State Warriors",2017,"0021600883","20170227",-7.8,29.45,FALSE
201939,"Stephen Curry","1610612744","Golden State Warriors",2017,"0021600883","20170227",0.7,4.65,TRUE
201939,"Stephen Curry","1610612744","Golden State Warriors",2017,"0021600883","20170227",13.5,28.15,FALSE
201939,"Stephen Curry","1610612744","Golden State Warriors",2017,"0021600883","20170227",21,22.65,FALSE
201939,"Stephen Curry","1610612744","Golden State Warriors",2017,"0021600883","20170227",-23.6,3.75,FALSE
201939,"Stephen Curry","1610612744","Golden State Warriors",2017,"0021600883","20170227",19.2,22.15,FALSE
201939,"Stephen Curry","1610612744","Golden State Warriors",2017,"0021600883","20170227",-5.6,6.85,FALSE
201939,"Stephen Curry","1610612744","Golden State Warriors",2017,"0021600883","20170227",-3,31.65,FALSE
201939,"Stephen Curry","1610612744","Golden State Warriors",2017,"0021600883","20170227",-1,6.35,TRUE
201939,"Stephen Curry","1610612744","Golden State Warriors",2017,"0021600883","20170227",-11.4,12.45,FALSE
201939,"Stephen Curry","1610612744","Golden State Warriors",2017,"0021600883","20170227",13.5,27.15,FALSE
201939,"Stephen Curry","1610612744","Golden State Warriors",2017,"0021600883","20170227",0.6,6.85,TRUE
201939,"Stephen Curry","1610612744","Golden State Warriors",2017,"0021600883","20170227",-16.6,26.25,FALSE
201939,"Stephen Curry","1610612744","Golden State Warriors",2017,"0021600883","20170227",-1.9,5.45,FALSE
201939,"Stephen Curry","1610612744","Golden State Warriors",2017,"0021600883","20170227",0.9,5.95,TRUE
201939,"Stephen Curry","1610612744","Golden State Warriors",2017,"0021600883","20170227",0.2,7.05,FALSE
201939,"Stephen Curry","1610612744","Golden State Warriors",2017,"0021600883","20170227",-15.1,24.75,FALSE
201939,"Stephen Curry","1610612744","Golden State Warriors",2017,"0021600883","20170227",-16.9,20.35,FALSE
201939,"Stephen Curry","1610612744","Golden State Warriors",2017,"0021600883","20170227",23.2,3.15,FALSE
201939,"Stephen Curry","1610612744","Golden State Warriors",2017,"0021600883","20170227",0,6.85,TRUE
201939,"Stephen Curry","1610612744","Golden State Warriors",2017,"0021600883","20170227",-1.2,5.95,TRUE
201939,"Stephen Curry","1610612744","Golden State Warriors",2017,"0021600883","20170227",13.8,28.05,FALSE
201939,"Stephen Curry","1610612744","Golden State Warriors",2017,"0021600883","20170227",0.9,6.85,TRUE
201939,"Stephen Curry","1610612744","Golden State Warriors",2017,"0021600889","20170228",-17.3,18.15,FALSE
201939,"Stephen Curry","1610612744","Golden State Warriors",2017,"0021600889","20170228",-8.1,22.15,TRUE
201939,"Stephen Curry","1610612744","Golden State Warriors",2017,"0021600889","20170228",-22.3,17.65,FALSE
201939,"Stephen Curry","1610612744","Golden State Warriors",2017,"0021600889","20170228",-5.8,16.75,FALSE
201939,"Stephen Curry","1610612744","Golden State Warriors",2017,"0021600889","20170228",-23.2,19.15,FALSE
201939,"Stephen Curry","1610612744","Golden State Warriors",2017,"0021600889","20170228",-3,7.35,TRUE
201939,"Stephen Curry","1610612744","Golden State Warriors",2017,"0021600889","20170228",-20.7,24.55,FALSE
201939,"Stephen Curry","1610612744","Golden State Warriors",2017,"0021600889","20170228",21.5,18.65,TRUE
201939,"Stephen Curry","1610612744","Golden State Warriors",2017,"0021600889","20170228",16.3,15.35,TRUE
201939,"Stephen Curry","1610612744","Golden State Warriors",2017,"0021600889","20170228",0,5.15,TRUE
201939,"Stephen Curry","1610612744","Golden State Warriors",2017,"0021600889","20170228",-12.2,32.15,FALSE
201939,"Stephen Curry","1610612744","Golden State Warriors",2017,"0021600889","20170228",0.6,6.05,TRUE
201939,"Stephen Curry","1610612744","Golden State Warriors",2017,"0021600889","20170228",22.5,7.05,FALSE
201939,"Stephen Curry","1610612744","Golden State Warriors",2017,"0021600889","20170228",-1.5,5.95,TRUE
201939,"Stephen Curry","1610612744","Golden State Warriors",2017,"0021600889","20170228",17.6,25.05,TRUE
201939,"Stephen Curry","1610612744","Golden State Warriors",2017,"0021600889","20170228",15.5,29.15,FALSE
201939,"Stephen Curry","1610612744","Golden State Warriors",2017,"0021600889","20170228",-1.7,3.75,FALSE
201939,"Stephen Curry","1610612744","Golden State Warriors",2017,"0021600889","20170228",1.9,5.45,FALSE
201939,"Stephen Curry","1610612744","Golden State Warriors",2017,"0021600889","20170228",2,4.65,TRUE
201939,"Stephen Curry","1610612744","Golden State Warriors",2017,"0021600889","20170228",-1,36.55,FALSE
201939,"Stephen Curry","1610612744","Golden State Warriors",2017,"0021600906","20170302",1.7,6.05,FALSE
201939,"Stephen Curry","1610612744","Golden State Warriors",2017,"0021600906","20170302",-12,24.05,TRUE
201939,"Stephen Curry","1610612744","Golden State Warriors",2017,"0021600906","20170302",-0.4,9.05,TRUE
201939,"Stephen Curry","1610612744","Golden State Warriors",2017,"0021600906","20170302",-14.6,5.15,FALSE
201939,"Stephen Curry","1610612744","Golden State Warriors",2017,"0021600906","20170302",16.1,26.65,FALSE
201939,"Stephen Curry","1610612744","Golden State Warriors",2017,"0021600906","20170302",-11,26.65,FALSE
201939,"Stephen Curry","1610612744","Golden State Warriors",2017,"0021600906","20170302",-0.8,5.75,TRUE
201939,"Stephen Curry","1610612744","Golden State Warriors",2017,"0021600906","20170302",13.2,43.25,FALSE
201939,"Stephen Curry","1610612744","Golden State Warriors",2017,"0021600906","20170302",23.3,3.15,TRUE
201939,"Stephen Curry","1610612744","Golden State Warriors",2017,"0021600906","20170302",-0.9,5.55,TRUE
201939,"Stephen Curry","1610612744","Golden State Warriors",2017,"0021600906","20170302",-7.3,28.95,FALSE
201939,"Stephen Curry","1610612744","Golden State Warriors",2017,"0021600906","20170302",-16.6,40.75,FALSE
201939,"Stephen Curry","1610612744","Golden State Warriors",2017,"0021600906","20170302",-2.4,6.35,FALSE
201939,"Stephen Curry","1610612744","Golden State Warriors",2017,"0021600906","20170302",-11,22.65,FALSE
201939,"Stephen Curry","1610612744","Golden State Warriors",2017,"0021600906","20170302",-12.2,27.55,TRUE
201939,"Stephen Curry","1610612744","Golden State Warriors",2017,"0021600906","20170302",-12.7,24.25,FALSE
201939,"Stephen Curry","1610612744","Golden State Warriors",2017,"0021600906","20170302",-1.2,20.15,TRUE
201939,"Stephen Curry","1610612744","Golden State Warriors",2017,"0021600906","20170302",1.4,5.45,TRUE
201939,"Stephen Curry","1610612744","Golden State Warriors",2017,"0021600906","20170302",0.6,31.95,FALSE
201939,"Stephen Curry","1610612744","Golden State Warriors",2017,"0021600906","20170302",-1.4,5.55,TRUE
201939,"Stephen Curry","1610612744","Golden State Warriors",2017,"0021600906","20170302",6,6.55,FALSE
201939,"Stephen Curry","1610612744","Golden State Warriors",2017,"0021600906","20170302",18.6,5.15,TRUE
201939,"Stephen Curry","1610612744","Golden State Warriors",2017,"0021600906","20170302",13.5,26.55,FALSE
201939,"Stephen Curry","1610612744","Golden State Warriors",2017,"0021600906","20170302",-13.5,26.05,FALSE
201939,"Stephen Curry","1610612744","Golden State Warriors",2017,"0021600906","20170302",-0.9,7.35,FALSE
201939,"Stephen Curry","1610612744","Golden State Warriors",2017,"0021600906","20170302",-5.5,30.15,FALSE
201939,"Stephen Curry","1610612744","Golden State Warriors",2017,"0021600906","20170302",19.4,7.05,FALSE
201939,"Stephen Curry","1610612744","Golden State Warriors",2017,"0021600928","20170305",-18.6,23.05,FALSE
201939,"Stephen Curry","1610612744","Golden State Warriors",2017,"0021600928","20170305",17.4,22.65,FALSE
201939,"Stephen Curry","1610612744","Golden State Warriors",2017,"0021600928","20170305",-1.9,5.95,FALSE
201939,"Stephen Curry","1610612744","Golden State Warriors",2017,"0021600928","20170305",24,1.65,FALSE
201939,"Stephen Curry","1610612744","Golden State Warriors",2017,"0021600928","20170305",12.7,14.25,TRUE
201939,"Stephen Curry","1610612744","Golden State Warriors",2017,"0021600928","20170305",-2.7,6.35,FALSE
201939,"Stephen Curry","1610612744","Golden State Warriors",2017,"0021600928","20170305",2.9,5.25,TRUE
201939,"Stephen Curry","1610612744","Golden State Warriors",2017,"0021600928","20170305",-23.2,1.65,FALSE
201939,"Stephen Curry","1610612744","Golden State Warriors",2017,"0021600928","20170305",8.8,27.45,TRUE
201939,"Stephen Curry","1610612744","Golden State Warriors",2017,"0021600928","20170305",-24,3.35,FALSE
201939,"Stephen Curry","1610612744","Golden State Warriors",2017,"0021600928","20170305",-1.9,5.15,FALSE
201939,"Stephen Curry","1610612744","Golden State Warriors",2017,"0021600928","20170305",-14.5,25.55,TRUE
201939,"Stephen Curry","1610612744","Golden State Warriors",2017,"0021600928","20170305",15.5,64.65,FALSE
201939,"Stephen Curry","1610612744","Golden State Warriors",2017,"0021600928","20170305",-16.3,26.05,TRUE
201939,"Stephen Curry","1610612744","Golden State Warriors",2017,"0021600928","20170305",-2.8,6.35,FALSE
201939,"Stephen Curry","1610612744","Golden State Warriors",2017,"0021600928","20170305",-14.6,25.05,FALSE
201939,"Stephen Curry","1610612744","Golden State Warriors",2017,"0021600928","20170305",1.2,5.55,TRUE
201939,"Stephen Curry","1610612744","Golden State Warriors",2017,"0021600928","20170305",-1.9,4.75,TRUE
201939,"Stephen Curry","1610612744","Golden State Warriors",2017,"0021600928","20170305",0.6,5.55,TRUE
201939,"Stephen Curry","1610612744","Golden State Warriors",2017,"0021600928","20170305",22.8,4.15,TRUE
201939,"Stephen Curry","1610612744","Golden State Warriors",2017,"0021600928","20170305",13.7,26.55,TRUE
201939,"Stephen Curry","1610612744","Golden State Warriors",2017,"0021600928","20170305",2,4.15,FALSE
201939,"Stephen Curry","1610612744","Golden State Warriors",2017,"0021600928","20170305",15.5,24.75,FALSE
201939,"Stephen Curry","1610612744","Golden State Warriors",2017,"0021600928","20170305",14.7,21.75,TRUE
201939,"Stephen Curry","1610612744","Golden State Warriors",2017,"0021600937","20170306",-23.2,8.35,FALSE
201939,"Stephen Curry","1610612744","Golden State Warriors",2017,"0021600937","20170306",-19.7,13.75,FALSE
201939,"Stephen Curry","1610612744","Golden State Warriors",2017,"0021600937","20170306",-6.4,30.45,FALSE
201939,"Stephen Curry","1610612744","Golden State Warriors",2017,"0021600937","20170306",-2,5.95,TRUE
201939,"Stephen Curry","1610612744","Golden State Warriors",2017,"0021600937","20170306",-12.5,26.05,TRUE
201939,"Stephen Curry","1610612744","Golden State Warriors",2017,"0021600937","20170306",10.9,30.15,FALSE
201939,"Stephen Curry","1610612744","Golden State Warriors",2017,"0021600937","20170306",21.9,18.65,TRUE
201939,"Stephen Curry","1610612744","Golden State Warriors",2017,"0021600937","20170306",-15.5,24.25,FALSE
201939,"Stephen Curry","1610612744","Golden State Warriors",2017,"0021600937","20170306",-0.9,29.95,FALSE
201939,"Stephen Curry","1610612744","Golden State Warriors",2017,"0021600937","20170306",-10.5,27.55,TRUE
201939,"Stephen Curry","1610612744","Golden State Warriors",2017,"0021600937","20170306",8.6,7.85,FALSE
201939,"Stephen Curry","1610612744","Golden State Warriors",2017,"0021600937","20170306",-4.5,29.95,FALSE
201939,"Stephen Curry","1610612744","Golden State Warriors",2017,"0021600937","20170306",23.3,7.05,FALSE
201939,"Stephen Curry","1610612744","Golden State Warriors",2017,"0021600937","20170306",-18.7,14.75,FALSE
201939,"Stephen Curry","1610612744","Golden State Warriors",2017,"0021600937","20170306",7.1,29.45,FALSE
201939,"Stephen Curry","1610612744","Golden State Warriors",2017,"0021600937","20170306",-21.7,19.35,TRUE
201939,"Stephen Curry","1610612744","Golden State Warriors",2017,"0021600937","20170306",23.3,5.25,TRUE
201939,"Stephen Curry","1610612744","Golden State Warriors",2017,"0021600937","20170306",-19.7,21.65,TRUE
201939,"Stephen Curry","1610612744","Golden State Warriors",2017,"0021600937","20170306",-1.9,5.45,TRUE
201939,"Stephen Curry","1610612744","Golden State Warriors",2017,"0021600937","20170306",-14,26.55,FALSE
201939,"Stephen Curry","1610612744","Golden State Warriors",2017,"0021600959","20170308",-0.1,8.05,TRUE
201939,"Stephen Curry","1610612744","Golden State Warriors",2017,"0021600959","20170308",15.8,26.05,TRUE
201939,"Stephen Curry","1610612744","Golden State Warriors",2017,"0021600959","20170308",-1.4,6.35,TRUE
201939,"Stephen Curry","1610612744","Golden State Warriors",2017,"0021600959","20170308",-16.8,26.05,FALSE
201939,"Stephen Curry","1610612744","Golden State Warriors",2017,"0021600959","20170308",-9.9,13.25,TRUE
201939,"Stephen Curry","1610612744","Golden State Warriors",2017,"0021600959","20170308",-9.9,30.45,FALSE
201939,"Stephen Curry","1610612744","Golden State Warriors",2017,"0021600959","20170308",22.8,10.85,FALSE
201939,"Stephen Curry","1610612744","Golden State Warriors",2017,"0021600959","20170308",4.7,31.65,FALSE
201939,"Stephen Curry","1610612744","Golden State Warriors",2017,"0021600959","20170308",0.6,6.85,TRUE
201939,"Stephen Curry","1610612744","Golden State Warriors",2017,"0021600959","20170308",1.1,13.25,FALSE
201939,"Stephen Curry","1610612744","Golden State Warriors",2017,"0021600959","20170308",13.4,23.45,TRUE
201939,"Stephen Curry","1610612744","Golden State Warriors",2017,"0021600959","20170308",-10.2,28.95,FALSE
201939,"Stephen Curry","1610612744","Golden State Warriors",2017,"0021600959","20170308",-1.5,5.95,TRUE
201939,"Stephen Curry","1610612744","Golden State Warriors",2017,"0021600959","20170308",22,19.85,FALSE
201939,"Stephen Curry","1610612744","Golden State Warriors",2017,"0021600959","20170308",-4.2,30.95,TRUE
201939,"Stephen Curry","1610612744","Golden State Warriors",2017,"0021600959","20170308",3.7,31.65,FALSE
201939,"Stephen Curry","1610612744","Golden State Warriors",2017,"0021600968","20170310",-9.4,8.85,FALSE
201939,"Stephen Curry","1610612744","Golden State Warriors",2017,"0021600968","20170310",21.9,16.25,FALSE
201939,"Stephen Curry","1610612744","Golden State Warriors",2017,"0021600968","20170310",1.9,4.65,TRUE
201939,"Stephen Curry","1610612744","Golden State Warriors",2017,"0021600968","20170310",-15.8,24.25,FALSE
201939,"Stephen Curry","1610612744","Golden State Warriors",2017,"0021600968","20170310",14.8,20.15,TRUE
201939,"Stephen Curry","1610612744","Golden State Warriors",2017,"0021600968","20170310",-10.7,27.15,FALSE
201939,"Stephen Curry","1610612744","Golden State Warriors",2017,"0021600968","20170310",-1,6.85,FALSE
201939,"Stephen Curry","1610612744","Golden State Warriors",2017,"0021600968","20170310",-0.1,5.15,TRUE
201939,"Stephen Curry","1610612744","Golden State Warriors",2017,"0021600968","20170310",1.7,8.05,TRUE
201939,"Stephen Curry","1610612744","Golden State Warriors",2017,"0021600968","20170310",-1.3,6.15,FALSE
201939,"Stephen Curry","1610612744","Golden State Warriors",2017,"0021600968","20170310",2.4,24.55,TRUE
201939,"Stephen Curry","1610612744","Golden State Warriors",2017,"0021600968","20170310",0.1,29.95,FALSE
201939,"Stephen Curry","1610612744","Golden State Warriors",2017,"0021600968","20170310",-0.9,4.65,TRUE
201939,"Stephen Curry","1610612744","Golden State Warriors",2017,"0021600968","20170310",-10.4,28.45,TRUE
201939,"Stephen Curry","1610612744","Golden State Warriors",2017,"0021600968","20170310",-5.6,29.45,FALSE
201939,"Stephen Curry","1610612744","Golden State Warriors",2017,"0021600968","20170310",-1.1,5.25,FALSE
201939,"Stephen Curry","1610612744","Golden State Warriors",2017,"0021600968","20170310",-21.2,6.55,FALSE
201939,"Stephen Curry","1610612744","Golden State Warriors",2017,"0021600968","20170310",-5.6,6.35,FALSE
201939,"Stephen Curry","1610612744","Golden State Warriors",2017,"0021600968","20170310",-15,25.75,FALSE
201939,"Stephen Curry","1610612744","Golden State Warriors",2017,"0021600968","20170310",-2.8,6.35,FALSE
201939,"Stephen Curry","1610612744","Golden State Warriors",2017,"0021600968","20170310",-0.4,6.05,TRUE
201939,"Stephen Curry","1610612744","Golden State Warriors",2017,"0021600968","20170310",-12.8,26.25,FALSE
201939,"Stephen Curry","1610612744","Golden State Warriors",2017,"0021600968","20170310",-0.4,5.25,FALSE
201939,"Stephen Curry","1610612744","Golden State Warriors",2017,"0021600968","20170310",-1.5,10.35,TRUE
201939,"Stephen Curry","1610612744","Golden State Warriors",2017,"0021600968","20170310",0.9,23.55,FALSE
201939,"Stephen Curry","1610612744","Golden State Warriors",2017,"0021600968","20170310",-9.9,19.15,TRUE
201939,"Stephen Curry","1610612744","Golden State Warriors",2017,"0021600968","20170310",13.3,16.85,FALSE
201939,"Stephen Curry","1610612744","Golden State Warriors",2017,"0021601003","20170314",-3.7,30.15,FALSE
201939,"Stephen Curry","1610612744","Golden State Warriors",2017,"0021601003","20170314",-10.2,15.25,TRUE
201939,"Stephen Curry","1610612744","Golden State Warriors",2017,"0021601003","20170314",-4.6,31.65,FALSE
201939,"Stephen Curry","1610612744","Golden State Warriors",2017,"0021601003","20170314",-1.7,7.05,FALSE
201939,"Stephen Curry","1610612744","Golden State Warriors",2017,"0021601003","20170314",-1,6.85,TRUE
201939,"Stephen Curry","1610612744","Golden State Warriors",2017,"0021601003","20170314",23.2,9.95,TRUE
201939,"Stephen Curry","1610612744","Golden State Warriors",2017,"0021601003","20170314",-14,22.15,FALSE
201939,"Stephen Curry","1610612744","Golden State Warriors",2017,"0021601003","20170314",17.9,31.95,FALSE
201939,"Stephen Curry","1610612744","Golden State Warriors",2017,"0021601003","20170314",-0.2,25.75,FALSE
201939,"Stephen Curry","1610612744","Golden State Warriors",2017,"0021601003","20170314",1.1,30.95,FALSE
201939,"Stephen Curry","1610612744","Golden State Warriors",2017,"0021601003","20170314",-0.2,30.15,FALSE
201939,"Stephen Curry","1610612744","Golden State Warriors",2017,"0021601003","20170314",1.1,10.35,FALSE
201939,"Stephen Curry","1610612744","Golden State Warriors",2017,"0021601003","20170314",-0.2,32.45,TRUE
201939,"Stephen Curry","1610612744","Golden State Warriors",2017,"0021601003","20170314",1,7.65,FALSE
201939,"Stephen Curry","1610612744","Golden State Warriors",2017,"0021601003","20170314",-0.9,5.95,FALSE
201939,"Stephen Curry","1610612744","Golden State Warriors",2017,"0021601003","20170314",0.1,14.95,FALSE
201939,"Stephen Curry","1610612744","Golden State Warriors",2017,"0021601003","20170314",-23,8.35,FALSE
201939,"Stephen Curry","1610612744","Golden State Warriors",2017,"0021601003","20170314",-7.3,30.65,TRUE
201939,"Stephen Curry","1610612744","Golden State Warriors",2017,"0021601003","20170314",4.7,23.75,TRUE
201939,"Stephen Curry","1610612744","Golden State Warriors",2017,"0021601003","20170314",9.4,29.45,FALSE
201939,"Stephen Curry","1610612744","Golden State Warriors",2017,"0021601003","20170314",-17.6,24.25,FALSE
201939,"Stephen Curry","1610612744","Golden State Warriors",2017,"0021601003","20170314",15.8,27.55,TRUE
201939,"Stephen Curry","1610612744","Golden State Warriors",2017,"0021601003","20170314",22.7,6.35,TRUE
201939,"Stephen Curry","1610612744","Golden State Warriors",2017,"0021601019","20170316",1.2,5.45,TRUE
201939,"Stephen Curry","1610612744","Golden State Warriors",2017,"0021601019","20170316",20.1,24.55,FALSE
201939,"Stephen Curry","1610612744","Golden State Warriors",2017,"0021601019","20170316",-7.1,9.05,TRUE
201939,"Stephen Curry","1610612744","Golden State Warriors",2017,"0021601019","20170316",0.4,6.35,TRUE
201939,"Stephen Curry","1610612744","Golden State Warriors",2017,"0021601019","20170316",22,18.15,FALSE
201939,"Stephen Curry","1610612744","Golden State Warriors",2017,"0021601019","20170316",17.3,25.55,FALSE
201939,"Stephen Curry","1610612744","Golden State Warriors",2017,"0021601019","20170316",-9.7,29.65,FALSE
201939,"Stephen Curry","1610612744","Golden State Warriors",2017,"0021601019","20170316",-11.2,29.65,TRUE
201939,"Stephen Curry","1610612744","Golden State Warriors",2017,"0021601019","20170316",-11,24.05,FALSE
201939,"Stephen Curry","1610612744","Golden State Warriors",2017,"0021601019","20170316",0,10.35,TRUE
201939,"Stephen Curry","1610612744","Golden State Warriors",2017,"0021601019","20170316",-2.2,7.05,FALSE
201939,"Stephen Curry","1610612744","Golden State Warriors",2017,"0021601019","20170316",-3.5,30.95,TRUE
201939,"Stephen Curry","1610612744","Golden State Warriors",2017,"0021601019","20170316",0.7,6.55,TRUE
201939,"Stephen Curry","1610612744","Golden State Warriors",2017,"0021601019","20170316",-1.9,7.05,TRUE
201939,"Stephen Curry","1610612744","Golden State Warriors",2017,"0021601019","20170316",0,69.15,FALSE
201939,"Stephen Curry","1610612744","Golden State Warriors",2017,"0021601035","20170318",-0.9,7.35,FALSE
201939,"Stephen Curry","1610612744","Golden State Warriors",2017,"0021601035","20170318",1.9,5.95,TRUE
201939,"Stephen Curry","1610612744","Golden State Warriors",2017,"0021601035","20170318",20.7,20.85,TRUE
201939,"Stephen Curry","1610612744","Golden State Warriors",2017,"0021601035","20170318",-9.4,30.45,FALSE
201939,"Stephen Curry","1610612744","Golden State Warriors",2017,"0021601035","20170318",-12,28.05,FALSE
201939,"Stephen Curry","1610612744","Golden State Warriors",2017,"0021601035","20170318",-0.4,6.85,TRUE
201939,"Stephen Curry","1610612744","Golden State Warriors",2017,"0021601035","20170318",22.3,19.15,TRUE
201939,"Stephen Curry","1610612744","Golden State Warriors",2017,"0021601035","20170318",6.3,30.95,TRUE
201939,"Stephen Curry","1610612744","Golden State Warriors",2017,"0021601035","20170318",-0.1,6.55,TRUE
201939,"Stephen Curry","1610612744","Golden State Warriors",2017,"0021601035","20170318",14.3,35.05,TRUE
201939,"Stephen Curry","1610612744","Golden State Warriors",2017,"0021601035","20170318",16.3,24.55,TRUE
201939,"Stephen Curry","1610612744","Golden State Warriors",2017,"0021601035","20170318",1.1,5.95,FALSE
201939,"Stephen Curry","1610612744","Golden State Warriors",2017,"0021601035","20170318",-13.8,28.15,TRUE
201939,"Stephen Curry","1610612744","Golden State Warriors",2017,"0021601049","20170320",17.8,24.25,TRUE
201939,"Stephen Curry","1610612744","Golden State Warriors",2017,"0021601049","20170320",16.9,22.65,FALSE
201939,"Stephen Curry","1610612744","Golden State Warriors",2017,"0021601049","20170320",9.1,17.85,FALSE
201939,"Stephen Curry","1610612744","Golden State Warriors",2017,"0021601049","20170320",-5.1,28.65,TRUE
201939,"Stephen Curry","1610612744","Golden State Warriors",2017,"0021601049","20170320",0,5.35,TRUE
201939,"Stephen Curry","1610612744","Golden State Warriors",2017,"0021601049","20170320",22.8,6.05,TRUE
201939,"Stephen Curry","1610612744","Golden State Warriors",2017,"0021601049","20170320",4.2,30.95,FALSE
201939,"Stephen Curry","1610612744","Golden State Warriors",2017,"0021601049","20170320",-13.2,25.55,FALSE
201939,"Stephen Curry","1610612744","Golden State Warriors",2017,"0021601049","20170320",0.4,5.55,FALSE
201939,"Stephen Curry","1610612744","Golden State Warriors",2017,"0021601049","20170320",-0.1,9.35,FALSE
201939,"Stephen Curry","1610612744","Golden State Warriors",2017,"0021601049","20170320",22.5,6.05,TRUE
201939,"Stephen Curry","1610612744","Golden State Warriors",2017,"0021601049","20170320",8.4,26.55,FALSE
201939,"Stephen Curry","1610612744","Golden State Warriors",2017,"0021601049","20170320",-11,27.65,TRUE
201939,"Stephen Curry","1610612744","Golden State Warriors",2017,"0021601049","20170320",-15,26.55,FALSE
201939,"Stephen Curry","1610612744","Golden State Warriors",2017,"0021601049","20170320",0.9,29.15,TRUE
201939,"Stephen Curry","1610612744","Golden State Warriors",2017,"0021601049","20170320",-22.7,10.85,FALSE
201939,"Stephen Curry","1610612744","Golden State Warriors",2017,"0021601049","20170320",2.5,30.15,TRUE
201939,"Stephen Curry","1610612744","Golden State Warriors",2017,"0021601055","20170321",3.8,25.55,FALSE
201939,"Stephen Curry","1610612744","Golden State Warriors",2017,"0021601055","20170321",-1.2,5.15,TRUE
201939,"Stephen Curry","1610612744","Golden State Warriors",2017,"0021601055","20170321",-2.4,24.55,TRUE
201939,"Stephen Curry","1610612744","Golden State Warriors",2017,"0021601055","20170321",-14.6,28.05,FALSE
201939,"Stephen Curry","1610612744","Golden State Warriors",2017,"0021601055","20170321",-16.9,25.05,FALSE
201939,"Stephen Curry","1610612744","Golden State Warriors",2017,"0021601055","20170321",22.7,5.45,TRUE
201939,"Stephen Curry","1610612744","Golden State Warriors",2017,"0021601055","20170321",3.7,12.45,TRUE
201939,"Stephen Curry","1610612744","Golden State Warriors",2017,"0021601055","20170321",12.4,28.95,TRUE
201939,"Stephen Curry","1610612744","Golden State Warriors",2017,"0021601055","20170321",-1.5,5.95,TRUE
201939,"Stephen Curry","1610612744","Golden State Warriors",2017,"0021601055","20170321",22.5,9.35,FALSE
201939,"Stephen Curry","1610612744","Golden State Warriors",2017,"0021601055","20170321",-23.3,5.55,FALSE
201939,"Stephen Curry","1610612744","Golden State Warriors",2017,"0021601055","20170321",13.5,26.55,TRUE
201939,"Stephen Curry","1610612744","Golden State Warriors",2017,"0021601055","20170321",20.1,19.15,FALSE
201939,"Stephen Curry","1610612744","Golden State Warriors",2017,"0021601055","20170321",-19.1,50.45,FALSE
201939,"Stephen Curry","1610612744","Golden State Warriors",2017,"0021601081","20170324",18.4,22.65,TRUE
201939,"Stephen Curry","1610612744","Golden State Warriors",2017,"0021601081","20170324",1.7,21.15,TRUE
201939,"Stephen Curry","1610612744","Golden State Warriors",2017,"0021601081","20170324",14.2,27.65,FALSE
201939,"Stephen Curry","1610612744","Golden State Warriors",2017,"0021601081","20170324",-7.3,28.95,FALSE
201939,"Stephen Curry","1610612744","Golden State Warriors",2017,"0021601081","20170324",-5.5,31.45,TRUE
201939,"Stephen Curry","1610612744","Golden State Warriors",2017,"0021601081","20170324",4,15.25,FALSE
201939,"Stephen Curry","1610612744","Golden State Warriors",2017,"0021601081","20170324",22.8,6.35,FALSE
201939,"Stephen Curry","1610612744","Golden State Warriors",2017,"0021601081","20170324",-15.5,26.05,FALSE
201939,"Stephen Curry","1610612744","Golden State Warriors",2017,"0021601081","20170324",11,15.75,TRUE
201939,"Stephen Curry","1610612744","Golden State Warriors",2017,"0021601081","20170324",0.9,35.35,FALSE
201939,"Stephen Curry","1610612744","Golden State Warriors",2017,"0021601081","20170324",2.2,7.05,TRUE
201939,"Stephen Curry","1610612744","Golden State Warriors",2017,"0021601081","20170324",-18.4,17.65,TRUE
201939,"Stephen Curry","1610612744","Golden State Warriors",2017,"0021601081","20170324",-0.6,10.35,FALSE
201939,"Stephen Curry","1610612744","Golden State Warriors",2017,"0021601081","20170324",20.1,6.35,FALSE
201939,"Stephen Curry","1610612744","Golden State Warriors",2017,"0021601081","20170324",19.7,23.25,TRUE
201939,"Stephen Curry","1610612744","Golden State Warriors",2017,"0021601081","20170324",19.2,23.05,TRUE
201939,"Stephen Curry","1610612744","Golden State Warriors",2017,"0021601081","20170324",4.8,32.95,TRUE
201939,"Stephen Curry","1610612744","Golden State Warriors",2017,"0021601081","20170324",18.7,29.65,FALSE
201939,"Stephen Curry","1610612744","Golden State Warriors",2017,"0021601094","20170326",11.7,31.95,FALSE
201939,"Stephen Curry","1610612744","Golden State Warriors",2017,"0021601094","20170326",23.5,6.05,TRUE
201939,"Stephen Curry","1610612744","Golden State Warriors",2017,"0021601094","20170326",1.1,7.35,FALSE
201939,"Stephen Curry","1610612744","Golden State Warriors",2017,"0021601094","20170326",2.2,32.45,FALSE
201939,"Stephen Curry","1610612744","Golden State Warriors",2017,"0021601094","20170326",17.6,25.25,FALSE
201939,"Stephen Curry","1610612744","Golden State Warriors",2017,"0021601094","20170326",20.9,23.75,TRUE
201939,"Stephen Curry","1610612744","Golden State Warriors",2017,"0021601094","20170326",-15.5,26.05,FALSE
201939,"Stephen Curry","1610612744","Golden State Warriors",2017,"0021601094","20170326",20.5,7.85,FALSE
201939,"Stephen Curry","1610612744","Golden State Warriors",2017,"0021601094","20170326",-22.5,6.85,TRUE
201939,"Stephen Curry","1610612744","Golden State Warriors",2017,"0021601094","20170326",-0.2,7.05,TRUE
201939,"Stephen Curry","1610612744","Golden State Warriors",2017,"0021601094","20170326",6.3,31.95,FALSE
201939,"Stephen Curry","1610612744","Golden State Warriors",2017,"0021601094","20170326",-0.9,7.35,FALSE
201939,"Stephen Curry","1610612744","Golden State Warriors",2017,"0021601094","20170326",-10.4,29.65,FALSE
201939,"Stephen Curry","1610612744","Golden State Warriors",2017,"0021601094","20170326",3.5,16.75,TRUE
201939,"Stephen Curry","1610612744","Golden State Warriors",2017,"0021601094","20170326",1.9,29.95,TRUE
201939,"Stephen Curry","1610612744","Golden State Warriors",2017,"0021601094","20170326",-15.1,27.55,TRUE
201939,"Stephen Curry","1610612744","Golden State Warriors",2017,"0021601094","20170326",-13.7,15.25,TRUE
201939,"Stephen Curry","1610612744","Golden State Warriors",2017,"0021601094","20170326",-13.3,31.45,FALSE
201939,"Stephen Curry","1610612744","Golden State Warriors",2017,"0021601108","20170328",-23.3,15.25,TRUE
201939,"Stephen Curry","1610612744","Golden State Warriors",2017,"0021601108","20170328",-0.1,13.25,FALSE
201939,"Stephen Curry","1610612744","Golden State Warriors",2017,"0021601108","20170328",-7.3,28.95,FALSE
201939,"Stephen Curry","1610612744","Golden State Warriors",2017,"0021601108","20170328",0.2,4.15,TRUE
201939,"Stephen Curry","1610612744","Golden State Warriors",2017,"0021601108","20170328",-1.2,4.65,TRUE
201939,"Stephen Curry","1610612744","Golden State Warriors",2017,"0021601108","20170328",-12,26.05,FALSE
201939,"Stephen Curry","1610612744","Golden State Warriors",2017,"0021601108","20170328",1.6,4.75,TRUE
201939,"Stephen Curry","1610612744","Golden State Warriors",2017,"0021601108","20170328",16.1,19.65,TRUE
201939,"Stephen Curry","1610612744","Golden State Warriors",2017,"0021601108","20170328",-8.6,28.65,FALSE
201939,"Stephen Curry","1610612744","Golden State Warriors",2017,"0021601108","20170328",0.2,5.45,TRUE
201939,"Stephen Curry","1610612744","Golden State Warriors",2017,"0021601108","20170328",6,29.45,FALSE
201939,"Stephen Curry","1610612744","Golden State Warriors",2017,"0021601108","20170328",23.7,9.35,FALSE
201939,"Stephen Curry","1610612744","Golden State Warriors",2017,"0021601108","20170328",-13.3,26.55,FALSE
201939,"Stephen Curry","1610612744","Golden State Warriors",2017,"0021601108","20170328",2,30.65,FALSE
201939,"Stephen Curry","1610612744","Golden State Warriors",2017,"0021601108","20170328",0,5.55,FALSE
201939,"Stephen Curry","1610612744","Golden State Warriors",2017,"0021601108","20170328",17.4,23.05,TRUE
201939,"Stephen Curry","1610612744","Golden State Warriors",2017,"0021601108","20170328",-6.1,18.15,FALSE
201939,"Stephen Curry","1610612744","Golden State Warriors",2017,"0021601108","20170328",-13.5,5.55,TRUE
201939,"Stephen Curry","1610612744","Golden State Warriors",2017,"0021601108","20170328",0.4,4.75,TRUE
201939,"Stephen Curry","1610612744","Golden State Warriors",2017,"0021601108","20170328",-11,27.15,FALSE
201939,"Stephen Curry","1610612744","Golden State Warriors",2017,"0021601108","20170328",-0.9,31.15,TRUE
201939,"Stephen Curry","1610612744","Golden State Warriors",2017,"0021601108","20170328",5.3,22.65,TRUE
201939,"Stephen Curry","1610612744","Golden State Warriors",2017,"0021601118","20170329",9.7,24.25,FALSE
201939,"Stephen Curry","1610612744","Golden State Warriors",2017,"0021601118","20170329",22.5,16.75,TRUE
201939,"Stephen Curry","1610612744","Golden State Warriors",2017,"0021601118","20170329",-11.7,7.85,FALSE
201939,"Stephen Curry","1610612744","Golden State Warriors",2017,"0021601118","20170329",0.2,6.05,FALSE
201939,"Stephen Curry","1610612744","Golden State Warriors",2017,"0021601118","20170329",2.2,5.45,FALSE
201939,"Stephen Curry","1610612744","Golden State Warriors",2017,"0021601118","20170329",-11.4,31.45,FALSE
201939,"Stephen Curry","1610612744","Golden State Warriors",2017,"0021601118","20170329",0.2,4.15,FALSE
201939,"Stephen Curry","1610612744","Golden State Warriors",2017,"0021601118","20170329",-2.8,5.25,TRUE
201939,"Stephen Curry","1610612744","Golden State Warriors",2017,"0021601118","20170329",1.9,5.45,TRUE
201939,"Stephen Curry","1610612744","Golden State Warriors",2017,"0021601118","20170329",-17.3,25.55,TRUE
201939,"Stephen Curry","1610612744","Golden State Warriors",2017,"0021601118","20170329",-19.7,21.75,TRUE
201939,"Stephen Curry","1610612744","Golden State Warriors",2017,"0021601118","20170329",-4.3,32.95,FALSE
201939,"Stephen Curry","1610612744","Golden State Warriors",2017,"0021601118","20170329",-19.4,21.75,TRUE
201939,"Stephen Curry","1610612744","Golden State Warriors",2017,"0021601118","20170329",-0.9,4.75,TRUE
201939,"Stephen Curry","1610612744","Golden State Warriors",2017,"0021601118","20170329",3.4,33.45,FALSE
201939,"Stephen Curry","1610612744","Golden State Warriors",2017,"0021601118","20170329",-2.8,4.75,FALSE
201939,"Stephen Curry","1610612744","Golden State Warriors",2017,"0021601118","20170329",0,5.35,TRUE
201939,"Stephen Curry","1610612744","Golden State Warriors",2017,"0021601118","20170329",-3,43.75,FALSE
201939,"Stephen Curry","1610612744","Golden State Warriors",2017,"0021601118","20170329",-9.7,8.35,FALSE
201939,"Stephen Curry","1610612744","Golden State Warriors",2017,"0021601118","20170329",0.6,6.05,TRUE
201939,"Stephen Curry","1610612744","Golden State Warriors",2017,"0021601136","20170331",-4.2,30.15,TRUE
201939,"Stephen Curry","1610612744","Golden State Warriors",2017,"0021601136","20170331",-11,18.15,FALSE
201939,"Stephen Curry","1610612744","Golden State Warriors",2017,"0021601136","20170331",1.6,20.15,FALSE
201939,"Stephen Curry","1610612744","Golden State Warriors",2017,"0021601136","20170331",-0.2,7.05,FALSE
201939,"Stephen Curry","1610612744","Golden State Warriors",2017,"0021601136","20170331",11.9,20.65,TRUE
201939,"Stephen Curry","1610612744","Golden State Warriors",2017,"0021601136","20170331",-8.7,30.15,FALSE
201939,"Stephen Curry","1610612744","Golden State Warriors",2017,"0021601136","20170331",-5.1,16.85,FALSE
201939,"Stephen Curry","1610612744","Golden State Warriors",2017,"0021601136","20170331",21.4,20.15,FALSE
201939,"Stephen Curry","1610612744","Golden State Warriors",2017,"0021601136","20170331",12.9,19.35,FALSE
201939,"Stephen Curry","1610612744","Golden State Warriors",2017,"0021601136","20170331",-1.2,5.95,TRUE
201939,"Stephen Curry","1610612744","Golden State Warriors",2017,"0021601136","20170331",-23,11.75,TRUE
201939,"Stephen Curry","1610612744","Golden State Warriors",2017,"0021601136","20170331",-17.1,26.55,FALSE
201939,"Stephen Curry","1610612744","Golden State Warriors",2017,"0021601136","20170331",0.4,34.35,FALSE
201939,"Stephen Curry","1610612744","Golden State Warriors",2017,"0021601136","20170331",0.1,7.35,TRUE
201939,"Stephen Curry","1610612744","Golden State Warriors",2017,"0021601136","20170331",-20.7,19.65,TRUE
201939,"Stephen Curry","1610612744","Golden State Warriors",2017,"0021601136","20170331",-16.1,28.45,TRUE
201939,"Stephen Curry","1610612744","Golden State Warriors",2017,"0021601136","20170331",-7.6,33.45,FALSE
201939,"Stephen Curry","1610612744","Golden State Warriors",2017,"0021601136","20170331",9.1,11.35,TRUE
201939,"Stephen Curry","1610612744","Golden State Warriors",2017,"0021601152","20170402",-18.2,23.55,TRUE
201939,"Stephen Curry","1610612744","Golden State Warriors",2017,"0021601152","20170402",21.7,21.65,TRUE
201939,"Stephen Curry","1610612744","Golden State Warriors",2017,"0021601152","20170402",23.7,6.35,TRUE
201939,"Stephen Curry","1610612744","Golden State Warriors",2017,"0021601152","20170402",22.5,19.85,FALSE
201939,"Stephen Curry","1610612744","Golden State Warriors",2017,"0021601152","20170402",-15.1,27.15,TRUE
201939,"Stephen Curry","1610612744","Golden State Warriors",2017,"0021601152","20170402",3.9,6.15,FALSE
201939,"Stephen Curry","1610612744","Golden State Warriors",2017,"0021601152","20170402",-17.3,24.55,FALSE
201939,"Stephen Curry","1610612744","Golden State Warriors",2017,"0021601152","20170402",-20.4,21.25,TRUE
201939,"Stephen Curry","1610612744","Golden State Warriors",2017,"0021601152","20170402",-6.3,31.15,TRUE
201939,"Stephen Curry","1610612744","Golden State Warriors",2017,"0021601152","20170402",0.1,8.05,TRUE
201939,"Stephen Curry","1610612744","Golden State Warriors",2017,"0021601152","20170402",0.1,5.95,TRUE
201939,"Stephen Curry","1610612744","Golden State Warriors",2017,"0021601152","20170402",-13,26.65,FALSE
201939,"Stephen Curry","1610612744","Golden State Warriors",2017,"0021601152","20170402",-18.9,24.25,TRUE
201939,"Stephen Curry","1610612744","Golden State Warriors",2017,"0021601152","20170402",10.7,20.15,FALSE
201939,"Stephen Curry","1610612744","Golden State Warriors",2017,"0021601152","20170402",-1.5,7.85,TRUE
201939,"Stephen Curry","1610612744","Golden State Warriors",2017,"0021601152","20170402",0,6.85,TRUE
201939,"Stephen Curry","1610612744","Golden State Warriors",2017,"0021601152","20170402",-15.1,28.05,TRUE
201939,"Stephen Curry","1610612744","Golden State Warriors",2017,"0021601152","20170402",-5.1,30.15,FALSE
201939,"Stephen Curry","1610612744","Golden State Warriors",2017,"0021601152","20170402",-6.3,14.95,TRUE
201939,"Stephen Curry","1610612744","Golden State Warriors",2017,"0021601152","20170402",-16.3,24.55,FALSE
201939,"Stephen Curry","1610612744","Golden State Warriors",2017,"0021601152","20170402",-15.1,27.55,TRUE
201939,"Stephen Curry","1610612744","Golden State Warriors",2017,"0021601152","20170402",-14,6.55,TRUE
201939,"Stephen Curry","1610612744","Golden State Warriors",2017,"0021601162","20170404",-2.2,7.85,FALSE
201939,"Stephen Curry","1610612744","Golden State Warriors",2017,"0021601162","20170404",-11.9,28.45,FALSE
201939,"Stephen Curry","1610612744","Golden State Warriors",2017,"0021601162","20170404",23.2,11.35,FALSE
201939,"Stephen Curry","1610612744","Golden State Warriors",2017,"0021601162","20170404",-0.1,31.95,TRUE
201939,"Stephen Curry","1610612744","Golden State Warriors",2017,"0021601162","20170404",0,5.55,TRUE
201939,"Stephen Curry","1610612744","Golden State Warriors",2017,"0021601162","20170404",-10.7,21.65,FALSE
201939,"Stephen Curry","1610612744","Golden State Warriors",2017,"0021601162","20170404",17.8,28.05,FALSE
201939,"Stephen Curry","1610612744","Golden State Warriors",2017,"0021601162","20170404",-0.9,7.85,FALSE
201939,"Stephen Curry","1610612744","Golden State Warriors",2017,"0021601162","20170404",20.5,22.15,FALSE
201939,"Stephen Curry","1610612744","Golden State Warriors",2017,"0021601162","20170404",-2,10.95,FALSE
201939,"Stephen Curry","1610612744","Golden State Warriors",2017,"0021601162","20170404",0,5.35,TRUE
201939,"Stephen Curry","1610612744","Golden State Warriors",2017,"0021601162","20170404",16.9,5.95,TRUE
201939,"Stephen Curry","1610612744","Golden State Warriors",2017,"0021601162","20170404",0.2,31.45,TRUE
201939,"Stephen Curry","1610612744","Golden State Warriors",2017,"0021601162","20170404",14.7,26.65,TRUE
201939,"Stephen Curry","1610612744","Golden State Warriors",2017,"0021601162","20170404",15.6,19.55,FALSE
201939,"Stephen Curry","1610612744","Golden State Warriors",2017,"0021601162","20170404",-0.1,7.85,TRUE
201939,"Stephen Curry","1610612744","Golden State Warriors",2017,"0021601162","20170404",22.5,6.85,FALSE
201939,"Stephen Curry","1610612744","Golden State Warriors",2017,"0021601162","20170404",2,12.75,FALSE
201939,"Stephen Curry","1610612744","Golden State Warriors",2017,"0021601171","20170405",-24.5,4.65,TRUE
201939,"Stephen Curry","1610612744","Golden State Warriors",2017,"0021601171","20170405",23.7,15.35,TRUE
201939,"Stephen Curry","1610612744","Golden State Warriors",2017,"0021601171","20170405",-5.3,30.15,TRUE
201939,"Stephen Curry","1610612744","Golden State Warriors",2017,"0021601171","20170405",-11.9,6.05,FALSE
201939,"Stephen Curry","1610612744","Golden State Warriors",2017,"0021601171","20170405",-0.2,30.15,TRUE
201939,"Stephen Curry","1610612744","Golden State Warriors",2017,"0021601171","20170405",0.1,6.35,TRUE
201939,"Stephen Curry","1610612744","Golden State Warriors",2017,"0021601171","20170405",15.1,17.65,TRUE
201939,"Stephen Curry","1610612744","Golden State Warriors",2017,"0021601171","20170405",6.5,29.45,TRUE
201939,"Stephen Curry","1610612744","Golden State Warriors",2017,"0021601171","20170405",19.9,22.15,FALSE
201939,"Stephen Curry","1610612744","Golden State Warriors",2017,"0021601171","20170405",-4,6.35,TRUE
201939,"Stephen Curry","1610612744","Golden State Warriors",2017,"0021601171","20170405",-23.3,8.85,FALSE
201939,"Stephen Curry","1610612744","Golden State Warriors",2017,"0021601171","20170405",12.4,28.05,TRUE
201939,"Stephen Curry","1610612744","Golden State Warriors",2017,"0021601171","20170405",-2.4,5.45,TRUE
201939,"Stephen Curry","1610612744","Golden State Warriors",2017,"0021601171","20170405",-1,5.95,FALSE
201939,"Stephen Curry","1610612744","Golden State Warriors",2017,"0021601171","20170405",-2.4,5.95,TRUE
201939,"Stephen Curry","1610612744","Golden State Warriors",2017,"0021601171","20170405",8.6,29.45,FALSE
201939,"Stephen Curry","1610612744","Golden State Warriors",2017,"0021601171","20170405",-2.7,5.55,FALSE
201939,"Stephen Curry","1610612744","Golden State Warriors",2017,"0021601171","20170405",0.4,5.95,FALSE
201939,"Stephen Curry","1610612744","Golden State Warriors",2017,"0021601171","20170405",-22.3,17.25,TRUE
201939,"Stephen Curry","1610612744","Golden State Warriors",2017,"0021601171","20170405",-9.9,21.65,TRUE
201939,"Stephen Curry","1610612744","Golden State Warriors",2017,"0021601171","20170405",-6.9,30.45,FALSE
201939,"Stephen Curry","1610612744","Golden State Warriors",2017,"0021601171","20170405",12.5,19.35,FALSE
201939,"Stephen Curry","1610612744","Golden State Warriors",2017,"0021601171","20170405",-0.9,31.15,TRUE
201939,"Stephen Curry","1610612744","Golden State Warriors",2017,"0021601171","20170405",-12.3,20.65,FALSE
201939,"Stephen Curry","1610612744","Golden State Warriors",2017,"0021601171","20170405",0,5.45,TRUE
201939,"Stephen Curry","1610612744","Golden State Warriors",2017,"0021601211","20170410",12.2,14.25,FALSE
201939,"Stephen Curry","1610612744","Golden State Warriors",2017,"0021601211","20170410",-1,30.45,TRUE
201939,"Stephen Curry","1610612744","Golden State Warriors",2017,"0021601211","20170410",-1,31.65,TRUE
201939,"Stephen Curry","1610612744","Golden State Warriors",2017,"0021601211","20170410",-17.6,6.85,TRUE
201939,"Stephen Curry","1610612744","Golden State Warriors",2017,"0021601211","20170410",0.1,7.55,TRUE
201939,"Stephen Curry","1610612744","Golden State Warriors",2017,"0021601211","20170410",-21.8,16.85,TRUE
201939,"Stephen Curry","1610612744","Golden State Warriors",2017,"0021601211","20170410",-9.4,7.85,FALSE
201939,"Stephen Curry","1610612744","Golden State Warriors",2017,"0021601211","20170410",-20.7,20.65,TRUE
201939,"Stephen Curry","1610612744","Golden State Warriors",2017,"0021601211","20170410",-8.6,30.95,FALSE
201939,"Stephen Curry","1610612744","Golden State Warriors",2017,"0021601211","20170410",1.1,32.95,TRUE
201939,"Stephen Curry","1610612744","Golden State Warriors",2017,"0021601211","20170410",0.1,7.05,FALSE
201939,"Stephen Curry","1610612744","Golden State Warriors",2017,"0021601211","20170410",13.2,11.45,FALSE
201939,"Stephen Curry","1610612744","Golden State Warriors",2017,"0021601211","20170410",0.9,4.65,FALSE
201939,"Stephen Curry","1610612744","Golden State Warriors",2017,"0021601211","20170410",-2.2,6.55,TRUE
201939,"Stephen Curry","1610612744","Golden State Warriors",2017,"0021601211","20170410",18.3,24.55,TRUE
201939,"Stephen Curry","1610612744","Golden State Warriors",2017,"0021601211","20170410",16,31.95,FALSE
201939,"Stephen Curry","1610612744","Golden State Warriors",2017,"0021601229","20170412",15.3,25.55,FALSE
201939,"Stephen Curry","1610612744","Golden State Warriors",2017,"0021601229","20170412",-7.8,29.15,TRUE
201939,"Stephen Curry","1610612744","Golden State Warriors",2017,"0021601229","20170412",21.2,19.35,TRUE
201939,"Stephen Curry","1610612744","Golden State Warriors",2017,"0021601229","20170412",20.2,23.05,TRUE
201939,"Stephen Curry","1610612744","Golden State Warriors",2017,"0021601229","20170412",23.2,13.25,FALSE
201939,"Stephen Curry","1610612744","Golden State Warriors",2017,"0021601229","20170412",3.5,34.85,FALSE
201939,"Stephen Curry","1610612744","Golden State Warriors",2017,"0021601229","20170412",-8.7,29.15,FALSE
201939,"Stephen Curry","1610612744","Golden State Warriors",2017,"0021601229","20170412",23.3,5.15,FALSE
201939,"Stephen Curry","1610612744","Golden State Warriors",2017,"0021601229","20170412",0,11.35,FALSE
201939,"Stephen Curry","1610612744","Golden State Warriors",2017,"0021601229","20170412",-12.2,76.05,FALSE
201939,"Stephen Curry","1610612744","Golden State Warriors",2017,"0021601229","20170412",6,11.75,FALSE
201939,"Stephen Curry","1610612744","Golden State Warriors",2017,"0021601229","20170412",-22.7,13.45,TRUE
201939,"Stephen Curry","1610612744","Golden State Warriors",2017,"0021601229","20170412",-18.4,23.75,TRUE
201939,"Stephen Curry","1610612744","Golden State Warriors",2017,"0021601229","20170412",-12.2,27.65,FALSE
201939,"Stephen Curry","1610612744","Golden State Warriors",2017,"0021601229","20170412",1.6,6.05,TRUE
201939,"Stephen Curry","1610612744","Golden State Warriors",2017,"0021601229","20170412",23.2,7.55,FALSE
201939,"Stephen Curry","1610612744","Golden State Warriors",2017,"0021601229","20170412",0.1,31.95,FALSE
201939,"Stephen Curry","1610612744","Golden State Warriors",2018,"0021700002","20171017",-9.5,29.45,TRUE
201939,"Stephen Curry","1610612744","Golden State Warriors",2018,"0021700002","20171017",-12.9,9.55,FALSE
201939,"Stephen Curry","1610612744","Golden State Warriors",2018,"0021700002","20171017",-2,6.25,FALSE
201939,"Stephen Curry","1610612744","Golden State Warriors",2018,"0021700002","20171017",12.7,29.15,FALSE
201939,"Stephen Curry","1610612744","Golden State Warriors",2018,"0021700002","20171017",1.3,6.65,TRUE
201939,"Stephen Curry","1610612744","Golden State Warriors",2018,"0021700002","20171017",-3,30.45,TRUE
201939,"Stephen Curry","1610612744","Golden State Warriors",2018,"0021700002","20171017",-16.8,26.05,FALSE
201939,"Stephen Curry","1610612744","Golden State Warriors",2018,"0021700002","20171017",-13,6.95,TRUE
201939,"Stephen Curry","1610612744","Golden State Warriors",2018,"0021700002","20171017",-0.9,7.35,FALSE
201939,"Stephen Curry","1610612744","Golden State Warriors",2018,"0021700002","20171017",0.2,31.65,FALSE
201939,"Stephen Curry","1610612744","Golden State Warriors",2018,"0021700002","20171017",7.4,30.85,FALSE
201939,"Stephen Curry","1610612744","Golden State Warriors",2018,"0021700002","20171017",0.8,6.75,FALSE
201939,"Stephen Curry","1610612744","Golden State Warriors",2018,"0021700002","20171017",-11,9.75,TRUE
201939,"Stephen Curry","1610612744","Golden State Warriors",2018,"0021700002","20171017",7.5,29.35,TRUE
201939,"Stephen Curry","1610612744","Golden State Warriors",2018,"0021700002","20171017",-0.1,7.45,TRUE
201939,"Stephen Curry","1610612744","Golden State Warriors",2018,"0021700002","20171017",-0.7,7.25,TRUE
201939,"Stephen Curry","1610612744","Golden State Warriors",2018,"0021700002","20171017",-4.5,30.95,FALSE
201939,"Stephen Curry","1610612744","Golden State Warriors",2018,"0021700002","20171017",21,19.75,FALSE
201939,"Stephen Curry","1610612744","Golden State Warriors",2018,"0021700025","20171020",-22.6,6.45,FALSE
201939,"Stephen Curry","1610612744","Golden State Warriors",2018,"0021700025","20171020",-23.3,8.95,FALSE
201939,"Stephen Curry","1610612744","Golden State Warriors",2018,"0021700025","20171020",-19.6,17.25,TRUE
201939,"Stephen Curry","1610612744","Golden State Warriors",2018,"0021700025","20171020",22.1,19.65,FALSE
201939,"Stephen Curry","1610612744","Golden State Warriors",2018,"0021700025","20171020",-14.9,26.15,FALSE
201939,"Stephen Curry","1610612744","Golden State Warriors",2018,"0021700025","20171020",1.7,6.85,TRUE
201939,"Stephen Curry","1610612744","Golden State Warriors",2018,"0021700025","20171020",13.3,32.75,TRUE
201939,"Stephen Curry","1610612744","Golden State Warriors",2018,"0021700025","20171020",10.3,28.85,TRUE
201939,"Stephen Curry","1610612744","Golden State Warriors",2018,"0021700025","20171020",15.9,27.35,FALSE
201939,"Stephen Curry","1610612744","Golden State Warriors",2018,"0021700025","20171020",-12.7,15.35,FALSE
201939,"Stephen Curry","1610612744","Golden State Warriors",2018,"0021700025","20171020",-2.9,6.15,TRUE
201939,"Stephen Curry","1610612744","Golden State Warriors",2018,"0021700025","20171020",11.7,27.95,FALSE
201939,"Stephen Curry","1610612744","Golden State Warriors",2018,"0021700025","20171020",-19.2,23.65,TRUE
201939,"Stephen Curry","1610612744","Golden State Warriors",2018,"0021700025","20171020",-17.1,24.95,FALSE
201939,"Stephen Curry","1610612744","Golden State Warriors",2018,"0021700025","20171020",1.1,6.75,FALSE
201939,"Stephen Curry","1610612744","Golden State Warriors",2018,"0021700025","20171020",-23.9,6.95,TRUE
201939,"Stephen Curry","1610612744","Golden State Warriors",2018,"0021700033","20171021",-0.3,16.75,FALSE
201939,"Stephen Curry","1610612744","Golden State Warriors",2018,"0021700033","20171021",3.9,31.25,TRUE
201939,"Stephen Curry","1610612744","Golden State Warriors",2018,"0021700033","20171021",5.6,21.95,TRUE
201939,"Stephen Curry","1610612744","Golden State Warriors",2018,"0021700033","20171021",14.3,27.35,FALSE
201939,"Stephen Curry","1610612744","Golden State Warriors",2018,"0021700033","20171021",-7.9,30.35,FALSE
201939,"Stephen Curry","1610612744","Golden State Warriors",2018,"0021700033","20171021",10,28.45,TRUE
201939,"Stephen Curry","1610612744","Golden State Warriors",2018,"0021700033","20171021",-8.9,28.95,TRUE
201939,"Stephen Curry","1610612744","Golden State Warriors",2018,"0021700033","20171021",-2.2,30.25,TRUE
201939,"Stephen Curry","1610612744","Golden State Warriors",2018,"0021700033","20171021",4.7,6.55,FALSE
201939,"Stephen Curry","1610612744","Golden State Warriors",2018,"0021700033","20171021",0.4,5.15,FALSE
201939,"Stephen Curry","1610612744","Golden State Warriors",2018,"0021700033","20171021",17.1,23.65,FALSE
201939,"Stephen Curry","1610612744","Golden State Warriors",2018,"0021700033","20171021",1.4,30.95,TRUE
201939,"Stephen Curry","1610612744","Golden State Warriors",2018,"0021700033","20171021",22.7,6.25,FALSE
201939,"Stephen Curry","1610612744","Golden State Warriors",2018,"0021700033","20171021",-9,32.55,FALSE
201939,"Stephen Curry","1610612744","Golden State Warriors",2018,"0021700033","20171021",0.4,5.55,TRUE
201939,"Stephen Curry","1610612744","Golden State Warriors",2018,"0021700033","20171021",-6,29.85,TRUE
201939,"Stephen Curry","1610612744","Golden State Warriors",2018,"0021700033","20171021",0.4,5.85,TRUE
201939,"Stephen Curry","1610612744","Golden State Warriors",2018,"0021700045","20171023",-15.4,20.05,TRUE
201939,"Stephen Curry","1610612744","Golden State Warriors",2018,"0021700045","20171023",16.8,22.65,FALSE
201939,"Stephen Curry","1610612744","Golden State Warriors",2018,"0021700045","20171023",-17.4,25.15,FALSE
201939,"Stephen Curry","1610612744","Golden State Warriors",2018,"0021700045","20171023",10.2,27.65,FALSE
201939,"Stephen Curry","1610612744","Golden State Warriors",2018,"0021700045","20171023",23.3,4.75,TRUE
201939,"Stephen Curry","1610612744","Golden State Warriors",2018,"0021700045","20171023",5.9,28.45,FALSE
201939,"Stephen Curry","1610612744","Golden State Warriors",2018,"0021700045","20171023",-3.2,7.15,TRUE
201939,"Stephen Curry","1610612744","Golden State Warriors",2018,"0021700045","20171023",22.8,7.85,FALSE
201939,"Stephen Curry","1610612744","Golden State Warriors",2018,"0021700045","20171023",-18,23.95,FALSE
201939,"Stephen Curry","1610612744","Golden State Warriors",2018,"0021700045","20171023",-17.9,22.55,TRUE
201939,"Stephen Curry","1610612744","Golden State Warriors",2018,"0021700045","20171023",1.9,17.55,TRUE
201939,"Stephen Curry","1610612744","Golden State Warriors",2018,"0021700045","20171023",-7.6,9.65,TRUE
201939,"Stephen Curry","1610612744","Golden State Warriors",2018,"0021700045","20171023",10,31.95,FALSE
201939,"Stephen Curry","1610612744","Golden State Warriors",2018,"0021700045","20171023",-20.6,18.95,FALSE
201939,"Stephen Curry","1610612744","Golden State Warriors",2018,"0021700045","20171023",-15.5,20.95,TRUE
201939,"Stephen Curry","1610612744","Golden State Warriors",2018,"0021700063","20171025",-12.3,28.55,FALSE
201939,"Stephen Curry","1610612744","Golden State Warriors",2018,"0021700063","20171025",1.9,11.05,FALSE
201939,"Stephen Curry","1610612744","Golden State Warriors",2018,"0021700063","20171025",0.8,5.85,TRUE
201939,"Stephen Curry","1610612744","Golden State Warriors",2018,"0021700063","20171025",11.6,28.35,FALSE
201939,"Stephen Curry","1610612744","Golden State Warriors",2018,"0021700063","20171025",20.9,19.45,FALSE
201939,"Stephen Curry","1610612744","Golden State Warriors",2018,"0021700063","20171025",-7.9,21.75,TRUE
201939,"Stephen Curry","1610612744","Golden State Warriors",2018,"0021700063","20171025",0.3,7.05,FALSE
201939,"Stephen Curry","1610612744","Golden State Warriors",2018,"0021700063","20171025",-16,25.85,FALSE
201939,"Stephen Curry","1610612744","Golden State Warriors",2018,"0021700063","20171025",22.6,16.35,TRUE
201939,"Stephen Curry","1610612744","Golden State Warriors",2018,"0021700063","20171025",0.3,7.65,TRUE
201939,"Stephen Curry","1610612744","Golden State Warriors",2018,"0021700063","20171025",-17.4,7.15,FALSE
201939,"Stephen Curry","1610612744","Golden State Warriors",2018,"0021700063","20171025",1.3,6.95,TRUE
201939,"Stephen Curry","1610612744","Golden State Warriors",2018,"0021700063","20171025",-3,16.35,FALSE
201939,"Stephen Curry","1610612744","Golden State Warriors",2018,"0021700063","20171025",22.2,3.95,TRUE
201939,"Stephen Curry","1610612744","Golden State Warriors",2018,"0021700063","20171025",-16.4,28.65,TRUE
201939,"Stephen Curry","1610612744","Golden State Warriors",2018,"0021700063","20171025",15.6,26.65,FALSE
201939,"Stephen Curry","1610612744","Golden State Warriors",2018,"0021700063","20171025",0.9,32.45,FALSE
201939,"Stephen Curry","1610612744","Golden State Warriors",2018,"0021700063","20171025",14.6,26.75,FALSE
201939,"Stephen Curry","1610612744","Golden State Warriors",2018,"0021700063","20171025",-0.5,7.95,TRUE
201939,"Stephen Curry","1610612744","Golden State Warriors",2018,"0021700063","20171025",9,29.55,TRUE
201939,"Stephen Curry","1610612744","Golden State Warriors",2018,"0021700075","20171027",22.6,17.85,FALSE
201939,"Stephen Curry","1610612744","Golden State Warriors",2018,"0021700075","20171027",0.1,17.25,TRUE
201939,"Stephen Curry","1610612744","Golden State Warriors",2018,"0021700075","20171027",0.7,7.45,TRUE
201939,"Stephen Curry","1610612744","Golden State Warriors",2018,"0021700075","20171027",22.9,16.45,FALSE
201939,"Stephen Curry","1610612744","Golden State Warriors",2018,"0021700075","20171027",0.5,7.75,TRUE
201939,"Stephen Curry","1610612744","Golden State Warriors",2018,"0021700075","20171027",6.1,17.95,TRUE
201939,"Stephen Curry","1610612744","Golden State Warriors",2018,"0021700075","20171027",-9.8,29.95,FALSE
201939,"Stephen Curry","1610612744","Golden State Warriors",2018,"0021700075","20171027",-12,28.95,TRUE
201939,"Stephen Curry","1610612744","Golden State Warriors",2018,"0021700075","20171027",-14.5,25.85,FALSE
201939,"Stephen Curry","1610612744","Golden State Warriors",2018,"0021700075","20171027",6.8,30.05,FALSE
201939,"Stephen Curry","1610612744","Golden State Warriors",2018,"0021700075","20171027",-14,31.25,FALSE
201939,"Stephen Curry","1610612744","Golden State Warriors",2018,"0021700075","20171027",-23.1,6.25,FALSE
201939,"Stephen Curry","1610612744","Golden State Warriors",2018,"0021700075","20171027",17.1,24.55,FALSE
201939,"Stephen Curry","1610612744","Golden State Warriors",2018,"0021700075","20171027",1.6,6.35,FALSE
201939,"Stephen Curry","1610612744","Golden State Warriors",2018,"0021700075","20171027",-23.2,4.45,FALSE
201939,"Stephen Curry","1610612744","Golden State Warriors",2018,"0021700075","20171027",-0.5,7.25,FALSE
201939,"Stephen Curry","1610612744","Golden State Warriors",2018,"0021700075","20171027",-11.1,30.75,TRUE
201939,"Stephen Curry","1610612744","Golden State Warriors",2018,"0021700075","20171027",13,27.15,TRUE
201939,"Stephen Curry","1610612744","Golden State Warriors",2018,"0021700075","20171027",-5.1,33.95,FALSE
201939,"Stephen Curry","1610612744","Golden State Warriors",2018,"0021700091","20171029",-18.9,22.05,TRUE
201939,"Stephen Curry","1610612744","Golden State Warriors",2018,"0021700091","20171029",-1.3,6.05,TRUE
201939,"Stephen Curry","1610612744","Golden State Warriors",2018,"0021700091","20171029",20.5,9.85,TRUE
201939,"Stephen Curry","1610612744","Golden State Warriors",2018,"0021700091","20171029",10,27.85,TRUE
201939,"Stephen Curry","1610612744","Golden State Warriors",2018,"0021700091","20171029",-0.4,7.05,FALSE
201939,"Stephen Curry","1610612744","Golden State Warriors",2018,"0021700091","20171029",0.2,7.75,TRUE
201939,"Stephen Curry","1610612744","Golden State Warriors",2018,"0021700091","20171029",-13,10.65,TRUE
201939,"Stephen Curry","1610612744","Golden State Warriors",2018,"0021700091","20171029",-22.3,16.95,FALSE
201939,"Stephen Curry","1610612744","Golden State Warriors",2018,"0021700091","20171029",-0.8,6.75,TRUE
201939,"Stephen Curry","1610612744","Golden State Warriors",2018,"0021700091","20171029",0.8,6.35,TRUE
201939,"Stephen Curry","1610612744","Golden State Warriors",2018,"0021700091","20171029",-0.2,39.35,FALSE
201939,"Stephen Curry","1610612744","Golden State Warriors",2018,"0021700091","20171029",-6.8,17.65,TRUE
201939,"Stephen Curry","1610612744","Golden State Warriors",2018,"0021700091","20171029",-8.8,29.35,TRUE
201939,"Stephen Curry","1610612744","Golden State Warriors",2018,"0021700091","20171029",0.6,32.65,FALSE
201939,"Stephen Curry","1610612744","Golden State Warriors",2018,"0021700091","20171029",0.8,6.35,TRUE
201939,"Stephen Curry","1610612744","Golden State Warriors",2018,"0021700091","20171029",1.9,6.85,FALSE
201939,"Stephen Curry","1610612744","Golden State Warriors",2018,"0021700091","20171029",12.3,27.85,FALSE
201939,"Stephen Curry","1610612744","Golden State Warriors",2018,"0021700100","20171030",22.9,4.45,FALSE
201939,"Stephen Curry","1610612744","Golden State Warriors",2018,"0021700100","20171030",23.1,2.75,TRUE
201939,"Stephen Curry","1610612744","Golden State Warriors",2018,"0021700100","20171030",-13.4,25.95,TRUE
201939,"Stephen Curry","1610612744","Golden State Warriors",2018,"0021700100","20171030",22.1,9.15,FALSE
201939,"Stephen Curry","1610612744","Golden State Warriors",2018,"0021700100","20171030",-16.3,23.85,FALSE
201939,"Stephen Curry","1610612744","Golden State Warriors",2018,"0021700100","20171030",7.7,30.95,FALSE
201939,"Stephen Curry","1610612744","Golden State Warriors",2018,"0021700100","20171030",-7.6,29.65,TRUE
201939,"Stephen Curry","1610612744","Golden State Warriors",2018,"0021700100","20171030",0.5,6.95,TRUE
201939,"Stephen Curry","1610612744","Golden State Warriors",2018,"0021700100","20171030",-0.7,7.15,FALSE
201939,"Stephen Curry","1610612744","Golden State Warriors",2018,"0021700100","20171030",23.3,6.05,TRUE
201939,"Stephen Curry","1610612744","Golden State Warriors",2018,"0021700100","20171030",3.5,18.75,TRUE
201939,"Stephen Curry","1610612744","Golden State Warriors",2018,"0021700100","20171030",-15.4,25.35,TRUE
201939,"Stephen Curry","1610612744","Golden State Warriors",2018,"0021700100","20171030",16.5,25.85,TRUE
201939,"Stephen Curry","1610612744","Golden State Warriors",2018,"0021700100","20171030",-1.2,30.95,TRUE
201939,"Stephen Curry","1610612744","Golden State Warriors",2018,"0021700117","20171102",-21.8,17.25,FALSE
201939,"Stephen Curry","1610612744","Golden State Warriors",2018,"0021700117","20171102",-7,7.45,FALSE
201939,"Stephen Curry","1610612744","Golden State Warriors",2018,"0021700117","20171102",-0.3,7.65,TRUE
201939,"Stephen Curry","1610612744","Golden State Warriors",2018,"0021700117","20171102",-8.7,29.15,TRUE
201939,"Stephen Curry","1610612744","Golden State Warriors",2018,"0021700117","20171102",-22.9,12.75,TRUE
201939,"Stephen Curry","1610612744","Golden State Warriors",2018,"0021700117","20171102",-9.8,28.35,TRUE
201939,"Stephen Curry","1610612744","Golden State Warriors",2018,"0021700117","20171102",-0.7,8.25,TRUE
201939,"Stephen Curry","1610612744","Golden State Warriors",2018,"0021700117","20171102",-3.5,21.15,TRUE
201939,"Stephen Curry","1610612744","Golden State Warriors",2018,"0021700117","20171102",1.8,5.25,FALSE
201939,"Stephen Curry","1610612744","Golden State Warriors",2018,"0021700117","20171102",9.2,11.55,FALSE
201939,"Stephen Curry","1610612744","Golden State Warriors",2018,"0021700117","20171102",-5.5,26.45,FALSE
201939,"Stephen Curry","1610612744","Golden State Warriors",2018,"0021700117","20171102",0.3,6.55,TRUE
201939,"Stephen Curry","1610612744","Golden State Warriors",2018,"0021700117","20171102",15.8,15.65,FALSE
201939,"Stephen Curry","1610612744","Golden State Warriors",2018,"0021700135","20171104",7.1,29.55,FALSE
201939,"Stephen Curry","1610612744","Golden State Warriors",2018,"0021700135","20171104",2.1,22.15,FALSE
201939,"Stephen Curry","1610612744","Golden State Warriors",2018,"0021700135","20171104",-10.9,11.85,TRUE
201939,"Stephen Curry","1610612744","Golden State Warriors",2018,"0021700135","20171104",-3.6,15.15,FALSE
201939,"Stephen Curry","1610612744","Golden State Warriors",2018,"0021700135","20171104",-17,25.55,FALSE
201939,"Stephen Curry","1610612744","Golden State Warriors",2018,"0021700135","20171104",-16.3,24.15,TRUE
201939,"Stephen Curry","1610612744","Golden State Warriors",2018,"0021700135","20171104",-23.6,7.85,TRUE
201939,"Stephen Curry","1610612744","Golden State Warriors",2018,"0021700135","20171104",14,27.85,FALSE
201939,"Stephen Curry","1610612744","Golden State Warriors",2018,"0021700135","20171104",23.7,9.45,TRUE
201939,"Stephen Curry","1610612744","Golden State Warriors",2018,"0021700135","20171104",-8,28.55,TRUE
201939,"Stephen Curry","1610612744","Golden State Warriors",2018,"0021700135","20171104",-20.1,20.55,FALSE
201939,"Stephen Curry","1610612744","Golden State Warriors",2018,"0021700135","20171104",0.1,30.45,FALSE
201939,"Stephen Curry","1610612744","Golden State Warriors",2018,"0021700135","20171104",-11.4,13.65,TRUE
201939,"Stephen Curry","1610612744","Golden State Warriors",2018,"0021700135","20171104",13.1,27.85,TRUE
201939,"Stephen Curry","1610612744","Golden State Warriors",2018,"0021700148","20171106",11.2,16.35,FALSE
201939,"Stephen Curry","1610612744","Golden State Warriors",2018,"0021700148","20171106",8.4,33.25,FALSE
201939,"Stephen Curry","1610612744","Golden State Warriors",2018,"0021700148","20171106",0.7,13.15,FALSE
201939,"Stephen Curry","1610612744","Golden State Warriors",2018,"0021700148","20171106",19.4,6.55,FALSE
201939,"Stephen Curry","1610612744","Golden State Warriors",2018,"0021700148","20171106",0.1,15.65,FALSE
201939,"Stephen Curry","1610612744","Golden State Warriors",2018,"0021700148","20171106",-2.6,31.15,FALSE
201939,"Stephen Curry","1610612744","Golden State Warriors",2018,"0021700148","20171106",0.8,8.65,TRUE
201939,"Stephen Curry","1610612744","Golden State Warriors",2018,"0021700148","20171106",-5.8,29.95,FALSE
201939,"Stephen Curry","1610612744","Golden State Warriors",2018,"0021700148","20171106",22.9,17.75,FALSE
201939,"Stephen Curry","1610612744","Golden State Warriors",2018,"0021700148","20171106",12.8,27.45,TRUE
201939,"Stephen Curry","1610612744","Golden State Warriors",2018,"0021700148","20171106",0.6,7.65,FALSE
201939,"Stephen Curry","1610612744","Golden State Warriors",2018,"0021700148","20171106",-9.8,17.35,TRUE
201939,"Stephen Curry","1610612744","Golden State Warriors",2018,"0021700148","20171106",19,21.95,FALSE
201939,"Stephen Curry","1610612744","Golden State Warriors",2018,"0021700148","20171106",-9.4,29.45,FALSE
201939,"Stephen Curry","1610612744","Golden State Warriors",2018,"0021700148","20171106",0,8.65,FALSE
201939,"Stephen Curry","1610612744","Golden State Warriors",2018,"0021700148","20171106",11.9,9.95,TRUE
201939,"Stephen Curry","1610612744","Golden State Warriors",2018,"0021700148","20171106",10.3,27.35,FALSE
201939,"Stephen Curry","1610612744","Golden State Warriors",2018,"0021700148","20171106",-0.6,7.25,FALSE
201939,"Stephen Curry","1610612744","Golden State Warriors",2018,"0021700148","20171106",11.6,28.15,TRUE
201939,"Stephen Curry","1610612744","Golden State Warriors",2018,"0021700163","20171108",-1.6,16.75,TRUE
201939,"Stephen Curry","1610612744","Golden State Warriors",2018,"0021700163","20171108",9.2,22.15,FALSE
201939,"Stephen Curry","1610612744","Golden State Warriors",2018,"0021700163","20171108",12.8,18.65,FALSE
201939,"Stephen Curry","1610612744","Golden State Warriors",2018,"0021700163","20171108",0.7,31.15,FALSE
201939,"Stephen Curry","1610612744","Golden State Warriors",2018,"0021700163","20171108",-12.9,27.25,TRUE
201939,"Stephen Curry","1610612744","Golden State Warriors",2018,"0021700163","20171108",0.5,6.05,FALSE
201939,"Stephen Curry","1610612744","Golden State Warriors",2018,"0021700163","20171108",-1.4,31.15,FALSE
201939,"Stephen Curry","1610612744","Golden State Warriors",2018,"0021700163","20171108",-4.9,26.85,TRUE
201939,"Stephen Curry","1610612744","Golden State Warriors",2018,"0021700163","20171108",16.3,26.75,TRUE
201939,"Stephen Curry","1610612744","Golden State Warriors",2018,"0021700163","20171108",6.7,17.95,TRUE
201939,"Stephen Curry","1610612744","Golden State Warriors",2018,"0021700163","20171108",-13,27.25,FALSE
201939,"Stephen Curry","1610612744","Golden State Warriors",2018,"0021700163","20171108",-9.6,4.05,TRUE
201939,"Stephen Curry","1610612744","Golden State Warriors",2018,"0021700163","20171108",15.5,24.75,FALSE
201939,"Stephen Curry","1610612744","Golden State Warriors",2018,"0021700163","20171108",-0.7,20.25,TRUE
201939,"Stephen Curry","1610612744","Golden State Warriors",2018,"0021700163","20171108",-11.6,28.85,FALSE
201939,"Stephen Curry","1610612744","Golden State Warriors",2018,"0021700163","20171108",1.5,7.15,FALSE
201939,"Stephen Curry","1610612744","Golden State Warriors",2018,"0021700184","20171111",23.1,3.65,FALSE
201939,"Stephen Curry","1610612744","Golden State Warriors",2018,"0021700184","20171111",20.5,19.75,TRUE
201939,"Stephen Curry","1610612744","Golden State Warriors",2018,"0021700184","20171111",10.3,18.15,FALSE
201939,"Stephen Curry","1610612744","Golden State Warriors",2018,"0021700184","20171111",-19,21.45,FALSE
201939,"Stephen Curry","1610612744","Golden State Warriors",2018,"0021700184","20171111",-5.8,31.25,TRUE
201939,"Stephen Curry","1610612744","Golden State Warriors",2018,"0021700184","20171111",15.7,18.85,TRUE
201939,"Stephen Curry","1610612744","Golden State Warriors",2018,"0021700184","20171111",10.8,20.25,FALSE
201939,"Stephen Curry","1610612744","Golden State Warriors",2018,"0021700184","20171111",0.3,22.65,TRUE
201939,"Stephen Curry","1610612744","Golden State Warriors",2018,"0021700184","20171111",1.8,31.65,FALSE
201939,"Stephen Curry","1610612744","Golden State Warriors",2018,"0021700184","20171111",19.7,25.15,TRUE
201939,"Stephen Curry","1610612744","Golden State Warriors",2018,"0021700184","20171111",6.7,30.15,FALSE
201939,"Stephen Curry","1610612744","Golden State Warriors",2018,"0021700184","20171111",-13.8,26.75,FALSE
201939,"Stephen Curry","1610612744","Golden State Warriors",2018,"0021700215","20171116",7.8,30.95,TRUE
201939,"Stephen Curry","1610612744","Golden State Warriors",2018,"0021700215","20171116",13.6,27.65,FALSE
201939,"Stephen Curry","1610612744","Golden State Warriors",2018,"0021700215","20171116",-6.5,18.95,FALSE
201939,"Stephen Curry","1610612744","Golden State Warriors",2018,"0021700215","20171116",0.6,6.85,FALSE
201939,"Stephen Curry","1610612744","Golden State Warriors",2018,"0021700215","20171116",-10,32.05,FALSE
201939,"Stephen Curry","1610612744","Golden State Warriors",2018,"0021700215","20171116",4.2,12.65,FALSE
201939,"Stephen Curry","1610612744","Golden State Warriors",2018,"0021700215","20171116",-10,23.25,FALSE
201939,"Stephen Curry","1610612744","Golden State Warriors",2018,"0021700215","20171116",12.9,28.45,FALSE
201939,"Stephen Curry","1610612744","Golden State Warriors",2018,"0021700215","20171116",13.6,26.85,FALSE
201939,"Stephen Curry","1610612744","Golden State Warriors",2018,"0021700215","20171116",-0.4,5.75,TRUE
201939,"Stephen Curry","1610612744","Golden State Warriors",2018,"0021700215","20171116",12.1,26.95,TRUE
201939,"Stephen Curry","1610612744","Golden State Warriors",2018,"0021700215","20171116",19.2,20.55,FALSE
201939,"Stephen Curry","1610612744","Golden State Warriors",2018,"0021700215","20171116",-19.3,21.15,FALSE
201939,"Stephen Curry","1610612744","Golden State Warriors",2018,"0021700215","20171116",-12.7,26.35,FALSE
201939,"Stephen Curry","1610612744","Golden State Warriors",2018,"0021700231","20171118",-10.2,25.45,FALSE
201939,"Stephen Curry","1610612744","Golden State Warriors",2018,"0021700231","20171118",-2.5,6.45,TRUE
201939,"Stephen Curry","1610612744","Golden State Warriors",2018,"0021700231","20171118",-12.8,3.55,FALSE
201939,"Stephen Curry","1610612744","Golden State Warriors",2018,"0021700231","20171118",-13.6,29.15,FALSE
201939,"Stephen Curry","1610612744","Golden State Warriors",2018,"0021700231","20171118",5.5,22.55,TRUE
201939,"Stephen Curry","1610612744","Golden State Warriors",2018,"0021700231","20171118",12.3,19.85,TRUE
201939,"Stephen Curry","1610612744","Golden State Warriors",2018,"0021700231","20171118",16.3,19.75,FALSE
201939,"Stephen Curry","1610612744","Golden State Warriors",2018,"0021700231","20171118",12.1,20.05,TRUE
201939,"Stephen Curry","1610612744","Golden State Warriors",2018,"0021700231","20171118",4,11.75,FALSE
201939,"Stephen Curry","1610612744","Golden State Warriors",2018,"0021700231","20171118",1.1,19.65,TRUE
201939,"Stephen Curry","1610612744","Golden State Warriors",2018,"0021700231","20171118",-0.1,34.85,FALSE
201939,"Stephen Curry","1610612744","Golden State Warriors",2018,"0021700231","20171118",15.5,25.95,FALSE
201939,"Stephen Curry","1610612744","Golden State Warriors",2018,"0021700231","20171118",0.7,17.95,FALSE
201939,"Stephen Curry","1610612744","Golden State Warriors",2018,"0021700231","20171118",9.4,30.95,FALSE
201939,"Stephen Curry","1610612744","Golden State Warriors",2018,"0021700231","20171118",-8.8,24.65,TRUE
201939,"Stephen Curry","1610612744","Golden State Warriors",2018,"0021700231","20171118",14,28.15,TRUE
201939,"Stephen Curry","1610612744","Golden State Warriors",2018,"0021700231","20171118",-7.2,24.55,TRUE
201939,"Stephen Curry","1610612744","Golden State Warriors",2018,"0021700231","20171118",-9.4,28.45,TRUE
201939,"Stephen Curry","1610612744","Golden State Warriors",2018,"0021700231","20171118",-14.1,29.35,TRUE
201939,"Stephen Curry","1610612744","Golden State Warriors",2018,"0021700231","20171118",-10.5,20.25,FALSE
201939,"Stephen Curry","1610612744","Golden State Warriors",2018,"0021700231","20171118",-10.6,31.85,TRUE
201939,"Stephen Curry","1610612744","Golden State Warriors",2018,"0021700231","20171118",-14.2,27.05,FALSE
201939,"Stephen Curry","1610612744","Golden State Warriors",2018,"0021700236","20171119",-8.3,19.05,TRUE
201939,"Stephen Curry","1610612744","Golden State Warriors",2018,"0021700236","20171119",-12,30.55,FALSE
201939,"Stephen Curry","1610612744","Golden State Warriors",2018,"0021700236","20171119",3.5,25.85,TRUE
201939,"Stephen Curry","1610612744","Golden State Warriors",2018,"0021700236","20171119",-0.5,7.35,TRUE
201939,"Stephen Curry","1610612744","Golden State Warriors",2018,"0021700236","20171119",9.6,15.85,FALSE
201939,"Stephen Curry","1610612744","Golden State Warriors",2018,"0021700236","20171119",-4,30.85,TRUE
201939,"Stephen Curry","1610612744","Golden State Warriors",2018,"0021700236","20171119",-5.1,29.25,TRUE
201939,"Stephen Curry","1610612744","Golden State Warriors",2018,"0021700236","20171119",-20.7,20.25,FALSE
201939,"Stephen Curry","1610612744","Golden State Warriors",2018,"0021700236","20171119",20,20.45,FALSE
201939,"Stephen Curry","1610612744","Golden State Warriors",2018,"0021700236","20171119",23,5.35,FALSE
201939,"Stephen Curry","1610612744","Golden State Warriors",2018,"0021700236","20171119",-9.6,19.25,TRUE
201939,"Stephen Curry","1610612744","Golden State Warriors",2018,"0021700236","20171119",4.7,29.45,TRUE
201939,"Stephen Curry","1610612744","Golden State Warriors",2018,"0021700236","20171119",-1.6,5.25,TRUE
201939,"Stephen Curry","1610612744","Golden State Warriors",2018,"0021700236","20171119",17.9,19.55,FALSE
201939,"Stephen Curry","1610612744","Golden State Warriors",2018,"0021700236","20171119",1.9,5.95,TRUE
201939,"Stephen Curry","1610612744","Golden State Warriors",2018,"0021700236","20171119",-6.7,7.75,FALSE
201939,"Stephen Curry","1610612744","Golden State Warriors",2018,"0021700236","20171119",1.3,24.15,TRUE
201939,"Stephen Curry","1610612744","Golden State Warriors",2018,"0021700236","20171119",-22.1,6.55,FALSE
201939,"Stephen Curry","1610612744","Golden State Warriors",2018,"0021700236","20171119",-20.1,19.35,FALSE
201939,"Stephen Curry","1610612744","Golden State Warriors",2018,"0021700236","20171119",-2.9,19.45,TRUE
201939,"Stephen Curry","1610612744","Golden State Warriors",2018,"0021700236","20171119",3.5,7.75,TRUE
201939,"Stephen Curry","1610612744","Golden State Warriors",2018,"0021700236","20171119",20.3,20.15,TRUE
201939,"Stephen Curry","1610612744","Golden State Warriors",2018,"0021700236","20171119",-0.3,4.25,TRUE
201939,"Stephen Curry","1610612744","Golden State Warriors",2018,"0021700236","20171119",11.5,18.95,FALSE
201939,"Stephen Curry","1610612744","Golden State Warriors",2018,"0021700263","20171122",22.9,13.85,FALSE
201939,"Stephen Curry","1610612744","Golden State Warriors",2018,"0021700263","20171122",-6.2,20.65,FALSE
201939,"Stephen Curry","1610612744","Golden State Warriors",2018,"0021700263","20171122",0.7,5.25,TRUE
201939,"Stephen Curry","1610612744","Golden State Warriors",2018,"0021700263","20171122",-16.6,23.15,TRUE
201939,"Stephen Curry","1610612744","Golden State Warriors",2018,"0021700263","20171122",-0.5,19.05,TRUE
201939,"Stephen Curry","1610612744","Golden State Warriors",2018,"0021700263","20171122",-11.9,21.65,FALSE
201939,"Stephen Curry","1610612744","Golden State Warriors",2018,"0021700263","20171122",-1.3,32.25,FALSE
201939,"Stephen Curry","1610612744","Golden State Warriors",2018,"0021700263","20171122",-22.6,14.45,FALSE
201939,"Stephen Curry","1610612744","Golden State Warriors",2018,"0021700263","20171122",22.5,13.35,TRUE
201939,"Stephen Curry","1610612744","Golden State Warriors",2018,"0021700263","20171122",0.6,6.45,TRUE
201939,"Stephen Curry","1610612744","Golden State Warriors",2018,"0021700263","20171122",1,5.75,TRUE
201939,"Stephen Curry","1610612744","Golden State Warriors",2018,"0021700263","20171122",-0.9,6.05,FALSE
201939,"Stephen Curry","1610612744","Golden State Warriors",2018,"0021700263","20171122",-18.2,21.65,FALSE
201939,"Stephen Curry","1610612744","Golden State Warriors",2018,"0021700263","20171122",-15.2,25.15,FALSE
201939,"Stephen Curry","1610612744","Golden State Warriors",2018,"0021700263","20171122",-0.1,5.55,TRUE
201939,"Stephen Curry","1610612744","Golden State Warriors",2018,"0021700263","20171122",-8.8,23.75,TRUE
201939,"Stephen Curry","1610612744","Golden State Warriors",2018,"0021700263","20171122",-13.1,5.55,FALSE
201939,"Stephen Curry","1610612744","Golden State Warriors",2018,"0021700263","20171122",-8.3,30.25,TRUE
201939,"Stephen Curry","1610612744","Golden State Warriors",2018,"0021700276","20171124",1.9,6.35,TRUE
201939,"Stephen Curry","1610612744","Golden State Warriors",2018,"0021700276","20171124",-14.1,26.95,FALSE
201939,"Stephen Curry","1610612744","Golden State Warriors",2018,"0021700276","20171124",-14.6,25.35,TRUE
201939,"Stephen Curry","1610612744","Golden State Warriors",2018,"0021700276","20171124",-4.6,20.65,TRUE
201939,"Stephen Curry","1610612744","Golden State Warriors",2018,"0021700276","20171124",11,34.15,FALSE
201939,"Stephen Curry","1610612744","Golden State Warriors",2018,"0021700276","20171124",0.5,6.55,TRUE
201939,"Stephen Curry","1610612744","Golden State Warriors",2018,"0021700276","20171124",22.4,6.05,TRUE
201939,"Stephen Curry","1610612744","Golden State Warriors",2018,"0021700276","20171124",2.9,33.25,TRUE
201939,"Stephen Curry","1610612744","Golden State Warriors",2018,"0021700276","20171124",1.8,31.25,FALSE
201939,"Stephen Curry","1610612744","Golden State Warriors",2018,"0021700276","20171124",-1,6.75,TRUE
201939,"Stephen Curry","1610612744","Golden State Warriors",2018,"0021700276","20171124",2.4,6.95,TRUE
201939,"Stephen Curry","1610612744","Golden State Warriors",2018,"0021700276","20171124",-17.1,24.55,TRUE
201939,"Stephen Curry","1610612744","Golden State Warriors",2018,"0021700276","20171124",-10.7,30.35,FALSE
201939,"Stephen Curry","1610612744","Golden State Warriors",2018,"0021700276","20171124",1.6,5.35,TRUE
201939,"Stephen Curry","1610612744","Golden State Warriors",2018,"0021700276","20171124",-3.5,18.25,FALSE
201939,"Stephen Curry","1610612744","Golden State Warriors",2018,"0021700276","20171124",-10,29.45,FALSE
201939,"Stephen Curry","1610612744","Golden State Warriors",2018,"0021700276","20171124",22.5,5.15,FALSE
201939,"Stephen Curry","1610612744","Golden State Warriors",2018,"0021700276","20171124",0.9,33.75,FALSE
201939,"Stephen Curry","1610612744","Golden State Warriors",2018,"0021700284","20171125",15.5,27.85,FALSE
201939,"Stephen Curry","1610612744","Golden State Warriors",2018,"0021700284","20171125",-17.2,26.35,FALSE
201939,"Stephen Curry","1610612744","Golden State Warriors",2018,"0021700284","20171125",-1.8,6.85,FALSE
201939,"Stephen Curry","1610612744","Golden State Warriors",2018,"0021700284","20171125",-13.6,20.05,FALSE
201939,"Stephen Curry","1610612744","Golden State Warriors",2018,"0021700284","20171125",8.2,29.95,FALSE
201939,"Stephen Curry","1610612744","Golden State Warriors",2018,"0021700284","20171125",-2.2,15.85,FALSE
201939,"Stephen Curry","1610612744","Golden State Warriors",2018,"0021700284","20171125",23.2,6.75,FALSE
201939,"Stephen Curry","1610612744","Golden State Warriors",2018,"0021700284","20171125",8.3,42.65,FALSE
201939,"Stephen Curry","1610612744","Golden State Warriors",2018,"0021700284","20171125",2.8,34.35,FALSE
201939,"Stephen Curry","1610612744","Golden State Warriors",2018,"0021700284","20171125",0.7,8.35,FALSE
201939,"Stephen Curry","1610612744","Golden State Warriors",2018,"0021700284","20171125",11.5,19.95,TRUE
201939,"Stephen Curry","1610612744","Golden State Warriors",2018,"0021700284","20171125",-14.1,19.45,TRUE
201939,"Stephen Curry","1610612744","Golden State Warriors",2018,"0021700284","20171125",11.1,26.75,FALSE
201939,"Stephen Curry","1610612744","Golden State Warriors",2018,"0021700284","20171125",-4.9,27.45,TRUE
201939,"Stephen Curry","1610612744","Golden State Warriors",2018,"0021700284","20171125",-2,6.05,TRUE
201939,"Stephen Curry","1610612744","Golden State Warriors",2018,"0021700284","20171125",-11.2,20.55,FALSE
201939,"Stephen Curry","1610612744","Golden State Warriors",2018,"0021700284","20171125",22.6,3.75,FALSE
201939,"Stephen Curry","1610612744","Golden State Warriors",2018,"0021700284","20171125",-4,33.55,TRUE
201939,"Stephen Curry","1610612744","Golden State Warriors",2018,"0021700284","20171125",22.6,13.65,TRUE
201939,"Stephen Curry","1610612744","Golden State Warriors",2018,"0021700284","20171125",16.1,26.35,FALSE
201939,"Stephen Curry","1610612744","Golden State Warriors",2018,"0021700284","20171125",0.4,30.35,FALSE
201939,"Stephen Curry","1610612744","Golden State Warriors",2018,"0021700284","20171125",10.1,4.25,FALSE
201939,"Stephen Curry","1610612744","Golden State Warriors",2018,"0021700284","20171125",-14.1,15.55,TRUE
201939,"Stephen Curry","1610612744","Golden State Warriors",2018,"0021700284","20171125",1.9,6.05,TRUE
201939,"Stephen Curry","1610612744","Golden State Warriors",2018,"0021700284","20171125",-9.9,29.45,TRUE
201939,"Stephen Curry","1610612744","Golden State Warriors",2018,"0021700312","20171129",-13.8,16.55,FALSE
201939,"Stephen Curry","1610612744","Golden State Warriors",2018,"0021700312","20171129",17.1,25.15,FALSE
201939,"Stephen Curry","1610612744","Golden State Warriors",2018,"0021700312","20171129",0.9,7.55,FALSE
201939,"Stephen Curry","1610612744","Golden State Warriors",2018,"0021700312","20171129",-10,29.55,FALSE
201939,"Stephen Curry","1610612744","Golden State Warriors",2018,"0021700312","20171129",0.1,6.35,TRUE
201939,"Stephen Curry","1610612744","Golden State Warriors",2018,"0021700312","20171129",0.8,8.05,TRUE
201939,"Stephen Curry","1610612744","Golden State Warriors",2018,"0021700312","20171129",0.5,8.15,FALSE
201939,"Stephen Curry","1610612744","Golden State Warriors",2018,"0021700312","20171129",1.1,7.25,FALSE
201939,"Stephen Curry","1610612744","Golden State Warriors",2018,"0021700312","20171129",-16.7,24.75,FALSE
201939,"Stephen Curry","1610612744","Golden State Warriors",2018,"0021700312","20171129",0.7,7.45,TRUE
201939,"Stephen Curry","1610612744","Golden State Warriors",2018,"0021700312","20171129",21,20.25,TRUE
201939,"Stephen Curry","1610612744","Golden State Warriors",2018,"0021700312","20171129",11.8,28.95,FALSE
201939,"Stephen Curry","1610612744","Golden State Warriors",2018,"0021700312","20171129",22.2,7.95,FALSE
201939,"Stephen Curry","1610612744","Golden State Warriors",2018,"0021700312","20171129",5.9,18.45,TRUE
201939,"Stephen Curry","1610612744","Golden State Warriors",2018,"0021700312","20171129",23.4,7.45,FALSE
201939,"Stephen Curry","1610612744","Golden State Warriors",2018,"0021700312","20171129",0.2,6.95,TRUE
201939,"Stephen Curry","1610612744","Golden State Warriors",2018,"0021700312","20171129",10.7,24.05,FALSE
201939,"Stephen Curry","1610612744","Golden State Warriors",2018,"0021700312","20171129",-13.6,27.45,TRUE
201939,"Stephen Curry","1610612744","Golden State Warriors",2018,"0021700312","20171129",-12.2,28.85,TRUE
201939,"Stephen Curry","1610612744","Golden State Warriors",2018,"0021700312","20171129",19,9.85,TRUE
201939,"Stephen Curry","1610612744","Golden State Warriors",2018,"0021700318","20171201",-6,19.95,FALSE
201939,"Stephen Curry","1610612744","Golden State Warriors",2018,"0021700318","20171201",-1.9,30.95,TRUE
201939,"Stephen Curry","1610612744","Golden State Warriors",2018,"0021700318","20171201",14.4,12.75,TRUE
201939,"Stephen Curry","1610612744","Golden State Warriors",2018,"0021700318","20171201",12.6,27.75,FALSE
201939,"Stephen Curry","1610612744","Golden State Warriors",2018,"0021700318","20171201",5.2,16.25,TRUE
201939,"Stephen Curry","1610612744","Golden State Warriors",2018,"0021700318","20171201",-11.6,27.35,TRUE
201939,"Stephen Curry","1610612744","Golden State Warriors",2018,"0021700318","20171201",17,24.65,FALSE
201939,"Stephen Curry","1610612744","Golden State Warriors",2018,"0021700318","20171201",8.1,33.15,TRUE
201939,"Stephen Curry","1610612744","Golden State Warriors",2018,"0021700318","20171201",0.2,8.05,TRUE
201939,"Stephen Curry","1610612744","Golden State Warriors",2018,"0021700318","20171201",-9.3,31.25,FALSE
201939,"Stephen Curry","1610612744","Golden State Warriors",2018,"0021700318","20171201",14.5,10.35,FALSE
201939,"Stephen Curry","1610612744","Golden State Warriors",2018,"0021700318","20171201",10.2,12.35,FALSE
201939,"Stephen Curry","1610612744","Golden State Warriors",2018,"0021700318","20171201",-4.9,21.95,TRUE
201939,"Stephen Curry","1610612744","Golden State Warriors",2018,"0021700318","20171201",-1.1,7.75,TRUE
201939,"Stephen Curry","1610612744","Golden State Warriors",2018,"0021700318","20171201",-9.2,26.65,FALSE
201939,"Stephen Curry","1610612744","Golden State Warriors",2018,"0021700318","20171201",-0.3,6.75,FALSE
201939,"Stephen Curry","1610612744","Golden State Warriors",2018,"0021700318","20171201",22.6,6.95,FALSE
201939,"Stephen Curry","1610612744","Golden State Warriors",2018,"0021700318","20171201",-4.6,18.75,TRUE
201939,"Stephen Curry","1610612744","Golden State Warriors",2018,"0021700318","20171201",-0.7,8.25,FALSE
201939,"Stephen Curry","1610612744","Golden State Warriors",2018,"0021700318","20171201",-11.9,29.35,FALSE
201939,"Stephen Curry","1610612744","Golden State Warriors",2018,"0021700335","20171203",1.6,6.25,FALSE
201939,"Stephen Curry","1610612744","Golden State Warriors",2018,"0021700335","20171203",-13.8,20.75,TRUE
201939,"Stephen Curry","1610612744","Golden State Warriors",2018,"0021700335","20171203",17.4,24.95,TRUE
201939,"Stephen Curry","1610612744","Golden State Warriors",2018,"0021700335","20171203",-0.6,7.35,TRUE
201939,"Stephen Curry","1610612744","Golden State Warriors",2018,"0021700335","20171203",-0.9,30.95,FALSE
201939,"Stephen Curry","1610612744","Golden State Warriors",2018,"0021700335","20171203",23.1,6.05,TRUE
201939,"Stephen Curry","1610612744","Golden State Warriors",2018,"0021700335","20171203",12.7,30.45,TRUE
201939,"Stephen Curry","1610612744","Golden State Warriors",2018,"0021700335","20171203",22.8,11.45,FALSE
201939,"Stephen Curry","1610612744","Golden State Warriors",2018,"0021700335","20171203",-20.5,7.55,TRUE
201939,"Stephen Curry","1610612744","Golden State Warriors",2018,"0021700335","20171203",0.7,5.85,TRUE
201939,"Stephen Curry","1610612744","Golden State Warriors",2018,"0021700335","20171203",20.3,20.05,TRUE
201939,"Stephen Curry","1610612744","Golden State Warriors",2018,"0021700335","20171203",0,6.65,TRUE
201939,"Stephen Curry","1610612744","Golden State Warriors",2018,"0021700335","20171203",20.1,20.55,TRUE
201939,"Stephen Curry","1610612744","Golden State Warriors",2018,"0021700335","20171203",0.5,5.25,TRUE
201939,"Stephen Curry","1610612744","Golden State Warriors",2018,"0021700335","20171203",-13.9,28.45,FALSE
201939,"Stephen Curry","1610612744","Golden State Warriors",2018,"0021700335","20171203",-16.6,25.15,FALSE
201939,"Stephen Curry","1610612744","Golden State Warriors",2018,"0021700346","20171204",-22.1,18.85,TRUE
201939,"Stephen Curry","1610612744","Golden State Warriors",2018,"0021700346","20171204",22.2,12.65,FALSE
201939,"Stephen Curry","1610612744","Golden State Warriors",2018,"0021700346","20171204",-21.7,17.95,FALSE
201939,"Stephen Curry","1610612744","Golden State Warriors",2018,"0021700346","20171204",-7.6,31.85,FALSE
201939,"Stephen Curry","1610612744","Golden State Warriors",2018,"0021700346","20171204",21.4,5.75,TRUE
201939,"Stephen Curry","1610612744","Golden State Warriors",2018,"0021700346","20171204",-19,23.95,FALSE
201939,"Stephen Curry","1610612744","Golden State Warriors",2018,"0021700346","20171204",-0.7,6.35,TRUE
201939,"Stephen Curry","1610612744","Golden State Warriors",2018,"0021700346","20171204",1.9,6.05,FALSE
201939,"Stephen Curry","1610612744","Golden State Warriors",2018,"0021700346","20171204",-6.6,27.15,FALSE
201939,"Stephen Curry","1610612744","Golden State Warriors",2018,"0021700346","20171204",4.3,13.15,FALSE
201939,"Stephen Curry","1610612744","Golden State Warriors",2018,"0021700346","20171204",9.4,30.85,TRUE
201939,"Stephen Curry","1610612744","Golden State Warriors",2018,"0021700346","20171204",13.7,27.75,TRUE
201939,"Stephen Curry","1610612744","Golden State Warriors",2018,"0021700346","20171204",1.1,12.65,FALSE
201939,"Stephen Curry","1610612744","Golden State Warriors",2018,"0021700346","20171204",-8.9,29.85,FALSE
201939,"Stephen Curry","1610612744","Golden State Warriors",2018,"0021700346","20171204",23.6,3.05,TRUE
201939,"Stephen Curry","1610612744","Golden State Warriors",2018,"0021700346","20171204",-12.7,28.35,FALSE
201939,"Stephen Curry","1610612744","Golden State Warriors",2018,"0021700346","20171204",1.6,5.95,TRUE
201939,"Stephen Curry","1610612744","Golden State Warriors",2018,"0021700346","20171204",18.2,24.95,TRUE
201939,"Stephen Curry","1610612744","Golden State Warriors",2018,"0021700346","20171204",-2.4,8.45,TRUE
201939,"Stephen Curry","1610612744","Golden State Warriors",2018,"0021700535","20171230",1.4,7.35,TRUE
201939,"Stephen Curry","1610612744","Golden State Warriors",2018,"0021700535","20171230",-1.8,31.55,TRUE
201939,"Stephen Curry","1610612744","Golden State Warriors",2018,"0021700535","20171230",13.2,31.55,FALSE
201939,"Stephen Curry","1610612744","Golden State Warriors",2018,"0021700535","20171230",0.1,7.05,TRUE
201939,"Stephen Curry","1610612744","Golden State Warriors",2018,"0021700535","20171230",-12.8,29.35,TRUE
201939,"Stephen Curry","1610612744","Golden State Warriors",2018,"0021700535","20171230",-7.6,31.05,TRUE
201939,"Stephen Curry","1610612744","Golden State Warriors",2018,"0021700535","20171230",-21.4,19.35,FALSE
201939,"Stephen Curry","1610612744","Golden State Warriors",2018,"0021700535","20171230",23.2,9.85,TRUE
201939,"Stephen Curry","1610612744","Golden State Warriors",2018,"0021700535","20171230",18.5,24.05,TRUE
201939,"Stephen Curry","1610612744","Golden State Warriors",2018,"0021700535","20171230",-10.7,20.05,TRUE
201939,"Stephen Curry","1610612744","Golden State Warriors",2018,"0021700535","20171230",-8.4,30.75,TRUE
201939,"Stephen Curry","1610612744","Golden State Warriors",2018,"0021700535","20171230",-19.1,24.15,TRUE
201939,"Stephen Curry","1610612744","Golden State Warriors",2018,"0021700535","20171230",-0.8,6.75,FALSE
201939,"Stephen Curry","1610612744","Golden State Warriors",2018,"0021700535","20171230",-23,11.45,TRUE
201939,"Stephen Curry","1610612744","Golden State Warriors",2018,"0021700535","20171230",22.8,3.95,TRUE
201939,"Stephen Curry","1610612744","Golden State Warriors",2018,"0021700535","20171230",-11.4,30.85,FALSE
201939,"Stephen Curry","1610612744","Golden State Warriors",2018,"0021700535","20171230",-7.8,29.55,TRUE
201939,"Stephen Curry","1610612744","Golden State Warriors",2018,"0021700562","20180103",22.2,10.45,FALSE
201939,"Stephen Curry","1610612744","Golden State Warriors",2018,"0021700562","20180103",-9,33.75,TRUE
201939,"Stephen Curry","1610612744","Golden State Warriors",2018,"0021700562","20180103",15,25.65,FALSE
201939,"Stephen Curry","1610612744","Golden State Warriors",2018,"0021700562","20180103",-11.9,10.45,TRUE
201939,"Stephen Curry","1610612744","Golden State Warriors",2018,"0021700562","20180103",8.6,7.75,TRUE
201939,"Stephen Curry","1610612744","Golden State Warriors",2018,"0021700562","20180103",0.6,30.95,TRUE
201939,"Stephen Curry","1610612744","Golden State Warriors",2018,"0021700562","20180103",5.8,7.45,FALSE
201939,"Stephen Curry","1610612744","Golden State Warriors",2018,"0021700562","20180103",18.5,20.75,TRUE
201939,"Stephen Curry","1610612744","Golden State Warriors",2018,"0021700562","20180103",0.9,5.35,TRUE
201939,"Stephen Curry","1610612744","Golden State Warriors",2018,"0021700562","20180103",7.9,28.15,TRUE
201939,"Stephen Curry","1610612744","Golden State Warriors",2018,"0021700562","20180103",22,10.45,FALSE
201939,"Stephen Curry","1610612744","Golden State Warriors",2018,"0021700562","20180103",20.7,20.75,FALSE
201939,"Stephen Curry","1610612744","Golden State Warriors",2018,"0021700562","20180103",9.6,30.85,TRUE
201939,"Stephen Curry","1610612744","Golden State Warriors",2018,"0021700562","20180103",-10,29.95,FALSE
201939,"Stephen Curry","1610612744","Golden State Warriors",2018,"0021700562","20180103",23.4,5.75,FALSE
201939,"Stephen Curry","1610612744","Golden State Warriors",2018,"0021700562","20180103",-0.8,6.25,TRUE
201939,"Stephen Curry","1610612744","Golden State Warriors",2018,"0021700562","20180103",-1.3,5.35,TRUE
201939,"Stephen Curry","1610612744","Golden State Warriors",2018,"0021700562","20180103",15.3,28.35,FALSE
201939,"Stephen Curry","1610612744","Golden State Warriors",2018,"0021700562","20180103",-0.3,32.65,TRUE
201939,"Stephen Curry","1610612744","Golden State Warriors",2018,"0021700566","20180104",-22.8,7.35,FALSE
201939,"Stephen Curry","1610612744","Golden State Warriors",2018,"0021700566","20180104",20.5,18.65,TRUE
201939,"Stephen Curry","1610612744","Golden State Warriors",2018,"0021700566","20180104",13.5,22.05,FALSE
201939,"Stephen Curry","1610612744","Golden State Warriors",2018,"0021700566","20180104",1.3,6.05,TRUE
201939,"Stephen Curry","1610612744","Golden State Warriors",2018,"0021700566","20180104",-11.9,21.55,TRUE
201939,"Stephen Curry","1610612744","Golden State Warriors",2018,"0021700566","20180104",4.1,29.55,TRUE
201939,"Stephen Curry","1610612744","Golden State Warriors",2018,"0021700566","20180104",-18.5,23.55,FALSE
201939,"Stephen Curry","1610612744","Golden State Warriors",2018,"0021700566","20180104",-0.2,7.45,FALSE
201939,"Stephen Curry","1610612744","Golden State Warriors",2018,"0021700566","20180104",1.9,7.25,TRUE
201939,"Stephen Curry","1610612744","Golden State Warriors",2018,"0021700566","20180104",-23.4,6.85,FALSE
201939,"Stephen Curry","1610612744","Golden State Warriors",2018,"0021700566","20180104",-1.5,6.75,TRUE
201939,"Stephen Curry","1610612744","Golden State Warriors",2018,"0021700566","20180104",-2.7,12.85,FALSE
201939,"Stephen Curry","1610612744","Golden State Warriors",2018,"0021700566","20180104",-19.8,21.25,FALSE
201939,"Stephen Curry","1610612744","Golden State Warriors",2018,"0021700566","20180104",0.9,6.75,TRUE
201939,"Stephen Curry","1610612744","Golden State Warriors",2018,"0021700566","20180104",-15.7,24.95,TRUE
201939,"Stephen Curry","1610612744","Golden State Warriors",2018,"0021700566","20180104",-11.6,30.35,FALSE
201939,"Stephen Curry","1610612744","Golden State Warriors",2018,"0021700566","20180104",-12.4,28.85,TRUE
201939,"Stephen Curry","1610612744","Golden State Warriors",2018,"0021700566","20180104",19.7,22.85,FALSE
201939,"Stephen Curry","1610612744","Golden State Warriors",2018,"0021700566","20180104",0.1,5.85,FALSE
201939,"Stephen Curry","1610612744","Golden State Warriors",2018,"0021700566","20180104",0.7,7.35,TRUE
201939,"Stephen Curry","1610612744","Golden State Warriors",2018,"0021700578","20180106",22.8,3.05,FALSE
201939,"Stephen Curry","1610612744","Golden State Warriors",2018,"0021700578","20180106",14.9,28.05,TRUE
201939,"Stephen Curry","1610612744","Golden State Warriors",2018,"0021700578","20180106",-5.3,30.05,TRUE
201939,"Stephen Curry","1610612744","Golden State Warriors",2018,"0021700578","20180106",-0.8,32.15,TRUE
201939,"Stephen Curry","1610612744","Golden State Warriors",2018,"0021700578","20180106",12.6,28.75,FALSE
201939,"Stephen Curry","1610612744","Golden State Warriors",2018,"0021700578","20180106",23.5,10.85,TRUE
201939,"Stephen Curry","1610612744","Golden State Warriors",2018,"0021700578","20180106",-3.3,30.55,FALSE
201939,"Stephen Curry","1610612744","Golden State Warriors",2018,"0021700578","20180106",0.2,19.85,FALSE
201939,"Stephen Curry","1610612744","Golden State Warriors",2018,"0021700578","20180106",-0.3,5.95,TRUE
201939,"Stephen Curry","1610612744","Golden State Warriors",2018,"0021700578","20180106",13.1,27.85,FALSE
201939,"Stephen Curry","1610612744","Golden State Warriors",2018,"0021700578","20180106",5.7,30.65,TRUE
201939,"Stephen Curry","1610612744","Golden State Warriors",2018,"0021700578","20180106",13.6,29.35,FALSE
201939,"Stephen Curry","1610612744","Golden State Warriors",2018,"0021700578","20180106",1.8,5.65,TRUE
201939,"Stephen Curry","1610612744","Golden State Warriors",2018,"0021700578","20180106",0.6,7.35,TRUE
201939,"Stephen Curry","1610612744","Golden State Warriors",2018,"0021700578","20180106",14.6,26.85,TRUE
201939,"Stephen Curry","1610612744","Golden State Warriors",2018,"0021700578","20180106",-2.2,32.45,TRUE
201939,"Stephen Curry","1610612744","Golden State Warriors",2018,"0021700578","20180106",14.7,27.85,TRUE
201939,"Stephen Curry","1610612744","Golden State Warriors",2018,"0021700578","20180106",-2.9,32.85,FALSE
201939,"Stephen Curry","1610612744","Golden State Warriors",2018,"0021700578","20180106",-3.3,30.75,FALSE
201939,"Stephen Curry","1610612744","Golden State Warriors",2018,"0021700578","20180106",-1.4,6.75,FALSE
201939,"Stephen Curry","1610612744","Golden State Warriors",2018,"0021700578","20180106",11.6,27.75,FALSE
201939,"Stephen Curry","1610612744","Golden State Warriors",2018,"0021700597","20180108",8.9,31.15,FALSE
201939,"Stephen Curry","1610612744","Golden State Warriors",2018,"0021700597","20180108",-15.4,26.45,TRUE
201939,"Stephen Curry","1610612744","Golden State Warriors",2018,"0021700597","20180108",22.8,6.05,FALSE
201939,"Stephen Curry","1610612744","Golden State Warriors",2018,"0021700597","20180108",9.5,29.05,FALSE
201939,"Stephen Curry","1610612744","Golden State Warriors",2018,"0021700597","20180108",2,6.55,FALSE
201939,"Stephen Curry","1610612744","Golden State Warriors",2018,"0021700597","20180108",-1,7.25,FALSE
201939,"Stephen Curry","1610612744","Golden State Warriors",2018,"0021700597","20180108",-1,6.45,TRUE
201939,"Stephen Curry","1610612744","Golden State Warriors",2018,"0021700597","20180108",-22.6,14.95,TRUE
201939,"Stephen Curry","1610612744","Golden State Warriors",2018,"0021700597","20180108",-1.1,6.25,TRUE
201939,"Stephen Curry","1610612744","Golden State Warriors",2018,"0021700597","20180108",-19.9,23.25,FALSE
201939,"Stephen Curry","1610612744","Golden State Warriors",2018,"0021700597","20180108",-11.7,27.45,TRUE
201939,"Stephen Curry","1610612744","Golden State Warriors",2018,"0021700597","20180108",-12.2,13.35,FALSE
201939,"Stephen Curry","1610612744","Golden State Warriors",2018,"0021700597","20180108",-13.6,17.95,TRUE
201939,"Stephen Curry","1610612744","Golden State Warriors",2018,"0021700597","20180108",-12.8,29.15,TRUE
201939,"Stephen Curry","1610612744","Golden State Warriors",2018,"0021700597","20180108",14.4,27.35,TRUE
201939,"Stephen Curry","1610612744","Golden State Warriors",2018,"0021700597","20180108",-16.9,25.55,FALSE
201939,"Stephen Curry","1610612744","Golden State Warriors",2018,"0021700597","20180108",-12.6,19.45,TRUE
201939,"Stephen Curry","1610612744","Golden State Warriors",2018,"0021700631","20180113",-12.6,27.15,FALSE
201939,"Stephen Curry","1610612744","Golden State Warriors",2018,"0021700631","20180113",12.7,12.95,TRUE
201939,"Stephen Curry","1610612744","Golden State Warriors",2018,"0021700631","20180113",-9.9,28.25,FALSE
201939,"Stephen Curry","1610612744","Golden State Warriors",2018,"0021700631","20180113",-14.5,26.15,FALSE
201939,"Stephen Curry","1610612744","Golden State Warriors",2018,"0021700631","20180113",-1.2,18.35,TRUE
201939,"Stephen Curry","1610612744","Golden State Warriors",2018,"0021700631","20180113",20.9,18.55,FALSE
201939,"Stephen Curry","1610612744","Golden State Warriors",2018,"0021700631","20180113",3,21.15,TRUE
201939,"Stephen Curry","1610612744","Golden State Warriors",2018,"0021700631","20180113",16.4,24.15,TRUE
201939,"Stephen Curry","1610612744","Golden State Warriors",2018,"0021700631","20180113",23,4.15,FALSE
201939,"Stephen Curry","1610612744","Golden State Warriors",2018,"0021700631","20180113",0.8,7.25,TRUE
201939,"Stephen Curry","1610612744","Golden State Warriors",2018,"0021700631","20180113",-0.6,30.05,TRUE
201939,"Stephen Curry","1610612744","Golden State Warriors",2018,"0021700631","20180113",6.2,19.05,FALSE
201939,"Stephen Curry","1610612744","Golden State Warriors",2018,"0021700646","20180115",-0.8,6.55,TRUE
201939,"Stephen Curry","1610612744","Golden State Warriors",2018,"0021700646","20180115",-6.7,30.25,FALSE
201939,"Stephen Curry","1610612744","Golden State Warriors",2018,"0021700646","20180115",-2.3,31.05,TRUE
201939,"Stephen Curry","1610612744","Golden State Warriors",2018,"0021700646","20180115",-0.6,6.15,TRUE
201939,"Stephen Curry","1610612744","Golden State Warriors",2018,"0021700646","20180115",-23.5,14.55,FALSE
201939,"Stephen Curry","1610612744","Golden State Warriors",2018,"0021700646","20180115",-1.6,7.35,TRUE
201939,"Stephen Curry","1610612744","Golden State Warriors",2018,"0021700646","20180115",0.8,7.05,TRUE
201939,"Stephen Curry","1610612744","Golden State Warriors",2018,"0021700646","20180115",13,28.85,TRUE
201939,"Stephen Curry","1610612744","Golden State Warriors",2018,"0021700646","20180115",22.4,19.05,TRUE
201939,"Stephen Curry","1610612744","Golden State Warriors",2018,"0021700646","20180115",-7.5,37.75,TRUE
201939,"Stephen Curry","1610612744","Golden State Warriors",2018,"0021700646","20180115",3.4,7.25,FALSE
201939,"Stephen Curry","1610612744","Golden State Warriors",2018,"0021700646","20180115",12.8,30.85,FALSE
201939,"Stephen Curry","1610612744","Golden State Warriors",2018,"0021700646","20180115",21.7,29.55,FALSE
201939,"Stephen Curry","1610612744","Golden State Warriors",2018,"0021700646","20180115",-0.8,6.85,FALSE
201939,"Stephen Curry","1610612744","Golden State Warriors",2018,"0021700646","20180115",0.9,6.55,FALSE
201939,"Stephen Curry","1610612744","Golden State Warriors",2018,"0021700657","20180117",-14,26.25,TRUE
201939,"Stephen Curry","1610612744","Golden State Warriors",2018,"0021700657","20180117",-0.6,20.95,TRUE
201939,"Stephen Curry","1610612744","Golden State Warriors",2018,"0021700657","20180117",-4.2,7.45,FALSE
201939,"Stephen Curry","1610612744","Golden State Warriors",2018,"0021700657","20180117",12.2,21.45,TRUE
201939,"Stephen Curry","1610612744","Golden State Warriors",2018,"0021700657","20180117",-8.7,29.65,TRUE
201939,"Stephen Curry","1610612744","Golden State Warriors",2018,"0021700657","20180117",-4.7,30.45,TRUE
201939,"Stephen Curry","1610612744","Golden State Warriors",2018,"0021700657","20180117",-23,11.65,FALSE
201939,"Stephen Curry","1610612744","Golden State Warriors",2018,"0021700657","20180117",-1.8,5.95,TRUE
201939,"Stephen Curry","1610612744","Golden State Warriors",2018,"0021700657","20180117",-14.4,53.25,FALSE
201939,"Stephen Curry","1610612744","Golden State Warriors",2018,"0021700657","20180117",-7.3,28.75,FALSE
201939,"Stephen Curry","1610612744","Golden State Warriors",2018,"0021700657","20180117",-1.8,31.35,TRUE
201939,"Stephen Curry","1610612744","Golden State Warriors",2018,"0021700657","20180117",23.1,5.35,FALSE
201939,"Stephen Curry","1610612744","Golden State Warriors",2018,"0021700657","20180117",-13.2,21.05,TRUE
201939,"Stephen Curry","1610612744","Golden State Warriors",2018,"0021700657","20180117",-2,8.95,FALSE
201939,"Stephen Curry","1610612744","Golden State Warriors",2018,"0021700657","20180117",7.5,28.45,TRUE
201939,"Stephen Curry","1610612744","Golden State Warriors",2018,"0021700657","20180117",-18.5,22.05,TRUE
201939,"Stephen Curry","1610612744","Golden State Warriors",2018,"0021700657","20180117",15.2,25.05,FALSE
201939,"Stephen Curry","1610612744","Golden State Warriors",2018,"0021700657","20180117",0.9,7.85,FALSE
201939,"Stephen Curry","1610612744","Golden State Warriors",2018,"0021700679","20180120",-10.3,28.45,FALSE
201939,"Stephen Curry","1610612744","Golden State Warriors",2018,"0021700679","20180120",16.2,23.95,FALSE
201939,"Stephen Curry","1610612744","Golden State Warriors",2018,"0021700679","20180120",-0.3,6.05,FALSE
201939,"Stephen Curry","1610612744","Golden State Warriors",2018,"0021700679","20180120",-6.5,30.55,TRUE
201939,"Stephen Curry","1610612744","Golden State Warriors",2018,"0021700679","20180120",1.3,31.25,FALSE
201939,"Stephen Curry","1610612744","Golden State Warriors",2018,"0021700679","20180120",-0.3,5.75,FALSE
201939,"Stephen Curry","1610612744","Golden State Warriors",2018,"0021700679","20180120",-2.4,30.85,FALSE
201939,"Stephen Curry","1610612744","Golden State Warriors",2018,"0021700679","20180120",19.3,22.35,FALSE
201939,"Stephen Curry","1610612744","Golden State Warriors",2018,"0021700679","20180120",-9.5,22.15,TRUE
201939,"Stephen Curry","1610612744","Golden State Warriors",2018,"0021700679","20180120",0,5.55,FALSE
201939,"Stephen Curry","1610612744","Golden State Warriors",2018,"0021700679","20180120",-16,23.75,FALSE
201939,"Stephen Curry","1610612744","Golden State Warriors",2018,"0021700679","20180120",7.9,28.95,TRUE
201939,"Stephen Curry","1610612744","Golden State Warriors",2018,"0021700679","20180120",0.6,62.45,FALSE
201939,"Stephen Curry","1610612744","Golden State Warriors",2018,"0021700679","20180120",0.5,6.75,FALSE
201939,"Stephen Curry","1610612744","Golden State Warriors",2018,"0021700679","20180120",-21.4,18.95,TRUE
201939,"Stephen Curry","1610612744","Golden State Warriors",2018,"0021700679","20180120",-10.5,29.35,TRUE
201939,"Stephen Curry","1610612744","Golden State Warriors",2018,"0021700679","20180120",17.9,23.75,TRUE
201939,"Stephen Curry","1610612744","Golden State Warriors",2018,"0021700679","20180120",-23.1,14.75,FALSE
201939,"Stephen Curry","1610612744","Golden State Warriors",2018,"0021700679","20180120",4,31.55,FALSE
201939,"Stephen Curry","1610612744","Golden State Warriors",2018,"0021700679","20180120",17.9,23.35,FALSE
201939,"Stephen Curry","1610612744","Golden State Warriors",2018,"0021700699","20180123",-1.3,7.05,FALSE
201939,"Stephen Curry","1610612744","Golden State Warriors",2018,"0021700699","20180123",1.9,31.55,TRUE
201939,"Stephen Curry","1610612744","Golden State Warriors",2018,"0021700699","20180123",22.1,17.35,FALSE
201939,"Stephen Curry","1610612744","Golden State Warriors",2018,"0021700699","20180123",-22.7,6.45,FALSE
201939,"Stephen Curry","1610612744","Golden State Warriors",2018,"0021700699","20180123",22.6,16.55,FALSE
201939,"Stephen Curry","1610612744","Golden State Warriors",2018,"0021700699","20180123",15,25.85,FALSE
201939,"Stephen Curry","1610612744","Golden State Warriors",2018,"0021700699","20180123",-13.3,27.25,FALSE
201939,"Stephen Curry","1610612744","Golden State Warriors",2018,"0021700699","20180123",0.9,12.55,FALSE
201939,"Stephen Curry","1610612744","Golden State Warriors",2018,"0021700699","20180123",17,24.05,TRUE
201939,"Stephen Curry","1610612744","Golden State Warriors",2018,"0021700699","20180123",1.8,7.25,TRUE
201939,"Stephen Curry","1610612744","Golden State Warriors",2018,"0021700699","20180123",-7,30.45,FALSE
201939,"Stephen Curry","1610612744","Golden State Warriors",2018,"0021700699","20180123",7.8,21.15,FALSE
201939,"Stephen Curry","1610612744","Golden State Warriors",2018,"0021700699","20180123",-15.2,26.75,TRUE
201939,"Stephen Curry","1610612744","Golden State Warriors",2018,"0021700699","20180123",13.6,26.85,TRUE
201939,"Stephen Curry","1610612744","Golden State Warriors",2018,"0021700699","20180123",21.1,17.45,TRUE
201939,"Stephen Curry","1610612744","Golden State Warriors",2018,"0021700699","20180123",-17.5,24.05,TRUE
201939,"Stephen Curry","1610612744","Golden State Warriors",2018,"0021700699","20180123",13.1,30.75,FALSE
201939,"Stephen Curry","1610612744","Golden State Warriors",2018,"0021700699","20180123",-0.2,31.65,TRUE
201939,"Stephen Curry","1610612744","Golden State Warriors",2018,"0021700699","20180123",-6.1,30.85,TRUE
201939,"Stephen Curry","1610612744","Golden State Warriors",2018,"0021700713","20180125",7.8,20.95,TRUE
201939,"Stephen Curry","1610612744","Golden State Warriors",2018,"0021700713","20180125",-12.5,27.95,FALSE
201939,"Stephen Curry","1610612744","Golden State Warriors",2018,"0021700713","20180125",-0.3,6.75,TRUE
201939,"Stephen Curry","1610612744","Golden State Warriors",2018,"0021700713","20180125",-13.1,29.05,TRUE
201939,"Stephen Curry","1610612744","Golden State Warriors",2018,"0021700713","20180125",16.9,26.85,TRUE
201939,"Stephen Curry","1610612744","Golden State Warriors",2018,"0021700713","20180125",22.6,12.35,TRUE
201939,"Stephen Curry","1610612744","Golden State Warriors",2018,"0021700713","20180125",14.4,29.65,FALSE
201939,"Stephen Curry","1610612744","Golden State Warriors",2018,"0021700713","20180125",1.2,7.05,TRUE
201939,"Stephen Curry","1610612744","Golden State Warriors",2018,"0021700713","20180125",-8.2,25.15,TRUE
201939,"Stephen Curry","1610612744","Golden State Warriors",2018,"0021700713","20180125",15.7,26.25,FALSE
201939,"Stephen Curry","1610612744","Golden State Warriors",2018,"0021700713","20180125",-15.9,25.35,FALSE
201939,"Stephen Curry","1610612744","Golden State Warriors",2018,"0021700713","20180125",0.6,33.05,TRUE
201939,"Stephen Curry","1610612744","Golden State Warriors",2018,"0021700713","20180125",-11,19.95,FALSE
201939,"Stephen Curry","1610612744","Golden State Warriors",2018,"0021700713","20180125",-16.5,27.05,TRUE
201939,"Stephen Curry","1610612744","Golden State Warriors",2018,"0021700728","20180127",-4.6,15.65,TRUE
201939,"Stephen Curry","1610612744","Golden State Warriors",2018,"0021700728","20180127",-23.5,7.95,TRUE
201939,"Stephen Curry","1610612744","Golden State Warriors",2018,"0021700728","20180127",19.6,21.45,FALSE
201939,"Stephen Curry","1610612744","Golden State Warriors",2018,"0021700728","20180127",1.6,21.55,TRUE
201939,"Stephen Curry","1610612744","Golden State Warriors",2018,"0021700728","20180127",-0.6,8.25,TRUE
201939,"Stephen Curry","1610612744","Golden State Warriors",2018,"0021700728","20180127",-19,22.15,TRUE
201939,"Stephen Curry","1610612744","Golden State Warriors",2018,"0021700728","20180127",-14.1,26.15,FALSE
201939,"Stephen Curry","1610612744","Golden State Warriors",2018,"0021700728","20180127",-14.9,28.15,FALSE
201939,"Stephen Curry","1610612744","Golden State Warriors",2018,"0021700728","20180127",19.5,50.45,FALSE
201939,"Stephen Curry","1610612744","Golden State Warriors",2018,"0021700728","20180127",19.6,21.65,TRUE
201939,"Stephen Curry","1610612744","Golden State Warriors",2018,"0021700728","20180127",17,18.35,TRUE
201939,"Stephen Curry","1610612744","Golden State Warriors",2018,"0021700728","20180127",-0.5,6.35,TRUE
201939,"Stephen Curry","1610612744","Golden State Warriors",2018,"0021700728","20180127",-14.5,27.05,TRUE
201939,"Stephen Curry","1610612744","Golden State Warriors",2018,"0021700728","20180127",16.8,18.65,FALSE
201939,"Stephen Curry","1610612744","Golden State Warriors",2018,"0021700728","20180127",-1.9,8.85,FALSE
201939,"Stephen Curry","1610612744","Golden State Warriors",2018,"0021700728","20180127",-0.9,6.95,TRUE
201939,"Stephen Curry","1610612744","Golden State Warriors",2018,"0021700728","20180127",4.5,30.55,TRUE
201939,"Stephen Curry","1610612744","Golden State Warriors",2018,"0021700728","20180127",-13.1,27.95,TRUE
201939,"Stephen Curry","1610612744","Golden State Warriors",2018,"0021700728","20180127",5,31.55,TRUE
201939,"Stephen Curry","1610612744","Golden State Warriors",2018,"0021700728","20180127",0.1,18.05,FALSE
201939,"Stephen Curry","1610612744","Golden State Warriors",2018,"0021700728","20180127",-9.4,8.85,TRUE
201939,"Stephen Curry","1610612744","Golden State Warriors",2018,"0021700728","20180127",-14.6,25.45,FALSE
201939,"Stephen Curry","1610612744","Golden State Warriors",2018,"0021700728","20180127",3.8,32.55,TRUE
201939,"Stephen Curry","1610612744","Golden State Warriors",2018,"0021700728","20180127",0.5,6.45,TRUE
201939,"Stephen Curry","1610612744","Golden State Warriors",2018,"0021700751","20180130",-22.3,17.85,FALSE
201939,"Stephen Curry","1610612744","Golden State Warriors",2018,"0021700751","20180130",-6.7,10.75,TRUE
201939,"Stephen Curry","1610612744","Golden State Warriors",2018,"0021700751","20180130",16.3,24.05,FALSE
201939,"Stephen Curry","1610612744","Golden State Warriors",2018,"0021700751","20180130",1.8,6.25,FALSE
201939,"Stephen Curry","1610612744","Golden State Warriors",2018,"0021700751","20180130",-1.6,6.05,FALSE
201939,"Stephen Curry","1610612744","Golden State Warriors",2018,"0021700751","20180130",1.9,6.15,TRUE
201939,"Stephen Curry","1610612744","Golden State Warriors",2018,"0021700751","20180130",7,30.05,TRUE
201939,"Stephen Curry","1610612744","Golden State Warriors",2018,"0021700751","20180130",-23.5,13.45,FALSE
201939,"Stephen Curry","1610612744","Golden State Warriors",2018,"0021700751","20180130",-0.1,5.85,TRUE
201939,"Stephen Curry","1610612744","Golden State Warriors",2018,"0021700751","20180130",-3.7,9.95,FALSE
201939,"Stephen Curry","1610612744","Golden State Warriors",2018,"0021700751","20180130",-16.3,24.95,FALSE
201939,"Stephen Curry","1610612744","Golden State Warriors",2018,"0021700751","20180130",-13,27.75,FALSE
201939,"Stephen Curry","1610612744","Golden State Warriors",2018,"0021700751","20180130",22.9,5.85,FALSE
201939,"Stephen Curry","1610612744","Golden State Warriors",2018,"0021700774","20180202",-23,11.95,FALSE
201939,"Stephen Curry","1610612744","Golden State Warriors",2018,"0021700774","20180202",22.9,4.85,FALSE
201939,"Stephen Curry","1610612744","Golden State Warriors",2018,"0021700774","20180202",-13.8,26.25,FALSE
201939,"Stephen Curry","1610612744","Golden State Warriors",2018,"0021700774","20180202",3.6,5.85,FALSE
201939,"Stephen Curry","1610612744","Golden State Warriors",2018,"0021700774","20180202",22.8,7.75,FALSE
201939,"Stephen Curry","1610612744","Golden State Warriors",2018,"0021700774","20180202",5.5,32.25,TRUE
201939,"Stephen Curry","1610612744","Golden State Warriors",2018,"0021700774","20180202",2.7,6.75,TRUE
201939,"Stephen Curry","1610612744","Golden State Warriors",2018,"0021700774","20180202",-0.3,8.65,TRUE
201939,"Stephen Curry","1610612744","Golden State Warriors",2018,"0021700774","20180202",-1.3,6.75,TRUE
201939,"Stephen Curry","1610612744","Golden State Warriors",2018,"0021700774","20180202",-1.3,9.35,FALSE
201939,"Stephen Curry","1610612744","Golden State Warriors",2018,"0021700774","20180202",3.2,6.85,FALSE
201939,"Stephen Curry","1610612744","Golden State Warriors",2018,"0021700774","20180202",-23.1,10.25,TRUE
201939,"Stephen Curry","1610612744","Golden State Warriors",2018,"0021700774","20180202",19.5,22.65,TRUE
201939,"Stephen Curry","1610612744","Golden State Warriors",2018,"0021700774","20180202",0.4,30.55,FALSE
201939,"Stephen Curry","1610612744","Golden State Warriors",2018,"0021700774","20180202",-10.6,6.25,TRUE
201939,"Stephen Curry","1610612744","Golden State Warriors",2018,"0021700774","20180202",-7.6,31.05,FALSE
201939,"Stephen Curry","1610612744","Golden State Warriors",2018,"0021700774","20180202",-23.4,7.45,FALSE
201939,"Stephen Curry","1610612744","Golden State Warriors",2018,"0021700782","20180203",-17.7,24.05,TRUE
201939,"Stephen Curry","1610612744","Golden State Warriors",2018,"0021700782","20180203",-21.4,17.25,TRUE
201939,"Stephen Curry","1610612744","Golden State Warriors",2018,"0021700782","20180203",-2.7,7.35,TRUE
201939,"Stephen Curry","1610612744","Golden State Warriors",2018,"0021700782","20180203",-8.8,27.85,FALSE
201939,"Stephen Curry","1610612744","Golden State Warriors",2018,"0021700782","20180203",-19,25.15,FALSE
201939,"Stephen Curry","1610612744","Golden State Warriors",2018,"0021700782","20180203",-11.1,28.35,FALSE
201939,"Stephen Curry","1610612744","Golden State Warriors",2018,"0021700782","20180203",1.5,5.85,TRUE
201939,"Stephen Curry","1610612744","Golden State Warriors",2018,"0021700782","20180203",-20.4,17.95,FALSE
201939,"Stephen Curry","1610612744","Golden State Warriors",2018,"0021700782","20180203",-3.8,7.45,TRUE
201939,"Stephen Curry","1610612744","Golden State Warriors",2018,"0021700782","20180203",-5.4,29.55,FALSE
201939,"Stephen Curry","1610612744","Golden State Warriors",2018,"0021700782","20180203",9.5,28.45,TRUE
201939,"Stephen Curry","1610612744","Golden State Warriors",2018,"0021700782","20180203",18.6,22.65,TRUE
201939,"Stephen Curry","1610612744","Golden State Warriors",2018,"0021700782","20180203",18.6,24.55,FALSE
201939,"Stephen Curry","1610612744","Golden State Warriors",2018,"0021700782","20180203",2.5,8.05,FALSE
201939,"Stephen Curry","1610612744","Golden State Warriors",2018,"0021700782","20180203",15.2,25.85,FALSE
201939,"Stephen Curry","1610612744","Golden State Warriors",2018,"0021700782","20180203",13.4,33.35,TRUE
201939,"Stephen Curry","1610612744","Golden State Warriors",2018,"0021700803","20180206",11.7,20.75,TRUE
201939,"Stephen Curry","1610612744","Golden State Warriors",2018,"0021700803","20180206",-15.7,29.95,FALSE
201939,"Stephen Curry","1610612744","Golden State Warriors",2018,"0021700803","20180206",-1.3,31.75,FALSE
201939,"Stephen Curry","1610612744","Golden State Warriors",2018,"0021700803","20180206",-0.2,15.45,TRUE
201939,"Stephen Curry","1610612744","Golden State Warriors",2018,"0021700803","20180206",-10.5,30.55,TRUE
201939,"Stephen Curry","1610612744","Golden State Warriors",2018,"0021700803","20180206",-2.6,8.55,FALSE
201939,"Stephen Curry","1610612744","Golden State Warriors",2018,"0021700803","20180206",0.2,7.55,TRUE
201939,"Stephen Curry","1610612744","Golden State Warriors",2018,"0021700803","20180206",-12.7,28.05,FALSE
201939,"Stephen Curry","1610612744","Golden State Warriors",2018,"0021700803","20180206",0.6,32.25,FALSE
201939,"Stephen Curry","1610612744","Golden State Warriors",2018,"0021700803","20180206",-22.5,10.55,FALSE
201939,"Stephen Curry","1610612744","Golden State Warriors",2018,"0021700803","20180206",-14.5,26.65,TRUE
201939,"Stephen Curry","1610612744","Golden State Warriors",2018,"0021700803","20180206",-3.6,31.45,FALSE
201939,"Stephen Curry","1610612744","Golden State Warriors",2018,"0021700803","20180206",-0.9,7.25,TRUE
201939,"Stephen Curry","1610612744","Golden State Warriors",2018,"0021700803","20180206",17.1,65.75,FALSE
201939,"Stephen Curry","1610612744","Golden State Warriors",2018,"0021700815","20180208",-22.6,16.15,FALSE
201939,"Stephen Curry","1610612744","Golden State Warriors",2018,"0021700815","20180208",6.9,20.85,TRUE
201939,"Stephen Curry","1610612744","Golden State Warriors",2018,"0021700815","20180208",-13,27.95,TRUE
201939,"Stephen Curry","1610612744","Golden State Warriors",2018,"0021700815","20180208",-16,26.35,TRUE
201939,"Stephen Curry","1610612744","Golden State Warriors",2018,"0021700815","20180208",-15.6,28.95,FALSE
201939,"Stephen Curry","1610612744","Golden State Warriors",2018,"0021700815","20180208",-16.7,25.15,FALSE
201939,"Stephen Curry","1610612744","Golden State Warriors",2018,"0021700815","20180208",-22.5,9.35,TRUE
201939,"Stephen Curry","1610612744","Golden State Warriors",2018,"0021700815","20180208",-14.4,28.35,FALSE
201939,"Stephen Curry","1610612744","Golden State Warriors",2018,"0021700815","20180208",-12.8,30.95,TRUE
201939,"Stephen Curry","1610612744","Golden State Warriors",2018,"0021700815","20180208",1.3,6.15,TRUE
201939,"Stephen Curry","1610612744","Golden State Warriors",2018,"0021700815","20180208",-0.1,11.15,TRUE
201939,"Stephen Curry","1610612744","Golden State Warriors",2018,"0021700815","20180208",-2.8,31.95,FALSE
201939,"Stephen Curry","1610612744","Golden State Warriors",2018,"0021700831","20180210",-12.7,27.85,TRUE
201939,"Stephen Curry","1610612744","Golden State Warriors",2018,"0021700831","20180210",-22.3,11.85,TRUE
201939,"Stephen Curry","1610612744","Golden State Warriors",2018,"0021700831","20180210",-12.8,28.35,FALSE
201939,"Stephen Curry","1610612744","Golden State Warriors",2018,"0021700831","20180210",0.6,7.05,TRUE
201939,"Stephen Curry","1610612744","Golden State Warriors",2018,"0021700831","20180210",-0.3,6.35,TRUE
201939,"Stephen Curry","1610612744","Golden State Warriors",2018,"0021700831","20180210",15.6,26.15,FALSE
201939,"Stephen Curry","1610612744","Golden State Warriors",2018,"0021700831","20180210",0.5,6.35,TRUE
201939,"Stephen Curry","1610612744","Golden State Warriors",2018,"0021700831","20180210",-0.1,8.45,FALSE
201939,"Stephen Curry","1610612744","Golden State Warriors",2018,"0021700831","20180210",-10.4,29.95,TRUE
201939,"Stephen Curry","1610612744","Golden State Warriors",2018,"0021700831","20180210",10.2,30.35,FALSE
201939,"Stephen Curry","1610612744","Golden State Warriors",2018,"0021700831","20180210",-5.2,14.35,FALSE
201939,"Stephen Curry","1610612744","Golden State Warriors",2018,"0021700831","20180210",-0.2,7.55,TRUE
201939,"Stephen Curry","1610612744","Golden State Warriors",2018,"0021700831","20180210",0.7,70.95,FALSE
201939,"Stephen Curry","1610612744","Golden State Warriors",2018,"0021700846","20180212",0.5,30.45,FALSE
201939,"Stephen Curry","1610612744","Golden State Warriors",2018,"0021700846","20180212",-8.5,31.95,FALSE
201939,"Stephen Curry","1610612744","Golden State Warriors",2018,"0021700846","20180212",-6.6,29.55,FALSE
201939,"Stephen Curry","1610612744","Golden State Warriors",2018,"0021700846","20180212",-11.6,28.45,FALSE
201939,"Stephen Curry","1610612744","Golden State Warriors",2018,"0021700846","20180212",-19.2,23.25,TRUE
201939,"Stephen Curry","1610612744","Golden State Warriors",2018,"0021700846","20180212",-11.5,19.05,TRUE
201939,"Stephen Curry","1610612744","Golden State Warriors",2018,"0021700846","20180212",0.3,6.85,FALSE
201939,"Stephen Curry","1610612744","Golden State Warriors",2018,"0021700846","20180212",-3.9,72.85,FALSE
201939,"Stephen Curry","1610612744","Golden State Warriors",2018,"0021700846","20180212",-0.6,5.25,TRUE
201939,"Stephen Curry","1610612744","Golden State Warriors",2018,"0021700846","20180212",-13,11.95,TRUE
201939,"Stephen Curry","1610612744","Golden State Warriors",2018,"0021700846","20180212",-13.2,27.85,TRUE
201939,"Stephen Curry","1610612744","Golden State Warriors",2018,"0021700846","20180212",0.2,13.05,TRUE
201939,"Stephen Curry","1610612744","Golden State Warriors",2018,"0021700846","20180212",8.9,31.55,TRUE
201939,"Stephen Curry","1610612744","Golden State Warriors",2018,"0021700846","20180212",9.6,19.95,TRUE
201939,"Stephen Curry","1610612744","Golden State Warriors",2018,"0021700846","20180212",2.3,6.45,FALSE
201939,"Stephen Curry","1610612744","Golden State Warriors",2018,"0021700846","20180212",-0.6,7.25,FALSE
201939,"Stephen Curry","1610612744","Golden State Warriors",2018,"0021700846","20180212",14.5,47.85,FALSE
201939,"Stephen Curry","1610612744","Golden State Warriors",2018,"0021700864","20180214",-12.3,9.45,FALSE
201939,"Stephen Curry","1610612744","Golden State Warriors",2018,"0021700864","20180214",19.4,20.35,FALSE
201939,"Stephen Curry","1610612744","Golden State Warriors",2018,"0021700864","20180214",8.2,28.35,FALSE
201939,"Stephen Curry","1610612744","Golden State Warriors",2018,"0021700864","20180214",5.5,6.95,FALSE
201939,"Stephen Curry","1610612744","Golden State Warriors",2018,"0021700864","20180214",0.4,7.75,FALSE
201939,"Stephen Curry","1610612744","Golden State Warriors",2018,"0021700864","20180214",-1.1,6.95,TRUE
201939,"Stephen Curry","1610612744","Golden State Warriors",2018,"0021700864","20180214",0.3,7.25,FALSE
201939,"Stephen Curry","1610612744","Golden State Warriors",2018,"0021700864","20180214",22.8,5.85,FALSE
201939,"Stephen Curry","1610612744","Golden State Warriors",2018,"0021700864","20180214",19.9,19.45,TRUE
201939,"Stephen Curry","1610612744","Golden State Warriors",2018,"0021700864","20180214",-19.8,19.15,TRUE
201939,"Stephen Curry","1610612744","Golden State Warriors",2018,"0021700864","20180214",2.9,30.35,FALSE
201939,"Stephen Curry","1610612744","Golden State Warriors",2018,"0021700864","20180214",-0.6,6.25,TRUE
201939,"Stephen Curry","1610612744","Golden State Warriors",2018,"0021700864","20180214",0.8,4.85,TRUE
201939,"Stephen Curry","1610612744","Golden State Warriors",2018,"0021700864","20180214",22.8,8.35,FALSE
201939,"Stephen Curry","1610612744","Golden State Warriors",2018,"0021700864","20180214",6,29.55,TRUE
201939,"Stephen Curry","1610612744","Golden State Warriors",2018,"0021700864","20180214",-22.8,12.15,FALSE
201939,"Stephen Curry","1610612744","Golden State Warriors",2018,"0021700864","20180214",8.1,29.05,FALSE
201939,"Stephen Curry","1610612744","Golden State Warriors",2018,"0021700872","20180222",-1,6.35,TRUE
201939,"Stephen Curry","1610612744","Golden State Warriors",2018,"0021700872","20180222",-15.2,13.35,FALSE
201939,"Stephen Curry","1610612744","Golden State Warriors",2018,"0021700872","20180222",-19.8,8.85,FALSE
201939,"Stephen Curry","1610612744","Golden State Warriors",2018,"0021700872","20180222",13.4,31.45,FALSE
201939,"Stephen Curry","1610612744","Golden State Warriors",2018,"0021700872","20180222",7.9,41.45,TRUE
201939,"Stephen Curry","1610612744","Golden State Warriors",2018,"0021700872","20180222",2,30.35,TRUE
201939,"Stephen Curry","1610612744","Golden State Warriors",2018,"0021700872","20180222",-7.3,30.55,TRUE
201939,"Stephen Curry","1610612744","Golden State Warriors",2018,"0021700872","20180222",-0.8,6.55,TRUE
201939,"Stephen Curry","1610612744","Golden State Warriors",2018,"0021700872","20180222",-9.5,9.05,TRUE
201939,"Stephen Curry","1610612744","Golden State Warriors",2018,"0021700872","20180222",1.8,5.85,TRUE
201939,"Stephen Curry","1610612744","Golden State Warriors",2018,"0021700872","20180222",-18,23.75,TRUE
201939,"Stephen Curry","1610612744","Golden State Warriors",2018,"0021700872","20180222",1.3,31.85,TRUE
201939,"Stephen Curry","1610612744","Golden State Warriors",2018,"0021700872","20180222",-6.1,30.25,FALSE
201939,"Stephen Curry","1610612744","Golden State Warriors",2018,"0021700872","20180222",11.2,5.15,TRUE
201939,"Stephen Curry","1610612744","Golden State Warriors",2018,"0021700872","20180222",1.6,32.15,TRUE
201939,"Stephen Curry","1610612744","Golden State Warriors",2018,"0021700872","20180222",-1.3,30.45,FALSE
201939,"Stephen Curry","1610612744","Golden State Warriors",2018,"0021700872","20180222",3.5,9.35,TRUE
201939,"Stephen Curry","1610612744","Golden State Warriors",2018,"0021700872","20180222",-12.5,31.45,TRUE
201939,"Stephen Curry","1610612744","Golden State Warriors",2018,"0021700872","20180222",-6.2,30.35,TRUE
201939,"Stephen Curry","1610612744","Golden State Warriors",2018,"0021700887","20180224",1.7,8.85,FALSE
201939,"Stephen Curry","1610612744","Golden State Warriors",2018,"0021700887","20180224",-17.6,23.85,TRUE
201939,"Stephen Curry","1610612744","Golden State Warriors",2018,"0021700887","20180224",8.9,32.75,TRUE
201939,"Stephen Curry","1610612744","Golden State Warriors",2018,"0021700887","20180224",16.8,26.95,FALSE
201939,"Stephen Curry","1610612744","Golden State Warriors",2018,"0021700887","20180224",-22.6,13.05,FALSE
201939,"Stephen Curry","1610612744","Golden State Warriors",2018,"0021700887","20180224",-10.5,21.55,FALSE
201939,"Stephen Curry","1610612744","Golden State Warriors",2018,"0021700887","20180224",-0.5,7.25,TRUE
201939,"Stephen Curry","1610612744","Golden State Warriors",2018,"0021700887","20180224",-0.4,7.05,FALSE
201939,"Stephen Curry","1610612744","Golden State Warriors",2018,"0021700887","20180224",16.6,24.35,TRUE
201939,"Stephen Curry","1610612744","Golden State Warriors",2018,"0021700887","20180224",14.4,66.15,FALSE
201939,"Stephen Curry","1610612744","Golden State Warriors",2018,"0021700887","20180224",-23.2,6.65,FALSE
201939,"Stephen Curry","1610612744","Golden State Warriors",2018,"0021700887","20180224",1.8,31.25,FALSE
201939,"Stephen Curry","1610612744","Golden State Warriors",2018,"0021700887","20180224",-10.1,13.75,FALSE
201939,"Stephen Curry","1610612744","Golden State Warriors",2018,"0021700887","20180224",-0.2,8.85,TRUE
201939,"Stephen Curry","1610612744","Golden State Warriors",2018,"0021700887","20180224",-23.6,7.25,TRUE
201939,"Stephen Curry","1610612744","Golden State Warriors",2018,"0021700887","20180224",14.4,27.05,TRUE
201939,"Stephen Curry","1610612744","Golden State Warriors",2018,"0021700887","20180224",10.2,19.45,TRUE
201939,"Stephen Curry","1610612744","Golden State Warriors",2018,"0021700887","20180224",23.4,4.85,FALSE
201939,"Stephen Curry","1610612744","Golden State Warriors",2018,"0021700887","20180224",22.7,5.15,FALSE
201939,"Stephen Curry","1610612744","Golden State Warriors",2018,"0021700900","20180226",4.6,21.05,TRUE
201939,"Stephen Curry","1610612744","Golden State Warriors",2018,"0021700900","20180226",-2,31.95,FALSE
201939,"Stephen Curry","1610612744","Golden State Warriors",2018,"0021700900","20180226",-10.4,29.85,FALSE
201939,"Stephen Curry","1610612744","Golden State Warriors",2018,"0021700900","20180226",7.6,29.95,TRUE
201939,"Stephen Curry","1610612744","Golden State Warriors",2018,"0021700900","20180226",-6.3,22.95,FALSE
201939,"Stephen Curry","1610612744","Golden State Warriors",2018,"0021700900","20180226",0.6,6.25,TRUE
201939,"Stephen Curry","1610612744","Golden State Warriors",2018,"0021700900","20180226",-23,10.85,FALSE
201939,"Stephen Curry","1610612744","Golden State Warriors",2018,"0021700900","20180226",13.3,27.45,TRUE
201939,"Stephen Curry","1610612744","Golden State Warriors",2018,"0021700900","20180226",17.7,23.55,FALSE
201939,"Stephen Curry","1610612744","Golden State Warriors",2018,"0021700900","20180226",-0.5,4.75,FALSE
201939,"Stephen Curry","1610612744","Golden State Warriors",2018,"0021700900","20180226",-20.4,5.75,FALSE
201939,"Stephen Curry","1610612744","Golden State Warriors",2018,"0021700900","20180226",0.3,8.65,TRUE
201939,"Stephen Curry","1610612744","Golden State Warriors",2018,"0021700900","20180226",-14,13.65,TRUE
201939,"Stephen Curry","1610612744","Golden State Warriors",2018,"0021700900","20180226",-13,26.65,TRUE
201939,"Stephen Curry","1610612744","Golden State Warriors",2018,"0021700900","20180226",-11.4,28.35,TRUE
201939,"Stephen Curry","1610612744","Golden State Warriors",2018,"0021700900","20180226",-20.9,21.45,FALSE
201939,"Stephen Curry","1610612744","Golden State Warriors",2018,"0021700917","20180228",0.8,18.75,FALSE
201939,"Stephen Curry","1610612744","Golden State Warriors",2018,"0021700917","20180228",-1.8,7.85,FALSE
201939,"Stephen Curry","1610612744","Golden State Warriors",2018,"0021700917","20180228",-24.1,10.55,TRUE
201939,"Stephen Curry","1610612744","Golden State Warriors",2018,"0021700917","20180228",-16.5,35.15,FALSE
201939,"Stephen Curry","1610612744","Golden State Warriors",2018,"0021700917","20180228",12.4,29.55,TRUE
201939,"Stephen Curry","1610612744","Golden State Warriors",2018,"0021700917","20180228",14.4,25.65,TRUE
201939,"Stephen Curry","1610612744","Golden State Warriors",2018,"0021700917","20180228",-3,8.75,FALSE
201939,"Stephen Curry","1610612744","Golden State Warriors",2018,"0021700917","20180228",-14.3,28.25,FALSE
201939,"Stephen Curry","1610612744","Golden State Warriors",2018,"0021700917","20180228",16,17.45,FALSE
201939,"Stephen Curry","1610612744","Golden State Warriors",2018,"0021700917","20180228",18.6,13.25,FALSE
201939,"Stephen Curry","1610612744","Golden State Warriors",2018,"0021700917","20180228",-21.4,17.85,FALSE
201939,"Stephen Curry","1610612744","Golden State Warriors",2018,"0021700917","20180228",0.6,5.65,TRUE
201939,"Stephen Curry","1610612744","Golden State Warriors",2018,"0021700917","20180228",15.7,26.15,FALSE
201939,"Stephen Curry","1610612744","Golden State Warriors",2018,"0021700917","20180228",23.5,5.25,TRUE
201939,"Stephen Curry","1610612744","Golden State Warriors",2018,"0021700917","20180228",17.4,24.75,FALSE
201939,"Stephen Curry","1610612744","Golden State Warriors",2018,"0021700928","20180302",0.8,5.95,TRUE
201939,"Stephen Curry","1610612744","Golden State Warriors",2018,"0021700928","20180302",11.1,29.85,FALSE
201939,"Stephen Curry","1610612744","Golden State Warriors",2018,"0021700928","20180302",22.1,16.55,TRUE
201939,"Stephen Curry","1610612744","Golden State Warriors",2018,"0021700928","20180302",0,6.35,FALSE
201939,"Stephen Curry","1610612744","Golden State Warriors",2018,"0021700928","20180302",-0.3,6.05,FALSE
201939,"Stephen Curry","1610612744","Golden State Warriors",2018,"0021700928","20180302",17.5,24.15,TRUE
201939,"Stephen Curry","1610612744","Golden State Warriors",2018,"0021700928","20180302",-2.6,22.65,TRUE
201939,"Stephen Curry","1610612744","Golden State Warriors",2018,"0021700928","20180302",-20.6,18.55,TRUE
201939,"Stephen Curry","1610612744","Golden State Warriors",2018,"0021700928","20180302",-0.6,6.45,TRUE
201939,"Stephen Curry","1610612744","Golden State Warriors",2018,"0021700928","20180302",-6.3,29.45,FALSE
201939,"Stephen Curry","1610612744","Golden State Warriors",2018,"0021700928","20180302",-11.7,26.95,FALSE
201939,"Stephen Curry","1610612744","Golden State Warriors",2018,"0021700928","20180302",2.4,7.05,TRUE
201939,"Stephen Curry","1610612744","Golden State Warriors",2018,"0021700928","20180302",-12.6,26.75,TRUE
201939,"Stephen Curry","1610612744","Golden State Warriors",2018,"0021700928","20180302",-22.4,13.65,FALSE
201939,"Stephen Curry","1610612744","Golden State Warriors",2018,"0021700928","20180302",-22.5,7.85,FALSE
201939,"Stephen Curry","1610612744","Golden State Warriors",2018,"0021700963","20180306",13.1,28.35,FALSE
201939,"Stephen Curry","1610612744","Golden State Warriors",2018,"0021700963","20180306",-9.2,20.95,TRUE
201939,"Stephen Curry","1610612744","Golden State Warriors",2018,"0021700963","20180306",-13.2,28.15,FALSE
201939,"Stephen Curry","1610612744","Golden State Warriors",2018,"0021700963","20180306",5.8,10.25,TRUE
201939,"Stephen Curry","1610612744","Golden State Warriors",2018,"0021700963","20180306",2.5,33.65,TRUE
201939,"Stephen Curry","1610612744","Golden State Warriors",2018,"0021700963","20180306",-0.2,33.05,TRUE
201939,"Stephen Curry","1610612744","Golden State Warriors",2018,"0021700963","20180306",-5.6,17.65,FALSE
201939,"Stephen Curry","1610612744","Golden State Warriors",2018,"0021700963","20180306",-3.8,30.05,TRUE
201939,"Stephen Curry","1610612744","Golden State Warriors",2018,"0021700963","20180306",17.7,26.25,FALSE
201939,"Stephen Curry","1610612744","Golden State Warriors",2018,"0021700963","20180306",1.1,6.85,TRUE
201939,"Stephen Curry","1610612744","Golden State Warriors",2018,"0021700963","20180306",2.3,9.95,TRUE
201939,"Stephen Curry","1610612744","Golden State Warriors",2018,"0021700963","20180306",3.2,8.45,FALSE
201939,"Stephen Curry","1610612744","Golden State Warriors",2018,"0021700963","20180306",23.6,8.55,TRUE
201939,"Stephen Curry","1610612744","Golden State Warriors",2018,"0021700963","20180306",-13.6,28.95,FALSE
201939,"Stephen Curry","1610612744","Golden State Warriors",2018,"0021700963","20180306",-7.1,21.25,TRUE
201939,"Stephen Curry","1610612744","Golden State Warriors",2018,"0021700963","20180306",-8.1,32.05,FALSE
201939,"Stephen Curry","1610612744","Golden State Warriors",2018,"0021700963","20180306",-0.9,7.05,TRUE
201939,"Stephen Curry","1610612744","Golden State Warriors",2018,"0021700963","20180306",-15,26.25,TRUE
201939,"Stephen Curry","1610612744","Golden State Warriors",2018,"0021700963","20180306",14.7,28.75,TRUE
201939,"Stephen Curry","1610612744","Golden State Warriors",2018,"0021700963","20180306",-9,30.05,FALSE
201939,"Stephen Curry","1610612744","Golden State Warriors",2018,"0021700976","20180308",11.9,15.25,FALSE
201939,"Stephen Curry","1610612744","Golden State Warriors",2018,"0021701087","20180323",-13.6,11.05,FALSE
201939,"Stephen Curry","1610612744","Golden State Warriors",2018,"0021701087","20180323",-8.3,33.15,FALSE
201939,"Stephen Curry","1610612744","Golden State Warriors",2018,"0021701087","20180323",10.9,18.45,TRUE
201939,"Stephen Curry","1610612744","Golden State Warriors",2018,"0021701087","20180323",-10.6,28.45,FALSE
201939,"Stephen Curry","1610612744","Golden State Warriors",2018,"0021701087","20180323",-8.9,19.65,FALSE
201939,"Stephen Curry","1610612744","Golden State Warriors",2018,"0021701087","20180323",21.5,17.85,FALSE
201939,"Stephen Curry","1610612744","Golden State Warriors",2018,"0021701087","20180323",11.3,16.75,TRUE
201939,"Stephen Curry","1610612744","Golden State Warriors",2018,"0021701087","20180323",-5.6,16.25,TRUE
201939,"Stephen Curry","1610612744","Golden State Warriors",2018,"0021701087","20180323",-10.3,19.45,TRUE
201939,"Stephen Curry","1610612744","Golden State Warriors",2018,"0021701087","20180323",-10.9,28.75,FALSE
201939,"Stephen Curry","1610612744","Golden State Warriors",2018,"0021701087","20180323",-15.8,5.15,TRUE
201939,"Stephen Curry","1610612744","Golden State Warriors",2018,"0021701087","20180323",-18.4,24.25,TRUE
201939,"Stephen Curry","1610612744","Golden State Warriors",2018,"0021701087","20180323",-6,30.55,FALSE
201939,"Stephen Curry","1610612744","Golden State Warriors",2018,"0021701087","20180323",14.5,16.45,TRUE
201939,"Stephen Curry","1610612744","Golden State Warriors",2018,"0021701087","20180323",-1.8,7.95,FALSE
201939,"Stephen Curry","1610612744","Golden State Warriors",2018,"0021701087","20180323",-5.9,30.95,TRUE
201939,"Stephen Curry","1610612744","Golden State Warriors",2018,"0021701087","20180323",0.7,8.45,TRUE
201939,"Stephen Curry","1610612744","Golden State Warriors",2018,"0021701087","20180323",-21.7,18.45,TRUE
201939,"Stephen Curry","1610612744","Golden State Warriors",2019,"0021800002","20181016",-22.6,14.25,TRUE
201939,"Stephen Curry","1610612744","Golden State Warriors",2019,"0021800002","20181016",0.2,11.55,TRUE
201939,"Stephen Curry","1610612744","Golden State Warriors",2019,"0021800002","20181016",-0.5,8.15,TRUE
201939,"Stephen Curry","1610612744","Golden State Warriors",2019,"0021800002","20181016",0.6,7.05,FALSE
201939,"Stephen Curry","1610612744","Golden State Warriors",2019,"0021800002","20181016",22.8,6.05,TRUE
201939,"Stephen Curry","1610612744","Golden State Warriors",2019,"0021800002","20181016",-9.6,7.75,FALSE
201939,"Stephen Curry","1610612744","Golden State Warriors",2019,"0021800002","20181016",20.4,24.75,TRUE
201939,"Stephen Curry","1610612744","Golden State Warriors",2019,"0021800002","20181016",-0.6,7.75,TRUE
201939,"Stephen Curry","1610612744","Golden State Warriors",2019,"0021800002","20181016",-11.3,10.45,FALSE
201939,"Stephen Curry","1610612744","Golden State Warriors",2019,"0021800002","20181016",-2.5,33.35,TRUE
201939,"Stephen Curry","1610612744","Golden State Warriors",2019,"0021800002","20181016",-0.5,33.45,TRUE
201939,"Stephen Curry","1610612744","Golden State Warriors",2019,"0021800002","20181016",2.1,31.95,FALSE
201939,"Stephen Curry","1610612744","Golden State Warriors",2019,"0021800002","20181016",-14.4,27.35,FALSE
201939,"Stephen Curry","1610612744","Golden State Warriors",2019,"0021800002","20181016",-1.8,30.95,FALSE
201939,"Stephen Curry","1610612744","Golden State Warriors",2019,"0021800002","20181016",-19.9,22.55,FALSE
201939,"Stephen Curry","1610612744","Golden State Warriors",2019,"0021800002","20181016",-0.8,6.65,TRUE
201939,"Stephen Curry","1610612744","Golden State Warriors",2019,"0021800002","20181016",-0.7,10.35,FALSE
201939,"Stephen Curry","1610612744","Golden State Warriors",2019,"0021800002","20181016",11.2,5.25,FALSE
201939,"Stephen Curry","1610612744","Golden State Warriors",2019,"0021800002","20181016",-0.6,7.75,TRUE
201939,"Stephen Curry","1610612744","Golden State Warriors",2019,"0021800002","20181016",-3.8,22.35,TRUE
201939,"Stephen Curry","1610612744","Golden State Warriors",2019,"0021800024","20181019",8.2,19.35,TRUE
201939,"Stephen Curry","1610612744","Golden State Warriors",2019,"0021800024","20181019",-21.2,18.45,FALSE
201939,"Stephen Curry","1610612744","Golden State Warriors",2019,"0021800024","20181019",16,5.25,TRUE
201939,"Stephen Curry","1610612744","Golden State Warriors",2019,"0021800024","20181019",-5.7,9.85,FALSE
201939,"Stephen Curry","1610612744","Golden State Warriors",2019,"0021800024","20181019",-2.4,7.85,FALSE
201939,"Stephen Curry","1610612744","Golden State Warriors",2019,"0021800024","20181019",-10.4,21.65,TRUE
201939,"Stephen Curry","1610612744","Golden State Warriors",2019,"0021800024","20181019",-17.1,23.15,TRUE
201939,"Stephen Curry","1610612744","Golden State Warriors",2019,"0021800024","20181019",22.7,11.65,FALSE
201939,"Stephen Curry","1610612744","Golden State Warriors",2019,"0021800024","20181019",1.3,6.55,TRUE
201939,"Stephen Curry","1610612744","Golden State Warriors",2019,"0021800024","20181019",13.7,26.65,TRUE
201939,"Stephen Curry","1610612744","Golden State Warriors",2019,"0021800024","20181019",5,18.45,FALSE
201939,"Stephen Curry","1610612744","Golden State Warriors",2019,"0021800024","20181019",-16.1,23.75,FALSE
201939,"Stephen Curry","1610612744","Golden State Warriors",2019,"0021800024","20181019",2.4,18.65,FALSE
201939,"Stephen Curry","1610612744","Golden State Warriors",2019,"0021800024","20181019",-2.7,7.85,TRUE
201939,"Stephen Curry","1610612744","Golden State Warriors",2019,"0021800024","20181019",-0.4,6.05,TRUE
201939,"Stephen Curry","1610612744","Golden State Warriors",2019,"0021800024","20181019",15.4,7.95,TRUE
201939,"Stephen Curry","1610612744","Golden State Warriors",2019,"0021800024","20181019",-9.7,6.95,TRUE
201939,"Stephen Curry","1610612744","Golden State Warriors",2019,"0021800024","20181019",22.6,15.75,TRUE
201939,"Stephen Curry","1610612744","Golden State Warriors",2019,"0021800024","20181019",4.6,28.55,FALSE
201939,"Stephen Curry","1610612744","Golden State Warriors",2019,"0021800024","20181019",-15.6,24.55,TRUE
201939,"Stephen Curry","1610612744","Golden State Warriors",2019,"0021800024","20181019",-3.3,6.85,FALSE
201939,"Stephen Curry","1610612744","Golden State Warriors",2019,"0021800024","20181019",-13.5,26.35,FALSE
201939,"Stephen Curry","1610612744","Golden State Warriors",2019,"0021800024","20181019",-10.1,28.35,TRUE
201939,"Stephen Curry","1610612744","Golden State Warriors",2019,"0021800024","20181019",2.7,6.55,FALSE
201939,"Stephen Curry","1610612744","Golden State Warriors",2019,"0021800038","20181021",6.8,29.15,FALSE
201939,"Stephen Curry","1610612744","Golden State Warriors",2019,"0021800038","20181021",14.9,24.05,FALSE
201939,"Stephen Curry","1610612744","Golden State Warriors",2019,"0021800038","20181021",-1.1,31.35,TRUE
201939,"Stephen Curry","1610612744","Golden State Warriors",2019,"0021800038","20181021",0.6,6.15,TRUE
201939,"Stephen Curry","1610612744","Golden State Warriors",2019,"0021800038","20181021",-2.2,6.25,FALSE
201939,"Stephen Curry","1610612744","Golden State Warriors",2019,"0021800038","20181021",22.8,4.55,TRUE
201939,"Stephen Curry","1610612744","Golden State Warriors",2019,"0021800038","20181021",-2.5,7.85,FALSE
201939,"Stephen Curry","1610612744","Golden State Warriors",2019,"0021800038","20181021",-9.2,27.65,FALSE
201939,"Stephen Curry","1610612744","Golden State Warriors",2019,"0021800038","20181021",0.4,6.05,FALSE
201939,"Stephen Curry","1610612744","Golden State Warriors",2019,"0021800038","20181021",-4.6,30.15,FALSE
201939,"Stephen Curry","1610612744","Golden State Warriors",2019,"0021800038","20181021",-3.1,7.85,TRUE
201939,"Stephen Curry","1610612744","Golden State Warriors",2019,"0021800038","20181021",-10.6,27.95,FALSE
201939,"Stephen Curry","1610612744","Golden State Warriors",2019,"0021800038","20181021",-23.1,9.55,FALSE
201939,"Stephen Curry","1610612744","Golden State Warriors",2019,"0021800038","20181021",0.7,24.75,TRUE
201939,"Stephen Curry","1610612744","Golden State Warriors",2019,"0021800038","20181021",16,27.55,FALSE
201939,"Stephen Curry","1610612744","Golden State Warriors",2019,"0021800038","20181021",-22.2,6.25,TRUE
201939,"Stephen Curry","1610612744","Golden State Warriors",2019,"0021800038","20181021",-1.5,32.55,FALSE
201939,"Stephen Curry","1610612744","Golden State Warriors",2019,"0021800038","20181021",13.2,26.95,TRUE
201939,"Stephen Curry","1610612744","Golden State Warriors",2019,"0021800038","20181021",-16.9,22.75,TRUE
201939,"Stephen Curry","1610612744","Golden State Warriors",2019,"0021800038","20181021",-8.1,28.95,TRUE
201939,"Stephen Curry","1610612744","Golden State Warriors",2019,"0021800038","20181021",-7.3,31.45,FALSE
201939,"Stephen Curry","1610612744","Golden State Warriors",2019,"0021800038","20181021",-10.8,8.85,TRUE
201939,"Stephen Curry","1610612744","Golden State Warriors",2019,"0021800038","20181021",-22,13.55,FALSE
201939,"Stephen Curry","1610612744","Golden State Warriors",2019,"0021800047","20181022",20.8,22.45,FALSE
201939,"Stephen Curry","1610612744","Golden State Warriors",2019,"0021800047","20181022",0.5,9.95,TRUE
201939,"Stephen Curry","1610612744","Golden State Warriors",2019,"0021800047","20181022",-21.4,17.75,FALSE
201939,"Stephen Curry","1610612744","Golden State Warriors",2019,"0021800047","20181022",-9.6,14.35,TRUE
201939,"Stephen Curry","1610612744","Golden State Warriors",2019,"0021800047","20181022",4.9,30.45,FALSE
201939,"Stephen Curry","1610612744","Golden State Warriors",2019,"0021800047","20181022",23.4,12.35,FALSE
201939,"Stephen Curry","1610612744","Golden State Warriors",2019,"0021800047","20181022",13.8,58.25,FALSE
201939,"Stephen Curry","1610612744","Golden State Warriors",2019,"0021800047","20181022",-17.4,24.05,TRUE
201939,"Stephen Curry","1610612744","Golden State Warriors",2019,"0021800047","20181022",-0.4,8.35,TRUE
201939,"Stephen Curry","1610612744","Golden State Warriors",2019,"0021800047","20181022",-13.9,27.55,TRUE
201939,"Stephen Curry","1610612744","Golden State Warriors",2019,"0021800047","20181022",0,8.15,TRUE
201939,"Stephen Curry","1610612744","Golden State Warriors",2019,"0021800047","20181022",22.7,5.55,TRUE
201939,"Stephen Curry","1610612744","Golden State Warriors",2019,"0021800047","20181022",-18.6,22.95,FALSE
201939,"Stephen Curry","1610612744","Golden State Warriors",2019,"0021800047","20181022",-1.3,9.35,TRUE
201939,"Stephen Curry","1610612744","Golden State Warriors",2019,"0021800047","20181022",7.5,29.55,TRUE
201939,"Stephen Curry","1610612744","Golden State Warriors",2019,"0021800047","20181022",-9.6,29.75,TRUE
201939,"Stephen Curry","1610612744","Golden State Warriors",2019,"0021800047","20181022",-8.7,31.95,TRUE
201939,"Stephen Curry","1610612744","Golden State Warriors",2019,"0021800047","20181022",-14.9,34.95,FALSE
201939,"Stephen Curry","1610612744","Golden State Warriors",2019,"0021800062","20181024",-15.4,24.95,TRUE
201939,"Stephen Curry","1610612744","Golden State Warriors",2019,"0021800062","20181024",-0.5,6.45,TRUE
201939,"Stephen Curry","1610612744","Golden State Warriors",2019,"0021800062","20181024",17,27.95,TRUE
201939,"Stephen Curry","1610612744","Golden State Warriors",2019,"0021800062","20181024",-0.9,7.05,FALSE
201939,"Stephen Curry","1610612744","Golden State Warriors",2019,"0021800062","20181024",15.4,32.45,TRUE
201939,"Stephen Curry","1610612744","Golden State Warriors",2019,"0021800062","20181024",1.1,11.45,TRUE
201939,"Stephen Curry","1610612744","Golden State Warriors",2019,"0021800062","20181024",0.7,38.35,TRUE
201939,"Stephen Curry","1610612744","Golden State Warriors",2019,"0021800062","20181024",-8.2,33.05,TRUE
201939,"Stephen Curry","1610612744","Golden State Warriors",2019,"0021800062","20181024",-0.6,6.85,FALSE
201939,"Stephen Curry","1610612744","Golden State Warriors",2019,"0021800062","20181024",0.7,9.95,TRUE
201939,"Stephen Curry","1610612744","Golden State Warriors",2019,"0021800062","20181024",-10.1,30.85,FALSE
201939,"Stephen Curry","1610612744","Golden State Warriors",2019,"0021800062","20181024",23.4,8.15,FALSE
201939,"Stephen Curry","1610612744","Golden State Warriors",2019,"0021800062","20181024",22.3,17.55,TRUE
201939,"Stephen Curry","1610612744","Golden State Warriors",2019,"0021800062","20181024",-17.9,10.25,TRUE
201939,"Stephen Curry","1610612744","Golden State Warriors",2019,"0021800062","20181024",5.1,16.25,FALSE
201939,"Stephen Curry","1610612744","Golden State Warriors",2019,"0021800062","20181024",1,32.35,TRUE
201939,"Stephen Curry","1610612744","Golden State Warriors",2019,"0021800062","20181024",22.8,8.15,TRUE
201939,"Stephen Curry","1610612744","Golden State Warriors",2019,"0021800062","20181024",22.5,4.05,TRUE
201939,"Stephen Curry","1610612744","Golden State Warriors",2019,"0021800062","20181024",-0.8,12.05,FALSE
201939,"Stephen Curry","1610612744","Golden State Warriors",2019,"0021800062","20181024",20.6,28.45,TRUE
201939,"Stephen Curry","1610612744","Golden State Warriors",2019,"0021800062","20181024",23,4.75,FALSE
201939,"Stephen Curry","1610612744","Golden State Warriors",2019,"0021800062","20181024",0,36.55,TRUE
201939,"Stephen Curry","1610612744","Golden State Warriors",2019,"0021800062","20181024",-0.8,39.95,FALSE
201939,"Stephen Curry","1610612744","Golden State Warriors",2019,"0021800062","20181024",1.8,36.75,FALSE
201939,"Stephen Curry","1610612744","Golden State Warriors",2019,"0021800068","20181026",0.5,5.35,TRUE
201939,"Stephen Curry","1610612744","Golden State Warriors",2019,"0021800068","20181026",6,29.55,TRUE
201939,"Stephen Curry","1610612744","Golden State Warriors",2019,"0021800068","20181026",22.1,3.95,TRUE
201939,"Stephen Curry","1610612744","Golden State Warriors",2019,"0021800068","20181026",-0.3,5.65,TRUE
201939,"Stephen Curry","1610612744","Golden State Warriors",2019,"0021800068","20181026",17.1,21.95,TRUE
201939,"Stephen Curry","1610612744","Golden State Warriors",2019,"0021800068","20181026",-14.3,32.05,FALSE
201939,"Stephen Curry","1610612744","Golden State Warriors",2019,"0021800068","20181026",20.5,1.85,FALSE
201939,"Stephen Curry","1610612744","Golden State Warriors",2019,"0021800068","20181026",0.2,30.25,FALSE
201939,"Stephen Curry","1610612744","Golden State Warriors",2019,"0021800068","20181026",-14.1,30.55,FALSE
201939,"Stephen Curry","1610612744","Golden State Warriors",2019,"0021800068","20181026",-2.2,8.15,FALSE
201939,"Stephen Curry","1610612744","Golden State Warriors",2019,"0021800068","20181026",8.4,31.75,TRUE
201939,"Stephen Curry","1610612744","Golden State Warriors",2019,"0021800068","20181026",-1.1,7.05,TRUE
201939,"Stephen Curry","1610612744","Golden State Warriors",2019,"0021800068","20181026",-22.2,13.55,TRUE
201939,"Stephen Curry","1610612744","Golden State Warriors",2019,"0021800068","20181026",-0.6,6.45,FALSE
201939,"Stephen Curry","1610612744","Golden State Warriors",2019,"0021800068","20181026",-15.4,26.45,FALSE
201939,"Stephen Curry","1610612744","Golden State Warriors",2019,"0021800068","20181026",0.7,24.55,TRUE
201939,"Stephen Curry","1610612744","Golden State Warriors",2019,"0021800068","20181026",-1.5,31.95,FALSE
201939,"Stephen Curry","1610612744","Golden State Warriors",2019,"0021800068","20181026",-15.6,25.35,TRUE
201939,"Stephen Curry","1610612744","Golden State Warriors",2019,"0021800083","20181028",9.1,27.95,TRUE
201939,"Stephen Curry","1610612744","Golden State Warriors",2019,"0021800083","20181028",22.6,6.65,TRUE
201939,"Stephen Curry","1610612744","Golden State Warriors",2019,"0021800083","20181028",-1.6,25.55,FALSE
201939,"Stephen Curry","1610612744","Golden State Warriors",2019,"0021800083","20181028",18.2,21.95,TRUE
201939,"Stephen Curry","1610612744","Golden State Warriors",2019,"0021800083","20181028",-3.9,24.05,FALSE
201939,"Stephen Curry","1610612744","Golden State Warriors",2019,"0021800083","20181028",0.6,7.25,TRUE
201939,"Stephen Curry","1610612744","Golden State Warriors",2019,"0021800083","20181028",-1.1,30.45,FALSE
201939,"Stephen Curry","1610612744","Golden State Warriors",2019,"0021800083","20181028",-9.9,5.55,TRUE
201939,"Stephen Curry","1610612744","Golden State Warriors",2019,"0021800083","20181028",1.4,4.65,TRUE
201939,"Stephen Curry","1610612744","Golden State Warriors",2019,"0021800083","20181028",-7.4,20.35,FALSE
201939,"Stephen Curry","1610612744","Golden State Warriors",2019,"0021800083","20181028",22.8,4.25,TRUE
201939,"Stephen Curry","1610612744","Golden State Warriors",2019,"0021800083","20181028",-1.9,31.65,TRUE
201939,"Stephen Curry","1610612744","Golden State Warriors",2019,"0021800083","20181028",-22.6,14.25,FALSE
201939,"Stephen Curry","1610612744","Golden State Warriors",2019,"0021800083","20181028",-12.1,49.25,FALSE
201939,"Stephen Curry","1610612744","Golden State Warriors",2019,"0021800083","20181028",15.7,18.65,FALSE
201939,"Stephen Curry","1610612744","Golden State Warriors",2019,"0021800083","20181028",-9.2,30.55,FALSE
201939,"Stephen Curry","1610612744","Golden State Warriors",2019,"0021800083","20181028",-1.4,4.45,TRUE
201939,"Stephen Curry","1610612744","Golden State Warriors",2019,"0021800083","20181028",16.5,29.35,TRUE
201939,"Stephen Curry","1610612744","Golden State Warriors",2019,"0021800083","20181028",-5.2,30.45,FALSE
201939,"Stephen Curry","1610612744","Golden State Warriors",2019,"0021800083","20181028",0.8,13.85,FALSE
201939,"Stephen Curry","1610612744","Golden State Warriors",2019,"0021800083","20181028",15.8,26.75,FALSE
201939,"Stephen Curry","1610612744","Golden State Warriors",2019,"0021800083","20181028",-22,12.25,FALSE
201939,"Stephen Curry","1610612744","Golden State Warriors",2019,"0021800083","20181028",23.1,3.15,FALSE
201939,"Stephen Curry","1610612744","Golden State Warriors",2019,"0021800083","20181028",1.6,23.55,FALSE
201939,"Stephen Curry","1610612744","Golden State Warriors",2019,"0021800083","20181028",3,29.95,TRUE
201939,"Stephen Curry","1610612744","Golden State Warriors",2019,"0021800083","20181028",-1.1,4.85,FALSE
201939,"Stephen Curry","1610612744","Golden State Warriors",2019,"0021800091","20181029",0.8,6.35,TRUE
201939,"Stephen Curry","1610612744","Golden State Warriors",2019,"0021800091","20181029",12.2,31.95,TRUE
201939,"Stephen Curry","1610612744","Golden State Warriors",2019,"0021800091","20181029",-2.2,4.95,TRUE
201939,"Stephen Curry","1610612744","Golden State Warriors",2019,"0021800091","20181029",-18,22.85,FALSE
201939,"Stephen Curry","1610612744","Golden State Warriors",2019,"0021800091","20181029",-23.2,4.75,FALSE
201939,"Stephen Curry","1610612744","Golden State Warriors",2019,"0021800091","20181029",0.7,25.35,TRUE
201939,"Stephen Curry","1610612744","Golden State Warriors",2019,"0021800091","20181029",-0.4,7.05,TRUE
201939,"Stephen Curry","1610612744","Golden State Warriors",2019,"0021800091","20181029",1.8,5.65,TRUE
201939,"Stephen Curry","1610612744","Golden State Warriors",2019,"0021800091","20181029",-14.6,25.85,TRUE
201939,"Stephen Curry","1610612744","Golden State Warriors",2019,"0021800108","20181031",6.8,8.85,TRUE
201939,"Stephen Curry","1610612744","Golden State Warriors",2019,"0021800108","20181031",-0.8,35.15,TRUE
201939,"Stephen Curry","1610612744","Golden State Warriors",2019,"0021800108","20181031",0.3,12.25,TRUE
201939,"Stephen Curry","1610612744","Golden State Warriors",2019,"0021800108","20181031",0.5,7.45,FALSE
201939,"Stephen Curry","1610612744","Golden State Warriors",2019,"0021800108","20181031",-3.3,33.05,FALSE
201939,"Stephen Curry","1610612744","Golden State Warriors",2019,"0021800108","20181031",-8.7,23.75,TRUE
201939,"Stephen Curry","1610612744","Golden State Warriors",2019,"0021800108","20181031",-0.2,32.15,TRUE
201939,"Stephen Curry","1610612744","Golden State Warriors",2019,"0021800108","20181031",1.6,11.15,FALSE
201939,"Stephen Curry","1610612744","Golden State Warriors",2019,"0021800108","20181031",15,25.85,TRUE
201939,"Stephen Curry","1610612744","Golden State Warriors",2019,"0021800108","20181031",-6.3,31.55,FALSE
201939,"Stephen Curry","1610612744","Golden State Warriors",2019,"0021800108","20181031",-0.1,7.25,FALSE
201939,"Stephen Curry","1610612744","Golden State Warriors",2019,"0021800108","20181031",-0.9,10.75,TRUE
201939,"Stephen Curry","1610612744","Golden State Warriors",2019,"0021800108","20181031",23,3.65,TRUE
201939,"Stephen Curry","1610612744","Golden State Warriors",2019,"0021800108","20181031",-21.7,19.95,FALSE
201939,"Stephen Curry","1610612744","Golden State Warriors",2019,"0021800108","20181031",0.5,7.85,TRUE
201939,"Stephen Curry","1610612744","Golden State Warriors",2019,"0021800108","20181031",-6.2,32.85,TRUE
201939,"Stephen Curry","1610612744","Golden State Warriors",2019,"0021800108","20181031",-11.6,33.15,TRUE
201939,"Stephen Curry","1610612744","Golden State Warriors",2019,"0021800108","20181031",-13.1,30.05,FALSE
201939,"Stephen Curry","1610612744","Golden State Warriors",2019,"0021800108","20181031",-14.2,27.05,TRUE
201939,"Stephen Curry","1610612744","Golden State Warriors",2019,"0021800108","20181031",0.7,27.75,FALSE
201939,"Stephen Curry","1610612744","Golden State Warriors",2019,"0021800124","20181102",1.7,7.25,TRUE
201939,"Stephen Curry","1610612744","Golden State Warriors",2019,"0021800124","20181102",1.8,31.45,TRUE
201939,"Stephen Curry","1610612744","Golden State Warriors",2019,"0021800124","20181102",0.2,7.45,FALSE
201939,"Stephen Curry","1610612744","Golden State Warriors",2019,"0021800124","20181102",14.3,29.15,FALSE
201939,"Stephen Curry","1610612744","Golden State Warriors",2019,"0021800124","20181102",16.9,26.85,FALSE
201939,"Stephen Curry","1610612744","Golden State Warriors",2019,"0021800124","20181102",-0.3,24.25,TRUE
201939,"Stephen Curry","1610612744","Golden State Warriors",2019,"0021800124","20181102",-0.5,6.55,FALSE
201939,"Stephen Curry","1610612744","Golden State Warriors",2019,"0021800124","20181102",7.7,22.75,FALSE
201939,"Stephen Curry","1610612744","Golden State Warriors",2019,"0021800124","20181102",-0.5,7.05,TRUE
201939,"Stephen Curry","1610612744","Golden State Warriors",2019,"0021800124","20181102",18.3,27.25,TRUE
201939,"Stephen Curry","1610612744","Golden State Warriors",2019,"0021800124","20181102",-5.5,7.45,FALSE
201939,"Stephen Curry","1610612744","Golden State Warriors",2019,"0021800124","20181102",-11.6,29.45,FALSE
201939,"Stephen Curry","1610612744","Golden State Warriors",2019,"0021800124","20181102",8.6,20.75,TRUE
201939,"Stephen Curry","1610612744","Golden State Warriors",2019,"0021800124","20181102",19,23.45,FALSE
201939,"Stephen Curry","1610612744","Golden State Warriors",2019,"0021800124","20181102",1.9,6.05,TRUE
201939,"Stephen Curry","1610612744","Golden State Warriors",2019,"0021800124","20181102",-2.4,9.85,FALSE
201939,"Stephen Curry","1610612744","Golden State Warriors",2019,"0021800124","20181102",-18.5,22.05,TRUE
201939,"Stephen Curry","1610612744","Golden State Warriors",2019,"0021800124","20181102",-17.1,28.75,FALSE
201939,"Stephen Curry","1610612744","Golden State Warriors",2019,"0021800124","20181102",-7.6,31.55,FALSE
201939,"Stephen Curry","1610612744","Golden State Warriors",2019,"0021800124","20181102",0,7.85,TRUE
201939,"Stephen Curry","1610612744","Golden State Warriors",2019,"0021800124","20181102",23,5.35,FALSE
201939,"Stephen Curry","1610612744","Golden State Warriors",2019,"0021800124","20181102",22,17.45,TRUE
201939,"Stephen Curry","1610612744","Golden State Warriors",2019,"0021800124","20181102",-1.1,7.35,TRUE
201939,"Stephen Curry","1610612744","Golden State Warriors",2019,"0021800124","20181102",13.8,26.65,FALSE
201939,"Stephen Curry","1610612744","Golden State Warriors",2019,"0021800147","20181105",17.1,31.65,FALSE
201939,"Stephen Curry","1610612744","Golden State Warriors",2019,"0021800147","20181105",-9.3,24.95,FALSE
201939,"Stephen Curry","1610612744","Golden State Warriors",2019,"0021800147","20181105",-14.6,29.65,FALSE
201939,"Stephen Curry","1610612744","Golden State Warriors",2019,"0021800147","20181105",7.8,20.35,FALSE
201939,"Stephen Curry","1610612744","Golden State Warriors",2019,"0021800147","20181105",14.7,32.95,TRUE
201939,"Stephen Curry","1610612744","Golden State Warriors",2019,"0021800147","20181105",11.4,20.65,FALSE
201939,"Stephen Curry","1610612744","Golden State Warriors",2019,"0021800147","20181105",1.2,7.85,FALSE
201939,"Stephen Curry","1610612744","Golden State Warriors",2019,"0021800147","20181105",-3.6,7.85,FALSE
201939,"Stephen Curry","1610612744","Golden State Warriors",2019,"0021800147","20181105",0.8,17.95,TRUE
201939,"Stephen Curry","1610612744","Golden State Warriors",2019,"0021800147","20181105",21.8,19.05,TRUE
201939,"Stephen Curry","1610612744","Golden State Warriors",2019,"0021800147","20181105",10,20.95,FALSE
201939,"Stephen Curry","1610612744","Golden State Warriors",2019,"0021800147","20181105",-10.3,20.95,TRUE
201939,"Stephen Curry","1610612744","Golden State Warriors",2019,"0021800147","20181105",-0.3,9.25,TRUE
201939,"Stephen Curry","1610612744","Golden State Warriors",2019,"0021800147","20181105",-15.8,27.15,FALSE
201939,"Stephen Curry","1610612744","Golden State Warriors",2019,"0021800147","20181105",-10.3,5.55,FALSE
201939,"Stephen Curry","1610612744","Golden State Warriors",2019,"0021800147","20181105",20.5,23.15,TRUE
201939,"Stephen Curry","1610612744","Golden State Warriors",2019,"0021800147","20181105",1.9,7.15,FALSE
201939,"Stephen Curry","1610612744","Golden State Warriors",2019,"0021800166","20181108",5.5,15.65,FALSE
201939,"Stephen Curry","1610612744","Golden State Warriors",2019,"0021800166","20181108",-1.4,8.35,TRUE
201939,"Stephen Curry","1610612744","Golden State Warriors",2019,"0021800166","20181108",-15.8,28.85,FALSE
201939,"Stephen Curry","1610612744","Golden State Warriors",2019,"0021800166","20181108",4.9,9.05,TRUE
201939,"Stephen Curry","1610612744","Golden State Warriors",2019,"0021800166","20181108",5.7,31.95,FALSE
201939,"Stephen Curry","1610612744","Golden State Warriors",2019,"0021800166","20181108",-11.9,20.55,FALSE
201939,"Stephen Curry","1610612744","Golden State Warriors",2019,"0021800166","20181108",-13.3,23.15,TRUE
201939,"Stephen Curry","1610612744","Golden State Warriors",2019,"0021800166","20181108",-4,30.95,FALSE
201939,"Stephen Curry","1610612744","Golden State Warriors",2019,"0021800166","20181108",-9.6,14.35,FALSE
201939,"Stephen Curry","1610612744","Golden State Warriors",2019,"0021800166","20181108",9.8,22.15,TRUE
201939,"Stephen Curry","1610612744","Golden State Warriors",2019,"0021800166","20181108",-1.7,7.25,FALSE
201939,"Stephen Curry","1610612744","Golden State Warriors",2019,"0021800166","20181108",-8.8,21.75,FALSE
201939,"Stephen Curry","1610612744","Golden State Warriors",2019,"0021800166","20181108",-18.8,7.75,TRUE
201939,"Stephen Curry","1610612744","Golden State Warriors",2019,"0021800166","20181108",15,30.55,FALSE
201939,"Stephen Curry","1610612744","Golden State Warriors",2019,"0021800331","20181201",14.6,29.15,FALSE
201939,"Stephen Curry","1610612744","Golden State Warriors",2019,"0021800331","20181201",13.3,29.35,FALSE
201939,"Stephen Curry","1610612744","Golden State Warriors",2019,"0021800331","20181201",13.1,28.35,FALSE
201939,"Stephen Curry","1610612744","Golden State Warriors",2019,"0021800331","20181201",1.1,7.45,TRUE
201939,"Stephen Curry","1610612744","Golden State Warriors",2019,"0021800331","20181201",-1.1,7.15,FALSE
201939,"Stephen Curry","1610612744","Golden State Warriors",2019,"0021800331","20181201",16.7,8.85,FALSE
201939,"Stephen Curry","1610612744","Golden State Warriors",2019,"0021800331","20181201",-7.6,17.75,TRUE
201939,"Stephen Curry","1610612744","Golden State Warriors",2019,"0021800331","20181201",-15.8,30.25,FALSE
201939,"Stephen Curry","1610612744","Golden State Warriors",2019,"0021800331","20181201",5.8,54.75,FALSE
201939,"Stephen Curry","1610612744","Golden State Warriors",2019,"0021800331","20181201",13.3,29.65,TRUE
201939,"Stephen Curry","1610612744","Golden State Warriors",2019,"0021800331","20181201",21.8,22.25,TRUE
201939,"Stephen Curry","1610612744","Golden State Warriors",2019,"0021800331","20181201",5,6.85,TRUE
201939,"Stephen Curry","1610612744","Golden State Warriors",2019,"0021800331","20181201",-2.4,15.85,FALSE
201939,"Stephen Curry","1610612744","Golden State Warriors",2019,"0021800331","20181201",-0.9,6.95,TRUE
201939,"Stephen Curry","1610612744","Golden State Warriors",2019,"0021800331","20181201",4.4,8.05,FALSE
201939,"Stephen Curry","1610612744","Golden State Warriors",2019,"0021800331","20181201",7.8,32.55,TRUE
201939,"Stephen Curry","1610612744","Golden State Warriors",2019,"0021800331","20181201",11.7,33.05,FALSE
201939,"Stephen Curry","1610612744","Golden State Warriors",2019,"0021800331","20181201",2.5,7.95,TRUE
201939,"Stephen Curry","1610612744","Golden State Warriors",2019,"0021800331","20181201",-3.5,8.35,FALSE
201939,"Stephen Curry","1610612744","Golden State Warriors",2019,"0021800331","20181201",0.8,27.35,TRUE
201939,"Stephen Curry","1610612744","Golden State Warriors",2019,"0021800331","20181201",-1.5,8.05,TRUE
201939,"Stephen Curry","1610612744","Golden State Warriors",2019,"0021800344","20181203",13.1,27.25,TRUE
201939,"Stephen Curry","1610612744","Golden State Warriors",2019,"0021800344","20181203",22.2,4.55,TRUE
201939,"Stephen Curry","1610612744","Golden State Warriors",2019,"0021800344","20181203",-20.7,20.25,TRUE
201939,"Stephen Curry","1610612744","Golden State Warriors",2019,"0021800344","20181203",0.4,6.95,TRUE
201939,"Stephen Curry","1610612744","Golden State Warriors",2019,"0021800344","20181203",0.4,6.05,TRUE
201939,"Stephen Curry","1610612744","Golden State Warriors",2019,"0021800344","20181203",3.3,29.95,TRUE
201939,"Stephen Curry","1610612744","Golden State Warriors",2019,"0021800344","20181203",12.7,27.35,FALSE
201939,"Stephen Curry","1610612744","Golden State Warriors",2019,"0021800344","20181203",-13.7,26.75,FALSE
201939,"Stephen Curry","1610612744","Golden State Warriors",2019,"0021800344","20181203",0.4,6.15,TRUE
201939,"Stephen Curry","1610612744","Golden State Warriors",2019,"0021800344","20181203",-2.3,30.45,FALSE
201939,"Stephen Curry","1610612744","Golden State Warriors",2019,"0021800344","20181203",3.5,30.05,FALSE
201939,"Stephen Curry","1610612744","Golden State Warriors",2019,"0021800344","20181203",18.7,22.25,TRUE
201939,"Stephen Curry","1610612744","Golden State Warriors",2019,"0021800344","20181203",0.6,6.55,FALSE
201939,"Stephen Curry","1610612744","Golden State Warriors",2019,"0021800344","20181203",20.1,8.85,FALSE
201939,"Stephen Curry","1610612744","Golden State Warriors",2019,"0021800344","20181203",-19.9,4.15,FALSE
201939,"Stephen Curry","1610612744","Golden State Warriors",2019,"0021800344","20181203",0,6.45,TRUE
201939,"Stephen Curry","1610612744","Golden State Warriors",2019,"0021800344","20181203",-0.8,30.95,TRUE
201939,"Stephen Curry","1610612744","Golden State Warriors",2019,"0021800355","20181205",-15.4,17.25,FALSE
201939,"Stephen Curry","1610612744","Golden State Warriors",2019,"0021800355","20181205",13.6,26.55,TRUE
201939,"Stephen Curry","1610612744","Golden State Warriors",2019,"0021800355","20181205",13.5,29.85,FALSE
201939,"Stephen Curry","1610612744","Golden State Warriors",2019,"0021800355","20181205",-1.2,7.15,TRUE
201939,"Stephen Curry","1610612744","Golden State Warriors",2019,"0021800355","20181205",1.5,31.45,TRUE
201939,"Stephen Curry","1610612744","Golden State Warriors",2019,"0021800355","20181205",-23.1,4.85,TRUE
201939,"Stephen Curry","1610612744","Golden State Warriors",2019,"0021800355","20181205",-19,32.15,TRUE
201939,"Stephen Curry","1610612744","Golden State Warriors",2019,"0021800355","20181205",0.5,5.65,TRUE
201939,"Stephen Curry","1610612744","Golden State Warriors",2019,"0021800355","20181205",10.3,20.05,FALSE
201939,"Stephen Curry","1610612744","Golden State Warriors",2019,"0021800355","20181205",22.1,7.65,FALSE
201939,"Stephen Curry","1610612744","Golden State Warriors",2019,"0021800355","20181205",17.2,26.05,TRUE
201939,"Stephen Curry","1610612744","Golden State Warriors",2019,"0021800355","20181205",19.2,24.55,TRUE
201939,"Stephen Curry","1610612744","Golden State Warriors",2019,"0021800355","20181205",8.7,36.75,FALSE
201939,"Stephen Curry","1610612744","Golden State Warriors",2019,"0021800355","20181205",16.1,27.25,TRUE
201939,"Stephen Curry","1610612744","Golden State Warriors",2019,"0021800355","20181205",-2.6,5.85,FALSE
201939,"Stephen Curry","1610612744","Golden State Warriors",2019,"0021800355","20181205",-17.8,22.65,FALSE
201939,"Stephen Curry","1610612744","Golden State Warriors",2019,"0021800355","20181205",0.2,4.65,FALSE
201939,"Stephen Curry","1610612744","Golden State Warriors",2019,"0021800355","20181205",-3.7,29.95,TRUE
201939,"Stephen Curry","1610612744","Golden State Warriors",2019,"0021800355","20181205",-10.7,27.95,TRUE
201939,"Stephen Curry","1610612744","Golden State Warriors",2019,"0021800355","20181205",-18.8,23.25,FALSE
201939,"Stephen Curry","1610612744","Golden State Warriors",2019,"0021800377","20181207",-12.8,18.95,FALSE
201939,"Stephen Curry","1610612744","Golden State Warriors",2019,"0021800377","20181207",19.1,27.85,TRUE
201939,"Stephen Curry","1610612744","Golden State Warriors",2019,"0021800377","20181207",5.1,31.15,TRUE
201939,"Stephen Curry","1610612744","Golden State Warriors",2019,"0021800377","20181207",-0.3,6.45,FALSE
201939,"Stephen Curry","1610612744","Golden State Warriors",2019,"0021800377","20181207",19.6,27.35,FALSE
201939,"Stephen Curry","1610612744","Golden State Warriors",2019,"0021800377","20181207",0.6,5.25,TRUE
201939,"Stephen Curry","1610612744","Golden State Warriors",2019,"0021800377","20181207",7.2,31.75,FALSE
201939,"Stephen Curry","1610612744","Golden State Warriors",2019,"0021800377","20181207",1.1,6.25,TRUE
201939,"Stephen Curry","1610612744","Golden State Warriors",2019,"0021800377","20181207",12.3,18.45,FALSE
201939,"Stephen Curry","1610612744","Golden State Warriors",2019,"0021800377","20181207",-2.2,21.05,FALSE
201939,"Stephen Curry","1610612744","Golden State Warriors",2019,"0021800377","20181207",-10.1,30.55,FALSE
201939,"Stephen Curry","1610612744","Golden State Warriors",2019,"0021800377","20181207",-7.7,32.65,TRUE
201939,"Stephen Curry","1610612744","Golden State Warriors",2019,"0021800377","20181207",10.6,28.45,FALSE
201939,"Stephen Curry","1610612744","Golden State Warriors",2019,"0021800377","20181207",0.2,7.65,FALSE
201939,"Stephen Curry","1610612744","Golden State Warriors",2019,"0021800377","20181207",-23.4,16.25,TRUE
201939,"Stephen Curry","1610612744","Golden State Warriors",2019,"0021800377","20181207",-13,29.85,FALSE
201939,"Stephen Curry","1610612744","Golden State Warriors",2019,"0021800377","20181207",-0.2,5.85,TRUE
201939,"Stephen Curry","1610612744","Golden State Warriors",2019,"0021800400","20181210",17.6,24.85,TRUE
201939,"Stephen Curry","1610612744","Golden State Warriors",2019,"0021800400","20181210",14.1,28.75,FALSE
201939,"Stephen Curry","1610612744","Golden State Warriors",2019,"0021800400","20181210",-11.6,22.55,FALSE
201939,"Stephen Curry","1610612744","Golden State Warriors",2019,"0021800400","20181210",-2.2,7.95,TRUE
201939,"Stephen Curry","1610612744","Golden State Warriors",2019,"0021800400","20181210",2.4,36.25,FALSE
201939,"Stephen Curry","1610612744","Golden State Warriors",2019,"0021800400","20181210",1.2,9.55,FALSE
201939,"Stephen Curry","1610612744","Golden State Warriors",2019,"0021800400","20181210",-22.7,9.05,FALSE
201939,"Stephen Curry","1610612744","Golden State Warriors",2019,"0021800400","20181210",22.5,8.95,TRUE
201939,"Stephen Curry","1610612744","Golden State Warriors",2019,"0021800400","20181210",13,16.95,FALSE
201939,"Stephen Curry","1610612744","Golden State Warriors",2019,"0021800400","20181210",-0.2,12.15,TRUE
201939,"Stephen Curry","1610612744","Golden State Warriors",2019,"0021800400","20181210",-3.7,32.75,FALSE
201939,"Stephen Curry","1610612744","Golden State Warriors",2019,"0021800400","20181210",22.6,6.55,TRUE
201939,"Stephen Curry","1610612744","Golden State Warriors",2019,"0021800400","20181210",-17.5,26.35,FALSE
201939,"Stephen Curry","1610612744","Golden State Warriors",2019,"0021800400","20181210",-23,12.15,TRUE
201939,"Stephen Curry","1610612744","Golden State Warriors",2019,"0021800400","20181210",17.9,23.15,FALSE
201939,"Stephen Curry","1610612744","Golden State Warriors",2019,"0021800400","20181210",0.8,6.25,TRUE
201939,"Stephen Curry","1610612744","Golden State Warriors",2019,"0021800400","20181210",7,11.25,TRUE
201939,"Stephen Curry","1610612744","Golden State Warriors",2019,"0021800400","20181210",15.8,25.85,TRUE
201939,"Stephen Curry","1610612744","Golden State Warriors",2019,"0021800400","20181210",2.2,6.65,FALSE
201939,"Stephen Curry","1610612744","Golden State Warriors",2019,"0021800400","20181210",-0.3,35.15,TRUE
201939,"Stephen Curry","1610612744","Golden State Warriors",2019,"0021800400","20181210",-11.6,30.45,TRUE
201939,"Stephen Curry","1610612744","Golden State Warriors",2019,"0021800400","20181210",-17,14.15,TRUE
201939,"Stephen Curry","1610612744","Golden State Warriors",2019,"0021800400","20181210",-1.9,35.05,FALSE
201939,"Stephen Curry","1610612744","Golden State Warriors",2019,"0021800415","20181212",23.2,8.85,TRUE
201939,"Stephen Curry","1610612744","Golden State Warriors",2019,"0021800415","20181212",-8.9,25.85,FALSE
201939,"Stephen Curry","1610612744","Golden State Warriors",2019,"0021800415","20181212",23.1,7.55,FALSE
201939,"Stephen Curry","1610612744","Golden State Warriors",2019,"0021800415","20181212",23.1,5.95,FALSE
201939,"Stephen Curry","1610612744","Golden State Warriors",2019,"0021800415","20181212",-15.1,26.35,TRUE
201939,"Stephen Curry","1610612744","Golden State Warriors",2019,"0021800415","20181212",12.8,28.25,FALSE
201939,"Stephen Curry","1610612744","Golden State Warriors",2019,"0021800415","20181212",-0.9,8.45,FALSE
201939,"Stephen Curry","1610612744","Golden State Warriors",2019,"0021800415","20181212",-9.5,20.45,TRUE
201939,"Stephen Curry","1610612744","Golden State Warriors",2019,"0021800415","20181212",20.9,20.75,FALSE
201939,"Stephen Curry","1610612744","Golden State Warriors",2019,"0021800415","20181212",16.9,24.55,FALSE
201939,"Stephen Curry","1610612744","Golden State Warriors",2019,"0021800415","20181212",-16.5,24.45,FALSE
201939,"Stephen Curry","1610612744","Golden State Warriors",2019,"0021800415","20181212",11.6,9.25,FALSE
201939,"Stephen Curry","1610612744","Golden State Warriors",2019,"0021800428","20181214",-11.8,21.55,TRUE
201939,"Stephen Curry","1610612744","Golden State Warriors",2019,"0021800428","20181214",19.3,21.15,FALSE
201939,"Stephen Curry","1610612744","Golden State Warriors",2019,"0021800428","20181214",1.4,5.75,TRUE
201939,"Stephen Curry","1610612744","Golden State Warriors",2019,"0021800428","20181214",-23.6,7.05,TRUE
201939,"Stephen Curry","1610612744","Golden State Warriors",2019,"0021800428","20181214",0.8,6.05,FALSE
201939,"Stephen Curry","1610612744","Golden State Warriors",2019,"0021800428","20181214",-21.6,17.05,TRUE
201939,"Stephen Curry","1610612744","Golden State Warriors",2019,"0021800428","20181214",6,12.05,TRUE
201939,"Stephen Curry","1610612744","Golden State Warriors",2019,"0021800428","20181214",10.4,28.35,FALSE
201939,"Stephen Curry","1610612744","Golden State Warriors",2019,"0021800428","20181214",-14.6,29.65,FALSE
201939,"Stephen Curry","1610612744","Golden State Warriors",2019,"0021800428","20181214",22.9,8.95,TRUE
201939,"Stephen Curry","1610612744","Golden State Warriors",2019,"0021800428","20181214",-20,21.45,FALSE
201939,"Stephen Curry","1610612744","Golden State Warriors",2019,"0021800428","20181214",3.5,66.55,FALSE
201939,"Stephen Curry","1610612744","Golden State Warriors",2019,"0021800428","20181214",16.2,23.65,TRUE
201939,"Stephen Curry","1610612744","Golden State Warriors",2019,"0021800428","20181214",0.4,7.65,TRUE
201939,"Stephen Curry","1610612744","Golden State Warriors",2019,"0021800428","20181214",-22.4,7.15,TRUE
201939,"Stephen Curry","1610612744","Golden State Warriors",2019,"0021800428","20181214",-3.3,24.55,FALSE
201939,"Stephen Curry","1610612744","Golden State Warriors",2019,"0021800428","20181214",-6.1,21.95,TRUE
201939,"Stephen Curry","1610612744","Golden State Warriors",2019,"0021800428","20181214",-13.2,19.25,FALSE
201939,"Stephen Curry","1610612744","Golden State Warriors",2019,"0021800428","20181214",-13.7,26.25,FALSE
201939,"Stephen Curry","1610612744","Golden State Warriors",2019,"0021800428","20181214",-16.3,27.45,FALSE
201939,"Stephen Curry","1610612744","Golden State Warriors",2019,"0021800428","20181214",-23,9.45,FALSE
201939,"Stephen Curry","1610612744","Golden State Warriors",2019,"0021800428","20181214",10.5,28.15,FALSE
201939,"Stephen Curry","1610612744","Golden State Warriors",2019,"0021800428","20181214",0.5,5.55,TRUE
201939,"Stephen Curry","1610612744","Golden State Warriors",2019,"0021800449","20181217",16.5,27.55,FALSE
201939,"Stephen Curry","1610612744","Golden State Warriors",2019,"0021800449","20181217",1.3,7.45,FALSE
201939,"Stephen Curry","1610612744","Golden State Warriors",2019,"0021800449","20181217",2.3,7.05,TRUE
201939,"Stephen Curry","1610612744","Golden State Warriors",2019,"0021800449","20181217",23.1,8.85,FALSE
201939,"Stephen Curry","1610612744","Golden State Warriors",2019,"0021800449","20181217",22.8,17.45,FALSE
201939,"Stephen Curry","1610612744","Golden State Warriors",2019,"0021800449","20181217",15.5,31.65,TRUE
201939,"Stephen Curry","1610612744","Golden State Warriors",2019,"0021800449","20181217",18.1,25.75,FALSE
201939,"Stephen Curry","1610612744","Golden State Warriors",2019,"0021800449","20181217",5.5,14.05,TRUE
201939,"Stephen Curry","1610612744","Golden State Warriors",2019,"0021800449","20181217",19.4,21.95,TRUE
201939,"Stephen Curry","1610612744","Golden State Warriors",2019,"0021800449","20181217",-12.2,20.25,FALSE
201939,"Stephen Curry","1610612744","Golden State Warriors",2019,"0021800449","20181217",1.6,6.05,TRUE
201939,"Stephen Curry","1610612744","Golden State Warriors",2019,"0021800449","20181217",-14.1,30.05,TRUE
201939,"Stephen Curry","1610612744","Golden State Warriors",2019,"0021800449","20181217",-9.5,31.35,FALSE
201939,"Stephen Curry","1610612744","Golden State Warriors",2019,"0021800449","20181217",0.4,8.25,FALSE
201939,"Stephen Curry","1610612744","Golden State Warriors",2019,"0021800449","20181217",0.2,8.85,FALSE
201939,"Stephen Curry","1610612744","Golden State Warriors",2019,"0021800449","20181217",19.4,22.65,FALSE
201939,"Stephen Curry","1610612744","Golden State Warriors",2019,"0021800464","20181219",-1.1,21.55,FALSE
201939,"Stephen Curry","1610612744","Golden State Warriors",2019,"0021800464","20181219",-2.5,7.15,FALSE
201939,"Stephen Curry","1610612744","Golden State Warriors",2019,"0021800464","20181219",22.8,10.95,TRUE
201939,"Stephen Curry","1610612744","Golden State Warriors",2019,"0021800464","20181219",1.4,4.65,TRUE
201939,"Stephen Curry","1610612744","Golden State Warriors",2019,"0021800464","20181219",-23.4,15.05,TRUE
201939,"Stephen Curry","1610612744","Golden State Warriors",2019,"0021800464","20181219",16.2,23.75,TRUE
201939,"Stephen Curry","1610612744","Golden State Warriors",2019,"0021800464","20181219",-3.4,6.35,TRUE
201939,"Stephen Curry","1610612744","Golden State Warriors",2019,"0021800464","20181219",15,25.65,TRUE
201939,"Stephen Curry","1610612744","Golden State Warriors",2019,"0021800464","20181219",-2.8,7.95,TRUE
201939,"Stephen Curry","1610612744","Golden State Warriors",2019,"0021800464","20181219",-4.6,15.15,FALSE
201939,"Stephen Curry","1610612744","Golden State Warriors",2019,"0021800464","20181219",-22.5,4.45,FALSE
201939,"Stephen Curry","1610612744","Golden State Warriors",2019,"0021800464","20181219",20.3,21.95,FALSE
201939,"Stephen Curry","1610612744","Golden State Warriors",2019,"0021800464","20181219",23.1,5.75,TRUE
201939,"Stephen Curry","1610612744","Golden State Warriors",2019,"0021800464","20181219",11.5,13.65,TRUE
201939,"Stephen Curry","1610612744","Golden State Warriors",2019,"0021800464","20181219",9.3,18.05,FALSE
201939,"Stephen Curry","1610612744","Golden State Warriors",2019,"0021800464","20181219",3.2,7.55,TRUE
201939,"Stephen Curry","1610612744","Golden State Warriors",2019,"0021800464","20181219",-2.4,5.65,TRUE
201939,"Stephen Curry","1610612744","Golden State Warriors",2019,"0021800464","20181219",0,8.35,FALSE
201939,"Stephen Curry","1610612744","Golden State Warriors",2019,"0021800464","20181219",18.3,23.15,FALSE
201939,"Stephen Curry","1610612744","Golden State Warriors",2019,"0021800464","20181219",-2,5.75,TRUE
201939,"Stephen Curry","1610612744","Golden State Warriors",2019,"0021800464","20181219",21,20.75,FALSE
201939,"Stephen Curry","1610612744","Golden State Warriors",2019,"0021800484","20181222",21,21.65,FALSE
201939,"Stephen Curry","1610612744","Golden State Warriors",2019,"0021800484","20181222",-11.7,31.15,FALSE
201939,"Stephen Curry","1610612744","Golden State Warriors",2019,"0021800484","20181222",17.5,31.45,FALSE
201939,"Stephen Curry","1610612744","Golden State Warriors",2019,"0021800484","20181222",21.3,22.25,TRUE
201939,"Stephen Curry","1610612744","Golden State Warriors",2019,"0021800484","20181222",13.6,30.65,TRUE
201939,"Stephen Curry","1610612744","Golden State Warriors",2019,"0021800484","20181222",22.1,27.75,FALSE
201939,"Stephen Curry","1610612744","Golden State Warriors",2019,"0021800484","20181222",-12.5,19.95,TRUE
201939,"Stephen Curry","1610612744","Golden State Warriors",2019,"0021800484","20181222",1.9,8.15,FALSE
201939,"Stephen Curry","1610612744","Golden State Warriors",2019,"0021800484","20181222",-17.2,11.45,FALSE
201939,"Stephen Curry","1610612744","Golden State Warriors",2019,"0021800484","20181222",15.7,27.75,TRUE
201939,"Stephen Curry","1610612744","Golden State Warriors",2019,"0021800484","20181222",-23.3,11.95,TRUE
201939,"Stephen Curry","1610612744","Golden State Warriors",2019,"0021800484","20181222",22.8,10.95,FALSE
201939,"Stephen Curry","1610612744","Golden State Warriors",2019,"0021800484","20181222",-17.7,27.55,FALSE
201939,"Stephen Curry","1610612744","Golden State Warriors",2019,"0021800484","20181222",-9.2,31.25,FALSE
201939,"Stephen Curry","1610612744","Golden State Warriors",2019,"0021800484","20181222",1.9,7.35,FALSE
201939,"Stephen Curry","1610612744","Golden State Warriors",2019,"0021800484","20181222",17.1,23.95,FALSE
201939,"Stephen Curry","1610612744","Golden State Warriors",2019,"0021800484","20181222",15.4,26.75,FALSE
201939,"Stephen Curry","1610612744","Golden State Warriors",2019,"0021800484","20181222",0,6.15,FALSE
201939,"Stephen Curry","1610612744","Golden State Warriors",2019,"0021800484","20181222",-16.8,29.95,TRUE
201939,"Stephen Curry","1610612744","Golden State Warriors",2019,"0021800484","20181222",-15.8,26.35,TRUE
201939,"Stephen Curry","1610612744","Golden State Warriors",2019,"0021800484","20181222",23.1,12.65,FALSE
201939,"Stephen Curry","1610612744","Golden State Warriors",2019,"0021800484","20181222",1.1,31.25,FALSE
201939,"Stephen Curry","1610612744","Golden State Warriors",2019,"0021800494","20181223",-1.5,7.25,TRUE
201939,"Stephen Curry","1610612744","Golden State Warriors",2019,"0021800494","20181223",-23,9.85,FALSE
201939,"Stephen Curry","1610612744","Golden State Warriors",2019,"0021800494","20181223",-0.4,6.25,TRUE
201939,"Stephen Curry","1610612744","Golden State Warriors",2019,"0021800494","20181223",14.2,29.55,FALSE
201939,"Stephen Curry","1610612744","Golden State Warriors",2019,"0021800494","20181223",-18.5,24.75,FALSE
201939,"Stephen Curry","1610612744","Golden State Warriors",2019,"0021800494","20181223",-23,6.55,TRUE
201939,"Stephen Curry","1610612744","Golden State Warriors",2019,"0021800494","20181223",-6.8,31.95,FALSE
201939,"Stephen Curry","1610612744","Golden State Warriors",2019,"0021800494","20181223",12.8,31.05,TRUE
201939,"Stephen Curry","1610612744","Golden State Warriors",2019,"0021800494","20181223",13.3,19.45,TRUE
201939,"Stephen Curry","1610612744","Golden State Warriors",2019,"0021800494","20181223",-8.1,31.95,TRUE
201939,"Stephen Curry","1610612744","Golden State Warriors",2019,"0021800494","20181223",-2,7.65,TRUE
201939,"Stephen Curry","1610612744","Golden State Warriors",2019,"0021800494","20181223",-1.7,34.05,FALSE
201939,"Stephen Curry","1610612744","Golden State Warriors",2019,"0021800494","20181223",-16,25.85,FALSE
201939,"Stephen Curry","1610612744","Golden State Warriors",2019,"0021800494","20181223",10.8,28.35,TRUE
201939,"Stephen Curry","1610612744","Golden State Warriors",2019,"0021800494","20181223",9.2,15.55,TRUE
201939,"Stephen Curry","1610612744","Golden State Warriors",2019,"0021800494","20181223",0.3,12.75,FALSE
201939,"Stephen Curry","1610612744","Golden State Warriors",2019,"0021800494","20181223",16.3,24.75,FALSE
201939,"Stephen Curry","1610612744","Golden State Warriors",2019,"0021800494","20181223",-17.5,24.75,FALSE
201939,"Stephen Curry","1610612744","Golden State Warriors",2019,"0021800494","20181223",23.2,6.65,TRUE
201939,"Stephen Curry","1610612744","Golden State Warriors",2019,"0021800494","20181223",13,27.85,TRUE
201939,"Stephen Curry","1610612744","Golden State Warriors",2019,"0021800494","20181223",-16.8,28.85,FALSE
201939,"Stephen Curry","1610612744","Golden State Warriors",2019,"0021800494","20181223",-1.3,7.75,TRUE
201939,"Stephen Curry","1610612744","Golden State Warriors",2019,"0021800500","20181225",11.1,20.45,FALSE
201939,"Stephen Curry","1610612744","Golden State Warriors",2019,"0021800500","20181225",14.7,30.85,FALSE
201939,"Stephen Curry","1610612744","Golden State Warriors",2019,"0021800500","20181225",0.9,8.85,TRUE
201939,"Stephen Curry","1610612744","Golden State Warriors",2019,"0021800500","20181225",-10.1,21.65,TRUE
201939,"Stephen Curry","1610612744","Golden State Warriors",2019,"0021800500","20181225",19.7,24.35,FALSE
201939,"Stephen Curry","1610612744","Golden State Warriors",2019,"0021800500","20181225",-15.6,27.75,FALSE
201939,"Stephen Curry","1610612744","Golden State Warriors",2019,"0021800500","20181225",-0.5,6.85,TRUE
201939,"Stephen Curry","1610612744","Golden State Warriors",2019,"0021800500","20181225",15.7,12.55,FALSE
201939,"Stephen Curry","1610612744","Golden State Warriors",2019,"0021800500","20181225",20.2,6.75,FALSE
201939,"Stephen Curry","1610612744","Golden State Warriors",2019,"0021800500","20181225",23.1,6.55,FALSE
201939,"Stephen Curry","1610612744","Golden State Warriors",2019,"0021800500","20181225",-0.7,15.15,FALSE
201939,"Stephen Curry","1610612744","Golden State Warriors",2019,"0021800500","20181225",2.1,8.45,FALSE
201939,"Stephen Curry","1610612744","Golden State Warriors",2019,"0021800500","20181225",-2.4,31.55,TRUE
201939,"Stephen Curry","1610612744","Golden State Warriors",2019,"0021800500","20181225",-23.4,7.15,TRUE
201939,"Stephen Curry","1610612744","Golden State Warriors",2019,"0021800500","20181225",-16.8,28.95,FALSE
201939,"Stephen Curry","1610612744","Golden State Warriors",2019,"0021800500","20181225",-18.7,24.65,FALSE
201939,"Stephen Curry","1610612744","Golden State Warriors",2019,"0021800500","20181225",10,9.85,FALSE
201939,"Stephen Curry","1610612744","Golden State Warriors",2019,"0021800516","20181227",-1.6,13.75,TRUE
201939,"Stephen Curry","1610612744","Golden State Warriors",2019,"0021800516","20181227",15.2,6.25,FALSE
201939,"Stephen Curry","1610612744","Golden State Warriors",2019,"0021800516","20181227",-1.2,11.95,TRUE
201939,"Stephen Curry","1610612744","Golden State Warriors",2019,"0021800516","20181227",18.4,6.65,TRUE
201939,"Stephen Curry","1610612744","Golden State Warriors",2019,"0021800516","20181227",-19.8,22.55,FALSE
201939,"Stephen Curry","1610612744","Golden State Warriors",2019,"0021800516","20181227",-0.8,18.15,TRUE
201939,"Stephen Curry","1610612744","Golden State Warriors",2019,"0021800516","20181227",14.3,26.75,TRUE
201939,"Stephen Curry","1610612744","Golden State Warriors",2019,"0021800516","20181227",6,30.55,TRUE
201939,"Stephen Curry","1610612744","Golden State Warriors",2019,"0021800516","20181227",-13.4,11.35,FALSE
201939,"Stephen Curry","1610612744","Golden State Warriors",2019,"0021800516","20181227",-19.7,41.45,FALSE
201939,"Stephen Curry","1610612744","Golden State Warriors",2019,"0021800516","20181227",-10.6,31.15,FALSE
201939,"Stephen Curry","1610612744","Golden State Warriors",2019,"0021800516","20181227",-9.2,9.75,FALSE
201939,"Stephen Curry","1610612744","Golden State Warriors",2019,"0021800516","20181227",13.6,34.55,TRUE
201939,"Stephen Curry","1610612744","Golden State Warriors",2019,"0021800516","20181227",-7.1,32.15,FALSE
201939,"Stephen Curry","1610612744","Golden State Warriors",2019,"0021800516","20181227",-22.8,11.25,FALSE
201939,"Stephen Curry","1610612744","Golden State Warriors",2019,"0021800516","20181227",-0.3,22.85,FALSE
201939,"Stephen Curry","1610612744","Golden State Warriors",2019,"0021800516","20181227",14.5,33.55,TRUE
201939,"Stephen Curry","1610612744","Golden State Warriors",2019,"0021800516","20181227",1.9,34.05,FALSE
201939,"Stephen Curry","1610612744","Golden State Warriors",2019,"0021800516","20181227",-18.3,25.15,FALSE
201939,"Stephen Curry","1610612744","Golden State Warriors",2019,"0021800516","20181227",1.1,9.05,TRUE
201939,"Stephen Curry","1610612744","Golden State Warriors",2019,"0021800516","20181227",-20.7,19.95,TRUE
201939,"Stephen Curry","1610612744","Golden State Warriors",2019,"0021800516","20181227",-20.1,24.25,FALSE
201939,"Stephen Curry","1610612744","Golden State Warriors",2019,"0021800516","20181227",-20.1,22.25,TRUE
201939,"Stephen Curry","1610612744","Golden State Warriors",2019,"0021800516","20181227",7.2,34.35,FALSE
201939,"Stephen Curry","1610612744","Golden State Warriors",2019,"0021800516","20181227",9.9,22.65,FALSE
201939,"Stephen Curry","1610612744","Golden State Warriors",2019,"0021800516","20181227",-13.1,20.15,FALSE
201939,"Stephen Curry","1610612744","Golden State Warriors",2019,"0021800534","20181229",-6.5,16.75,TRUE
201939,"Stephen Curry","1610612744","Golden State Warriors",2019,"0021800534","20181229",-12.6,27.75,FALSE
201939,"Stephen Curry","1610612744","Golden State Warriors",2019,"0021800534","20181229",-2.3,5.75,FALSE
201939,"Stephen Curry","1610612744","Golden State Warriors",2019,"0021800534","20181229",-5,26.25,TRUE
201939,"Stephen Curry","1610612744","Golden State Warriors",2019,"0021800534","20181229",-3.8,18.35,TRUE
201939,"Stephen Curry","1610612744","Golden State Warriors",2019,"0021800534","20181229",18,23.95,TRUE
201939,"Stephen Curry","1610612744","Golden State Warriors",2019,"0021800534","20181229",22.6,12.75,FALSE
201939,"Stephen Curry","1610612744","Golden State Warriors",2019,"0021800534","20181229",15.5,12.65,FALSE
201939,"Stephen Curry","1610612744","Golden State Warriors",2019,"0021800534","20181229",17.1,26.85,FALSE
201939,"Stephen Curry","1610612744","Golden State Warriors",2019,"0021800534","20181229",18.8,22.15,TRUE
201939,"Stephen Curry","1610612744","Golden State Warriors",2019,"0021800534","20181229",-2.6,30.65,FALSE
201939,"Stephen Curry","1610612744","Golden State Warriors",2019,"0021800534","20181229",7.1,12.65,FALSE
201939,"Stephen Curry","1610612744","Golden State Warriors",2019,"0021800534","20181229",-13.1,28.85,FALSE
201939,"Stephen Curry","1610612744","Golden State Warriors",2019,"0021800534","20181229",22.3,6.85,FALSE
201939,"Stephen Curry","1610612744","Golden State Warriors",2019,"0021800534","20181229",-2.4,21.65,TRUE
201939,"Stephen Curry","1610612744","Golden State Warriors",2019,"0021800548","20181231",0.4,6.15,FALSE
201939,"Stephen Curry","1610612744","Golden State Warriors",2019,"0021800548","20181231",-1.2,30.35,FALSE
201939,"Stephen Curry","1610612744","Golden State Warriors",2019,"0021800548","20181231",3,6.75,TRUE
201939,"Stephen Curry","1610612744","Golden State Warriors",2019,"0021800548","20181231",0.9,5.25,TRUE
201939,"Stephen Curry","1610612744","Golden State Warriors",2019,"0021800548","20181231",0.3,5.75,TRUE
201939,"Stephen Curry","1610612744","Golden State Warriors",2019,"0021800548","20181231",18.8,21.85,TRUE
201939,"Stephen Curry","1610612744","Golden State Warriors",2019,"0021800548","20181231",8.7,18.25,FALSE
201939,"Stephen Curry","1610612744","Golden State Warriors",2019,"0021800548","20181231",16.1,25.15,FALSE
201939,"Stephen Curry","1610612744","Golden State Warriors",2019,"0021800548","20181231",-14.2,19.25,TRUE
201939,"Stephen Curry","1610612744","Golden State Warriors",2019,"0021800548","20181231",-6.1,16.95,TRUE
201939,"Stephen Curry","1610612744","Golden State Warriors",2019,"0021800548","20181231",-2.4,31.15,TRUE
201939,"Stephen Curry","1610612744","Golden State Warriors",2019,"0021800548","20181231",-8.2,29.05,TRUE
201939,"Stephen Curry","1610612744","Golden State Warriors",2019,"0021800548","20181231",-17.4,23.25,FALSE
201939,"Stephen Curry","1610612744","Golden State Warriors",2019,"0021800548","20181231",-0.4,4.95,TRUE
201939,"Stephen Curry","1610612744","Golden State Warriors",2019,"0021800548","20181231",23,8.35,TRUE
201939,"Stephen Curry","1610612744","Golden State Warriors",2019,"0021800548","20181231",23,8.15,TRUE
201939,"Stephen Curry","1610612744","Golden State Warriors",2019,"0021800548","20181231",0.1,32.75,FALSE
201939,"Stephen Curry","1610612744","Golden State Warriors",2019,"0021800565","20190103",22.5,11.45,FALSE
201939,"Stephen Curry","1610612744","Golden State Warriors",2019,"0021800565","20190103",4.7,34.35,FALSE
201939,"Stephen Curry","1610612744","Golden State Warriors",2019,"0021800565","20190103",5.7,31.75,FALSE
201939,"Stephen Curry","1610612744","Golden State Warriors",2019,"0021800565","20190103",-0.3,8.95,TRUE
201939,"Stephen Curry","1610612744","Golden State Warriors",2019,"0021800565","20190103",21.9,19.55,TRUE
201939,"Stephen Curry","1610612744","Golden State Warriors",2019,"0021800565","20190103",-0.9,7.35,TRUE
201939,"Stephen Curry","1610612744","Golden State Warriors",2019,"0021800565","20190103",-19,23.25,FALSE
201939,"Stephen Curry","1610612744","Golden State Warriors",2019,"0021800565","20190103",2.4,7.25,TRUE
201939,"Stephen Curry","1610612744","Golden State Warriors",2019,"0021800565","20190103",12,34.25,TRUE
201939,"Stephen Curry","1610612744","Golden State Warriors",2019,"0021800565","20190103",0.2,21.05,TRUE
201939,"Stephen Curry","1610612744","Golden State Warriors",2019,"0021800565","20190103",1,6.25,TRUE
201939,"Stephen Curry","1610612744","Golden State Warriors",2019,"0021800565","20190103",-23,7.95,TRUE
201939,"Stephen Curry","1610612744","Golden State Warriors",2019,"0021800565","20190103",-23,5.15,FALSE
201939,"Stephen Curry","1610612744","Golden State Warriors",2019,"0021800565","20190103",14.5,19.95,FALSE
201939,"Stephen Curry","1610612744","Golden State Warriors",2019,"0021800565","20190103",19,25.65,TRUE
201939,"Stephen Curry","1610612744","Golden State Warriors",2019,"0021800565","20190103",2.6,6.95,TRUE
201939,"Stephen Curry","1610612744","Golden State Warriors",2019,"0021800565","20190103",15.4,26.55,FALSE
201939,"Stephen Curry","1610612744","Golden State Warriors",2019,"0021800565","20190103",-18.8,24.65,FALSE
201939,"Stephen Curry","1610612744","Golden State Warriors",2019,"0021800565","20190103",-1.1,11.05,FALSE
201939,"Stephen Curry","1610612744","Golden State Warriors",2019,"0021800565","20190103",0.4,12.55,TRUE
201939,"Stephen Curry","1610612744","Golden State Warriors",2019,"0021800565","20190103",-20.9,22.35,FALSE
201939,"Stephen Curry","1610612744","Golden State Warriors",2019,"0021800565","20190103",-7.3,33.05,FALSE
201939,"Stephen Curry","1610612744","Golden State Warriors",2019,"0021800565","20190103",0,76.65,FALSE
201939,"Stephen Curry","1610612744","Golden State Warriors",2019,"0021800565","20190103",0.6,6.35,TRUE
201939,"Stephen Curry","1610612744","Golden State Warriors",2019,"0021800565","20190103",23,4.55,TRUE
201939,"Stephen Curry","1610612744","Golden State Warriors",2019,"0021800565","20190103",-10,12.55,FALSE
201939,"Stephen Curry","1610612744","Golden State Warriors",2019,"0021800565","20190103",16.5,11.95,TRUE
201939,"Stephen Curry","1610612744","Golden State Warriors",2019,"0021800583","20190105",-17.8,23.05,FALSE
201939,"Stephen Curry","1610612744","Golden State Warriors",2019,"0021800583","20190105",17.7,23.05,TRUE
201939,"Stephen Curry","1610612744","Golden State Warriors",2019,"0021800583","20190105",-18.8,22.15,TRUE
201939,"Stephen Curry","1610612744","Golden State Warriors",2019,"0021800583","20190105",0.6,32.65,TRUE
201939,"Stephen Curry","1610612744","Golden State Warriors",2019,"0021800583","20190105",13.7,19.05,TRUE
201939,"Stephen Curry","1610612744","Golden State Warriors",2019,"0021800583","20190105",22.8,14.15,FALSE
201939,"Stephen Curry","1610612744","Golden State Warriors",2019,"0021800583","20190105",16.1,25.45,TRUE
201939,"Stephen Curry","1610612744","Golden State Warriors",2019,"0021800583","20190105",19.8,12.85,TRUE
201939,"Stephen Curry","1610612744","Golden State Warriors",2019,"0021800583","20190105",2,6.75,FALSE
201939,"Stephen Curry","1610612744","Golden State Warriors",2019,"0021800583","20190105",11.6,27.65,TRUE
201939,"Stephen Curry","1610612744","Golden State Warriors",2019,"0021800583","20190105",-18.1,22.55,TRUE
201939,"Stephen Curry","1610612744","Golden State Warriors",2019,"0021800583","20190105",-6.1,30.05,FALSE
201939,"Stephen Curry","1610612744","Golden State Warriors",2019,"0021800583","20190105",-14.9,25.05,FALSE
201939,"Stephen Curry","1610612744","Golden State Warriors",2019,"0021800583","20190105",9.7,27.45,FALSE
201939,"Stephen Curry","1610612744","Golden State Warriors",2019,"0021800583","20190105",-3,29.55,TRUE
201939,"Stephen Curry","1610612744","Golden State Warriors",2019,"0021800583","20190105",-8.7,29.35,FALSE
201939,"Stephen Curry","1610612744","Golden State Warriors",2019,"0021800583","20190105",-23.4,9.55,FALSE
201939,"Stephen Curry","1610612744","Golden State Warriors",2019,"0021800583","20190105",5.7,31.65,TRUE
201939,"Stephen Curry","1610612744","Golden State Warriors",2019,"0021800583","20190105",-8.4,29.95,TRUE
201939,"Stephen Curry","1610612744","Golden State Warriors",2019,"0021800583","20190105",-0.3,9.25,TRUE
201939,"Stephen Curry","1610612744","Golden State Warriors",2019,"0021800583","20190105",-9,25.65,FALSE
201939,"Stephen Curry","1610612744","Golden State Warriors",2019,"0021800583","20190105",-14.9,28.35,TRUE
201939,"Stephen Curry","1610612744","Golden State Warriors",2019,"0021800583","20190105",22.3,16.65,FALSE
201939,"Stephen Curry","1610612744","Golden State Warriors",2019,"0021800583","20190105",1.9,5.75,TRUE
201939,"Stephen Curry","1610612744","Golden State Warriors",2019,"0021800583","20190105",-10.3,28.85,FALSE
201939,"Stephen Curry","1610612744","Golden State Warriors",2019,"0021800583","20190105",22.6,4.25,FALSE
201939,"Stephen Curry","1610612744","Golden State Warriors",2019,"0021800605","20190108",3.2,13.65,FALSE
201939,"Stephen Curry","1610612744","Golden State Warriors",2019,"0021800605","20190108",23.2,10.95,TRUE
201939,"Stephen Curry","1610612744","Golden State Warriors",2019,"0021800605","20190108",23,15.15,FALSE
201939,"Stephen Curry","1610612744","Golden State Warriors",2019,"0021800605","20190108",-22.7,15.15,FALSE
201939,"Stephen Curry","1610612744","Golden State Warriors",2019,"0021800605","20190108",-12.8,27.45,FALSE
201939,"Stephen Curry","1610612744","Golden State Warriors",2019,"0021800605","20190108",0.5,6.95,FALSE
201939,"Stephen Curry","1610612744","Golden State Warriors",2019,"0021800605","20190108",0.9,32.75,TRUE
201939,"Stephen Curry","1610612744","Golden State Warriors",2019,"0021800605","20190108",-17.4,24.35,FALSE
201939,"Stephen Curry","1610612744","Golden State Warriors",2019,"0021800605","20190108",-8.6,9.75,TRUE
201939,"Stephen Curry","1610612744","Golden State Warriors",2019,"0021800605","20190108",0,7.85,FALSE
201939,"Stephen Curry","1610612744","Golden State Warriors",2019,"0021800605","20190108",-16.6,26.95,TRUE
201939,"Stephen Curry","1610612744","Golden State Warriors",2019,"0021800605","20190108",-0.3,7.45,TRUE
201939,"Stephen Curry","1610612744","Golden State Warriors",2019,"0021800605","20190108",-19.3,14.65,FALSE
201939,"Stephen Curry","1610612744","Golden State Warriors",2019,"0021800605","20190108",19.2,24.75,FALSE
201939,"Stephen Curry","1610612744","Golden State Warriors",2019,"0021800605","20190108",0.4,12.55,FALSE
201939,"Stephen Curry","1610612744","Golden State Warriors",2019,"0021800605","20190108",-17.1,26.75,FALSE
201939,"Stephen Curry","1610612744","Golden State Warriors",2019,"0021800605","20190108",-10.3,31.25,FALSE
201939,"Stephen Curry","1610612744","Golden State Warriors",2019,"0021800605","20190108",-8.9,31.85,FALSE
201939,"Stephen Curry","1610612744","Golden State Warriors",2019,"0021800605","20190108",17.9,24.55,FALSE
201939,"Stephen Curry","1610612744","Golden State Warriors",2019,"0021800629","20190111",1.9,6.55,TRUE
201939,"Stephen Curry","1610612744","Golden State Warriors",2019,"0021800629","20190111",-17.6,5.05,TRUE
201939,"Stephen Curry","1610612744","Golden State Warriors",2019,"0021800629","20190111",0.2,33.05,FALSE
201939,"Stephen Curry","1610612744","Golden State Warriors",2019,"0021800629","20190111",20.5,20.25,FALSE
201939,"Stephen Curry","1610612744","Golden State Warriors",2019,"0021800629","20190111",18.8,25.05,TRUE
201939,"Stephen Curry","1610612744","Golden State Warriors",2019,"0021800629","20190111",17.2,24.25,FALSE
201939,"Stephen Curry","1610612744","Golden State Warriors",2019,"0021800629","20190111",0.8,6.85,TRUE
201939,"Stephen Curry","1610612744","Golden State Warriors",2019,"0021800629","20190111",-2.3,6.95,TRUE
201939,"Stephen Curry","1610612744","Golden State Warriors",2019,"0021800629","20190111",-16,25.85,FALSE
201939,"Stephen Curry","1610612744","Golden State Warriors",2019,"0021800629","20190111",-16.8,27.35,TRUE
201939,"Stephen Curry","1610612744","Golden State Warriors",2019,"0021800629","20190111",-21.2,20.55,TRUE
201939,"Stephen Curry","1610612744","Golden State Warriors",2019,"0021800629","20190111",-12.4,30.65,TRUE
201939,"Stephen Curry","1610612744","Golden State Warriors",2019,"0021800629","20190111",-16.5,28.35,FALSE
201939,"Stephen Curry","1610612744","Golden State Warriors",2019,"0021800629","20190111",5.2,16.95,TRUE
201939,"Stephen Curry","1610612744","Golden State Warriors",2019,"0021800629","20190111",0.8,35.25,FALSE
201939,"Stephen Curry","1610612744","Golden State Warriors",2019,"0021800629","20190111",-22.8,10.45,TRUE
201939,"Stephen Curry","1610612744","Golden State Warriors",2019,"0021800642","20190113",0.3,5.65,TRUE
201939,"Stephen Curry","1610612744","Golden State Warriors",2019,"0021800642","20190113",-9.5,29.15,TRUE
201939,"Stephen Curry","1610612744","Golden State Warriors",2019,"0021800642","20190113",20.5,6.35,FALSE
201939,"Stephen Curry","1610612744","Golden State Warriors",2019,"0021800642","20190113",0,4.65,FALSE
201939,"Stephen Curry","1610612744","Golden State Warriors",2019,"0021800642","20190113",-22.1,8.25,TRUE
201939,"Stephen Curry","1610612744","Golden State Warriors",2019,"0021800642","20190113",-1.4,5.75,TRUE
201939,"Stephen Curry","1610612744","Golden State Warriors",2019,"0021800642","20190113",1.1,30.45,FALSE
201939,"Stephen Curry","1610612744","Golden State Warriors",2019,"0021800642","20190113",5.9,29.85,TRUE
201939,"Stephen Curry","1610612744","Golden State Warriors",2019,"0021800642","20190113",-7.1,29.55,TRUE
201939,"Stephen Curry","1610612744","Golden State Warriors",2019,"0021800642","20190113",-11.5,28.15,FALSE
201939,"Stephen Curry","1610612744","Golden State Warriors",2019,"0021800642","20190113",-7.6,25.65,FALSE
201939,"Stephen Curry","1610612744","Golden State Warriors",2019,"0021800642","20190113",-18.1,22.55,FALSE
201939,"Stephen Curry","1610612744","Golden State Warriors",2019,"0021800642","20190113",-2.3,7.15,TRUE
201939,"Stephen Curry","1610612744","Golden State Warriors",2019,"0021800642","20190113",-2,30.45,TRUE
201939,"Stephen Curry","1610612744","Golden State Warriors",2019,"0021800642","20190113",10.2,10.95,FALSE
201939,"Stephen Curry","1610612744","Golden State Warriors",2019,"0021800642","20190113",19.3,12.95,TRUE
201939,"Stephen Curry","1610612744","Golden State Warriors",2019,"0021800642","20190113",19.1,25.95,TRUE
201939,"Stephen Curry","1610612744","Golden State Warriors",2019,"0021800642","20190113",-4.2,30.35,FALSE
201939,"Stephen Curry","1610612744","Golden State Warriors",2019,"0021800642","20190113",18.8,21.95,TRUE
201939,"Stephen Curry","1610612744","Golden State Warriors",2019,"0021800642","20190113",-19.2,22.05,FALSE
201939,"Stephen Curry","1610612744","Golden State Warriors",2019,"0021800642","20190113",-7.4,6.95,TRUE
201939,"Stephen Curry","1610612744","Golden State Warriors",2019,"0021800642","20190113",1.4,6.45,FALSE
201939,"Stephen Curry","1610612744","Golden State Warriors",2019,"0021800642","20190113",-18.4,21.95,TRUE
201939,"Stephen Curry","1610612744","Golden State Warriors",2019,"0021800642","20190113",15.2,25.75,FALSE
201939,"Stephen Curry","1610612744","Golden State Warriors",2019,"0021800642","20190113",-21.6,17.85,TRUE
201939,"Stephen Curry","1610612744","Golden State Warriors",2019,"0021800642","20190113",0.8,30.95,FALSE
201939,"Stephen Curry","1610612744","Golden State Warriors",2019,"0021800642","20190113",-9.1,19.55,FALSE
201939,"Stephen Curry","1610612744","Golden State Warriors",2019,"0021800642","20190113",22.3,17.55,TRUE
201939,"Stephen Curry","1610612744","Golden State Warriors",2019,"0021800642","20190113",-10.1,29.05,FALSE
201939,"Stephen Curry","1610612744","Golden State Warriors",2019,"0021800642","20190113",-4,17.45,TRUE
201939,"Stephen Curry","1610612744","Golden State Warriors",2019,"0021800642","20190113",-3.8,32.45,TRUE
201939,"Stephen Curry","1610612744","Golden State Warriors",2019,"0021800642","20190113",4.3,7.55,FALSE
201939,"Stephen Curry","1610612744","Golden State Warriors",2019,"0021800655","20190115",21.5,16.65,TRUE
201939,"Stephen Curry","1610612744","Golden State Warriors",2019,"0021800655","20190115",-13.3,27.95,FALSE
201939,"Stephen Curry","1610612744","Golden State Warriors",2019,"0021800655","20190115",-22.8,4.15,TRUE
201939,"Stephen Curry","1610612744","Golden State Warriors",2019,"0021800655","20190115",7.8,31.35,TRUE
201939,"Stephen Curry","1610612744","Golden State Warriors",2019,"0021800655","20190115",-22.1,6.35,FALSE
201939,"Stephen Curry","1610612744","Golden State Warriors",2019,"0021800655","20190115",19.9,18.75,TRUE
201939,"Stephen Curry","1610612744","Golden State Warriors",2019,"0021800655","20190115",22,3.95,FALSE
201939,"Stephen Curry","1610612744","Golden State Warriors",2019,"0021800655","20190115",-0.3,7.25,FALSE
201939,"Stephen Curry","1610612744","Golden State Warriors",2019,"0021800655","20190115",19,21.05,FALSE
201939,"Stephen Curry","1610612744","Golden State Warriors",2019,"0021800655","20190115",1.4,7.75,FALSE
201939,"Stephen Curry","1610612744","Golden State Warriors",2019,"0021800655","20190115",20.4,6.55,TRUE
201939,"Stephen Curry","1610612744","Golden State Warriors",2019,"0021800655","20190115",17,24.35,FALSE
201939,"Stephen Curry","1610612744","Golden State Warriors",2019,"0021800655","20190115",-22.7,8.45,TRUE
201939,"Stephen Curry","1610612744","Golden State Warriors",2019,"0021800655","20190115",-5.1,12.85,FALSE
201939,"Stephen Curry","1610612744","Golden State Warriors",2019,"0021800655","20190115",-19.9,19.15,TRUE
201939,"Stephen Curry","1610612744","Golden State Warriors",2019,"0021800655","20190115",-11.7,19.95,TRUE
201939,"Stephen Curry","1610612744","Golden State Warriors",2019,"0021800655","20190115",17.2,30.65,TRUE
201939,"Stephen Curry","1610612744","Golden State Warriors",2019,"0021800655","20190115",-11.2,32.75,TRUE
201939,"Stephen Curry","1610612744","Golden State Warriors",2019,"0021800663","20190116",12.7,32.15,FALSE
201939,"Stephen Curry","1610612744","Golden State Warriors",2019,"0021800663","20190116",-7.4,32.45,TRUE
201939,"Stephen Curry","1610612744","Golden State Warriors",2019,"0021800663","20190116",-2.6,34.55,FALSE
201939,"Stephen Curry","1610612744","Golden State Warriors",2019,"0021800663","20190116",21.3,22.75,FALSE
201939,"Stephen Curry","1610612744","Golden State Warriors",2019,"0021800663","20190116",9.6,22.45,FALSE
201939,"Stephen Curry","1610612744","Golden State Warriors",2019,"0021800663","20190116",-14.7,30.55,TRUE
201939,"Stephen Curry","1610612744","Golden State Warriors",2019,"0021800663","20190116",3.6,32.05,FALSE
201939,"Stephen Curry","1610612744","Golden State Warriors",2019,"0021800663","20190116",-19,25.15,FALSE
201939,"Stephen Curry","1610612744","Golden State Warriors",2019,"0021800663","20190116",-10,29.75,TRUE
201939,"Stephen Curry","1610612744","Golden State Warriors",2019,"0021800663","20190116",2.7,14.75,FALSE
201939,"Stephen Curry","1610612744","Golden State Warriors",2019,"0021800663","20190116",1.3,6.85,TRUE
201939,"Stephen Curry","1610612744","Golden State Warriors",2019,"0021800663","20190116",15,26.15,TRUE
201939,"Stephen Curry","1610612744","Golden State Warriors",2019,"0021800663","20190116",-10.6,27.85,TRUE
201939,"Stephen Curry","1610612744","Golden State Warriors",2019,"0021800663","20190116",15,26.35,TRUE
201939,"Stephen Curry","1610612744","Golden State Warriors",2019,"0021800663","20190116",-11,30.55,TRUE
201939,"Stephen Curry","1610612744","Golden State Warriors",2019,"0021800663","20190116",-1.7,32.95,TRUE
201939,"Stephen Curry","1610612744","Golden State Warriors",2019,"0021800663","20190116",-6.7,35.55,TRUE
201939,"Stephen Curry","1610612744","Golden State Warriors",2019,"0021800663","20190116",-10.7,29.85,FALSE
201939,"Stephen Curry","1610612744","Golden State Warriors",2019,"0021800663","20190116",16.3,26.85,FALSE
201939,"Stephen Curry","1610612744","Golden State Warriors",2019,"0021800663","20190116",2,7.75,FALSE
201939,"Stephen Curry","1610612744","Golden State Warriors",2019,"0021800663","20190116",-8.4,9.25,TRUE
201939,"Stephen Curry","1610612744","Golden State Warriors",2019,"0021800663","20190116",-21.7,25.55,FALSE
201939,"Stephen Curry","1610612744","Golden State Warriors",2019,"0021800676","20190118",-14.9,24.95,FALSE
201939,"Stephen Curry","1610612744","Golden State Warriors",2019,"0021800676","20190118",12.8,26.85,TRUE
201939,"Stephen Curry","1610612744","Golden State Warriors",2019,"0021800676","20190118",-1.4,6.35,TRUE
201939,"Stephen Curry","1610612744","Golden State Warriors",2019,"0021800676","20190118",23.5,7.45,TRUE
201939,"Stephen Curry","1610612744","Golden State Warriors",2019,"0021800676","20190118",15,26.35,FALSE
201939,"Stephen Curry","1610612744","Golden State Warriors",2019,"0021800676","20190118",-22.8,4.35,FALSE
201939,"Stephen Curry","1610612744","Golden State Warriors",2019,"0021800676","20190118",-22.6,5.95,FALSE
201939,"Stephen Curry","1610612744","Golden State Warriors",2019,"0021800676","20190118",20.2,27.35,TRUE
201939,"Stephen Curry","1610612744","Golden State Warriors",2019,"0021800676","20190118",-2,6.35,TRUE
201939,"Stephen Curry","1610612744","Golden State Warriors",2019,"0021800676","20190118",-23.2,13.55,FALSE
201939,"Stephen Curry","1610612744","Golden State Warriors",2019,"0021800676","20190118",11.9,6.55,FALSE
201939,"Stephen Curry","1610612744","Golden State Warriors",2019,"0021800676","20190118",-2,6.75,TRUE
201939,"Stephen Curry","1610612744","Golden State Warriors",2019,"0021800676","20190118",11.6,6.95,TRUE
201939,"Stephen Curry","1610612744","Golden State Warriors",2019,"0021800676","20190118",17.2,24.25,FALSE
201939,"Stephen Curry","1610612744","Golden State Warriors",2019,"0021800676","20190118",2,6.65,TRUE
201939,"Stephen Curry","1610612744","Golden State Warriors",2019,"0021800676","20190118",-3.6,35.55,FALSE
201939,"Stephen Curry","1610612744","Golden State Warriors",2019,"0021800676","20190118",0.6,6.55,TRUE
201939,"Stephen Curry","1610612744","Golden State Warriors",2019,"0021800676","20190118",5.2,24.15,TRUE
201939,"Stephen Curry","1610612744","Golden State Warriors",2019,"0021800676","20190118",11.1,31.25,FALSE
201939,"Stephen Curry","1610612744","Golden State Warriors",2019,"0021800701","20190121",17.4,26.65,FALSE
201939,"Stephen Curry","1610612744","Golden State Warriors",2019,"0021800701","20190121",16.3,29.15,TRUE
201939,"Stephen Curry","1610612744","Golden State Warriors",2019,"0021800701","20190121",-12,28.05,FALSE
201939,"Stephen Curry","1610612744","Golden State Warriors",2019,"0021800701","20190121",-23.3,12.75,FALSE
201939,"Stephen Curry","1610612744","Golden State Warriors",2019,"0021800701","20190121",-1.4,6.45,TRUE
201939,"Stephen Curry","1610612744","Golden State Warriors",2019,"0021800701","20190121",-16.3,24.85,FALSE
201939,"Stephen Curry","1610612744","Golden State Warriors",2019,"0021800701","20190121",-24.1,5.25,FALSE
201939,"Stephen Curry","1610612744","Golden State Warriors",2019,"0021800701","20190121",-4,43.75,FALSE
201939,"Stephen Curry","1610612744","Golden State Warriors",2019,"0021800701","20190121",23.2,5.25,TRUE
201939,"Stephen Curry","1610612744","Golden State Warriors",2019,"0021800701","20190121",22.1,4.75,FALSE
201939,"Stephen Curry","1610612744","Golden State Warriors",2019,"0021800701","20190121",15.8,24.45,FALSE
201939,"Stephen Curry","1610612744","Golden State Warriors",2019,"0021800701","20190121",11.8,19.85,FALSE
201939,"Stephen Curry","1610612744","Golden State Warriors",2019,"0021800716","20190124",14.1,28.45,FALSE
201939,"Stephen Curry","1610612744","Golden State Warriors",2019,"0021800716","20190124",-5.2,8.25,TRUE
201939,"Stephen Curry","1610612744","Golden State Warriors",2019,"0021800716","20190124",-3.5,11.35,FALSE
201939,"Stephen Curry","1610612744","Golden State Warriors",2019,"0021800716","20190124",8.1,10.85,TRUE
201939,"Stephen Curry","1610612744","Golden State Warriors",2019,"0021800716","20190124",-17.2,36.75,FALSE
201939,"Stephen Curry","1610612744","Golden State Warriors",2019,"0021800716","20190124",3.5,7.15,TRUE
201939,"Stephen Curry","1610612744","Golden State Warriors",2019,"0021800716","20190124",-15.2,16.35,TRUE
201939,"Stephen Curry","1610612744","Golden State Warriors",2019,"0021800716","20190124",16.7,26.25,TRUE
201939,"Stephen Curry","1610612744","Golden State Warriors",2019,"0021800716","20190124",2.4,7.35,TRUE
201939,"Stephen Curry","1610612744","Golden State Warriors",2019,"0021800716","20190124",-0.1,6.65,TRUE
201939,"Stephen Curry","1610612744","Golden State Warriors",2019,"0021800716","20190124",-8.3,33.55,FALSE
201939,"Stephen Curry","1610612744","Golden State Warriors",2019,"0021800716","20190124",22.9,5.05,TRUE
201939,"Stephen Curry","1610612744","Golden State Warriors",2019,"0021800716","20190124",-1.1,5.65,TRUE
201939,"Stephen Curry","1610612744","Golden State Warriors",2019,"0021800716","20190124",22.9,3.85,FALSE
201939,"Stephen Curry","1610612744","Golden State Warriors",2019,"0021800716","20190124",-2.4,6.55,TRUE
201939,"Stephen Curry","1610612744","Golden State Warriors",2019,"0021800716","20190124",0.2,7.75,TRUE
201939,"Stephen Curry","1610612744","Golden State Warriors",2019,"0021800716","20190124",-0.8,6.45,FALSE
201939,"Stephen Curry","1610612744","Golden State Warriors",2019,"0021800716","20190124",-15,14.25,TRUE
201939,"Stephen Curry","1610612744","Golden State Warriors",2019,"0021800716","20190124",12.6,34.25,FALSE
201939,"Stephen Curry","1610612744","Golden State Warriors",2019,"0021800716","20190124",-7.4,19.95,TRUE
201939,"Stephen Curry","1610612744","Golden State Warriors",2019,"0021800716","20190124",0.2,7.85,TRUE
201939,"Stephen Curry","1610612744","Golden State Warriors",2019,"0021800716","20190124",-7.4,11.05,FALSE
201939,"Stephen Curry","1610612744","Golden State Warriors",2019,"0021800716","20190124",13,31.45,FALSE
201939,"Stephen Curry","1610612744","Golden State Warriors",2019,"0021800716","20190124",-0.9,6.35,FALSE
201939,"Stephen Curry","1610612744","Golden State Warriors",2019,"0021800732","20190126",3.8,6.05,FALSE
201939,"Stephen Curry","1610612744","Golden State Warriors",2019,"0021800732","20190126",-19.1,23.05,FALSE
201939,"Stephen Curry","1610612744","Golden State Warriors",2019,"0021800732","20190126",-18.1,25.05,FALSE
201939,"Stephen Curry","1610612744","Golden State Warriors",2019,"0021800732","20190126",-14.8,27.95,FALSE
201939,"Stephen Curry","1610612744","Golden State Warriors",2019,"0021800732","20190126",-21.7,20.55,TRUE
201939,"Stephen Curry","1610612744","Golden State Warriors",2019,"0021800732","20190126",-24,11.65,TRUE
201939,"Stephen Curry","1610612744","Golden State Warriors",2019,"0021800732","20190126",21.1,18.75,TRUE
201939,"Stephen Curry","1610612744","Golden State Warriors",2019,"0021800732","20190126",-18.7,24.45,TRUE
201939,"Stephen Curry","1610612744","Golden State Warriors",2019,"0021800732","20190126",18.7,22.95,TRUE
201939,"Stephen Curry","1610612744","Golden State Warriors",2019,"0021800732","20190126",1.6,6.35,TRUE
201939,"Stephen Curry","1610612744","Golden State Warriors",2019,"0021800732","20190126",-16.6,25.65,FALSE
201939,"Stephen Curry","1610612744","Golden State Warriors",2019,"0021800732","20190126",-23.5,15.35,FALSE
201939,"Stephen Curry","1610612744","Golden State Warriors",2019,"0021800732","20190126",-18.9,23.75,TRUE
201939,"Stephen Curry","1610612744","Golden State Warriors",2019,"0021800732","20190126",-4.3,7.85,FALSE
201939,"Stephen Curry","1610612744","Golden State Warriors",2019,"0021800732","20190126",-10.6,31.45,FALSE
201939,"Stephen Curry","1610612744","Golden State Warriors",2019,"0021800745","20190128",0,5.75,TRUE
201939,"Stephen Curry","1610612744","Golden State Warriors",2019,"0021800745","20190128",-22.6,18.45,TRUE
201939,"Stephen Curry","1610612744","Golden State Warriors",2019,"0021800745","20190128",22.7,2.75,TRUE
201939,"Stephen Curry","1610612744","Golden State Warriors",2019,"0021800745","20190128",4.4,8.15,TRUE
201939,"Stephen Curry","1610612744","Golden State Warriors",2019,"0021800745","20190128",-7.7,23.65,TRUE
201939,"Stephen Curry","1610612744","Golden State Warriors",2019,"0021800745","20190128",17.7,26.15,TRUE
201939,"Stephen Curry","1610612744","Golden State Warriors",2019,"0021800745","20190128",-1.8,6.85,TRUE
201939,"Stephen Curry","1610612744","Golden State Warriors",2019,"0021800745","20190128",23.2,2.95,TRUE
201939,"Stephen Curry","1610612744","Golden State Warriors",2019,"0021800745","20190128",-16.3,22.15,FALSE
201939,"Stephen Curry","1610612744","Golden State Warriors",2019,"0021800745","20190128",12.5,28.65,TRUE
201939,"Stephen Curry","1610612744","Golden State Warriors",2019,"0021800745","20190128",17.7,26.85,TRUE
201939,"Stephen Curry","1610612744","Golden State Warriors",2019,"0021800745","20190128",-20.5,20.45,FALSE
201939,"Stephen Curry","1610612744","Golden State Warriors",2019,"0021800745","20190128",-23.9,5.95,FALSE
201939,"Stephen Curry","1610612744","Golden State Warriors",2019,"0021800768","20190131",0.1,8.35,TRUE
201939,"Stephen Curry","1610612744","Golden State Warriors",2019,"0021800768","20190131",-0.4,6.95,FALSE
201939,"Stephen Curry","1610612744","Golden State Warriors",2019,"0021800768","20190131",-17.6,25.95,TRUE
201939,"Stephen Curry","1610612744","Golden State Warriors",2019,"0021800768","20190131",-19,25.85,TRUE
201939,"Stephen Curry","1610612744","Golden State Warriors",2019,"0021800768","20190131",15.6,20.15,FALSE
201939,"Stephen Curry","1610612744","Golden State Warriors",2019,"0021800768","20190131",-9.6,8.45,TRUE
201939,"Stephen Curry","1610612744","Golden State Warriors",2019,"0021800768","20190131",-19.3,22.65,TRUE
201939,"Stephen Curry","1610612744","Golden State Warriors",2019,"0021800768","20190131",16.8,31.95,TRUE
201939,"Stephen Curry","1610612744","Golden State Warriors",2019,"0021800768","20190131",22.4,15.95,TRUE
201939,"Stephen Curry","1610612744","Golden State Warriors",2019,"0021800768","20190131",-16.8,28.55,FALSE
201939,"Stephen Curry","1610612744","Golden State Warriors",2019,"0021800768","20190131",-22.2,16.55,TRUE
201939,"Stephen Curry","1610612744","Golden State Warriors",2019,"0021800768","20190131",-9.5,69.75,FALSE
201939,"Stephen Curry","1610612744","Golden State Warriors",2019,"0021800768","20190131",-2.2,7.65,FALSE
201939,"Stephen Curry","1610612744","Golden State Warriors",2019,"0021800768","20190131",-14.4,27.95,TRUE
201939,"Stephen Curry","1610612744","Golden State Warriors",2019,"0021800768","20190131",18.7,23.55,FALSE
201939,"Stephen Curry","1610612744","Golden State Warriors",2019,"0021800768","20190131",-0.2,7.45,TRUE
201939,"Stephen Curry","1610612744","Golden State Warriors",2019,"0021800768","20190131",6.9,31.35,TRUE
201939,"Stephen Curry","1610612744","Golden State Warriors",2019,"0021800768","20190131",-15.7,29.85,FALSE
201939,"Stephen Curry","1610612744","Golden State Warriors",2019,"0021800768","20190131",-1.4,31.55,FALSE
201939,"Stephen Curry","1610612744","Golden State Warriors",2019,"0021800768","20190131",0,12.65,FALSE
201939,"Stephen Curry","1610612744","Golden State Warriors",2019,"0021800768","20190131",14.3,27.15,FALSE
201939,"Stephen Curry","1610612744","Golden State Warriors",2019,"0021800768","20190131",11.7,17.35,TRUE
201939,"Stephen Curry","1610612744","Golden State Warriors",2019,"0021800768","20190131",22.5,5.25,TRUE
201939,"Stephen Curry","1610612744","Golden State Warriors",2019,"0021800768","20190131",-3.4,32.65,FALSE
201939,"Stephen Curry","1610612744","Golden State Warriors",2019,"0021800768","20190131",1.3,6.85,FALSE
201939,"Stephen Curry","1610612744","Golden State Warriors",2019,"0021800768","20190131",10.7,29.15,TRUE
201939,"Stephen Curry","1610612744","Golden State Warriors",2019,"0021800768","20190131",16.5,29.95,FALSE
201939,"Stephen Curry","1610612744","Golden State Warriors",2019,"0021800782","20190202",9.2,10.45,FALSE
201939,"Stephen Curry","1610612744","Golden State Warriors",2019,"0021800782","20190202",-22.3,11.15,FALSE
201939,"Stephen Curry","1610612744","Golden State Warriors",2019,"0021800782","20190202",-18.5,23.75,FALSE
201939,"Stephen Curry","1610612744","Golden State Warriors",2019,"0021800782","20190202",15.4,30.65,FALSE
201939,"Stephen Curry","1610612744","Golden State Warriors",2019,"0021800782","20190202",-6.2,30.65,FALSE
201939,"Stephen Curry","1610612744","Golden State Warriors",2019,"0021800782","20190202",-13,10.95,FALSE
201939,"Stephen Curry","1610612744","Golden State Warriors",2019,"0021800782","20190202",-17.6,25.95,FALSE
201939,"Stephen Curry","1610612744","Golden State Warriors",2019,"0021800782","20190202",-4.6,8.85,FALSE
201939,"Stephen Curry","1610612744","Golden State Warriors",2019,"0021800782","20190202",0.4,6.65,TRUE
201939,"Stephen Curry","1610612744","Golden State Warriors",2019,"0021800782","20190202",-17.5,27.05,TRUE
201939,"Stephen Curry","1610612744","Golden State Warriors",2019,"0021800782","20190202",19.6,23.25,TRUE
201939,"Stephen Curry","1610612744","Golden State Warriors",2019,"0021800782","20190202",20.1,24.45,FALSE
201939,"Stephen Curry","1610612744","Golden State Warriors",2019,"0021800782","20190202",8.7,12.55,TRUE
201939,"Stephen Curry","1610612744","Golden State Warriors",2019,"0021800782","20190202",-18.7,37.35,FALSE
201939,"Stephen Curry","1610612744","Golden State Warriors",2019,"0021800782","20190202",-0.5,6.55,TRUE
201939,"Stephen Curry","1610612744","Golden State Warriors",2019,"0021800810","20190206",-12,19.75,FALSE
201939,"Stephen Curry","1610612744","Golden State Warriors",2019,"0021800810","20190206",18.6,17.75,FALSE
201939,"Stephen Curry","1610612744","Golden State Warriors",2019,"0021800810","20190206",1.8,12.95,FALSE
201939,"Stephen Curry","1610612744","Golden State Warriors",2019,"0021800810","20190206",-12.8,29.75,FALSE
201939,"Stephen Curry","1610612744","Golden State Warriors",2019,"0021800810","20190206",1.4,6.65,TRUE
201939,"Stephen Curry","1610612744","Golden State Warriors",2019,"0021800810","20190206",15.2,26.25,FALSE
201939,"Stephen Curry","1610612744","Golden State Warriors",2019,"0021800810","20190206",22.6,5.65,TRUE
201939,"Stephen Curry","1610612744","Golden State Warriors",2019,"0021800810","20190206",1.9,6.75,TRUE
201939,"Stephen Curry","1610612744","Golden State Warriors",2019,"0021800810","20190206",-22.7,8.55,TRUE
201939,"Stephen Curry","1610612744","Golden State Warriors",2019,"0021800810","20190206",-0.5,6.45,TRUE
201939,"Stephen Curry","1610612744","Golden State Warriors",2019,"0021800810","20190206",0.3,7.05,TRUE
201939,"Stephen Curry","1610612744","Golden State Warriors",2019,"0021800810","20190206",-19.4,25.45,TRUE
201939,"Stephen Curry","1610612744","Golden State Warriors",2019,"0021800822","20190208",24.2,5.25,FALSE
201939,"Stephen Curry","1610612744","Golden State Warriors",2019,"0021800822","20190208",20.9,6.85,FALSE
201939,"Stephen Curry","1610612744","Golden State Warriors",2019,"0021800822","20190208",-15.2,27.35,FALSE
201939,"Stephen Curry","1610612744","Golden State Warriors",2019,"0021800822","20190208",-2.3,5.65,FALSE
201939,"Stephen Curry","1610612744","Golden State Warriors",2019,"0021800822","20190208",-0.3,5.55,FALSE
201939,"Stephen Curry","1610612744","Golden State Warriors",2019,"0021800822","20190208",21.1,19.85,TRUE
201939,"Stephen Curry","1610612744","Golden State Warriors",2019,"0021800822","20190208",23.3,6.95,FALSE
201939,"Stephen Curry","1610612744","Golden State Warriors",2019,"0021800822","20190208",9.8,29.05,FALSE
201939,"Stephen Curry","1610612744","Golden State Warriors",2019,"0021800822","20190208",-16,25.85,FALSE
201939,"Stephen Curry","1610612744","Golden State Warriors",2019,"0021800822","20190208",22.3,20.75,FALSE
201939,"Stephen Curry","1610612744","Golden State Warriors",2019,"0021800822","20190208",-19,13.55,TRUE
201939,"Stephen Curry","1610612744","Golden State Warriors",2019,"0021800822","20190208",22.3,17.25,FALSE
201939,"Stephen Curry","1610612744","Golden State Warriors",2019,"0021800822","20190208",-13.1,27.35,TRUE
201939,"Stephen Curry","1610612744","Golden State Warriors",2019,"0021800822","20190208",-21.7,15.95,TRUE
201939,"Stephen Curry","1610612744","Golden State Warriors",2019,"0021800822","20190208",-3.6,7.95,TRUE
201939,"Stephen Curry","1610612744","Golden State Warriors",2019,"0021800822","20190208",-10.7,34.85,FALSE
201939,"Stephen Curry","1610612744","Golden State Warriors",2019,"0021800822","20190208",2.9,11.95,TRUE
201939,"Stephen Curry","1610612744","Golden State Warriors",2019,"0021800838","20190210",11.4,21.05,FALSE
201939,"Stephen Curry","1610612744","Golden State Warriors",2019,"0021800838","20190210",-22.3,9.15,FALSE
201939,"Stephen Curry","1610612744","Golden State Warriors",2019,"0021800838","20190210",-4.1,23.85,FALSE
201939,"Stephen Curry","1610612744","Golden State Warriors",2019,"0021800838","20190210",17.2,29.55,TRUE
201939,"Stephen Curry","1610612744","Golden State Warriors",2019,"0021800838","20190210",9.8,33.75,FALSE
201939,"Stephen Curry","1610612744","Golden State Warriors",2019,"0021800838","20190210",-0.9,23.75,TRUE
201939,"Stephen Curry","1610612744","Golden State Warriors",2019,"0021800838","20190210",10.3,22.55,TRUE
201939,"Stephen Curry","1610612744","Golden State Warriors",2019,"0021800838","20190210",12.6,34.35,FALSE
201939,"Stephen Curry","1610612744","Golden State Warriors",2019,"0021800838","20190210",-6.4,16.35,TRUE
201939,"Stephen Curry","1610612744","Golden State Warriors",2019,"0021800838","20190210",1.2,32.65,TRUE
201939,"Stephen Curry","1610612744","Golden State Warriors",2019,"0021800838","20190210",0.3,36.65,TRUE
201939,"Stephen Curry","1610612744","Golden State Warriors",2019,"0021800838","20190210",16.7,26.05,TRUE
201939,"Stephen Curry","1610612744","Golden State Warriors",2019,"0021800838","20190210",-15.5,29.45,FALSE
201939,"Stephen Curry","1610612744","Golden State Warriors",2019,"0021800838","20190210",0.3,17.45,FALSE
201939,"Stephen Curry","1610612744","Golden State Warriors",2019,"0021800838","20190210",-6.3,7.65,TRUE
201939,"Stephen Curry","1610612744","Golden State Warriors",2019,"0021800838","20190210",-1.2,33.55,TRUE
201939,"Stephen Curry","1610612744","Golden State Warriors",2019,"0021800838","20190210",-9,31.55,FALSE
201939,"Stephen Curry","1610612744","Golden State Warriors",2019,"0021800838","20190210",1.9,9.75,FALSE
201939,"Stephen Curry","1610612744","Golden State Warriors",2019,"0021800852","20190212",12.9,28.45,FALSE
201939,"Stephen Curry","1610612744","Golden State Warriors",2019,"0021800852","20190212",16.1,25.25,FALSE
201939,"Stephen Curry","1610612744","Golden State Warriors",2019,"0021800852","20190212",-0.9,25.35,TRUE
201939,"Stephen Curry","1610612744","Golden State Warriors",2019,"0021800852","20190212",-14.5,27.65,FALSE
201939,"Stephen Curry","1610612744","Golden State Warriors",2019,"0021800852","20190212",1.9,7.35,FALSE
201939,"Stephen Curry","1610612744","Golden State Warriors",2019,"0021800852","20190212",-0.6,6.35,TRUE
201939,"Stephen Curry","1610612744","Golden State Warriors",2019,"0021800852","20190212",16.9,27.35,FALSE
201939,"Stephen Curry","1610612744","Golden State Warriors",2019,"0021800852","20190212",21.1,20.05,FALSE
201939,"Stephen Curry","1610612744","Golden State Warriors",2019,"0021800852","20190212",22.3,15.55,TRUE
201939,"Stephen Curry","1610612744","Golden State Warriors",2019,"0021800852","20190212",16.2,24.75,TRUE
201939,"Stephen Curry","1610612744","Golden State Warriors",2019,"0021800852","20190212",-15.5,32.45,FALSE
201939,"Stephen Curry","1610612744","Golden State Warriors",2019,"0021800852","20190212",-4.6,32.05,TRUE
201939,"Stephen Curry","1610612744","Golden State Warriors",2019,"0021800852","20190212",-15.1,28.85,FALSE
201939,"Stephen Curry","1610612744","Golden State Warriors",2019,"0021800852","20190212",17.9,26.35,FALSE
201939,"Stephen Curry","1610612744","Golden State Warriors",2019,"0021800852","20190212",0.6,21.75,FALSE
201939,"Stephen Curry","1610612744","Golden State Warriors",2019,"0021800852","20190212",-20.6,20.05,TRUE
201939,"Stephen Curry","1610612744","Golden State Warriors",2019,"0021800852","20190212",-14.1,28.25,TRUE
201939,"Stephen Curry","1610612744","Golden State Warriors",2019,"0021800852","20190212",1.6,7.35,TRUE
201939,"Stephen Curry","1610612744","Golden State Warriors",2019,"0021800852","20190212",16.5,29.85,FALSE
201939,"Stephen Curry","1610612744","Golden State Warriors",2019,"0021800862","20190213",-13.7,21.55,TRUE
201939,"Stephen Curry","1610612744","Golden State Warriors",2019,"0021800862","20190213",-10.5,37.35,FALSE
201939,"Stephen Curry","1610612744","Golden State Warriors",2019,"0021800862","20190213",10.8,28.95,TRUE
201939,"Stephen Curry","1610612744","Golden State Warriors",2019,"0021800862","20190213",-11,27.95,FALSE
201939,"Stephen Curry","1610612744","Golden State Warriors",2019,"0021800862","20190213",1.1,20.35,TRUE
201939,"Stephen Curry","1610612744","Golden State Warriors",2019,"0021800862","20190213",-11.9,30.25,FALSE
201939,"Stephen Curry","1610612744","Golden State Warriors",2019,"0021800862","20190213",-0.2,22.45,TRUE
201939,"Stephen Curry","1610612744","Golden State Warriors",2019,"0021800862","20190213",1.6,7.25,FALSE
201939,"Stephen Curry","1610612744","Golden State Warriors",2019,"0021800862","20190213",-14.1,27.85,FALSE
201939,"Stephen Curry","1610612744","Golden State Warriors",2019,"0021800862","20190213",-1.3,5.85,FALSE
201939,"Stephen Curry","1610612744","Golden State Warriors",2019,"0021800862","20190213",20,18.95,TRUE
201939,"Stephen Curry","1610612744","Golden State Warriors",2019,"0021800862","20190213",16.1,28.75,FALSE
201939,"Stephen Curry","1610612744","Golden State Warriors",2019,"0021800862","20190213",10.5,5.65,TRUE
201939,"Stephen Curry","1610612744","Golden State Warriors",2019,"0021800862","20190213",-19.5,5.15,TRUE
201939,"Stephen Curry","1610612744","Golden State Warriors",2019,"0021800862","20190213",-2.6,7.35,FALSE
201939,"Stephen Curry","1610612744","Golden State Warriors",2019,"0021800862","20190213",22.1,14.25,TRUE
201939,"Stephen Curry","1610612744","Golden State Warriors",2019,"0021800862","20190213",-7.8,30.45,TRUE
201939,"Stephen Curry","1610612744","Golden State Warriors",2019,"0021800862","20190213",13.3,28.25,TRUE
201939,"Stephen Curry","1610612744","Golden State Warriors",2019,"0021800862","20190213",-19.3,16.15,FALSE
201939,"Stephen Curry","1610612744","Golden State Warriors",2019,"0021800862","20190213",23.5,6.05,FALSE
201939,"Stephen Curry","1610612744","Golden State Warriors",2019,"0021800862","20190213",-22.5,8.05,FALSE
201939,"Stephen Curry","1610612744","Golden State Warriors",2019,"0021800862","20190213",-11.6,29.15,FALSE
201939,"Stephen Curry","1610612744","Golden State Warriors",2019,"0021800862","20190213",-5.7,31.05,FALSE
201939,"Stephen Curry","1610612744","Golden State Warriors",2019,"0021800862","20190213",-5.2,23.65,FALSE
201939,"Stephen Curry","1610612744","Golden State Warriors",2019,"0021800871","20190221",19.2,24.95,TRUE
201939,"Stephen Curry","1610612744","Golden State Warriors",2019,"0021800871","20190221",0.5,12.25,FALSE
201939,"Stephen Curry","1610612744","Golden State Warriors",2019,"0021800871","20190221",1.2,8.85,FALSE
201939,"Stephen Curry","1610612744","Golden State Warriors",2019,"0021800871","20190221",23.4,8.95,TRUE
201939,"Stephen Curry","1610612744","Golden State Warriors",2019,"0021800871","20190221",-0.9,6.55,TRUE
201939,"Stephen Curry","1610612744","Golden State Warriors",2019,"0021800871","20190221",21.3,21.45,FALSE
201939,"Stephen Curry","1610612744","Golden State Warriors",2019,"0021800871","20190221",22.9,7.85,FALSE
201939,"Stephen Curry","1610612744","Golden State Warriors",2019,"0021800871","20190221",-19.4,26.15,TRUE
201939,"Stephen Curry","1610612744","Golden State Warriors",2019,"0021800871","20190221",-20.4,23.05,TRUE
201939,"Stephen Curry","1610612744","Golden State Warriors",2019,"0021800871","20190221",20.7,24.75,TRUE
201939,"Stephen Curry","1610612744","Golden State Warriors",2019,"0021800871","20190221",-10.7,31.25,FALSE
201939,"Stephen Curry","1610612744","Golden State Warriors",2019,"0021800871","20190221",8.9,19.05,TRUE
201939,"Stephen Curry","1610612744","Golden State Warriors",2019,"0021800871","20190221",-18.2,24.75,TRUE
201939,"Stephen Curry","1610612744","Golden State Warriors",2019,"0021800871","20190221",23,7.45,FALSE
201939,"Stephen Curry","1610612744","Golden State Warriors",2019,"0021800871","20190221",16.8,25.15,FALSE
201939,"Stephen Curry","1610612744","Golden State Warriors",2019,"0021800871","20190221",2.1,9.25,FALSE
201939,"Stephen Curry","1610612744","Golden State Warriors",2019,"0021800871","20190221",-14.1,27.95,TRUE
201939,"Stephen Curry","1610612744","Golden State Warriors",2019,"0021800871","20190221",17.8,24.55,TRUE
201939,"Stephen Curry","1610612744","Golden State Warriors",2019,"0021800871","20190221",20.6,21.05,FALSE
201939,"Stephen Curry","1610612744","Golden State Warriors",2019,"0021800871","20190221",-0.8,10.25,FALSE
201939,"Stephen Curry","1610612744","Golden State Warriors",2019,"0021800871","20190221",4,30.55,TRUE
201939,"Stephen Curry","1610612744","Golden State Warriors",2019,"0021800871","20190221",-14.7,26.85,TRUE
201939,"Stephen Curry","1610612744","Golden State Warriors",2019,"0021800871","20190221",-0.8,8.75,FALSE
201939,"Stephen Curry","1610612744","Golden State Warriors",2019,"0021800892","20190223",-17.9,24.95,TRUE
201939,"Stephen Curry","1610612744","Golden State Warriors",2019,"0021800892","20190223",-16.8,26.65,FALSE
201939,"Stephen Curry","1610612744","Golden State Warriors",2019,"0021800892","20190223",-9.3,8.05,FALSE
201939,"Stephen Curry","1610612744","Golden State Warriors",2019,"0021800892","20190223",-10.7,30.05,FALSE
201939,"Stephen Curry","1610612744","Golden State Warriors",2019,"0021800892","20190223",-22,18.25,TRUE
201939,"Stephen Curry","1610612744","Golden State Warriors",2019,"0021800892","20190223",-1,7.75,TRUE
201939,"Stephen Curry","1610612744","Golden State Warriors",2019,"0021800892","20190223",-0.5,7.85,TRUE
201939,"Stephen Curry","1610612744","Golden State Warriors",2019,"0021800892","20190223",-10.7,28.55,TRUE
201939,"Stephen Curry","1610612744","Golden State Warriors",2019,"0021800892","20190223",0,7.25,TRUE
201939,"Stephen Curry","1610612744","Golden State Warriors",2019,"0021800892","20190223",-12.2,19.85,TRUE
201939,"Stephen Curry","1610612744","Golden State Warriors",2019,"0021800892","20190223",22.7,5.25,FALSE
201939,"Stephen Curry","1610612744","Golden State Warriors",2019,"0021800892","20190223",22.8,4.65,TRUE
201939,"Stephen Curry","1610612744","Golden State Warriors",2019,"0021800892","20190223",5.3,11.95,FALSE
201939,"Stephen Curry","1610612744","Golden State Warriors",2019,"0021800892","20190223",14.3,27.25,FALSE
201939,"Stephen Curry","1610612744","Golden State Warriors",2019,"0021800892","20190223",15.6,28.25,FALSE
201939,"Stephen Curry","1610612744","Golden State Warriors",2019,"0021800892","20190223",-5.1,11.95,FALSE
201939,"Stephen Curry","1610612744","Golden State Warriors",2019,"0021800892","20190223",-10.7,32.05,FALSE
201939,"Stephen Curry","1610612744","Golden State Warriors",2019,"0021800892","20190223",23.3,3.05,TRUE
201939,"Stephen Curry","1610612744","Golden State Warriors",2019,"0021800897","20190225",-23.5,5.35,FALSE
201939,"Stephen Curry","1610612744","Golden State Warriors",2019,"0021800897","20190225",-1.6,7.15,FALSE
201939,"Stephen Curry","1610612744","Golden State Warriors",2019,"0021800897","20190225",10.9,27.35,FALSE
201939,"Stephen Curry","1610612744","Golden State Warriors",2019,"0021800897","20190225",-5.5,32.55,TRUE
201939,"Stephen Curry","1610612744","Golden State Warriors",2019,"0021800897","20190225",-0.6,9.95,FALSE
201939,"Stephen Curry","1610612744","Golden State Warriors",2019,"0021800897","20190225",-22.8,17.65,FALSE
201939,"Stephen Curry","1610612744","Golden State Warriors",2019,"0021800897","20190225",-5.7,32.65,FALSE
201939,"Stephen Curry","1610612744","Golden State Warriors",2019,"0021800897","20190225",-4.3,32.15,TRUE
201939,"Stephen Curry","1610612744","Golden State Warriors",2019,"0021800897","20190225",-9.3,29.35,FALSE
201939,"Stephen Curry","1610612744","Golden State Warriors",2019,"0021800897","20190225",-1.9,7.45,FALSE
201939,"Stephen Curry","1610612744","Golden State Warriors",2019,"0021800897","20190225",-11.9,28.75,TRUE
201939,"Stephen Curry","1610612744","Golden State Warriors",2019,"0021800897","20190225",0.8,6.75,TRUE
201939,"Stephen Curry","1610612744","Golden State Warriors",2019,"0021800897","20190225",23.1,10.15,FALSE
201939,"Stephen Curry","1610612744","Golden State Warriors",2019,"0021800897","20190225",15.4,26.75,FALSE
201939,"Stephen Curry","1610612744","Golden State Warriors",2019,"0021800897","20190225",10.3,31.65,FALSE
201939,"Stephen Curry","1610612744","Golden State Warriors",2019,"0021800897","20190225",15.8,30.15,FALSE
201939,"Stephen Curry","1610612744","Golden State Warriors",2019,"0021800897","20190225",17.7,26.45,TRUE
201939,"Stephen Curry","1610612744","Golden State Warriors",2019,"0021800897","20190225",18.2,33.05,FALSE
201939,"Stephen Curry","1610612744","Golden State Warriors",2019,"0021800915","20190227",-17.6,23.25,FALSE
201939,"Stephen Curry","1610612744","Golden State Warriors",2019,"0021800915","20190227",1.6,5.95,TRUE
201939,"Stephen Curry","1610612744","Golden State Warriors",2019,"0021800915","20190227",23.4,6.75,FALSE
201939,"Stephen Curry","1610612744","Golden State Warriors",2019,"0021800915","20190227",2,6.35,TRUE
201939,"Stephen Curry","1610612744","Golden State Warriors",2019,"0021800915","20190227",-10.8,28.25,TRUE
201939,"Stephen Curry","1610612744","Golden State Warriors",2019,"0021800915","20190227",23.5,6.25,FALSE
201939,"Stephen Curry","1610612744","Golden State Warriors",2019,"0021800915","20190227",11.2,27.55,FALSE
201939,"Stephen Curry","1610612744","Golden State Warriors",2019,"0021800915","20190227",1.6,30.45,FALSE
201939,"Stephen Curry","1610612744","Golden State Warriors",2019,"0021800915","20190227",-1.3,7.35,TRUE
201939,"Stephen Curry","1610612744","Golden State Warriors",2019,"0021800915","20190227",-0.1,17.85,TRUE
201939,"Stephen Curry","1610612744","Golden State Warriors",2019,"0021800915","20190227",-15.3,24.95,TRUE
201939,"Stephen Curry","1610612744","Golden State Warriors",2019,"0021800915","20190227",-14.5,29.45,FALSE
201939,"Stephen Curry","1610612744","Golden State Warriors",2019,"0021800915","20190227",-11.9,32.95,FALSE
201939,"Stephen Curry","1610612744","Golden State Warriors",2019,"0021800915","20190227",-4.6,34.15,FALSE
201939,"Stephen Curry","1610612744","Golden State Warriors",2019,"0021800915","20190227",-14.5,26.25,TRUE
201939,"Stephen Curry","1610612744","Golden State Warriors",2019,"0021800915","20190227",1.6,6.75,FALSE
201939,"Stephen Curry","1610612744","Golden State Warriors",2019,"0021800915","20190227",14.1,25.85,TRUE
201939,"Stephen Curry","1610612744","Golden State Warriors",2019,"0021800915","20190227",23.6,8.95,FALSE
201939,"Stephen Curry","1610612744","Golden State Warriors",2019,"0021800915","20190227",5.5,29.85,FALSE
201939,"Stephen Curry","1610612744","Golden State Warriors",2019,"0021800915","20190227",-0.3,6.65,TRUE
201939,"Stephen Curry","1610612744","Golden State Warriors",2019,"0021800923","20190228",-1.6,7.05,FALSE
201939,"Stephen Curry","1610612744","Golden State Warriors",2019,"0021800923","20190228",-7.8,29.05,FALSE
201939,"Stephen Curry","1610612744","Golden State Warriors",2019,"0021800923","20190228",4.9,18.55,TRUE
201939,"Stephen Curry","1610612744","Golden State Warriors",2019,"0021800923","20190228",3.8,30.65,FALSE
201939,"Stephen Curry","1610612744","Golden State Warriors",2019,"0021800923","20190228",-8.6,29.15,TRUE
201939,"Stephen Curry","1610612744","Golden State Warriors",2019,"0021800923","20190228",1.9,31.15,TRUE
201939,"Stephen Curry","1610612744","Golden State Warriors",2019,"0021800923","20190228",-12.4,27.95,FALSE
201939,"Stephen Curry","1610612744","Golden State Warriors",2019,"0021800923","20190228",1.4,7.55,TRUE
201939,"Stephen Curry","1610612744","Golden State Warriors",2019,"0021800923","20190228",-2,6.25,TRUE
201939,"Stephen Curry","1610612744","Golden State Warriors",2019,"0021800923","20190228",-11.3,29.55,FALSE
201939,"Stephen Curry","1610612744","Golden State Warriors",2019,"0021800923","20190228",-10.5,24.25,FALSE
201939,"Stephen Curry","1610612744","Golden State Warriors",2019,"0021800923","20190228",-1.9,6.05,TRUE
201939,"Stephen Curry","1610612744","Golden State Warriors",2019,"0021800923","20190228",-1,30.65,FALSE
201939,"Stephen Curry","1610612744","Golden State Warriors",2019,"0021800923","20190228",0,21.05,FALSE
201939,"Stephen Curry","1610612744","Golden State Warriors",2019,"0021800923","20190228",-8.5,22.45,TRUE
201939,"Stephen Curry","1610612744","Golden State Warriors",2019,"0021800923","20190228",1.4,10.15,FALSE
201939,"Stephen Curry","1610612744","Golden State Warriors",2019,"0021800923","20190228",-12.3,26.85,FALSE
201939,"Stephen Curry","1610612744","Golden State Warriors",2019,"0021800923","20190228",2,6.85,FALSE
201939,"Stephen Curry","1610612744","Golden State Warriors",2019,"0021800923","20190228",11.3,14.65,TRUE
201939,"Stephen Curry","1610612744","Golden State Warriors",2019,"0021800923","20190228",-18.7,23.95,TRUE
201939,"Stephen Curry","1610612744","Golden State Warriors",2019,"0021800923","20190228",-13.1,31.85,FALSE
201939,"Stephen Curry","1610612744","Golden State Warriors",2019,"0021800923","20190228",1.8,6.65,TRUE
201939,"Stephen Curry","1610612744","Golden State Warriors",2019,"0021800923","20190228",-0.7,6.95,FALSE
201939,"Stephen Curry","1610612744","Golden State Warriors",2019,"0021800923","20190228",-7,29.85,FALSE
201939,"Stephen Curry","1610612744","Golden State Warriors",2019,"0021800923","20190228",-18,25.55,FALSE
201939,"Stephen Curry","1610612744","Golden State Warriors",2019,"0021800923","20190228",-19.7,20.95,TRUE
201939,"Stephen Curry","1610612744","Golden State Warriors",2019,"0021800923","20190228",20.3,32.55,FALSE
201939,"Stephen Curry","1610612744","Golden State Warriors",2019,"0021800923","20190228",-2.8,23.75,FALSE
201939,"Stephen Curry","1610612744","Golden State Warriors",2019,"0021800923","20190228",5.9,31.35,FALSE
201939,"Stephen Curry","1610612744","Golden State Warriors",2019,"0021800923","20190228",5.2,23.45,FALSE
201939,"Stephen Curry","1610612744","Golden State Warriors",2019,"0021800923","20190228",-14.9,26.75,TRUE
201939,"Stephen Curry","1610612744","Golden State Warriors",2019,"0021800923","20190228",-4.3,19.85,FALSE
201939,"Stephen Curry","1610612744","Golden State Warriors",2019,"0021800923","20190228",13.6,27.15,FALSE
201939,"Stephen Curry","1610612744","Golden State Warriors",2019,"0021800938","20190302",17.2,8.05,FALSE
201939,"Stephen Curry","1610612744","Golden State Warriors",2019,"0021800938","20190302",-20.6,21.75,TRUE
201939,"Stephen Curry","1610612744","Golden State Warriors",2019,"0021800938","20190302",0.1,11.75,FALSE
201939,"Stephen Curry","1610612744","Golden State Warriors",2019,"0021800938","20190302",11.6,29.55,FALSE
201939,"Stephen Curry","1610612744","Golden State Warriors",2019,"0021800938","20190302",23,6.95,TRUE
201939,"Stephen Curry","1610612744","Golden State Warriors",2019,"0021800938","20190302",-7.9,30.95,TRUE
201939,"Stephen Curry","1610612744","Golden State Warriors",2019,"0021800938","20190302",-10.9,29.55,FALSE
201939,"Stephen Curry","1610612744","Golden State Warriors",2019,"0021800938","20190302",12.3,27.95,FALSE
201939,"Stephen Curry","1610612744","Golden State Warriors",2019,"0021800938","20190302",1.4,7.75,TRUE
201939,"Stephen Curry","1610612744","Golden State Warriors",2019,"0021800938","20190302",14.4,26.35,FALSE
201939,"Stephen Curry","1610612744","Golden State Warriors",2019,"0021800938","20190302",-4,11.25,FALSE
201939,"Stephen Curry","1610612744","Golden State Warriors",2019,"0021800938","20190302",2.2,7.85,TRUE
201939,"Stephen Curry","1610612744","Golden State Warriors",2019,"0021800938","20190302",18.8,25.65,FALSE
201939,"Stephen Curry","1610612744","Golden State Warriors",2019,"0021800938","20190302",-21.2,18.75,TRUE
201939,"Stephen Curry","1610612744","Golden State Warriors",2019,"0021800938","20190302",-15.8,27.05,FALSE
201939,"Stephen Curry","1610612744","Golden State Warriors",2019,"0021800938","20190302",15.4,16.85,TRUE
201939,"Stephen Curry","1610612744","Golden State Warriors",2019,"0021800938","20190302",-11.4,29.85,FALSE
201939,"Stephen Curry","1610612744","Golden State Warriors",2019,"0021800938","20190302",22.7,7.15,FALSE
201939,"Stephen Curry","1610612744","Golden State Warriors",2019,"0021800938","20190302",-10.6,28.35,FALSE
201939,"Stephen Curry","1610612744","Golden State Warriors",2019,"0021800938","20190302",-4.6,34.95,TRUE
201939,"Stephen Curry","1610612744","Golden State Warriors",2019,"0021800938","20190302",17.1,5.25,TRUE
201939,"Stephen Curry","1610612744","Golden State Warriors",2019,"0021800938","20190302",-1.1,34.05,FALSE
201939,"Stephen Curry","1610612744","Golden State Warriors",2019,"0021800938","20190302",1.3,5.35,TRUE
201939,"Stephen Curry","1610612744","Golden State Warriors",2019,"0021800964","20190305",19.4,21.95,FALSE
201939,"Stephen Curry","1610612744","Golden State Warriors",2019,"0021800964","20190305",-10.5,22.35,TRUE
201939,"Stephen Curry","1610612744","Golden State Warriors",2019,"0021800964","20190305",17.9,24.55,TRUE
201939,"Stephen Curry","1610612744","Golden State Warriors",2019,"0021800964","20190305",10.7,19.25,TRUE
201939,"Stephen Curry","1610612744","Golden State Warriors",2019,"0021800964","20190305",-1.2,32.65,TRUE
201939,"Stephen Curry","1610612744","Golden State Warriors",2019,"0021800964","20190305",19.6,22.45,TRUE
201939,"Stephen Curry","1610612744","Golden State Warriors",2019,"0021800964","20190305",3.1,15.65,FALSE
201939,"Stephen Curry","1610612744","Golden State Warriors",2019,"0021800964","20190305",-6,31.65,FALSE
201939,"Stephen Curry","1610612744","Golden State Warriors",2019,"0021800964","20190305",20.7,19.35,TRUE
201939,"Stephen Curry","1610612744","Golden State Warriors",2019,"0021800964","20190305",-14.5,28.15,FALSE
201939,"Stephen Curry","1610612744","Golden State Warriors",2019,"0021800964","20190305",-1.9,58.85,FALSE
201939,"Stephen Curry","1610612744","Golden State Warriors",2019,"0021800964","20190305",-0.6,6.95,TRUE
201939,"Stephen Curry","1610612744","Golden State Warriors",2019,"0021800964","20190305",-0.5,7.45,FALSE
201939,"Stephen Curry","1610612744","Golden State Warriors",2019,"0021800964","20190305",-0.9,37.25,FALSE
201939,"Stephen Curry","1610612744","Golden State Warriors",2019,"0021800964","20190305",20.6,16.75,TRUE
201939,"Stephen Curry","1610612744","Golden State Warriors",2019,"0021800964","20190305",23.7,12.15,FALSE
201939,"Stephen Curry","1610612744","Golden State Warriors",2019,"0021800984","20190308",-11.3,21.15,TRUE
201939,"Stephen Curry","1610612744","Golden State Warriors",2019,"0021800984","20190308",-21.5,19.65,FALSE
201939,"Stephen Curry","1610612744","Golden State Warriors",2019,"0021800984","20190308",2.2,34.15,TRUE
201939,"Stephen Curry","1610612744","Golden State Warriors",2019,"0021800984","20190308",-7.4,21.05,FALSE
201939,"Stephen Curry","1610612744","Golden State Warriors",2019,"0021800984","20190308",-4.9,23.55,FALSE
201939,"Stephen Curry","1610612744","Golden State Warriors",2019,"0021800984","20190308",2,9.65,FALSE
201939,"Stephen Curry","1610612744","Golden State Warriors",2019,"0021800984","20190308",15.9,26.45,FALSE
201939,"Stephen Curry","1610612744","Golden State Warriors",2019,"0021800984","20190308",-0.2,33.05,TRUE
201939,"Stephen Curry","1610612744","Golden State Warriors",2019,"0021800984","20190308",-15.2,19.05,TRUE
201939,"Stephen Curry","1610612744","Golden State Warriors",2019,"0021800984","20190308",-6.2,18.15,FALSE
201939,"Stephen Curry","1610612744","Golden State Warriors",2019,"0021800984","20190308",-21.7,22.15,FALSE
201939,"Stephen Curry","1610612744","Golden State Warriors",2019,"0021800984","20190308",4.6,34.75,TRUE
201939,"Stephen Curry","1610612744","Golden State Warriors",2019,"0021800984","20190308",16.5,49.85,FALSE
201939,"Stephen Curry","1610612744","Golden State Warriors",2019,"0021800984","20190308",-22.6,19.25,TRUE
201939,"Stephen Curry","1610612744","Golden State Warriors",2019,"0021800984","20190308",-18.1,24.05,FALSE
201939,"Stephen Curry","1610612744","Golden State Warriors",2019,"0021800984","20190308",-6.1,31.55,FALSE
201939,"Stephen Curry","1610612744","Golden State Warriors",2019,"0021801000","20190310",23.2,17.95,FALSE
201939,"Stephen Curry","1610612744","Golden State Warriors",2019,"0021801000","20190310",14.2,32.15,FALSE
201939,"Stephen Curry","1610612744","Golden State Warriors",2019,"0021801000","20190310",-17.9,24.55,FALSE
201939,"Stephen Curry","1610612744","Golden State Warriors",2019,"0021801000","20190310",11.6,23.15,FALSE
201939,"Stephen Curry","1610612744","Golden State Warriors",2019,"0021801000","20190310",-8.4,24.65,FALSE
201939,"Stephen Curry","1610612744","Golden State Warriors",2019,"0021801000","20190310",10.1,31.65,TRUE
201939,"Stephen Curry","1610612744","Golden State Warriors",2019,"0021801000","20190310",-1.3,6.85,FALSE
201939,"Stephen Curry","1610612744","Golden State Warriors",2019,"0021801000","20190310",-3.3,10.85,TRUE
201939,"Stephen Curry","1610612744","Golden State Warriors",2019,"0021801000","20190310",-23.1,15.65,FALSE
201939,"Stephen Curry","1610612744","Golden State Warriors",2019,"0021801000","20190310",19.5,23.55,FALSE
201939,"Stephen Curry","1610612744","Golden State Warriors",2019,"0021801000","20190310",6.3,31.35,FALSE
201939,"Stephen Curry","1610612744","Golden State Warriors",2019,"0021801000","20190310",0.5,13.45,TRUE
201939,"Stephen Curry","1610612744","Golden State Warriors",2019,"0021801000","20190310",18.5,24.25,FALSE
201939,"Stephen Curry","1610612744","Golden State Warriors",2019,"0021801000","20190310",-4.9,30.95,FALSE
201939,"Stephen Curry","1610612744","Golden State Warriors",2019,"0021801000","20190310",19,24.55,TRUE
201939,"Stephen Curry","1610612744","Golden State Warriors",2019,"0021801000","20190310",-13.9,29.55,TRUE
201939,"Stephen Curry","1610612744","Golden State Warriors",2019,"0021801000","20190310",-22.8,16.65,TRUE
201939,"Stephen Curry","1610612744","Golden State Warriors",2019,"0021801000","20190310",-13.2,28.15,FALSE
201939,"Stephen Curry","1610612744","Golden State Warriors",2019,"0021801000","20190310",16.2,27.75,FALSE
201939,"Stephen Curry","1610612744","Golden State Warriors",2019,"0021801000","20190310",20.3,26.85,FALSE
201939,"Stephen Curry","1610612744","Golden State Warriors",2019,"0021801018","20190313",-2,5.75,TRUE
201939,"Stephen Curry","1610612744","Golden State Warriors",2019,"0021801018","20190313",-14.5,27.45,TRUE
201939,"Stephen Curry","1610612744","Golden State Warriors",2019,"0021801018","20190313",-13.3,32.35,TRUE
201939,"Stephen Curry","1610612744","Golden State Warriors",2019,"0021801018","20190313",12.4,30.85,FALSE
201939,"Stephen Curry","1610612744","Golden State Warriors",2019,"0021801018","20190313",0.9,12.65,TRUE
201939,"Stephen Curry","1610612744","Golden State Warriors",2019,"0021801018","20190313",-2.7,6.55,TRUE
201939,"Stephen Curry","1610612744","Golden State Warriors",2019,"0021801018","20190313",5.2,34.05,FALSE
201939,"Stephen Curry","1610612744","Golden State Warriors",2019,"0021801018","20190313",-10.3,20.75,FALSE
201939,"Stephen Curry","1610612744","Golden State Warriors",2019,"0021801018","20190313",-5.4,35.15,FALSE
201939,"Stephen Curry","1610612744","Golden State Warriors",2019,"0021801018","20190313",2.4,7.65,FALSE
201939,"Stephen Curry","1610612744","Golden State Warriors",2019,"0021801018","20190313",-0.3,6.05,TRUE
201939,"Stephen Curry","1610612744","Golden State Warriors",2019,"0021801018","20190313",18.6,25.65,TRUE
201939,"Stephen Curry","1610612744","Golden State Warriors",2019,"0021801018","20190313",-8.7,10.05,TRUE
201939,"Stephen Curry","1610612744","Golden State Warriors",2019,"0021801018","20190313",0.6,19.95,FALSE
201939,"Stephen Curry","1610612744","Golden State Warriors",2019,"0021801018","20190313",22.9,5.65,FALSE
201939,"Stephen Curry","1610612744","Golden State Warriors",2019,"0021801018","20190313",15.8,26.45,FALSE
201939,"Stephen Curry","1610612744","Golden State Warriors",2019,"0021801018","20190313",5.4,9.35,FALSE
201939,"Stephen Curry","1610612744","Golden State Warriors",2019,"0021801018","20190313",-2.5,24.05,FALSE
201939,"Stephen Curry","1610612744","Golden State Warriors",2019,"0021801018","20190313",-4.9,31.45,FALSE
201939,"Stephen Curry","1610612744","Golden State Warriors",2019,"0021801018","20190313",-12.8,19.35,FALSE
201939,"Stephen Curry","1610612744","Golden State Warriors",2019,"0021801038","20190316",23.1,10.95,TRUE
201939,"Stephen Curry","1610612744","Golden State Warriors",2019,"0021801038","20190316",0,4.65,FALSE
201939,"Stephen Curry","1610612744","Golden State Warriors",2019,"0021801038","20190316",0.6,7.95,TRUE
201939,"Stephen Curry","1610612744","Golden State Warriors",2019,"0021801038","20190316",-0.5,4.95,TRUE
201939,"Stephen Curry","1610612744","Golden State Warriors",2019,"0021801038","20190316",0.3,9.05,FALSE
201939,"Stephen Curry","1610612744","Golden State Warriors",2019,"0021801038","20190316",-20.4,4.45,TRUE
201939,"Stephen Curry","1610612744","Golden State Warriors",2019,"0021801038","20190316",16.8,24.75,TRUE
201939,"Stephen Curry","1610612744","Golden State Warriors",2019,"0021801038","20190316",-15.4,28.25,FALSE
201939,"Stephen Curry","1610612744","Golden State Warriors",2019,"0021801038","20190316",1.2,6.05,FALSE
201939,"Stephen Curry","1610612744","Golden State Warriors",2019,"0021801038","20190316",20.8,3.75,FALSE
201939,"Stephen Curry","1610612744","Golden State Warriors",2019,"0021801038","20190316",12,28.35,FALSE
201939,"Stephen Curry","1610612744","Golden State Warriors",2019,"0021801038","20190316",11.2,27.85,TRUE
201939,"Stephen Curry","1610612744","Golden State Warriors",2019,"0021801038","20190316",1.3,6.75,TRUE
201939,"Stephen Curry","1610612744","Golden State Warriors",2019,"0021801038","20190316",22,5.85,FALSE
201939,"Stephen Curry","1610612744","Golden State Warriors",2019,"0021801038","20190316",19.2,6.95,FALSE
201939,"Stephen Curry","1610612744","Golden State Warriors",2019,"0021801038","20190316",-23.9,5.35,TRUE
201939,"Stephen Curry","1610612744","Golden State Warriors",2019,"0021801038","20190316",0.2,5.25,FALSE
201939,"Stephen Curry","1610612744","Golden State Warriors",2019,"0021801038","20190316",-11.9,26.75,FALSE
201939,"Stephen Curry","1610612744","Golden State Warriors",2019,"0021801038","20190316",-11.2,28.65,FALSE
201939,"Stephen Curry","1610612744","Golden State Warriors",2019,"0021801038","20190316",-23.2,9.25,TRUE
201939,"Stephen Curry","1610612744","Golden State Warriors",2019,"0021801038","20190316",11.4,27.35,FALSE
201939,"Stephen Curry","1610612744","Golden State Warriors",2019,"0021801038","20190316",-0.9,6.55,TRUE
201939,"Stephen Curry","1610612744","Golden State Warriors",2019,"0021801038","20190316",-23.1,7.45,FALSE
201939,"Stephen Curry","1610612744","Golden State Warriors",2019,"0021801055","20190318",18.5,21.95,FALSE
201939,"Stephen Curry","1610612744","Golden State Warriors",2019,"0021801055","20190318",13.3,6.05,FALSE
201939,"Stephen Curry","1610612744","Golden State Warriors",2019,"0021801055","20190318",0,6.85,FALSE
201939,"Stephen Curry","1610612744","Golden State Warriors",2019,"0021801055","20190318",11.7,28.25,FALSE
201939,"Stephen Curry","1610612744","Golden State Warriors",2019,"0021801055","20190318",-22.4,5.15,FALSE
201939,"Stephen Curry","1610612744","Golden State Warriors",2019,"0021801055","20190318",-1.3,7.15,FALSE
201939,"Stephen Curry","1610612744","Golden State Warriors",2019,"0021801055","20190318",14.9,25.35,FALSE
201939,"Stephen Curry","1610612744","Golden State Warriors",2019,"0021801055","20190318",0.2,6.95,TRUE
201939,"Stephen Curry","1610612744","Golden State Warriors",2019,"0021801055","20190318",-2.9,65.55,TRUE
201939,"Stephen Curry","1610612744","Golden State Warriors",2019,"0021801055","20190318",9.7,26.15,TRUE
201939,"Stephen Curry","1610612744","Golden State Warriors",2019,"0021801055","20190318",5.8,30.35,FALSE
201939,"Stephen Curry","1610612744","Golden State Warriors",2019,"0021801055","20190318",-23.4,5.15,FALSE
201939,"Stephen Curry","1610612744","Golden State Warriors",2019,"0021801055","20190318",-9.9,27.95,TRUE
201939,"Stephen Curry","1610612744","Golden State Warriors",2019,"0021801055","20190318",-12.5,27.45,FALSE
201939,"Stephen Curry","1610612744","Golden State Warriors",2019,"0021801055","20190318",-15.2,24.75,FALSE
201939,"Stephen Curry","1610612744","Golden State Warriors",2019,"0021801055","20190318",-0.3,32.65,FALSE
201939,"Stephen Curry","1610612744","Golden State Warriors",2019,"0021801055","20190318",11.5,29.85,TRUE
201939,"Stephen Curry","1610612744","Golden State Warriors",2019,"0021801055","20190318",0.5,7.95,TRUE
201939,"Stephen Curry","1610612744","Golden State Warriors",2019,"0021801055","20190318",23,13.75,TRUE
201939,"Stephen Curry","1610612744","Golden State Warriors",2019,"0021801055","20190318",7.6,31.05,TRUE
201939,"Stephen Curry","1610612744","Golden State Warriors",2019,"0021801055","20190318",-16.2,61.35,FALSE
201939,"Stephen Curry","1610612744","Golden State Warriors",2019,"0021801055","20190318",10.9,29.35,FALSE
201939,"Stephen Curry","1610612744","Golden State Warriors",2019,"0021801055","20190318",0.3,6.45,FALSE
201939,"Stephen Curry","1610612744","Golden State Warriors",2019,"0021801055","20190318",24.2,13.55,TRUE
201939,"Stephen Curry","1610612744","Golden State Warriors",2019,"0021801055","20190318",-0.2,31.45,FALSE
201939,"Stephen Curry","1610612744","Golden State Warriors",2019,"0021801062","20190319",0.6,5.35,FALSE
201939,"Stephen Curry","1610612744","Golden State Warriors",2019,"0021801062","20190319",20.8,6.75,FALSE
201939,"Stephen Curry","1610612744","Golden State Warriors",2019,"0021801062","20190319",11.4,26.95,TRUE
201939,"Stephen Curry","1610612744","Golden State Warriors",2019,"0021801062","20190319",3.6,29.95,FALSE
201939,"Stephen Curry","1610612744","Golden State Warriors",2019,"0021801062","20190319",23.2,9.15,TRUE
201939,"Stephen Curry","1610612744","Golden State Warriors",2019,"0021801062","20190319",7.4,9.95,FALSE
201939,"Stephen Curry","1610612744","Golden State Warriors",2019,"0021801062","20190319",20.7,19.15,FALSE
201939,"Stephen Curry","1610612744","Golden State Warriors",2019,"0021801062","20190319",-23.3,11.55,FALSE
201939,"Stephen Curry","1610612744","Golden State Warriors",2019,"0021801062","20190319",-0.6,6.85,TRUE
201939,"Stephen Curry","1610612744","Golden State Warriors",2019,"0021801062","20190319",16,24.95,TRUE
201939,"Stephen Curry","1610612744","Golden State Warriors",2019,"0021801062","20190319",15.5,29.15,FALSE
201939,"Stephen Curry","1610612744","Golden State Warriors",2019,"0021801062","20190319",-13.4,26.65,FALSE
201939,"Stephen Curry","1610612744","Golden State Warriors",2019,"0021801062","20190319",-3,29.95,TRUE
201939,"Stephen Curry","1610612744","Golden State Warriors",2019,"0021801062","20190319",0,6.55,TRUE
201939,"Stephen Curry","1610612744","Golden State Warriors",2019,"0021801062","20190319",-15.8,7.15,TRUE
201939,"Stephen Curry","1610612744","Golden State Warriors",2019,"0021801062","20190319",17.1,23.45,TRUE
201939,"Stephen Curry","1610612744","Golden State Warriors",2019,"0021801062","20190319",-12.5,27.35,TRUE
201939,"Stephen Curry","1610612744","Golden State Warriors",2019,"0021801062","20190319",8.4,32.65,FALSE
201939,"Stephen Curry","1610612744","Golden State Warriors",2019,"0021801062","20190319",0.3,6.15,TRUE
201939,"Stephen Curry","1610612744","Golden State Warriors",2019,"0021801062","20190319",-23.5,10.85,TRUE
201939,"Stephen Curry","1610612744","Golden State Warriors",2019,"0021801062","20190319",-20.7,19.75,TRUE
201939,"Stephen Curry","1610612744","Golden State Warriors",2019,"0021801079","20190321",-20.1,21.45,FALSE
201939,"Stephen Curry","1610612744","Golden State Warriors",2019,"0021801079","20190321",-19.6,25.15,TRUE
201939,"Stephen Curry","1610612744","Golden State Warriors",2019,"0021801079","20190321",13.9,28.55,FALSE
201939,"Stephen Curry","1610612744","Golden State Warriors",2019,"0021801079","20190321",12.7,32.45,FALSE
201939,"Stephen Curry","1610612744","Golden State Warriors",2019,"0021801079","20190321",14.7,50.95,FALSE
201939,"Stephen Curry","1610612744","Golden State Warriors",2019,"0021801079","20190321",-0.8,6.55,FALSE
201939,"Stephen Curry","1610612744","Golden State Warriors",2019,"0021801079","20190321",-18.5,28.75,TRUE
201939,"Stephen Curry","1610612744","Golden State Warriors",2019,"0021801079","20190321",22.8,16.75,TRUE
201939,"Stephen Curry","1610612744","Golden State Warriors",2019,"0021801079","20190321",-18,5.85,FALSE
201939,"Stephen Curry","1610612744","Golden State Warriors",2019,"0021801079","20190321",11.6,18.35,FALSE
201939,"Stephen Curry","1610612744","Golden State Warriors",2019,"0021801079","20190321",23.1,3.95,FALSE
201939,"Stephen Curry","1610612744","Golden State Warriors",2019,"0021801079","20190321",-18.6,33.15,FALSE
201939,"Stephen Curry","1610612744","Golden State Warriors",2019,"0021801079","20190321",-17.6,25.15,FALSE
201939,"Stephen Curry","1610612744","Golden State Warriors",2019,"0021801079","20190321",-23.2,7.15,TRUE
201939,"Stephen Curry","1610612744","Golden State Warriors",2019,"0021801079","20190321",18.5,23.15,TRUE
201939,"Stephen Curry","1610612744","Golden State Warriors",2019,"0021801101","20190324",-23.4,8.15,TRUE
201939,"Stephen Curry","1610612744","Golden State Warriors",2019,"0021801101","20190324",-12.9,20.25,TRUE
201939,"Stephen Curry","1610612744","Golden State Warriors",2019,"0021801101","20190324",-14.1,26.35,TRUE
201939,"Stephen Curry","1610612744","Golden State Warriors",2019,"0021801101","20190324",17.4,27.35,FALSE
201939,"Stephen Curry","1610612744","Golden State Warriors",2019,"0021801101","20190324",3.9,33.15,TRUE
201939,"Stephen Curry","1610612744","Golden State Warriors",2019,"0021801101","20190324",-21.2,18.15,FALSE
201939,"Stephen Curry","1610612744","Golden State Warriors",2019,"0021801101","20190324",-10,11.65,FALSE
201939,"Stephen Curry","1610612744","Golden State Warriors",2019,"0021801101","20190324",3.7,13.55,FALSE
201939,"Stephen Curry","1610612744","Golden State Warriors",2019,"0021801101","20190324",22.6,16.25,FALSE
201939,"Stephen Curry","1610612744","Golden State Warriors",2019,"0021801101","20190324",-12.6,20.95,TRUE
201939,"Stephen Curry","1610612744","Golden State Warriors",2019,"0021801101","20190324",17.9,5.25,FALSE
201939,"Stephen Curry","1610612744","Golden State Warriors",2019,"0021801101","20190324",5.6,20.35,TRUE
201939,"Stephen Curry","1610612744","Golden State Warriors",2019,"0021801101","20190324",-14.3,32.95,FALSE
201939,"Stephen Curry","1610612744","Golden State Warriors",2019,"0021801101","20190324",18.8,25.25,TRUE
201939,"Stephen Curry","1610612744","Golden State Warriors",2019,"0021801101","20190324",0.4,11.95,FALSE
201939,"Stephen Curry","1610612744","Golden State Warriors",2019,"0021801101","20190324",18.4,26.85,TRUE
201939,"Stephen Curry","1610612744","Golden State Warriors",2019,"0021801101","20190324",-6.6,32.65,FALSE
201939,"Stephen Curry","1610612744","Golden State Warriors",2019,"0021801101","20190324",-17.4,10.25,FALSE
201939,"Stephen Curry","1610612744","Golden State Warriors",2019,"0021801101","20190324",-0.6,13.95,TRUE
201939,"Stephen Curry","1610612744","Golden State Warriors",2019,"0021801118","20190327",17.5,25.45,TRUE
201939,"Stephen Curry","1610612744","Golden State Warriors",2019,"0021801118","20190327",-21.8,17.75,TRUE
201939,"Stephen Curry","1610612744","Golden State Warriors",2019,"0021801118","20190327",-2.7,6.35,FALSE
201939,"Stephen Curry","1610612744","Golden State Warriors",2019,"0021801118","20190327",11.2,28.55,TRUE
201939,"Stephen Curry","1610612744","Golden State Warriors",2019,"0021801118","20190327",17,27.35,FALSE
201939,"Stephen Curry","1610612744","Golden State Warriors",2019,"0021801118","20190327",-9,6.55,FALSE
201939,"Stephen Curry","1610612744","Golden State Warriors",2019,"0021801118","20190327",-14.7,26.15,FALSE
201939,"Stephen Curry","1610612744","Golden State Warriors",2019,"0021801118","20190327",22.6,13.35,TRUE
201939,"Stephen Curry","1610612744","Golden State Warriors",2019,"0021801118","20190327",1.1,5.25,FALSE
201939,"Stephen Curry","1610612744","Golden State Warriors",2019,"0021801118","20190327",4,21.05,FALSE
201939,"Stephen Curry","1610612744","Golden State Warriors",2019,"0021801118","20190327",0.6,31.55,TRUE
201939,"Stephen Curry","1610612744","Golden State Warriors",2019,"0021801118","20190327",23.1,3.65,TRUE
201939,"Stephen Curry","1610612744","Golden State Warriors",2019,"0021801118","20190327",0.5,6.35,TRUE
201939,"Stephen Curry","1610612744","Golden State Warriors",2019,"0021801118","20190327",-5,13.65,FALSE
201939,"Stephen Curry","1610612744","Golden State Warriors",2019,"0021801118","20190327",1.4,5.65,FALSE
201939,"Stephen Curry","1610612744","Golden State Warriors",2019,"0021801118","20190327",-14.4,32.45,FALSE
201939,"Stephen Curry","1610612744","Golden State Warriors",2019,"0021801118","20190327",-8.4,15.85,FALSE
201939,"Stephen Curry","1610612744","Golden State Warriors",2019,"0021801118","20190327",3.6,30.45,FALSE
201939,"Stephen Curry","1610612744","Golden State Warriors",2019,"0021801118","20190327",-23.7,8.85,FALSE
201939,"Stephen Curry","1610612744","Golden State Warriors",2019,"0021801118","20190327",-12.1,29.35,FALSE
201939,"Stephen Curry","1610612744","Golden State Warriors",2019,"0021801132","20190329",13.6,27.75,FALSE
201939,"Stephen Curry","1610612744","Golden State Warriors",2019,"0021801132","20190329",-22,5.45,TRUE
201939,"Stephen Curry","1610612744","Golden State Warriors",2019,"0021801132","20190329",-22.5,5.65,TRUE
201939,"Stephen Curry","1610612744","Golden State Warriors",2019,"0021801132","20190329",0.5,7.45,FALSE
201939,"Stephen Curry","1610612744","Golden State Warriors",2019,"0021801132","20190329",1.4,17.05,FALSE
201939,"Stephen Curry","1610612744","Golden State Warriors",2019,"0021801132","20190329",19.2,26.75,TRUE
201939,"Stephen Curry","1610612744","Golden State Warriors",2019,"0021801132","20190329",-22.1,7.85,TRUE
201939,"Stephen Curry","1610612744","Golden State Warriors",2019,"0021801132","20190329",5.1,31.55,FALSE
201939,"Stephen Curry","1610612744","Golden State Warriors",2019,"0021801132","20190329",11,29.65,TRUE
201939,"Stephen Curry","1610612744","Golden State Warriors",2019,"0021801132","20190329",0.1,5.95,TRUE
201939,"Stephen Curry","1610612744","Golden State Warriors",2019,"0021801132","20190329",-22.5,5.85,TRUE
201939,"Stephen Curry","1610612744","Golden State Warriors",2019,"0021801132","20190329",13.6,30.35,FALSE
201939,"Stephen Curry","1610612744","Golden State Warriors",2019,"0021801132","20190329",-4.6,29.95,FALSE
201939,"Stephen Curry","1610612744","Golden State Warriors",2019,"0021801132","20190329",-11.4,27.75,FALSE
201939,"Stephen Curry","1610612744","Golden State Warriors",2019,"0021801132","20190329",19.6,18.85,FALSE
201939,"Stephen Curry","1610612744","Golden State Warriors",2019,"0021801132","20190329",-12.3,19.35,FALSE
201939,"Stephen Curry","1610612744","Golden State Warriors",2019,"0021801132","20190329",-0.3,6.75,TRUE
201939,"Stephen Curry","1610612744","Golden State Warriors",2019,"0021801132","20190329",-0.5,20.75,FALSE
201939,"Stephen Curry","1610612744","Golden State Warriors",2019,"0021801132","20190329",-9.6,29.25,TRUE
201939,"Stephen Curry","1610612744","Golden State Warriors",2019,"0021801132","20190329",0.3,29.75,TRUE
201939,"Stephen Curry","1610612744","Golden State Warriors",2019,"0021801132","20190329",-14.9,27.85,FALSE
201939,"Stephen Curry","1610612744","Golden State Warriors",2019,"0021801132","20190329",-0.7,31.25,TRUE
201939,"Stephen Curry","1610612744","Golden State Warriors",2019,"0021801132","20190329",-1.1,30.05,TRUE
201939,"Stephen Curry","1610612744","Golden State Warriors",2019,"0021801132","20190329",6.7,31.65,FALSE
201939,"Stephen Curry","1610612744","Golden State Warriors",2019,"0021801132","20190329",23.7,7.65,TRUE
201939,"Stephen Curry","1610612744","Golden State Warriors",2019,"0021801150","20190331",0.5,7.75,FALSE
201939,"Stephen Curry","1610612744","Golden State Warriors",2019,"0021801150","20190331",17.4,29.55,FALSE
201939,"Stephen Curry","1610612744","Golden State Warriors",2019,"0021801150","20190331",-1.9,7.85,TRUE
201939,"Stephen Curry","1610612744","Golden State Warriors",2019,"0021801150","20190331",-5.9,25.45,TRUE
201939,"Stephen Curry","1610612744","Golden State Warriors",2019,"0021801150","20190331",-12.9,28.75,TRUE
201939,"Stephen Curry","1610612744","Golden State Warriors",2019,"0021801150","20190331",0.9,12.65,FALSE
201939,"Stephen Curry","1610612744","Golden State Warriors",2019,"0021801150","20190331",21.8,22.15,FALSE
201939,"Stephen Curry","1610612744","Golden State Warriors",2019,"0021801150","20190331",-0.3,10.15,TRUE
201939,"Stephen Curry","1610612744","Golden State Warriors",2019,"0021801150","20190331",-22.7,10.15,TRUE
201939,"Stephen Curry","1610612744","Golden State Warriors",2019,"0021801150","20190331",-13.9,21.35,FALSE
201939,"Stephen Curry","1610612744","Golden State Warriors",2019,"0021801150","20190331",16.8,26.95,FALSE
201939,"Stephen Curry","1610612744","Golden State Warriors",2019,"0021801150","20190331",17.1,26.05,TRUE
201939,"Stephen Curry","1610612744","Golden State Warriors",2019,"0021801150","20190331",-15.9,28.65,TRUE
201939,"Stephen Curry","1610612744","Golden State Warriors",2019,"0021801150","20190331",22.5,6.55,TRUE
201939,"Stephen Curry","1610612744","Golden State Warriors",2019,"0021801164","20190402",-14.4,28.05,TRUE
201939,"Stephen Curry","1610612744","Golden State Warriors",2019,"0021801164","20190402",-12.4,21.15,TRUE
201939,"Stephen Curry","1610612744","Golden State Warriors",2019,"0021801164","20190402",-15.8,27.25,FALSE
201939,"Stephen Curry","1610612744","Golden State Warriors",2019,"0021801164","20190402",15.2,26.95,FALSE
201939,"Stephen Curry","1610612744","Golden State Warriors",2019,"0021801164","20190402",-19.9,22.05,TRUE
201939,"Stephen Curry","1610612744","Golden State Warriors",2019,"0021801164","20190402",-16.1,29.45,FALSE
201939,"Stephen Curry","1610612744","Golden State Warriors",2019,"0021801164","20190402",-15,27.35,FALSE
201939,"Stephen Curry","1610612744","Golden State Warriors",2019,"0021801164","20190402",19.8,22.45,FALSE
201939,"Stephen Curry","1610612744","Golden State Warriors",2019,"0021801164","20190402",20.7,21.35,TRUE
201939,"Stephen Curry","1610612744","Golden State Warriors",2019,"0021801164","20190402",-2.4,32.35,TRUE
201939,"Stephen Curry","1610612744","Golden State Warriors",2019,"0021801164","20190402",11.1,30.55,TRUE
201939,"Stephen Curry","1610612744","Golden State Warriors",2019,"0021801179","20190404",19.7,6.05,FALSE
201939,"Stephen Curry","1610612744","Golden State Warriors",2019,"0021801179","20190404",12.5,32.45,FALSE
201939,"Stephen Curry","1610612744","Golden State Warriors",2019,"0021801179","20190404",13.9,31.95,FALSE
201939,"Stephen Curry","1610612744","Golden State Warriors",2019,"0021801179","20190404",18.5,24.75,FALSE
201939,"Stephen Curry","1610612744","Golden State Warriors",2019,"0021801179","20190404",-13.6,27.75,TRUE
201939,"Stephen Curry","1610612744","Golden State Warriors",2019,"0021801179","20190404",0,10.05,TRUE
201939,"Stephen Curry","1610612744","Golden State Warriors",2019,"0021801179","20190404",-1.9,8.95,FALSE
201939,"Stephen Curry","1610612744","Golden State Warriors",2019,"0021801179","20190404",9.7,28.35,FALSE
201939,"Stephen Curry","1610612744","Golden State Warriors",2019,"0021801179","20190404",4.1,7.35,TRUE
201939,"Stephen Curry","1610612744","Golden State Warriors",2019,"0021801179","20190404",0.3,6.75,FALSE
201939,"Stephen Curry","1610612744","Golden State Warriors",2019,"0021801179","20190404",-14.7,27.65,FALSE
201939,"Stephen Curry","1610612744","Golden State Warriors",2019,"0021801179","20190404",-23.2,8.75,FALSE
201939,"Stephen Curry","1610612744","Golden State Warriors",2019,"0021801179","20190404",13.5,29.35,FALSE
201939,"Stephen Curry","1610612744","Golden State Warriors",2019,"0021801179","20190404",-23.6,6.25,FALSE
201939,"Stephen Curry","1610612744","Golden State Warriors",2019,"0021801191","20190405",2,5.35,FALSE
201939,"Stephen Curry","1610612744","Golden State Warriors",2019,"0021801191","20190405",-0.1,6.65,TRUE
201939,"Stephen Curry","1610612744","Golden State Warriors",2019,"0021801191","20190405",16.7,28.25,TRUE
201939,"Stephen Curry","1610612744","Golden State Warriors",2019,"0021801191","20190405",-22.4,18.15,TRUE
201939,"Stephen Curry","1610612744","Golden State Warriors",2019,"0021801191","20190405",-12.2,19.85,FALSE
201939,"Stephen Curry","1610612744","Golden State Warriors",2019,"0021801191","20190405",20.9,20.05,TRUE
201939,"Stephen Curry","1610612744","Golden State Warriors",2019,"0021801191","20190405",-22.1,17.25,TRUE
201939,"Stephen Curry","1610612744","Golden State Warriors",2019,"0021801191","20190405",-10.9,31.35,FALSE
201939,"Stephen Curry","1610612744","Golden State Warriors",2019,"0021801191","20190405",0.8,6.35,TRUE
201939,"Stephen Curry","1610612744","Golden State Warriors",2019,"0021801191","20190405",-11.7,17.95,FALSE
201939,"Stephen Curry","1610612744","Golden State Warriors",2019,"0021801191","20190405",-1.7,33.75,TRUE
201939,"Stephen Curry","1610612744","Golden State Warriors",2019,"0021801191","20190405",-11.7,27.95,TRUE
201939,"Stephen Curry","1610612744","Golden State Warriors",2019,"0021801191","20190405",10.1,24.55,FALSE
201939,"Stephen Curry","1610612744","Golden State Warriors",2019,"0021801191","20190405",-1.6,7.25,TRUE
201939,"Stephen Curry","1610612744","Golden State Warriors",2019,"0021801191","20190405",-19.4,25.15,TRUE
201939,"Stephen Curry","1610612744","Golden State Warriors",2019,"0021801191","20190405",-16.3,7.95,FALSE
201939,"Stephen Curry","1610612744","Golden State Warriors",2019,"0021801191","20190405",22.8,7.45,TRUE
201939,"Stephen Curry","1610612744","Golden State Warriors",2019,"0021801191","20190405",0.3,32.05,FALSE
201939,"Stephen Curry","1610612744","Golden State Warriors",2019,"0021801191","20190405",17.5,27.35,TRUE
201939,"Stephen Curry","1610612744","Golden State Warriors",2019,"0021801191","20190405",-10,29.55,FALSE
201939,"Stephen Curry","1610612744","Golden State Warriors",2019,"0021801191","20190405",13,19.35,FALSE
201939,"Stephen Curry","1610612744","Golden State Warriors",2019,"0021801205","20190407",-1.6,7.55,TRUE
201939,"Stephen Curry","1610612744","Golden State Warriors",2019,"0021801205","20190407",-0.6,7.95,TRUE
201939,"Stephen Curry","1610612744","Golden State Warriors",2019,"0021801205","20190407",14.8,26.85,TRUE
201939,"Stephen Curry","1610612744","Golden State Warriors",2019,"0021801205","20190407",18.2,24.35,FALSE
201939,"Stephen Curry","1610612744","Golden State Warriors",2019,"0021801205","20190407",-0.4,8.65,TRUE
201939,"Stephen Curry","1610612744","Golden State Warriors",2019,"0021801205","20190407",12.8,29.05,FALSE
201939,"Stephen Curry","1610612744","Golden State Warriors",2019,"0021801205","20190407",2.3,6.05,TRUE
201939,"Stephen Curry","1610612744","Golden State Warriors",2019,"0021801205","20190407",-1.1,16.75,TRUE
201939,"Stephen Curry","1610612744","Golden State Warriors",2019,"0021801205","20190407",-20.4,22.45,TRUE
201939,"Stephen Curry","1610612744","Golden State Warriors",2019,"0021801205","20190407",22.8,7.95,FALSE
201939,"Stephen Curry","1610612744","Golden State Warriors",2019,"0021801205","20190407",-5.9,24.75,TRUE
201939,"Stephen Curry","1610612744","Golden State Warriors",2019,"0021801205","20190407",-3.3,13.05,TRUE
201939,"Stephen Curry","1610612744","Golden State Warriors",2019,"0021801205","20190407",0.2,8.95,FALSE
201939,"Stephen Curry","1610612744","Golden State Warriors",2019,"0021801205","20190407",12.9,28.35,FALSE
201939,"Stephen Curry","1610612744","Golden State Warriors",2019,"0021801205","20190407",13,4.85,FALSE
201939,"Stephen Curry","1610612744","Golden State Warriors",2019,"0021801205","20190407",-22.9,7.35,FALSE
201939,"Stephen Curry","1610612744","Golden State Warriors",2019,"0021801205","20190407",13.9,26.85,FALSE
201939,"Stephen Curry","1610612744","Golden State Warriors",2019,"0021801205","20190407",-0.6,6.55,TRUE
201939,"Stephen Curry","1610612744","Golden State Warriors",2019,"0021801205","20190407",-17.5,27.15,FALSE
201939,"Stephen Curry","1610612744","Golden State Warriors",2019,"0021801205","20190407",20.1,27.65,TRUE
201939,"Stephen Curry","1610612744","Golden State Warriors",2019,"0021801215","20190409",18,3.75,FALSE
201939,"Stephen Curry","1610612744","Golden State Warriors",2019,"0021801215","20190409",-7.3,30.75,TRUE
201939,"Stephen Curry","1610612744","Golden State Warriors",2019,"0021801215","20190409",-13.2,25.15,FALSE
201939,"Stephen Curry","1610612744","Golden State Warriors",2019,"0021801215","20190409",12.9,3.75,TRUE
201939,"Stephen Curry","1610612744","Golden State Warriors",2020,"0021900016","20191024",-1.9,33.15,FALSE
201939,"Stephen Curry","1610612744","Golden State Warriors",2020,"0021900016","20191024",-14.3,28.45,FALSE
201939,"Stephen Curry","1610612744","Golden State Warriors",2020,"0021900016","20191024",9.4,19.95,FALSE
201939,"Stephen Curry","1610612744","Golden State Warriors",2020,"0021900016","20191024",-2.4,26.35,TRUE
201939,"Stephen Curry","1610612744","Golden State Warriors",2020,"0021900016","20191024",11.2,30.85,TRUE
201939,"Stephen Curry","1610612744","Golden State Warriors",2020,"0021900016","20191024",0,14.45,TRUE
201939,"Stephen Curry","1610612744","Golden State Warriors",2020,"0021900016","20191024",11.5,38.45,FALSE
201939,"Stephen Curry","1610612744","Golden State Warriors",2020,"0021900016","20191024",-19.2,24.25,FALSE
201939,"Stephen Curry","1610612744","Golden State Warriors",2020,"0021900016","20191024",-22.6,17.75,FALSE
201939,"Stephen Curry","1610612744","Golden State Warriors",2020,"0021900016","20191024",23.1,3.15,TRUE
201939,"Stephen Curry","1610612744","Golden State Warriors",2020,"0021900016","20191024",3.5,10.35,FALSE
201939,"Stephen Curry","1610612744","Golden State Warriors",2020,"0021900016","20191024",0.9,7.35,TRUE
201939,"Stephen Curry","1610612744","Golden State Warriors",2020,"0021900016","20191024",-6.2,16.85,TRUE
201939,"Stephen Curry","1610612744","Golden State Warriors",2020,"0021900016","20191024",19.6,20.75,FALSE
201939,"Stephen Curry","1610612744","Golden State Warriors",2020,"0021900016","20191024",4.8,31.95,FALSE
201939,"Stephen Curry","1610612744","Golden State Warriors",2020,"0021900016","20191024",-10.6,23.15,FALSE
201939,"Stephen Curry","1610612744","Golden State Warriors",2020,"0021900016","20191024",-0.7,7.15,TRUE
201939,"Stephen Curry","1610612744","Golden State Warriors",2020,"0021900016","20191024",14,29.35,FALSE
201939,"Stephen Curry","1610612744","Golden State Warriors",2020,"0021900016","20191024",1.4,5.85,TRUE
201939,"Stephen Curry","1610612744","Golden State Warriors",2020,"0021900016","20191024",19.9,38.85,FALSE
201939,"Stephen Curry","1610612744","Golden State Warriors",2020,"0021900036","20191027",0.5,32.25,TRUE
201939,"Stephen Curry","1610612744","Golden State Warriors",2020,"0021900036","20191027",-1,35.35,TRUE
201939,"Stephen Curry","1610612744","Golden State Warriors",2020,"0021900036","20191027",-6,25.35,TRUE
201939,"Stephen Curry","1610612744","Golden State Warriors",2020,"0021900036","20191027",-2.5,7.25,FALSE
201939,"Stephen Curry","1610612744","Golden State Warriors",2020,"0021900036","20191027",16.6,25.95,FALSE
201939,"Stephen Curry","1610612744","Golden State Warriors",2020,"0021900036","20191027",-2.1,6.55,FALSE
201939,"Stephen Curry","1610612744","Golden State Warriors",2020,"0021900036","20191027",-20.6,20.05,FALSE
201939,"Stephen Curry","1610612744","Golden State Warriors",2020,"0021900036","20191027",-4.7,5.85,FALSE
201939,"Stephen Curry","1610612744","Golden State Warriors",2020,"0021900036","20191027",0.6,34.75,FALSE
201939,"Stephen Curry","1610612744","Golden State Warriors",2020,"0021900036","20191027",0.5,5.75,TRUE
201939,"Stephen Curry","1610612744","Golden State Warriors",2020,"0021900036","20191027",-0.7,13.95,TRUE
201939,"Stephen Curry","1610612744","Golden State Warriors",2020,"0021900036","20191027",-18.7,21.45,FALSE
201939,"Stephen Curry","1610612744","Golden State Warriors",2020,"0021900036","20191027",-7.9,31.55,FALSE
201939,"Stephen Curry","1610612744","Golden State Warriors",2020,"0021900036","20191027",-21.5,27.65,FALSE
201939,"Stephen Curry","1610612744","Golden State Warriors",2020,"0021900036","20191027",1.9,5.55,TRUE
201939,"Stephen Curry","1610612744","Golden State Warriors",2020,"0021900036","20191027",17.4,8.85,FALSE
201939,"Stephen Curry","1610612744","Golden State Warriors",2020,"0021900036","20191027",15.1,20.25,TRUE
201939,"Stephen Curry","1610612744","Golden State Warriors",2020,"0021900036","20191027",0.3,31.95,FALSE
201939,"Stephen Curry","1610612744","Golden State Warriors",2020,"0021900047","20191028",-3.4,31.45,FALSE
201939,"Stephen Curry","1610612744","Golden State Warriors",2020,"0021900047","20191028",-1.4,4.85,TRUE
201939,"Stephen Curry","1610612744","Golden State Warriors",2020,"0021900047","20191028",-2.2,6.65,FALSE
201939,"Stephen Curry","1610612744","Golden State Warriors",2020,"0021900047","20191028",-17.6,24.75,TRUE
201939,"Stephen Curry","1610612744","Golden State Warriors",2020,"0021900047","20191028",-22.6,15.55,FALSE
201939,"Stephen Curry","1610612744","Golden State Warriors",2020,"0021900047","20191028",-23.9,6.25,TRUE
201939,"Stephen Curry","1610612744","Golden State Warriors",2020,"0021900047","20191028",1.6,5.25,TRUE
201939,"Stephen Curry","1610612744","Golden State Warriors",2020,"0021900047","20191028",7.5,33.35,TRUE
201939,"Stephen Curry","1610612744","Golden State Warriors",2020,"0021900047","20191028",11,29.55,FALSE
201939,"Stephen Curry","1610612744","Golden State Warriors",2020,"0021900047","20191028",-1.3,6.05,TRUE
201939,"Stephen Curry","1610612744","Golden State Warriors",2020,"0021900047","20191028",-4.9,30.95,FALSE
201939,"Stephen Curry","1610612744","Golden State Warriors",2020,"0021900047","20191028",1.7,6.75,TRUE
201939,"Stephen Curry","1610612744","Golden State Warriors",2020,"0021900047","20191028",-9,29.55,FALSE
201939,"Stephen Curry","1610612744","Golden State Warriors",2020,"0021900047","20191028",-2.1,5.85,FALSE
201939,"Stephen Curry","1610612744","Golden State Warriors",2020,"0021900047","20191028",24,6.85,FALSE
201939,"Stephen Curry","1610612744","Golden State Warriors",2020,"0021900047","20191028",-13.8,30.85,TRUE
201939,"Stephen Curry","1610612744","Golden State Warriors",2020,"0021900047","20191028",11.2,24.95,TRUE
201939,"Stephen Curry","1610612744","Golden State Warriors",2020,"0021900065","20191030",19.6,21.55,TRUE
201939,"Stephen Curry","1610612744","Golden State Warriors",2020,"0021900065","20191030",-0.3,7.25,TRUE
201939,"Stephen Curry","1610612744","Golden State Warriors",2020,"0021900065","20191030",2.2,6.65,TRUE
201939,"Stephen Curry","1610612744","Golden State Warriors",2020,"0021900065","20191030",-22.6,5.85,FALSE
201939,"Stephen Curry","1610612744","Golden State Warriors",2020,"0021900065","20191030",0.5,5.85,FALSE
201939,"Stephen Curry","1610612744","Golden State Warriors",2020,"0021900065","20191030",-11.2,22.95,FALSE
201939,"Stephen Curry","1610612744","Golden State Warriors",2020,"0021900065","20191030",16.8,25.55,FALSE
201939,"Stephen Curry","1610612744","Golden State Warriors",2020,"0021900065","20191030",13.3,27.65,FALSE
201939,"Stephen Curry","1610612744","Golden State Warriors",2020,"0021900065","20191030",22.6,9.85,FALSE
201939,"Stephen Curry","1610612744","Golden State Warriors",2020,"0021900065","20191030",-23,7.65,FALSE
201939,"Stephen Curry","1610612744","Golden State Warriors",2020,"0021900065","20191030",-9.8,29.35,FALSE
201939,"Stephen Curry","1610612744","Golden State Warriors",2020,"0021900929","20200305",-13.4,31.95,FALSE
201939,"Stephen Curry","1610612744","Golden State Warriors",2020,"0021900929","20200305",12.8,33.65,FALSE
201939,"Stephen Curry","1610612744","Golden State Warriors",2020,"0021900929","20200305",-11.1,18.05,TRUE
201939,"Stephen Curry","1610612744","Golden State Warriors",2020,"0021900929","20200305",2.5,33.55,FALSE
201939,"Stephen Curry","1610612744","Golden State Warriors",2020,"0021900929","20200305",-18.9,25.75,FALSE
201939,"Stephen Curry","1610612744","Golden State Warriors",2020,"0021900929","20200305",13.3,30.75,TRUE
201939,"Stephen Curry","1610612744","Golden State Warriors",2020,"0021900929","20200305",-17.3,32.15,TRUE
201939,"Stephen Curry","1610612744","Golden State Warriors",2020,"0021900929","20200305",-1.1,7.75,FALSE
201939,"Stephen Curry","1610612744","Golden State Warriors",2020,"0021900929","20200305",-16,32.45,FALSE
201939,"Stephen Curry","1610612744","Golden State Warriors",2020,"0021900929","20200305",16.7,5.85,TRUE
201939,"Stephen Curry","1610612744","Golden State Warriors",2020,"0021900929","20200305",-2.2,30.05,FALSE
201939,"Stephen Curry","1610612744","Golden State Warriors",2020,"0021900929","20200305",-11.2,34.05,TRUE
201939,"Stephen Curry","1610612744","Golden State Warriors",2020,"0021900929","20200305",-2,32.55,FALSE
201939,"Stephen Curry","1610612744","Golden State Warriors",2020,"0021900929","20200305",0.5,7.25,TRUE
201939,"Stephen Curry","1610612744","Golden State Warriors",2020,"0021900929","20200305",-14.9,34.55,FALSE
201939,"Stephen Curry","1610612744","Golden State Warriors",2020,"0021900929","20200305",10,28.85,FALSE
201939,"Stephen Curry","1610612744","Golden State Warriors",2021,"0022000001","20201222",12,29.25,FALSE
201939,"Stephen Curry","1610612744","Golden State Warriors",2021,"0022000001","20201222",-2.9,7.85,TRUE
201939,"Stephen Curry","1610612744","Golden State Warriors",2021,"0022000001","20201222",9,28.35,FALSE
201939,"Stephen Curry","1610612744","Golden State Warriors",2021,"0022000001","20201222",-7.2,26.75,TRUE
201939,"Stephen Curry","1610612744","Golden State Warriors",2021,"0022000001","20201222",-0.1,7.85,FALSE
201939,"Stephen Curry","1610612744","Golden State Warriors",2021,"0022000001","20201222",-1.3,5.65,FALSE
201939,"Stephen Curry","1610612744","Golden State Warriors",2021,"0022000001","20201222",-7.4,29.55,TRUE
201939,"Stephen Curry","1610612744","Golden State Warriors",2021,"0022000001","20201222",-6.8,49.85,FALSE
201939,"Stephen Curry","1610612744","Golden State Warriors",2021,"0022000001","20201222",-13.6,26.85,TRUE
201939,"Stephen Curry","1610612744","Golden State Warriors",2021,"0022000001","20201222",-1.4,4.75,FALSE
201939,"Stephen Curry","1610612744","Golden State Warriors",2021,"0022000001","20201222",0.6,5.55,TRUE
201939,"Stephen Curry","1610612744","Golden State Warriors",2021,"0022000001","20201222",-1.2,6.65,FALSE
201939,"Stephen Curry","1610612744","Golden State Warriors",2021,"0022000001","20201222",8.5,28.95,FALSE
201939,"Stephen Curry","1610612744","Golden State Warriors",2021,"0022000001","20201222",-0.9,23.75,TRUE
201939,"Stephen Curry","1610612744","Golden State Warriors",2021,"0022000001","20201222",-7.3,47.75,FALSE
201939,"Stephen Curry","1610612744","Golden State Warriors",2021,"0022000001","20201222",-4.8,30.45,FALSE
201939,"Stephen Curry","1610612744","Golden State Warriors",2021,"0022000001","20201222",0.2,20.35,FALSE
201939,"Stephen Curry","1610612744","Golden State Warriors",2021,"0022000001","20201222",19.6,22.15,FALSE
201939,"Stephen Curry","1610612744","Golden State Warriors",2021,"0022000001","20201222",-15.1,24.95,FALSE
201939,"Stephen Curry","1610612744","Golden State Warriors",2021,"0022000001","20201222",-1.1,10.45,TRUE
201939,"Stephen Curry","1610612744","Golden State Warriors",2021,"0022000001","20201222",5.6,15.95,FALSE
201939,"Stephen Curry","1610612744","Golden State Warriors",2021,"0022000006","20201225",17.2,24.55,FALSE
201939,"Stephen Curry","1610612744","Golden State Warriors",2021,"0022000006","20201225",4.1,17.25,FALSE
201939,"Stephen Curry","1610612744","Golden State Warriors",2021,"0022000006","20201225",16.5,28.25,FALSE
201939,"Stephen Curry","1610612744","Golden State Warriors",2021,"0022000006","20201225",16.5,27.05,FALSE
201939,"Stephen Curry","1610612744","Golden State Warriors",2021,"0022000006","20201225",-6.7,24.25,TRUE
201939,"Stephen Curry","1610612744","Golden State Warriors",2021,"0022000006","20201225",23.4,10.95,TRUE
201939,"Stephen Curry","1610612744","Golden State Warriors",2021,"0022000006","20201225",18.3,26.65,FALSE
201939,"Stephen Curry","1610612744","Golden State Warriors",2021,"0022000006","20201225",22.4,18.85,FALSE
201939,"Stephen Curry","1610612744","Golden State Warriors",2021,"0022000006","20201225",-0.3,6.05,TRUE
201939,"Stephen Curry","1610612744","Golden State Warriors",2021,"0022000006","20201225",2.2,33.85,TRUE
201939,"Stephen Curry","1610612744","Golden State Warriors",2021,"0022000006","20201225",-0.6,8.15,FALSE
201939,"Stephen Curry","1610612744","Golden State Warriors",2021,"0022000006","20201225",-9.3,30.55,FALSE
201939,"Stephen Curry","1610612744","Golden State Warriors",2021,"0022000006","20201225",-0.6,22.35,TRUE
201939,"Stephen Curry","1610612744","Golden State Warriors",2021,"0022000006","20201225",0,15.75,TRUE
201939,"Stephen Curry","1610612744","Golden State Warriors",2021,"0022000006","20201225",15.4,26.55,FALSE
201939,"Stephen Curry","1610612744","Golden State Warriors",2021,"0022000006","20201225",-1.2,10.05,FALSE
201939,"Stephen Curry","1610612744","Golden State Warriors",2021,"0022000006","20201225",-9.5,31.35,FALSE
201939,"Stephen Curry","1610612744","Golden State Warriors",2021,"0022000038","20201227",1.3,15.25,TRUE
201939,"Stephen Curry","1610612744","Golden State Warriors",2021,"0022000038","20201227",-12.2,16.85,TRUE
201939,"Stephen Curry","1610612744","Golden State Warriors",2021,"0022000038","20201227",22.1,7.05,FALSE
201939,"Stephen Curry","1610612744","Golden State Warriors",2021,"0022000038","20201227",15.9,26.35,FALSE
201939,"Stephen Curry","1610612744","Golden State Warriors",2021,"0022000038","20201227",-11.3,29.05,FALSE
201939,"Stephen Curry","1610612744","Golden State Warriors",2021,"0022000038","20201227",-0.5,5.75,FALSE
201939,"Stephen Curry","1610612744","Golden State Warriors",2021,"0022000038","20201227",16.4,25.15,TRUE
201939,"Stephen Curry","1610612744","Golden State Warriors",2021,"0022000038","20201227",-2.9,30.85,FALSE
201939,"Stephen Curry","1610612744","Golden State Warriors",2021,"0022000038","20201227",1.6,5.35,TRUE
201939,"Stephen Curry","1610612744","Golden State Warriors",2021,"0022000038","20201227",-12.8,27.95,FALSE
201939,"Stephen Curry","1610612744","Golden State Warriors",2021,"0022000038","20201227",0.9,7.75,FALSE
201939,"Stephen Curry","1610612744","Golden State Warriors",2021,"0022000038","20201227",1.9,5.65,TRUE
201939,"Stephen Curry","1610612744","Golden State Warriors",2021,"0022000038","20201227",-4.4,23.55,FALSE
201939,"Stephen Curry","1610612744","Golden State Warriors",2021,"0022000038","20201227",11.6,28.35,FALSE
201939,"Stephen Curry","1610612744","Golden State Warriors",2021,"0022000038","20201227",22.8,6.35,FALSE
201939,"Stephen Curry","1610612744","Golden State Warriors",2021,"0022000038","20201227",-22.8,5.55,TRUE
201939,"Stephen Curry","1610612744","Golden State Warriors",2021,"0022000038","20201227",-8.7,30.05,FALSE
201939,"Stephen Curry","1610612744","Golden State Warriors",2021,"0022000038","20201227",-10,28.65,FALSE
201939,"Stephen Curry","1610612744","Golden State Warriors",2021,"0022000038","20201227",14.7,33.35,TRUE
201939,"Stephen Curry","1610612744","Golden State Warriors",2021,"0022000038","20201227",21.6,16.05,TRUE
201939,"Stephen Curry","1610612744","Golden State Warriors",2021,"0022000038","20201227",-5.7,29.85,FALSE
201939,"Stephen Curry","1610612744","Golden State Warriors",2021,"0022000038","20201227",0.9,6.65,FALSE
201939,"Stephen Curry","1610612744","Golden State Warriors",2021,"0022000038","20201227",7.6,25.35,TRUE
201939,"Stephen Curry","1610612744","Golden State Warriors",2021,"0022000038","20201227",17.1,22.05,TRUE
201939,"Stephen Curry","1610612744","Golden State Warriors",2021,"0022000038","20201227",-1.4,5.75,TRUE
201939,"Stephen Curry","1610612744","Golden State Warriors",2021,"0022000047","20201229",-3.6,25.85,TRUE
201939,"Stephen Curry","1610612744","Golden State Warriors",2021,"0022000047","20201229",-11.5,32.35,FALSE
201939,"Stephen Curry","1610612744","Golden State Warriors",2021,"0022000047","20201229",-13.9,21.55,TRUE
201939,"Stephen Curry","1610612744","Golden State Warriors",2021,"0022000047","20201229",-0.3,8.15,FALSE
201939,"Stephen Curry","1610612744","Golden State Warriors",2021,"0022000047","20201229",9.2,32.85,TRUE
201939,"Stephen Curry","1610612744","Golden State Warriors",2021,"0022000047","20201229",-6.6,57.15,FALSE
201939,"Stephen Curry","1610612744","Golden State Warriors",2021,"0022000047","20201229",9.4,32.05,FALSE
201939,"Stephen Curry","1610612744","Golden State Warriors",2021,"0022000047","20201229",-11.7,28.25,TRUE
201939,"Stephen Curry","1610612744","Golden State Warriors",2021,"0022000047","20201229",13.7,33.55,TRUE
201939,"Stephen Curry","1610612744","Golden State Warriors",2021,"0022000047","20201229",15.4,27.05,FALSE
201939,"Stephen Curry","1610612744","Golden State Warriors",2021,"0022000047","20201229",-5.5,16.15,TRUE
201939,"Stephen Curry","1610612744","Golden State Warriors",2021,"0022000047","20201229",11.2,22.55,TRUE
201939,"Stephen Curry","1610612744","Golden State Warriors",2021,"0022000047","20201229",-0.2,6.05,FALSE
201939,"Stephen Curry","1610612744","Golden State Warriors",2021,"0022000047","20201229",-17.2,23.75,TRUE
201939,"Stephen Curry","1610612744","Golden State Warriors",2021,"0022000047","20201229",-0.3,6.45,FALSE
201939,"Stephen Curry","1610612744","Golden State Warriors",2021,"0022000047","20201229",-18.3,23.75,TRUE
201939,"Stephen Curry","1610612744","Golden State Warriors",2021,"0022000047","20201229",20.2,10.25,FALSE
201939,"Stephen Curry","1610612744","Golden State Warriors",2021,"0022000078","20210101",9,29.65,FALSE
201939,"Stephen Curry","1610612744","Golden State Warriors",2021,"0022000078","20210101",11.6,23.15,FALSE
201939,"Stephen Curry","1610612744","Golden State Warriors",2021,"0022000078","20210101",-2.6,32.75,TRUE
201939,"Stephen Curry","1610612744","Golden State Warriors",2021,"0022000078","20210101",0,32.95,FALSE
201939,"Stephen Curry","1610612744","Golden State Warriors",2021,"0022000078","20210101",-16,14.25,FALSE
201939,"Stephen Curry","1610612744","Golden State Warriors",2021,"0022000078","20210101",-21.8,24.85,FALSE
201939,"Stephen Curry","1610612744","Golden State Warriors",2021,"0022000078","20210101",0,8.55,TRUE
201939,"Stephen Curry","1610612744","Golden State Warriors",2021,"0022000078","20210101",-16.6,28.25,FALSE
201939,"Stephen Curry","1610612744","Golden State Warriors",2021,"0022000078","20210101",-1.3,9.15,TRUE
201939,"Stephen Curry","1610612744","Golden State Warriors",2021,"0022000078","20210101",10.7,22.85,TRUE
201939,"Stephen Curry","1610612744","Golden State Warriors",2021,"0022000078","20210101",-14.1,30.35,FALSE
201939,"Stephen Curry","1610612744","Golden State Warriors",2021,"0022000078","20210101",18.5,25.15,TRUE
201939,"Stephen Curry","1610612744","Golden State Warriors",2021,"0022000078","20210101",-17.2,28.85,FALSE
201939,"Stephen Curry","1610612744","Golden State Warriors",2021,"0022000078","20210101",-9.5,27.95,FALSE
201939,"Stephen Curry","1610612744","Golden State Warriors",2021,"0022000078","20210101",-23.4,7.45,TRUE
201939,"Stephen Curry","1610612744","Golden State Warriors",2021,"0022000078","20210101",-11,21.85,FALSE
201939,"Stephen Curry","1610612744","Golden State Warriors",2021,"0022000078","20210101",21.1,18.95,TRUE
201939,"Stephen Curry","1610612744","Golden State Warriors",2021,"0022000078","20210101",9.6,19.35,TRUE
201939,"Stephen Curry","1610612744","Golden State Warriors",2021,"0022000078","20210101",-8.3,33.55,FALSE
201939,"Stephen Curry","1610612744","Golden State Warriors",2021,"0022000078","20210101",3.9,9.05,TRUE
201939,"Stephen Curry","1610612744","Golden State Warriors",2021,"0022000092","20210103",-15.5,20.45,TRUE
201939,"Stephen Curry","1610612744","Golden State Warriors",2021,"0022000092","20210103",-0.5,8.95,TRUE
201939,"Stephen Curry","1610612744","Golden State Warriors",2021,"0022000092","20210103",0.3,12.55,FALSE
201939,"Stephen Curry","1610612744","Golden State Warriors",2021,"0022000092","20210103",15.5,26.35,TRUE
201939,"Stephen Curry","1610612744","Golden State Warriors",2021,"0022000092","20210103",-6.7,5.95,TRUE
201939,"Stephen Curry","1610612744","Golden State Warriors",2021,"0022000092","20210103",-12.2,29.15,FALSE
201939,"Stephen Curry","1610612744","Golden State Warriors",2021,"0022000092","20210103",-0.6,7.75,TRUE
201939,"Stephen Curry","1610612744","Golden State Warriors",2021,"0022000092","20210103",-2.9,32.65,FALSE
201939,"Stephen Curry","1610612744","Golden State Warriors",2021,"0022000092","20210103",10.1,34.85,FALSE
201939,"Stephen Curry","1610612744","Golden State Warriors",2021,"0022000092","20210103",-14.3,27.35,TRUE
201939,"Stephen Curry","1610612744","Golden State Warriors",2021,"0022000092","20210103",2,8.15,TRUE
201939,"Stephen Curry","1610612744","Golden State Warriors",2021,"0022000092","20210103",0.5,11.55,TRUE
201939,"Stephen Curry","1610612744","Golden State Warriors",2021,"0022000092","20210103",13.7,28.85,FALSE
201939,"Stephen Curry","1610612744","Golden State Warriors",2021,"0022000092","20210103",-5.2,31.55,TRUE
201939,"Stephen Curry","1610612744","Golden State Warriors",2021,"0022000092","20210103",0.3,7.05,TRUE
201939,"Stephen Curry","1610612744","Golden State Warriors",2021,"0022000092","20210103",-15,20.75,FALSE
201939,"Stephen Curry","1610612744","Golden State Warriors",2021,"0022000092","20210103",-2.1,7.55,FALSE
201939,"Stephen Curry","1610612744","Golden State Warriors",2021,"0022000092","20210103",-5.1,12.85,FALSE
201939,"Stephen Curry","1610612744","Golden State Warriors",2021,"0022000092","20210103",0,5.25,TRUE
201939,"Stephen Curry","1610612744","Golden State Warriors",2021,"0022000092","20210103",-11.4,31.25,TRUE
201939,"Stephen Curry","1610612744","Golden State Warriors",2021,"0022000092","20210103",20,18.85,FALSE
201939,"Stephen Curry","1610612744","Golden State Warriors",2021,"0022000092","20210103",-23.4,13.05,FALSE
201939,"Stephen Curry","1610612744","Golden State Warriors",2021,"0022000092","20210103",0.9,16.25,TRUE
201939,"Stephen Curry","1610612744","Golden State Warriors",2021,"0022000092","20210103",-11.9,31.05,TRUE
201939,"Stephen Curry","1610612744","Golden State Warriors",2021,"0022000092","20210103",18.2,22.85,TRUE
201939,"Stephen Curry","1610612744","Golden State Warriors",2021,"0022000092","20210103",-15.9,29.55,FALSE
201939,"Stephen Curry","1610612744","Golden State Warriors",2021,"0022000092","20210103",-9.2,19.85,TRUE
201939,"Stephen Curry","1610612744","Golden State Warriors",2021,"0022000092","20210103",16.6,19.15,FALSE
201939,"Stephen Curry","1610612744","Golden State Warriors",2021,"0022000092","20210103",-12.8,27.85,FALSE
201939,"Stephen Curry","1610612744","Golden State Warriors",2021,"0022000092","20210103",12.8,28.75,TRUE
201939,"Stephen Curry","1610612744","Golden State Warriors",2021,"0022000092","20210103",21.1,21.65,TRUE
201939,"Stephen Curry","1610612744","Golden State Warriors",2021,"0022000101","20210104",-16.1,26.95,FALSE
201939,"Stephen Curry","1610612744","Golden State Warriors",2021,"0022000101","20210104",-0.6,8.55,TRUE
201939,"Stephen Curry","1610612744","Golden State Warriors",2021,"0022000101","20210104",-14.4,33.05,FALSE
201939,"Stephen Curry","1610612744","Golden State Warriors",2021,"0022000101","20210104",-19.3,23.15,FALSE
201939,"Stephen Curry","1610612744","Golden State Warriors",2021,"0022000101","20210104",-19,22.65,TRUE
201939,"Stephen Curry","1610612744","Golden State Warriors",2021,"0022000101","20210104",16.1,24.95,TRUE
201939,"Stephen Curry","1610612744","Golden State Warriors",2021,"0022000101","20210104",-0.3,8.55,TRUE
201939,"Stephen Curry","1610612744","Golden State Warriors",2021,"0022000101","20210104",0.3,8.55,TRUE
201939,"Stephen Curry","1610612744","Golden State Warriors",2021,"0022000101","20210104",-12.7,34.75,TRUE
201939,"Stephen Curry","1610612744","Golden State Warriors",2021,"0022000101","20210104",4.5,33.55,TRUE
201939,"Stephen Curry","1610612744","Golden State Warriors",2021,"0022000101","20210104",-4.4,16.45,FALSE
201939,"Stephen Curry","1610612744","Golden State Warriors",2021,"0022000101","20210104",17.6,26.55,FALSE
201939,"Stephen Curry","1610612744","Golden State Warriors",2021,"0022000101","20210104",-12.1,28.75,FALSE
201939,"Stephen Curry","1610612744","Golden State Warriors",2021,"0022000101","20210104",23.2,5.05,FALSE
201939,"Stephen Curry","1610612744","Golden State Warriors",2021,"0022000101","20210104",1.1,6.95,TRUE
201939,"Stephen Curry","1610612744","Golden State Warriors",2021,"0022000101","20210104",11.8,24.05,FALSE
201939,"Stephen Curry","1610612744","Golden State Warriors",2021,"0022000101","20210104",14.4,25.55,FALSE
201939,"Stephen Curry","1610612744","Golden State Warriors",2021,"0022000101","20210104",-12.8,33.35,TRUE
201939,"Stephen Curry","1610612744","Golden State Warriors",2021,"0022000116","20210106",-0.3,8.45,FALSE
201939,"Stephen Curry","1610612744","Golden State Warriors",2021,"0022000116","20210106",14.3,32.75,FALSE
201939,"Stephen Curry","1610612744","Golden State Warriors",2021,"0022000116","20210106",2,8.35,TRUE
201939,"Stephen Curry","1610612744","Golden State Warriors",2021,"0022000116","20210106",-18.4,27.55,FALSE
201939,"Stephen Curry","1610612744","Golden State Warriors",2021,"0022000116","20210106",-1.6,36.65,FALSE
201939,"Stephen Curry","1610612744","Golden State Warriors",2021,"0022000116","20210106",4.1,15.25,FALSE
201939,"Stephen Curry","1610612744","Golden State Warriors",2021,"0022000116","20210106",-1.8,32.95,TRUE
201939,"Stephen Curry","1610612744","Golden State Warriors",2021,"0022000116","20210106",-0.5,14.45,FALSE
201939,"Stephen Curry","1610612744","Golden State Warriors",2021,"0022000116","20210106",13.8,20.95,TRUE
201939,"Stephen Curry","1610612744","Golden State Warriors",2021,"0022000116","20210106",2,6.35,FALSE
201939,"Stephen Curry","1610612744","Golden State Warriors",2021,"0022000116","20210106",18.2,8.75,TRUE
201939,"Stephen Curry","1610612744","Golden State Warriors",2021,"0022000116","20210106",14.6,13.15,FALSE
201939,"Stephen Curry","1610612744","Golden State Warriors",2021,"0022000116","20210106",-11.6,31.85,FALSE
201939,"Stephen Curry","1610612744","Golden State Warriors",2021,"0022000116","20210106",2.2,7.65,TRUE
201939,"Stephen Curry","1610612744","Golden State Warriors",2021,"0022000116","20210106",-12.8,9.85,FALSE
201939,"Stephen Curry","1610612744","Golden State Warriors",2021,"0022000116","20210106",-15,28.65,FALSE
201939,"Stephen Curry","1610612744","Golden State Warriors",2021,"0022000116","20210106",-3.3,11.35,FALSE
201939,"Stephen Curry","1610612744","Golden State Warriors",2021,"0022000130","20210108",13.3,30.55,TRUE
201939,"Stephen Curry","1610612744","Golden State Warriors",2021,"0022000130","20210108",13,29.45,TRUE
201939,"Stephen Curry","1610612744","Golden State Warriors",2021,"0022000130","20210108",11.5,25.35,FALSE
201939,"Stephen Curry","1610612744","Golden State Warriors",2021,"0022000130","20210108",-21,19.15,FALSE
201939,"Stephen Curry","1610612744","Golden State Warriors",2021,"0022000130","20210108",-14.4,27.05,TRUE
201939,"Stephen Curry","1610612744","Golden State Warriors",2021,"0022000130","20210108",1.3,13.65,FALSE
201939,"Stephen Curry","1610612744","Golden State Warriors",2021,"0022000130","20210108",13.8,28.85,TRUE
201939,"Stephen Curry","1610612744","Golden State Warriors",2021,"0022000130","20210108",1.9,10.95,TRUE
201939,"Stephen Curry","1610612744","Golden State Warriors",2021,"0022000130","20210108",-0.4,8.95,FALSE
201939,"Stephen Curry","1610612744","Golden State Warriors",2021,"0022000130","20210108",1.6,15.95,FALSE
201939,"Stephen Curry","1610612744","Golden State Warriors",2021,"0022000130","20210108",-4.5,32.05,FALSE
201939,"Stephen Curry","1610612744","Golden State Warriors",2021,"0022000130","20210108",16.7,15.65,FALSE
201939,"Stephen Curry","1610612744","Golden State Warriors",2021,"0022000130","20210108",9.5,30.35,TRUE
201939,"Stephen Curry","1610612744","Golden State Warriors",2021,"0022000130","20210108",0.4,30.75,FALSE
201939,"Stephen Curry","1610612744","Golden State Warriors",2021,"0022000130","20210108",-13,28.45,TRUE
201939,"Stephen Curry","1610612744","Golden State Warriors",2021,"0022000130","20210108",0,5.85,TRUE
201939,"Stephen Curry","1610612744","Golden State Warriors",2021,"0022000130","20210108",-1.6,5.85,FALSE
201939,"Stephen Curry","1610612744","Golden State Warriors",2021,"0022000130","20210108",-14.3,29.85,TRUE
201939,"Stephen Curry","1610612744","Golden State Warriors",2021,"0022000130","20210108",-0.6,10.25,TRUE
201939,"Stephen Curry","1610612744","Golden State Warriors",2021,"0022000130","20210108",-16,29.15,TRUE
201939,"Stephen Curry","1610612744","Golden State Warriors",2021,"0022000130","20210108",-14.2,28.15,FALSE
201939,"Stephen Curry","1610612744","Golden State Warriors",2021,"0022000130","20210108",-17,26.05,FALSE
201939,"Stephen Curry","1610612744","Golden State Warriors",2021,"0022000130","20210108",1.1,5.65,TRUE
201939,"Stephen Curry","1610612744","Golden State Warriors",2021,"0022000130","20210108",-14.5,25.15,TRUE
201939,"Stephen Curry","1610612744","Golden State Warriors",2021,"0022000148","20210110",-0.3,17.75,TRUE
201939,"Stephen Curry","1610612744","Golden State Warriors",2021,"0022000148","20210110",-12.2,29.65,FALSE
201939,"Stephen Curry","1610612744","Golden State Warriors",2021,"0022000148","20210110",23.4,8.35,FALSE
201939,"Stephen Curry","1610612744","Golden State Warriors",2021,"0022000148","20210110",-0.3,13.25,FALSE
201939,"Stephen Curry","1610612744","Golden State Warriors",2021,"0022000148","20210110",1.2,34.75,FALSE
201939,"Stephen Curry","1610612744","Golden State Warriors",2021,"0022000148","20210110",-2,9.15,FALSE
201939,"Stephen Curry","1610612744","Golden State Warriors",2021,"0022000148","20210110",12.7,30.45,FALSE
201939,"Stephen Curry","1610612744","Golden State Warriors",2021,"0022000148","20210110",16.2,27.45,FALSE
201939,"Stephen Curry","1610612744","Golden State Warriors",2021,"0022000148","20210110",3.1,30.95,FALSE
201939,"Stephen Curry","1610612744","Golden State Warriors",2021,"0022000148","20210110",23.3,4.45,FALSE
201939,"Stephen Curry","1610612744","Golden State Warriors",2021,"0022000148","20210110",16.7,24.55,FALSE
201939,"Stephen Curry","1610612744","Golden State Warriors",2021,"0022000148","20210110",16.5,18.45,FALSE
201939,"Stephen Curry","1610612744","Golden State Warriors",2021,"0022000148","20210110",-0.1,11.45,FALSE
201939,"Stephen Curry","1610612744","Golden State Warriors",2021,"0022000148","20210110",-12.5,34.45,FALSE
201939,"Stephen Curry","1610612744","Golden State Warriors",2021,"0022000148","20210110",3.2,7.65,FALSE
201939,"Stephen Curry","1610612744","Golden State Warriors",2021,"0022000148","20210110",-16.3,24.25,TRUE
201939,"Stephen Curry","1610612744","Golden State Warriors",2021,"0022000163","20210112",-21.6,17.95,FALSE
201939,"Stephen Curry","1610612744","Golden State Warriors",2021,"0022000163","20210112",22.8,10.25,FALSE
201939,"Stephen Curry","1610612744","Golden State Warriors",2021,"0022000163","20210112",1.6,16.55,TRUE
201939,"Stephen Curry","1610612744","Golden State Warriors",2021,"0022000163","20210112",-0.3,13.25,FALSE
201939,"Stephen Curry","1610612744","Golden State Warriors",2021,"0022000163","20210112",0.2,8.05,TRUE
201939,"Stephen Curry","1610612744","Golden State Warriors",2021,"0022000163","20210112",-16.3,24.45,FALSE
201939,"Stephen Curry","1610612744","Golden State Warriors",2021,"0022000163","20210112",5.7,14.05,FALSE
201939,"Stephen Curry","1610612744","Golden State Warriors",2021,"0022000163","20210112",19.9,21.15,TRUE
201939,"Stephen Curry","1610612744","Golden State Warriors",2021,"0022000163","20210112",-12.6,23.65,FALSE
201939,"Stephen Curry","1610612744","Golden State Warriors",2021,"0022000163","20210112",20.6,18.45,TRUE
201939,"Stephen Curry","1610612744","Golden State Warriors",2021,"0022000163","20210112",-0.2,16.25,TRUE
201939,"Stephen Curry","1610612744","Golden State Warriors",2021,"0022000163","20210112",11.2,28.25,TRUE
201939,"Stephen Curry","1610612744","Golden State Warriors",2021,"0022000163","20210112",0.5,66.95,FALSE
201939,"Stephen Curry","1610612744","Golden State Warriors",2021,"0022000163","20210112",18.2,11.45,TRUE
201939,"Stephen Curry","1610612744","Golden State Warriors",2021,"0022000163","20210112",-2,10.05,FALSE
201939,"Stephen Curry","1610612744","Golden State Warriors",2021,"0022000163","20210112",-8.3,18.15,FALSE
201939,"Stephen Curry","1610612744","Golden State Warriors",2021,"0022000163","20210112",17.8,23.95,FALSE
201939,"Stephen Curry","1610612744","Golden State Warriors",2021,"0022000177","20210114",-17.2,24.25,TRUE
201939,"Stephen Curry","1610612744","Golden State Warriors",2021,"0022000177","20210114",2.6,6.35,TRUE
201939,"Stephen Curry","1610612744","Golden State Warriors",2021,"0022000177","20210114",-20.4,8.35,TRUE
201939,"Stephen Curry","1610612744","Golden State Warriors",2021,"0022000177","20210114",-2.2,7.25,TRUE
201939,"Stephen Curry","1610612744","Golden State Warriors",2021,"0022000177","20210114",-5.7,30.45,FALSE
201939,"Stephen Curry","1610612744","Golden State Warriors",2021,"0022000177","20210114",-22.6,16.35,TRUE
201939,"Stephen Curry","1610612744","Golden State Warriors",2021,"0022000177","20210114",3,7.85,FALSE
201939,"Stephen Curry","1610612744","Golden State Warriors",2021,"0022000177","20210114",-8.7,29.55,TRUE
201939,"Stephen Curry","1610612744","Golden State Warriors",2021,"0022000177","20210114",2.2,30.85,FALSE
201939,"Stephen Curry","1610612744","Golden State Warriors",2021,"0022000177","20210114",-8.4,26.25,FALSE
201939,"Stephen Curry","1610612744","Golden State Warriors",2021,"0022000177","20210114",3.5,6.25,TRUE
201939,"Stephen Curry","1610612744","Golden State Warriors",2021,"0022000177","20210114",12.5,28.55,TRUE
201939,"Stephen Curry","1610612744","Golden State Warriors",2021,"0022000177","20210114",-16.5,24.35,FALSE
201939,"Stephen Curry","1610612744","Golden State Warriors",2021,"0022000177","20210114",-2.5,6.35,TRUE
201939,"Stephen Curry","1610612744","Golden State Warriors",2021,"0022000177","20210114",-10,31.25,TRUE
201939,"Stephen Curry","1610612744","Golden State Warriors",2021,"0022000177","20210114",-13.6,27.05,FALSE
201939,"Stephen Curry","1610612744","Golden State Warriors",2021,"0022000177","20210114",6.5,21.45,TRUE
201939,"Stephen Curry","1610612744","Golden State Warriors",2021,"0022000177","20210114",-2.4,31.05,FALSE
201939,"Stephen Curry","1610612744","Golden State Warriors",2021,"0022000177","20210114",2.5,7.55,TRUE
201939,"Stephen Curry","1610612744","Golden State Warriors",2021,"0022000177","20210114",-10,8.95,TRUE
201939,"Stephen Curry","1610612744","Golden State Warriors",2021,"0022000177","20210114",4.3,10.15,TRUE
201939,"Stephen Curry","1610612744","Golden State Warriors",2021,"0022000177","20210114",14.3,26.85,FALSE
201939,"Stephen Curry","1610612744","Golden State Warriors",2021,"0022000177","20210114",2.8,7.85,FALSE
201939,"Stephen Curry","1610612744","Golden State Warriors",2021,"0022000212","20210118",9.3,22.35,TRUE
201939,"Stephen Curry","1610612744","Golden State Warriors",2021,"0022000212","20210118",14.7,26.85,FALSE
201939,"Stephen Curry","1610612744","Golden State Warriors",2021,"0022000212","20210118",12.2,28.15,FALSE
201939,"Stephen Curry","1610612744","Golden State Warriors",2021,"0022000212","20210118",2.9,7.45,FALSE
201939,"Stephen Curry","1610612744","Golden State Warriors",2021,"0022000212","20210118",20.9,20.25,FALSE
201939,"Stephen Curry","1610612744","Golden State Warriors",2021,"0022000212","20210118",20.4,22.35,FALSE
201939,"Stephen Curry","1610612744","Golden State Warriors",2021,"0022000212","20210118",-13,34.45,TRUE
201939,"Stephen Curry","1610612744","Golden State Warriors",2021,"0022000212","20210118",-1.4,16.25,TRUE
201939,"Stephen Curry","1610612744","Golden State Warriors",2021,"0022000212","20210118",-10.4,34.45,FALSE
201939,"Stephen Curry","1610612744","Golden State Warriors",2021,"0022000212","20210118",-1.4,18.55,FALSE
201939,"Stephen Curry","1610612744","Golden State Warriors",2021,"0022000212","20210118",2.9,9.45,FALSE
201939,"Stephen Curry","1610612744","Golden State Warriors",2021,"0022000212","20210118",16.4,25.75,FALSE
201939,"Stephen Curry","1610612744","Golden State Warriors",2021,"0022000212","20210118",-9.5,28.05,TRUE
201939,"Stephen Curry","1610612744","Golden State Warriors",2021,"0022000212","20210118",-12.7,27.05,FALSE
201939,"Stephen Curry","1610612744","Golden State Warriors",2021,"0022000212","20210118",1.7,6.75,TRUE
201939,"Stephen Curry","1610612744","Golden State Warriors",2021,"0022000212","20210118",-16.1,19.55,TRUE
201939,"Stephen Curry","1610612744","Golden State Warriors",2021,"0022000212","20210118",-2.5,14.25,FALSE
201939,"Stephen Curry","1610612744","Golden State Warriors",2021,"0022000212","20210118",-0.3,31.55,FALSE
201939,"Stephen Curry","1610612744","Golden State Warriors",2021,"0022000212","20210118",2,6.75,TRUE
201939,"Stephen Curry","1610612744","Golden State Warriors",2021,"0022000212","20210118",0.1,32.95,TRUE
201939,"Stephen Curry","1610612744","Golden State Warriors",2021,"0022000212","20210118",-4.2,31.45,FALSE
201939,"Stephen Curry","1610612744","Golden State Warriors",2021,"0022000212","20210118",0.1,7.05,FALSE
201939,"Stephen Curry","1610612744","Golden State Warriors",2021,"0022000223","20210120",-2.5,7.85,TRUE
201939,"Stephen Curry","1610612744","Golden State Warriors",2021,"0022000223","20210120",19.6,21.45,TRUE
201939,"Stephen Curry","1610612744","Golden State Warriors",2021,"0022000223","20210120",-15.7,27.75,TRUE
201939,"Stephen Curry","1610612744","Golden State Warriors",2021,"0022000223","20210120",3,7.35,FALSE
201939,"Stephen Curry","1610612744","Golden State Warriors",2021,"0022000223","20210120",-0.7,14.05,TRUE
201939,"Stephen Curry","1610612744","Golden State Warriors",2021,"0022000223","20210120",-1.1,7.45,TRUE
201939,"Stephen Curry","1610612744","Golden State Warriors",2021,"0022000223","20210120",-3.9,32.65,TRUE
201939,"Stephen Curry","1610612744","Golden State Warriors",2021,"0022000223","20210120",0.3,31.25,FALSE
201939,"Stephen Curry","1610612744","Golden State Warriors",2021,"0022000223","20210120",18.8,23.55,TRUE
201939,"Stephen Curry","1610612744","Golden State Warriors",2021,"0022000223","20210120",0.8,5.65,FALSE
201939,"Stephen Curry","1610612744","Golden State Warriors",2021,"0022000223","20210120",-1.5,10.75,TRUE
201939,"Stephen Curry","1610612744","Golden State Warriors",2021,"0022000223","20210120",9.4,11.55,TRUE
201939,"Stephen Curry","1610612744","Golden State Warriors",2021,"0022000223","20210120",-13.9,29.55,FALSE
201939,"Stephen Curry","1610612744","Golden State Warriors",2021,"0022000223","20210120",1.6,14.15,TRUE
201939,"Stephen Curry","1610612744","Golden State Warriors",2021,"0022000223","20210120",9.4,33.15,FALSE
201939,"Stephen Curry","1610612744","Golden State Warriors",2021,"0022000223","20210120",-2,8.35,FALSE
201939,"Stephen Curry","1610612744","Golden State Warriors",2021,"0022000223","20210120",-14.3,31.45,FALSE
201939,"Stephen Curry","1610612744","Golden State Warriors",2021,"0022000228","20210121",16.4,35.35,FALSE
201939,"Stephen Curry","1610612744","Golden State Warriors",2021,"0022000228","20210121",-1.3,12.05,FALSE
201939,"Stephen Curry","1610612744","Golden State Warriors",2021,"0022000228","20210121",-0.3,13.35,TRUE
201939,"Stephen Curry","1610612744","Golden State Warriors",2021,"0022000228","20210121",-21.6,19.85,TRUE
201939,"Stephen Curry","1610612744","Golden State Warriors",2021,"0022000228","20210121",-0.2,8.95,TRUE
201939,"Stephen Curry","1610612744","Golden State Warriors",2021,"0022000228","20210121",-22.2,19.05,TRUE
201939,"Stephen Curry","1610612744","Golden State Warriors",2021,"0022000228","20210121",-16.5,26.35,FALSE
201939,"Stephen Curry","1610612744","Golden State Warriors",2021,"0022000228","20210121",16,27.85,FALSE
201939,"Stephen Curry","1610612744","Golden State Warriors",2021,"0022000228","20210121",-0.5,8.35,TRUE
201939,"Stephen Curry","1610612744","Golden State Warriors",2021,"0022000228","20210121",-5.3,32.55,TRUE
201939,"Stephen Curry","1610612744","Golden State Warriors",2021,"0022000228","20210121",-15.6,27.55,FALSE
201939,"Stephen Curry","1610612744","Golden State Warriors",2021,"0022000228","20210121",-16.5,30.95,FALSE
201939,"Stephen Curry","1610612744","Golden State Warriors",2021,"0022000228","20210121",-1.9,29.55,FALSE
201939,"Stephen Curry","1610612744","Golden State Warriors",2021,"0022000228","20210121",-2.4,17.15,TRUE
201939,"Stephen Curry","1610612744","Golden State Warriors",2021,"0022000228","20210121",-2,34.25,FALSE
201939,"Stephen Curry","1610612744","Golden State Warriors",2021,"0022000228","20210121",-12.6,31.35,FALSE
201939,"Stephen Curry","1610612744","Golden State Warriors",2021,"0022000228","20210121",22.3,4.05,FALSE
201939,"Stephen Curry","1610612744","Golden State Warriors",2021,"0022000228","20210121",-16.5,25.05,TRUE
201939,"Stephen Curry","1610612744","Golden State Warriors",2021,"0022000228","20210121",-10.5,36.25,TRUE
201939,"Stephen Curry","1610612744","Golden State Warriors",2021,"0022000242","20210123",11.1,28.95,TRUE
201939,"Stephen Curry","1610612744","Golden State Warriors",2021,"0022000242","20210123",-23.1,23.55,TRUE
201939,"Stephen Curry","1610612744","Golden State Warriors",2021,"0022000242","20210123",-13,34.45,FALSE
201939,"Stephen Curry","1610612744","Golden State Warriors",2021,"0022000242","20210123",-2.7,6.65,FALSE
201939,"Stephen Curry","1610612744","Golden State Warriors",2021,"0022000242","20210123",-10.6,5.25,TRUE
201939,"Stephen Curry","1610612744","Golden State Warriors",2021,"0022000242","20210123",-1.9,5.25,TRUE
201939,"Stephen Curry","1610612744","Golden State Warriors",2021,"0022000242","20210123",-2.2,6.65,FALSE
201939,"Stephen Curry","1610612744","Golden State Warriors",2021,"0022000242","20210123",-11.6,32.15,TRUE
201939,"Stephen Curry","1610612744","Golden State Warriors",2021,"0022000242","20210123",14.3,26.25,FALSE
201939,"Stephen Curry","1610612744","Golden State Warriors",2021,"0022000242","20210123",0.6,10.25,FALSE
201939,"Stephen Curry","1610612744","Golden State Warriors",2021,"0022000242","20210123",0,16.65,FALSE
201939,"Stephen Curry","1610612744","Golden State Warriors",2021,"0022000242","20210123",-15.4,26.25,FALSE
201939,"Stephen Curry","1610612744","Golden State Warriors",2021,"0022000242","20210123",-23.2,7.85,TRUE
201939,"Stephen Curry","1610612744","Golden State Warriors",2021,"0022000242","20210123",-0.6,10.25,TRUE
201939,"Stephen Curry","1610612744","Golden State Warriors",2021,"0022000242","20210123",-9.1,29.35,TRUE
201939,"Stephen Curry","1610612744","Golden State Warriors",2021,"0022000242","20210123",-6.9,32.75,FALSE
201939,"Stephen Curry","1610612744","Golden State Warriors",2021,"0022000242","20210123",-1.6,6.95,TRUE
201939,"Stephen Curry","1610612744","Golden State Warriors",2021,"0022000242","20210123",15.3,33.75,FALSE
201939,"Stephen Curry","1610612744","Golden State Warriors",2021,"0022000266","20210125",17.2,31.15,TRUE
201939,"Stephen Curry","1610612744","Golden State Warriors",2021,"0022000266","20210125",-17.8,22.15,FALSE
201939,"Stephen Curry","1610612744","Golden State Warriors",2021,"0022000266","20210125",-19.9,22.25,TRUE
201939,"Stephen Curry","1610612744","Golden State Warriors",2021,"0022000266","20210125",1.1,7.55,TRUE
201939,"Stephen Curry","1610612744","Golden State Warriors",2021,"0022000266","20210125",-10.2,19.65,FALSE
201939,"Stephen Curry","1610612744","Golden State Warriors",2021,"0022000266","20210125",18.7,24.05,FALSE
201939,"Stephen Curry","1610612744","Golden State Warriors",2021,"0022000266","20210125",-15.8,26.35,TRUE
201939,"Stephen Curry","1610612744","Golden State Warriors",2021,"0022000266","20210125",0,22.15,TRUE
201939,"Stephen Curry","1610612744","Golden State Warriors",2021,"0022000266","20210125",3.2,8.45,FALSE
201939,"Stephen Curry","1610612744","Golden State Warriors",2021,"0022000266","20210125",-8.1,8.45,FALSE
201939,"Stephen Curry","1610612744","Golden State Warriors",2021,"0022000266","20210125",-6.5,29.35,FALSE
201939,"Stephen Curry","1610612744","Golden State Warriors",2021,"0022000266","20210125",17.9,23.75,TRUE
201939,"Stephen Curry","1610612744","Golden State Warriors",2021,"0022000266","20210125",-4.5,33.75,FALSE
201939,"Stephen Curry","1610612744","Golden State Warriors",2021,"0022000266","20210125",12,14.25,FALSE
201939,"Stephen Curry","1610612744","Golden State Warriors",2021,"0022000266","20210125",-3.4,6.55,TRUE
201939,"Stephen Curry","1610612744","Golden State Warriors",2021,"0022000266","20210125",-18.3,27.85,FALSE
201939,"Stephen Curry","1610612744","Golden State Warriors",2021,"0022000266","20210125",4.3,33.35,TRUE
201939,"Stephen Curry","1610612744","Golden State Warriors",2021,"0022000266","20210125",11.3,31.65,TRUE
201939,"Stephen Curry","1610612744","Golden State Warriors",2021,"0022000266","20210125",2.5,5.55,FALSE
201939,"Stephen Curry","1610612744","Golden State Warriors",2021,"0022000266","20210125",-5.9,17.15,TRUE
201939,"Stephen Curry","1610612744","Golden State Warriors",2021,"0022000266","20210125",3.8,31.35,TRUE
201939,"Stephen Curry","1610612744","Golden State Warriors",2021,"0022000283","20210127",-13.8,6.25,FALSE
201939,"Stephen Curry","1610612744","Golden State Warriors",2021,"0022000283","20210127",0.1,9.65,FALSE
201939,"Stephen Curry","1610612744","Golden State Warriors",2021,"0022000283","20210127",14.1,29.05,FALSE
201939,"Stephen Curry","1610612744","Golden State Warriors",2021,"0022000283","20210127",17.1,28.45,FALSE
201939,"Stephen Curry","1610612744","Golden State Warriors",2021,"0022000283","20210127",15.4,29.95,FALSE
201939,"Stephen Curry","1610612744","Golden State Warriors",2021,"0022000283","20210127",1.2,7.85,FALSE
201939,"Stephen Curry","1610612744","Golden State Warriors",2021,"0022000283","20210127",-0.2,33.15,FALSE
201939,"Stephen Curry","1610612744","Golden State Warriors",2021,"0022000283","20210127",-3.5,9.05,TRUE
201939,"Stephen Curry","1610612744","Golden State Warriors",2021,"0022000283","20210127",0.9,37.05,FALSE
201939,"Stephen Curry","1610612744","Golden State Warriors",2021,"0022000283","20210127",-23.7,5.35,FALSE
201939,"Stephen Curry","1610612744","Golden State Warriors",2021,"0022000283","20210127",19,23.25,TRUE
201939,"Stephen Curry","1610612744","Golden State Warriors",2021,"0022000283","20210127",-18.2,24.95,FALSE
201939,"Stephen Curry","1610612744","Golden State Warriors",2021,"0022000283","20210127",16.9,22.85,TRUE
201939,"Stephen Curry","1610612744","Golden State Warriors",2021,"0022000283","20210127",22.2,4.05,TRUE
201939,"Stephen Curry","1610612744","Golden State Warriors",2021,"0022000283","20210127",-4.3,32.15,TRUE
201939,"Stephen Curry","1610612744","Golden State Warriors",2021,"0022000283","20210127",2.1,8.95,FALSE
201939,"Stephen Curry","1610612744","Golden State Warriors",2021,"0022000283","20210127",-6.7,18.05,TRUE
201939,"Stephen Curry","1610612744","Golden State Warriors",2021,"0022000286","20210128",-5.8,30.45,TRUE
201939,"Stephen Curry","1610612744","Golden State Warriors",2021,"0022000286","20210128",-7.1,30.25,FALSE
201939,"Stephen Curry","1610612744","Golden State Warriors",2021,"0022000286","20210128",21.6,17.95,TRUE
201939,"Stephen Curry","1610612744","Golden State Warriors",2021,"0022000286","20210128",-0.7,6.55,TRUE
201939,"Stephen Curry","1610612744","Golden State Warriors",2021,"0022000286","20210128",-1.3,6.55,FALSE
201939,"Stephen Curry","1610612744","Golden State Warriors",2021,"0022000286","20210128",-8.8,29.75,FALSE
201939,"Stephen Curry","1610612744","Golden State Warriors",2021,"0022000286","20210128",8.2,20.35,FALSE
201939,"Stephen Curry","1610612744","Golden State Warriors",2021,"0022000286","20210128",-6.1,10.75,FALSE
201939,"Stephen Curry","1610612744","Golden State Warriors",2021,"0022000286","20210128",1.3,31.25,TRUE
201939,"Stephen Curry","1610612744","Golden State Warriors",2021,"0022000286","20210128",9.3,19.75,TRUE
201939,"Stephen Curry","1610612744","Golden State Warriors",2021,"0022000286","20210128",-0.8,5.85,FALSE
201939,"Stephen Curry","1610612744","Golden State Warriors",2021,"0022000286","20210128",-3.6,31.65,FALSE
201939,"Stephen Curry","1610612744","Golden State Warriors",2021,"0022000286","20210128",14.1,25.85,TRUE
201939,"Stephen Curry","1610612744","Golden State Warriors",2021,"0022000286","20210128",2.9,5.95,TRUE
201939,"Stephen Curry","1610612744","Golden State Warriors",2021,"0022000286","20210128",13.7,29.05,TRUE
201939,"Stephen Curry","1610612744","Golden State Warriors",2021,"0022000286","20210128",-11.9,15.65,FALSE
201939,"Stephen Curry","1610612744","Golden State Warriors",2021,"0022000286","20210128",-1.4,5.65,TRUE
201939,"Stephen Curry","1610612744","Golden State Warriors",2021,"0022000286","20210128",-9.6,13.35,TRUE
201939,"Stephen Curry","1610612744","Golden State Warriors",2021,"0022000286","20210128",18.2,28.95,FALSE
201939,"Stephen Curry","1610612744","Golden State Warriors",2021,"0022000286","20210128",-11.6,35.65,FALSE
201939,"Stephen Curry","1610612744","Golden State Warriors",2021,"0022000305","20210130",5.4,31.05,TRUE
201939,"Stephen Curry","1610612744","Golden State Warriors",2021,"0022000305","20210130",-16.9,23.25,FALSE
201939,"Stephen Curry","1610612744","Golden State Warriors",2021,"0022000305","20210130",11.9,15.45,TRUE
201939,"Stephen Curry","1610612744","Golden State Warriors",2021,"0022000305","20210130",3.5,6.75,FALSE
201939,"Stephen Curry","1610612744","Golden State Warriors",2021,"0022000305","20210130",6.6,11.55,FALSE
201939,"Stephen Curry","1610612744","Golden State Warriors",2021,"0022000305","20210130",-7.4,7.75,TRUE
201939,"Stephen Curry","1610612744","Golden State Warriors",2021,"0022000305","20210130",-23.3,11.45,TRUE
201939,"Stephen Curry","1610612744","Golden State Warriors",2021,"0022000305","20210130",-7.8,33.15,TRUE
201939,"Stephen Curry","1610612744","Golden State Warriors",2021,"0022000305","20210130",-10.5,15.05,TRUE
201939,"Stephen Curry","1610612744","Golden State Warriors",2021,"0022000305","20210130",13.5,32.35,TRUE
201939,"Stephen Curry","1610612744","Golden State Warriors",2021,"0022000305","20210130",-15.2,31.55,TRUE
201939,"Stephen Curry","1610612744","Golden State Warriors",2021,"0022000305","20210130",-1.6,16.85,TRUE
201939,"Stephen Curry","1610612744","Golden State Warriors",2021,"0022000305","20210130",22.3,12.95,FALSE
201939,"Stephen Curry","1610612744","Golden State Warriors",2021,"0022000305","20210130",-5.5,6.85,TRUE
201939,"Stephen Curry","1610612744","Golden State Warriors",2021,"0022000305","20210130",7.9,30.45,TRUE
201939,"Stephen Curry","1610612744","Golden State Warriors",2021,"0022000305","20210130",-1.8,10.55,FALSE
201939,"Stephen Curry","1610612744","Golden State Warriors",2021,"0022000305","20210130",3.2,3.45,FALSE
201939,"Stephen Curry","1610612744","Golden State Warriors",2021,"0022000326","20210202",-0.5,31.55,TRUE
201939,"Stephen Curry","1610612744","Golden State Warriors",2021,"0022000326","20210202",-24.6,8.25,TRUE
201939,"Stephen Curry","1610612744","Golden State Warriors",2021,"0022000326","20210202",-18.2,29.25,TRUE
201939,"Stephen Curry","1610612744","Golden State Warriors",2021,"0022000326","20210202",-11.6,28.15,FALSE
201939,"Stephen Curry","1610612744","Golden State Warriors",2021,"0022000326","20210202",-17.5,26.35,FALSE
201939,"Stephen Curry","1610612744","Golden State Warriors",2021,"0022000326","20210202",-7.1,7.65,TRUE
201939,"Stephen Curry","1610612744","Golden State Warriors",2021,"0022000326","20210202",-1.5,18.55,FALSE
201939,"Stephen Curry","1610612744","Golden State Warriors",2021,"0022000326","20210202",-7.4,31.55,TRUE
201939,"Stephen Curry","1610612744","Golden State Warriors",2021,"0022000326","20210202",-5.2,7.75,TRUE
201939,"Stephen Curry","1610612744","Golden State Warriors",2021,"0022000326","20210202",-9.2,33.95,FALSE
201939,"Stephen Curry","1610612744","Golden State Warriors",2021,"0022000326","20210202",-14.1,18.15,TRUE
201939,"Stephen Curry","1610612744","Golden State Warriors",2021,"0022000326","20210202",-18.1,25.15,TRUE
201939,"Stephen Curry","1610612744","Golden State Warriors",2021,"0022000326","20210202",-18.5,24.75,FALSE
201939,"Stephen Curry","1610612744","Golden State Warriors",2021,"0022000326","20210202",-11.8,28.45,FALSE
201939,"Stephen Curry","1610612744","Golden State Warriors",2021,"0022000326","20210202",-18,22.55,TRUE
201939,"Stephen Curry","1610612744","Golden State Warriors",2021,"0022000326","20210202",-16.9,30.45,TRUE
201939,"Stephen Curry","1610612744","Golden State Warriors",2021,"0022000326","20210202",-2.6,11.25,TRUE
201939,"Stephen Curry","1610612744","Golden State Warriors",2021,"0022000326","20210202",17.9,28.85,FALSE
201939,"Stephen Curry","1610612744","Golden State Warriors",2021,"0022000326","20210202",6.5,7.45,TRUE
201939,"Stephen Curry","1610612744","Golden State Warriors",2021,"0022000326","20210202",7.1,32.65,FALSE
201939,"Stephen Curry","1610612744","Golden State Warriors",2021,"0022000326","20210202",16.1,17.25,FALSE
201939,"Stephen Curry","1610612744","Golden State Warriors",2021,"0022000339","20210204",-19.8,20.95,TRUE
201939,"Stephen Curry","1610612744","Golden State Warriors",2021,"0022000339","20210204",16.6,29.95,FALSE
201939,"Stephen Curry","1610612744","Golden State Warriors",2021,"0022000339","20210204",6.8,24.85,FALSE
201939,"Stephen Curry","1610612744","Golden State Warriors",2021,"0022000339","20210204",1.4,5.75,TRUE
201939,"Stephen Curry","1610612744","Golden State Warriors",2021,"0022000339","20210204",19.5,24.25,FALSE
201939,"Stephen Curry","1610612744","Golden State Warriors",2021,"0022000339","20210204",-15,25.45,TRUE
201939,"Stephen Curry","1610612744","Golden State Warriors",2021,"0022000339","20210204",13.8,28.75,TRUE
201939,"Stephen Curry","1610612744","Golden State Warriors",2021,"0022000339","20210204",-2.6,6.25,FALSE
201939,"Stephen Curry","1610612744","Golden State Warriors",2021,"0022000339","20210204",-21,18.25,FALSE
201939,"Stephen Curry","1610612744","Golden State Warriors",2021,"0022000339","20210204",-0.5,6.05,TRUE
201939,"Stephen Curry","1610612744","Golden State Warriors",2021,"0022000339","20210204",22.3,16.25,TRUE
201939,"Stephen Curry","1610612744","Golden State Warriors",2021,"0022000339","20210204",-8.7,60.85,FALSE
201939,"Stephen Curry","1610612744","Golden State Warriors",2021,"0022000339","20210204",7,28.75,FALSE
201939,"Stephen Curry","1610612744","Golden State Warriors",2021,"0022000339","20210204",1.5,4.85,TRUE
201939,"Stephen Curry","1610612744","Golden State Warriors",2021,"0022000339","20210204",-0.8,5.55,TRUE
201939,"Stephen Curry","1610612744","Golden State Warriors",2021,"0022000339","20210204",0.4,6.15,TRUE
201939,"Stephen Curry","1610612744","Golden State Warriors",2021,"0022000339","20210204",-9.9,28.35,FALSE
201939,"Stephen Curry","1610612744","Golden State Warriors",2021,"0022000360","20210206",-14.7,28.05,FALSE
201939,"Stephen Curry","1610612744","Golden State Warriors",2021,"0022000360","20210206",-15.4,24.65,FALSE
201939,"Stephen Curry","1610612744","Golden State Warriors",2021,"0022000360","20210206",7.1,24.05,FALSE
201939,"Stephen Curry","1610612744","Golden State Warriors",2021,"0022000360","20210206",-12.7,27.35,TRUE
201939,"Stephen Curry","1610612744","Golden State Warriors",2021,"0022000360","20210206",1.2,12.55,FALSE
201939,"Stephen Curry","1610612744","Golden State Warriors",2021,"0022000360","20210206",-1.3,6.35,TRUE
201939,"Stephen Curry","1610612744","Golden State Warriors",2021,"0022000360","20210206",-10.9,27.95,TRUE
201939,"Stephen Curry","1610612744","Golden State Warriors",2021,"0022000360","20210206",-1.3,31.25,FALSE
201939,"Stephen Curry","1610612744","Golden State Warriors",2021,"0022000360","20210206",-20.6,18.85,TRUE
201939,"Stephen Curry","1610612744","Golden State Warriors",2021,"0022000360","20210206",21.2,18.25,TRUE
201939,"Stephen Curry","1610612744","Golden State Warriors",2021,"0022000360","20210206",1.6,7.35,TRUE
201939,"Stephen Curry","1610612744","Golden State Warriors",2021,"0022000360","20210206",-15.4,26.35,TRUE
201939,"Stephen Curry","1610612744","Golden State Warriors",2021,"0022000360","20210206",0.7,6.75,TRUE
201939,"Stephen Curry","1610612744","Golden State Warriors",2021,"0022000360","20210206",18.3,22.65,TRUE
201939,"Stephen Curry","1610612744","Golden State Warriors",2021,"0022000360","20210206",17.1,24.85,TRUE
201939,"Stephen Curry","1610612744","Golden State Warriors",2021,"0022000360","20210206",23.3,15.65,FALSE
201939,"Stephen Curry","1610612744","Golden State Warriors",2021,"0022000360","20210206",18.3,24.25,TRUE
201939,"Stephen Curry","1610612744","Golden State Warriors",2021,"0022000360","20210206",-1.1,6.85,TRUE
201939,"Stephen Curry","1610612744","Golden State Warriors",2021,"0022000360","20210206",0.4,42.05,TRUE
201939,"Stephen Curry","1610612744","Golden State Warriors",2021,"0022000360","20210206",-17.2,5.55,TRUE
201939,"Stephen Curry","1610612744","Golden State Warriors",2021,"0022000360","20210206",19,22.95,TRUE
201939,"Stephen Curry","1610612744","Golden State Warriors",2021,"0022000360","20210206",16.8,24.75,FALSE
201939,"Stephen Curry","1610612744","Golden State Warriors",2021,"0022000360","20210206",-14.8,26.55,FALSE
201939,"Stephen Curry","1610612744","Golden State Warriors",2021,"0022000360","20210206",8.2,60.25,FALSE
201939,"Stephen Curry","1610612744","Golden State Warriors",2021,"0022000360","20210206",-2,7.95,TRUE
201939,"Stephen Curry","1610612744","Golden State Warriors",2021,"0022000360","20210206",-7.1,20.95,FALSE
201939,"Stephen Curry","1610612744","Golden State Warriors",2021,"0022000360","20210206",1.9,6.15,TRUE
201939,"Stephen Curry","1610612744","Golden State Warriors",2021,"0022000360","20210206",20.1,24.55,FALSE
201939,"Stephen Curry","1610612744","Golden State Warriors",2021,"0022000360","20210206",-8.8,29.75,TRUE
201939,"Stephen Curry","1610612744","Golden State Warriors",2021,"0022000360","20210206",0.2,6.05,TRUE
201939,"Stephen Curry","1610612744","Golden State Warriors",2021,"0022000360","20210206",11.3,20.25,FALSE
201939,"Stephen Curry","1610612744","Golden State Warriors",2021,"0022000371","20210208",22.1,17.85,FALSE
201939,"Stephen Curry","1610612744","Golden State Warriors",2021,"0022000371","20210208",20.4,28.75,TRUE
201939,"Stephen Curry","1610612744","Golden State Warriors",2021,"0022000371","20210208",23.2,4.15,FALSE
201939,"Stephen Curry","1610612744","Golden State Warriors",2021,"0022000371","20210208",0,29.35,TRUE
201939,"Stephen Curry","1610612744","Golden State Warriors",2021,"0022000371","20210208",-3.4,5.75,TRUE
201939,"Stephen Curry","1610612744","Golden State Warriors",2021,"0022000371","20210208",14.3,33.65,TRUE
201939,"Stephen Curry","1610612744","Golden State Warriors",2021,"0022000371","20210208",-7.1,10.75,TRUE
201939,"Stephen Curry","1610612744","Golden State Warriors",2021,"0022000371","20210208",22.4,17.55,TRUE
201939,"Stephen Curry","1610612744","Golden State Warriors",2021,"0022000371","20210208",0.2,7.05,FALSE
201939,"Stephen Curry","1610612744","Golden State Warriors",2021,"0022000371","20210208",17.9,23.85,FALSE
201939,"Stephen Curry","1610612744","Golden State Warriors",2021,"0022000371","20210208",23.2,14.75,FALSE
201939,"Stephen Curry","1610612744","Golden State Warriors",2021,"0022000371","20210208",3,30.45,FALSE
201939,"Stephen Curry","1610612744","Golden State Warriors",2021,"0022000371","20210208",-14.6,25.75,TRUE
201939,"Stephen Curry","1610612744","Golden State Warriors",2021,"0022000371","20210208",-1.5,5.35,TRUE
201939,"Stephen Curry","1610612744","Golden State Warriors",2021,"0022000371","20210208",0.8,5.25,FALSE
201939,"Stephen Curry","1610612744","Golden State Warriors",2021,"0022000371","20210208",3.2,8.85,TRUE
201939,"Stephen Curry","1610612744","Golden State Warriors",2021,"0022000371","20210208",19.8,21.65,TRUE
201939,"Stephen Curry","1610612744","Golden State Warriors",2021,"0022000378","20210209",22.7,18.45,TRUE
201939,"Stephen Curry","1610612744","Golden State Warriors",2021,"0022000378","20210209",-7.4,32.45,FALSE
201939,"Stephen Curry","1610612744","Golden State Warriors",2021,"0022000378","20210209",0,5.25,FALSE
201939,"Stephen Curry","1610612744","Golden State Warriors",2021,"0022000378","20210209",10.3,30.55,FALSE
201939,"Stephen Curry","1610612744","Golden State Warriors",2021,"0022000378","20210209",17.4,26.05,FALSE
201939,"Stephen Curry","1610612744","Golden State Warriors",2021,"0022000378","20210209",-0.6,6.05,TRUE
201939,"Stephen Curry","1610612744","Golden State Warriors",2021,"0022000378","20210209",0.2,5.15,TRUE
201939,"Stephen Curry","1610612744","Golden State Warriors",2021,"0022000378","20210209",0.4,5.85,TRUE
201939,"Stephen Curry","1610612744","Golden State Warriors",2021,"0022000378","20210209",0,6.05,TRUE
201939,"Stephen Curry","1610612744","Golden State Warriors",2021,"0022000378","20210209",-0.7,12.55,FALSE
201939,"Stephen Curry","1610612744","Golden State Warriors",2021,"0022000378","20210209",-4.5,7.45,FALSE
201939,"Stephen Curry","1610612744","Golden State Warriors",2021,"0022000378","20210209",0.3,6.05,TRUE
201939,"Stephen Curry","1610612744","Golden State Warriors",2021,"0022000378","20210209",-3.6,31.25,TRUE
201939,"Stephen Curry","1610612744","Golden State Warriors",2021,"0022000378","20210209",-2.2,5.85,TRUE
201939,"Stephen Curry","1610612744","Golden State Warriors",2021,"0022000378","20210209",23,6.35,FALSE
201939,"Stephen Curry","1610612744","Golden State Warriors",2021,"0022000378","20210209",15.2,25.45,TRUE
201939,"Stephen Curry","1610612744","Golden State Warriors",2021,"0022000378","20210209",17.6,24.75,TRUE
201939,"Stephen Curry","1610612744","Golden State Warriors",2021,"0022000378","20210209",-0.3,37.55,FALSE
201939,"Stephen Curry","1610612744","Golden State Warriors",2021,"0022000378","20210209",-0.4,5.25,TRUE
201939,"Stephen Curry","1610612744","Golden State Warriors",2021,"0022000378","20210209",-14.9,24.95,FALSE
201939,"Stephen Curry","1610612744","Golden State Warriors",2021,"0022000393","20210211",-1.6,32.35,TRUE
201939,"Stephen Curry","1610612744","Golden State Warriors",2021,"0022000393","20210211",-1.2,38.35,TRUE
201939,"Stephen Curry","1610612744","Golden State Warriors",2021,"0022000393","20210211",-19.6,24.55,FALSE
201939,"Stephen Curry","1610612744","Golden State Warriors",2021,"0022000393","20210211",21.1,17.95,FALSE
201939,"Stephen Curry","1610612744","Golden State Warriors",2021,"0022000393","20210211",-16.5,23.95,TRUE
201939,"Stephen Curry","1610612744","Golden State Warriors",2021,"0022000393","20210211",-14.5,28.85,TRUE
201939,"Stephen Curry","1610612744","Golden State Warriors",2021,"0022000393","20210211",-8.5,41.25,FALSE
201939,"Stephen Curry","1610612744","Golden State Warriors",2021,"0022000393","20210211",-17.9,25.05,TRUE
201939,"Stephen Curry","1610612744","Golden State Warriors",2021,"0022000393","20210211",-18.1,26.65,TRUE
201939,"Stephen Curry","1610612744","Golden State Warriors",2021,"0022000393","20210211",-4.6,30.05,FALSE
201939,"Stephen Curry","1610612744","Golden State Warriors",2021,"0022000393","20210211",19.5,25.45,FALSE
201939,"Stephen Curry","1610612744","Golden State Warriors",2021,"0022000393","20210211",-4.7,10.45,TRUE
201939,"Stephen Curry","1610612744","Golden State Warriors",2021,"0022000393","20210211",22.8,4.45,TRUE
201939,"Stephen Curry","1610612744","Golden State Warriors",2021,"0022000393","20210211",7.8,12.25,TRUE
201939,"Stephen Curry","1610612744","Golden State Warriors",2021,"0022000393","20210211",-23.6,6.85,FALSE
201939,"Stephen Curry","1610612744","Golden State Warriors",2021,"0022000393","20210211",-2.4,5.35,FALSE
201939,"Stephen Curry","1610612744","Golden State Warriors",2021,"0022000393","20210211",12.8,29.65,FALSE
201939,"Stephen Curry","1610612744","Golden State Warriors",2021,"0022000393","20210211",-5.7,7.75,TRUE
201939,"Stephen Curry","1610612744","Golden State Warriors",2021,"0022000393","20210211",19.3,22.75,TRUE
201939,"Stephen Curry","1610612744","Golden State Warriors",2021,"0022000393","20210211",10.7,25.35,TRUE
201939,"Stephen Curry","1610612744","Golden State Warriors",2021,"0022000393","20210211",-19.9,22.15,TRUE
201939,"Stephen Curry","1610612744","Golden State Warriors",2021,"0022000393","20210211",-16.9,25.25,FALSE
201939,"Stephen Curry","1610612744","Golden State Warriors",2021,"0022000393","20210211",-22,8.05,FALSE
201939,"Stephen Curry","1610612744","Golden State Warriors",2021,"0022000393","20210211",17.6,27.05,TRUE
201939,"Stephen Curry","1610612744","Golden State Warriors",2021,"0022000393","20210211",6.8,10.55,FALSE
201939,"Stephen Curry","1610612744","Golden State Warriors",2021,"0022000393","20210211",4.5,10.45,FALSE
201939,"Stephen Curry","1610612744","Golden State Warriors",2021,"0022000409","20210213",4.1,32.05,TRUE
201939,"Stephen Curry","1610612744","Golden State Warriors",2021,"0022000409","20210213",-3.6,7.75,TRUE
201939,"Stephen Curry","1610612744","Golden State Warriors",2021,"0022000409","20210213",-1.3,33.05,FALSE
201939,"Stephen Curry","1610612744","Golden State Warriors",2021,"0022000409","20210213",-4.7,9.35,TRUE
201939,"Stephen Curry","1610612744","Golden State Warriors",2021,"0022000409","20210213",-14.6,24.65,FALSE
201939,"Stephen Curry","1610612744","Golden State Warriors",2021,"0022000409","20210213",13.9,29.45,FALSE
201939,"Stephen Curry","1610612744","Golden State Warriors",2021,"0022000409","20210213",4.9,9.65,TRUE
201939,"Stephen Curry","1610612744","Golden State Warriors",2021,"0022000409","20210213",18.1,30.65,FALSE
201939,"Stephen Curry","1610612744","Golden State Warriors",2021,"0022000409","20210213",-3.7,9.05,TRUE
201939,"Stephen Curry","1610612744","Golden State Warriors",2021,"0022000409","20210213",16.8,26.45,FALSE
201939,"Stephen Curry","1610612744","Golden State Warriors",2021,"0022000409","20210213",-10.9,30.45,FALSE
201939,"Stephen Curry","1610612744","Golden State Warriors",2021,"0022000409","20210213",-3.4,5.85,TRUE
201939,"Stephen Curry","1610612744","Golden State Warriors",2021,"0022000409","20210213",-1.1,13.45,TRUE
201939,"Stephen Curry","1610612744","Golden State Warriors",2021,"0022000409","20210213",4.3,5.25,TRUE
201939,"Stephen Curry","1610612744","Golden State Warriors",2021,"0022000409","20210213",14.3,28.95,FALSE
201939,"Stephen Curry","1610612744","Golden State Warriors",2021,"0022000409","20210213",-5.7,7.45,TRUE
201939,"Stephen Curry","1610612744","Golden State Warriors",2021,"0022000409","20210213",-21.4,27.95,TRUE
201939,"Stephen Curry","1610612744","Golden State Warriors",2021,"0022000424","20210215",1.8,6.55,TRUE
201939,"Stephen Curry","1610612744","Golden State Warriors",2021,"0022000424","20210215",-16,25.35,TRUE
201939,"Stephen Curry","1610612744","Golden State Warriors",2021,"0022000424","20210215",21.8,5.65,FALSE
201939,"Stephen Curry","1610612744","Golden State Warriors",2021,"0022000424","20210215",-3.2,8.25,TRUE
201939,"Stephen Curry","1610612744","Golden State Warriors",2021,"0022000424","20210215",-3.8,6.85,TRUE
201939,"Stephen Curry","1610612744","Golden State Warriors",2021,"0022000424","20210215",2.1,33.45,TRUE
201939,"Stephen Curry","1610612744","Golden State Warriors",2021,"0022000424","20210215",-17.9,23.45,TRUE
201939,"Stephen Curry","1610612744","Golden State Warriors",2021,"0022000424","20210215",19.4,21.65,FALSE
201939,"Stephen Curry","1610612744","Golden State Warriors",2021,"0022000424","20210215",-6.6,17.25,TRUE
201939,"Stephen Curry","1610612744","Golden State Warriors",2021,"0022000424","20210215",0,11.15,FALSE
201939,"Stephen Curry","1610612744","Golden State Warriors",2021,"0022000424","20210215",10,28.95,TRUE
201939,"Stephen Curry","1610612744","Golden State Warriors",2021,"0022000424","20210215",-19.7,22.35,TRUE
201939,"Stephen Curry","1610612744","Golden State Warriors",2021,"0022000424","20210215",3.9,31.65,TRUE
201939,"Stephen Curry","1610612744","Golden State Warriors",2021,"0022000424","20210215",-23.6,11.75,FALSE
201939,"Stephen Curry","1610612744","Golden State Warriors",2021,"0022000424","20210215",-1.9,5.75,TRUE
201939,"Stephen Curry","1610612744","Golden State Warriors",2021,"0022000424","20210215",-3.6,6.35,TRUE
201939,"Stephen Curry","1610612744","Golden State Warriors",2021,"0022000424","20210215",-20.6,22.65,TRUE
201939,"Stephen Curry","1610612744","Golden State Warriors",2021,"0022000424","20210215",17.7,31.75,FALSE
201939,"Stephen Curry","1610612744","Golden State Warriors",2021,"0022000424","20210215",-7.5,6.25,FALSE
201939,"Stephen Curry","1610612744","Golden State Warriors",2021,"0022000443","20210217",-18.3,28.65,TRUE
201939,"Stephen Curry","1610612744","Golden State Warriors",2021,"0022000443","20210217",-20.3,20.05,FALSE
201939,"Stephen Curry","1610612744","Golden State Warriors",2021,"0022000443","20210217",23,7.45,FALSE
201939,"Stephen Curry","1610612744","Golden State Warriors",2021,"0022000443","20210217",-14.3,28.85,FALSE
201939,"Stephen Curry","1610612744","Golden State Warriors",2021,"0022000443","20210217",-8.9,23.05,TRUE
201939,"Stephen Curry","1610612744","Golden State Warriors",2021,"0022000443","20210217",-19.9,21.05,FALSE
201939,"Stephen Curry","1610612744","Golden State Warriors",2021,"0022000443","20210217",-0.4,35.15,FALSE
201939,"Stephen Curry","1610612744","Golden State Warriors",2021,"0022000443","20210217",10.5,39.45,FALSE
201939,"Stephen Curry","1610612744","Golden State Warriors",2021,"0022000443","20210217",14.4,27.75,FALSE
201939,"Stephen Curry","1610612744","Golden State Warriors",2021,"0022000443","20210217",23.2,9.15,FALSE
201939,"Stephen Curry","1610612744","Golden State Warriors",2021,"0022000443","20210217",-1,8.35,TRUE
201939,"Stephen Curry","1610612744","Golden State Warriors",2021,"0022000443","20210217",-11.4,29.45,FALSE
201939,"Stephen Curry","1610612744","Golden State Warriors",2021,"0022000443","20210217",-9.6,6.35,TRUE
201939,"Stephen Curry","1610612744","Golden State Warriors",2021,"0022000443","20210217",-0.1,32.05,FALSE
201939,"Stephen Curry","1610612744","Golden State Warriors",2021,"0022000443","20210217",21.1,21.45,TRUE
201939,"Stephen Curry","1610612744","Golden State Warriors",2021,"0022000443","20210217",-1.4,31.35,FALSE
201939,"Stephen Curry","1610612744","Golden State Warriors",2021,"0022000443","20210217",21.4,19.45,FALSE
201939,"Stephen Curry","1610612744","Golden State Warriors",2021,"0022000443","20210217",22.6,3.95,FALSE
201939,"Stephen Curry","1610612744","Golden State Warriors",2021,"0022000443","20210217",-16.9,27.25,TRUE
201939,"Stephen Curry","1610612744","Golden State Warriors",2021,"0022000443","20210217",-2,9.95,FALSE
201939,"Stephen Curry","1610612744","Golden State Warriors",2021,"0022000443","20210217",-5.5,31.55,FALSE
201939,"Stephen Curry","1610612744","Golden State Warriors",2021,"0022000443","20210217",12.8,28.35,FALSE
201939,"Stephen Curry","1610612744","Golden State Warriors",2021,"0022000443","20210217",10.5,16.25,FALSE
201939,"Stephen Curry","1610612744","Golden State Warriors",2021,"0022000443","20210217",-13.1,30.75,TRUE
201939,"Stephen Curry","1610612744","Golden State Warriors",2021,"0022000443","20210217",-16,28.35,TRUE
201939,"Stephen Curry","1610612744","Golden State Warriors",2021,"0022000449","20210219",-19.3,20.05,FALSE
201939,"Stephen Curry","1610612744","Golden State Warriors",2021,"0022000449","20210219",23.5,6.05,FALSE
201939,"Stephen Curry","1610612744","Golden State Warriors",2021,"0022000449","20210219",0.5,19.95,FALSE
201939,"Stephen Curry","1610612744","Golden State Warriors",2021,"0022000449","20210219",-9.2,30.35,FALSE
201939,"Stephen Curry","1610612744","Golden State Warriors",2021,"0022000449","20210219",-7.8,32.75,TRUE
201939,"Stephen Curry","1610612744","Golden State Warriors",2021,"0022000449","20210219",0.2,6.75,TRUE
201939,"Stephen Curry","1610612744","Golden State Warriors",2021,"0022000449","20210219",-1.3,7.25,TRUE
201939,"Stephen Curry","1610612744","Golden State Warriors",2021,"0022000449","20210219",-0.3,6.35,FALSE
201939,"Stephen Curry","1610612744","Golden State Warriors",2021,"0022000449","20210219",1.7,11.45,FALSE
201939,"Stephen Curry","1610612744","Golden State Warriors",2021,"0022000449","20210219",13.9,16.25,FALSE
201939,"Stephen Curry","1610612744","Golden State Warriors",2021,"0022000449","20210219",3.9,20.05,FALSE
201939,"Stephen Curry","1610612744","Golden State Warriors",2021,"0022000449","20210219",-17.6,25.85,TRUE
201939,"Stephen Curry","1610612744","Golden State Warriors",2021,"0022000449","20210219",-20.9,19.65,FALSE
201939,"Stephen Curry","1610612744","Golden State Warriors",2021,"0022000449","20210219",-10.6,29.35,FALSE
201939,"Stephen Curry","1610612744","Golden State Warriors",2021,"0022000449","20210219",-2.8,29.95,FALSE
201939,"Stephen Curry","1610612744","Golden State Warriors",2021,"0022000449","20210219",-2.3,6.65,FALSE
201939,"Stephen Curry","1610612744","Golden State Warriors",2021,"0022000449","20210219",-18.2,23.25,TRUE
201939,"Stephen Curry","1610612744","Golden State Warriors",2021,"0022000449","20210219",-14.2,26.55,FALSE
201939,"Stephen Curry","1610612744","Golden State Warriors",2021,"0022000449","20210219",-16.5,23.05,TRUE
201939,"Stephen Curry","1610612744","Golden State Warriors",2021,"0022000449","20210219",5.1,30.45,FALSE
201939,"Stephen Curry","1610612744","Golden State Warriors",2021,"0022000449","20210219",-13.8,10.75,TRUE
201939,"Stephen Curry","1610612744","Golden State Warriors",2021,"0022000449","20210219",-0.1,7.15,TRUE
201939,"Stephen Curry","1610612744","Golden State Warriors",2021,"0022000449","20210219",-4.1,32.15,FALSE
201939,"Stephen Curry","1610612744","Golden State Warriors",2021,"0022000449","20210219",-1.7,7.45,FALSE
201939,"Stephen Curry","1610612744","Golden State Warriors",2021,"0022000449","20210219",-4.6,17.15,TRUE
201939,"Stephen Curry","1610612744","Golden State Warriors",2021,"0022000449","20210219",-9,31.35,TRUE
201939,"Stephen Curry","1610612744","Golden State Warriors",2021,"0022000449","20210219",-11.4,29.15,TRUE
201939,"Stephen Curry","1610612744","Golden State Warriors",2021,"0022000449","20210219",-10.5,30.05,FALSE
201939,"Stephen Curry","1610612744","Golden State Warriors",2021,"0022000449","20210219",0,5.25,FALSE
201939,"Stephen Curry","1610612744","Golden State Warriors",2021,"0022000483","20210223",22.1,14.75,TRUE
201939,"Stephen Curry","1610612744","Golden State Warriors",2021,"0022000483","20210223",2.4,31.05,FALSE
201939,"Stephen Curry","1610612744","Golden State Warriors",2021,"0022000483","20210223",-10.1,12.75,FALSE
201939,"Stephen Curry","1610612744","Golden State Warriors",2021,"0022000483","20210223",11.3,27.75,FALSE
201939,"Stephen Curry","1610612744","Golden State Warriors",2021,"0022000483","20210223",-8.9,22.15,FALSE
201939,"Stephen Curry","1610612744","Golden State Warriors",2021,"0022000483","20210223",-16.6,28.95,TRUE
201939,"Stephen Curry","1610612744","Golden State Warriors",2021,"0022000483","20210223",19.2,20.25,TRUE
201939,"Stephen Curry","1610612744","Golden State Warriors",2021,"0022000483","20210223",-20.1,21.25,TRUE
201939,"Stephen Curry","1610612744","Golden State Warriors",2021,"0022000483","20210223",-1.3,7.45,FALSE
201939,"Stephen Curry","1610612744","Golden State Warriors",2021,"0022000483","20210223",-15.2,7.95,TRUE
201939,"Stephen Curry","1610612744","Golden State Warriors",2021,"0022000483","20210223",2.9,30.95,FALSE
201939,"Stephen Curry","1610612744","Golden State Warriors",2021,"0022000483","20210223",22.8,6.25,FALSE
201939,"Stephen Curry","1610612744","Golden State Warriors",2021,"0022000483","20210223",1.4,7.35,FALSE
201939,"Stephen Curry","1610612744","Golden State Warriors",2021,"0022000483","20210223",-23,6.45,TRUE
201939,"Stephen Curry","1610612744","Golden State Warriors",2021,"0022000483","20210223",-16.6,26.65,TRUE
201939,"Stephen Curry","1610612744","Golden State Warriors",2021,"0022000483","20210223",-2.5,5.85,FALSE
201939,"Stephen Curry","1610612744","Golden State Warriors",2021,"0022000483","20210223",23.6,8.05,FALSE
201939,"Stephen Curry","1610612744","Golden State Warriors",2021,"0022000483","20210223",-9.7,29.15,TRUE
201939,"Stephen Curry","1610612744","Golden State Warriors",2021,"0022000483","20210223",-10.3,21.75,FALSE
201939,"Stephen Curry","1610612744","Golden State Warriors",2021,"0022000483","20210223",17.2,24.55,FALSE
201939,"Stephen Curry","1610612744","Golden State Warriors",2021,"0022000483","20210223",-21.8,17.45,FALSE
201939,"Stephen Curry","1610612744","Golden State Warriors",2021,"0022000483","20210223",0.1,20.45,TRUE
201939,"Stephen Curry","1610612744","Golden State Warriors",2021,"0022000489","20210224",10.8,32.55,FALSE
201939,"Stephen Curry","1610612744","Golden State Warriors",2021,"0022000489","20210224",23.3,3.25,FALSE
201939,"Stephen Curry","1610612744","Golden State Warriors",2021,"0022000489","20210224",-14.5,30.05,FALSE
201939,"Stephen Curry","1610612744","Golden State Warriors",2021,"0022000489","20210224",-4.9,33.05,FALSE
201939,"Stephen Curry","1610612744","Golden State Warriors",2021,"0022000489","20210224",-22.3,12.15,TRUE
201939,"Stephen Curry","1610612744","Golden State Warriors",2021,"0022000489","20210224",-0.3,14.05,TRUE
201939,"Stephen Curry","1610612744","Golden State Warriors",2021,"0022000489","20210224",0.5,6.75,TRUE
201939,"Stephen Curry","1610612744","Golden State Warriors",2021,"0022000489","20210224",-19.1,24.25,FALSE
201939,"Stephen Curry","1610612744","Golden State Warriors",2021,"0022000489","20210224",-0.1,5.05,TRUE
201939,"Stephen Curry","1610612744","Golden State Warriors",2021,"0022000489","20210224",-20.9,21.85,FALSE
201939,"Stephen Curry","1610612744","Golden State Warriors",2021,"0022000489","20210224",0.6,12.75,FALSE
201939,"Stephen Curry","1610612744","Golden State Warriors",2021,"0022000489","20210224",0.6,5.15,TRUE
201939,"Stephen Curry","1610612744","Golden State Warriors",2021,"0022000489","20210224",0.9,7.65,FALSE
201939,"Stephen Curry","1610612744","Golden State Warriors",2021,"0022000489","20210224",-6,6.95,TRUE
201939,"Stephen Curry","1610612744","Golden State Warriors",2021,"0022000489","20210224",0.3,7.25,FALSE
201939,"Stephen Curry","1610612744","Golden State Warriors",2021,"0022000489","20210224",0,6.25,TRUE
201939,"Stephen Curry","1610612744","Golden State Warriors",2021,"0022000489","20210224",20.3,23.25,FALSE
201939,"Stephen Curry","1610612744","Golden State Warriors",2021,"0022000489","20210224",20.9,22.45,FALSE
201939,"Stephen Curry","1610612744","Golden State Warriors",2021,"0022000489","20210224",-0.9,5.15,FALSE
201939,"Stephen Curry","1610612744","Golden State Warriors",2021,"0022000489","20210224",20.3,22.55,FALSE
201939,"Stephen Curry","1610612744","Golden State Warriors",2021,"0022000489","20210224",22.4,24.15,FALSE
201939,"Stephen Curry","1610612744","Golden State Warriors",2021,"0022000511","20210226",0.6,8.85,TRUE
201939,"Stephen Curry","1610612744","Golden State Warriors",2021,"0022000511","20210226",-19.2,24.75,FALSE
201939,"Stephen Curry","1610612744","Golden State Warriors",2021,"0022000511","20210226",-18.9,24.65,TRUE
201939,"Stephen Curry","1610612744","Golden State Warriors",2021,"0022000511","20210226",3.6,10.15,TRUE
201939,"Stephen Curry","1610612744","Golden State Warriors",2021,"0022000511","20210226",2.3,37.55,FALSE
201939,"Stephen Curry","1610612744","Golden State Warriors",2021,"0022000511","20210226",-0.3,8.85,TRUE
201939,"Stephen Curry","1610612744","Golden State Warriors",2021,"0022000511","20210226",14.5,32.15,FALSE
201939,"Stephen Curry","1610612744","Golden State Warriors",2021,"0022000511","20210226",12.6,13.25,FALSE
201939,"Stephen Curry","1610612744","Golden State Warriors",2021,"0022000511","20210226",-18.3,23.35,TRUE
201939,"Stephen Curry","1610612744","Golden State Warriors",2021,"0022000511","20210226",0.3,13.65,TRUE
201939,"Stephen Curry","1610612744","Golden State Warriors",2021,"0022000511","20210226",-23.4,6.75,FALSE
201939,"Stephen Curry","1610612744","Golden State Warriors",2021,"0022000511","20210226",0.5,8.35,TRUE
201939,"Stephen Curry","1610612744","Golden State Warriors",2021,"0022000511","20210226",18.2,25.15,TRUE
201939,"Stephen Curry","1610612744","Golden State Warriors",2021,"0022000511","20210226",19.2,43.15,FALSE
201939,"Stephen Curry","1610612744","Golden State Warriors",2021,"0022000511","20210226",-0.2,7.75,FALSE
201939,"Stephen Curry","1610612744","Golden State Warriors",2021,"0022000527","20210228",-16.3,25.35,FALSE
201939,"Stephen Curry","1610612744","Golden State Warriors",2021,"0022000527","20210228",12.2,29.15,TRUE
201939,"Stephen Curry","1610612744","Golden State Warriors",2021,"0022000527","20210228",0.2,6.35,TRUE
201939,"Stephen Curry","1610612744","Golden State Warriors",2021,"0022000527","20210228",22.8,8.75,FALSE
201939,"Stephen Curry","1610612744","Golden State Warriors",2021,"0022000527","20210228",-2.7,8.75,FALSE
201939,"Stephen Curry","1610612744","Golden State Warriors",2021,"0022000527","20210228",0.3,7.75,TRUE
201939,"Stephen Curry","1610612744","Golden State Warriors",2021,"0022000527","20210228",2.2,6.65,FALSE
201939,"Stephen Curry","1610612744","Golden State Warriors",2021,"0022000527","20210228",-14.8,25.65,TRUE
201939,"Stephen Curry","1610612744","Golden State Warriors",2021,"0022000527","20210228",1.5,8.35,FALSE
201939,"Stephen Curry","1610612744","Golden State Warriors",2021,"0022000527","20210228",15.8,26.85,FALSE
201939,"Stephen Curry","1610612744","Golden State Warriors",2021,"0022000527","20210228",17.5,28.45,FALSE
201939,"Stephen Curry","1610612744","Golden State Warriors",2021,"0022000527","20210228",-0.9,8.65,TRUE
201939,"Stephen Curry","1610612744","Golden State Warriors",2021,"0022000527","20210228",-15.5,26.15,FALSE
201939,"Stephen Curry","1610612744","Golden State Warriors",2021,"0022000550","20210303",-18.2,22.85,TRUE
201939,"Stephen Curry","1610612744","Golden State Warriors",2021,"0022000550","20210303",19.3,20.35,TRUE
201939,"Stephen Curry","1610612744","Golden State Warriors",2021,"0022000550","20210303",16.8,24.45,TRUE
201939,"Stephen Curry","1610612744","Golden State Warriors",2021,"0022000550","20210303",-1.9,6.35,FALSE
201939,"Stephen Curry","1610612744","Golden State Warriors",2021,"0022000550","20210303",-11.5,31.85,FALSE
201939,"Stephen Curry","1610612744","Golden State Warriors",2021,"0022000550","20210303",13.9,21.85,TRUE
201939,"Stephen Curry","1610612744","Golden State Warriors",2021,"0022000550","20210303",18,18.75,TRUE
201939,"Stephen Curry","1610612744","Golden State Warriors",2021,"0022000550","20210303",-5.6,8.45,TRUE
201939,"Stephen Curry","1610612744","Golden State Warriors",2021,"0022000550","20210303",-7.4,30.05,FALSE
201939,"Stephen Curry","1610612744","Golden State Warriors",2021,"0022000550","20210303",-0.7,5.35,TRUE
201939,"Stephen Curry","1610612744","Golden State Warriors",2021,"0022000550","20210303",-17.1,24.15,FALSE
201939,"Stephen Curry","1610612744","Golden State Warriors",2021,"0022000550","20210303",-1.1,5.55,TRUE
201939,"Stephen Curry","1610612744","Golden State Warriors",2021,"0022000550","20210303",-1.8,6.15,TRUE
201939,"Stephen Curry","1610612744","Golden State Warriors",2021,"0022000550","20210303",-10.9,32.35,FALSE
201939,"Stephen Curry","1610612744","Golden State Warriors",2021,"0022000550","20210303",0.2,11.85,FALSE
201939,"Stephen Curry","1610612744","Golden State Warriors",2021,"0022000550","20210303",9.4,36.15,FALSE
201939,"Stephen Curry","1610612744","Golden State Warriors",2021,"0022000550","20210303",-3.3,10.75,FALSE
201939,"Stephen Curry","1610612744","Golden State Warriors",2021,"0022000550","20210303",-7.4,34.35,FALSE
201939,"Stephen Curry","1610612744","Golden State Warriors",2021,"0022000550","20210303",1.2,5.35,FALSE
201939,"Stephen Curry","1610612744","Golden State Warriors",2021,"0022000550","20210303",-0.3,5.65,TRUE
201939,"Stephen Curry","1610612744","Golden State Warriors",2021,"0022000550","20210303",-20,20.95,FALSE
201939,"Stephen Curry","1610612744","Golden State Warriors",2021,"0022000550","20210303",12.8,31.05,TRUE
201939,"Stephen Curry","1610612744","Golden State Warriors",2021,"0022000550","20210303",-21.8,15.85,TRUE
201939,"Stephen Curry","1610612744","Golden State Warriors",2021,"0022000550","20210303",-22.7,5.45,FALSE
201939,"Stephen Curry","1610612744","Golden State Warriors",2021,"0022000550","20210303",-0.3,5.85,TRUE
201939,"Stephen Curry","1610612744","Golden State Warriors",2021,"0022000550","20210303",0,5.25,FALSE
201939,"Stephen Curry","1610612744","Golden State Warriors",2021,"0022000550","20210303",0.2,32.75,FALSE
201939,"Stephen Curry","1610612744","Golden State Warriors",2021,"0022000550","20210303",-3.7,6.85,FALSE
201939,"Stephen Curry","1610612744","Golden State Warriors",2021,"0022000576","20210311",-1.1,11.45,FALSE
201939,"Stephen Curry","1610612744","Golden State Warriors",2021,"0022000576","20210311",18.8,23.65,FALSE
201939,"Stephen Curry","1610612744","Golden State Warriors",2021,"0022000576","20210311",-15.9,24.15,FALSE
201939,"Stephen Curry","1610612744","Golden State Warriors",2021,"0022000576","20210311",-2,21.15,FALSE
201939,"Stephen Curry","1610612744","Golden State Warriors",2021,"0022000576","20210311",-1.1,6.95,TRUE
201939,"Stephen Curry","1610612744","Golden State Warriors",2021,"0022000576","20210311",-16,28.45,FALSE
201939,"Stephen Curry","1610612744","Golden State Warriors",2021,"0022000576","20210311",-19.1,23.05,FALSE
201939,"Stephen Curry","1610612744","Golden State Warriors",2021,"0022000576","20210311",-1.9,6.95,TRUE
201939,"Stephen Curry","1610612744","Golden State Warriors",2021,"0022000576","20210311",-15.3,19.85,FALSE
201939,"Stephen Curry","1610612744","Golden State Warriors",2021,"0022000576","20210311",-0.6,6.55,TRUE
201939,"Stephen Curry","1610612744","Golden State Warriors",2021,"0022000576","20210311",13.8,53.45,FALSE
201939,"Stephen Curry","1610612744","Golden State Warriors",2021,"0022000576","20210311",-10.6,30.15,TRUE
201939,"Stephen Curry","1610612744","Golden State Warriors",2021,"0022000576","20210311",16.8,28.35,FALSE
201939,"Stephen Curry","1610612744","Golden State Warriors",2021,"0022000576","20210311",0,6.55,TRUE
201939,"Stephen Curry","1610612744","Golden State Warriors",2021,"0022000576","20210311",-0.4,8.15,TRUE
201939,"Stephen Curry","1610612744","Golden State Warriors",2021,"0022000576","20210311",-0.8,35.65,FALSE
201939,"Stephen Curry","1610612744","Golden State Warriors",2021,"0022000594","20210314",-13,8.75,FALSE
201939,"Stephen Curry","1610612744","Golden State Warriors",2021,"0022000594","20210314",-22.5,6.05,TRUE
201939,"Stephen Curry","1610612744","Golden State Warriors",2021,"0022000594","20210314",-13.6,28.65,TRUE
201939,"Stephen Curry","1610612744","Golden State Warriors",2021,"0022000594","20210314",0,6.85,TRUE
201939,"Stephen Curry","1610612744","Golden State Warriors",2021,"0022000594","20210314",9.6,6.65,TRUE
201939,"Stephen Curry","1610612744","Golden State Warriors",2021,"0022000594","20210314",-12.1,29.25,TRUE
201939,"Stephen Curry","1610612744","Golden State Warriors",2021,"0022000594","20210314",1.3,6.05,FALSE
201939,"Stephen Curry","1610612744","Golden State Warriors",2021,"0022000594","20210314",-4.1,29.35,FALSE
201939,"Stephen Curry","1610612744","Golden State Warriors",2021,"0022000594","20210314",-1.6,8.95,FALSE
201939,"Stephen Curry","1610612744","Golden State Warriors",2021,"0022000594","20210314",-10,30.65,FALSE
201939,"Stephen Curry","1610612744","Golden State Warriors",2021,"0022000594","20210314",6.8,33.65,TRUE
201939,"Stephen Curry","1610612744","Golden State Warriors",2021,"0022000594","20210314",-4.3,16.75,FALSE
201939,"Stephen Curry","1610612744","Golden State Warriors",2021,"0022000594","20210314",-1.9,17.55,FALSE
201939,"Stephen Curry","1610612744","Golden State Warriors",2021,"0022000594","20210314",-15.4,28.55,TRUE
201939,"Stephen Curry","1610612744","Golden State Warriors",2021,"0022000594","20210314",-20.5,11.15,FALSE
201939,"Stephen Curry","1610612744","Golden State Warriors",2021,"0022000594","20210314",0.2,10.45,TRUE
201939,"Stephen Curry","1610612744","Golden State Warriors",2021,"0022000594","20210314",0,32.15,FALSE
201939,"Stephen Curry","1610612744","Golden State Warriors",2021,"0022000594","20210314",3.2,32.15,TRUE
201939,"Stephen Curry","1610612744","Golden State Warriors",2021,"0022000594","20210314",2.6,27.95,FALSE
201939,"Stephen Curry","1610612744","Golden State Warriors",2021,"0022000594","20210314",-0.3,11.65,TRUE
201939,"Stephen Curry","1610612744","Golden State Warriors",2021,"0022000608","20210315",0.2,8.85,TRUE
201939,"Stephen Curry","1610612744","Golden State Warriors",2021,"0022000608","20210315",-7.5,32.05,TRUE
201939,"Stephen Curry","1610612744","Golden State Warriors",2021,"0022000608","20210315",-2.1,6.95,FALSE
201939,"Stephen Curry","1610612744","Golden State Warriors",2021,"0022000608","20210315",-1.3,8.15,TRUE
201939,"Stephen Curry","1610612744","Golden State Warriors",2021,"0022000608","20210315",-10.2,31.75,FALSE
201939,"Stephen Curry","1610612744","Golden State Warriors",2021,"0022000608","20210315",1.3,10.55,TRUE
201939,"Stephen Curry","1610612744","Golden State Warriors",2021,"0022000608","20210315",-0.3,34.65,TRUE
201939,"Stephen Curry","1610612744","Golden State Warriors",2021,"0022000608","20210315",2.9,7.85,FALSE
201939,"Stephen Curry","1610612744","Golden State Warriors",2021,"0022000608","20210315",10.9,36.85,FALSE
201939,"Stephen Curry","1610612744","Golden State Warriors",2021,"0022000608","20210315",1.4,9.45,TRUE
201939,"Stephen Curry","1610612744","Golden State Warriors",2021,"0022000608","20210315",-10.8,30.15,TRUE
201939,"Stephen Curry","1610612744","Golden State Warriors",2021,"0022000608","20210315",-9.7,11.95,FALSE
201939,"Stephen Curry","1610612744","Golden State Warriors",2021,"0022000608","20210315",-2.2,31.05,TRUE
201939,"Stephen Curry","1610612744","Golden State Warriors",2021,"0022000608","20210315",-14.4,18.75,FALSE
201939,"Stephen Curry","1610612744","Golden State Warriors",2021,"0022000608","20210315",-0.3,7.35,TRUE
201939,"Stephen Curry","1610612744","Golden State Warriors",2021,"0022000608","20210315",15.2,27.45,FALSE
201939,"Stephen Curry","1610612744","Golden State Warriors",2021,"0022000608","20210315",-13.3,18.15,FALSE
201939,"Stephen Curry","1610612744","Golden State Warriors",2021,"0022000622","20210317",1.4,5.55,TRUE
201939,"Stephen Curry","1610612744","Golden State Warriors",2021,"0022000622","20210317",-10.6,19.85,FALSE
201939,"Stephen Curry","1610612744","Golden State Warriors",2021,"0022000622","20210317",-5.8,30.35,FALSE
201939,"Stephen Curry","1610612744","Golden State Warriors",2021,"0022000622","20210317",23.1,6.35,TRUE
201939,"Stephen Curry","1610612744","Golden State Warriors",2021,"0022000622","20210317",-0.5,32.35,FALSE
201939,"Stephen Curry","1610612744","Golden State Warriors",2021,"0022000622","20210317",-22.8,10.95,FALSE
201939,"Stephen Curry","1610612744","Golden State Warriors",2021,"0022000622","20210317",1.6,6.05,TRUE
201939,"Stephen Curry","1610612744","Golden State Warriors",2021,"0022000622","20210317",2.4,5.85,TRUE
201939,"Stephen Curry","1610612744","Golden State Warriors",2021,"0022000622","20210317",10.1,16.05,TRUE
201939,"Stephen Curry","1610612744","Golden State Warriors",2021,"0022000622","20210317",-23.1,5.15,FALSE
201939,"Stephen Curry","1610612744","Golden State Warriors",2021,"0022000622","20210317",-14.9,26.75,FALSE
201939,"Stephen Curry","1610612744","Golden State Warriors",2021,"0022000622","20210317",22.8,14.85,FALSE
201939,"Stephen Curry","1610612744","Golden State Warriors",2021,"0022000622","20210317",14.2,2.65,FALSE
201939,"Stephen Curry","1610612744","Golden State Warriors",2021,"0022000622","20210317",-19.4,21.95,FALSE
201939,"Stephen Curry","1610612744","Golden State Warriors",2021,"0022000622","20210317",9.3,9.15,TRUE
201939,"Stephen Curry","1610612744","Golden State Warriors",2021,"0022000622","20210317",-13.3,28.25,TRUE
201939,"Stephen Curry","1610612744","Golden State Warriors",2021,"0022000622","20210317",-23.3,5.75,FALSE
201939,"Stephen Curry","1610612744","Golden State Warriors",2021,"0022000622","20210317",-13,28.55,FALSE
201939,"Stephen Curry","1610612744","Golden State Warriors",2021,"0022000716","20210329",3.1,6.95,FALSE
201939,"Stephen Curry","1610612744","Golden State Warriors",2021,"0022000716","20210329",-15.8,30.35,TRUE
201939,"Stephen Curry","1610612744","Golden State Warriors",2021,"0022000716","20210329",15,26.85,FALSE
201939,"Stephen Curry","1610612744","Golden State Warriors",2021,"0022000716","20210329",-14.5,30.45,TRUE
201939,"Stephen Curry","1610612744","Golden State Warriors",2021,"0022000716","20210329",-8.9,23.15,FALSE
201939,"Stephen Curry","1610612744","Golden State Warriors",2021,"0022000716","20210329",7,29.35,TRUE
201939,"Stephen Curry","1610612744","Golden State Warriors",2021,"0022000716","20210329",13.9,28.75,FALSE
201939,"Stephen Curry","1610612744","Golden State Warriors",2021,"0022000716","20210329",-12,20.85,TRUE
201939,"Stephen Curry","1610612744","Golden State Warriors",2021,"0022000716","20210329",0.3,6.05,TRUE
201939,"Stephen Curry","1610612744","Golden State Warriors",2021,"0022000716","20210329",-16.1,29.85,FALSE
201939,"Stephen Curry","1610612744","Golden State Warriors",2021,"0022000716","20210329",22.1,4.15,TRUE
201939,"Stephen Curry","1610612744","Golden State Warriors",2021,"0022000716","20210329",-4,30.25,FALSE
201939,"Stephen Curry","1610612744","Golden State Warriors",2021,"0022000716","20210329",-12.7,19.85,FALSE
201939,"Stephen Curry","1610612744","Golden State Warriors",2021,"0022000716","20210329",-12.3,29.85,FALSE
201939,"Stephen Curry","1610612744","Golden State Warriors",2021,"0022000716","20210329",0.7,9.95,FALSE
201939,"Stephen Curry","1610612744","Golden State Warriors",2021,"0022000716","20210329",-13.3,12.65,TRUE
201939,"Stephen Curry","1610612744","Golden State Warriors",2021,"0022000716","20210329",-0.3,34.85,TRUE
201939,"Stephen Curry","1610612744","Golden State Warriors",2021,"0022000716","20210329",2.5,9.05,FALSE
201939,"Stephen Curry","1610612744","Golden State Warriors",2021,"0022000716","20210329",-0.6,24.85,TRUE
201939,"Stephen Curry","1610612744","Golden State Warriors",2021,"0022000716","20210329",-2.6,33.65,FALSE
201939,"Stephen Curry","1610612744","Golden State Warriors",2021,"0022000716","20210329",-11.2,29.55,TRUE
201939,"Stephen Curry","1610612744","Golden State Warriors",2021,"0022000716","20210329",-2.7,8.35,TRUE
201939,"Stephen Curry","1610612744","Golden State Warriors",2021,"0022000716","20210329",1.1,34.05,FALSE
201939,"Stephen Curry","1610612744","Golden State Warriors",2021,"0022000716","20210329",-8.2,54.85,FALSE
201939,"Stephen Curry","1610612744","Golden State Warriors",2021,"0022000733","20210401",-9.6,19.55,FALSE
201939,"Stephen Curry","1610612744","Golden State Warriors",2021,"0022000733","20210401",17.6,25.05,FALSE
201939,"Stephen Curry","1610612744","Golden State Warriors",2021,"0022000733","20210401",17.6,25.85,FALSE
201939,"Stephen Curry","1610612744","Golden State Warriors",2021,"0022000733","20210401",-0.9,6.55,FALSE
201939,"Stephen Curry","1610612744","Golden State Warriors",2021,"0022000733","20210401",-1.8,5.95,TRUE
201939,"Stephen Curry","1610612744","Golden State Warriors",2021,"0022000733","20210401",4.4,14.95,TRUE
201939,"Stephen Curry","1610612744","Golden State Warriors",2021,"0022000733","20210401",-3.2,6.65,FALSE
201939,"Stephen Curry","1610612744","Golden State Warriors",2021,"0022000733","20210401",-15.6,25.45,TRUE
201939,"Stephen Curry","1610612744","Golden State Warriors",2021,"0022000733","20210401",-0.9,6.55,TRUE
201939,"Stephen Curry","1610612744","Golden State Warriors",2021,"0022000733","20210401",23.9,15.75,FALSE
201939,"Stephen Curry","1610612744","Golden State Warriors",2021,"0022000733","20210401",-13.8,28.45,FALSE
201939,"Stephen Curry","1610612744","Golden State Warriors",2021,"0022000733","20210401",-3.7,20.35,TRUE
201939,"Stephen Curry","1610612744","Golden State Warriors",2021,"0022000733","20210401",0.4,34.75,TRUE
201939,"Stephen Curry","1610612744","Golden State Warriors",2021,"0022000733","20210401",3.3,6.25,FALSE
201939,"Stephen Curry","1610612744","Golden State Warriors",2021,"0022000733","20210401",-15.7,25.15,TRUE
201939,"Stephen Curry","1610612744","Golden State Warriors",2021,"0022000733","20210401",-8.2,28.75,FALSE
201939,"Stephen Curry","1610612744","Golden State Warriors",2021,"0022000733","20210401",13.8,31.55,TRUE
201939,"Stephen Curry","1610612744","Golden State Warriors",2021,"0022000733","20210401",0.8,33.55,TRUE
201939,"Stephen Curry","1610612744","Golden State Warriors",2021,"0022000733","20210401",1.4,31.35,FALSE
201939,"Stephen Curry","1610612744","Golden State Warriors",2021,"0022000759","20210404",-0.6,30.25,FALSE
201939,"Stephen Curry","1610612744","Golden State Warriors",2021,"0022000759","20210404",8.9,30.85,FALSE
201939,"Stephen Curry","1610612744","Golden State Warriors",2021,"0022000759","20210404",1,16.65,TRUE
201939,"Stephen Curry","1610612744","Golden State Warriors",2021,"0022000759","20210404",15.8,26.35,TRUE
201939,"Stephen Curry","1610612744","Golden State Warriors",2021,"0022000759","20210404",0.3,6.55,TRUE
201939,"Stephen Curry","1610612744","Golden State Warriors",2021,"0022000759","20210404",1.6,17.35,TRUE
201939,"Stephen Curry","1610612744","Golden State Warriors",2021,"0022000759","20210404",9.1,21.95,FALSE
201939,"Stephen Curry","1610612744","Golden State Warriors",2021,"0022000759","20210404",0.6,6.05,TRUE
201939,"Stephen Curry","1610612744","Golden State Warriors",2021,"0022000759","20210404",-0.1,7.35,TRUE
201939,"Stephen Curry","1610612744","Golden State Warriors",2021,"0022000759","20210404",0.5,5.95,FALSE
201939,"Stephen Curry","1610612744","Golden State Warriors",2021,"0022000759","20210404",-6.8,13.35,TRUE
201939,"Stephen Curry","1610612744","Golden State Warriors",2021,"0022000759","20210404",-19.3,22.45,FALSE
201939,"Stephen Curry","1610612744","Golden State Warriors",2021,"0022000759","20210404",-17.9,15.25,TRUE
201939,"Stephen Curry","1610612744","Golden State Warriors",2021,"0022000759","20210404",9.3,29.85,FALSE
201939,"Stephen Curry","1610612744","Golden State Warriors",2021,"0022000759","20210404",-0.4,12.35,TRUE
201939,"Stephen Curry","1610612744","Golden State Warriors",2021,"0022000759","20210404",-1.6,31.15,FALSE
201939,"Stephen Curry","1610612744","Golden State Warriors",2021,"0022000759","20210404",-9,29.05,TRUE
201939,"Stephen Curry","1610612744","Golden State Warriors",2021,"0022000759","20210404",-20,19.95,FALSE
201939,"Stephen Curry","1610612744","Golden State Warriors",2021,"0022000759","20210404",4.1,31.75,TRUE
201939,"Stephen Curry","1610612744","Golden State Warriors",2021,"0022000759","20210404",-3.1,29.85,FALSE
201939,"Stephen Curry","1610612744","Golden State Warriors",2021,"0022000759","20210404",-0.4,6.75,TRUE
201939,"Stephen Curry","1610612744","Golden State Warriors",2021,"0022000759","20210404",18.6,24.35,FALSE
201939,"Stephen Curry","1610612744","Golden State Warriors",2021,"0022000759","20210404",12.5,28.95,FALSE
201939,"Stephen Curry","1610612744","Golden State Warriors",2021,"0022000774","20210406",-12.7,28.75,TRUE
201939,"Stephen Curry","1610612744","Golden State Warriors",2021,"0022000774","20210406",0.3,7.85,TRUE
201939,"Stephen Curry","1610612744","Golden State Warriors",2021,"0022000774","20210406",0.4,15.05,FALSE
201939,"Stephen Curry","1610612744","Golden State Warriors",2021,"0022000774","20210406",0,10.75,TRUE
201939,"Stephen Curry","1610612744","Golden State Warriors",2021,"0022000774","20210406",21.4,19.25,FALSE
201939,"Stephen Curry","1610612744","Golden State Warriors",2021,"0022000774","20210406",-14.4,21.05,TRUE
201939,"Stephen Curry","1610612744","Golden State Warriors",2021,"0022000774","20210406",2.6,39.45,FALSE
201939,"Stephen Curry","1610612744","Golden State Warriors",2021,"0022000774","20210406",-16.9,26.15,FALSE
201939,"Stephen Curry","1610612744","Golden State Warriors",2021,"0022000774","20210406",-3,8.95,TRUE
201939,"Stephen Curry","1610612744","Golden State Warriors",2021,"0022000774","20210406",14.3,30.05,FALSE
201939,"Stephen Curry","1610612744","Golden State Warriors",2021,"0022000774","20210406",-19.6,21.95,TRUE
201939,"Stephen Curry","1610612744","Golden State Warriors",2021,"0022000774","20210406",-0.2,6.75,TRUE
201939,"Stephen Curry","1610612744","Golden State Warriors",2021,"0022000774","20210406",1.8,9.05,FALSE
201939,"Stephen Curry","1610612744","Golden State Warriors",2021,"0022000774","20210406",2.5,33.85,TRUE
201939,"Stephen Curry","1610612744","Golden State Warriors",2021,"0022000774","20210406",-0.5,7.85,TRUE
201939,"Stephen Curry","1610612744","Golden State Warriors",2021,"0022000774","20210406",11.7,30.35,TRUE
201939,"Stephen Curry","1610612744","Golden State Warriors",2021,"0022000774","20210406",2.2,10.55,TRUE
201939,"Stephen Curry","1610612744","Golden State Warriors",2021,"0022000774","20210406",-6.2,32.15,FALSE
201939,"Stephen Curry","1610612744","Golden State Warriors",2021,"0022000774","20210406",1.4,8.65,TRUE
201939,"Stephen Curry","1610612744","Golden State Warriors",2021,"0022000774","20210406",0.7,34.15,TRUE
201939,"Stephen Curry","1610612744","Golden State Warriors",2021,"0022000774","20210406",10.9,23.65,TRUE
201939,"Stephen Curry","1610612744","Golden State Warriors",2021,"0022000798","20210409",-17.4,26.35,FALSE
201939,"Stephen Curry","1610612744","Golden State Warriors",2021,"0022000798","20210409",0.9,7.45,TRUE
201939,"Stephen Curry","1610612744","Golden State Warriors",2021,"0022000798","20210409",2.3,7.55,TRUE
201939,"Stephen Curry","1610612744","Golden State Warriors",2021,"0022000798","20210409",19.7,24.75,FALSE
201939,"Stephen Curry","1610612744","Golden State Warriors",2021,"0022000798","20210409",12.2,30.55,TRUE
201939,"Stephen Curry","1610612744","Golden State Warriors",2021,"0022000798","20210409",-12,23.05,FALSE
201939,"Stephen Curry","1610612744","Golden State Warriors",2021,"0022000798","20210409",16.4,27.95,TRUE
201939,"Stephen Curry","1610612744","Golden State Warriors",2021,"0022000798","20210409",3.2,5.95,TRUE
201939,"Stephen Curry","1610612744","Golden State Warriors",2021,"0022000798","20210409",8.2,31.95,FALSE
201939,"Stephen Curry","1610612744","Golden State Warriors",2021,"0022000798","20210409",-19,22.85,FALSE
201939,"Stephen Curry","1610612744","Golden State Warriors",2021,"0022000798","20210409",-1,7.75,TRUE
201939,"Stephen Curry","1610612744","Golden State Warriors",2021,"0022000798","20210409",-2.1,13.05,FALSE
201939,"Stephen Curry","1610612744","Golden State Warriors",2021,"0022000798","20210409",-0.9,8.45,FALSE
201939,"Stephen Curry","1610612744","Golden State Warriors",2021,"0022000798","20210409",11.5,30.05,TRUE
201939,"Stephen Curry","1610612744","Golden State Warriors",2021,"0022000798","20210409",-8.9,37.55,FALSE
201939,"Stephen Curry","1610612744","Golden State Warriors",2021,"0022000798","20210409",-16.4,25.35,TRUE
201939,"Stephen Curry","1610612744","Golden State Warriors",2021,"0022000798","20210409",19.5,20.45,TRUE
201939,"Stephen Curry","1610612744","Golden State Warriors",2021,"0022000798","20210409",6,18.45,FALSE
201939,"Stephen Curry","1610612744","Golden State Warriors",2021,"0022000798","20210409",2.4,8.45,FALSE
201939,"Stephen Curry","1610612744","Golden State Warriors",2021,"0022000798","20210409",-6.5,32.85,FALSE
201939,"Stephen Curry","1610612744","Golden State Warriors",2021,"0022000798","20210409",4.1,16.65,FALSE
201939,"Stephen Curry","1610612744","Golden State Warriors",2021,"0022000798","20210409",1.3,7.25,FALSE
201939,"Stephen Curry","1610612744","Golden State Warriors",2021,"0022000798","20210409",1.1,7.25,TRUE
201939,"Stephen Curry","1610612744","Golden State Warriors",2021,"0022000798","20210409",-12.6,32.35,FALSE
201939,"Stephen Curry","1610612744","Golden State Warriors",2021,"0022000798","20210409",0.3,6.05,TRUE
201939,"Stephen Curry","1610612744","Golden State Warriors",2021,"0022000802","20210410",0,36.45,FALSE
201939,"Stephen Curry","1610612744","Golden State Warriors",2021,"0022000802","20210410",-7.5,32.55,FALSE
201939,"Stephen Curry","1610612744","Golden State Warriors",2021,"0022000802","20210410",-0.5,9.95,TRUE
201939,"Stephen Curry","1610612744","Golden State Warriors",2021,"0022000802","20210410",14.1,32.75,TRUE
201939,"Stephen Curry","1610612744","Golden State Warriors",2021,"0022000802","20210410",-8.1,32.55,FALSE
201939,"Stephen Curry","1610612744","Golden State Warriors",2021,"0022000802","20210410",-23.4,12.75,FALSE
201939,"Stephen Curry","1610612744","Golden State Warriors",2021,"0022000802","20210410",9,32.05,TRUE
201939,"Stephen Curry","1610612744","Golden State Warriors",2021,"0022000802","20210410",10.9,21.55,TRUE
201939,"Stephen Curry","1610612744","Golden State Warriors",2021,"0022000802","20210410",-22.5,7.75,FALSE
201939,"Stephen Curry","1610612744","Golden State Warriors",2021,"0022000802","20210410",13.3,28.75,TRUE
201939,"Stephen Curry","1610612744","Golden State Warriors",2021,"0022000802","20210410",0.4,33.15,TRUE
201939,"Stephen Curry","1610612744","Golden State Warriors",2021,"0022000802","20210410",-1.1,13.05,TRUE
201939,"Stephen Curry","1610612744","Golden State Warriors",2021,"0022000802","20210410",-11,31.95,TRUE
201939,"Stephen Curry","1610612744","Golden State Warriors",2021,"0022000802","20210410",-16.1,29.95,TRUE
201939,"Stephen Curry","1610612744","Golden State Warriors",2021,"0022000802","20210410",16.9,26.55,TRUE
201939,"Stephen Curry","1610612744","Golden State Warriors",2021,"0022000802","20210410",-1.8,8.15,TRUE
201939,"Stephen Curry","1610612744","Golden State Warriors",2021,"0022000802","20210410",13.1,35.55,FALSE
201939,"Stephen Curry","1610612744","Golden State Warriors",2021,"0022000802","20210410",21.1,18.25,FALSE
201939,"Stephen Curry","1610612744","Golden State Warriors",2021,"0022000802","20210410",-9.4,10.75,FALSE
201939,"Stephen Curry","1610612744","Golden State Warriors",2021,"0022000802","20210410",-1.7,6.05,TRUE
201939,"Stephen Curry","1610612744","Golden State Warriors",2021,"0022000802","20210410",3.5,31.35,TRUE
201939,"Stephen Curry","1610612744","Golden State Warriors",2021,"0022000821","20210412",-23.2,10.95,TRUE
201939,"Stephen Curry","1610612744","Golden State Warriors",2021,"0022000821","20210412",-12,29.65,TRUE
201939,"Stephen Curry","1610612744","Golden State Warriors",2021,"0022000821","20210412",-23.3,12.15,FALSE
201939,"Stephen Curry","1610612744","Golden State Warriors",2021,"0022000821","20210412",-5.1,31.65,FALSE
201939,"Stephen Curry","1610612744","Golden State Warriors",2021,"0022000821","20210412",12.5,28.85,TRUE
201939,"Stephen Curry","1610612744","Golden State Warriors",2021,"0022000821","20210412",10.6,34.55,TRUE
201939,"Stephen Curry","1610612744","Golden State Warriors",2021,"0022000821","20210412",9.4,35.35,TRUE
201939,"Stephen Curry","1610612744","Golden State Warriors",2021,"0022000821","20210412",-0.9,8.15,TRUE
201939,"Stephen Curry","1610612744","Golden State Warriors",2021,"0022000821","20210412",-13.3,28.75,FALSE
201939,"Stephen Curry","1610612744","Golden State Warriors",2021,"0022000821","20210412",14.2,29.15,TRUE
201939,"Stephen Curry","1610612744","Golden State Warriors",2021,"0022000821","20210412",-0.6,9.15,TRUE
201939,"Stephen Curry","1610612744","Golden State Warriors",2021,"0022000821","20210412",-1.3,8.15,TRUE
201939,"Stephen Curry","1610612744","Golden State Warriors",2021,"0022000821","20210412",7,12.35,FALSE
201939,"Stephen Curry","1610612744","Golden State Warriors",2021,"0022000821","20210412",-3.9,33.35,FALSE
201939,"Stephen Curry","1610612744","Golden State Warriors",2021,"0022000821","20210412",16.8,24.45,TRUE
201939,"Stephen Curry","1610612744","Golden State Warriors",2021,"0022000821","20210412",1,5.15,TRUE
201939,"Stephen Curry","1610612744","Golden State Warriors",2021,"0022000821","20210412",-12.7,33.05,TRUE
201939,"Stephen Curry","1610612744","Golden State Warriors",2021,"0022000821","20210412",-17.9,27.35,TRUE
201939,"Stephen Curry","1610612744","Golden State Warriors",2021,"0022000821","20210412",1,31.25,FALSE
201939,"Stephen Curry","1610612744","Golden State Warriors",2021,"0022000821","20210412",-16.3,26.55,TRUE
201939,"Stephen Curry","1610612744","Golden State Warriors",2021,"0022000821","20210412",-0.7,42.15,FALSE
201939,"Stephen Curry","1610612744","Golden State Warriors",2021,"0022000821","20210412",-1.7,6.35,FALSE
201939,"Stephen Curry","1610612744","Golden State Warriors",2021,"0022000821","20210412",-21.4,20.55,FALSE
201939,"Stephen Curry","1610612744","Golden State Warriors",2021,"0022000821","20210412",-14.2,29.15,FALSE
201939,"Stephen Curry","1610612744","Golden State Warriors",2021,"0022000836","20210414",18,22.45,TRUE
201939,"Stephen Curry","1610612744","Golden State Warriors",2021,"0022000836","20210414",18.2,23.35,FALSE
201939,"Stephen Curry","1610612744","Golden State Warriors",2021,"0022000836","20210414",20.4,22.15,FALSE
201939,"Stephen Curry","1610612744","Golden State Warriors",2021,"0022000836","20210414",-22.6,10.05,TRUE
201939,"Stephen Curry","1610612744","Golden State Warriors",2021,"0022000836","20210414",2.3,6.45,FALSE
201939,"Stephen Curry","1610612744","Golden State Warriors",2021,"0022000836","20210414",13,29.35,TRUE
201939,"Stephen Curry","1610612744","Golden State Warriors",2021,"0022000836","20210414",-2.9,33.05,FALSE
201939,"Stephen Curry","1610612744","Golden State Warriors",2021,"0022000836","20210414",17.7,23.65,FALSE
201939,"Stephen Curry","1610612744","Golden State Warriors",2021,"0022000836","20210414",-23.1,7.95,TRUE
201939,"Stephen Curry","1610612744","Golden State Warriors",2021,"0022000836","20210414",0.9,6.05,TRUE
201939,"Stephen Curry","1610612744","Golden State Warriors",2021,"0022000836","20210414",23.2,8.65,TRUE
201939,"Stephen Curry","1610612744","Golden State Warriors",2021,"0022000836","20210414",-18.3,27.85,FALSE
201939,"Stephen Curry","1610612744","Golden State Warriors",2021,"0022000836","20210414",-1.4,5.35,TRUE
201939,"Stephen Curry","1610612744","Golden State Warriors",2021,"0022000836","20210414",-13.7,25.75,TRUE
201939,"Stephen Curry","1610612744","Golden State Warriors",2021,"0022000836","20210414",-13.4,30.05,TRUE
201939,"Stephen Curry","1610612744","Golden State Warriors",2021,"0022000836","20210414",-14.1,31.45,TRUE
201939,"Stephen Curry","1610612744","Golden State Warriors",2021,"0022000836","20210414",14.4,25.65,TRUE
201939,"Stephen Curry","1610612744","Golden State Warriors",2021,"0022000836","20210414",1.1,5.75,TRUE
201939,"Stephen Curry","1610612744","Golden State Warriors",2021,"0022000836","20210414",16.2,24.65,TRUE
201939,"Stephen Curry","1610612744","Golden State Warriors",2021,"0022000836","20210414",-3.8,29.95,TRUE
201939,"Stephen Curry","1610612744","Golden State Warriors",2021,"0022000841","20210415",17.8,22.65,FALSE
201939,"Stephen Curry","1610612744","Golden State Warriors",2021,"0022000841","20210415",19,22.55,FALSE
201939,"Stephen Curry","1610612744","Golden State Warriors",2021,"0022000841","20210415",-0.5,7.25,TRUE
201939,"Stephen Curry","1610612744","Golden State Warriors",2021,"0022000841","20210415",22.2,17.45,FALSE
201939,"Stephen Curry","1610612744","Golden State Warriors",2021,"0022000841","20210415",-3,36.65,FALSE
201939,"Stephen Curry","1610612744","Golden State Warriors",2021,"0022000841","20210415",2.2,25.65,FALSE
201939,"Stephen Curry","1610612744","Golden State Warriors",2021,"0022000841","20210415",0.9,5.75,TRUE
201939,"Stephen Curry","1610612744","Golden State Warriors",2021,"0022000841","20210415",-12.1,30.75,FALSE
201939,"Stephen Curry","1610612744","Golden State Warriors",2021,"0022000841","20210415",0.3,6.05,TRUE
201939,"Stephen Curry","1610612744","Golden State Warriors",2021,"0022000841","20210415",-0.8,6.85,TRUE
201939,"Stephen Curry","1610612744","Golden State Warriors",2021,"0022000841","20210415",-0.6,5.85,TRUE
201939,"Stephen Curry","1610612744","Golden State Warriors",2021,"0022000841","20210415",-18.3,37.15,FALSE
201939,"Stephen Curry","1610612744","Golden State Warriors",2021,"0022000841","20210415",23.2,15.35,FALSE
201939,"Stephen Curry","1610612744","Golden State Warriors",2021,"0022000841","20210415",-22.6,16.35,FALSE
201939,"Stephen Curry","1610612744","Golden State Warriors",2021,"0022000841","20210415",-0.5,6.75,TRUE
201939,"Stephen Curry","1610612744","Golden State Warriors",2021,"0022000841","20210415",-0.4,5.45,TRUE
201939,"Stephen Curry","1610612744","Golden State Warriors",2021,"0022000841","20210415",-1.4,5.85,FALSE
201939,"Stephen Curry","1610612744","Golden State Warriors",2021,"0022000841","20210415",-0.5,5.85,FALSE
201939,"Stephen Curry","1610612744","Golden State Warriors",2021,"0022000841","20210415",-14.9,35.95,TRUE
201939,"Stephen Curry","1610612744","Golden State Warriors",2021,"0022000841","20210415",17.2,26.95,TRUE
201939,"Stephen Curry","1610612744","Golden State Warriors",2021,"0022000841","20210415",-9.5,28.55,FALSE
201939,"Stephen Curry","1610612744","Golden State Warriors",2021,"0022000841","20210415",4.3,14.85,TRUE
201939,"Stephen Curry","1610612744","Golden State Warriors",2021,"0022000841","20210415",-16.6,25.85,TRUE
201939,"Stephen Curry","1610612744","Golden State Warriors",2021,"0022000841","20210415",15.8,31.15,TRUE
201939,"Stephen Curry","1610612744","Golden State Warriors",2021,"0022000841","20210415",0,6.05,FALSE
201939,"Stephen Curry","1610612744","Golden State Warriors",2021,"0022000858","20210417",-6.2,9.55,FALSE
201939,"Stephen Curry","1610612744","Golden State Warriors",2021,"0022000858","20210417",13.3,26.15,TRUE
201939,"Stephen Curry","1610612744","Golden State Warriors",2021,"0022000858","20210417",18,22.35,FALSE
201939,"Stephen Curry","1610612744","Golden State Warriors",2021,"0022000858","20210417",-4.3,26.15,TRUE
201939,"Stephen Curry","1610612744","Golden State Warriors",2021,"0022000858","20210417",-8.2,31.95,TRUE
201939,"Stephen Curry","1610612744","Golden State Warriors",2021,"0022000858","20210417",9.2,31.35,FALSE
201939,"Stephen Curry","1610612744","Golden State Warriors",2021,"0022000858","20210417",2.1,6.05,TRUE
201939,"Stephen Curry","1610612744","Golden State Warriors",2021,"0022000858","20210417",0.4,5.85,TRUE
201939,"Stephen Curry","1610612744","Golden State Warriors",2021,"0022000858","20210417",-8.9,29.85,FALSE
201939,"Stephen Curry","1610612744","Golden State Warriors",2021,"0022000858","20210417",-12.5,31.45,FALSE
201939,"Stephen Curry","1610612744","Golden State Warriors",2021,"0022000858","20210417",20.9,12.55,TRUE
201939,"Stephen Curry","1610612744","Golden State Warriors",2021,"0022000858","20210417",-6,29.95,TRUE
201939,"Stephen Curry","1610612744","Golden State Warriors",2021,"0022000858","20210417",-7.8,12.65,FALSE
201939,"Stephen Curry","1610612744","Golden State Warriors",2021,"0022000858","20210417",-13.8,29.15,FALSE
201939,"Stephen Curry","1610612744","Golden State Warriors",2021,"0022000858","20210417",17.4,24.85,TRUE
201939,"Stephen Curry","1610612744","Golden State Warriors",2021,"0022000858","20210417",1.9,37.15,TRUE
201939,"Stephen Curry","1610612744","Golden State Warriors",2021,"0022000858","20210417",16.3,31.25,TRUE
201939,"Stephen Curry","1610612744","Golden State Warriors",2021,"0022000858","20210417",0,22.85,FALSE
201939,"Stephen Curry","1610612744","Golden State Warriors",2021,"0022000858","20210417",18.5,29.45,TRUE
201939,"Stephen Curry","1610612744","Golden State Warriors",2021,"0022000858","20210417",-16.6,28.95,FALSE
201939,"Stephen Curry","1610612744","Golden State Warriors",2021,"0022000858","20210417",5,32.75,TRUE
201939,"Stephen Curry","1610612744","Golden State Warriors",2021,"0022000858","20210417",9.7,27.05,TRUE
201939,"Stephen Curry","1610612744","Golden State Warriors",2021,"0022000858","20210417",-13.5,27.55,TRUE
201939,"Stephen Curry","1610612744","Golden State Warriors",2021,"0022000858","20210417",-8.7,32.25,FALSE
201939,"Stephen Curry","1610612744","Golden State Warriors",2021,"0022000858","20210417",4.5,12.65,FALSE
201939,"Stephen Curry","1610612744","Golden State Warriors",2021,"0022000858","20210417",23.4,16.45,TRUE
201939,"Stephen Curry","1610612744","Golden State Warriors",2021,"0022000858","20210417",-13.8,44.05,FALSE
201939,"Stephen Curry","1610612744","Golden State Warriors",2021,"0022000870","20210419",-15.7,26.65,FALSE
201939,"Stephen Curry","1610612744","Golden State Warriors",2021,"0022000870","20210419",15.4,26.15,FALSE
201939,"Stephen Curry","1610612744","Golden State Warriors",2021,"0022000870","20210419",-10.7,30.35,TRUE
201939,"Stephen Curry","1610612744","Golden State Warriors",2021,"0022000870","20210419",12.8,30.15,TRUE
201939,"Stephen Curry","1610612744","Golden State Warriors",2021,"0022000870","20210419",-3.6,6.95,FALSE
201939,"Stephen Curry","1610612744","Golden State Warriors",2021,"0022000870","20210419",1.8,5.95,TRUE
201939,"Stephen Curry","1610612744","Golden State Warriors",2021,"0022000870","20210419",-0.8,6.55,FALSE
201939,"Stephen Curry","1610612744","Golden State Warriors",2021,"0022000870","20210419",-2.4,33.35,TRUE
201939,"Stephen Curry","1610612744","Golden State Warriors",2021,"0022000870","20210419",-1,6.75,TRUE
201939,"Stephen Curry","1610612744","Golden State Warriors",2021,"0022000870","20210419",-15.4,25.85,TRUE
201939,"Stephen Curry","1610612744","Golden State Warriors",2021,"0022000870","20210419",0,5.45,TRUE
201939,"Stephen Curry","1610612744","Golden State Warriors",2021,"0022000870","20210419",-1.3,5.25,TRUE
201939,"Stephen Curry","1610612744","Golden State Warriors",2021,"0022000870","20210419",-13.4,28.75,FALSE
201939,"Stephen Curry","1610612744","Golden State Warriors",2021,"0022000870","20210419",1.8,33.55,FALSE
201939,"Stephen Curry","1610612744","Golden State Warriors",2021,"0022000870","20210419",0,6.25,FALSE
201939,"Stephen Curry","1610612744","Golden State Warriors",2021,"0022000870","20210419",-9.8,22.85,FALSE
201939,"Stephen Curry","1610612744","Golden State Warriors",2021,"0022000870","20210419",0.5,32.15,FALSE
201939,"Stephen Curry","1610612744","Golden State Warriors",2021,"0022000870","20210419",-2.8,34.15,TRUE
201939,"Stephen Curry","1610612744","Golden State Warriors",2021,"0022000870","20210419",-3.2,25.15,FALSE
201939,"Stephen Curry","1610612744","Golden State Warriors",2021,"0022000870","20210419",-8.9,30.45,FALSE
201939,"Stephen Curry","1610612744","Golden State Warriors",2021,"0022000870","20210419",0.8,8.45,FALSE
201939,"Stephen Curry","1610612744","Golden State Warriors",2021,"0022000870","20210419",0.2,35.15,FALSE
201939,"Stephen Curry","1610612744","Golden State Warriors",2021,"0022000870","20210419",-4,33.45,TRUE
201939,"Stephen Curry","1610612744","Golden State Warriors",2021,"0022000870","20210419",-2.2,26.25,FALSE
201939,"Stephen Curry","1610612744","Golden State Warriors",2021,"0022000870","20210419",-6.5,31.05,TRUE
201939,"Stephen Curry","1610612744","Golden State Warriors",2021,"0022000870","20210419",-7.3,33.15,TRUE
201939,"Stephen Curry","1610612744","Golden State Warriors",2021,"0022000870","20210419",-13.7,28.85,TRUE
201939,"Stephen Curry","1610612744","Golden State Warriors",2021,"0022000870","20210419",-0.8,34.25,TRUE
201939,"Stephen Curry","1610612744","Golden State Warriors",2021,"0022000885","20210421",-9.9,12.95,TRUE
201939,"Stephen Curry","1610612744","Golden State Warriors",2021,"0022000885","20210421",-15,29.75,FALSE
201939,"Stephen Curry","1610612744","Golden State Warriors",2021,"0022000885","20210421",-22.1,20.25,FALSE
201939,"Stephen Curry","1610612744","Golden State Warriors",2021,"0022000885","20210421",0.9,22.45,FALSE
201939,"Stephen Curry","1610612744","Golden State Warriors",2021,"0022000885","20210421",3.7,7.25,TRUE
201939,"Stephen Curry","1610612744","Golden State Warriors",2021,"0022000885","20210421",-5.1,35.55,FALSE
201939,"Stephen Curry","1610612744","Golden State Warriors",2021,"0022000885","20210421",4.6,36.85,FALSE
201939,"Stephen Curry","1610612744","Golden State Warriors",2021,"0022000885","20210421",-0.5,7.95,FALSE
201939,"Stephen Curry","1610612744","Golden State Warriors",2021,"0022000885","20210421",-14.1,31.55,FALSE
201939,"Stephen Curry","1610612744","Golden State Warriors",2021,"0022000885","20210421",-12.2,31.25,FALSE
201939,"Stephen Curry","1610612744","Golden State Warriors",2021,"0022000885","20210421",-5.1,11.55,FALSE
201939,"Stephen Curry","1610612744","Golden State Warriors",2021,"0022000885","20210421",7,16.85,FALSE
201939,"Stephen Curry","1610612744","Golden State Warriors",2021,"0022000885","20210421",-23.7,3.85,FALSE
201939,"Stephen Curry","1610612744","Golden State Warriors",2021,"0022000885","20210421",1.1,4.95,TRUE
201939,"Stephen Curry","1610612744","Golden State Warriors",2021,"0022000885","20210421",-5.4,31.75,TRUE
201939,"Stephen Curry","1610612744","Golden State Warriors",2021,"0022000885","20210421",13.4,28.55,FALSE
201939,"Stephen Curry","1610612744","Golden State Warriors",2021,"0022000885","20210421",-22.5,18.05,TRUE
201939,"Stephen Curry","1610612744","Golden State Warriors",2021,"0022000885","20210421",6,9.05,FALSE
201939,"Stephen Curry","1610612744","Golden State Warriors",2021,"0022000885","20210421",-23.3,5.35,FALSE
201939,"Stephen Curry","1610612744","Golden State Warriors",2021,"0022000885","20210421",-4.8,6.85,FALSE
201939,"Stephen Curry","1610612744","Golden State Warriors",2021,"0022000885","20210421",-15.7,28.05,FALSE
201939,"Stephen Curry","1610612744","Golden State Warriors",2021,"0022000885","20210421",24.5,8.95,FALSE
201939,"Stephen Curry","1610612744","Golden State Warriors",2021,"0022000885","20210421",1.1,32.15,FALSE
201939,"Stephen Curry","1610612744","Golden State Warriors",2021,"0022000885","20210421",0.8,6.35,TRUE
201939,"Stephen Curry","1610612744","Golden State Warriors",2021,"0022000885","20210421",-1.4,5.65,TRUE
201939,"Stephen Curry","1610612744","Golden State Warriors",2021,"0022000903","20210423",18.3,23.55,FALSE
201939,"Stephen Curry","1610612744","Golden State Warriors",2021,"0022000903","20210423",0.1,8.85,TRUE
201939,"Stephen Curry","1610612744","Golden State Warriors",2021,"0022000903","20210423",1.1,13.25,TRUE
201939,"Stephen Curry","1610612744","Golden State Warriors",2021,"0022000903","20210423",-22.2,17.75,FALSE
201939,"Stephen Curry","1610612744","Golden State Warriors",2021,"0022000903","20210423",2.2,32.65,FALSE
201939,"Stephen Curry","1610612744","Golden State Warriors",2021,"0022000903","20210423",11.6,20.65,TRUE
201939,"Stephen Curry","1610612744","Golden State Warriors",2021,"0022000903","20210423",-18.2,30.45,TRUE
201939,"Stephen Curry","1610612744","Golden State Warriors",2021,"0022000903","20210423",11.1,27.95,FALSE
201939,"Stephen Curry","1610612744","Golden State Warriors",2021,"0022000903","20210423",0.2,6.15,TRUE
201939,"Stephen Curry","1610612744","Golden State Warriors",2021,"0022000903","20210423",-1.7,9.45,FALSE
201939,"Stephen Curry","1610612744","Golden State Warriors",2021,"0022000903","20210423",23.4,6.25,TRUE
201939,"Stephen Curry","1610612744","Golden State Warriors",2021,"0022000903","20210423",0,20.95,TRUE
201939,"Stephen Curry","1610612744","Golden State Warriors",2021,"0022000903","20210423",3,16.05,TRUE
201939,"Stephen Curry","1610612744","Golden State Warriors",2021,"0022000903","20210423",-16.4,35.75,FALSE
201939,"Stephen Curry","1610612744","Golden State Warriors",2021,"0022000903","20210423",2,10.55,FALSE
201939,"Stephen Curry","1610612744","Golden State Warriors",2021,"0022000903","20210423",18.3,25.05,TRUE
201939,"Stephen Curry","1610612744","Golden State Warriors",2021,"0022000903","20210423",13.5,26.25,TRUE
201939,"Stephen Curry","1610612744","Golden State Warriors",2021,"0022000903","20210423",15.7,21.15,TRUE
201939,"Stephen Curry","1610612744","Golden State Warriors",2021,"0022000915","20210425",18.3,26.15,TRUE
201939,"Stephen Curry","1610612744","Golden State Warriors",2021,"0022000915","20210425",-10.7,37.25,TRUE
201939,"Stephen Curry","1610612744","Golden State Warriors",2021,"0022000915","20210425",-1.3,38.05,TRUE
201939,"Stephen Curry","1610612744","Golden State Warriors",2021,"0022000915","20210425",4.1,36.95,FALSE
201939,"Stephen Curry","1610612744","Golden State Warriors",2021,"0022000915","20210425",-2.6,7.95,TRUE
201939,"Stephen Curry","1610612744","Golden State Warriors",2021,"0022000915","20210425",-1.5,6.95,FALSE
201939,"Stephen Curry","1610612744","Golden State Warriors",2021,"0022000915","20210425",0.1,8.15,TRUE
201939,"Stephen Curry","1610612744","Golden State Warriors",2021,"0022000915","20210425",-0.2,35.05,TRUE
201939,"Stephen Curry","1610612744","Golden State Warriors",2021,"0022000915","20210425",-0.8,7.75,FALSE
201939,"Stephen Curry","1610612744","Golden State Warriors",2021,"0022000915","20210425",-16.1,37.45,TRUE
201939,"Stephen Curry","1610612744","Golden State Warriors",2021,"0022000915","20210425",-15.9,27.05,FALSE
201939,"Stephen Curry","1610612744","Golden State Warriors",2021,"0022000915","20210425",18.8,26.25,FALSE
201939,"Stephen Curry","1610612744","Golden State Warriors",2021,"0022000915","20210425",-0.6,6.65,TRUE
201939,"Stephen Curry","1610612744","Golden State Warriors",2021,"0022000915","20210425",16.3,24.55,FALSE
201939,"Stephen Curry","1610612744","Golden State Warriors",2021,"0022000915","20210425",-11.5,30.55,TRUE
201939,"Stephen Curry","1610612744","Golden State Warriors",2021,"0022000915","20210425",-1.8,6.95,TRUE
201939,"Stephen Curry","1610612744","Golden State Warriors",2021,"0022000915","20210425",-16,33.15,TRUE
201939,"Stephen Curry","1610612744","Golden State Warriors",2021,"0022000915","20210425",22.5,12.05,FALSE
201939,"Stephen Curry","1610612744","Golden State Warriors",2021,"0022000915","20210425",17.6,22.95,FALSE
201939,"Stephen Curry","1610612744","Golden State Warriors",2021,"0022000915","20210425",-1.2,31.45,FALSE
201939,"Stephen Curry","1610612744","Golden State Warriors",2021,"0022000915","20210425",0.6,7.35,FALSE
201939,"Stephen Curry","1610612744","Golden State Warriors",2021,"0022000932","20210427",1.2,32.75,TRUE
201939,"Stephen Curry","1610612744","Golden State Warriors",2021,"0022000932","20210427",19.3,30.15,TRUE
201939,"Stephen Curry","1610612744","Golden State Warriors",2021,"0022000932","20210427",-14.5,34.75,FALSE
201939,"Stephen Curry","1610612744","Golden State Warriors",2021,"0022000932","20210427",0.6,7.95,FALSE
201939,"Stephen Curry","1610612744","Golden State Warriors",2021,"0022000932","20210427",-0.4,9.35,FALSE
201939,"Stephen Curry","1610612744","Golden State Warriors",2021,"0022000932","20210427",21.3,32.05,FALSE
201939,"Stephen Curry","1610612744","Golden State Warriors",2021,"0022000932","20210427",0.7,8.55,FALSE
201939,"Stephen Curry","1610612744","Golden State Warriors",2021,"0022000932","20210427",-0.4,7.35,TRUE
201939,"Stephen Curry","1610612744","Golden State Warriors",2021,"0022000932","20210427",-3.6,14.05,FALSE
201939,"Stephen Curry","1610612744","Golden State Warriors",2021,"0022000932","20210427",-12,29.35,TRUE
201939,"Stephen Curry","1610612744","Golden State Warriors",2021,"0022000932","20210427",8.2,6.55,TRUE
201939,"Stephen Curry","1610612744","Golden State Warriors",2021,"0022000932","20210427",-1.9,33.35,TRUE
201939,"Stephen Curry","1610612744","Golden State Warriors",2021,"0022000932","20210427",-20.7,22.05,FALSE
201939,"Stephen Curry","1610612744","Golden State Warriors",2021,"0022000932","20210427",-1.2,5.85,TRUE
201939,"Stephen Curry","1610612744","Golden State Warriors",2021,"0022000932","20210427",11.2,29.45,TRUE
201939,"Stephen Curry","1610612744","Golden State Warriors",2021,"0022000932","20210427",0.2,6.35,FALSE
201939,"Stephen Curry","1610612744","Golden State Warriors",2021,"0022000932","20210427",-0.7,6.95,TRUE
201939,"Stephen Curry","1610612744","Golden State Warriors",2021,"0022000932","20210427",15.8,26.75,FALSE
201939,"Stephen Curry","1610612744","Golden State Warriors",2021,"0022000946","20210429",-2.7,33.15,FALSE
201939,"Stephen Curry","1610612744","Golden State Warriors",2021,"0022000946","20210429",-18,23.65,FALSE
201939,"Stephen Curry","1610612744","Golden State Warriors",2021,"0022000946","20210429",-20.6,19.55,TRUE
201939,"Stephen Curry","1610612744","Golden State Warriors",2021,"0022000946","20210429",0.6,6.75,FALSE
201939,"Stephen Curry","1610612744","Golden State Warriors",2021,"0022000946","20210429",16.5,30.05,FALSE
201939,"Stephen Curry","1610612744","Golden State Warriors",2021,"0022000946","20210429",0,7.25,FALSE
201939,"Stephen Curry","1610612744","Golden State Warriors",2021,"0022000946","20210429",-12.4,27.45,FALSE
201939,"Stephen Curry","1610612744","Golden State Warriors",2021,"0022000946","20210429",-0.6,30.85,TRUE
201939,"Stephen Curry","1610612744","Golden State Warriors",2021,"0022000946","20210429",-1,8.15,FALSE
201939,"Stephen Curry","1610612744","Golden State Warriors",2021,"0022000946","20210429",0.2,7.25,TRUE
201939,"Stephen Curry","1610612744","Golden State Warriors",2021,"0022000946","20210429",-6.7,14.15,FALSE
201939,"Stephen Curry","1610612744","Golden State Warriors",2021,"0022000946","20210429",2.2,7.85,FALSE
201939,"Stephen Curry","1610612744","Golden State Warriors",2021,"0022000946","20210429",-14.9,26.35,FALSE
201939,"Stephen Curry","1610612744","Golden State Warriors",2021,"0022000946","20210429",10.3,28.45,FALSE
201939,"Stephen Curry","1610612744","Golden State Warriors",2021,"0022000946","20210429",-8.5,28.45,FALSE
201939,"Stephen Curry","1610612744","Golden State Warriors",2021,"0022000946","20210429",21.7,14.75,TRUE
201939,"Stephen Curry","1610612744","Golden State Warriors",2021,"0022000946","20210429",-0.7,31.05,TRUE
201939,"Stephen Curry","1610612744","Golden State Warriors",2021,"0022000946","20210429",-1.6,7.75,TRUE
201939,"Stephen Curry","1610612744","Golden State Warriors",2021,"0022000946","20210429",-0.6,19.35,TRUE
201939,"Stephen Curry","1610612744","Golden State Warriors",2021,"0022000946","20210429",-1.1,33.95,TRUE
201939,"Stephen Curry","1610612744","Golden State Warriors",2021,"0022000946","20210429",7.3,31.65,FALSE
201939,"Stephen Curry","1610612744","Golden State Warriors",2021,"0022000946","20210429",-11,29.45,TRUE
201939,"Stephen Curry","1610612744","Golden State Warriors",2021,"0022000946","20210429",-9.4,36.35,FALSE
201939,"Stephen Curry","1610612744","Golden State Warriors",2021,"0022000946","20210429",-2.3,30.35,FALSE
201939,"Stephen Curry","1610612744","Golden State Warriors",2021,"0022000946","20210429",-0.6,5.75,TRUE
201939,"Stephen Curry","1610612744","Golden State Warriors",2021,"0022000946","20210429",-0.1,6.95,TRUE
201939,"Stephen Curry","1610612744","Golden State Warriors",2021,"0022000946","20210429",-0.2,38.85,FALSE
201939,"Stephen Curry","1610612744","Golden State Warriors",2021,"0022000958","20210501",16.9,24.25,FALSE
201939,"Stephen Curry","1610612744","Golden State Warriors",2021,"0022000958","20210501",12.3,28.85,TRUE
201939,"Stephen Curry","1610612744","Golden State Warriors",2021,"0022000958","20210501",-13.9,31.35,TRUE
201939,"Stephen Curry","1610612744","Golden State Warriors",2021,"0022000958","20210501",-8.4,41.25,FALSE
201939,"Stephen Curry","1610612744","Golden State Warriors",2021,"0022000958","20210501",-1.6,6.35,FALSE
201939,"Stephen Curry","1610612744","Golden State Warriors",2021,"0022000958","20210501",23.3,7.85,FALSE
201939,"Stephen Curry","1610612744","Golden State Warriors",2021,"0022000958","20210501",4.3,20.45,FALSE
201939,"Stephen Curry","1610612744","Golden State Warriors",2021,"0022000958","20210501",5.1,31.25,FALSE
201939,"Stephen Curry","1610612744","Golden State Warriors",2021,"0022000958","20210501",18.2,23.65,FALSE
201939,"Stephen Curry","1610612744","Golden State Warriors",2021,"0022000958","20210501",-14.7,28.95,FALSE
201939,"Stephen Curry","1610612744","Golden State Warriors",2021,"0022000958","20210501",17.7,24.15,FALSE
201939,"Stephen Curry","1610612744","Golden State Warriors",2021,"0022000958","20210501",8.2,29.25,FALSE
201939,"Stephen Curry","1610612744","Golden State Warriors",2021,"0022000958","20210501",16.8,8.35,TRUE
201939,"Stephen Curry","1610612744","Golden State Warriors",2021,"0022000958","20210501",-8.1,9.85,FALSE
201939,"Stephen Curry","1610612744","Golden State Warriors",2021,"0022000958","20210501",18.2,22.65,FALSE
201939,"Stephen Curry","1610612744","Golden State Warriors",2021,"0022000958","20210501",22.6,11.05,TRUE
201939,"Stephen Curry","1610612744","Golden State Warriors",2021,"0022000958","20210501",-23,6.55,TRUE
201939,"Stephen Curry","1610612744","Golden State Warriors",2021,"0022000958","20210501",-10.3,29.15,TRUE
201939,"Stephen Curry","1610612744","Golden State Warriors",2021,"0022000958","20210501",-0.5,7.05,TRUE
201939,"Stephen Curry","1610612744","Golden State Warriors",2021,"0022000958","20210501",-17.1,11.75,FALSE
201939,"Stephen Curry","1610612744","Golden State Warriors",2021,"0022000958","20210501",9.3,30.85,TRUE
201939,"Stephen Curry","1610612744","Golden State Warriors",2021,"0022000958","20210501",-11.1,31.05,TRUE
201939,"Stephen Curry","1610612744","Golden State Warriors",2021,"0022000958","20210501",-5.2,31.45,FALSE
201939,"Stephen Curry","1610612744","Golden State Warriors",2021,"0022000977","20210503",-1.4,5.25,TRUE
201939,"Stephen Curry","1610612744","Golden State Warriors",2021,"0022000977","20210503",-22.4,16.35,FALSE
201939,"Stephen Curry","1610612744","Golden State Warriors",2021,"0022000977","20210503",-1.9,6.15,TRUE
201939,"Stephen Curry","1610612744","Golden State Warriors",2021,"0022000977","20210503",-23,15.05,TRUE
201939,"Stephen Curry","1610612744","Golden State Warriors",2021,"0022000977","20210503",-11.7,29.75,FALSE
201939,"Stephen Curry","1610612744","Golden State Warriors",2021,"0022000977","20210503",0.2,7.85,TRUE
201939,"Stephen Curry","1610612744","Golden State Warriors",2021,"0022000977","20210503",-16.4,28.35,FALSE
201939,"Stephen Curry","1610612744","Golden State Warriors",2021,"0022000977","20210503",6.7,34.65,TRUE
201939,"Stephen Curry","1610612744","Golden State Warriors",2021,"0022000977","20210503",-16.8,27.05,TRUE
201939,"Stephen Curry","1610612744","Golden State Warriors",2021,"0022000977","20210503",-4.3,36.55,FALSE
201939,"Stephen Curry","1610612744","Golden State Warriors",2021,"0022000977","20210503",-6.3,7.35,TRUE
201939,"Stephen Curry","1610612744","Golden State Warriors",2021,"0022000977","20210503",1.1,6.05,TRUE
201939,"Stephen Curry","1610612744","Golden State Warriors",2021,"0022000977","20210503",9.8,28.45,FALSE
201939,"Stephen Curry","1610612744","Golden State Warriors",2021,"0022000977","20210503",-19.7,39.15,FALSE
201939,"Stephen Curry","1610612744","Golden State Warriors",2021,"0022000977","20210503",7.6,24.45,FALSE
201939,"Stephen Curry","1610612744","Golden State Warriors",2021,"0022000977","20210503",21.4,20.35,TRUE
201939,"Stephen Curry","1610612744","Golden State Warriors",2021,"0022000977","20210503",6.6,33.15,TRUE
201939,"Stephen Curry","1610612744","Golden State Warriors",2021,"0022000977","20210503",8.3,18.55,FALSE
201939,"Stephen Curry","1610612744","Golden State Warriors",2021,"0022000977","20210503",-21.5,16.75,TRUE
201939,"Stephen Curry","1610612744","Golden State Warriors",2021,"0022000977","20210503",-7.1,30.15,FALSE
201939,"Stephen Curry","1610612744","Golden State Warriors",2021,"0022000977","20210503",7.7,32.65,TRUE
201939,"Stephen Curry","1610612744","Golden State Warriors",2021,"0022000977","20210503",12.3,27.75,FALSE
201939,"Stephen Curry","1610612744","Golden State Warriors",2021,"0022000977","20210503",15.5,30.35,FALSE
201939,"Stephen Curry","1610612744","Golden State Warriors",2021,"0022000977","20210503",-2.1,31.45,TRUE
201939,"Stephen Curry","1610612744","Golden State Warriors",2021,"0022000977","20210503",-8.1,29.05,FALSE
201939,"Stephen Curry","1610612744","Golden State Warriors",2021,"0022000977","20210503",-1.8,5.15,TRUE
201939,"Stephen Curry","1610612744","Golden State Warriors",2021,"0022000987","20210504",-23,8.35,TRUE
201939,"Stephen Curry","1610612744","Golden State Warriors",2021,"0022000987","20210504",-4.4,30.85,FALSE
201939,"Stephen Curry","1610612744","Golden State Warriors",2021,"0022000987","20210504",-12.3,27.95,TRUE
201939,"Stephen Curry","1610612744","Golden State Warriors",2021,"0022000987","20210504",14.9,25.55,TRUE
201939,"Stephen Curry","1610612744","Golden State Warriors",2021,"0022000987","20210504",-0.7,8.65,TRUE
201939,"Stephen Curry","1610612744","Golden State Warriors",2021,"0022000987","20210504",-4.7,31.95,TRUE
201939,"Stephen Curry","1610612744","Golden State Warriors",2021,"0022000987","20210504",-0.3,34.95,FALSE
201939,"Stephen Curry","1610612744","Golden State Warriors",2021,"0022000987","20210504",14.3,27.85,FALSE
201939,"Stephen Curry","1610612744","Golden State Warriors",2021,"0022000987","20210504",19,72.35,FALSE
201939,"Stephen Curry","1610612744","Golden State Warriors",2021,"0022000987","20210504",2.4,13.75,TRUE
201939,"Stephen Curry","1610612744","Golden State Warriors",2021,"0022000987","20210504",-3.8,20.95,FALSE
201939,"Stephen Curry","1610612744","Golden State Warriors",2021,"0022000987","20210504",9.6,28.95,TRUE
201939,"Stephen Curry","1610612744","Golden State Warriors",2021,"0022000987","20210504",-1.3,14.85,TRUE
201939,"Stephen Curry","1610612744","Golden State Warriors",2021,"0022000987","20210504",-18.9,21.25,TRUE
201939,"Stephen Curry","1610612744","Golden State Warriors",2021,"0022000987","20210504",12.6,28.55,TRUE
201939,"Stephen Curry","1610612744","Golden State Warriors",2021,"0022000987","20210504",13.4,26.45,FALSE
201939,"Stephen Curry","1610612744","Golden State Warriors",2021,"0022000987","20210504",-0.2,5.35,TRUE
201939,"Stephen Curry","1610612744","Golden State Warriors",2021,"0022000987","20210504",14.7,26.75,FALSE
201939,"Stephen Curry","1610612744","Golden State Warriors",2021,"0022000987","20210504",-16.6,26.95,TRUE
201939,"Stephen Curry","1610612744","Golden State Warriors",2021,"0022000987","20210504",-0.8,5.15,FALSE
201939,"Stephen Curry","1610612744","Golden State Warriors",2021,"0022000987","20210504",-1.5,4.85,FALSE
201939,"Stephen Curry","1610612744","Golden State Warriors",2021,"0022000987","20210504",-8.6,29.35,FALSE
201939,"Stephen Curry","1610612744","Golden State Warriors",2021,"0022000987","20210504",-2.4,6.45,FALSE
201939,"Stephen Curry","1610612744","Golden State Warriors",2021,"0022000987","20210504",-9.8,45.25,FALSE
201939,"Stephen Curry","1610612744","Golden State Warriors",2021,"0022000987","20210504",-2.7,5.25,FALSE
201939,"Stephen Curry","1610612744","Golden State Warriors",2021,"0022000987","20210504",-1.9,6.25,FALSE
201939,"Stephen Curry","1610612744","Golden State Warriors",2021,"0022000987","20210504",-2.6,7.95,TRUE
201939,"Stephen Curry","1610612744","Golden State Warriors",2021,"0022000987","20210504",0.1,33.85,FALSE
201939,"Stephen Curry","1610612744","Golden State Warriors",2021,"0022000987","20210504",21.2,23.25,FALSE
201939,"Stephen Curry","1610612744","Golden State Warriors",2021,"0022000987","20210504",-1.5,30.05,FALSE
201939,"Stephen Curry","1610612744","Golden State Warriors",2021,"0022000987","20210504",13.2,30.55,FALSE
201939,"Stephen Curry","1610612744","Golden State Warriors",2021,"0022001001","20210506",-0.6,8.15,TRUE
201939,"Stephen Curry","1610612744","Golden State Warriors",2021,"0022001001","20210506",-0.2,6.75,TRUE
201939,"Stephen Curry","1610612744","Golden State Warriors",2021,"0022001001","20210506",-21.1,21.55,FALSE
201939,"Stephen Curry","1610612744","Golden State Warriors",2021,"0022001001","20210506",-4.9,34.65,FALSE
201939,"Stephen Curry","1610612744","Golden State Warriors",2021,"0022001001","20210506",-16,29.95,TRUE
201939,"Stephen Curry","1610612744","Golden State Warriors",2021,"0022001001","20210506",0.5,38.35,FALSE
201939,"Stephen Curry","1610612744","Golden State Warriors",2021,"0022001001","20210506",-11.1,19.85,TRUE
201939,"Stephen Curry","1610612744","Golden State Warriors",2021,"0022001001","20210506",17,28.05,TRUE
201939,"Stephen Curry","1610612744","Golden State Warriors",2021,"0022001001","20210506",-16.7,26.75,FALSE
201939,"Stephen Curry","1610612744","Golden State Warriors",2021,"0022001001","20210506",0.1,9.05,FALSE
201939,"Stephen Curry","1610612744","Golden State Warriors",2021,"0022001001","20210506",1.4,16.35,FALSE
201939,"Stephen Curry","1610612744","Golden State Warriors",2021,"0022001001","20210506",0,30.25,FALSE
201939,"Stephen Curry","1610612744","Golden State Warriors",2021,"0022001001","20210506",-15.4,27.45,FALSE
201939,"Stephen Curry","1610612744","Golden State Warriors",2021,"0022001001","20210506",-13,27.95,FALSE
201939,"Stephen Curry","1610612744","Golden State Warriors",2021,"0022001001","20210506",-18,26.65,TRUE
201939,"Stephen Curry","1610612744","Golden State Warriors",2021,"0022001001","20210506",3.2,20.05,TRUE
201939,"Stephen Curry","1610612744","Golden State Warriors",2021,"0022001001","20210506",0.6,30.75,TRUE
201939,"Stephen Curry","1610612744","Golden State Warriors",2021,"0022001001","20210506",-16.1,27.95,TRUE
201939,"Stephen Curry","1610612744","Golden State Warriors",2021,"0022001001","20210506",12.3,29.15,TRUE
201939,"Stephen Curry","1610612744","Golden State Warriors",2021,"0022001001","20210506",3,11.15,FALSE
201939,"Stephen Curry","1610612744","Golden State Warriors",2021,"0022001001","20210506",-1.3,6.05,TRUE
201939,"Stephen Curry","1610612744","Golden State Warriors",2021,"0022001017","20210508",-7.9,32.25,TRUE
201939,"Stephen Curry","1610612744","Golden State Warriors",2021,"0022001017","20210508",-8.6,35.65,TRUE
201939,"Stephen Curry","1610612744","Golden State Warriors",2021,"0022001017","20210508",7.3,32.05,TRUE
201939,"Stephen Curry","1610612744","Golden State Warriors",2021,"0022001017","20210508",13.8,32.95,FALSE
201939,"Stephen Curry","1610612744","Golden State Warriors",2021,"0022001017","20210508",21.8,20.45,TRUE
201939,"Stephen Curry","1610612744","Golden State Warriors",2021,"0022001017","20210508",16,29.45,FALSE
201939,"Stephen Curry","1610612744","Golden State Warriors",2021,"0022001017","20210508",-12.5,20.65,FALSE
201939,"Stephen Curry","1610612744","Golden State Warriors",2021,"0022001017","20210508",-14.7,33.25,TRUE
201939,"Stephen Curry","1610612744","Golden State Warriors",2021,"0022001017","20210508",0.7,7.95,TRUE
201939,"Stephen Curry","1610612744","Golden State Warriors",2021,"0022001017","20210508",-11.6,33.55,FALSE
201939,"Stephen Curry","1610612744","Golden State Warriors",2021,"0022001017","20210508",21.2,22.65,FALSE
201939,"Stephen Curry","1610612744","Golden State Warriors",2021,"0022001017","20210508",-2.2,8.55,FALSE
201939,"Stephen Curry","1610612744","Golden State Warriors",2021,"0022001017","20210508",-17.2,28.85,TRUE
201939,"Stephen Curry","1610612744","Golden State Warriors",2021,"0022001017","20210508",14.1,29.75,FALSE
201939,"Stephen Curry","1610612744","Golden State Warriors",2021,"0022001017","20210508",-9.9,7.65,TRUE
201939,"Stephen Curry","1610612744","Golden State Warriors",2021,"0022001017","20210508",-22.8,9.05,TRUE
201939,"Stephen Curry","1610612744","Golden State Warriors",2021,"0022001017","20210508",-11.9,33.75,TRUE
201939,"Stephen Curry","1610612744","Golden State Warriors",2021,"0022001017","20210508",16.1,26.25,FALSE
201939,"Stephen Curry","1610612744","Golden State Warriors",2021,"0022001017","20210508",-0.3,38.65,TRUE
201939,"Stephen Curry","1610612744","Golden State Warriors",2021,"0022001017","20210508",-22.9,12.95,FALSE
201939,"Stephen Curry","1610612744","Golden State Warriors",2021,"0022001017","20210508",-1.6,34.05,TRUE
201939,"Stephen Curry","1610612744","Golden State Warriors",2021,"0022001017","20210508",12,17.65,TRUE
201939,"Stephen Curry","1610612744","Golden State Warriors",2021,"0022001017","20210508",20.3,29.95,TRUE
201939,"Stephen Curry","1610612744","Golden State Warriors",2021,"0022001017","20210508",-19.3,25.65,FALSE
201939,"Stephen Curry","1610612744","Golden State Warriors",2021,"0022001017","20210508",3,34.45,FALSE
201939,"Stephen Curry","1610612744","Golden State Warriors",2021,"0022001017","20210508",-1.9,57.25,FALSE
201939,"Stephen Curry","1610612744","Golden State Warriors",2021,"0022001030","20210510",-23,9.35,TRUE
201939,"Stephen Curry","1610612744","Golden State Warriors",2021,"0022001030","20210510",-16.3,33.55,FALSE
201939,"Stephen Curry","1610612744","Golden State Warriors",2021,"0022001030","20210510",-17,13.05,FALSE
201939,"Stephen Curry","1610612744","Golden State Warriors",2021,"0022001030","20210510",-0.7,33.65,FALSE
201939,"Stephen Curry","1610612744","Golden State Warriors",2021,"0022001030","20210510",0.3,19.85,TRUE
201939,"Stephen Curry","1610612744","Golden State Warriors",2021,"0022001030","20210510",-14.2,17.35,TRUE
201939,"Stephen Curry","1610612744","Golden State Warriors",2021,"0022001030","20210510",-1.4,6.75,TRUE
201939,"Stephen Curry","1610612744","Golden State Warriors",2021,"0022001030","20210510",-1.1,14.25,FALSE
201939,"Stephen Curry","1610612744","Golden State Warriors",2021,"0022001030","20210510",-17.5,27.35,FALSE
201939,"Stephen Curry","1610612744","Golden State Warriors",2021,"0022001030","20210510",0.4,6.65,TRUE
201939,"Stephen Curry","1610612744","Golden State Warriors",2021,"0022001030","20210510",-7,34.65,FALSE
201939,"Stephen Curry","1610612744","Golden State Warriors",2021,"0022001030","20210510",16.4,27.85,TRUE
201939,"Stephen Curry","1610612744","Golden State Warriors",2021,"0022001030","20210510",-0.2,24.75,FALSE
201939,"Stephen Curry","1610612744","Golden State Warriors",2021,"0022001030","20210510",19.9,25.25,FALSE
201939,"Stephen Curry","1610612744","Golden State Warriors",2021,"0022001030","20210510",1.2,18.85,TRUE
201939,"Stephen Curry","1610612744","Golden State Warriors",2021,"0022001030","20210510",-4.7,35.25,FALSE
201939,"Stephen Curry","1610612744","Golden State Warriors",2021,"0022001030","20210510",-1.3,8.55,TRUE
201939,"Stephen Curry","1610612744","Golden State Warriors",2021,"0022001030","20210510",0.3,7.85,TRUE
201939,"Stephen Curry","1610612744","Golden State Warriors",2021,"0022001030","20210510",4.4,32.15,FALSE
201939,"Stephen Curry","1610612744","Golden State Warriors",2021,"0022001030","20210510",-0.4,17.45,TRUE
201939,"Stephen Curry","1610612744","Golden State Warriors",2021,"0022001030","20210510",10.4,32.75,FALSE
201939,"Stephen Curry","1610612744","Golden State Warriors",2021,"0022001030","20210510",-9,17.85,FALSE
201939,"Stephen Curry","1610612744","Golden State Warriors",2021,"0022001030","20210510",4.1,33.75,FALSE
201939,"Stephen Curry","1610612744","Golden State Warriors",2021,"0022001030","20210510",10.9,31.95,FALSE
201939,"Stephen Curry","1610612744","Golden State Warriors",2021,"0022001030","20210510",-7.1,32.25,TRUE
201939,"Stephen Curry","1610612744","Golden State Warriors",2021,"0022001039","20210511",10.1,29.55,FALSE
201939,"Stephen Curry","1610612744","Golden State Warriors",2021,"0022001039","20210511",-0.1,6.35,TRUE
201939,"Stephen Curry","1610612744","Golden State Warriors",2021,"0022001039","20210511",22.8,9.85,FALSE
201939,"Stephen Curry","1610612744","Golden State Warriors",2021,"0022001039","20210511",23,6.05,FALSE
201939,"Stephen Curry","1610612744","Golden State Warriors",2021,"0022001039","20210511",-17.5,25.25,FALSE
201939,"Stephen Curry","1610612744","Golden State Warriors",2021,"0022001039","20210511",18.8,25.05,FALSE
201939,"Stephen Curry","1610612744","Golden State Warriors",2021,"0022001039","20210511",-1.7,6.95,FALSE
201939,"Stephen Curry","1610612744","Golden State Warriors",2021,"0022001039","20210511",-0.5,6.55,TRUE
201939,"Stephen Curry","1610612744","Golden State Warriors",2021,"0022001039","20210511",-13.1,33.55,FALSE
201939,"Stephen Curry","1610612744","Golden State Warriors",2021,"0022001039","20210511",0.6,10.75,FALSE
201939,"Stephen Curry","1610612744","Golden State Warriors",2021,"0022001039","20210511",-13.9,31.25,TRUE
201939,"Stephen Curry","1610612744","Golden State Warriors",2021,"0022001039","20210511",2.2,24.35,FALSE
201939,"Stephen Curry","1610612744","Golden State Warriors",2021,"0022001039","20210511",23.4,8.15,FALSE
201939,"Stephen Curry","1610612744","Golden State Warriors",2021,"0022001039","20210511",0.7,11.25,TRUE
201939,"Stephen Curry","1610612744","Golden State Warriors",2021,"0022001039","20210511",-1.1,7.85,TRUE
201939,"Stephen Curry","1610612744","Golden State Warriors",2021,"0022001039","20210511",-2.5,32.75,FALSE
201939,"Stephen Curry","1610612744","Golden State Warriors",2021,"0022001039","20210511",-15.5,28.45,FALSE
201939,"Stephen Curry","1610612744","Golden State Warriors",2021,"0022001039","20210511",0.6,17.95,FALSE
201939,"Stephen Curry","1610612744","Golden State Warriors",2021,"0022001039","20210511",-15.6,13.05,TRUE
201939,"Stephen Curry","1610612744","Golden State Warriors",2021,"0022001039","20210511",-0.4,9.05,FALSE
201939,"Stephen Curry","1610612744","Golden State Warriors",2021,"0022001039","20210511",-15.4,30.65,FALSE
201939,"Stephen Curry","1610612744","Golden State Warriors",2021,"0022001039","20210511",1.1,14.45,TRUE
201939,"Stephen Curry","1610612744","Golden State Warriors",2021,"0022001070","20210516",17.9,22.35,FALSE
201939,"Stephen Curry","1610612744","Golden State Warriors",2021,"0022001070","20210516",-19.9,25.35,FALSE
201939,"Stephen Curry","1610612744","Golden State Warriors",2021,"0022001070","20210516",9.7,19.25,FALSE
201939,"Stephen Curry","1610612744","Golden State Warriors",2021,"0022001070","20210516",-13.2,30.45,FALSE
201939,"Stephen Curry","1610612744","Golden State Warriors",2021,"0022001070","20210516",-0.3,7.15,TRUE
201939,"Stephen Curry","1610612744","Golden State Warriors",2021,"0022001070","20210516",-10.3,8.75,TRUE
201939,"Stephen Curry","1610612744","Golden State Warriors",2021,"0022001070","20210516",8.1,29.75,TRUE
201939,"Stephen Curry","1610612744","Golden State Warriors",2021,"0022001070","20210516",15,27.65,FALSE
201939,"Stephen Curry","1610612744","Golden State Warriors",2021,"0022001070","20210516",0.9,13.25,TRUE
201939,"Stephen Curry","1610612744","Golden State Warriors",2021,"0022001070","20210516",-3.3,8.85,FALSE
201939,"Stephen Curry","1610612744","Golden State Warriors",2021,"0022001070","20210516",-2.9,7.15,TRUE
201939,"Stephen Curry","1610612744","Golden State Warriors",2021,"0022001070","20210516",-7.4,12.15,TRUE
201939,"Stephen Curry","1610612744","Golden State Warriors",2021,"0022001070","20210516",-10.1,11.65,FALSE
201939,"Stephen Curry","1610612744","Golden State Warriors",2021,"0022001070","20210516",7.8,21.45,FALSE
201939,"Stephen Curry","1610612744","Golden State Warriors",2021,"0022001070","20210516",-0.5,66.55,FALSE
201939,"Stephen Curry","1610612744","Golden State Warriors",2021,"0022001070","20210516",0.5,9.05,FALSE
201939,"Stephen Curry","1610612744","Golden State Warriors",2021,"0022001070","20210516",15.2,37.75,TRUE
201939,"Stephen Curry","1610612744","Golden State Warriors",2021,"0022001070","20210516",7.7,32.95,FALSE
201939,"Stephen Curry","1610612744","Golden State Warriors",2021,"0022001070","20210516",-21.5,18.65,FALSE
201939,"Stephen Curry","1610612744","Golden State Warriors",2021,"0022001070","20210516",-0.4,8.45,FALSE
201939,"Stephen Curry","1610612744","Golden State Warriors",2021,"0022001070","20210516",18.5,25.65,FALSE
201939,"Stephen Curry","1610612744","Golden State Warriors",2021,"0022001070","20210516",-16.9,26.85,TRUE
201939,"Stephen Curry","1610612744","Golden State Warriors",2021,"0022001070","20210516",11,34.75,TRUE
201939,"Stephen Curry","1610612744","Golden State Warriors",2021,"0022001070","20210516",-4.6,16.85,TRUE
201939,"Stephen Curry","1610612744","Golden State Warriors",2021,"0022001070","20210516",0.6,7.05,TRUE
201939,"Stephen Curry","1610612744","Golden State Warriors",2021,"0022001070","20210516",19.5,26.95,FALSE
201939,"Stephen Curry","1610612744","Golden State Warriors",2021,"0022001070","20210516",-16,34.55,TRUE
201939,"Stephen Curry","1610612744","Golden State Warriors",2021,"0022001070","20210516",-14.1,29.65,FALSE
201939,"Stephen Curry","1610612744","Golden State Warriors",2021,"0022001070","20210516",-12.5,29.45,TRUE
201939,"Stephen Curry","1610612744","Golden State Warriors",2021,"0022001070","20210516",-0.9,8.45,FALSE
201939,"Stephen Curry","1610612744","Golden State Warriors",2021,"0022001070","20210516",19.3,25.65,FALSE
201939,"Stephen Curry","1610612744","Golden State Warriors",2021,"0022001070","20210516",19.1,26.85,FALSE
201939,"Stephen Curry","1610612744","Golden State Warriors",2021,"0022001070","20210516",17.7,28.95,TRUE
201939,"Stephen Curry","1610612744","Golden State Warriors",2021,"0022001070","20210516",16.4,28.75,TRUE
201939,"Stephen Curry","1610612744","Golden State Warriors",2021,"0022001070","20210516",-14.3,31.75,TRUE
201939,"Stephen Curry","1610612744","Golden State Warriors",2021,"0022001070","20210516",-14.3,29.15,FALSE
201939,"Stephen Curry","1610612744","Golden State Warriors",2022,"0022100002","20211019",10.9,31.25,FALSE
201939,"Stephen Curry","1610612744","Golden State Warriors",2022,"0022100002","20211019",-4.8,30.95,FALSE
201939,"Stephen Curry","1610612744","Golden State Warriors",2022,"0022100002","20211019",16.5,24.15,TRUE
201939,"Stephen Curry","1610612744","Golden State Warriors",2022,"0022100002","20211019",1.3,6.45,FALSE
201939,"Stephen Curry","1610612744","Golden State Warriors",2022,"0022100002","20211019",1.5,7.45,FALSE
201939,"Stephen Curry","1610612744","Golden State Warriors",2022,"0022100002","20211019",-1.8,6.85,FALSE
201939,"Stephen Curry","1610612744","Golden State Warriors",2022,"0022100002","20211019",0.7,8.15,TRUE
201939,"Stephen Curry","1610612744","Golden State Warriors",2022,"0022100002","20211019",-13.5,28.05,FALSE
201939,"Stephen Curry","1610612744","Golden State Warriors",2022,"0022100002","20211019",0.9,7.05,FALSE
201939,"Stephen Curry","1610612744","Golden State Warriors",2022,"0022100002","20211019",0.1,6.25,TRUE
201939,"Stephen Curry","1610612744","Golden State Warriors",2022,"0022100002","20211019",0.1,7.45,FALSE
201939,"Stephen Curry","1610612744","Golden State Warriors",2022,"0022100002","20211019",-6.6,18.25,FALSE
201939,"Stephen Curry","1610612744","Golden State Warriors",2022,"0022100002","20211019",23.8,6.35,FALSE
201939,"Stephen Curry","1610612744","Golden State Warriors",2022,"0022100002","20211019",8.9,29.95,FALSE
201939,"Stephen Curry","1610612744","Golden State Warriors",2022,"0022100002","20211019",23,5.85,FALSE
201939,"Stephen Curry","1610612744","Golden State Warriors",2022,"0022100002","20211019",-0.4,9.35,FALSE
201939,"Stephen Curry","1610612744","Golden State Warriors",2022,"0022100002","20211019",-0.7,6.05,TRUE
201939,"Stephen Curry","1610612744","Golden State Warriors",2022,"0022100002","20211019",-0.7,7.35,FALSE
201939,"Stephen Curry","1610612744","Golden State Warriors",2022,"0022100002","20211019",-4.8,31.25,TRUE
201939,"Stephen Curry","1610612744","Golden State Warriors",2022,"0022100002","20211019",9.8,16.05,FALSE
201939,"Stephen Curry","1610612744","Golden State Warriors",2022,"0022100002","20211019",9.7,18.35,FALSE
201939,"Stephen Curry","1610612744","Golden State Warriors",2022,"0022100016","20211021",-11,28.95,TRUE
201939,"Stephen Curry","1610612744","Golden State Warriors",2022,"0022100016","20211021",-0.2,5.15,TRUE
201939,"Stephen Curry","1610612744","Golden State Warriors",2022,"0022100016","20211021",11.6,28.65,TRUE
201939,"Stephen Curry","1610612744","Golden State Warriors",2022,"0022100016","20211021",0,7.95,TRUE
201939,"Stephen Curry","1610612744","Golden State Warriors",2022,"0022100016","20211021",-8,29.95,TRUE
201939,"Stephen Curry","1610612744","Golden State Warriors",2022,"0022100016","20211021",9.8,28.95,TRUE
201939,"Stephen Curry","1610612744","Golden State Warriors",2022,"0022100016","20211021",-0.1,23.95,TRUE
201939,"Stephen Curry","1610612744","Golden State Warriors",2022,"0022100016","20211021",-0.6,5.35,TRUE
201939,"Stephen Curry","1610612744","Golden State Warriors",2022,"0022100016","20211021",-21.3,18.65,TRUE
201939,"Stephen Curry","1610612744","Golden State Warriors",2022,"0022100016","20211021",-0.2,16.75,TRUE
201939,"Stephen Curry","1610612744","Golden State Warriors",2022,"0022100016","20211021",7.5,32.35,FALSE
201939,"Stephen Curry","1610612744","Golden State Warriors",2022,"0022100016","20211021",5.8,9.45,FALSE
201939,"Stephen Curry","1610612744","Golden State Warriors",2022,"0022100016","20211021",1.6,6.55,FALSE
201939,"Stephen Curry","1610612744","Golden State Warriors",2022,"0022100016","20211021",2.1,6.25,FALSE
201939,"Stephen Curry","1610612744","Golden State Warriors",2022,"0022100016","20211021",14.6,24.85,FALSE
201939,"Stephen Curry","1610612744","Golden State Warriors",2022,"0022100016","20211021",11.2,26.65,FALSE
201939,"Stephen Curry","1610612744","Golden State Warriors",2022,"0022100016","20211021",2.3,20.35,FALSE
201939,"Stephen Curry","1610612744","Golden State Warriors",2022,"0022100016","20211021",12.5,28.25,TRUE
201939,"Stephen Curry","1610612744","Golden State Warriors",2022,"0022100016","20211021",-12.4,12.35,TRUE
201939,"Stephen Curry","1610612744","Golden State Warriors",2022,"0022100016","20211021",1.8,5.85,TRUE
201939,"Stephen Curry","1610612744","Golden State Warriors",2022,"0022100016","20211021",9.3,30.45,FALSE
201939,"Stephen Curry","1610612744","Golden State Warriors",2022,"0022100016","20211021",-15.8,25.75,FALSE
201939,"Stephen Curry","1610612744","Golden State Warriors",2022,"0022100016","20211021",-2.3,5.75,TRUE
201939,"Stephen Curry","1610612744","Golden State Warriors",2022,"0022100016","20211021",11.6,33.85,TRUE
201939,"Stephen Curry","1610612744","Golden State Warriors",2022,"0022100016","20211021",-15.7,26.45,TRUE
201939,"Stephen Curry","1610612744","Golden State Warriors",2022,"0022100039","20211024",15.9,25.75,FALSE
201939,"Stephen Curry","1610612744","Golden State Warriors",2022,"0022100039","20211024",13,8.65,FALSE
201939,"Stephen Curry","1610612744","Golden State Warriors",2022,"0022100039","20211024",19.5,21.65,FALSE
201939,"Stephen Curry","1610612744","Golden State Warriors",2022,"0022100039","20211024",10.3,30.45,TRUE
201939,"Stephen Curry","1610612744","Golden State Warriors",2022,"0022100039","20211024",-17,10.75,TRUE
201939,"Stephen Curry","1610612744","Golden State Warriors",2022,"0022100039","20211024",-0.4,33.85,TRUE
201939,"Stephen Curry","1610612744","Golden State Warriors",2022,"0022100039","20211024",0.6,31.45,FALSE
201939,"Stephen Curry","1610612744","Golden State Warriors",2022,"0022100039","20211024",-0.4,6.25,TRUE
201939,"Stephen Curry","1610612744","Golden State Warriors",2022,"0022100039","20211024",0.5,6.55,TRUE
201939,"Stephen Curry","1610612744","Golden State Warriors",2022,"0022100039","20211024",-1,37.55,FALSE
201939,"Stephen Curry","1610612744","Golden State Warriors",2022,"0022100039","20211024",1.7,31.05,FALSE
201939,"Stephen Curry","1610612744","Golden State Warriors",2022,"0022100039","20211024",-12.6,26.55,TRUE
201939,"Stephen Curry","1610612744","Golden State Warriors",2022,"0022100039","20211024",6.9,29.25,FALSE
201939,"Stephen Curry","1610612744","Golden State Warriors",2022,"0022100039","20211024",-1.2,6.05,TRUE
201939,"Stephen Curry","1610612744","Golden State Warriors",2022,"0022100039","20211024",-12,27.65,FALSE
201939,"Stephen Curry","1610612744","Golden State Warriors",2022,"0022100039","20211024",1.8,5.65,TRUE
201939,"Stephen Curry","1610612744","Golden State Warriors",2022,"0022100039","20211024",21,18.45,FALSE
201939,"Stephen Curry","1610612744","Golden State Warriors",2022,"0022100039","20211024",20,20.85,TRUE
201939,"Stephen Curry","1610612744","Golden State Warriors",2022,"0022100039","20211024",6.4,30.25,FALSE
201939,"Stephen Curry","1610612744","Golden State Warriors",2022,"0022100039","20211024",-3.4,30.95,FALSE
201939,"Stephen Curry","1610612744","Golden State Warriors",2022,"0022100039","20211024",2.1,7.35,FALSE
201939,"Stephen Curry","1610612744","Golden State Warriors",2022,"0022100039","20211024",1.7,6.35,FALSE
201939,"Stephen Curry","1610612744","Golden State Warriors",2022,"0022100039","20211024",-16.9,25.35,FALSE
201939,"Stephen Curry","1610612744","Golden State Warriors",2022,"0022100051","20211026",17.3,23.65,FALSE
201939,"Stephen Curry","1610612744","Golden State Warriors",2022,"0022100051","20211026",-18.9,21.65,FALSE
201939,"Stephen Curry","1610612744","Golden State Warriors",2022,"0022100051","20211026",11.5,22.65,TRUE
201939,"Stephen Curry","1610612744","Golden State Warriors",2022,"0022100051","20211026",1.1,6.75,TRUE
201939,"Stephen Curry","1610612744","Golden State Warriors",2022,"0022100051","20211026",-1.2,9.05,FALSE
201939,"Stephen Curry","1610612744","Golden State Warriors",2022,"0022100051","20211026",18.1,26.45,TRUE
201939,"Stephen Curry","1610612744","Golden State Warriors",2022,"0022100051","20211026",-18.3,23.35,TRUE
201939,"Stephen Curry","1610612744","Golden State Warriors",2022,"0022100051","20211026",4.7,30.35,TRUE
201939,"Stephen Curry","1610612744","Golden State Warriors",2022,"0022100051","20211026",-16.7,10.45,FALSE
201939,"Stephen Curry","1610612744","Golden State Warriors",2022,"0022100051","20211026",-19.9,23.65,FALSE
201939,"Stephen Curry","1610612744","Golden State Warriors",2022,"0022100051","20211026",-1.5,30.85,TRUE
201939,"Stephen Curry","1610612744","Golden State Warriors",2022,"0022100051","20211026",2.1,5.15,FALSE
201939,"Stephen Curry","1610612744","Golden State Warriors",2022,"0022100051","20211026",21.7,17.75,FALSE
201939,"Stephen Curry","1610612744","Golden State Warriors",2022,"0022100051","20211026",-16.1,29.75,FALSE
201939,"Stephen Curry","1610612744","Golden State Warriors",2022,"0022100070","20211028",1.5,7.35,TRUE
201939,"Stephen Curry","1610612744","Golden State Warriors",2022,"0022100070","20211028",-16.2,26.65,TRUE
201939,"Stephen Curry","1610612744","Golden State Warriors",2022,"0022100070","20211028",-23.2,18.25,FALSE
201939,"Stephen Curry","1610612744","Golden State Warriors",2022,"0022100070","20211028",-9.3,13.55,FALSE
201939,"Stephen Curry","1610612744","Golden State Warriors",2022,"0022100070","20211028",-22.8,14.05,FALSE
201939,"Stephen Curry","1610612744","Golden State Warriors",2022,"0022100070","20211028",18.6,22.95,TRUE
201939,"Stephen Curry","1610612744","Golden State Warriors",2022,"0022100070","20211028",2.2,6.25,TRUE
201939,"Stephen Curry","1610612744","Golden State Warriors",2022,"0022100070","20211028",-15.1,29.35,FALSE
201939,"Stephen Curry","1610612744","Golden State Warriors",2022,"0022100070","20211028",-2.6,32.05,FALSE
201939,"Stephen Curry","1610612744","Golden State Warriors",2022,"0022100070","20211028",-4.3,7.75,TRUE
201939,"Stephen Curry","1610612744","Golden State Warriors",2022,"0022100070","20211028",6.7,31.95,FALSE
201939,"Stephen Curry","1610612744","Golden State Warriors",2022,"0022100070","20211028",-20.1,25.05,TRUE
201939,"Stephen Curry","1610612744","Golden State Warriors",2022,"0022100070","20211028",2.3,6.35,FALSE
201939,"Stephen Curry","1610612744","Golden State Warriors",2022,"0022100070","20211028",17.3,24.75,TRUE
201939,"Stephen Curry","1610612744","Golden State Warriors",2022,"0022100070","20211028",-16.4,26.45,TRUE
201939,"Stephen Curry","1610612744","Golden State Warriors",2022,"0022100070","20211028",16.4,29.95,TRUE
201939,"Stephen Curry","1610612744","Golden State Warriors",2022,"0022100070","20211028",-3.1,10.95,FALSE
201939,"Stephen Curry","1610612744","Golden State Warriors",2022,"0022100070","20211028",11.5,30.65,FALSE
201939,"Stephen Curry","1610612744","Golden State Warriors",2022,"0022100070","20211028",22.5,7.05,TRUE
201939,"Stephen Curry","1610612744","Golden State Warriors",2022,"0022100070","20211028",2,13.05,FALSE
201939,"Stephen Curry","1610612744","Golden State Warriors",2022,"0022100070","20211028",0,5.25,TRUE
201939,"Stephen Curry","1610612744","Golden State Warriors",2022,"0022100070","20211028",17.9,27.55,FALSE
201939,"Stephen Curry","1610612744","Golden State Warriors",2022,"0022100070","20211028",2.8,9.85,FALSE
201939,"Stephen Curry","1610612744","Golden State Warriors",2022,"0022100070","20211028",-16.9,25.85,FALSE
201939,"Stephen Curry","1610612744","Golden State Warriors",2022,"0022100070","20211028",18.1,26.85,FALSE
201939,"Stephen Curry","1610612744","Golden State Warriors",2022,"0022100070","20211028",-11.2,36.45,FALSE
201939,"Stephen Curry","1610612744","Golden State Warriors",2022,"0022100070","20211028",10,33.25,FALSE
201939,"Stephen Curry","1610612744","Golden State Warriors",2022,"0022100070","20211028",-4.2,35.45,FALSE
201939,"Stephen Curry","1610612744","Golden State Warriors",2022,"0022100070","20211028",19.2,23.85,FALSE
201939,"Stephen Curry","1610612744","Golden State Warriors",2022,"0022100086","20211030",-16.3,24.35,FALSE
201939,"Stephen Curry","1610612744","Golden State Warriors",2022,"0022100086","20211030",-22.3,5.15,FALSE
201939,"Stephen Curry","1610612744","Golden State Warriors",2022,"0022100086","20211030",-11.3,26.65,TRUE
201939,"Stephen Curry","1610612744","Golden State Warriors",2022,"0022100086","20211030",-2.8,9.35,TRUE
201939,"Stephen Curry","1610612744","Golden State Warriors",2022,"0022100086","20211030",-6.9,32.05,FALSE
201939,"Stephen Curry","1610612744","Golden State Warriors",2022,"0022100086","20211030",5.6,30.55,FALSE
201939,"Stephen Curry","1610612744","Golden State Warriors",2022,"0022100086","20211030",-21.7,18.45,TRUE
201939,"Stephen Curry","1610612744","Golden State Warriors",2022,"0022100086","20211030",-19.5,20.55,TRUE
201939,"Stephen Curry","1610612744","Golden State Warriors",2022,"0022100086","20211030",24,4.15,TRUE
201939,"Stephen Curry","1610612744","Golden State Warriors",2022,"0022100086","20211030",-11.5,28.65,FALSE
201939,"Stephen Curry","1610612744","Golden State Warriors",2022,"0022100086","20211030",4.2,31.05,FALSE
201939,"Stephen Curry","1610612744","Golden State Warriors",2022,"0022100086","20211030",21.9,13.95,FALSE
201939,"Stephen Curry","1610612744","Golden State Warriors",2022,"0022100086","20211030",-15.7,25.15,TRUE
201939,"Stephen Curry","1610612744","Golden State Warriors",2022,"0022100086","20211030",21.3,17.35,TRUE
201939,"Stephen Curry","1610612744","Golden State Warriors",2022,"0022100086","20211030",0.9,29.85,FALSE
201939,"Stephen Curry","1610612744","Golden State Warriors",2022,"0022100086","20211030",-10.9,32.05,FALSE
201939,"Stephen Curry","1610612744","Golden State Warriors",2022,"0022100117","20211103",-19.9,25.85,FALSE
201939,"Stephen Curry","1610612744","Golden State Warriors",2022,"0022100117","20211103",21,19.85,FALSE
201939,"Stephen Curry","1610612744","Golden State Warriors",2022,"0022100117","20211103",0.9,27.75,TRUE
201939,"Stephen Curry","1610612744","Golden State Warriors",2022,"0022100117","20211103",-9.8,31.15,FALSE
201939,"Stephen Curry","1610612744","Golden State Warriors",2022,"0022100117","20211103",17,37.75,FALSE
201939,"Stephen Curry","1610612744","Golden State Warriors",2022,"0022100117","20211103",0,9.05,FALSE
201939,"Stephen Curry","1610612744","Golden State Warriors",2022,"0022100117","20211103",-1.8,33.55,TRUE
201939,"Stephen Curry","1610612744","Golden State Warriors",2022,"0022100117","20211103",23,7.75,FALSE
201939,"Stephen Curry","1610612744","Golden State Warriors",2022,"0022100117","20211103",0.6,31.25,FALSE
201939,"Stephen Curry","1610612744","Golden State Warriors",2022,"0022100117","20211103",-20.7,28.45,TRUE
201939,"Stephen Curry","1610612744","Golden State Warriors",2022,"0022100117","20211103",11.3,10.95,TRUE
201939,"Stephen Curry","1610612744","Golden State Warriors",2022,"0022100117","20211103",1.5,7.25,TRUE
201939,"Stephen Curry","1610612744","Golden State Warriors",2022,"0022100117","20211103",-4,34.55,TRUE
201939,"Stephen Curry","1610612744","Golden State Warriors",2022,"0022100117","20211103",-23.7,7.95,FALSE
201939,"Stephen Curry","1610612744","Golden State Warriors",2022,"0022100117","20211103",9.1,31.25,FALSE
201939,"Stephen Curry","1610612744","Golden State Warriors",2022,"0022100130","20211105",-12.3,29.45,FALSE
201939,"Stephen Curry","1610612744","Golden State Warriors",2022,"0022100130","20211105",-12.4,31.65,TRUE
201939,"Stephen Curry","1610612744","Golden State Warriors",2022,"0022100130","20211105",15.4,25.85,TRUE
201939,"Stephen Curry","1610612744","Golden State Warriors",2022,"0022100130","20211105",-22.9,7.25,FALSE
201939,"Stephen Curry","1610612744","Golden State Warriors",2022,"0022100130","20211105",7.8,31.85,TRUE
201939,"Stephen Curry","1610612744","Golden State Warriors",2022,"0022100130","20211105",1,6.95,FALSE
201939,"Stephen Curry","1610612744","Golden State Warriors",2022,"0022100130","20211105",-2.6,34.15,TRUE
201939,"Stephen Curry","1610612744","Golden State Warriors",2022,"0022100130","20211105",0.1,9.35,FALSE
201939,"Stephen Curry","1610612744","Golden State Warriors",2022,"0022100130","20211105",19.2,23.25,FALSE
201939,"Stephen Curry","1610612744","Golden State Warriors",2022,"0022100130","20211105",-23,12.55,FALSE
201939,"Stephen Curry","1610612744","Golden State Warriors",2022,"0022100130","20211105",-14,28.85,FALSE
201939,"Stephen Curry","1610612744","Golden State Warriors",2022,"0022100130","20211105",6.5,13.55,FALSE
201939,"Stephen Curry","1610612744","Golden State Warriors",2022,"0022100130","20211105",-23.3,10.55,FALSE
201939,"Stephen Curry","1610612744","Golden State Warriors",2022,"0022100130","20211105",15.4,28.55,TRUE
201939,"Stephen Curry","1610612744","Golden State Warriors",2022,"0022100130","20211105",16.2,29.35,FALSE
201939,"Stephen Curry","1610612744","Golden State Warriors",2022,"0022100130","20211105",1.2,38.05,FALSE
201939,"Stephen Curry","1610612744","Golden State Warriors",2022,"0022100145","20211107",-22.7,12.55,TRUE
201939,"Stephen Curry","1610612744","Golden State Warriors",2022,"0022100145","20211107",22.8,9.05,FALSE
201939,"Stephen Curry","1610612744","Golden State Warriors",2022,"0022100145","20211107",-0.6,4.95,TRUE
201939,"Stephen Curry","1610612744","Golden State Warriors",2022,"0022100145","20211107",20.8,18.55,FALSE
201939,"Stephen Curry","1610612744","Golden State Warriors",2022,"0022100145","20211107",-0.9,20.05,TRUE
201939,"Stephen Curry","1610612744","Golden State Warriors",2022,"0022100145","20211107",6.4,33.65,FALSE
201939,"Stephen Curry","1610612744","Golden State Warriors",2022,"0022100145","20211107",2.1,5.25,TRUE
201939,"Stephen Curry","1610612744","Golden State Warriors",2022,"0022100145","20211107",-3.1,6.25,FALSE
201939,"Stephen Curry","1610612744","Golden State Warriors",2022,"0022100145","20211107",-8.9,30.95,FALSE
201939,"Stephen Curry","1610612744","Golden State Warriors",2022,"0022100145","20211107",-0.5,33.15,TRUE
201939,"Stephen Curry","1610612744","Golden State Warriors",2022,"0022100145","20211107",-17.3,23.95,FALSE
201939,"Stephen Curry","1610612744","Golden State Warriors",2022,"0022100145","20211107",15.2,27.05,TRUE
201939,"Stephen Curry","1610612744","Golden State Warriors",2022,"0022100145","20211107",6.7,29.35,TRUE
201939,"Stephen Curry","1610612744","Golden State Warriors",2022,"0022100145","20211107",-0.6,31.25,FALSE
201939,"Stephen Curry","1610612744","Golden State Warriors",2022,"0022100145","20211107",-1.7,6.15,TRUE
201939,"Stephen Curry","1610612744","Golden State Warriors",2022,"0022100145","20211107",-14.3,29.85,FALSE
201939,"Stephen Curry","1610612744","Golden State Warriors",2022,"0022100152","20211108",-11.4,29.95,TRUE
201939,"Stephen Curry","1610612744","Golden State Warriors",2022,"0022100152","20211108",-0.5,34.65,TRUE
201939,"Stephen Curry","1610612744","Golden State Warriors",2022,"0022100152","20211108",-3.1,12.75,FALSE
201939,"Stephen Curry","1610612744","Golden State Warriors",2022,"0022100152","20211108",0,5.25,TRUE
201939,"Stephen Curry","1610612744","Golden State Warriors",2022,"0022100152","20211108",0,5.25,TRUE
201939,"Stephen Curry","1610612744","Golden State Warriors",2022,"0022100152","20211108",16.7,25.35,FALSE
201939,"Stephen Curry","1610612744","Golden State Warriors",2022,"0022100152","20211108",10.2,33.35,FALSE
201939,"Stephen Curry","1610612744","Golden State Warriors",2022,"0022100152","20211108",-8.7,32.95,TRUE
201939,"Stephen Curry","1610612744","Golden State Warriors",2022,"0022100152","20211108",-22.4,10.95,FALSE
201939,"Stephen Curry","1610612744","Golden State Warriors",2022,"0022100152","20211108",0.2,17.85,FALSE
201939,"Stephen Curry","1610612744","Golden State Warriors",2022,"0022100152","20211108",23.2,3.65,TRUE
201939,"Stephen Curry","1610612744","Golden State Warriors",2022,"0022100152","20211108",2,36.15,TRUE
201939,"Stephen Curry","1610612744","Golden State Warriors",2022,"0022100152","20211108",-21.6,27.95,FALSE
201939,"Stephen Curry","1610612744","Golden State Warriors",2022,"0022100152","20211108",-15.8,29.25,TRUE
201939,"Stephen Curry","1610612744","Golden State Warriors",2022,"0022100152","20211108",-10.7,5.05,FALSE
201939,"Stephen Curry","1610612744","Golden State Warriors",2022,"0022100152","20211108",-3.2,7.45,TRUE
201939,"Stephen Curry","1610612744","Golden State Warriors",2022,"0022100152","20211108",-3.1,31.45,FALSE
201939,"Stephen Curry","1610612744","Golden State Warriors",2022,"0022100152","20211108",1.8,22.65,TRUE
201939,"Stephen Curry","1610612744","Golden State Warriors",2022,"0022100152","20211108",-12.9,31.35,TRUE
201939,"Stephen Curry","1610612744","Golden State Warriors",2022,"0022100152","20211108",-22.1,18.25,TRUE
201939,"Stephen Curry","1610612744","Golden State Warriors",2022,"0022100152","20211108",-18.6,30.25,FALSE
201939,"Stephen Curry","1610612744","Golden State Warriors",2022,"0022100152","20211108",-4,31.95,FALSE
201939,"Stephen Curry","1610612744","Golden State Warriors",2022,"0022100152","20211108",5.4,31.05,FALSE
201939,"Stephen Curry","1610612744","Golden State Warriors",2022,"0022100152","20211108",19.1,20.95,TRUE
201939,"Stephen Curry","1610612744","Golden State Warriors",2022,"0022100152","20211108",0.2,35.05,FALSE
201939,"Stephen Curry","1610612744","Golden State Warriors",2022,"0022100152","20211108",21.1,21.35,FALSE
201939,"Stephen Curry","1610612744","Golden State Warriors",2022,"0022100152","20211108",7.6,11.15,FALSE
201939,"Stephen Curry","1610612744","Golden State Warriors",2022,"0022100152","20211108",5.4,19.95,TRUE
201939,"Stephen Curry","1610612744","Golden State Warriors",2022,"0022100169","20211110",16.1,26.95,FALSE
201939,"Stephen Curry","1610612744","Golden State Warriors",2022,"0022100169","20211110",-4.8,9.15,FALSE
201939,"Stephen Curry","1610612744","Golden State Warriors",2022,"0022100169","20211110",3.2,33.05,TRUE
201939,"Stephen Curry","1610612744","Golden State Warriors",2022,"0022100169","20211110",11.6,33.35,TRUE
201939,"Stephen Curry","1610612744","Golden State Warriors",2022,"0022100169","20211110",-4.2,8.35,TRUE
201939,"Stephen Curry","1610612744","Golden State Warriors",2022,"0022100169","20211110",-23.3,11.95,FALSE
201939,"Stephen Curry","1610612744","Golden State Warriors",2022,"0022100169","20211110",-1.7,5.55,TRUE
201939,"Stephen Curry","1610612744","Golden State Warriors",2022,"0022100169","20211110",-4,9.05,TRUE
201939,"Stephen Curry","1610612744","Golden State Warriors",2022,"0022100169","20211110",-18.5,25.35,FALSE
201939,"Stephen Curry","1610612744","Golden State Warriors",2022,"0022100169","20211110",-9.9,22.35,TRUE
201939,"Stephen Curry","1610612744","Golden State Warriors",2022,"0022100169","20211110",-18.6,28.65,FALSE
201939,"Stephen Curry","1610612744","Golden State Warriors",2022,"0022100169","20211110",-19.7,22.45,TRUE
201939,"Stephen Curry","1610612744","Golden State Warriors",2022,"0022100169","20211110",-1.2,31.55,FALSE
201939,"Stephen Curry","1610612744","Golden State Warriors",2022,"0022100169","20211110",-14.8,29.25,FALSE
201939,"Stephen Curry","1610612744","Golden State Warriors",2022,"0022100169","20211110",-21.2,12.15,TRUE
201939,"Stephen Curry","1610612744","Golden State Warriors",2022,"0022100169","20211110",-3.1,7.25,FALSE
201939,"Stephen Curry","1610612744","Golden State Warriors",2022,"0022100183","20211112",-0.4,31.95,TRUE
201939,"Stephen Curry","1610612744","Golden State Warriors",2022,"0022100183","20211112",18.5,22.95,FALSE
201939,"Stephen Curry","1610612744","Golden State Warriors",2022,"0022100183","20211112",-1,8.45,TRUE
201939,"Stephen Curry","1610612744","Golden State Warriors",2022,"0022100183","20211112",-1.3,7.65,TRUE
201939,"Stephen Curry","1610612744","Golden State Warriors",2022,"0022100183","20211112",-21.4,24.15,FALSE
201939,"Stephen Curry","1610612744","Golden State Warriors",2022,"0022100183","20211112",-2.7,31.45,TRUE
201939,"Stephen Curry","1610612744","Golden State Warriors",2022,"0022100183","20211112",-19.6,20.75,TRUE
201939,"Stephen Curry","1610612744","Golden State Warriors",2022,"0022100183","20211112",-2.7,7.65,TRUE
201939,"Stephen Curry","1610612744","Golden State Warriors",2022,"0022100183","20211112",18.6,24.45,FALSE
201939,"Stephen Curry","1610612744","Golden State Warriors",2022,"0022100183","20211112",-1.3,35.55,FALSE
201939,"Stephen Curry","1610612744","Golden State Warriors",2022,"0022100183","20211112",-2.5,10.95,FALSE
201939,"Stephen Curry","1610612744","Golden State Warriors",2022,"0022100183","20211112",-1.1,31.05,FALSE
201939,"Stephen Curry","1610612744","Golden State Warriors",2022,"0022100183","20211112",-11.2,14.05,TRUE
201939,"Stephen Curry","1610612744","Golden State Warriors",2022,"0022100183","20211112",-18.9,24.85,TRUE
201939,"Stephen Curry","1610612744","Golden State Warriors",2022,"0022100183","20211112",5.3,11.25,TRUE
201939,"Stephen Curry","1610612744","Golden State Warriors",2022,"0022100183","20211112",-15.2,27.25,TRUE
201939,"Stephen Curry","1610612744","Golden State Warriors",2022,"0022100183","20211112",19.7,25.85,FALSE
201939,"Stephen Curry","1610612744","Golden State Warriors",2022,"0022100183","20211112",-17.3,24.95,TRUE
201939,"Stephen Curry","1610612744","Golden State Warriors",2022,"0022100183","20211112",-10,29.85,TRUE
201939,"Stephen Curry","1610612744","Golden State Warriors",2022,"0022100183","20211112",-18,26.15,FALSE
201939,"Stephen Curry","1610612744","Golden State Warriors",2022,"0022100183","20211112",-3.4,6.85,TRUE
201939,"Stephen Curry","1610612744","Golden State Warriors",2022,"0022100183","20211112",0.1,37.75,FALSE
201939,"Stephen Curry","1610612744","Golden State Warriors",2022,"0022100183","20211112",2.3,33.65,TRUE
201939,"Stephen Curry","1610612744","Golden State Warriors",2022,"0022100183","20211112",23.5,13.25,TRUE
201939,"Stephen Curry","1610612744","Golden State Warriors",2022,"0022100194","20211114",23.3,16.05,FALSE
201939,"Stephen Curry","1610612744","Golden State Warriors",2022,"0022100194","20211114",2.2,5.85,FALSE
201939,"Stephen Curry","1610612744","Golden State Warriors",2022,"0022100194","20211114",-1.7,5.55,TRUE
201939,"Stephen Curry","1610612744","Golden State Warriors",2022,"0022100194","20211114",-18.4,23.05,FALSE
201939,"Stephen Curry","1610612744","Golden State Warriors",2022,"0022100194","20211114",2,5.85,TRUE
201939,"Stephen Curry","1610612744","Golden State Warriors",2022,"0022100194","20211114",-16.2,24.65,FALSE
201939,"Stephen Curry","1610612744","Golden State Warriors",2022,"0022100194","20211114",-16.9,30.85,FALSE
201939,"Stephen Curry","1610612744","Golden State Warriors",2022,"0022100194","20211114",16.8,24.05,TRUE
201939,"Stephen Curry","1610612744","Golden State Warriors",2022,"0022100194","20211114",0.6,34.75,FALSE
201939,"Stephen Curry","1610612744","Golden State Warriors",2022,"0022100194","20211114",-13.7,26.85,FALSE
201939,"Stephen Curry","1610612744","Golden State Warriors",2022,"0022100194","20211114",11,20.65,TRUE
201939,"Stephen Curry","1610612744","Golden State Warriors",2022,"0022100194","20211114",19,23.05,TRUE
201939,"Stephen Curry","1610612744","Golden State Warriors",2022,"0022100194","20211114",1.2,21.65,FALSE
201939,"Stephen Curry","1610612744","Golden State Warriors",2022,"0022100194","20211114",18.4,37.25,TRUE
201939,"Stephen Curry","1610612744","Golden State Warriors",2022,"0022100194","20211114",13.1,33.15,FALSE
201939,"Stephen Curry","1610612744","Golden State Warriors",2022,"0022100194","20211114",-2.6,20.55,FALSE
201939,"Stephen Curry","1610612744","Golden State Warriors",2022,"0022100194","20211114",19.5,27.55,FALSE
201939,"Stephen Curry","1610612744","Golden State Warriors",2022,"0022100194","20211114",-0.6,6.45,TRUE
201939,"Stephen Curry","1610612744","Golden State Warriors",2022,"0022100194","20211114",2.2,6.85,FALSE
201939,"Stephen Curry","1610612744","Golden State Warriors",2022,"0022100194","20211114",19.7,32.95,FALSE
201939,"Stephen Curry","1610612744","Golden State Warriors",2022,"0022100194","20211114",-11.4,8.15,FALSE
201939,"Stephen Curry","1610612744","Golden State Warriors",2022,"0022100194","20211114",16.3,28.35,FALSE
201939,"Stephen Curry","1610612744","Golden State Warriors",2022,"0022100210","20211116",17.8,24.55,TRUE
201939,"Stephen Curry","1610612744","Golden State Warriors",2022,"0022100210","20211116",-14.6,25.65,TRUE
201939,"Stephen Curry","1610612744","Golden State Warriors",2022,"0022100210","20211116",1.1,35.45,TRUE
201939,"Stephen Curry","1610612744","Golden State Warriors",2022,"0022100210","20211116",-16.4,36.15,TRUE
201939,"Stephen Curry","1610612744","Golden State Warriors",2022,"0022100210","20211116",-10.2,29.85,FALSE
201939,"Stephen Curry","1610612744","Golden State Warriors",2022,"0022100210","20211116",-4.5,7.65,FALSE
201939,"Stephen Curry","1610612744","Golden State Warriors",2022,"0022100210","20211116",-12,27.75,FALSE
201939,"Stephen Curry","1610612744","Golden State Warriors",2022,"0022100210","20211116",1.6,36.55,TRUE
201939,"Stephen Curry","1610612744","Golden State Warriors",2022,"0022100210","20211116",19.7,19.25,FALSE
201939,"Stephen Curry","1610612744","Golden State Warriors",2022,"0022100210","20211116",-2.3,7.35,TRUE
201939,"Stephen Curry","1610612744","Golden State Warriors",2022,"0022100210","20211116",1.8,6.55,TRUE
201939,"Stephen Curry","1610612744","Golden State Warriors",2022,"0022100210","20211116",1,11.25,TRUE
201939,"Stephen Curry","1610612744","Golden State Warriors",2022,"0022100210","20211116",2.5,32.15,TRUE
201939,"Stephen Curry","1610612744","Golden State Warriors",2022,"0022100210","20211116",22.1,17.25,FALSE
201939,"Stephen Curry","1610612744","Golden State Warriors",2022,"0022100210","20211116",-9.3,33.45,TRUE
201939,"Stephen Curry","1610612744","Golden State Warriors",2022,"0022100210","20211116",-11.6,33.65,TRUE
201939,"Stephen Curry","1610612744","Golden State Warriors",2022,"0022100210","20211116",-0.2,9.15,FALSE
201939,"Stephen Curry","1610612744","Golden State Warriors",2022,"0022100210","20211116",-0.2,33.75,FALSE
201939,"Stephen Curry","1610612744","Golden State Warriors",2022,"0022100210","20211116",18.8,24.75,TRUE
201939,"Stephen Curry","1610612744","Golden State Warriors",2022,"0022100224","20211118",17.6,31.05,FALSE
201939,"Stephen Curry","1610612744","Golden State Warriors",2022,"0022100224","20211118",-22.4,17.75,TRUE
201939,"Stephen Curry","1610612744","Golden State Warriors",2022,"0022100224","20211118",0.2,10.55,TRUE
201939,"Stephen Curry","1610612744","Golden State Warriors",2022,"0022100224","20211118",-0.2,7.45,FALSE
201939,"Stephen Curry","1610612744","Golden State Warriors",2022,"0022100224","20211118",14.3,25.35,TRUE
201939,"Stephen Curry","1610612744","Golden State Warriors",2022,"0022100224","20211118",-0.6,10.55,FALSE
201939,"Stephen Curry","1610612744","Golden State Warriors",2022,"0022100224","20211118",19.9,25.85,TRUE
201939,"Stephen Curry","1610612744","Golden State Warriors",2022,"0022100224","20211118",17.4,24.05,FALSE
201939,"Stephen Curry","1610612744","Golden State Warriors",2022,"0022100224","20211118",-19.2,22.45,FALSE
201939,"Stephen Curry","1610612744","Golden State Warriors",2022,"0022100224","20211118",18.9,21.05,TRUE
201939,"Stephen Curry","1610612744","Golden State Warriors",2022,"0022100224","20211118",-0.1,7.85,FALSE
201939,"Stephen Curry","1610612744","Golden State Warriors",2022,"0022100224","20211118",-0.1,6.25,TRUE
201939,"Stephen Curry","1610612744","Golden State Warriors",2022,"0022100224","20211118",-1,7.85,FALSE
201939,"Stephen Curry","1610612744","Golden State Warriors",2022,"0022100224","20211118",21.1,24.95,TRUE
201939,"Stephen Curry","1610612744","Golden State Warriors",2022,"0022100224","20211118",7.5,37.85,FALSE
201939,"Stephen Curry","1610612744","Golden State Warriors",2022,"0022100224","20211118",-15.1,28.45,TRUE
201939,"Stephen Curry","1610612744","Golden State Warriors",2022,"0022100224","20211118",-23,12.55,TRUE
201939,"Stephen Curry","1610612744","Golden State Warriors",2022,"0022100224","20211118",22.4,19.15,TRUE
201939,"Stephen Curry","1610612744","Golden State Warriors",2022,"0022100224","20211118",17.9,25.35,FALSE
201939,"Stephen Curry","1610612744","Golden State Warriors",2022,"0022100224","20211118",0.2,5.25,TRUE
201939,"Stephen Curry","1610612744","Golden State Warriors",2022,"0022100224","20211118",0.1,6.55,TRUE
201939,"Stephen Curry","1610612744","Golden State Warriors",2022,"0022100224","20211118",8.3,30.85,FALSE
201939,"Stephen Curry","1610612744","Golden State Warriors",2022,"0022100224","20211118",-1,6.95,FALSE
201939,"Stephen Curry","1610612744","Golden State Warriors",2022,"0022100224","20211118",0.4,5.85,TRUE
201939,"Stephen Curry","1610612744","Golden State Warriors",2022,"0022100224","20211118",21.2,22.15,TRUE
201939,"Stephen Curry","1610612744","Golden State Warriors",2022,"0022100224","20211118",-23.2,6.75,FALSE
201939,"Stephen Curry","1610612744","Golden State Warriors",2022,"0022100224","20211118",0.1,5.35,TRUE
201939,"Stephen Curry","1610612744","Golden State Warriors",2022,"0022100252","20211121",22.7,15.75,FALSE
201939,"Stephen Curry","1610612744","Golden State Warriors",2022,"0022100252","20211121",-11.8,33.15,FALSE
201939,"Stephen Curry","1610612744","Golden State Warriors",2022,"0022100252","20211121",22.9,14.45,TRUE
201939,"Stephen Curry","1610612744","Golden State Warriors",2022,"0022100252","20211121",1.3,7.55,FALSE
201939,"Stephen Curry","1610612744","Golden State Warriors",2022,"0022100252","20211121",2.2,9.15,FALSE
201939,"Stephen Curry","1610612744","Golden State Warriors",2022,"0022100252","20211121",13.5,30.45,FALSE
201939,"Stephen Curry","1610612744","Golden State Warriors",2022,"0022100252","20211121",3.4,10.05,FALSE
201939,"Stephen Curry","1610612744","Golden State Warriors",2022,"0022100252","20211121",-1.8,7.65,TRUE
201939,"Stephen Curry","1610612744","Golden State Warriors",2022,"0022100252","20211121",18.5,26.55,FALSE
201939,"Stephen Curry","1610612744","Golden State Warriors",2022,"0022100252","20211121",17.6,24.45,FALSE
201939,"Stephen Curry","1610612744","Golden State Warriors",2022,"0022100278","20211124",4.5,8.05,TRUE
201939,"Stephen Curry","1610612744","Golden State Warriors",2022,"0022100278","20211124",11.5,31.65,TRUE
201939,"Stephen Curry","1610612744","Golden State Warriors",2022,"0022100278","20211124",22.8,11.45,FALSE
201939,"Stephen Curry","1610612744","Golden State Warriors",2022,"0022100278","20211124",-16.9,30.95,FALSE
201939,"Stephen Curry","1610612744","Golden State Warriors",2022,"0022100278","20211124",8.3,14.25,FALSE
201939,"Stephen Curry","1610612744","Golden State Warriors",2022,"0022100278","20211124",18.8,25.75,TRUE
201939,"Stephen Curry","1610612744","Golden State Warriors",2022,"0022100278","20211124",-19.5,25.85,TRUE
201939,"Stephen Curry","1610612744","Golden State Warriors",2022,"0022100278","20211124",2.6,7.55,TRUE
201939,"Stephen Curry","1610612744","Golden State Warriors",2022,"0022100278","20211124",-4.9,34.75,FALSE
201939,"Stephen Curry","1610612744","Golden State Warriors",2022,"0022100278","20211124",19.7,22.45,FALSE
201939,"Stephen Curry","1610612744","Golden State Warriors",2022,"0022100278","20211124",3.8,31.55,TRUE
201939,"Stephen Curry","1610612744","Golden State Warriors",2022,"0022100278","20211124",21.2,22.05,TRUE
201939,"Stephen Curry","1610612744","Golden State Warriors",2022,"0022100278","20211124",-13.2,17.75,TRUE
201939,"Stephen Curry","1610612744","Golden State Warriors",2022,"0022100278","20211124",-11.9,32.15,FALSE
201939,"Stephen Curry","1610612744","Golden State Warriors",2022,"0022100278","20211124",-19.9,11.15,FALSE
201939,"Stephen Curry","1610612744","Golden State Warriors",2022,"0022100278","20211124",18,25.85,TRUE
201939,"Stephen Curry","1610612744","Golden State Warriors",2022,"0022100290","20211126",-13.7,29.35,TRUE
201939,"Stephen Curry","1610612744","Golden State Warriors",2022,"0022100290","20211126",-3.6,7.55,FALSE
201939,"Stephen Curry","1610612744","Golden State Warriors",2022,"0022100290","20211126",2.8,9.05,TRUE
201939,"Stephen Curry","1610612744","Golden State Warriors",2022,"0022100290","20211126",3.2,35.45,FALSE
201939,"Stephen Curry","1610612744","Golden State Warriors",2022,"0022100290","20211126",1.3,5.65,TRUE
201939,"Stephen Curry","1610612744","Golden State Warriors",2022,"0022100290","20211126",-8.6,32.75,FALSE
201939,"Stephen Curry","1610612744","Golden State Warriors",2022,"0022100290","20211126",3.4,5.95,TRUE
201939,"Stephen Curry","1610612744","Golden State Warriors",2022,"0022100290","20211126",18.3,25.25,FALSE
201939,"Stephen Curry","1610612744","Golden State Warriors",2022,"0022100290","20211126",-3.3,6.35,TRUE
201939,"Stephen Curry","1610612744","Golden State Warriors",2022,"0022100290","20211126",19.1,25.35,TRUE
201939,"Stephen Curry","1610612744","Golden State Warriors",2022,"0022100290","20211126",17.6,29.55,FALSE
201939,"Stephen Curry","1610612744","Golden State Warriors",2022,"0022100290","20211126",9.3,33.25,TRUE
201939,"Stephen Curry","1610612744","Golden State Warriors",2022,"0022100290","20211126",-14.8,28.25,TRUE
201939,"Stephen Curry","1610612744","Golden State Warriors",2022,"0022100290","20211126",20.5,24.25,FALSE
201939,"Stephen Curry","1610612744","Golden State Warriors",2022,"0022100290","20211126",20.5,21.65,FALSE
201939,"Stephen Curry","1610612744","Golden State Warriors",2022,"0022100290","20211126",-3.7,9.55,FALSE
201939,"Stephen Curry","1610612744","Golden State Warriors",2022,"0022100290","20211126",-15.2,5.75,FALSE
201939,"Stephen Curry","1610612744","Golden State Warriors",2022,"0022100290","20211126",-3.1,6.65,FALSE
201939,"Stephen Curry","1610612744","Golden State Warriors",2022,"0022100290","20211126",19.7,22.95,FALSE
201939,"Stephen Curry","1610612744","Golden State Warriors",2022,"0022100290","20211126",-23.5,8.65,FALSE
201939,"Stephen Curry","1610612744","Golden State Warriors",2022,"0022100290","20211126",19,20.95,TRUE
201939,"Stephen Curry","1610612744","Golden State Warriors",2022,"0022100290","20211126",19.9,22.85,TRUE
201939,"Stephen Curry","1610612744","Golden State Warriors",2022,"0022100290","20211126",5.8,35.75,FALSE
201939,"Stephen Curry","1610612744","Golden State Warriors",2022,"0022100290","20211126",2.1,7.35,TRUE
201939,"Stephen Curry","1610612744","Golden State Warriors",2022,"0022100290","20211126",2.5,6.25,TRUE
201939,"Stephen Curry","1610612744","Golden State Warriors",2022,"0022100300","20211128",-22.5,4.25,TRUE
201939,"Stephen Curry","1610612744","Golden State Warriors",2022,"0022100300","20211128",23.3,4.15,FALSE
201939,"Stephen Curry","1610612744","Golden State Warriors",2022,"0022100300","20211128",-15.1,25.15,TRUE
201939,"Stephen Curry","1610612744","Golden State Warriors",2022,"0022100300","20211128",15.8,54.65,FALSE
201939,"Stephen Curry","1610612744","Golden State Warriors",2022,"0022100300","20211128",1.6,5.75,FALSE
201939,"Stephen Curry","1610612744","Golden State Warriors",2022,"0022100300","20211128",6.1,32.55,FALSE
201939,"Stephen Curry","1610612744","Golden State Warriors",2022,"0022100300","20211128",17.9,30.55,FALSE
201939,"Stephen Curry","1610612744","Golden State Warriors",2022,"0022100300","20211128",5.4,14.05,TRUE
201939,"Stephen Curry","1610612744","Golden State Warriors",2022,"0022100300","20211128",2.3,6.35,FALSE
201939,"Stephen Curry","1610612744","Golden State Warriors",2022,"0022100300","20211128",13.7,27.35,TRUE
201939,"Stephen Curry","1610612744","Golden State Warriors",2022,"0022100300","20211128",-14.3,12.25,FALSE
201939,"Stephen Curry","1610612744","Golden State Warriors",2022,"0022100300","20211128",-6.1,15.35,TRUE
201939,"Stephen Curry","1610612744","Golden State Warriors",2022,"0022100300","20211128",-12,34.45,TRUE
201939,"Stephen Curry","1610612744","Golden State Warriors",2022,"0022100300","20211128",2,6.25,TRUE
201939,"Stephen Curry","1610612744","Golden State Warriors",2022,"0022100300","20211128",4.8,31.95,FALSE
201939,"Stephen Curry","1610612744","Golden State Warriors",2022,"0022100300","20211128",7.2,8.15,FALSE
201939,"Stephen Curry","1610612744","Golden State Warriors",2022,"0022100300","20211128",0.1,6.95,TRUE
201939,"Stephen Curry","1610612744","Golden State Warriors",2022,"0022100300","20211128",-8.1,36.75,TRUE
201939,"Stephen Curry","1610612744","Golden State Warriors",2022,"0022100300","20211128",-15.7,27.25,TRUE
201939,"Stephen Curry","1610612744","Golden State Warriors",2022,"0022100300","20211128",23.3,12.35,TRUE
201939,"Stephen Curry","1610612744","Golden State Warriors",2022,"0022100300","20211128",-15.2,33.45,FALSE
201939,"Stephen Curry","1610612744","Golden State Warriors",2022,"0022100300","20211128",-7,12.95,TRUE
201939,"Stephen Curry","1610612744","Golden State Warriors",2022,"0022100316","20211130",-12,28.25,FALSE
201939,"Stephen Curry","1610612744","Golden State Warriors",2022,"0022100316","20211130",-13.6,34.75,FALSE
201939,"Stephen Curry","1610612744","Golden State Warriors",2022,"0022100316","20211130",16.7,25.65,TRUE
201939,"Stephen Curry","1610612744","Golden State Warriors",2022,"0022100316","20211130",-21.2,30.45,FALSE
201939,"Stephen Curry","1610612744","Golden State Warriors",2022,"0022100316","20211130",10.8,16.85,TRUE
201939,"Stephen Curry","1610612744","Golden State Warriors",2022,"0022100316","20211130",5.1,18.45,FALSE
201939,"Stephen Curry","1610612744","Golden State Warriors",2022,"0022100316","20211130",-5,8.35,FALSE
201939,"Stephen Curry","1610612744","Golden State Warriors",2022,"0022100316","20211130",-8,31.35,TRUE
201939,"Stephen Curry","1610612744","Golden State Warriors",2022,"0022100316","20211130",-16.5,26.75,FALSE
201939,"Stephen Curry","1610612744","Golden State Warriors",2022,"0022100316","20211130",2,9.35,FALSE
201939,"Stephen Curry","1610612744","Golden State Warriors",2022,"0022100316","20211130",-0.1,7.45,FALSE
201939,"Stephen Curry","1610612744","Golden State Warriors",2022,"0022100316","20211130",-11.8,30.95,FALSE
201939,"Stephen Curry","1610612744","Golden State Warriors",2022,"0022100316","20211130",12,31.55,FALSE
201939,"Stephen Curry","1610612744","Golden State Warriors",2022,"0022100316","20211130",-0.4,10.45,FALSE
201939,"Stephen Curry","1610612744","Golden State Warriors",2022,"0022100316","20211130",-16.2,25.15,FALSE
201939,"Stephen Curry","1610612744","Golden State Warriors",2022,"0022100316","20211130",-21.2,18.25,FALSE
201939,"Stephen Curry","1610612744","Golden State Warriors",2022,"0022100316","20211130",6.5,7.85,FALSE
201939,"Stephen Curry","1610612744","Golden State Warriors",2022,"0022100316","20211130",6.2,30.95,TRUE
201939,"Stephen Curry","1610612744","Golden State Warriors",2022,"0022100316","20211130",3.3,33.85,FALSE
201939,"Stephen Curry","1610612744","Golden State Warriors",2022,"0022100316","20211130",5.8,32.95,FALSE
201939,"Stephen Curry","1610612744","Golden State Warriors",2022,"0022100316","20211130",15.3,26.85,FALSE
201939,"Stephen Curry","1610612744","Golden State Warriors",2022,"0022100340","20211203",-4.9,31.35,TRUE
201939,"Stephen Curry","1610612744","Golden State Warriors",2022,"0022100340","20211203",7.4,24.15,FALSE
201939,"Stephen Curry","1610612744","Golden State Warriors",2022,"0022100340","20211203",19.9,23.95,TRUE
201939,"Stephen Curry","1610612744","Golden State Warriors",2022,"0022100340","20211203",-2.9,11.45,FALSE
201939,"Stephen Curry","1610612744","Golden State Warriors",2022,"0022100340","20211203",-6.4,11.45,TRUE
201939,"Stephen Curry","1610612744","Golden State Warriors",2022,"0022100340","20211203",13.8,28.65,FALSE
201939,"Stephen Curry","1610612744","Golden State Warriors",2022,"0022100340","20211203",17.3,27.15,FALSE
201939,"Stephen Curry","1610612744","Golden State Warriors",2022,"0022100340","20211203",22.8,6.95,TRUE
201939,"Stephen Curry","1610612744","Golden State Warriors",2022,"0022100340","20211203",20.7,21.15,TRUE
201939,"Stephen Curry","1610612744","Golden State Warriors",2022,"0022100340","20211203",4,7.45,FALSE
201939,"Stephen Curry","1610612744","Golden State Warriors",2022,"0022100340","20211203",-6.6,7.95,FALSE
201939,"Stephen Curry","1610612744","Golden State Warriors",2022,"0022100340","20211203",0,5.25,FALSE
201939,"Stephen Curry","1610612744","Golden State Warriors",2022,"0022100340","20211203",-0.1,38.45,FALSE
201939,"Stephen Curry","1610612744","Golden State Warriors",2022,"0022100340","20211203",22.8,6.85,TRUE
201939,"Stephen Curry","1610612744","Golden State Warriors",2022,"0022100340","20211203",19.2,26.85,TRUE
201939,"Stephen Curry","1610612744","Golden State Warriors",2022,"0022100340","20211203",-11.8,27.95,FALSE
201939,"Stephen Curry","1610612744","Golden State Warriors",2022,"0022100340","20211203",0.4,17.85,TRUE
201939,"Stephen Curry","1610612744","Golden State Warriors",2022,"0022100340","20211203",1,5.65,FALSE
201939,"Stephen Curry","1610612744","Golden State Warriors",2022,"0022100340","20211203",-7.4,29.95,FALSE
201939,"Stephen Curry","1610612744","Golden State Warriors",2022,"0022100340","20211203",2.7,10.15,FALSE
201939,"Stephen Curry","1610612744","Golden State Warriors",2022,"0022100346","20211204",19.2,18.25,FALSE
201939,"Stephen Curry","1610612744","Golden State Warriors",2022,"0022100346","20211204",12.5,28.85,FALSE
201939,"Stephen Curry","1610612744","Golden State Warriors",2022,"0022100346","20211204",3.1,5.45,FALSE
201939,"Stephen Curry","1610612744","Golden State Warriors",2022,"0022100346","20211204",20.6,18.95,FALSE
201939,"Stephen Curry","1610612744","Golden State Warriors",2022,"0022100346","20211204",-0.6,7.35,FALSE
201939,"Stephen Curry","1610612744","Golden State Warriors",2022,"0022100346","20211204",12,9.95,FALSE
201939,"Stephen Curry","1610612744","Golden State Warriors",2022,"0022100346","20211204",-14,26.85,FALSE
201939,"Stephen Curry","1610612744","Golden State Warriors",2022,"0022100346","20211204",-1.7,5.85,FALSE
201939,"Stephen Curry","1610612744","Golden State Warriors",2022,"0022100346","20211204",9.7,31.75,FALSE
201939,"Stephen Curry","1610612744","Golden State Warriors",2022,"0022100346","20211204",-6.1,31.55,TRUE
201939,"Stephen Curry","1610612744","Golden State Warriors",2022,"0022100346","20211204",-1.8,7.55,FALSE
201939,"Stephen Curry","1610612744","Golden State Warriors",2022,"0022100346","20211204",-1.1,5.55,FALSE
201939,"Stephen Curry","1610612744","Golden State Warriors",2022,"0022100346","20211204",-11.4,28.45,FALSE
201939,"Stephen Curry","1610612744","Golden State Warriors",2022,"0022100346","20211204",18.8,21.05,FALSE
201939,"Stephen Curry","1610612744","Golden State Warriors",2022,"0022100346","20211204",12.3,29.15,FALSE
201939,"Stephen Curry","1610612744","Golden State Warriors",2022,"0022100346","20211204",1.8,6.85,TRUE
201939,"Stephen Curry","1610612744","Golden State Warriors",2022,"0022100346","20211204",-16.5,24.45,TRUE
201939,"Stephen Curry","1610612744","Golden State Warriors",2022,"0022100346","20211204",22.2,16.95,TRUE
201939,"Stephen Curry","1610612744","Golden State Warriors",2022,"0022100346","20211204",-11.2,41.25,TRUE
201939,"Stephen Curry","1610612744","Golden State Warriors",2022,"0022100346","20211204",-7.5,33.75,FALSE
201939,"Stephen Curry","1610612744","Golden State Warriors",2022,"0022100346","20211204",3.6,28.95,FALSE
201939,"Stephen Curry","1610612744","Golden State Warriors",2022,"0022100346","20211204",4,19.95,FALSE
201939,"Stephen Curry","1610612744","Golden State Warriors",2022,"0022100346","20211204",-21.2,17.35,FALSE
201939,"Stephen Curry","1610612744","Golden State Warriors",2022,"0022100346","20211204",-4.9,29.25,FALSE
201939,"Stephen Curry","1610612744","Golden State Warriors",2022,"0022100346","20211204",20.3,18.15,TRUE
201939,"Stephen Curry","1610612744","Golden State Warriors",2022,"0022100346","20211204",-2,6.05,TRUE
201939,"Stephen Curry","1610612744","Golden State Warriors",2022,"0022100346","20211204",23,12.45,FALSE
201939,"Stephen Curry","1610612744","Golden State Warriors",2022,"0022100346","20211204",8.9,27.15,FALSE
201939,"Stephen Curry","1610612744","Golden State Warriors",2022,"0022100361","20211206",11.9,12.15,FALSE
201939,"Stephen Curry","1610612744","Golden State Warriors",2022,"0022100361","20211206",-3.3,36.55,TRUE
201939,"Stephen Curry","1610612744","Golden State Warriors",2022,"0022100361","20211206",-0.6,33.35,TRUE
201939,"Stephen Curry","1610612744","Golden State Warriors",2022,"0022100361","20211206",0.6,41.85,TRUE
201939,"Stephen Curry","1610612744","Golden State Warriors",2022,"0022100361","20211206",-3.9,7.25,FALSE
201939,"Stephen Curry","1610612744","Golden State Warriors",2022,"0022100361","20211206",2.5,7.15,TRUE
201939,"Stephen Curry","1610612744","Golden State Warriors",2022,"0022100361","20211206",-0.5,32.15,TRUE
201939,"Stephen Curry","1610612744","Golden State Warriors",2022,"0022100361","20211206",-0.1,58.65,FALSE
201939,"Stephen Curry","1610612744","Golden State Warriors",2022,"0022100361","20211206",23.4,4.65,FALSE
201939,"Stephen Curry","1610612744","Golden State Warriors",2022,"0022100361","20211206",18.5,25.75,FALSE
201939,"Stephen Curry","1610612744","Golden State Warriors",2022,"0022100361","20211206",16.4,26.85,TRUE
201939,"Stephen Curry","1610612744","Golden State Warriors",2022,"0022100361","20211206",18.1,31.25,FALSE
201939,"Stephen Curry","1610612744","Golden State Warriors",2022,"0022100361","20211206",23.2,4.95,TRUE
201939,"Stephen Curry","1610612744","Golden State Warriors",2022,"0022100361","20211206",-3.4,33.75,TRUE
201939,"Stephen Curry","1610612744","Golden State Warriors",2022,"0022100361","20211206",18,28.35,FALSE
201939,"Stephen Curry","1610612744","Golden State Warriors",2022,"0022100361","20211206",21.3,19.85,FALSE
201939,"Stephen Curry","1610612744","Golden State Warriors",2022,"0022100376","20211208",-21.8,19.45,FALSE
201939,"Stephen Curry","1610612744","Golden State Warriors",2022,"0022100376","20211208",22.9,5.65,FALSE
201939,"Stephen Curry","1610612744","Golden State Warriors",2022,"0022100376","20211208",-17.8,24.75,FALSE
201939,"Stephen Curry","1610612744","Golden State Warriors",2022,"0022100376","20211208",-18.9,22.45,FALSE
201939,"Stephen Curry","1610612744","Golden State Warriors",2022,"0022100376","20211208",-22.3,18.25,TRUE
201939,"Stephen Curry","1610612744","Golden State Warriors",2022,"0022100376","20211208",20.3,21.55,TRUE
201939,"Stephen Curry","1610612744","Golden State Warriors",2022,"0022100376","20211208",4.4,11.65,TRUE
201939,"Stephen Curry","1610612744","Golden State Warriors",2022,"0022100376","20211208",22.3,23.85,FALSE
201939,"Stephen Curry","1610612744","Golden State Warriors",2022,"0022100376","20211208",-15.9,31.25,FALSE
201939,"Stephen Curry","1610612744","Golden State Warriors",2022,"0022100376","20211208",19.2,26.35,FALSE
201939,"Stephen Curry","1610612744","Golden State Warriors",2022,"0022100376","20211208",15.6,26.15,TRUE
201939,"Stephen Curry","1610612744","Golden State Warriors",2022,"0022100376","20211208",-23.4,9.65,TRUE
201939,"Stephen Curry","1610612744","Golden State Warriors",2022,"0022100376","20211208",-21,18.35,FALSE
201939,"Stephen Curry","1610612744","Golden State Warriors",2022,"0022100376","20211208",-17.3,28.75,FALSE
201939,"Stephen Curry","1610612744","Golden State Warriors",2022,"0022100376","20211208",-12.4,30.25,TRUE
201939,"Stephen Curry","1610612744","Golden State Warriors",2022,"0022100376","20211208",-22.2,22.85,TRUE
201939,"Stephen Curry","1610612744","Golden State Warriors",2022,"0022100376","20211208",-0.9,34.25,FALSE
201939,"Stephen Curry","1610612744","Golden State Warriors",2022,"0022100376","20211208",-5.9,7.15,TRUE
201939,"Stephen Curry","1610612744","Golden State Warriors",2022,"0022100376","20211208",22.4,5.25,FALSE
201939,"Stephen Curry","1610612744","Golden State Warriors",2022,"0022100396","20211211",0.7,6.35,FALSE
201939,"Stephen Curry","1610612744","Golden State Warriors",2022,"0022100396","20211211",-6.5,8.55,FALSE
201939,"Stephen Curry","1610612744","Golden State Warriors",2022,"0022100396","20211211",2.1,24.95,FALSE
201939,"Stephen Curry","1610612744","Golden State Warriors",2022,"0022100396","20211211",-22.9,7.85,FALSE
201939,"Stephen Curry","1610612744","Golden State Warriors",2022,"0022100396","20211211",3.8,6.45,TRUE
201939,"Stephen Curry","1610612744","Golden State Warriors",2022,"0022100396","20211211",4.4,31.65,FALSE
201939,"Stephen Curry","1610612744","Golden State Warriors",2022,"0022100396","20211211",-11.5,15.75,TRUE
201939,"Stephen Curry","1610612744","Golden State Warriors",2022,"0022100396","20211211",18.1,22.05,FALSE
201939,"Stephen Curry","1610612744","Golden State Warriors",2022,"0022100396","20211211",-13.7,27.25,TRUE
201939,"Stephen Curry","1610612744","Golden State Warriors",2022,"0022100396","20211211",1.8,7.35,TRUE
201939,"Stephen Curry","1610612744","Golden State Warriors",2022,"0022100396","20211211",12.5,30.85,FALSE
201939,"Stephen Curry","1610612744","Golden State Warriors",2022,"0022100396","20211211",4.2,30.45,TRUE
201939,"Stephen Curry","1610612744","Golden State Warriors",2022,"0022100396","20211211",9.3,29.45,FALSE
201939,"Stephen Curry","1610612744","Golden State Warriors",2022,"0022100396","20211211",3.4,29.95,FALSE
201939,"Stephen Curry","1610612744","Golden State Warriors",2022,"0022100396","20211211",16.4,24.25,FALSE
201939,"Stephen Curry","1610612744","Golden State Warriors",2022,"0022100396","20211211",-21.6,18.15,FALSE
201939,"Stephen Curry","1610612744","Golden State Warriors",2022,"0022100396","20211211",-22.4,7.15,FALSE
201939,"Stephen Curry","1610612744","Golden State Warriors",2022,"0022100396","20211211",6.6,31.45,TRUE
201939,"Stephen Curry","1610612744","Golden State Warriors",2022,"0022100396","20211211",-15.8,24.25,FALSE
201939,"Stephen Curry","1610612744","Golden State Warriors",2022,"0022100396","20211211",-22.4,4.55,FALSE
201939,"Stephen Curry","1610612744","Golden State Warriors",2022,"0022100405","20211213",20.5,19.95,FALSE
201939,"Stephen Curry","1610612744","Golden State Warriors",2022,"0022100405","20211213",2.2,6.15,TRUE
201939,"Stephen Curry","1610612744","Golden State Warriors",2022,"0022100405","20211213",22.8,13.95,FALSE
201939,"Stephen Curry","1610612744","Golden State Warriors",2022,"0022100405","20211213",5.6,30.85,FALSE
201939,"Stephen Curry","1610612744","Golden State Warriors",2022,"0022100405","20211213",-1.3,31.65,TRUE
201939,"Stephen Curry","1610612744","Golden State Warriors",2022,"0022100405","20211213",6.4,31.05,FALSE
201939,"Stephen Curry","1610612744","Golden State Warriors",2022,"0022100405","20211213",-3.1,6.35,TRUE
201939,"Stephen Curry","1610612744","Golden State Warriors",2022,"0022100405","20211213",-3.9,34.45,FALSE
201939,"Stephen Curry","1610612744","Golden State Warriors",2022,"0022100405","20211213",-23.2,13.05,TRUE
201939,"Stephen Curry","1610612744","Golden State Warriors",2022,"0022100405","20211213",2,4.65,FALSE
201939,"Stephen Curry","1610612744","Golden State Warriors",2022,"0022100405","20211213",17.8,24.35,TRUE
201939,"Stephen Curry","1610612744","Golden State Warriors",2022,"0022100405","20211213",-23,13.15,FALSE
201939,"Stephen Curry","1610612744","Golden State Warriors",2022,"0022100405","20211213",0.1,36.15,TRUE
201939,"Stephen Curry","1610612744","Golden State Warriors",2022,"0022100405","20211213",-20.5,22.25,FALSE
201939,"Stephen Curry","1610612744","Golden State Warriors",2022,"0022100405","20211213",-22.9,6.55,FALSE
201939,"Stephen Curry","1610612744","Golden State Warriors",2022,"0022100405","20211213",-8,19.95,FALSE
201939,"Stephen Curry","1610612744","Golden State Warriors",2022,"0022100405","20211213",20.6,21.15,FALSE
201939,"Stephen Curry","1610612744","Golden State Warriors",2022,"0022100405","20211213",-17.9,23.55,TRUE
201939,"Stephen Curry","1610612744","Golden State Warriors",2022,"0022100405","20211213",-2.7,7.45,TRUE
201939,"Stephen Curry","1610612744","Golden State Warriors",2022,"0022100405","20211213",-21.6,18.55,FALSE
201939,"Stephen Curry","1610612744","Golden State Warriors",2022,"0022100414","20211214",-3.3,34.25,TRUE
201939,"Stephen Curry","1610612744","Golden State Warriors",2022,"0022100414","20211214",16.8,27.45,FALSE
201939,"Stephen Curry","1610612744","Golden State Warriors",2022,"0022100414","20211214",-11.6,30.25,TRUE
201939,"Stephen Curry","1610612744","Golden State Warriors",2022,"0022100414","20211214",-16.5,30.35,FALSE
201939,"Stephen Curry","1610612744","Golden State Warriors",2022,"0022100414","20211214",1.3,6.85,FALSE
201939,"Stephen Curry","1610612744","Golden State Warriors",2022,"0022100414","20211214",0.2,6.25,TRUE
201939,"Stephen Curry","1610612744","Golden State Warriors",2022,"0022100414","20211214",-22.1,17.35,TRUE
201939,"Stephen Curry","1610612744","Golden State Warriors",2022,"0022100414","20211214",-15,27.25,FALSE
201939,"Stephen Curry","1610612744","Golden State Warriors",2022,"0022100414","20211214",1,5.65,FALSE
201939,"Stephen Curry","1610612744","Golden State Warriors",2022,"0022100414","20211214",18.1,23.15,FALSE
201939,"Stephen Curry","1610612744","Golden State Warriors",2022,"0022100414","20211214",5,31.55,FALSE
201939,"Stephen Curry","1610612744","Golden State Warriors",2022,"0022100414","20211214",15.4,26.15,FALSE
201939,"Stephen Curry","1610612744","Golden State Warriors",2022,"0022100414","20211214",-4.9,9.65,TRUE
201939,"Stephen Curry","1610612744","Golden State Warriors",2022,"0022100414","20211214",14.2,26.75,TRUE
201939,"Stephen Curry","1610612744","Golden State Warriors",2022,"0022100414","20211214",1.3,5.25,TRUE
201939,"Stephen Curry","1610612744","Golden State Warriors",2022,"0022100414","20211214",21.8,17.95,FALSE
201939,"Stephen Curry","1610612744","Golden State Warriors",2022,"0022100414","20211214",-10,28.25,TRUE
201939,"Stephen Curry","1610612744","Golden State Warriors",2022,"0022100414","20211214",-6,33.05,FALSE
201939,"Stephen Curry","1610612744","Golden State Warriors",2022,"0022100414","20211214",20.3,28.85,FALSE
201939,"Stephen Curry","1610612744","Golden State Warriors",2022,"0022100435","20211217",16.5,24.25,TRUE
201939,"Stephen Curry","1610612744","Golden State Warriors",2022,"0022100435","20211217",16.9,24.45,TRUE
201939,"Stephen Curry","1610612744","Golden State Warriors",2022,"0022100435","20211217",-21.2,18.75,FALSE
201939,"Stephen Curry","1610612744","Golden State Warriors",2022,"0022100435","20211217",12.3,9.05,TRUE
201939,"Stephen Curry","1610612744","Golden State Warriors",2022,"0022100435","20211217",-0.7,7.35,TRUE
201939,"Stephen Curry","1610612744","Golden State Warriors",2022,"0022100435","20211217",13.7,33.65,FALSE
201939,"Stephen Curry","1610612744","Golden State Warriors",2022,"0022100435","20211217",15.8,24.95,TRUE
201939,"Stephen Curry","1610612744","Golden State Warriors",2022,"0022100435","20211217",13.8,28.15,FALSE
201939,"Stephen Curry","1610612744","Golden State Warriors",2022,"0022100435","20211217",3.3,9.55,FALSE
201939,"Stephen Curry","1610612744","Golden State Warriors",2022,"0022100435","20211217",-11.2,29.85,TRUE
201939,"Stephen Curry","1610612744","Golden State Warriors",2022,"0022100435","20211217",4,11.05,FALSE
201939,"Stephen Curry","1610612744","Golden State Warriors",2022,"0022100435","20211217",19.1,22.15,FALSE
201939,"Stephen Curry","1610612744","Golden State Warriors",2022,"0022100435","20211217",-22.9,13.35,FALSE
201939,"Stephen Curry","1610612744","Golden State Warriors",2022,"0022100435","20211217",-2.5,9.85,FALSE
201939,"Stephen Curry","1610612744","Golden State Warriors",2022,"0022100435","20211217",8,33.35,FALSE
201939,"Stephen Curry","1610612744","Golden State Warriors",2022,"0022100435","20211217",-12.4,30.65,FALSE
201939,"Stephen Curry","1610612744","Golden State Warriors",2022,"0022100435","20211217",16.3,33.65,FALSE
201939,"Stephen Curry","1610612744","Golden State Warriors",2022,"0022100435","20211217",-13.2,28.25,TRUE
201939,"Stephen Curry","1610612744","Golden State Warriors",2022,"0022100435","20211217",-7.8,31.05,FALSE
201939,"Stephen Curry","1610612744","Golden State Warriors",2022,"0022100435","20211217",5.3,12.35,FALSE
201939,"Stephen Curry","1610612744","Golden State Warriors",2022,"0022100435","20211217",6.1,20.95,TRUE
201939,"Stephen Curry","1610612744","Golden State Warriors",2022,"0022100462","20211220",2.6,7.55,TRUE
201939,"Stephen Curry","1610612744","Golden State Warriors",2022,"0022100462","20211220",-20.3,20.15,FALSE
201939,"Stephen Curry","1610612744","Golden State Warriors",2022,"0022100462","20211220",-4.8,9.05,TRUE
201939,"Stephen Curry","1610612744","Golden State Warriors",2022,"0022100462","20211220",-14,27.85,TRUE
201939,"Stephen Curry","1610612744","Golden State Warriors",2022,"0022100462","20211220",-4,32.65,FALSE
201939,"Stephen Curry","1610612744","Golden State Warriors",2022,"0022100462","20211220",-4.9,33.65,FALSE
201939,"Stephen Curry","1610612744","Golden State Warriors",2022,"0022100462","20211220",-12.6,19.45,FALSE
201939,"Stephen Curry","1610612744","Golden State Warriors",2022,"0022100462","20211220",-0.9,7.85,FALSE
201939,"Stephen Curry","1610612744","Golden State Warriors",2022,"0022100462","20211220",-2.3,4.95,TRUE
201939,"Stephen Curry","1610612744","Golden State Warriors",2022,"0022100462","20211220",-9.6,37.45,FALSE
201939,"Stephen Curry","1610612744","Golden State Warriors",2022,"0022100462","20211220",5.8,58.35,FALSE
201939,"Stephen Curry","1610612744","Golden State Warriors",2022,"0022100462","20211220",2.2,5.65,TRUE
201939,"Stephen Curry","1610612744","Golden State Warriors",2022,"0022100462","20211220",17.2,6.45,FALSE
201939,"Stephen Curry","1610612744","Golden State Warriors",2022,"0022100462","20211220",-13.8,28.85,FALSE
201939,"Stephen Curry","1610612744","Golden State Warriors",2022,"0022100462","20211220",-12.4,29.65,FALSE
201939,"Stephen Curry","1610612744","Golden State Warriors",2022,"0022100462","20211220",4.8,7.95,TRUE
201939,"Stephen Curry","1610612744","Golden State Warriors",2022,"0022100462","20211220",4.7,20.45,FALSE
201939,"Stephen Curry","1610612744","Golden State Warriors",2022,"0022100462","20211220",4.4,22.95,TRUE
201939,"Stephen Curry","1610612744","Golden State Warriors",2022,"0022100462","20211220",-23.4,15.25,TRUE
201939,"Stephen Curry","1610612744","Golden State Warriors",2022,"0022100462","20211220",-1.3,31.55,TRUE
201939,"Stephen Curry","1610612744","Golden State Warriors",2022,"0022100462","20211220",2.1,6.25,FALSE
201939,"Stephen Curry","1610612744","Golden State Warriors",2022,"0022100462","20211220",-0.5,7.75,TRUE
201939,"Stephen Curry","1610612744","Golden State Warriors",2022,"0022100462","20211220",-4.2,8.95,TRUE
201939,"Stephen Curry","1610612744","Golden State Warriors",2022,"0022100462","20211220",-21.7,20.95,TRUE
201939,"Stephen Curry","1610612744","Golden State Warriors",2022,"0022100462","20211220",-2.6,6.95,TRUE
201939,"Stephen Curry","1610612744","Golden State Warriors",2022,"0022100462","20211220",-17.9,31.35,FALSE
201939,"Stephen Curry","1610612744","Golden State Warriors",2022,"0022100462","20211220",19.5,9.45,FALSE
201939,"Stephen Curry","1610612744","Golden State Warriors",2022,"0022100485","20211223",-3.1,31.95,TRUE
201939,"Stephen Curry","1610612744","Golden State Warriors",2022,"0022100485","20211223",8,8.95,TRUE
201939,"Stephen Curry","1610612744","Golden State Warriors",2022,"0022100485","20211223",11.9,32.45,FALSE
201939,"Stephen Curry","1610612744","Golden State Warriors",2022,"0022100485","20211223",2.8,7.25,TRUE
201939,"Stephen Curry","1610612744","Golden State Warriors",2022,"0022100485","20211223",-11.3,33.55,FALSE
201939,"Stephen Curry","1610612744","Golden State Warriors",2022,"0022100485","20211223",22.7,4.25,TRUE
201939,"Stephen Curry","1610612744","Golden State Warriors",2022,"0022100485","20211223",-11.5,18.45,FALSE
201939,"Stephen Curry","1610612744","Golden State Warriors",2022,"0022100485","20211223",-10.4,29.55,TRUE
201939,"Stephen Curry","1610612744","Golden State Warriors",2022,"0022100485","20211223",19.9,33.25,TRUE
201939,"Stephen Curry","1610612744","Golden State Warriors",2022,"0022100485","20211223",12.4,23.85,FALSE
201939,"Stephen Curry","1610612744","Golden State Warriors",2022,"0022100485","20211223",-2.7,6.55,TRUE
201939,"Stephen Curry","1610612744","Golden State Warriors",2022,"0022100485","20211223",22.4,4.95,TRUE
201939,"Stephen Curry","1610612744","Golden State Warriors",2022,"0022100485","20211223",2.9,34.15,FALSE
201939,"Stephen Curry","1610612744","Golden State Warriors",2022,"0022100485","20211223",24,4.75,TRUE
201939,"Stephen Curry","1610612744","Golden State Warriors",2022,"0022100485","20211223",8.3,33.75,FALSE
201939,"Stephen Curry","1610612744","Golden State Warriors",2022,"0022100485","20211223",1.6,6.85,FALSE
201939,"Stephen Curry","1610612744","Golden State Warriors",2022,"0022100485","20211223",-11.4,29.65,TRUE
201939,"Stephen Curry","1610612744","Golden State Warriors",2022,"0022100485","20211223",2,35.05,FALSE
201939,"Stephen Curry","1610612744","Golden State Warriors",2022,"0022100485","20211223",-4.5,5.95,TRUE
201939,"Stephen Curry","1610612744","Golden State Warriors",2022,"0022100485","20211223",19.2,26.95,TRUE
201939,"Stephen Curry","1610612744","Golden State Warriors",2022,"0022100485","20211223",17.9,27.35,FALSE
201939,"Stephen Curry","1610612744","Golden State Warriors",2022,"0022100485","20211223",3.1,6.95,TRUE
201939,"Stephen Curry","1610612744","Golden State Warriors",2022,"0022100490","20211225",-2.3,32.15,TRUE
201939,"Stephen Curry","1610612744","Golden State Warriors",2022,"0022100490","20211225",23.5,7.15,FALSE
201939,"Stephen Curry","1610612744","Golden State Warriors",2022,"0022100490","20211225",1,20.05,TRUE
201939,"Stephen Curry","1610612744","Golden State Warriors",2022,"0022100490","20211225",-3.1,35.85,FALSE
201939,"Stephen Curry","1610612744","Golden State Warriors",2022,"0022100490","20211225",0.4,5.55,TRUE
201939,"Stephen Curry","1610612744","Golden State Warriors",2022,"0022100490","20211225",-24.5,7.95,FALSE
201939,"Stephen Curry","1610612744","Golden State Warriors",2022,"0022100490","20211225",-7.5,31.45,FALSE
201939,"Stephen Curry","1610612744","Golden State Warriors",2022,"0022100490","20211225",-8.3,31.85,TRUE
201939,"Stephen Curry","1610612744","Golden State Warriors",2022,"0022100490","20211225",-10.2,22.95,FALSE
201939,"Stephen Curry","1610612744","Golden State Warriors",2022,"0022100490","20211225",-16.5,13.65,FALSE
201939,"Stephen Curry","1610612744","Golden State Warriors",2022,"0022100490","20211225",1.1,32.65,FALSE
201939,"Stephen Curry","1610612744","Golden State Warriors",2022,"0022100490","20211225",19.6,23.15,FALSE
201939,"Stephen Curry","1610612744","Golden State Warriors",2022,"0022100490","20211225",-2.6,33.05,TRUE
201939,"Stephen Curry","1610612744","Golden State Warriors",2022,"0022100490","20211225",-20.8,22.85,FALSE
201939,"Stephen Curry","1610612744","Golden State Warriors",2022,"0022100490","20211225",2.3,9.85,FALSE
201939,"Stephen Curry","1610612744","Golden State Warriors",2022,"0022100490","20211225",9.4,20.45,FALSE
201939,"Stephen Curry","1610612744","Golden State Warriors",2022,"0022100490","20211225",1.8,6.95,TRUE
201939,"Stephen Curry","1610612744","Golden State Warriors",2022,"0022100490","20211225",-4.4,30.55,FALSE
201939,"Stephen Curry","1610612744","Golden State Warriors",2022,"0022100490","20211225",2.5,6.45,TRUE
201939,"Stephen Curry","1610612744","Golden State Warriors",2022,"0022100490","20211225",18,26.35,TRUE
201939,"Stephen Curry","1610612744","Golden State Warriors",2022,"0022100490","20211225",0.4,32.55,FALSE
201939,"Stephen Curry","1610612744","Golden State Warriors",2022,"0022100490","20211225",1.8,5.45,TRUE
201939,"Stephen Curry","1610612744","Golden State Warriors",2022,"0022100490","20211225",-4.9,31.45,TRUE
201939,"Stephen Curry","1610612744","Golden State Warriors",2022,"0022100490","20211225",1.3,35.25,FALSE
201939,"Stephen Curry","1610612744","Golden State Warriors",2022,"0022100490","20211225",18.5,28.85,FALSE
201939,"Stephen Curry","1610612744","Golden State Warriors",2022,"0022100490","20211225",15.2,6.75,FALSE
201939,"Stephen Curry","1610612744","Golden State Warriors",2022,"0022100490","20211225",16.3,20.05,FALSE
201939,"Stephen Curry","1610612744","Golden State Warriors",2022,"0022100514","20211228",5.5,31.25,FALSE
201939,"Stephen Curry","1610612744","Golden State Warriors",2022,"0022100514","20211228",10.4,34.65,FALSE
201939,"Stephen Curry","1610612744","Golden State Warriors",2022,"0022100514","20211228",-2.5,31.95,FALSE
201939,"Stephen Curry","1610612744","Golden State Warriors",2022,"0022100514","20211228",9.2,33.35,FALSE
201939,"Stephen Curry","1610612744","Golden State Warriors",2022,"0022100514","20211228",0.2,8.05,TRUE
201939,"Stephen Curry","1610612744","Golden State Warriors",2022,"0022100514","20211228",-14.8,34.75,FALSE
201939,"Stephen Curry","1610612744","Golden State Warriors",2022,"0022100514","20211228",-23.5,12.65,FALSE
201939,"Stephen Curry","1610612744","Golden State Warriors",2022,"0022100514","20211228",-17.9,25.75,FALSE
201939,"Stephen Curry","1610612744","Golden State Warriors",2022,"0022100514","20211228",-22.9,9.45,TRUE
201939,"Stephen Curry","1610612744","Golden State Warriors",2022,"0022100514","20211228",14,30.95,TRUE
201939,"Stephen Curry","1610612744","Golden State Warriors",2022,"0022100514","20211228",11.2,28.65,TRUE
201939,"Stephen Curry","1610612744","Golden State Warriors",2022,"0022100514","20211228",-2,35.65,FALSE
201939,"Stephen Curry","1610612744","Golden State Warriors",2022,"0022100514","20211228",-10.3,13.45,FALSE
201939,"Stephen Curry","1610612744","Golden State Warriors",2022,"0022100514","20211228",-6.2,33.75,TRUE
201939,"Stephen Curry","1610612744","Golden State Warriors",2022,"0022100514","20211228",-20.7,24.55,TRUE
201939,"Stephen Curry","1610612744","Golden State Warriors",2022,"0022100514","20211228",-0.6,33.95,FALSE
201939,"Stephen Curry","1610612744","Golden State Warriors",2022,"0022100544","20220101",1.1,26.25,FALSE
201939,"Stephen Curry","1610612744","Golden State Warriors",2022,"0022100544","20220101",16.3,5.25,FALSE
201939,"Stephen Curry","1610612744","Golden State Warriors",2022,"0022100544","20220101",0.4,32.15,FALSE
201939,"Stephen Curry","1610612744","Golden State Warriors",2022,"0022100544","20220101",9.1,30.55,TRUE
201939,"Stephen Curry","1610612744","Golden State Warriors",2022,"0022100544","20220101",-1.1,20.75,TRUE
201939,"Stephen Curry","1610612744","Golden State Warriors",2022,"0022100544","20220101",-2.7,30.35,TRUE
201939,"Stephen Curry","1610612744","Golden State Warriors",2022,"0022100544","20220101",-1,36.65,FALSE
201939,"Stephen Curry","1610612744","Golden State Warriors",2022,"0022100544","20220101",-2.1,31.25,FALSE
201939,"Stephen Curry","1610612744","Golden State Warriors",2022,"0022100544","20220101",-23,7.95,FALSE
201939,"Stephen Curry","1610612744","Golden State Warriors",2022,"0022100544","20220101",-23.3,12.45,TRUE
201939,"Stephen Curry","1610612744","Golden State Warriors",2022,"0022100544","20220101",8.6,33.35,TRUE
201939,"Stephen Curry","1610612744","Golden State Warriors",2022,"0022100544","20220101",6.9,13.85,FALSE
201939,"Stephen Curry","1610612744","Golden State Warriors",2022,"0022100544","20220101",2.1,6.25,FALSE
201939,"Stephen Curry","1610612744","Golden State Warriors",2022,"0022100544","20220101",18.5,28.55,FALSE
201939,"Stephen Curry","1610612744","Golden State Warriors",2022,"0022100544","20220101",17.6,29.15,TRUE
201939,"Stephen Curry","1610612744","Golden State Warriors",2022,"0022100544","20220101",-21.2,19.05,FALSE
201939,"Stephen Curry","1610612744","Golden State Warriors",2022,"0022100544","20220101",0,23.15,TRUE
201939,"Stephen Curry","1610612744","Golden State Warriors",2022,"0022100544","20220101",-22.1,15.95,TRUE
201939,"Stephen Curry","1610612744","Golden State Warriors",2022,"0022100559","20220103",20.2,24.05,FALSE
201939,"Stephen Curry","1610612744","Golden State Warriors",2022,"0022100559","20220103",-20.3,20.95,FALSE
201939,"Stephen Curry","1610612744","Golden State Warriors",2022,"0022100559","20220103",-2.7,18.55,FALSE
201939,"Stephen Curry","1610612744","Golden State Warriors",2022,"0022100559","20220103",3.8,8.15,FALSE
201939,"Stephen Curry","1610612744","Golden State Warriors",2022,"0022100559","20220103",-17.5,26.75,FALSE
201939,"Stephen Curry","1610612744","Golden State Warriors",2022,"0022100559","20220103",-7.5,31.65,TRUE
201939,"Stephen Curry","1610612744","Golden State Warriors",2022,"0022100559","20220103",-12,30.55,FALSE
201939,"Stephen Curry","1610612744","Golden State Warriors",2022,"0022100559","20220103",9.4,23.25,TRUE
201939,"Stephen Curry","1610612744","Golden State Warriors",2022,"0022100559","20220103",3.3,7.45,TRUE
201939,"Stephen Curry","1610612744","Golden State Warriors",2022,"0022100559","20220103",12.9,19.85,FALSE
201939,"Stephen Curry","1610612744","Golden State Warriors",2022,"0022100559","20220103",-10.9,28.45,FALSE
201939,"Stephen Curry","1610612744","Golden State Warriors",2022,"0022100559","20220103",-19.5,24.55,FALSE
201939,"Stephen Curry","1610612744","Golden State Warriors",2022,"0022100559","20220103",-19.6,22.55,FALSE
201939,"Stephen Curry","1610612744","Golden State Warriors",2022,"0022100559","20220103",1.7,7.95,FALSE
201939,"Stephen Curry","1610612744","Golden State Warriors",2022,"0022100559","20220103",-18,27.45,FALSE
201939,"Stephen Curry","1610612744","Golden State Warriors",2022,"0022100559","20220103",-2.1,19.85,FALSE
201939,"Stephen Curry","1610612744","Golden State Warriors",2022,"0022100559","20220103",14.8,26.75,FALSE
201939,"Stephen Curry","1610612744","Golden State Warriors",2022,"0022100572","20220105",22.8,7.15,FALSE
201939,"Stephen Curry","1610612744","Golden State Warriors",2022,"0022100572","20220105",21.1,19.95,FALSE
201939,"Stephen Curry","1610612744","Golden State Warriors",2022,"0022100572","20220105",-2.2,11.35,FALSE
201939,"Stephen Curry","1610612744","Golden State Warriors",2022,"0022100572","20220105",10.4,29.85,FALSE
201939,"Stephen Curry","1610612744","Golden State Warriors",2022,"0022100572","20220105",1.3,31.65,FALSE
201939,"Stephen Curry","1610612744","Golden State Warriors",2022,"0022100572","20220105",-8.9,12.15,FALSE
201939,"Stephen Curry","1610612744","Golden State Warriors",2022,"0022100572","20220105",-2,6.25,TRUE
201939,"Stephen Curry","1610612744","Golden State Warriors",2022,"0022100572","20220105",-2,7.85,FALSE
201939,"Stephen Curry","1610612744","Golden State Warriors",2022,"0022100572","20220105",-3.1,10.95,FALSE
201939,"Stephen Curry","1610612744","Golden State Warriors",2022,"0022100572","20220105",18.4,23.05,FALSE
201939,"Stephen Curry","1610612744","Golden State Warriors",2022,"0022100572","20220105",17.5,23.65,TRUE
201939,"Stephen Curry","1610612744","Golden State Warriors",2022,"0022100572","20220105",2,8.45,FALSE
201939,"Stephen Curry","1610612744","Golden State Warriors",2022,"0022100572","20220105",22.7,6.75,FALSE
201939,"Stephen Curry","1610612744","Golden State Warriors",2022,"0022100572","20220105",0.5,6.45,TRUE
201939,"Stephen Curry","1610612744","Golden State Warriors",2022,"0022100572","20220105",-0.7,20.55,TRUE
201939,"Stephen Curry","1610612744","Golden State Warriors",2022,"0022100572","20220105",2.6,8.65,FALSE
201939,"Stephen Curry","1610612744","Golden State Warriors",2022,"0022100572","20220105",1,7.25,FALSE
201939,"Stephen Curry","1610612744","Golden State Warriors",2022,"0022100572","20220105",-1.7,5.45,FALSE
201939,"Stephen Curry","1610612744","Golden State Warriors",2022,"0022100572","20220105",8.9,24.95,FALSE
201939,"Stephen Curry","1610612744","Golden State Warriors",2022,"0022100572","20220105",-13.2,16.85,FALSE
201939,"Stephen Curry","1610612744","Golden State Warriors",2022,"0022100572","20220105",-0.4,5.65,TRUE
201939,"Stephen Curry","1610612744","Golden State Warriors",2022,"0022100572","20220105",-2,6.75,FALSE
201939,"Stephen Curry","1610612744","Golden State Warriors",2022,"0022100572","20220105",14.6,28.75,FALSE
201939,"Stephen Curry","1610612744","Golden State Warriors",2022,"0022100572","20220105",-14.6,27.55,FALSE
201939,"Stephen Curry","1610612744","Golden State Warriors",2022,"0022100604","20220109",18.3,27.05,TRUE
201939,"Stephen Curry","1610612744","Golden State Warriors",2022,"0022100604","20220109",21.2,21.45,TRUE
201939,"Stephen Curry","1610612744","Golden State Warriors",2022,"0022100604","20220109",-8.3,28.75,TRUE
201939,"Stephen Curry","1610612744","Golden State Warriors",2022,"0022100604","20220109",20.5,25.95,TRUE
201939,"Stephen Curry","1610612744","Golden State Warriors",2022,"0022100604","20220109",0.2,35.85,FALSE
201939,"Stephen Curry","1610612744","Golden State Warriors",2022,"0022100604","20220109",-4.8,6.95,FALSE
201939,"Stephen Curry","1610612744","Golden State Warriors",2022,"0022100604","20220109",-6.4,22.15,FALSE
201939,"Stephen Curry","1610612744","Golden State Warriors",2022,"0022100604","20220109",2.7,7.85,TRUE
201939,"Stephen Curry","1610612744","Golden State Warriors",2022,"0022100604","20220109",19,23.15,FALSE
201939,"Stephen Curry","1610612744","Golden State Warriors",2022,"0022100604","20220109",-2.6,35.85,FALSE
201939,"Stephen Curry","1610612744","Golden State Warriors",2022,"0022100604","20220109",3.9,7.85,TRUE
201939,"Stephen Curry","1610612744","Golden State Warriors",2022,"0022100604","20220109",-19.2,43.05,FALSE
201939,"Stephen Curry","1610612744","Golden State Warriors",2022,"0022100604","20220109",19.6,7.95,FALSE
201939,"Stephen Curry","1610612744","Golden State Warriors",2022,"0022100604","20220109",-4.2,6.85,TRUE
201939,"Stephen Curry","1610612744","Golden State Warriors",2022,"0022100604","20220109",-7,11.95,TRUE
201939,"Stephen Curry","1610612744","Golden State Warriors",2022,"0022100604","20220109",0,5.25,TRUE
201939,"Stephen Curry","1610612744","Golden State Warriors",2022,"0022100604","20220109",-14.7,31.85,FALSE
201939,"Stephen Curry","1610612744","Golden State Warriors",2022,"0022100604","20220109",4.2,24.15,FALSE
201939,"Stephen Curry","1610612744","Golden State Warriors",2022,"0022100604","20220109",-14.3,28.15,FALSE
201939,"Stephen Curry","1610612744","Golden State Warriors",2022,"0022100604","20220109",-24,16.65,FALSE
201939,"Stephen Curry","1610612744","Golden State Warriors",2022,"0022100604","20220109",9.9,21.35,TRUE
201939,"Stephen Curry","1610612744","Golden State Warriors",2022,"0022100614","20220111",14.5,26.85,FALSE
201939,"Stephen Curry","1610612744","Golden State Warriors",2022,"0022100614","20220111",1.1,6.25,FALSE
201939,"Stephen Curry","1610612744","Golden State Warriors",2022,"0022100614","20220111",1.7,6.55,FALSE
201939,"Stephen Curry","1610612744","Golden State Warriors",2022,"0022100614","20220111",18.9,22.05,FALSE
201939,"Stephen Curry","1610612744","Golden State Warriors",2022,"0022100614","20220111",15.3,27.25,FALSE
201939,"Stephen Curry","1610612744","Golden State Warriors",2022,"0022100614","20220111",-6.7,10.25,TRUE
201939,"Stephen Curry","1610612744","Golden State Warriors",2022,"0022100614","20220111",-0.2,5.65,TRUE
201939,"Stephen Curry","1610612744","Golden State Warriors",2022,"0022100614","20220111",-0.6,6.55,TRUE
201939,"Stephen Curry","1610612744","Golden State Warriors",2022,"0022100614","20220111",8.9,28.45,TRUE
201939,"Stephen Curry","1610612744","Golden State Warriors",2022,"0022100614","20220111",9.1,28.45,FALSE
201939,"Stephen Curry","1610612744","Golden State Warriors",2022,"0022100614","20220111",-5.3,14.85,FALSE
201939,"Stephen Curry","1610612744","Golden State Warriors",2022,"0022100614","20220111",14.2,26.05,TRUE
201939,"Stephen Curry","1610612744","Golden State Warriors",2022,"0022100614","20220111",-1.1,10.25,TRUE
201939,"Stephen Curry","1610612744","Golden State Warriors",2022,"0022100614","20220111",-13.1,19.25,TRUE
201939,"Stephen Curry","1610612744","Golden State Warriors",2022,"0022100614","20220111",-1.3,5.75,FALSE
201939,"Stephen Curry","1610612744","Golden State Warriors",2022,"0022100614","20220111",1.7,5.75,FALSE
201939,"Stephen Curry","1610612744","Golden State Warriors",2022,"0022100614","20220111",-0.7,6.15,TRUE
201939,"Stephen Curry","1610612744","Golden State Warriors",2022,"0022100614","20220111",22.5,13.25,FALSE
201939,"Stephen Curry","1610612744","Golden State Warriors",2022,"0022100614","20220111",-21.2,19.25,FALSE
201939,"Stephen Curry","1610612744","Golden State Warriors",2022,"0022100614","20220111",1.7,6.75,FALSE
201939,"Stephen Curry","1610612744","Golden State Warriors",2022,"0022100614","20220111",-13.1,31.35,FALSE
201939,"Stephen Curry","1610612744","Golden State Warriors",2022,"0022100627","20220113",-0.5,7.05,TRUE
201939,"Stephen Curry","1610612744","Golden State Warriors",2022,"0022100627","20220113",1.8,31.45,FALSE
201939,"Stephen Curry","1610612744","Golden State Warriors",2022,"0022100627","20220113",10.9,33.35,TRUE
201939,"Stephen Curry","1610612744","Golden State Warriors",2022,"0022100627","20220113",-11.6,28.35,TRUE
201939,"Stephen Curry","1610612744","Golden State Warriors",2022,"0022100627","20220113",-21.9,18.35,FALSE
201939,"Stephen Curry","1610612744","Golden State Warriors",2022,"0022100627","20220113",16.3,31.75,FALSE
201939,"Stephen Curry","1610612744","Golden State Warriors",2022,"0022100627","20220113",-5.6,34.85,FALSE
201939,"Stephen Curry","1610612744","Golden State Warriors",2022,"0022100627","20220113",6.6,7.45,FALSE
201939,"Stephen Curry","1610612744","Golden State Warriors",2022,"0022100627","20220113",6.1,24.15,FALSE
201939,"Stephen Curry","1610612744","Golden State Warriors",2022,"0022100627","20220113",9.3,15.05,FALSE
201939,"Stephen Curry","1610612744","Golden State Warriors",2022,"0022100627","20220113",-1.5,7.75,TRUE
201939,"Stephen Curry","1610612744","Golden State Warriors",2022,"0022100637","20220114",-7.8,31.65,FALSE
201939,"Stephen Curry","1610612744","Golden State Warriors",2022,"0022100637","20220114",-0.1,17.75,TRUE
201939,"Stephen Curry","1610612744","Golden State Warriors",2022,"0022100637","20220114",1.6,35.65,FALSE
201939,"Stephen Curry","1610612744","Golden State Warriors",2022,"0022100637","20220114",-23.4,4.65,FALSE
201939,"Stephen Curry","1610612744","Golden State Warriors",2022,"0022100637","20220114",11.5,3.75,TRUE
201939,"Stephen Curry","1610612744","Golden State Warriors",2022,"0022100637","20220114",16.5,24.15,TRUE
201939,"Stephen Curry","1610612744","Golden State Warriors",2022,"0022100637","20220114",-5.9,30.35,FALSE
201939,"Stephen Curry","1610612744","Golden State Warriors",2022,"0022100637","20220114",-6.7,29.95,TRUE
201939,"Stephen Curry","1610612744","Golden State Warriors",2022,"0022100637","20220114",-0.1,8.15,FALSE
201939,"Stephen Curry","1610612744","Golden State Warriors",2022,"0022100637","20220114",-23.5,5.75,TRUE
201939,"Stephen Curry","1610612744","Golden State Warriors",2022,"0022100637","20220114",11.8,27.65,FALSE
201939,"Stephen Curry","1610612744","Golden State Warriors",2022,"0022100637","20220114",-15.9,28.75,FALSE
201939,"Stephen Curry","1610612744","Golden State Warriors",2022,"0022100637","20220114",1.7,5.25,TRUE
201939,"Stephen Curry","1610612744","Golden State Warriors",2022,"0022100637","20220114",-19,21.15,TRUE
201939,"Stephen Curry","1610612744","Golden State Warriors",2022,"0022100637","20220114",0.9,5.35,FALSE
201939,"Stephen Curry","1610612744","Golden State Warriors",2022,"0022100667","20220118",-1,11.25,FALSE
201939,"Stephen Curry","1610612744","Golden State Warriors",2022,"0022100667","20220118",-19.9,22.75,TRUE
201939,"Stephen Curry","1610612744","Golden State Warriors",2022,"0022100667","20220118",1.5,34.35,TRUE
201939,"Stephen Curry","1610612744","Golden State Warriors",2022,"0022100667","20220118",-2,33.85,FALSE
201939,"Stephen Curry","1610612744","Golden State Warriors",2022,"0022100667","20220118",-2.9,8.55,TRUE
201939,"Stephen Curry","1610612744","Golden State Warriors",2022,"0022100667","20220118",-14.3,27.85,FALSE
201939,"Stephen Curry","1610612744","Golden State Warriors",2022,"0022100667","20220118",23.4,4.85,TRUE
201939,"Stephen Curry","1610612744","Golden State Warriors",2022,"0022100667","20220118",11.8,31.55,TRUE
201939,"Stephen Curry","1610612744","Golden State Warriors",2022,"0022100667","20220118",-4.3,9.35,TRUE
201939,"Stephen Curry","1610612744","Golden State Warriors",2022,"0022100667","20220118",8.6,29.55,FALSE
201939,"Stephen Curry","1610612744","Golden State Warriors",2022,"0022100667","20220118",11,29.25,FALSE
201939,"Stephen Curry","1610612744","Golden State Warriors",2022,"0022100683","20220120",-3.2,6.55,FALSE
201939,"Stephen Curry","1610612744","Golden State Warriors",2022,"0022100683","20220120",2.2,7.75,TRUE
201939,"Stephen Curry","1610612744","Golden State Warriors",2022,"0022100683","20220120",-11.2,28.95,TRUE
201939,"Stephen Curry","1610612744","Golden State Warriors",2022,"0022100683","20220120",-9.4,32.15,FALSE
201939,"Stephen Curry","1610612744","Golden State Warriors",2022,"0022100683","20220120",7,13.15,TRUE
201939,"Stephen Curry","1610612744","Golden State Warriors",2022,"0022100683","20220120",21,21.95,FALSE
201939,"Stephen Curry","1610612744","Golden State Warriors",2022,"0022100683","20220120",-13.5,31.05,FALSE
201939,"Stephen Curry","1610612744","Golden State Warriors",2022,"0022100683","20220120",-6.9,31.65,TRUE
201939,"Stephen Curry","1610612744","Golden State Warriors",2022,"0022100683","20220120",3.1,31.75,FALSE
201939,"Stephen Curry","1610612744","Golden State Warriors",2022,"0022100683","20220120",-2.6,5.25,TRUE
201939,"Stephen Curry","1610612744","Golden State Warriors",2022,"0022100683","20220120",-2.7,6.55,FALSE
201939,"Stephen Curry","1610612744","Golden State Warriors",2022,"0022100683","20220120",14.5,35.85,TRUE
201939,"Stephen Curry","1610612744","Golden State Warriors",2022,"0022100683","20220120",-17.4,29.85,TRUE
201939,"Stephen Curry","1610612744","Golden State Warriors",2022,"0022100683","20220120",-4.5,7.15,FALSE
201939,"Stephen Curry","1610612744","Golden State Warriors",2022,"0022100683","20220120",-1.2,16.75,TRUE
201939,"Stephen Curry","1610612744","Golden State Warriors",2022,"0022100683","20220120",18.6,23.65,TRUE
201939,"Stephen Curry","1610612744","Golden State Warriors",2022,"0022100683","20220120",-2.2,33.35,FALSE
201939,"Stephen Curry","1610612744","Golden State Warriors",2022,"0022100683","20220120",3.2,6.55,TRUE
201939,"Stephen Curry","1610612744","Golden State Warriors",2022,"0022100683","20220120",6.4,32.45,FALSE
201939,"Stephen Curry","1610612744","Golden State Warriors",2022,"0022100683","20220120",13.8,29.75,TRUE
201939,"Stephen Curry","1610612744","Golden State Warriors",2022,"0022100683","20220120",-12.5,29.95,FALSE
201939,"Stephen Curry","1610612744","Golden State Warriors",2022,"0022100683","20220120",3.6,6.55,TRUE
201939,"Stephen Curry","1610612744","Golden State Warriors",2022,"0022100683","20220120",-14.7,13.65,FALSE
201939,"Stephen Curry","1610612744","Golden State Warriors",2022,"0022100683","20220120",3.2,6.15,FALSE
201939,"Stephen Curry","1610612744","Golden State Warriors",2022,"0022100683","20220120",19.4,22.45,FALSE
201939,"Stephen Curry","1610612744","Golden State Warriors",2022,"0022100683","20220120",-5,33.65,FALSE
201939,"Stephen Curry","1610612744","Golden State Warriors",2022,"0022100683","20220120",-0.7,31.95,FALSE
201939,"Stephen Curry","1610612744","Golden State Warriors",2022,"0022100694","20220121",16.9,27.45,FALSE
201939,"Stephen Curry","1610612744","Golden State Warriors",2022,"0022100694","20220121",-2.6,24.25,FALSE
201939,"Stephen Curry","1610612744","Golden State Warriors",2022,"0022100694","20220121",-7.1,31.55,FALSE
201939,"Stephen Curry","1610612744","Golden State Warriors",2022,"0022100694","20220121",7.5,11.95,FALSE
201939,"Stephen Curry","1610612744","Golden State Warriors",2022,"0022100694","20220121",14.5,12.55,FALSE
201939,"Stephen Curry","1610612744","Golden State Warriors",2022,"0022100694","20220121",3.2,33.05,FALSE
201939,"Stephen Curry","1610612744","Golden State Warriors",2022,"0022100694","20220121",15.1,11.65,FALSE
201939,"Stephen Curry","1610612744","Golden State Warriors",2022,"0022100694","20220121",17.9,28.35,FALSE
201939,"Stephen Curry","1610612744","Golden State Warriors",2022,"0022100694","20220121",14.1,31.25,TRUE
201939,"Stephen Curry","1610612744","Golden State Warriors",2022,"0022100694","20220121",-22.7,9.05,FALSE
201939,"Stephen Curry","1610612744","Golden State Warriors",2022,"0022100694","20220121",7.6,32.65,FALSE
201939,"Stephen Curry","1610612744","Golden State Warriors",2022,"0022100694","20220121",-8.3,11.35,TRUE
201939,"Stephen Curry","1610612744","Golden State Warriors",2022,"0022100694","20220121",-22.4,19.05,TRUE
201939,"Stephen Curry","1610612744","Golden State Warriors",2022,"0022100694","20220121",15.2,28.35,TRUE
201939,"Stephen Curry","1610612744","Golden State Warriors",2022,"0022100694","20220121",-6.2,22.95,FALSE
201939,"Stephen Curry","1610612744","Golden State Warriors",2022,"0022100694","20220121",-24,10.05,TRUE
201939,"Stephen Curry","1610612744","Golden State Warriors",2022,"0022100694","20220121",-16.1,25.75,FALSE
201939,"Stephen Curry","1610612744","Golden State Warriors",2022,"0022100694","20220121",5,6.95,FALSE
201939,"Stephen Curry","1610612744","Golden State Warriors",2022,"0022100694","20220121",22.5,12.35,FALSE
201939,"Stephen Curry","1610612744","Golden State Warriors",2022,"0022100694","20220121",13.4,28.15,FALSE
201939,"Stephen Curry","1610612744","Golden State Warriors",2022,"0022100694","20220121",4.3,24.65,TRUE
201939,"Stephen Curry","1610612744","Golden State Warriors",2022,"0022100708","20220123",-13.7,3.75,TRUE
201939,"Stephen Curry","1610612744","Golden State Warriors",2022,"0022100708","20220123",-19.7,25.25,FALSE
201939,"Stephen Curry","1610612744","Golden State Warriors",2022,"0022100708","20220123",20.7,22.95,TRUE
201939,"Stephen Curry","1610612744","Golden State Warriors",2022,"0022100708","20220123",4,7.15,TRUE
201939,"Stephen Curry","1610612744","Golden State Warriors",2022,"0022100708","20220123",8.2,29.95,FALSE
201939,"Stephen Curry","1610612744","Golden State Warriors",2022,"0022100708","20220123",-13.8,29.75,FALSE
201939,"Stephen Curry","1610612744","Golden State Warriors",2022,"0022100708","20220123",-2.5,6.95,TRUE
201939,"Stephen Curry","1610612744","Golden State Warriors",2022,"0022100708","20220123",-22.2,21.55,FALSE
201939,"Stephen Curry","1610612744","Golden State Warriors",2022,"0022100708","20220123",-2.7,33.65,FALSE
201939,"Stephen Curry","1610612744","Golden State Warriors",2022,"0022100708","20220123",20.3,21.05,FALSE
201939,"Stephen Curry","1610612744","Golden State Warriors",2022,"0022100708","20220123",-7,11.05,TRUE
201939,"Stephen Curry","1610612744","Golden State Warriors",2022,"0022100708","20220123",-17.3,23.25,FALSE
201939,"Stephen Curry","1610612744","Golden State Warriors",2022,"0022100708","20220123",3.1,8.45,FALSE
201939,"Stephen Curry","1610612744","Golden State Warriors",2022,"0022100708","20220123",19.5,25.85,FALSE
201939,"Stephen Curry","1610612744","Golden State Warriors",2022,"0022100708","20220123",-18.3,23.55,FALSE
201939,"Stephen Curry","1610612744","Golden State Warriors",2022,"0022100708","20220123",-3.6,15.95,FALSE
201939,"Stephen Curry","1610612744","Golden State Warriors",2022,"0022100708","20220123",0,5.25,FALSE
201939,"Stephen Curry","1610612744","Golden State Warriors",2022,"0022100708","20220123",23,3.95,FALSE
201939,"Stephen Curry","1610612744","Golden State Warriors",2022,"0022100708","20220123",20.2,23.55,FALSE
201939,"Stephen Curry","1610612744","Golden State Warriors",2022,"0022100708","20220123",-0.4,37.45,FALSE
201939,"Stephen Curry","1610612744","Golden State Warriors",2022,"0022100720","20220125",0.1,17.55,TRUE
201939,"Stephen Curry","1610612744","Golden State Warriors",2022,"0022100720","20220125",17.4,24.85,TRUE
201939,"Stephen Curry","1610612744","Golden State Warriors",2022,"0022100720","20220125",-11.4,19.85,TRUE
201939,"Stephen Curry","1610612744","Golden State Warriors",2022,"0022100720","20220125",-5.4,24.25,TRUE
201939,"Stephen Curry","1610612744","Golden State Warriors",2022,"0022100720","20220125",17.3,25.75,FALSE
201939,"Stephen Curry","1610612744","Golden State Warriors",2022,"0022100720","20220125",24.1,5.65,FALSE
201939,"Stephen Curry","1610612744","Golden State Warriors",2022,"0022100720","20220125",12.1,17.25,TRUE
201939,"Stephen Curry","1610612744","Golden State Warriors",2022,"0022100720","20220125",-4.5,33.85,FALSE
201939,"Stephen Curry","1610612744","Golden State Warriors",2022,"0022100720","20220125",-17.4,26.65,FALSE
201939,"Stephen Curry","1610612744","Golden State Warriors",2022,"0022100720","20220125",-22.4,10.45,FALSE
201939,"Stephen Curry","1610612744","Golden State Warriors",2022,"0022100720","20220125",-7.1,10.95,FALSE
201939,"Stephen Curry","1610612744","Golden State Warriors",2022,"0022100720","20220125",18.8,6.15,TRUE
201939,"Stephen Curry","1610612744","Golden State Warriors",2022,"0022100720","20220125",-0.2,31.35,TRUE
201939,"Stephen Curry","1610612744","Golden State Warriors",2022,"0022100720","20220125",-1.6,33.65,FALSE
201939,"Stephen Curry","1610612744","Golden State Warriors",2022,"0022100720","20220125",13.1,48.95,FALSE
201939,"Stephen Curry","1610612744","Golden State Warriors",2022,"0022100720","20220125",-19.9,26.65,FALSE
201939,"Stephen Curry","1610612744","Golden State Warriors",2022,"0022100734","20220127",6,12.75,FALSE
201939,"Stephen Curry","1610612744","Golden State Warriors",2022,"0022100734","20220127",-6.2,31.45,TRUE
201939,"Stephen Curry","1610612744","Golden State Warriors",2022,"0022100734","20220127",-2.5,24.95,FALSE
201939,"Stephen Curry","1610612744","Golden State Warriors",2022,"0022100734","20220127",22.4,9.05,FALSE
201939,"Stephen Curry","1610612744","Golden State Warriors",2022,"0022100734","20220127",1.2,18.35,FALSE
201939,"Stephen Curry","1610612744","Golden State Warriors",2022,"0022100734","20220127",-8.3,29.45,TRUE
201939,"Stephen Curry","1610612744","Golden State Warriors",2022,"0022100734","20220127",-1.8,6.75,FALSE
201939,"Stephen Curry","1610612744","Golden State Warriors",2022,"0022100734","20220127",-3.8,31.05,FALSE
201939,"Stephen Curry","1610612744","Golden State Warriors",2022,"0022100734","20220127",-9.7,18.25,FALSE
201939,"Stephen Curry","1610612744","Golden State Warriors",2022,"0022100734","20220127",-7.8,9.85,TRUE
201939,"Stephen Curry","1610612744","Golden State Warriors",2022,"0022100734","20220127",14.8,24.65,TRUE
201939,"Stephen Curry","1610612744","Golden State Warriors",2022,"0022100734","20220127",4.3,10.25,FALSE
201939,"Stephen Curry","1610612744","Golden State Warriors",2022,"0022100734","20220127",-7.2,31.05,TRUE
201939,"Stephen Curry","1610612744","Golden State Warriors",2022,"0022100734","20220127",-11.8,29.35,FALSE
201939,"Stephen Curry","1610612744","Golden State Warriors",2022,"0022100734","20220127",-1.2,6.05,TRUE
201939,"Stephen Curry","1610612744","Golden State Warriors",2022,"0022100734","20220127",-16.1,12.75,TRUE
201939,"Stephen Curry","1610612744","Golden State Warriors",2022,"0022100734","20220127",-19.2,20.55,TRUE
201939,"Stephen Curry","1610612744","Golden State Warriors",2022,"0022100734","20220127",-2.6,6.65,TRUE
201939,"Stephen Curry","1610612744","Golden State Warriors",2022,"0022100734","20220127",18.5,33.55,FALSE
201939,"Stephen Curry","1610612744","Golden State Warriors",2022,"0022100734","20220127",-11.4,32.95,TRUE
201939,"Stephen Curry","1610612744","Golden State Warriors",2022,"0022100750","20220129",-13.6,30.35,FALSE
201939,"Stephen Curry","1610612744","Golden State Warriors",2022,"0022100750","20220129",2.5,31.95,FALSE
201939,"Stephen Curry","1610612744","Golden State Warriors",2022,"0022100750","20220129",-3.4,6.55,FALSE
201939,"Stephen Curry","1610612744","Golden State Warriors",2022,"0022100750","20220129",7.8,21.55,TRUE
201939,"Stephen Curry","1610612744","Golden State Warriors",2022,"0022100750","20220129",-6.7,13.55,FALSE
201939,"Stephen Curry","1610612744","Golden State Warriors",2022,"0022100750","20220129",2.6,7.55,FALSE
201939,"Stephen Curry","1610612744","Golden State Warriors",2022,"0022100750","20220129",-11.2,32.95,FALSE
201939,"Stephen Curry","1610612744","Golden State Warriors",2022,"0022100750","20220129",-22.2,17.45,TRUE
201939,"Stephen Curry","1610612744","Golden State Warriors",2022,"0022100750","20220129",-14.6,26.75,FALSE
201939,"Stephen Curry","1610612744","Golden State Warriors",2022,"0022100750","20220129",1.5,32.05,FALSE
201939,"Stephen Curry","1610612744","Golden State Warriors",2022,"0022100750","20220129",-13.4,20.05,FALSE
201939,"Stephen Curry","1610612744","Golden State Warriors",2022,"0022100750","20220129",-23.3,6.15,FALSE
201939,"Stephen Curry","1610612744","Golden State Warriors",2022,"0022100750","20220129",-11.6,31.45,TRUE
201939,"Stephen Curry","1610612744","Golden State Warriors",2022,"0022100750","20220129",-2.8,5.75,TRUE
201939,"Stephen Curry","1610612744","Golden State Warriors",2022,"0022100750","20220129",-3.4,6.55,FALSE
201939,"Stephen Curry","1610612744","Golden State Warriors",2022,"0022100750","20220129",-12.7,28.35,FALSE
201939,"Stephen Curry","1610612744","Golden State Warriors",2022,"0022100750","20220129",17.8,24.25,TRUE
201939,"Stephen Curry","1610612744","Golden State Warriors",2022,"0022100750","20220129",1,6.35,FALSE
201939,"Stephen Curry","1610612744","Golden State Warriors",2022,"0022100764","20220131",-2.2,5.65,FALSE
201939,"Stephen Curry","1610612744","Golden State Warriors",2022,"0022100764","20220131",23.2,6.55,FALSE
201939,"Stephen Curry","1610612744","Golden State Warriors",2022,"0022100764","20220131",-1.3,34.75,FALSE
201939,"Stephen Curry","1610612744","Golden State Warriors",2022,"0022100764","20220131",1.6,6.05,TRUE
201939,"Stephen Curry","1610612744","Golden State Warriors",2022,"0022100764","20220131",-0.1,13.45,TRUE
201939,"Stephen Curry","1610612744","Golden State Warriors",2022,"0022100764","20220131",-9.1,32.45,TRUE
201939,"Stephen Curry","1610612744","Golden State Warriors",2022,"0022100764","20220131",-0.2,6.35,TRUE
201939,"Stephen Curry","1610612744","Golden State Warriors",2022,"0022100764","20220131",-12.4,18.25,FALSE
201939,"Stephen Curry","1610612744","Golden State Warriors",2022,"0022100764","20220131",10.3,30.95,TRUE
201939,"Stephen Curry","1610612744","Golden State Warriors",2022,"0022100764","20220131",-13.2,30.45,FALSE
201939,"Stephen Curry","1610612744","Golden State Warriors",2022,"0022100764","20220131",-11.3,28.95,TRUE
201939,"Stephen Curry","1610612744","Golden State Warriors",2022,"0022100764","20220131",22.1,24.75,FALSE
201939,"Stephen Curry","1610612744","Golden State Warriors",2022,"0022100764","20220131",0.5,6.85,FALSE
201939,"Stephen Curry","1610612744","Golden State Warriors",2022,"0022100764","20220131",-9.4,30.65,FALSE
201939,"Stephen Curry","1610612744","Golden State Warriors",2022,"0022100764","20220131",-9.4,30.15,TRUE
201939,"Stephen Curry","1610612744","Golden State Warriors",2022,"0022100764","20220131",8.6,16.45,TRUE
201939,"Stephen Curry","1610612744","Golden State Warriors",2022,"0022100764","20220131",13.1,30.05,TRUE
201939,"Stephen Curry","1610612744","Golden State Warriors",2022,"0022100764","20220131",6.9,22.05,TRUE
201939,"Stephen Curry","1610612744","Golden State Warriors",2022,"0022100764","20220131",-4.2,33.15,TRUE
201939,"Stephen Curry","1610612744","Golden State Warriors",2022,"0022100764","20220131",-10.9,33.05,FALSE
201939,"Stephen Curry","1610612744","Golden State Warriors",2022,"0022100764","20220131",1.8,6.95,TRUE
201939,"Stephen Curry","1610612744","Golden State Warriors",2022,"0022100764","20220131",21.4,19.85,TRUE
201939,"Stephen Curry","1610612744","Golden State Warriors",2022,"0022100764","20220131",22.5,11.75,FALSE
201939,"Stephen Curry","1610612744","Golden State Warriors",2022,"0022100785","20220203",20.8,20.65,TRUE
201939,"Stephen Curry","1610612744","Golden State Warriors",2022,"0022100785","20220203",-6.9,31.65,TRUE
201939,"Stephen Curry","1610612744","Golden State Warriors",2022,"0022100785","20220203",0.9,8.45,TRUE
201939,"Stephen Curry","1610612744","Golden State Warriors",2022,"0022100785","20220203",-21.4,20.85,FALSE
201939,"Stephen Curry","1610612744","Golden State Warriors",2022,"0022100785","20220203",-4.2,25.75,FALSE
201939,"Stephen Curry","1610612744","Golden State Warriors",2022,"0022100785","20220203",-22.1,19.85,TRUE
201939,"Stephen Curry","1610612744","Golden State Warriors",2022,"0022100785","20220203",5.5,29.95,FALSE
201939,"Stephen Curry","1610612744","Golden State Warriors",2022,"0022100785","20220203",-19,23.45,FALSE
201939,"Stephen Curry","1610612744","Golden State Warriors",2022,"0022100785","20220203",-6.4,4.65,TRUE
201939,"Stephen Curry","1610612744","Golden State Warriors",2022,"0022100785","20220203",17.5,26.75,TRUE
201939,"Stephen Curry","1610612744","Golden State Warriors",2022,"0022100785","20220203",-2.7,7.35,TRUE
201939,"Stephen Curry","1610612744","Golden State Warriors",2022,"0022100813","20220207",-22.9,12.25,TRUE
201939,"Stephen Curry","1610612744","Golden State Warriors",2022,"0022100813","20220207",11.4,34.75,FALSE
201939,"Stephen Curry","1610612744","Golden State Warriors",2022,"0022100813","20220207",0.1,19.85,TRUE
201939,"Stephen Curry","1610612744","Golden State Warriors",2022,"0022100813","20220207",-23.2,9.35,FALSE
201939,"Stephen Curry","1610612744","Golden State Warriors",2022,"0022100813","20220207",-6.6,31.55,TRUE
201939,"Stephen Curry","1610612744","Golden State Warriors",2022,"0022100813","20220207",-9.7,38.05,FALSE
201939,"Stephen Curry","1610612744","Golden State Warriors",2022,"0022100813","20220207",-9.6,31.85,FALSE
201939,"Stephen Curry","1610612744","Golden State Warriors",2022,"0022100813","20220207",10.8,31.55,TRUE
201939,"Stephen Curry","1610612744","Golden State Warriors",2022,"0022100813","20220207",5.4,31.85,FALSE
201939,"Stephen Curry","1610612744","Golden State Warriors",2022,"0022100813","20220207",15.3,24.55,FALSE
201939,"Stephen Curry","1610612744","Golden State Warriors",2022,"0022100813","20220207",3.7,7.95,TRUE
201939,"Stephen Curry","1610612744","Golden State Warriors",2022,"0022100813","20220207",9.2,32.45,TRUE
201939,"Stephen Curry","1610612744","Golden State Warriors",2022,"0022100828","20220209",9.9,29.15,FALSE
201939,"Stephen Curry","1610612744","Golden State Warriors",2022,"0022100828","20220209",-13.6,8.35,TRUE
201939,"Stephen Curry","1610612744","Golden State Warriors",2022,"0022100828","20220209",-22.7,24.55,FALSE
201939,"Stephen Curry","1610612744","Golden State Warriors",2022,"0022100828","20220209",14.6,4.45,FALSE
201939,"Stephen Curry","1610612744","Golden State Warriors",2022,"0022100828","20220209",13,26.05,TRUE
201939,"Stephen Curry","1610612744","Golden State Warriors",2022,"0022100828","20220209",14.7,28.95,FALSE
201939,"Stephen Curry","1610612744","Golden State Warriors",2022,"0022100828","20220209",22.7,6.55,TRUE
201939,"Stephen Curry","1610612744","Golden State Warriors",2022,"0022100828","20220209",4.3,29.15,FALSE
201939,"Stephen Curry","1610612744","Golden State Warriors",2022,"0022100828","20220209",-9.7,18.95,FALSE
201939,"Stephen Curry","1610612744","Golden State Warriors",2022,"0022100828","20220209",-0.7,13.05,TRUE
201939,"Stephen Curry","1610612744","Golden State Warriors",2022,"0022100828","20220209",14,31.15,TRUE
201939,"Stephen Curry","1610612744","Golden State Warriors",2022,"0022100828","20220209",-2.5,7.05,FALSE
201939,"Stephen Curry","1610612744","Golden State Warriors",2022,"0022100828","20220209",-12.1,28.05,FALSE
201939,"Stephen Curry","1610612744","Golden State Warriors",2022,"0022100837","20220210",-16.1,24.55,FALSE
201939,"Stephen Curry","1610612744","Golden State Warriors",2022,"0022100837","20220210",10,25.25,TRUE
201939,"Stephen Curry","1610612744","Golden State Warriors",2022,"0022100837","20220210",4.5,14.75,TRUE
201939,"Stephen Curry","1610612744","Golden State Warriors",2022,"0022100837","20220210",18.4,27.55,TRUE
201939,"Stephen Curry","1610612744","Golden State Warriors",2022,"0022100837","20220210",-3.3,33.75,FALSE
201939,"Stephen Curry","1610612744","Golden State Warriors",2022,"0022100837","20220210",2.6,34.05,TRUE
201939,"Stephen Curry","1610612744","Golden State Warriors",2022,"0022100837","20220210",8.2,23.25,FALSE
201939,"Stephen Curry","1610612744","Golden State Warriors",2022,"0022100837","20220210",23.5,13.55,FALSE
201939,"Stephen Curry","1610612744","Golden State Warriors",2022,"0022100837","20220210",-22.1,19.15,FALSE
201939,"Stephen Curry","1610612744","Golden State Warriors",2022,"0022100837","20220210",-9.4,35.95,TRUE
201939,"Stephen Curry","1610612744","Golden State Warriors",2022,"0022100837","20220210",-23.4,15.45,FALSE
201939,"Stephen Curry","1610612744","Golden State Warriors",2022,"0022100837","20220210",19,25.75,FALSE
201939,"Stephen Curry","1610612744","Golden State Warriors",2022,"0022100837","20220210",-2.1,17.45,FALSE
201939,"Stephen Curry","1610612744","Golden State Warriors",2022,"0022100837","20220210",-13.6,27.95,TRUE
201939,"Stephen Curry","1610612744","Golden State Warriors",2022,"0022100837","20220210",-20.3,27.35,FALSE
201939,"Stephen Curry","1610612744","Golden State Warriors",2022,"0022100837","20220210",-17.6,27.15,FALSE
201939,"Stephen Curry","1610612744","Golden State Warriors",2022,"0022100837","20220210",-23.7,5.25,FALSE
201939,"Stephen Curry","1610612744","Golden State Warriors",2022,"0022100837","20220210",-5.4,21.15,TRUE
201939,"Stephen Curry","1610612744","Golden State Warriors",2022,"0022100837","20220210",-1.8,32.95,FALSE
201939,"Stephen Curry","1610612744","Golden State Warriors",2022,"0022100837","20220210",-16.1,27.85,TRUE
201939,"Stephen Curry","1610612744","Golden State Warriors",2022,"0022100837","20220210",3.2,6.05,TRUE
201939,"Stephen Curry","1610612744","Golden State Warriors",2022,"0022100837","20220210",-2.3,32.65,FALSE
201939,"Stephen Curry","1610612744","Golden State Warriors",2022,"0022100837","20220210",-10.4,16.95,TRUE
201939,"Stephen Curry","1610612744","Golden State Warriors",2022,"0022100837","20220210",-6.4,6.65,FALSE
201939,"Stephen Curry","1610612744","Golden State Warriors",2022,"0022100837","20220210",-3.2,6.15,TRUE
201939,"Stephen Curry","1610612744","Golden State Warriors",2022,"0022100854","20220212",16.2,31.45,FALSE
201939,"Stephen Curry","1610612744","Golden State Warriors",2022,"0022100854","20220212",5.5,7.25,FALSE
201939,"Stephen Curry","1610612744","Golden State Warriors",2022,"0022100854","20220212",2.2,25.45,TRUE
201939,"Stephen Curry","1610612744","Golden State Warriors",2022,"0022100854","20220212",20.6,26.35,FALSE
201939,"Stephen Curry","1610612744","Golden State Warriors",2022,"0022100854","20220212",6.4,14.45,TRUE
201939,"Stephen Curry","1610612744","Golden State Warriors",2022,"0022100854","20220212",-15,29.15,FALSE
201939,"Stephen Curry","1610612744","Golden State Warriors",2022,"0022100854","20220212",0.6,13.85,TRUE
201939,"Stephen Curry","1610612744","Golden State Warriors",2022,"0022100854","20220212",0.7,12.55,TRUE
201939,"Stephen Curry","1610612744","Golden State Warriors",2022,"0022100854","20220212",-5.5,9.55,TRUE
201939,"Stephen Curry","1610612744","Golden State Warriors",2022,"0022100854","20220212",4.9,14.85,FALSE
201939,"Stephen Curry","1610612744","Golden State Warriors",2022,"0022100854","20220212",-11,56.05,FALSE
201939,"Stephen Curry","1610612744","Golden State Warriors",2022,"0022100854","20220212",4.7,31.25,FALSE
201939,"Stephen Curry","1610612744","Golden State Warriors",2022,"0022100854","20220212",-19.9,25.65,TRUE
201939,"Stephen Curry","1610612744","Golden State Warriors",2022,"0022100854","20220212",-15.2,32.05,FALSE
201939,"Stephen Curry","1610612744","Golden State Warriors",2022,"0022100854","20220212",-0.6,7.75,FALSE
201939,"Stephen Curry","1610612744","Golden State Warriors",2022,"0022100854","20220212",0.2,8.25,TRUE
201939,"Stephen Curry","1610612744","Golden State Warriors",2022,"0022100854","20220212",10.5,31.35,FALSE
201939,"Stephen Curry","1610612744","Golden State Warriors",2022,"0022100866","20220214",-2.3,16.85,TRUE
201939,"Stephen Curry","1610612744","Golden State Warriors",2022,"0022100866","20220214",5.6,16.45,TRUE
201939,"Stephen Curry","1610612744","Golden State Warriors",2022,"0022100866","20220214",-20,20.65,TRUE
201939,"Stephen Curry","1610612744","Golden State Warriors",2022,"0022100866","20220214",-13,27.85,TRUE
201939,"Stephen Curry","1610612744","Golden State Warriors",2022,"0022100866","20220214",16.5,29.45,TRUE
201939,"Stephen Curry","1610612744","Golden State Warriors",2022,"0022100866","20220214",8.8,31.15,TRUE
201939,"Stephen Curry","1610612744","Golden State Warriors",2022,"0022100866","20220214",19,22.05,FALSE
201939,"Stephen Curry","1610612744","Golden State Warriors",2022,"0022100866","20220214",-0.2,14.05,TRUE
201939,"Stephen Curry","1610612744","Golden State Warriors",2022,"0022100866","20220214",-16.9,26.15,TRUE
201939,"Stephen Curry","1610612744","Golden State Warriors",2022,"0022100866","20220214",4,22.85,FALSE
201939,"Stephen Curry","1610612744","Golden State Warriors",2022,"0022100866","20220214",9.8,33.55,TRUE
201939,"Stephen Curry","1610612744","Golden State Warriors",2022,"0022100866","20220214",-11.5,31.05,FALSE
201939,"Stephen Curry","1610612744","Golden State Warriors",2022,"0022100866","20220214",-1.8,6.75,FALSE
201939,"Stephen Curry","1610612744","Golden State Warriors",2022,"0022100866","20220214",-12.4,35.65,FALSE
201939,"Stephen Curry","1610612744","Golden State Warriors",2022,"0022100866","20220214",13.5,30.85,FALSE
201939,"Stephen Curry","1610612744","Golden State Warriors",2022,"0022100866","20220214",-0.4,32.05,TRUE
201939,"Stephen Curry","1610612744","Golden State Warriors",2022,"0022100866","20220214",-11.8,32.05,TRUE
201939,"Stephen Curry","1610612744","Golden State Warriors",2022,"0022100866","20220214",18.6,28.15,FALSE
201939,"Stephen Curry","1610612744","Golden State Warriors",2022,"0022100883","20220216",0.2,33.75,FALSE
201939,"Stephen Curry","1610612744","Golden State Warriors",2022,"0022100883","20220216",9.9,23.55,FALSE
201939,"Stephen Curry","1610612744","Golden State Warriors",2022,"0022100883","20220216",-17.6,26.75,TRUE
201939,"Stephen Curry","1610612744","Golden State Warriors",2022,"0022100883","20220216",16.3,29.05,FALSE
201939,"Stephen Curry","1610612744","Golden State Warriors",2022,"0022100883","20220216",3.9,8.05,TRUE
201939,"Stephen Curry","1610612744","Golden State Warriors",2022,"0022100883","20220216",2.5,9.15,TRUE
201939,"Stephen Curry","1610612744","Golden State Warriors",2022,"0022100883","20220216",11.3,22.65,TRUE
201939,"Stephen Curry","1610612744","Golden State Warriors",2022,"0022100883","20220216",-3.4,6.45,TRUE
201939,"Stephen Curry","1610612744","Golden State Warriors",2022,"0022100883","20220216",0.4,34.05,FALSE
201939,"Stephen Curry","1610612744","Golden State Warriors",2022,"0022100883","20220216",-2.3,30.85,FALSE
201939,"Stephen Curry","1610612744","Golden State Warriors",2022,"0022100883","20220216",4.2,7.65,TRUE
201939,"Stephen Curry","1610612744","Golden State Warriors",2022,"0022100883","20220216",2.8,5.25,TRUE
201939,"Stephen Curry","1610612744","Golden State Warriors",2022,"0022100883","20220216",19.1,16.65,TRUE
201939,"Stephen Curry","1610612744","Golden State Warriors",2022,"0022100883","20220216",-19.5,29.75,FALSE
201939,"Stephen Curry","1610612744","Golden State Warriors",2022,"0022100883","20220216",2.5,5.75,FALSE
201939,"Stephen Curry","1610612744","Golden State Warriors",2022,"0022100883","20220216",-8.9,23.75,FALSE
201939,"Stephen Curry","1610612744","Golden State Warriors",2022,"0022100883","20220216",-5.5,9.45,TRUE
201939,"Stephen Curry","1610612744","Golden State Warriors",2022,"0022100883","20220216",19.2,22.05,FALSE
201939,"Stephen Curry","1610612744","Golden State Warriors",2022,"0022100883","20220216",-15.7,14.05,TRUE
201939,"Stephen Curry","1610612744","Golden State Warriors",2022,"0022100894","20220224",-15.3,25.25,FALSE
201939,"Stephen Curry","1610612744","Golden State Warriors",2022,"0022100894","20220224",-1.8,13.55,TRUE
201939,"Stephen Curry","1610612744","Golden State Warriors",2022,"0022100894","20220224",9.8,28.85,TRUE
201939,"Stephen Curry","1610612744","Golden State Warriors",2022,"0022100894","20220224",-5.9,30.25,FALSE
201939,"Stephen Curry","1610612744","Golden State Warriors",2022,"0022100894","20220224",2.5,7.15,FALSE
201939,"Stephen Curry","1610612744","Golden State Warriors",2022,"0022100894","20220224",-1.2,6.75,TRUE
201939,"Stephen Curry","1610612744","Golden State Warriors",2022,"0022100894","20220224",-0.7,33.45,TRUE
201939,"Stephen Curry","1610612744","Golden State Warriors",2022,"0022100894","20220224",0.7,9.05,TRUE
201939,"Stephen Curry","1610612744","Golden State Warriors",2022,"0022100894","20220224",9.7,35.65,FALSE
201939,"Stephen Curry","1610612744","Golden State Warriors",2022,"0022100894","20220224",2.1,34.05,FALSE
201939,"Stephen Curry","1610612744","Golden State Warriors",2022,"0022100894","20220224",-22.9,6.05,FALSE
201939,"Stephen Curry","1610612744","Golden State Warriors",2022,"0022100917","20220227",-0.5,6.25,TRUE
201939,"Stephen Curry","1610612744","Golden State Warriors",2022,"0022100917","20220227",18.1,21.95,TRUE
201939,"Stephen Curry","1610612744","Golden State Warriors",2022,"0022100917","20220227",20.6,18.35,FALSE
201939,"Stephen Curry","1610612744","Golden State Warriors",2022,"0022100917","20220227",0.4,5.95,TRUE
201939,"Stephen Curry","1610612744","Golden State Warriors",2022,"0022100917","20220227",-0.9,5.75,TRUE
201939,"Stephen Curry","1610612744","Golden State Warriors",2022,"0022100917","20220227",21.4,22.55,FALSE
201939,"Stephen Curry","1610612744","Golden State Warriors",2022,"0022100917","20220227",10.8,11.55,FALSE
201939,"Stephen Curry","1610612744","Golden State Warriors",2022,"0022100917","20220227",-2.3,16.25,FALSE
201939,"Stephen Curry","1610612744","Golden State Warriors",2022,"0022100917","20220227",-9.2,15.45,TRUE
201939,"Stephen Curry","1610612744","Golden State Warriors",2022,"0022100917","20220227",0,6.75,TRUE
201939,"Stephen Curry","1610612744","Golden State Warriors",2022,"0022100917","20220227",-2.8,6.25,FALSE
201939,"Stephen Curry","1610612744","Golden State Warriors",2022,"0022100917","20220227",-20.7,20.25,FALSE
201939,"Stephen Curry","1610612744","Golden State Warriors",2022,"0022100917","20220227",-14.8,26.25,TRUE
201939,"Stephen Curry","1610612744","Golden State Warriors",2022,"0022100917","20220227",2.1,25.25,FALSE
201939,"Stephen Curry","1610612744","Golden State Warriors",2022,"0022100917","20220227",-0.6,11.55,FALSE
201939,"Stephen Curry","1610612744","Golden State Warriors",2022,"0022100917","20220227",-0.5,7.35,TRUE
201939,"Stephen Curry","1610612744","Golden State Warriors",2022,"0022100917","20220227",0.9,17.45,TRUE
201939,"Stephen Curry","1610612744","Golden State Warriors",2022,"0022100917","20220227",-8.5,28.65,FALSE
201939,"Stephen Curry","1610612744","Golden State Warriors",2022,"0022100917","20220227",-14.3,27.25,FALSE
201939,"Stephen Curry","1610612744","Golden State Warriors",2022,"0022100917","20220227",-10,14.65,FALSE
201939,"Stephen Curry","1610612744","Golden State Warriors",2022,"0022100917","20220227",-0.4,8.15,FALSE
201939,"Stephen Curry","1610612744","Golden State Warriors",2022,"0022100917","20220227",-2,5.25,TRUE
201939,"Stephen Curry","1610612744","Golden State Warriors",2022,"0022100917","20220227",0,36.15,FALSE
201939,"Stephen Curry","1610612744","Golden State Warriors",2022,"0022100917","20220227",-16.5,29.15,TRUE
201939,"Stephen Curry","1610612744","Golden State Warriors",2022,"0022100917","20220227",9.3,37.05,FALSE
201939,"Stephen Curry","1610612744","Golden State Warriors",2022,"0022100930","20220301",-22.2,4.75,FALSE
201939,"Stephen Curry","1610612744","Golden State Warriors",2022,"0022100930","20220301",-10.3,29.45,FALSE
201939,"Stephen Curry","1610612744","Golden State Warriors",2022,"0022100930","20220301",8.9,29.05,FALSE
201939,"Stephen Curry","1610612744","Golden State Warriors",2022,"0022100930","20220301",-19.7,19.85,TRUE
201939,"Stephen Curry","1610612744","Golden State Warriors",2022,"0022100930","20220301",-12.1,27.25,FALSE
201939,"Stephen Curry","1610612744","Golden State Warriors",2022,"0022100930","20220301",22.2,17.25,TRUE
201939,"Stephen Curry","1610612744","Golden State Warriors",2022,"0022100930","20220301",-1.5,9.15,TRUE
201939,"Stephen Curry","1610612744","Golden State Warriors",2022,"0022100930","20220301",14.3,33.75,FALSE
201939,"Stephen Curry","1610612744","Golden State Warriors",2022,"0022100930","20220301",19.1,22.55,TRUE
201939,"Stephen Curry","1610612744","Golden State Warriors",2022,"0022100930","20220301",-13.8,26.35,FALSE
201939,"Stephen Curry","1610612744","Golden State Warriors",2022,"0022100930","20220301",1.1,5.75,FALSE
201939,"Stephen Curry","1610612744","Golden State Warriors",2022,"0022100930","20220301",-18.1,28.45,FALSE
201939,"Stephen Curry","1610612744","Golden State Warriors",2022,"0022100930","20220301",10.7,27.95,TRUE
201939,"Stephen Curry","1610612744","Golden State Warriors",2022,"0022100930","20220301",-0.7,6.85,FALSE
201939,"Stephen Curry","1610612744","Golden State Warriors",2022,"0022100930","20220301",-0.1,6.05,TRUE
201939,"Stephen Curry","1610612744","Golden State Warriors",2022,"0022100930","20220301",-9.8,28.95,TRUE
201939,"Stephen Curry","1610612744","Golden State Warriors",2022,"0022100930","20220301",16.2,24.45,FALSE
201939,"Stephen Curry","1610612744","Golden State Warriors",2022,"0022100930","20220301",0.4,11.65,TRUE
201939,"Stephen Curry","1610612744","Golden State Warriors",2022,"0022100930","20220301",3.9,22.85,TRUE
201939,"Stephen Curry","1610612744","Golden State Warriors",2022,"0022100930","20220301",-5.4,34.55,FALSE
201939,"Stephen Curry","1610612744","Golden State Warriors",2022,"0022100930","20220301",2.5,29.85,FALSE
201939,"Stephen Curry","1610612744","Golden State Warriors",2022,"0022100930","20220301",-2.1,31.05,FALSE
201939,"Stephen Curry","1610612744","Golden State Warriors",2022,"0022100930","20220301",-0.1,5.85,TRUE
201939,"Stephen Curry","1610612744","Golden State Warriors",2022,"0022100930","20220301",2,7.15,FALSE
201939,"Stephen Curry","1610612744","Golden State Warriors",2022,"0022100943","20220303",13.8,30.55,TRUE
201939,"Stephen Curry","1610612744","Golden State Warriors",2022,"0022100943","20220303",10.9,17.15,FALSE
201939,"Stephen Curry","1610612744","Golden State Warriors",2022,"0022100943","20220303",-18,28.35,TRUE
201939,"Stephen Curry","1610612744","Golden State Warriors",2022,"0022100943","20220303",2.5,7.95,FALSE
201939,"Stephen Curry","1610612744","Golden State Warriors",2022,"0022100943","20220303",21.4,19.45,TRUE
201939,"Stephen Curry","1610612744","Golden State Warriors",2022,"0022100943","20220303",1.3,11.85,TRUE
201939,"Stephen Curry","1610612744","Golden State Warriors",2022,"0022100943","20220303",-1.3,12.15,FALSE
201939,"Stephen Curry","1610612744","Golden State Warriors",2022,"0022100943","20220303",-3.1,6.55,TRUE
201939,"Stephen Curry","1610612744","Golden State Warriors",2022,"0022100943","20220303",10.2,33.35,FALSE
201939,"Stephen Curry","1610612744","Golden State Warriors",2022,"0022100943","20220303",15.2,11.05,FALSE
201939,"Stephen Curry","1610612744","Golden State Warriors",2022,"0022100943","20220303",9.2,11.45,TRUE
201939,"Stephen Curry","1610612744","Golden State Warriors",2022,"0022100943","20220303",-4.5,14.45,FALSE
201939,"Stephen Curry","1610612744","Golden State Warriors",2022,"0022100943","20220303",11.3,28.95,TRUE
201939,"Stephen Curry","1610612744","Golden State Warriors",2022,"0022100943","20220303",-1,6.85,TRUE
201939,"Stephen Curry","1610612744","Golden State Warriors",2022,"0022100943","20220303",-7.2,9.15,FALSE
201939,"Stephen Curry","1610612744","Golden State Warriors",2022,"0022100959","20220305",6.1,30.15,FALSE
201939,"Stephen Curry","1610612744","Golden State Warriors",2022,"0022100959","20220305",12.1,15.75,TRUE
201939,"Stephen Curry","1610612744","Golden State Warriors",2022,"0022100959","20220305",0.6,13.35,FALSE
201939,"Stephen Curry","1610612744","Golden State Warriors",2022,"0022100959","20220305",-11.4,27.75,TRUE
201939,"Stephen Curry","1610612744","Golden State Warriors",2022,"0022100959","20220305",11.6,21.25,FALSE
201939,"Stephen Curry","1610612744","Golden State Warriors",2022,"0022100959","20220305",-11,16.45,TRUE
201939,"Stephen Curry","1610612744","Golden State Warriors",2022,"0022100959","20220305",1,13.75,FALSE
201939,"Stephen Curry","1610612744","Golden State Warriors",2022,"0022100959","20220305",-16.9,26.45,FALSE
201939,"Stephen Curry","1610612744","Golden State Warriors",2022,"0022100959","20220305",-4.7,31.25,TRUE
201939,"Stephen Curry","1610612744","Golden State Warriors",2022,"0022100959","20220305",5,14.25,TRUE
201939,"Stephen Curry","1610612744","Golden State Warriors",2022,"0022100959","20220305",-1.7,6.55,TRUE
201939,"Stephen Curry","1610612744","Golden State Warriors",2022,"0022100959","20220305",-10.2,17.75,TRUE
201939,"Stephen Curry","1610612744","Golden State Warriors",2022,"0022100959","20220305",17.2,25.55,TRUE
201939,"Stephen Curry","1610612744","Golden State Warriors",2022,"0022100959","20220305",13.6,20.45,FALSE
201939,"Stephen Curry","1610612744","Golden State Warriors",2022,"0022100959","20220305",-4.7,9.95,TRUE
201939,"Stephen Curry","1610612744","Golden State Warriors",2022,"0022100959","20220305",-10.3,31.25,FALSE
201939,"Stephen Curry","1610612744","Golden State Warriors",2022,"0022100959","20220305",-1,7.35,TRUE
201939,"Stephen Curry","1610612744","Golden State Warriors",2022,"0022100959","20220305",2.1,32.85,TRUE
201939,"Stephen Curry","1610612744","Golden State Warriors",2022,"0022100959","20220305",-1.6,7.45,TRUE
201939,"Stephen Curry","1610612744","Golden State Warriors",2022,"0022100959","20220305",-12.1,33.75,FALSE
201939,"Stephen Curry","1610612744","Golden State Warriors",2022,"0022100959","20220305",-2.6,8.75,TRUE
201939,"Stephen Curry","1610612744","Golden State Warriors",2022,"0022100959","20220305",14.8,33.65,FALSE
201939,"Stephen Curry","1610612744","Golden State Warriors",2022,"0022100980","20220308",-7,29.25,FALSE
201939,"Stephen Curry","1610612744","Golden State Warriors",2022,"0022100980","20220308",0.5,6.05,TRUE
201939,"Stephen Curry","1610612744","Golden State Warriors",2022,"0022100980","20220308",-0.1,16.75,TRUE
201939,"Stephen Curry","1610612744","Golden State Warriors",2022,"0022100980","20220308",-17.9,22.95,FALSE
201939,"Stephen Curry","1610612744","Golden State Warriors",2022,"0022100980","20220308",1.1,5.85,TRUE
201939,"Stephen Curry","1610612744","Golden State Warriors",2022,"0022100980","20220308",9.2,28.75,TRUE
201939,"Stephen Curry","1610612744","Golden State Warriors",2022,"0022100980","20220308",22.2,5.35,FALSE
201939,"Stephen Curry","1610612744","Golden State Warriors",2022,"0022100980","20220308",-2.2,19.95,FALSE
201939,"Stephen Curry","1610612744","Golden State Warriors",2022,"0022100980","20220308",22.5,5.35,FALSE
201939,"Stephen Curry","1610612744","Golden State Warriors",2022,"0022100980","20220308",14.1,23.95,FALSE
201939,"Stephen Curry","1610612744","Golden State Warriors",2022,"0022100980","20220308",10.9,5.85,TRUE
201939,"Stephen Curry","1610612744","Golden State Warriors",2022,"0022100980","20220308",-11.3,32.95,FALSE
201939,"Stephen Curry","1610612744","Golden State Warriors",2022,"0022100994","20220310",-0.1,33.15,TRUE
201939,"Stephen Curry","1610612744","Golden State Warriors",2022,"0022100994","20220310",-23.3,6.35,TRUE
201939,"Stephen Curry","1610612744","Golden State Warriors",2022,"0022100994","20220310",9.3,28.35,FALSE
201939,"Stephen Curry","1610612744","Golden State Warriors",2022,"0022100994","20220310",-6.9,36.15,FALSE
201939,"Stephen Curry","1610612744","Golden State Warriors",2022,"0022100994","20220310",23.3,5.75,FALSE
201939,"Stephen Curry","1610612744","Golden State Warriors",2022,"0022100994","20220310",-0.1,10.35,FALSE
201939,"Stephen Curry","1610612744","Golden State Warriors",2022,"0022100994","20220310",-2.3,33.65,FALSE
201939,"Stephen Curry","1610612744","Golden State Warriors",2022,"0022100994","20220310",2.9,6.95,FALSE
201939,"Stephen Curry","1610612744","Golden State Warriors",2022,"0022100994","20220310",11.3,29.45,FALSE
201939,"Stephen Curry","1610612744","Golden State Warriors",2022,"0022100994","20220310",-8.7,11.05,TRUE
201939,"Stephen Curry","1610612744","Golden State Warriors",2022,"0022100994","20220310",-9.3,30.45,TRUE
201939,"Stephen Curry","1610612744","Golden State Warriors",2022,"0022100994","20220310",-2.1,6.85,TRUE
201939,"Stephen Curry","1610612744","Golden State Warriors",2022,"0022100994","20220310",-7.2,8.95,TRUE
201939,"Stephen Curry","1610612744","Golden State Warriors",2022,"0022100994","20220310",2.2,31.65,TRUE
201939,"Stephen Curry","1610612744","Golden State Warriors",2022,"0022100994","20220310",-3.3,8.55,FALSE
201939,"Stephen Curry","1610612744","Golden State Warriors",2022,"0022100994","20220310",0.7,38.75,TRUE
201939,"Stephen Curry","1610612744","Golden State Warriors",2022,"0022100994","20220310",18.9,24.25,FALSE
201939,"Stephen Curry","1610612744","Golden State Warriors",2022,"0022100994","20220310",2.8,32.75,FALSE
201939,"Stephen Curry","1610612744","Golden State Warriors",2022,"0022100994","20220310",-2.1,6.35,TRUE
201939,"Stephen Curry","1610612744","Golden State Warriors",2022,"0022100994","20220310",-2.1,7.75,TRUE
201939,"Stephen Curry","1610612744","Golden State Warriors",2022,"0022100994","20220310",5.9,7.55,TRUE
201939,"Stephen Curry","1610612744","Golden State Warriors",2022,"0022101008","20220312",-19.7,23.95,FALSE
201939,"Stephen Curry","1610612744","Golden State Warriors",2022,"0022101008","20220312",1.8,6.05,TRUE
201939,"Stephen Curry","1610612744","Golden State Warriors",2022,"0022101008","20220312",-18.1,24.65,TRUE
201939,"Stephen Curry","1610612744","Golden State Warriors",2022,"0022101008","20220312",18.1,28.25,FALSE
201939,"Stephen Curry","1610612744","Golden State Warriors",2022,"0022101008","20220312",-1.6,14.35,FALSE
201939,"Stephen Curry","1610612744","Golden State Warriors",2022,"0022101008","20220312",-9.2,30.05,TRUE
201939,"Stephen Curry","1610612744","Golden State Warriors",2022,"0022101008","20220312",16.9,4.85,FALSE
201939,"Stephen Curry","1610612744","Golden State Warriors",2022,"0022101025","20220314",-2.9,6.55,TRUE
201939,"Stephen Curry","1610612744","Golden State Warriors",2022,"0022101025","20220314",22.7,6.55,FALSE
201939,"Stephen Curry","1610612744","Golden State Warriors",2022,"0022101025","20220314",19.4,23.55,FALSE
201939,"Stephen Curry","1610612744","Golden State Warriors",2022,"0022101025","20220314",13.5,22.65,FALSE
201939,"Stephen Curry","1610612744","Golden State Warriors",2022,"0022101025","20220314",-17.9,23.65,TRUE
201939,"Stephen Curry","1610612744","Golden State Warriors",2022,"0022101025","20220314",-22.3,18.25,TRUE
201939,"Stephen Curry","1610612744","Golden State Warriors",2022,"0022101025","20220314",1,32.75,FALSE
201939,"Stephen Curry","1610612744","Golden State Warriors",2022,"0022101025","20220314",-13.4,15.35,TRUE
201939,"Stephen Curry","1610612744","Golden State Warriors",2022,"0022101025","20220314",14,29.05,TRUE
201939,"Stephen Curry","1610612744","Golden State Warriors",2022,"0022101025","20220314",3.3,9.05,TRUE
201939,"Stephen Curry","1610612744","Golden State Warriors",2022,"0022101025","20220314",0.5,29.75,FALSE
201939,"Stephen Curry","1610612744","Golden State Warriors",2022,"0022101025","20220314",-20.5,27.15,FALSE
201939,"Stephen Curry","1610612744","Golden State Warriors",2022,"0022101025","20220314",-6.7,22.85,FALSE
201939,"Stephen Curry","1610612744","Golden State Warriors",2022,"0022101025","20220314",3.9,23.75,TRUE
201939,"Stephen Curry","1610612744","Golden State Warriors",2022,"0022101025","20220314",-3.2,7.45,TRUE
201939,"Stephen Curry","1610612744","Golden State Warriors",2022,"0022101025","20220314",-16.4,12.65,TRUE
201939,"Stephen Curry","1610612744","Golden State Warriors",2022,"0022101025","20220314",18.9,25.75,TRUE
201939,"Stephen Curry","1610612744","Golden State Warriors",2022,"0022101025","20220314",10.4,31.45,TRUE
201939,"Stephen Curry","1610612744","Golden State Warriors",2022,"0022101025","20220314",1,21.65,TRUE
201939,"Stephen Curry","1610612744","Golden State Warriors",2022,"0022101025","20220314",-2.9,33.75,FALSE
201939,"Stephen Curry","1610612744","Golden State Warriors",2022,"0022101025","20220314",5.9,6.35,TRUE
201939,"Stephen Curry","1610612744","Golden State Warriors",2022,"0022101025","20220314",1.8,31.05,TRUE
201939,"Stephen Curry","1610612744","Golden State Warriors",2022,"0022101025","20220314",-22.8,16.25,TRUE
201939,"Stephen Curry","1610612744","Golden State Warriors",2022,"0022101025","20220314",4.2,6.85,TRUE
201939,"Stephen Curry","1610612744","Golden State Warriors",2022,"0022101025","20220314",-8.6,36.35,FALSE
201939,"Stephen Curry","1610612744","Golden State Warriors",2022,"0022101042","20220316",21,20.75,TRUE
201939,"Stephen Curry","1610612744","Golden State Warriors",2022,"0022101042","20220316",20.7,19.25,FALSE
201939,"Stephen Curry","1610612744","Golden State Warriors",2022,"0022101042","20220316",-19.4,24.15,FALSE
201939,"Stephen Curry","1610612744","Golden State Warriors",2022,"0022101042","20220316",16.5,30.25,FALSE
