"PLAYER_ID","PLAYER_NAME","TEAM_ID","TEAM_NAME","SEASON","GAME_ID","GAME_DATE","LOC_X","LOC_Y","SHOT_MADE"
1630169,"Tyrese Haliburton","1610612758","Sacramento Kings",2021,"0022000019","20201223",-20.6,20.35,FALSE
1630169,"Tyrese Haliburton","1610612758","Sacramento Kings",2021,"0022000019","20201223",23.1,4.45,FALSE
1630169,"Tyrese Haliburton","1610612758","Sacramento Kings",2021,"0022000019","20201223",-6.4,9.05,TRUE
1630169,"Tyrese Haliburton","1610612758","Sacramento Kings",2021,"0022000019","20201223",2.3,10.65,FALSE
1630169,"Tyrese Haliburton","1610612758","Sacramento Kings",2021,"0022000019","20201223",22.6,4.85,TRUE
1630169,"Tyrese Haliburton","1610612758","Sacramento Kings",2021,"0022000019","20201223",15.8,25.95,TRUE
1630169,"Tyrese Haliburton","1610612758","Sacramento Kings",2021,"0022000019","20201223",23.1,5.75,FALSE
1630169,"Tyrese Haliburton","1610612758","Sacramento Kings",2021,"0022000030","20201226",11.4,8.95,TRUE
1630169,"Tyrese Haliburton","1610612758","Sacramento Kings",2021,"0022000030","20201226",-6.9,31.25,FALSE
1630169,"Tyrese Haliburton","1610612758","Sacramento Kings",2021,"0022000030","20201226",-16.4,24.65,FALSE
1630169,"Tyrese Haliburton","1610612758","Sacramento Kings",2021,"0022000030","20201226",18.9,20.85,FALSE
1630169,"Tyrese Haliburton","1610612758","Sacramento Kings",2021,"0022000039","20201227",19.1,21.45,TRUE
1630169,"Tyrese Haliburton","1610612758","Sacramento Kings",2021,"0022000039","20201227",7.8,11.05,TRUE
1630169,"Tyrese Haliburton","1610612758","Sacramento Kings",2021,"0022000039","20201227",20.4,20.45,FALSE
1630169,"Tyrese Haliburton","1610612758","Sacramento Kings",2021,"0022000039","20201227",-13.8,19.65,FALSE
1630169,"Tyrese Haliburton","1610612758","Sacramento Kings",2021,"0022000039","20201227",18.8,21.45,TRUE
1630169,"Tyrese Haliburton","1610612758","Sacramento Kings",2021,"0022000039","20201227",-6.6,10.85,TRUE
1630169,"Tyrese Haliburton","1610612758","Sacramento Kings",2021,"0022000039","20201227",-20.7,26.05,TRUE
1630169,"Tyrese Haliburton","1610612758","Sacramento Kings",2021,"0022000055","20201229",-1.3,29.95,TRUE
1630169,"Tyrese Haliburton","1610612758","Sacramento Kings",2021,"0022000055","20201229",-0.9,7.75,TRUE
1630169,"Tyrese Haliburton","1610612758","Sacramento Kings",2021,"0022000055","20201229",-2.9,10.25,FALSE
1630169,"Tyrese Haliburton","1610612758","Sacramento Kings",2021,"0022000055","20201229",-6.2,29.65,TRUE
1630169,"Tyrese Haliburton","1610612758","Sacramento Kings",2021,"0022000055","20201229",1.4,7.35,TRUE
1630169,"Tyrese Haliburton","1610612758","Sacramento Kings",2021,"0022000055","20201229",3.3,34.15,TRUE
1630169,"Tyrese Haliburton","1610612758","Sacramento Kings",2021,"0022000055","20201229",14.8,26.35,FALSE
1630169,"Tyrese Haliburton","1610612758","Sacramento Kings",2021,"0022000065","20201231",15.8,24.95,FALSE
1630169,"Tyrese Haliburton","1610612758","Sacramento Kings",2021,"0022000065","20201231",21.7,16.35,FALSE
1630169,"Tyrese Haliburton","1610612758","Sacramento Kings",2021,"0022000065","20201231",-2.7,6.05,TRUE
1630169,"Tyrese Haliburton","1610612758","Sacramento Kings",2021,"0022000065","20201231",-1.9,8.05,FALSE
1630169,"Tyrese Haliburton","1610612758","Sacramento Kings",2021,"0022000065","20201231",-2,6.85,TRUE
1630169,"Tyrese Haliburton","1610612758","Sacramento Kings",2021,"0022000065","20201231",-0.8,6.95,FALSE
1630169,"Tyrese Haliburton","1610612758","Sacramento Kings",2021,"0022000065","20201231",23.2,7.35,TRUE
1630169,"Tyrese Haliburton","1610612758","Sacramento Kings",2021,"0022000065","20201231",1.8,12.85,FALSE
1630169,"Tyrese Haliburton","1610612758","Sacramento Kings",2021,"0022000065","20201231",-22.5,6.45,TRUE
1630169,"Tyrese Haliburton","1610612758","Sacramento Kings",2021,"0022000117","20210106",23.4,6.25,FALSE
1630169,"Tyrese Haliburton","1610612758","Sacramento Kings",2021,"0022000117","20210106",18,52.45,FALSE
1630169,"Tyrese Haliburton","1610612758","Sacramento Kings",2021,"0022000117","20210106",-1.8,19.15,TRUE
1630169,"Tyrese Haliburton","1610612758","Sacramento Kings",2021,"0022000117","20210106",17.9,24.35,FALSE
1630169,"Tyrese Haliburton","1610612758","Sacramento Kings",2021,"0022000117","20210106",3.9,9.85,FALSE
1630169,"Tyrese Haliburton","1610612758","Sacramento Kings",2021,"0022000117","20210106",-4.7,32.05,FALSE
1630169,"Tyrese Haliburton","1610612758","Sacramento Kings",2021,"0022000117","20210106",-4.4,7.65,FALSE
1630169,"Tyrese Haliburton","1610612758","Sacramento Kings",2021,"0022000117","20210106",-2.3,6.65,FALSE
1630169,"Tyrese Haliburton","1610612758","Sacramento Kings",2021,"0022000117","20210106",-2.3,8.65,TRUE
1630169,"Tyrese Haliburton","1610612758","Sacramento Kings",2021,"0022000117","20210106",7.1,29.85,TRUE
1630169,"Tyrese Haliburton","1610612758","Sacramento Kings",2021,"0022000117","20210106",0,5.25,FALSE
1630169,"Tyrese Haliburton","1610612758","Sacramento Kings",2021,"0022000117","20210106",-2.2,5.85,TRUE
1630169,"Tyrese Haliburton","1610612758","Sacramento Kings",2021,"0022000117","20210106",-0.5,5.85,TRUE
1630169,"Tyrese Haliburton","1610612758","Sacramento Kings",2021,"0022000117","20210106",19.8,20.05,TRUE
1630169,"Tyrese Haliburton","1610612758","Sacramento Kings",2021,"0022000117","20210106",23.9,6.35,TRUE
1630169,"Tyrese Haliburton","1610612758","Sacramento Kings",2021,"0022000132","20210108",22.8,4.65,TRUE
1630169,"Tyrese Haliburton","1610612758","Sacramento Kings",2021,"0022000132","20210108",8.5,28.75,TRUE
1630169,"Tyrese Haliburton","1610612758","Sacramento Kings",2021,"0022000132","20210108",3.8,30.35,FALSE
1630169,"Tyrese Haliburton","1610612758","Sacramento Kings",2021,"0022000132","20210108",-23,5.85,TRUE
1630169,"Tyrese Haliburton","1610612758","Sacramento Kings",2021,"0022000132","20210108",7.4,16.95,FALSE
1630169,"Tyrese Haliburton","1610612758","Sacramento Kings",2021,"0022000132","20210108",-10.5,11.55,FALSE
1630169,"Tyrese Haliburton","1610612758","Sacramento Kings",2021,"0022000132","20210108",18.6,23.55,TRUE
1630169,"Tyrese Haliburton","1610612758","Sacramento Kings",2021,"0022000132","20210108",-0.9,10.75,FALSE
1630169,"Tyrese Haliburton","1610612758","Sacramento Kings",2021,"0022000132","20210108",-22,15.25,FALSE
1630169,"Tyrese Haliburton","1610612758","Sacramento Kings",2021,"0022000132","20210108",-17.6,25.35,TRUE
1630169,"Tyrese Haliburton","1610612758","Sacramento Kings",2021,"0022000140","20210109",-1.7,5.05,TRUE
1630169,"Tyrese Haliburton","1610612758","Sacramento Kings",2021,"0022000140","20210109",17.8,22.45,FALSE
1630169,"Tyrese Haliburton","1610612758","Sacramento Kings",2021,"0022000140","20210109",-18.5,22.55,FALSE
1630169,"Tyrese Haliburton","1610612758","Sacramento Kings",2021,"0022000140","20210109",2.7,14.35,TRUE
1630169,"Tyrese Haliburton","1610612758","Sacramento Kings",2021,"0022000140","20210109",-2.2,6.25,TRUE
1630169,"Tyrese Haliburton","1610612758","Sacramento Kings",2021,"0022000140","20210109",20.6,20.05,TRUE
1630169,"Tyrese Haliburton","1610612758","Sacramento Kings",2021,"0022000140","20210109",-0.3,16.55,TRUE
1630169,"Tyrese Haliburton","1610612758","Sacramento Kings",2021,"0022000140","20210109",19.1,24.35,FALSE
1630169,"Tyrese Haliburton","1610612758","Sacramento Kings",2021,"0022000156","20210111",18.3,22.35,TRUE
1630169,"Tyrese Haliburton","1610612758","Sacramento Kings",2021,"0022000156","20210111",-1.8,33.75,TRUE
1630169,"Tyrese Haliburton","1610612758","Sacramento Kings",2021,"0022000156","20210111",-9.6,34.05,FALSE
1630169,"Tyrese Haliburton","1610612758","Sacramento Kings",2021,"0022000156","20210111",-23,7.45,FALSE
1630169,"Tyrese Haliburton","1610612758","Sacramento Kings",2021,"0022000156","20210111",23.4,12.55,TRUE
1630169,"Tyrese Haliburton","1610612758","Sacramento Kings",2021,"0022000156","20210111",-1.8,6.35,FALSE
1630169,"Tyrese Haliburton","1610612758","Sacramento Kings",2021,"0022000156","20210111",2.2,18.85,TRUE
1630169,"Tyrese Haliburton","1610612758","Sacramento Kings",2021,"0022000156","20210111",22.1,19.85,FALSE
1630169,"Tyrese Haliburton","1610612758","Sacramento Kings",2021,"0022000173","20210113",-22.9,8.45,TRUE
1630169,"Tyrese Haliburton","1610612758","Sacramento Kings",2021,"0022000173","20210113",22.7,6.75,TRUE
1630169,"Tyrese Haliburton","1610612758","Sacramento Kings",2021,"0022000173","20210113",-21.2,21.65,FALSE
1630169,"Tyrese Haliburton","1610612758","Sacramento Kings",2021,"0022000173","20210113",-3.9,7.85,FALSE
1630169,"Tyrese Haliburton","1610612758","Sacramento Kings",2021,"0022000173","20210113",-12,19.35,FALSE
1630169,"Tyrese Haliburton","1610612758","Sacramento Kings",2021,"0022000173","20210113",-6.2,12.65,TRUE
1630169,"Tyrese Haliburton","1610612758","Sacramento Kings",2021,"0022000173","20210113",23,5.35,TRUE
1630169,"Tyrese Haliburton","1610612758","Sacramento Kings",2021,"0022000173","20210113",8.7,7.25,TRUE
1630169,"Tyrese Haliburton","1610612758","Sacramento Kings",2021,"0022000173","20210113",0.9,10.45,TRUE
1630169,"Tyrese Haliburton","1610612758","Sacramento Kings",2021,"0022000173","20210113",0,20.55,TRUE
1630169,"Tyrese Haliburton","1610612758","Sacramento Kings",2021,"0022000188","20210115",-6.6,8.85,FALSE
1630169,"Tyrese Haliburton","1610612758","Sacramento Kings",2021,"0022000188","20210115",-11.6,17.35,TRUE
1630169,"Tyrese Haliburton","1610612758","Sacramento Kings",2021,"0022000188","20210115",19.5,24.25,FALSE
1630169,"Tyrese Haliburton","1610612758","Sacramento Kings",2021,"0022000188","20210115",2.5,13.05,FALSE
1630169,"Tyrese Haliburton","1610612758","Sacramento Kings",2021,"0022000188","20210115",-0.4,16.95,FALSE
1630169,"Tyrese Haliburton","1610612758","Sacramento Kings",2021,"0022000188","20210115",-19.3,7.55,FALSE
1630169,"Tyrese Haliburton","1610612758","Sacramento Kings",2021,"0022000188","20210115",-16.9,23.85,TRUE
1630169,"Tyrese Haliburton","1610612758","Sacramento Kings",2021,"0022000201","20210117",-5.6,9.25,TRUE
1630169,"Tyrese Haliburton","1610612758","Sacramento Kings",2021,"0022000201","20210117",-15.4,26.85,FALSE
1630169,"Tyrese Haliburton","1610612758","Sacramento Kings",2021,"0022000201","20210117",0.1,15.35,FALSE
1630169,"Tyrese Haliburton","1610612758","Sacramento Kings",2021,"0022000224","20210120",-23,12.65,TRUE
1630169,"Tyrese Haliburton","1610612758","Sacramento Kings",2021,"0022000224","20210120",-0.8,31.25,FALSE
1630169,"Tyrese Haliburton","1610612758","Sacramento Kings",2021,"0022000224","20210120",3.2,8.65,FALSE
1630169,"Tyrese Haliburton","1610612758","Sacramento Kings",2021,"0022000224","20210120",23.2,10.95,TRUE
1630169,"Tyrese Haliburton","1610612758","Sacramento Kings",2021,"0022000224","20210120",-2.7,6.25,FALSE
1630169,"Tyrese Haliburton","1610612758","Sacramento Kings",2021,"0022000224","20210120",-9.8,29.05,FALSE
1630169,"Tyrese Haliburton","1610612758","Sacramento Kings",2021,"0022000224","20210120",23.2,4.75,FALSE
1630169,"Tyrese Haliburton","1610612758","Sacramento Kings",2021,"0022000224","20210120",-7.5,44.65,FALSE
1630169,"Tyrese Haliburton","1610612758","Sacramento Kings",2021,"0022000224","20210120",-17.9,23.75,TRUE
1630169,"Tyrese Haliburton","1610612758","Sacramento Kings",2021,"0022000224","20210120",0.2,13.35,TRUE
1630169,"Tyrese Haliburton","1610612758","Sacramento Kings",2021,"0022000224","20210120",20.9,22.15,FALSE
1630169,"Tyrese Haliburton","1610612758","Sacramento Kings",2021,"0022000241","20210122",-4.7,14.05,TRUE
1630169,"Tyrese Haliburton","1610612758","Sacramento Kings",2021,"0022000241","20210122",22.3,12.75,FALSE
1630169,"Tyrese Haliburton","1610612758","Sacramento Kings",2021,"0022000241","20210122",-16.6,13.25,TRUE
1630169,"Tyrese Haliburton","1610612758","Sacramento Kings",2021,"0022000241","20210122",-4.1,16.75,TRUE
1630169,"Tyrese Haliburton","1610612758","Sacramento Kings",2021,"0022000241","20210122",3,9.85,TRUE
1630169,"Tyrese Haliburton","1610612758","Sacramento Kings",2021,"0022000241","20210122",0.3,5.05,TRUE
1630169,"Tyrese Haliburton","1610612758","Sacramento Kings",2021,"0022000241","20210122",23.1,12.05,TRUE
1630169,"Tyrese Haliburton","1610612758","Sacramento Kings",2021,"0022000241","20210122",20.4,18.65,FALSE
1630169,"Tyrese Haliburton","1610612758","Sacramento Kings",2021,"0022000241","20210122",22.4,17.45,FALSE
1630169,"Tyrese Haliburton","1610612758","Sacramento Kings",2021,"0022000241","20210122",4.4,15.25,FALSE
1630169,"Tyrese Haliburton","1610612758","Sacramento Kings",2021,"0022000241","20210122",-8.4,30.45,FALSE
1630169,"Tyrese Haliburton","1610612758","Sacramento Kings",2021,"0022000241","20210122",-18.9,21.55,TRUE
1630169,"Tyrese Haliburton","1610612758","Sacramento Kings",2021,"0022000241","20210122",-9.7,33.25,FALSE
1630169,"Tyrese Haliburton","1610612758","Sacramento Kings",2021,"0022000273","20210127",5.8,14.15,FALSE
1630169,"Tyrese Haliburton","1610612758","Sacramento Kings",2021,"0022000273","20210127",-1.6,28.35,FALSE
1630169,"Tyrese Haliburton","1610612758","Sacramento Kings",2021,"0022000273","20210127",17.2,25.85,TRUE
1630169,"Tyrese Haliburton","1610612758","Sacramento Kings",2021,"0022000273","20210127",18.3,26.85,FALSE
1630169,"Tyrese Haliburton","1610612758","Sacramento Kings",2021,"0022000273","20210127",5,31.25,FALSE
1630169,"Tyrese Haliburton","1610612758","Sacramento Kings",2021,"0022000273","20210127",0.6,22.05,FALSE
1630169,"Tyrese Haliburton","1610612758","Sacramento Kings",2021,"0022000273","20210127",1.9,19.75,FALSE
1630169,"Tyrese Haliburton","1610612758","Sacramento Kings",2021,"0022000273","20210127",-1.7,14.75,TRUE
1630169,"Tyrese Haliburton","1610612758","Sacramento Kings",2021,"0022000273","20210127",-7.2,30.05,FALSE
1630169,"Tyrese Haliburton","1610612758","Sacramento Kings",2021,"0022000273","20210127",5.3,9.85,FALSE
1630169,"Tyrese Haliburton","1610612758","Sacramento Kings",2021,"0022000273","20210127",-0.6,6.05,TRUE
1630169,"Tyrese Haliburton","1610612758","Sacramento Kings",2021,"0022000292","20210129",-23.2,6.05,FALSE
1630169,"Tyrese Haliburton","1610612758","Sacramento Kings",2021,"0022000292","20210129",1.8,29.95,FALSE
1630169,"Tyrese Haliburton","1610612758","Sacramento Kings",2021,"0022000292","20210129",22.2,13.05,FALSE
1630169,"Tyrese Haliburton","1610612758","Sacramento Kings",2021,"0022000292","20210129",-11.4,16.95,TRUE
1630169,"Tyrese Haliburton","1610612758","Sacramento Kings",2021,"0022000292","20210129",17.5,25.25,FALSE
1630169,"Tyrese Haliburton","1610612758","Sacramento Kings",2021,"0022000292","20210129",22.4,6.25,FALSE
1630169,"Tyrese Haliburton","1610612758","Sacramento Kings",2021,"0022000292","20210129",-2.7,5.75,TRUE
1630169,"Tyrese Haliburton","1610612758","Sacramento Kings",2021,"0022000292","20210129",-14.4,28.85,FALSE
1630169,"Tyrese Haliburton","1610612758","Sacramento Kings",2021,"0022000292","20210129",3.3,15.75,TRUE
1630169,"Tyrese Haliburton","1610612758","Sacramento Kings",2021,"0022000292","20210129",-9,31.75,TRUE
1630169,"Tyrese Haliburton","1610612758","Sacramento Kings",2021,"0022000301","20210130",23.4,12.15,FALSE
1630169,"Tyrese Haliburton","1610612758","Sacramento Kings",2021,"0022000301","20210130",-3.7,7.95,FALSE
1630169,"Tyrese Haliburton","1610612758","Sacramento Kings",2021,"0022000301","20210130",15.4,26.25,TRUE
1630169,"Tyrese Haliburton","1610612758","Sacramento Kings",2021,"0022000301","20210130",-16.8,25.15,TRUE
1630169,"Tyrese Haliburton","1610612758","Sacramento Kings",2021,"0022000301","20210130",-0.6,30.55,FALSE
1630169,"Tyrese Haliburton","1610612758","Sacramento Kings",2021,"0022000301","20210130",4.8,31.35,FALSE
1630169,"Tyrese Haliburton","1610612758","Sacramento Kings",2021,"0022000301","20210130",0.3,14.15,TRUE
1630169,"Tyrese Haliburton","1610612758","Sacramento Kings",2021,"0022000301","20210130",22.6,5.15,FALSE
1630169,"Tyrese Haliburton","1610612758","Sacramento Kings",2021,"0022000301","20210130",-22.6,6.15,FALSE
1630169,"Tyrese Haliburton","1610612758","Sacramento Kings",2021,"0022000301","20210130",-0.8,6.25,TRUE
1630169,"Tyrese Haliburton","1610612758","Sacramento Kings",2021,"0022000317","20210201",9.6,28.85,FALSE
1630169,"Tyrese Haliburton","1610612758","Sacramento Kings",2021,"0022000317","20210201",0,5.25,FALSE
1630169,"Tyrese Haliburton","1610612758","Sacramento Kings",2021,"0022000317","20210201",-16.3,8.65,TRUE
1630169,"Tyrese Haliburton","1610612758","Sacramento Kings",2021,"0022000317","20210201",-16.5,25.65,TRUE
1630169,"Tyrese Haliburton","1610612758","Sacramento Kings",2021,"0022000317","20210201",15,25.75,FALSE
1630169,"Tyrese Haliburton","1610612758","Sacramento Kings",2021,"0022000317","20210201",20.8,6.85,FALSE
1630169,"Tyrese Haliburton","1610612758","Sacramento Kings",2021,"0022000317","20210201",-22.5,4.35,FALSE
1630169,"Tyrese Haliburton","1610612758","Sacramento Kings",2021,"0022000336","20210203",-9.8,28.75,FALSE
1630169,"Tyrese Haliburton","1610612758","Sacramento Kings",2021,"0022000336","20210203",-2.7,16.55,FALSE
1630169,"Tyrese Haliburton","1610612758","Sacramento Kings",2021,"0022000336","20210203",5.8,14.45,TRUE
1630169,"Tyrese Haliburton","1610612758","Sacramento Kings",2021,"0022000336","20210203",-23.1,12.75,FALSE
1630169,"Tyrese Haliburton","1610612758","Sacramento Kings",2021,"0022000336","20210203",23.4,5.95,TRUE
1630169,"Tyrese Haliburton","1610612758","Sacramento Kings",2021,"0022000336","20210203",20.9,18.45,TRUE
1630169,"Tyrese Haliburton","1610612758","Sacramento Kings",2021,"0022000336","20210203",16.6,23.15,TRUE
1630169,"Tyrese Haliburton","1610612758","Sacramento Kings",2021,"0022000336","20210203",0.8,6.55,TRUE
1630169,"Tyrese Haliburton","1610612758","Sacramento Kings",2021,"0022000336","20210203",10.8,25.85,FALSE
1630169,"Tyrese Haliburton","1610612758","Sacramento Kings",2021,"0022000336","20210203",0.2,5.75,TRUE
1630169,"Tyrese Haliburton","1610612758","Sacramento Kings",2021,"0022000336","20210203",-19.3,26.15,TRUE
1630169,"Tyrese Haliburton","1610612758","Sacramento Kings",2021,"0022000336","20210203",23,5.65,FALSE
1630169,"Tyrese Haliburton","1610612758","Sacramento Kings",2021,"0022000336","20210203",-15.7,25.25,FALSE
1630169,"Tyrese Haliburton","1610612758","Sacramento Kings",2021,"0022000336","20210203",-7,21.05,FALSE
1630169,"Tyrese Haliburton","1610612758","Sacramento Kings",2021,"0022000336","20210203",-19.5,22.35,TRUE
1630169,"Tyrese Haliburton","1610612758","Sacramento Kings",2021,"0022000352","20210206",-2,5.65,TRUE
1630169,"Tyrese Haliburton","1610612758","Sacramento Kings",2021,"0022000352","20210206",8.7,12.05,FALSE
1630169,"Tyrese Haliburton","1610612758","Sacramento Kings",2021,"0022000352","20210206",-1.7,5.65,TRUE
1630169,"Tyrese Haliburton","1610612758","Sacramento Kings",2021,"0022000352","20210206",0.6,31.85,FALSE
1630169,"Tyrese Haliburton","1610612758","Sacramento Kings",2021,"0022000352","20210206",-1.8,5.65,TRUE
1630169,"Tyrese Haliburton","1610612758","Sacramento Kings",2021,"0022000352","20210206",-22.9,3.75,FALSE
1630169,"Tyrese Haliburton","1610612758","Sacramento Kings",2021,"0022000352","20210206",-23,6.95,TRUE
1630169,"Tyrese Haliburton","1610612758","Sacramento Kings",2021,"0022000352","20210206",19.6,21.25,TRUE
1630169,"Tyrese Haliburton","1610612758","Sacramento Kings",2021,"0022000352","20210206",7.4,31.05,TRUE
1630169,"Tyrese Haliburton","1610612758","Sacramento Kings",2021,"0022000352","20210206",-22.7,7.45,FALSE
1630169,"Tyrese Haliburton","1610612758","Sacramento Kings",2021,"0022000352","20210206",22.8,7.55,TRUE
1630169,"Tyrese Haliburton","1610612758","Sacramento Kings",2021,"0022000352","20210206",12.7,24.95,TRUE
1630169,"Tyrese Haliburton","1610612758","Sacramento Kings",2021,"0022000366","20210207",-3.6,10.25,FALSE
1630169,"Tyrese Haliburton","1610612758","Sacramento Kings",2021,"0022000366","20210207",-0.5,5.65,TRUE
1630169,"Tyrese Haliburton","1610612758","Sacramento Kings",2021,"0022000366","20210207",-4.3,11.05,FALSE
1630169,"Tyrese Haliburton","1610612758","Sacramento Kings",2021,"0022000366","20210207",-22.8,6.25,TRUE
1630169,"Tyrese Haliburton","1610612758","Sacramento Kings",2021,"0022000366","20210207",-0.6,6.55,FALSE
1630169,"Tyrese Haliburton","1610612758","Sacramento Kings",2021,"0022000366","20210207",15,28.45,TRUE
1630169,"Tyrese Haliburton","1610612758","Sacramento Kings",2021,"0022000366","20210207",-17.6,24.05,TRUE
1630169,"Tyrese Haliburton","1610612758","Sacramento Kings",2021,"0022000366","20210207",-3.3,13.05,TRUE
1630169,"Tyrese Haliburton","1610612758","Sacramento Kings",2021,"0022000366","20210207",-21.4,23.15,FALSE
1630169,"Tyrese Haliburton","1610612758","Sacramento Kings",2021,"0022000381","20210209",-5.8,13.95,FALSE
1630169,"Tyrese Haliburton","1610612758","Sacramento Kings",2021,"0022000381","20210209",-1.4,16.35,FALSE
1630169,"Tyrese Haliburton","1610612758","Sacramento Kings",2021,"0022000381","20210209",-18,23.55,TRUE
1630169,"Tyrese Haliburton","1610612758","Sacramento Kings",2021,"0022000381","20210209",-4.3,7.75,TRUE
1630169,"Tyrese Haliburton","1610612758","Sacramento Kings",2021,"0022000381","20210209",-4.7,12.45,TRUE
1630169,"Tyrese Haliburton","1610612758","Sacramento Kings",2021,"0022000381","20210209",-14.2,16.65,TRUE
1630169,"Tyrese Haliburton","1610612758","Sacramento Kings",2021,"0022000381","20210209",10.7,29.75,TRUE
1630169,"Tyrese Haliburton","1610612758","Sacramento Kings",2021,"0022000381","20210209",-23.1,12.65,TRUE
1630169,"Tyrese Haliburton","1610612758","Sacramento Kings",2021,"0022000381","20210209",5,30.65,FALSE
1630169,"Tyrese Haliburton","1610612758","Sacramento Kings",2021,"0022000405","20210212",23.5,6.25,FALSE
1630169,"Tyrese Haliburton","1610612758","Sacramento Kings",2021,"0022000405","20210212",23.5,5.35,TRUE
1630169,"Tyrese Haliburton","1610612758","Sacramento Kings",2021,"0022000405","20210212",-0.6,16.15,TRUE
1630169,"Tyrese Haliburton","1610612758","Sacramento Kings",2021,"0022000405","20210212",-2,6.55,TRUE
1630169,"Tyrese Haliburton","1610612758","Sacramento Kings",2021,"0022000405","20210212",0.8,16.95,TRUE
1630169,"Tyrese Haliburton","1610612758","Sacramento Kings",2021,"0022000405","20210212",-14.6,27.05,TRUE
1630169,"Tyrese Haliburton","1610612758","Sacramento Kings",2021,"0022000405","20210212",22.8,16.75,FALSE
1630169,"Tyrese Haliburton","1610612758","Sacramento Kings",2021,"0022000405","20210212",18.3,23.75,FALSE
1630169,"Tyrese Haliburton","1610612758","Sacramento Kings",2021,"0022000405","20210212",18.7,26.95,FALSE
1630169,"Tyrese Haliburton","1610612758","Sacramento Kings",2021,"0022000405","20210212",-10.3,13.45,FALSE
1630169,"Tyrese Haliburton","1610612758","Sacramento Kings",2021,"0022000405","20210212",1.4,6.05,TRUE
1630169,"Tyrese Haliburton","1610612758","Sacramento Kings",2021,"0022000405","20210212",10.8,19.85,FALSE
1630169,"Tyrese Haliburton","1610612758","Sacramento Kings",2021,"0022000418","20210214",13.7,5.35,TRUE
1630169,"Tyrese Haliburton","1610612758","Sacramento Kings",2021,"0022000418","20210214",0,5.95,TRUE
1630169,"Tyrese Haliburton","1610612758","Sacramento Kings",2021,"0022000418","20210214",-20.1,19.65,TRUE
1630169,"Tyrese Haliburton","1610612758","Sacramento Kings",2021,"0022000418","20210214",-0.3,43.25,FALSE
1630169,"Tyrese Haliburton","1610612758","Sacramento Kings",2021,"0022000418","20210214",1.3,30.65,FALSE
1630169,"Tyrese Haliburton","1610612758","Sacramento Kings",2021,"0022000418","20210214",-23.3,8.35,FALSE
1630169,"Tyrese Haliburton","1610612758","Sacramento Kings",2021,"0022000418","20210214",-0.9,15.75,TRUE
1630169,"Tyrese Haliburton","1610612758","Sacramento Kings",2021,"0022000418","20210214",-4.4,13.75,TRUE
1630169,"Tyrese Haliburton","1610612758","Sacramento Kings",2021,"0022000418","20210214",-8.2,10.35,TRUE
1630169,"Tyrese Haliburton","1610612758","Sacramento Kings",2021,"0022000418","20210214",-19.6,21.95,TRUE
1630169,"Tyrese Haliburton","1610612758","Sacramento Kings",2021,"0022000418","20210214",23.1,6.25,TRUE
1630169,"Tyrese Haliburton","1610612758","Sacramento Kings",2021,"0022000418","20210214",-0.3,6.65,TRUE
1630169,"Tyrese Haliburton","1610612758","Sacramento Kings",2021,"0022000418","20210214",-13.9,5.75,FALSE
1630169,"Tyrese Haliburton","1610612758","Sacramento Kings",2021,"0022000418","20210214",2.9,11.25,FALSE
1630169,"Tyrese Haliburton","1610612758","Sacramento Kings",2021,"0022000426","20210215",-21,19.05,TRUE
1630169,"Tyrese Haliburton","1610612758","Sacramento Kings",2021,"0022000426","20210215",-20.7,49.75,FALSE
1630169,"Tyrese Haliburton","1610612758","Sacramento Kings",2021,"0022000426","20210215",-10,29.55,FALSE
1630169,"Tyrese Haliburton","1610612758","Sacramento Kings",2021,"0022000426","20210215",7.1,11.85,FALSE
1630169,"Tyrese Haliburton","1610612758","Sacramento Kings",2021,"0022000426","20210215",-3.5,16.75,FALSE
1630169,"Tyrese Haliburton","1610612758","Sacramento Kings",2021,"0022000426","20210215",13.1,27.55,FALSE
1630169,"Tyrese Haliburton","1610612758","Sacramento Kings",2021,"0022000426","20210215",-17.4,24.55,FALSE
1630169,"Tyrese Haliburton","1610612758","Sacramento Kings",2021,"0022000426","20210215",-8.9,16.25,TRUE
1630169,"Tyrese Haliburton","1610612758","Sacramento Kings",2021,"0022000426","20210215",-14.4,27.35,TRUE
1630169,"Tyrese Haliburton","1610612758","Sacramento Kings",2021,"0022000426","20210215",-4.7,13.55,TRUE
1630169,"Tyrese Haliburton","1610612758","Sacramento Kings",2021,"0022000426","20210215",-23.1,5.75,FALSE
1630169,"Tyrese Haliburton","1610612758","Sacramento Kings",2021,"0022000447","20210218",-0.2,29.95,TRUE
1630169,"Tyrese Haliburton","1610612758","Sacramento Kings",2021,"0022000447","20210218",1,30.45,FALSE
1630169,"Tyrese Haliburton","1610612758","Sacramento Kings",2021,"0022000447","20210218",22.7,6.35,FALSE
1630169,"Tyrese Haliburton","1610612758","Sacramento Kings",2021,"0022000447","20210218",-12.3,28.05,TRUE
1630169,"Tyrese Haliburton","1610612758","Sacramento Kings",2021,"0022000447","20210218",0,5.25,TRUE
1630169,"Tyrese Haliburton","1610612758","Sacramento Kings",2021,"0022000447","20210218",18.1,23.75,FALSE
1630169,"Tyrese Haliburton","1610612758","Sacramento Kings",2021,"0022000460","20210220",-0.2,7.25,FALSE
1630169,"Tyrese Haliburton","1610612758","Sacramento Kings",2021,"0022000460","20210220",0,5.45,TRUE
1630169,"Tyrese Haliburton","1610612758","Sacramento Kings",2021,"0022000460","20210220",-1.3,30.65,TRUE
1630169,"Tyrese Haliburton","1610612758","Sacramento Kings",2021,"0022000460","20210220",0.6,5.75,TRUE
1630169,"Tyrese Haliburton","1610612758","Sacramento Kings",2021,"0022000460","20210220",-17.7,24.25,FALSE
1630169,"Tyrese Haliburton","1610612758","Sacramento Kings",2021,"0022000460","20210220",-1.1,6.15,FALSE
1630169,"Tyrese Haliburton","1610612758","Sacramento Kings",2021,"0022000460","20210220",-23.1,5.15,TRUE
1630169,"Tyrese Haliburton","1610612758","Sacramento Kings",2021,"0022000460","20210220",21.8,13.15,FALSE
1630169,"Tyrese Haliburton","1610612758","Sacramento Kings",2021,"0022000460","20210220",-0.1,7.25,FALSE
1630169,"Tyrese Haliburton","1610612758","Sacramento Kings",2021,"0022000460","20210220",-10.4,29.75,FALSE
1630169,"Tyrese Haliburton","1610612758","Sacramento Kings",2021,"0022000460","20210220",0.4,10.85,FALSE
1630169,"Tyrese Haliburton","1610612758","Sacramento Kings",2021,"0022000460","20210220",-4.5,14.65,TRUE
1630169,"Tyrese Haliburton","1610612758","Sacramento Kings",2021,"0022000460","20210220",0.6,7.45,FALSE
1630169,"Tyrese Haliburton","1610612758","Sacramento Kings",2021,"0022000460","20210220",-0.6,5.55,TRUE
1630169,"Tyrese Haliburton","1610612758","Sacramento Kings",2021,"0022000460","20210220",-4.3,20.45,FALSE
1630169,"Tyrese Haliburton","1610612758","Sacramento Kings",2021,"0022000460","20210220",-0.9,7.65,FALSE
1630169,"Tyrese Haliburton","1610612758","Sacramento Kings",2021,"0022000471","20210221",-9.1,29.55,FALSE
1630169,"Tyrese Haliburton","1610612758","Sacramento Kings",2021,"0022000471","20210221",4.7,10.95,TRUE
1630169,"Tyrese Haliburton","1610612758","Sacramento Kings",2021,"0022000471","20210221",17.5,26.15,FALSE
1630169,"Tyrese Haliburton","1610612758","Sacramento Kings",2021,"0022000471","20210221",1.2,10.15,TRUE
1630169,"Tyrese Haliburton","1610612758","Sacramento Kings",2021,"0022000471","20210221",-3.5,9.35,FALSE
1630169,"Tyrese Haliburton","1610612758","Sacramento Kings",2021,"0022000471","20210221",-2,20.75,FALSE
1630169,"Tyrese Haliburton","1610612758","Sacramento Kings",2021,"0022000471","20210221",23,8.25,TRUE
1630169,"Tyrese Haliburton","1610612758","Sacramento Kings",2021,"0022000471","20210221",-1.3,7.65,TRUE
1630169,"Tyrese Haliburton","1610612758","Sacramento Kings",2021,"0022000471","20210221",10.1,16.65,TRUE
1630169,"Tyrese Haliburton","1610612758","Sacramento Kings",2021,"0022000471","20210221",0.3,20.25,FALSE
1630169,"Tyrese Haliburton","1610612758","Sacramento Kings",2021,"0022000471","20210221",0,5.25,TRUE
1630169,"Tyrese Haliburton","1610612758","Sacramento Kings",2021,"0022000471","20210221",10.9,29.25,TRUE
1630169,"Tyrese Haliburton","1610612758","Sacramento Kings",2021,"0022000471","20210221",-0.9,16.85,TRUE
1630169,"Tyrese Haliburton","1610612758","Sacramento Kings",2021,"0022000471","20210221",0.9,6.85,TRUE
1630169,"Tyrese Haliburton","1610612758","Sacramento Kings",2021,"0022000471","20210221",-15.5,28.65,TRUE
1630169,"Tyrese Haliburton","1610612758","Sacramento Kings",2021,"0022000471","20210221",-13.9,29.15,FALSE
1630169,"Tyrese Haliburton","1610612758","Sacramento Kings",2021,"0022000482","20210223",0.3,4.55,TRUE
1630169,"Tyrese Haliburton","1610612758","Sacramento Kings",2021,"0022000482","20210223",6,14.45,FALSE
1630169,"Tyrese Haliburton","1610612758","Sacramento Kings",2021,"0022000482","20210223",0,5.25,TRUE
1630169,"Tyrese Haliburton","1610612758","Sacramento Kings",2021,"0022000482","20210223",-19.2,28.85,TRUE
1630169,"Tyrese Haliburton","1610612758","Sacramento Kings",2021,"0022000482","20210223",19,26.15,TRUE
1630169,"Tyrese Haliburton","1610612758","Sacramento Kings",2021,"0022000482","20210223",-6.5,9.55,FALSE
1630169,"Tyrese Haliburton","1610612758","Sacramento Kings",2021,"0022000482","20210223",-16.6,28.85,TRUE
1630169,"Tyrese Haliburton","1610612758","Sacramento Kings",2021,"0022000482","20210223",8.4,29.35,TRUE
1630169,"Tyrese Haliburton","1610612758","Sacramento Kings",2021,"0022000482","20210223",2.6,9.85,FALSE
1630169,"Tyrese Haliburton","1610612758","Sacramento Kings",2021,"0022000482","20210223",11.2,15.55,TRUE
1630169,"Tyrese Haliburton","1610612758","Sacramento Kings",2021,"0022000482","20210223",-1.9,33.55,FALSE
1630169,"Tyrese Haliburton","1610612758","Sacramento Kings",2021,"0022000482","20210223",22.9,10.65,FALSE
1630169,"Tyrese Haliburton","1610612758","Sacramento Kings",2021,"0022000482","20210223",-21.8,5.25,FALSE
1630169,"Tyrese Haliburton","1610612758","Sacramento Kings",2021,"0022000482","20210223",0.3,12.65,FALSE
1630169,"Tyrese Haliburton","1610612758","Sacramento Kings",2021,"0022000482","20210223",-14.4,26.65,FALSE
1630169,"Tyrese Haliburton","1610612758","Sacramento Kings",2021,"0022000482","20210223",0.1,6.05,TRUE
1630169,"Tyrese Haliburton","1610612758","Sacramento Kings",2021,"0022000482","20210223",-4.8,21.95,TRUE
1630169,"Tyrese Haliburton","1610612758","Sacramento Kings",2021,"0022000482","20210223",21.8,44.05,FALSE
1630169,"Tyrese Haliburton","1610612758","Sacramento Kings",2021,"0022000482","20210223",-16.7,11.55,FALSE
1630169,"Tyrese Haliburton","1610612758","Sacramento Kings",2021,"0022000482","20210223",-0.6,31.15,FALSE
1630169,"Tyrese Haliburton","1610612758","Sacramento Kings",2021,"0022000500","20210225",-22.1,5.05,FALSE
1630169,"Tyrese Haliburton","1610612758","Sacramento Kings",2021,"0022000500","20210225",0.2,30.45,FALSE
1630169,"Tyrese Haliburton","1610612758","Sacramento Kings",2021,"0022000500","20210225",0,20.25,TRUE
1630169,"Tyrese Haliburton","1610612758","Sacramento Kings",2021,"0022000500","20210225",7.1,12.05,TRUE
1630169,"Tyrese Haliburton","1610612758","Sacramento Kings",2021,"0022000500","20210225",-3.3,5.75,TRUE
1630169,"Tyrese Haliburton","1610612758","Sacramento Kings",2021,"0022000500","20210225",-23.2,4.15,TRUE
1630169,"Tyrese Haliburton","1610612758","Sacramento Kings",2021,"0022000500","20210225",-22.6,3.05,FALSE
1630169,"Tyrese Haliburton","1610612758","Sacramento Kings",2021,"0022000500","20210225",-0.4,11.45,TRUE
1630169,"Tyrese Haliburton","1610612758","Sacramento Kings",2021,"0022000500","20210225",20.4,20.95,FALSE
1630169,"Tyrese Haliburton","1610612758","Sacramento Kings",2021,"0022000500","20210225",22.9,4.25,FALSE
1630169,"Tyrese Haliburton","1610612758","Sacramento Kings",2021,"0022000500","20210225",6.5,29.45,TRUE
1630169,"Tyrese Haliburton","1610612758","Sacramento Kings",2021,"0022000500","20210225",-5.7,7.85,FALSE
1630169,"Tyrese Haliburton","1610612758","Sacramento Kings",2021,"0022000500","20210225",-4.3,30.95,FALSE
1630169,"Tyrese Haliburton","1610612758","Sacramento Kings",2021,"0022000578","20210311",16.5,23.65,FALSE
1630169,"Tyrese Haliburton","1610612758","Sacramento Kings",2021,"0022000578","20210311",1.6,21.65,TRUE
1630169,"Tyrese Haliburton","1610612758","Sacramento Kings",2021,"0022000578","20210311",-20.3,12.05,FALSE
1630169,"Tyrese Haliburton","1610612758","Sacramento Kings",2021,"0022000578","20210311",-8.3,29.95,TRUE
1630169,"Tyrese Haliburton","1610612758","Sacramento Kings",2021,"0022000578","20210311",4.2,26.35,FALSE
1630169,"Tyrese Haliburton","1610612758","Sacramento Kings",2021,"0022000578","20210311",2.5,6.25,FALSE
1630169,"Tyrese Haliburton","1610612758","Sacramento Kings",2021,"0022000578","20210311",0,5.25,FALSE
1630169,"Tyrese Haliburton","1610612758","Sacramento Kings",2021,"0022000590","20210313",-16.6,24.45,FALSE
1630169,"Tyrese Haliburton","1610612758","Sacramento Kings",2021,"0022000590","20210313",-4.4,30.25,FALSE
1630169,"Tyrese Haliburton","1610612758","Sacramento Kings",2021,"0022000590","20210313",-0.8,30.35,FALSE
1630169,"Tyrese Haliburton","1610612758","Sacramento Kings",2021,"0022000590","20210313",-9.6,29.15,TRUE
1630169,"Tyrese Haliburton","1610612758","Sacramento Kings",2021,"0022000590","20210313",-12.5,21.25,FALSE
1630169,"Tyrese Haliburton","1610612758","Sacramento Kings",2021,"0022000590","20210313",-4.3,30.55,TRUE
1630169,"Tyrese Haliburton","1610612758","Sacramento Kings",2021,"0022000590","20210313",-0.3,6.25,TRUE
1630169,"Tyrese Haliburton","1610612758","Sacramento Kings",2021,"0022000590","20210313",9.6,8.85,FALSE
1630169,"Tyrese Haliburton","1610612758","Sacramento Kings",2021,"0022000590","20210313",-0.6,6.05,FALSE
1630169,"Tyrese Haliburton","1610612758","Sacramento Kings",2021,"0022000590","20210313",-21.8,17.25,FALSE
1630169,"Tyrese Haliburton","1610612758","Sacramento Kings",2021,"0022000602","20210315",2.9,30.25,FALSE
1630169,"Tyrese Haliburton","1610612758","Sacramento Kings",2021,"0022000602","20210315",17.6,24.75,FALSE
1630169,"Tyrese Haliburton","1610612758","Sacramento Kings",2021,"0022000602","20210315",22.6,7.25,FALSE
1630169,"Tyrese Haliburton","1610612758","Sacramento Kings",2021,"0022000602","20210315",-0.6,5.85,TRUE
1630169,"Tyrese Haliburton","1610612758","Sacramento Kings",2021,"0022000602","20210315",8.8,6.95,TRUE
1630169,"Tyrese Haliburton","1610612758","Sacramento Kings",2021,"0022000602","20210315",-6.8,12.85,FALSE
1630169,"Tyrese Haliburton","1610612758","Sacramento Kings",2021,"0022000619","20210317",-22.9,5.55,FALSE
1630169,"Tyrese Haliburton","1610612758","Sacramento Kings",2021,"0022000619","20210317",6,24.05,TRUE
1630169,"Tyrese Haliburton","1610612758","Sacramento Kings",2021,"0022000619","20210317",17.9,27.05,FALSE
1630169,"Tyrese Haliburton","1610612758","Sacramento Kings",2021,"0022000619","20210317",0,5.25,FALSE
1630169,"Tyrese Haliburton","1610612758","Sacramento Kings",2021,"0022000619","20210317",6.3,20.35,FALSE
1630169,"Tyrese Haliburton","1610612758","Sacramento Kings",2021,"0022000619","20210317",23.2,5.65,TRUE
1630169,"Tyrese Haliburton","1610612758","Sacramento Kings",2021,"0022000619","20210317",0.3,34.05,TRUE
1630169,"Tyrese Haliburton","1610612758","Sacramento Kings",2021,"0022000619","20210317",5.1,9.75,FALSE
1630169,"Tyrese Haliburton","1610612758","Sacramento Kings",2021,"0022000619","20210317",-23.7,3.55,FALSE
1630169,"Tyrese Haliburton","1610612758","Sacramento Kings",2021,"0022000619","20210317",-18.4,24.15,TRUE
1630169,"Tyrese Haliburton","1610612758","Sacramento Kings",2021,"0022000619","20210317",-4,6.95,TRUE
1630169,"Tyrese Haliburton","1610612758","Sacramento Kings",2021,"0022000619","20210317",-19.2,6.95,FALSE
1630169,"Tyrese Haliburton","1610612758","Sacramento Kings",2021,"0022000631","20210319",22.7,5.85,FALSE
1630169,"Tyrese Haliburton","1610612758","Sacramento Kings",2021,"0022000631","20210319",-13.9,7.45,FALSE
1630169,"Tyrese Haliburton","1610612758","Sacramento Kings",2021,"0022000631","20210319",-1.9,8.45,TRUE
1630169,"Tyrese Haliburton","1610612758","Sacramento Kings",2021,"0022000631","20210319",-14.4,35.55,FALSE
1630169,"Tyrese Haliburton","1610612758","Sacramento Kings",2021,"0022000631","20210319",-2.1,6.65,FALSE
1630169,"Tyrese Haliburton","1610612758","Sacramento Kings",2021,"0022000631","20210319",10.4,30.15,FALSE
1630169,"Tyrese Haliburton","1610612758","Sacramento Kings",2021,"0022000641","20210320",23.2,3.25,FALSE
1630169,"Tyrese Haliburton","1610612758","Sacramento Kings",2021,"0022000641","20210320",-4,6.45,TRUE
1630169,"Tyrese Haliburton","1610612758","Sacramento Kings",2021,"0022000641","20210320",-4.4,4.65,FALSE
1630169,"Tyrese Haliburton","1610612758","Sacramento Kings",2021,"0022000641","20210320",-0.5,6.35,TRUE
1630169,"Tyrese Haliburton","1610612758","Sacramento Kings",2021,"0022000641","20210320",23,4.85,FALSE
1630169,"Tyrese Haliburton","1610612758","Sacramento Kings",2021,"0022000641","20210320",7.2,54.35,FALSE
1630169,"Tyrese Haliburton","1610612758","Sacramento Kings",2021,"0022000641","20210320",-1,5.65,TRUE
1630169,"Tyrese Haliburton","1610612758","Sacramento Kings",2021,"0022000641","20210320",-22.5,3.95,FALSE
1630169,"Tyrese Haliburton","1610612758","Sacramento Kings",2021,"0022000641","20210320",0,19.05,TRUE
1630169,"Tyrese Haliburton","1610612758","Sacramento Kings",2021,"0022000641","20210320",-1.7,16.75,FALSE
1630169,"Tyrese Haliburton","1610612758","Sacramento Kings",2021,"0022000641","20210320",-10.6,19.05,FALSE
1630169,"Tyrese Haliburton","1610612758","Sacramento Kings",2021,"0022000641","20210320",0.8,6.15,TRUE
1630169,"Tyrese Haliburton","1610612758","Sacramento Kings",2021,"0022000653","20210322",-0.9,16.85,TRUE
1630169,"Tyrese Haliburton","1610612758","Sacramento Kings",2021,"0022000653","20210322",14.1,25.85,TRUE
1630169,"Tyrese Haliburton","1610612758","Sacramento Kings",2021,"0022000653","20210322",-12.5,7.45,TRUE
1630169,"Tyrese Haliburton","1610612758","Sacramento Kings",2021,"0022000653","20210322",-23.4,6.65,TRUE
1630169,"Tyrese Haliburton","1610612758","Sacramento Kings",2021,"0022000653","20210322",-0.5,31.05,FALSE
1630169,"Tyrese Haliburton","1610612758","Sacramento Kings",2021,"0022000653","20210322",0.3,5.85,TRUE
1630169,"Tyrese Haliburton","1610612758","Sacramento Kings",2021,"0022000653","20210322",-0.2,6.05,TRUE
1630169,"Tyrese Haliburton","1610612758","Sacramento Kings",2021,"0022000653","20210322",-9,12.35,FALSE
1630169,"Tyrese Haliburton","1610612758","Sacramento Kings",2021,"0022000653","20210322",-0.9,4.85,FALSE
1630169,"Tyrese Haliburton","1610612758","Sacramento Kings",2021,"0022000653","20210322",-1.9,5.95,TRUE
1630169,"Tyrese Haliburton","1610612758","Sacramento Kings",2021,"0022000653","20210322",-9.6,25.65,FALSE
1630169,"Tyrese Haliburton","1610612758","Sacramento Kings",2021,"0022000653","20210322",-0.4,21.25,TRUE
1630169,"Tyrese Haliburton","1610612758","Sacramento Kings",2021,"0022000653","20210322",22.5,18.55,TRUE
1630169,"Tyrese Haliburton","1610612758","Sacramento Kings",2021,"0022000653","20210322",-10.8,17.05,TRUE
1630169,"Tyrese Haliburton","1610612758","Sacramento Kings",2021,"0022000653","20210322",22.5,9.55,TRUE
1630169,"Tyrese Haliburton","1610612758","Sacramento Kings",2021,"0022000677","20210324",0.9,17.15,FALSE
1630169,"Tyrese Haliburton","1610612758","Sacramento Kings",2021,"0022000677","20210324",0,5.25,FALSE
1630169,"Tyrese Haliburton","1610612758","Sacramento Kings",2021,"0022000677","20210324",-2.4,5.65,TRUE
1630169,"Tyrese Haliburton","1610612758","Sacramento Kings",2021,"0022000677","20210324",-13.9,20.55,TRUE
1630169,"Tyrese Haliburton","1610612758","Sacramento Kings",2021,"0022000677","20210324",-18.4,24.15,FALSE
1630169,"Tyrese Haliburton","1610612758","Sacramento Kings",2021,"0022000677","20210324",0.3,22.25,FALSE
1630169,"Tyrese Haliburton","1610612758","Sacramento Kings",2021,"0022000677","20210324",1.4,8.05,TRUE
1630169,"Tyrese Haliburton","1610612758","Sacramento Kings",2021,"0022000677","20210324",-1.5,31.05,TRUE
1630169,"Tyrese Haliburton","1610612758","Sacramento Kings",2021,"0022000677","20210324",-13.8,26.45,FALSE
1630169,"Tyrese Haliburton","1610612758","Sacramento Kings",2021,"0022000677","20210324",-1.3,7.35,FALSE
1630169,"Tyrese Haliburton","1610612758","Sacramento Kings",2021,"0022000677","20210324",5,31.15,TRUE
1630169,"Tyrese Haliburton","1610612758","Sacramento Kings",2021,"0022000677","20210324",-0.4,14.95,TRUE
1630169,"Tyrese Haliburton","1610612758","Sacramento Kings",2021,"0022000682","20210325",-1.1,5.25,TRUE
1630169,"Tyrese Haliburton","1610612758","Sacramento Kings",2021,"0022000682","20210325",23.1,7.85,TRUE
1630169,"Tyrese Haliburton","1610612758","Sacramento Kings",2021,"0022000682","20210325",-6.6,8.45,FALSE
1630169,"Tyrese Haliburton","1610612758","Sacramento Kings",2021,"0022000682","20210325",18.5,21.85,TRUE
1630169,"Tyrese Haliburton","1610612758","Sacramento Kings",2021,"0022000682","20210325",-19.6,24.45,TRUE
1630169,"Tyrese Haliburton","1610612758","Sacramento Kings",2021,"0022000682","20210325",15,24.65,TRUE
1630169,"Tyrese Haliburton","1610612758","Sacramento Kings",2021,"0022000682","20210325",22.8,11.65,FALSE
1630169,"Tyrese Haliburton","1610612758","Sacramento Kings",2021,"0022000682","20210325",2.6,9.55,FALSE
1630169,"Tyrese Haliburton","1610612758","Sacramento Kings",2021,"0022000682","20210325",9.3,28.65,TRUE
1630169,"Tyrese Haliburton","1610612758","Sacramento Kings",2021,"0022000682","20210325",-14.3,26.65,TRUE
1630169,"Tyrese Haliburton","1610612758","Sacramento Kings",2021,"0022000682","20210325",0.5,11.25,FALSE
1630169,"Tyrese Haliburton","1610612758","Sacramento Kings",2021,"0022000702","20210327",-7.9,9.25,TRUE
1630169,"Tyrese Haliburton","1610612758","Sacramento Kings",2021,"0022000702","20210327",-22.8,7.95,FALSE
1630169,"Tyrese Haliburton","1610612758","Sacramento Kings",2021,"0022000702","20210327",-7.4,10.35,TRUE
1630169,"Tyrese Haliburton","1610612758","Sacramento Kings",2021,"0022000702","20210327",-5.6,9.35,TRUE
1630169,"Tyrese Haliburton","1610612758","Sacramento Kings",2021,"0022000702","20210327",-9.2,20.05,TRUE
1630169,"Tyrese Haliburton","1610612758","Sacramento Kings",2021,"0022000702","20210327",-23.1,15.65,TRUE
1630169,"Tyrese Haliburton","1610612758","Sacramento Kings",2021,"0022000702","20210327",-4.7,8.35,FALSE
1630169,"Tyrese Haliburton","1610612758","Sacramento Kings",2021,"0022000702","20210327",-0.6,50.65,FALSE
1630169,"Tyrese Haliburton","1610612758","Sacramento Kings",2021,"0022000702","20210327",-12.4,27.85,FALSE
1630169,"Tyrese Haliburton","1610612758","Sacramento Kings",2021,"0022000702","20210327",-2.5,16.85,TRUE
1630169,"Tyrese Haliburton","1610612758","Sacramento Kings",2021,"0022000702","20210327",-13.1,30.35,FALSE
1630169,"Tyrese Haliburton","1610612758","Sacramento Kings",2021,"0022000714","20210329",-8.9,6.95,FALSE
1630169,"Tyrese Haliburton","1610612758","Sacramento Kings",2021,"0022000714","20210329",-23.4,8.95,FALSE
1630169,"Tyrese Haliburton","1610612758","Sacramento Kings",2021,"0022000714","20210329",-23.2,13.65,TRUE
1630169,"Tyrese Haliburton","1610612758","Sacramento Kings",2021,"0022000714","20210329",-2.8,13.95,TRUE
1630169,"Tyrese Haliburton","1610612758","Sacramento Kings",2021,"0022000714","20210329",0.6,13.25,TRUE
1630169,"Tyrese Haliburton","1610612758","Sacramento Kings",2021,"0022000714","20210329",-5.2,9.35,FALSE
1630169,"Tyrese Haliburton","1610612758","Sacramento Kings",2021,"0022000714","20210329",-22.7,3.65,FALSE
1630169,"Tyrese Haliburton","1610612758","Sacramento Kings",2021,"0022000714","20210329",5.2,8.95,TRUE
1630169,"Tyrese Haliburton","1610612758","Sacramento Kings",2021,"0022000714","20210329",-2.7,13.85,TRUE
1630169,"Tyrese Haliburton","1610612758","Sacramento Kings",2021,"0022000714","20210329",0.3,33.05,FALSE
1630169,"Tyrese Haliburton","1610612758","Sacramento Kings",2021,"0022000714","20210329",-6.4,10.65,FALSE
1630169,"Tyrese Haliburton","1610612758","Sacramento Kings",2021,"0022000714","20210329",4.6,9.65,TRUE
1630169,"Tyrese Haliburton","1610612758","Sacramento Kings",2021,"0022000714","20210329",6,42.05,FALSE
1630169,"Tyrese Haliburton","1610612758","Sacramento Kings",2021,"0022000714","20210329",1.2,16.25,TRUE
1630169,"Tyrese Haliburton","1610612758","Sacramento Kings",2021,"0022000714","20210329",-22.2,5.15,FALSE
1630169,"Tyrese Haliburton","1610612758","Sacramento Kings",2021,"0022000728","20210331",7.3,8.35,TRUE
1630169,"Tyrese Haliburton","1610612758","Sacramento Kings",2021,"0022000728","20210331",-14.4,25.85,FALSE
1630169,"Tyrese Haliburton","1610612758","Sacramento Kings",2021,"0022000728","20210331",-4.5,33.15,TRUE
1630169,"Tyrese Haliburton","1610612758","Sacramento Kings",2021,"0022000728","20210331",-14.8,29.35,FALSE
1630169,"Tyrese Haliburton","1610612758","Sacramento Kings",2021,"0022000728","20210331",1.6,10.55,TRUE
1630169,"Tyrese Haliburton","1610612758","Sacramento Kings",2021,"0022000728","20210331",-18.2,23.25,TRUE
1630169,"Tyrese Haliburton","1610612758","Sacramento Kings",2021,"0022000728","20210331",-8.4,8.95,FALSE
1630169,"Tyrese Haliburton","1610612758","Sacramento Kings",2021,"0022000728","20210331",-20.8,19.35,FALSE
1630169,"Tyrese Haliburton","1610612758","Sacramento Kings",2021,"0022000728","20210331",-12.3,17.65,TRUE
1630169,"Tyrese Haliburton","1610612758","Sacramento Kings",2021,"0022000728","20210331",-0.2,20.55,FALSE
1630169,"Tyrese Haliburton","1610612758","Sacramento Kings",2021,"0022000728","20210331",-2.2,6.75,FALSE
1630169,"Tyrese Haliburton","1610612758","Sacramento Kings",2021,"0022000728","20210331",-20,3.55,FALSE
1630169,"Tyrese Haliburton","1610612758","Sacramento Kings",2021,"0022000728","20210331",23.4,6.95,TRUE
1630169,"Tyrese Haliburton","1610612758","Sacramento Kings",2021,"0022000728","20210331",-0.3,4.95,TRUE
1630169,"Tyrese Haliburton","1610612758","Sacramento Kings",2021,"0022000728","20210331",11.7,28.95,FALSE
1630169,"Tyrese Haliburton","1610612758","Sacramento Kings",2021,"0022000746","20210402",-0.6,14.05,FALSE
1630169,"Tyrese Haliburton","1610612758","Sacramento Kings",2021,"0022000746","20210402",0.3,18.25,TRUE
1630169,"Tyrese Haliburton","1610612758","Sacramento Kings",2021,"0022000746","20210402",-7.8,5.65,TRUE
1630169,"Tyrese Haliburton","1610612758","Sacramento Kings",2021,"0022000746","20210402",2.2,30.35,FALSE
1630169,"Tyrese Haliburton","1610612758","Sacramento Kings",2021,"0022000746","20210402",-1.9,14.75,FALSE
1630169,"Tyrese Haliburton","1610612758","Sacramento Kings",2021,"0022000746","20210402",2.3,14.25,FALSE
1630169,"Tyrese Haliburton","1610612758","Sacramento Kings",2021,"0022000746","20210402",-23.8,7.25,TRUE
1630169,"Tyrese Haliburton","1610612758","Sacramento Kings",2021,"0022000746","20210402",22.8,8.05,FALSE
1630169,"Tyrese Haliburton","1610612758","Sacramento Kings",2021,"0022000746","20210402",-1.3,6.35,TRUE
1630169,"Tyrese Haliburton","1610612758","Sacramento Kings",2021,"0022000754","20210403",-6.8,9.95,FALSE
1630169,"Tyrese Haliburton","1610612758","Sacramento Kings",2021,"0022000754","20210403",0.6,20.15,TRUE
1630169,"Tyrese Haliburton","1610612758","Sacramento Kings",2021,"0022000754","20210403",13.6,22.25,TRUE
1630169,"Tyrese Haliburton","1610612758","Sacramento Kings",2021,"0022000754","20210403",-3.1,9.95,FALSE
1630169,"Tyrese Haliburton","1610612758","Sacramento Kings",2021,"0022000754","20210403",1.3,21.15,FALSE
1630169,"Tyrese Haliburton","1610612758","Sacramento Kings",2021,"0022000754","20210403",4.9,25.85,FALSE
1630169,"Tyrese Haliburton","1610612758","Sacramento Kings",2021,"0022000754","20210403",-13.1,28.95,TRUE
1630169,"Tyrese Haliburton","1610612758","Sacramento Kings",2021,"0022000754","20210403",8.8,11.05,FALSE
1630169,"Tyrese Haliburton","1610612758","Sacramento Kings",2021,"0022000754","20210403",-16.4,28.15,TRUE
1630169,"Tyrese Haliburton","1610612758","Sacramento Kings",2021,"0022000754","20210403",-22.8,6.65,FALSE
1630169,"Tyrese Haliburton","1610612758","Sacramento Kings",2021,"0022000754","20210403",23,4.05,FALSE
1630169,"Tyrese Haliburton","1610612758","Sacramento Kings",2021,"0022000754","20210403",4.4,30.85,FALSE
1630169,"Tyrese Haliburton","1610612758","Sacramento Kings",2021,"0022000754","20210403",0.5,6.55,TRUE
1630169,"Tyrese Haliburton","1610612758","Sacramento Kings",2021,"0022000765","20210405",-1.5,6.35,TRUE
1630169,"Tyrese Haliburton","1610612758","Sacramento Kings",2021,"0022000765","20210405",-14.7,20.65,FALSE
1630169,"Tyrese Haliburton","1610612758","Sacramento Kings",2021,"0022000765","20210405",2.2,33.35,FALSE
1630169,"Tyrese Haliburton","1610612758","Sacramento Kings",2021,"0022000765","20210405",-18.3,4.75,FALSE
1630169,"Tyrese Haliburton","1610612758","Sacramento Kings",2021,"0022000765","20210405",-1.4,31.65,FALSE
1630169,"Tyrese Haliburton","1610612758","Sacramento Kings",2021,"0022000765","20210405",-6.6,23.05,TRUE
1630169,"Tyrese Haliburton","1610612758","Sacramento Kings",2021,"0022000765","20210405",-5.2,10.35,TRUE
1630169,"Tyrese Haliburton","1610612758","Sacramento Kings",2021,"0022000765","20210405",-3.5,17.85,FALSE
1630169,"Tyrese Haliburton","1610612758","Sacramento Kings",2021,"0022000765","20210405",-0.1,5.55,TRUE
1630169,"Tyrese Haliburton","1610612758","Sacramento Kings",2021,"0022000789","20210408",3.2,8.65,TRUE
1630169,"Tyrese Haliburton","1610612758","Sacramento Kings",2021,"0022000789","20210408",-3,7.15,FALSE
1630169,"Tyrese Haliburton","1610612758","Sacramento Kings",2021,"0022000789","20210408",-11.9,16.55,FALSE
1630169,"Tyrese Haliburton","1610612758","Sacramento Kings",2021,"0022000789","20210408",-2.2,6.15,TRUE
1630169,"Tyrese Haliburton","1610612758","Sacramento Kings",2021,"0022000789","20210408",-15.9,24.95,FALSE
1630169,"Tyrese Haliburton","1610612758","Sacramento Kings",2021,"0022000789","20210408",-12.7,26.65,FALSE
1630169,"Tyrese Haliburton","1610612758","Sacramento Kings",2021,"0022000789","20210408",-11.2,17.95,TRUE
1630169,"Tyrese Haliburton","1610612758","Sacramento Kings",2021,"0022000789","20210408",-3.6,7.75,FALSE
1630169,"Tyrese Haliburton","1610612758","Sacramento Kings",2021,"0022000789","20210408",0.7,6.35,TRUE
1630169,"Tyrese Haliburton","1610612758","Sacramento Kings",2021,"0022000789","20210408",-0.9,31.55,FALSE
1630169,"Tyrese Haliburton","1610612758","Sacramento Kings",2021,"0022000801","20210410",6,19.35,TRUE
1630169,"Tyrese Haliburton","1610612758","Sacramento Kings",2021,"0022000801","20210410",-20.3,11.05,FALSE
1630169,"Tyrese Haliburton","1610612758","Sacramento Kings",2021,"0022000801","20210410",16.5,56.15,FALSE
1630169,"Tyrese Haliburton","1610612758","Sacramento Kings",2021,"0022000801","20210410",11.6,13.75,FALSE
1630169,"Tyrese Haliburton","1610612758","Sacramento Kings",2021,"0022000801","20210410",9.5,14.05,TRUE
1630169,"Tyrese Haliburton","1610612758","Sacramento Kings",2021,"0022000801","20210410",2.7,29.75,TRUE
1630169,"Tyrese Haliburton","1610612758","Sacramento Kings",2021,"0022000801","20210410",-4.6,19.85,FALSE
1630169,"Tyrese Haliburton","1610612758","Sacramento Kings",2021,"0022000801","20210410",7.3,15.15,FALSE
1630169,"Tyrese Haliburton","1610612758","Sacramento Kings",2021,"0022000801","20210410",-1.4,6.95,FALSE
1630169,"Tyrese Haliburton","1610612758","Sacramento Kings",2021,"0022000801","20210410",-1.3,9.15,FALSE
1630169,"Tyrese Haliburton","1610612758","Sacramento Kings",2021,"0022000801","20210410",-22.5,6.75,TRUE
1630169,"Tyrese Haliburton","1610612758","Sacramento Kings",2021,"0022000801","20210410",-10.9,18.45,TRUE
1630169,"Tyrese Haliburton","1610612758","Sacramento Kings",2021,"0022000801","20210410",-10.7,28.45,FALSE
1630169,"Tyrese Haliburton","1610612758","Sacramento Kings",2021,"0022000819","20210412",-16.6,24.65,FALSE
1630169,"Tyrese Haliburton","1610612758","Sacramento Kings",2021,"0022000819","20210412",0.8,5.05,TRUE
1630169,"Tyrese Haliburton","1610612758","Sacramento Kings",2021,"0022000819","20210412",22.8,9.95,FALSE
1630169,"Tyrese Haliburton","1610612758","Sacramento Kings",2021,"0022000819","20210412",-16.5,29.25,FALSE
1630169,"Tyrese Haliburton","1610612758","Sacramento Kings",2021,"0022000819","20210412",5.9,6.05,FALSE
1630169,"Tyrese Haliburton","1610612758","Sacramento Kings",2021,"0022000819","20210412",-21.8,18.25,FALSE
1630169,"Tyrese Haliburton","1610612758","Sacramento Kings",2021,"0022000819","20210412",20.9,12.65,TRUE
1630169,"Tyrese Haliburton","1610612758","Sacramento Kings",2021,"0022000819","20210412",-1.4,4.55,TRUE
1630169,"Tyrese Haliburton","1610612758","Sacramento Kings",2021,"0022000819","20210412",-13.5,26.45,TRUE
1630169,"Tyrese Haliburton","1610612758","Sacramento Kings",2021,"0022000819","20210412",1.1,16.15,TRUE
1630169,"Tyrese Haliburton","1610612758","Sacramento Kings",2021,"0022000839","20210414",-22.8,5.65,TRUE
1630169,"Tyrese Haliburton","1610612758","Sacramento Kings",2021,"0022000839","20210414",-9.4,29.15,FALSE
1630169,"Tyrese Haliburton","1610612758","Sacramento Kings",2021,"0022000839","20210414",0.3,13.25,FALSE
1630169,"Tyrese Haliburton","1610612758","Sacramento Kings",2021,"0022000839","20210414",-19.7,21.95,TRUE
1630169,"Tyrese Haliburton","1610612758","Sacramento Kings",2021,"0022000839","20210414",3,22.45,FALSE
1630169,"Tyrese Haliburton","1610612758","Sacramento Kings",2021,"0022000839","20210414",3.2,13.75,FALSE
1630169,"Tyrese Haliburton","1610612758","Sacramento Kings",2021,"0022000839","20210414",-19.6,20.45,FALSE
1630169,"Tyrese Haliburton","1610612758","Sacramento Kings",2021,"0022000839","20210414",-11.4,37.75,FALSE
1630169,"Tyrese Haliburton","1610612758","Sacramento Kings",2021,"0022000839","20210414",-3,7.05,FALSE
1630169,"Tyrese Haliburton","1610612758","Sacramento Kings",2021,"0022000839","20210414",-3.2,10.15,FALSE
1630169,"Tyrese Haliburton","1610612758","Sacramento Kings",2021,"0022000839","20210414",7.2,13.75,FALSE
1630169,"Tyrese Haliburton","1610612758","Sacramento Kings",2021,"0022000839","20210414",0.3,18.55,TRUE
1630169,"Tyrese Haliburton","1610612758","Sacramento Kings",2021,"0022000839","20210414",22.6,7.75,FALSE
1630169,"Tyrese Haliburton","1610612758","Sacramento Kings",2021,"0022000843","20210415",-7.3,15.35,FALSE
1630169,"Tyrese Haliburton","1610612758","Sacramento Kings",2021,"0022000843","20210415",-3.9,31.55,TRUE
1630169,"Tyrese Haliburton","1610612758","Sacramento Kings",2021,"0022000843","20210415",-16.5,5.05,TRUE
1630169,"Tyrese Haliburton","1610612758","Sacramento Kings",2021,"0022000843","20210415",17.9,27.45,TRUE
1630169,"Tyrese Haliburton","1610612758","Sacramento Kings",2021,"0022000843","20210415",0.6,17.95,TRUE
1630169,"Tyrese Haliburton","1610612758","Sacramento Kings",2021,"0022000843","20210415",11.1,24.05,TRUE
1630169,"Tyrese Haliburton","1610612758","Sacramento Kings",2021,"0022000843","20210415",16.1,26.85,FALSE
1630169,"Tyrese Haliburton","1610612758","Sacramento Kings",2021,"0022000866","20210418",-0.4,18.95,FALSE
1630169,"Tyrese Haliburton","1610612758","Sacramento Kings",2021,"0022000866","20210418",-0.5,17.65,FALSE
1630169,"Tyrese Haliburton","1610612758","Sacramento Kings",2021,"0022000880","20210420",-8.8,29.15,TRUE
1630169,"Tyrese Haliburton","1610612758","Sacramento Kings",2021,"0022000880","20210420",-6.2,30.05,FALSE
1630169,"Tyrese Haliburton","1610612758","Sacramento Kings",2021,"0022000880","20210420",-1.4,6.05,FALSE
1630169,"Tyrese Haliburton","1610612758","Sacramento Kings",2021,"0022000880","20210420",-1.6,16.85,FALSE
1630169,"Tyrese Haliburton","1610612758","Sacramento Kings",2021,"0022000880","20210420",-23,6.55,TRUE
1630169,"Tyrese Haliburton","1610612758","Sacramento Kings",2021,"0022000880","20210420",7.1,30.05,FALSE
1630169,"Tyrese Haliburton","1610612758","Sacramento Kings",2021,"0022000880","20210420",-1.3,6.95,FALSE
1630169,"Tyrese Haliburton","1610612758","Sacramento Kings",2021,"0022000880","20210420",10.1,54.55,FALSE
1630169,"Tyrese Haliburton","1610612758","Sacramento Kings",2021,"0022000880","20210420",20.4,21.55,FALSE
1630169,"Tyrese Haliburton","1610612758","Sacramento Kings",2021,"0022000880","20210420",-0.4,7.55,FALSE
1630169,"Tyrese Haliburton","1610612758","Sacramento Kings",2021,"0022000891","20210421",-3.5,14.05,TRUE
1630169,"Tyrese Haliburton","1610612758","Sacramento Kings",2021,"0022000891","20210421",-22.9,6.05,TRUE
1630169,"Tyrese Haliburton","1610612758","Sacramento Kings",2021,"0022000891","20210421",-15.8,25.25,FALSE
1630169,"Tyrese Haliburton","1610612758","Sacramento Kings",2021,"0022000891","20210421",-6.2,13.45,FALSE
1630169,"Tyrese Haliburton","1610612758","Sacramento Kings",2021,"0022000891","20210421",-2.9,5.85,TRUE
1630169,"Tyrese Haliburton","1610612758","Sacramento Kings",2021,"0022000891","20210421",-23.4,4.65,TRUE
1630169,"Tyrese Haliburton","1610612758","Sacramento Kings",2021,"0022000891","20210421",-21.2,18.45,FALSE
1630169,"Tyrese Haliburton","1610612758","Sacramento Kings",2021,"0022000891","20210421",23.2,7.55,TRUE
1630169,"Tyrese Haliburton","1610612758","Sacramento Kings",2021,"0022000891","20210421",-22.2,16.75,TRUE
1630169,"Tyrese Haliburton","1610612758","Sacramento Kings",2021,"0022000915","20210425",23,4.25,FALSE
1630169,"Tyrese Haliburton","1610612758","Sacramento Kings",2021,"0022000915","20210425",-3.9,9.85,TRUE
1630169,"Tyrese Haliburton","1610612758","Sacramento Kings",2021,"0022000915","20210425",19.5,19.35,FALSE
1630169,"Tyrese Haliburton","1610612758","Sacramento Kings",2021,"0022000915","20210425",-0.5,18.25,FALSE
1630169,"Tyrese Haliburton","1610612758","Sacramento Kings",2021,"0022000915","20210425",2.1,8.95,FALSE
1630169,"Tyrese Haliburton","1610612758","Sacramento Kings",2021,"0022000915","20210425",9.6,18.95,TRUE
1630169,"Tyrese Haliburton","1610612758","Sacramento Kings",2021,"0022000915","20210425",-22.8,8.95,FALSE
1630169,"Tyrese Haliburton","1610612758","Sacramento Kings",2021,"0022000915","20210425",-1.6,16.65,FALSE
1630169,"Tyrese Haliburton","1610612758","Sacramento Kings",2021,"0022000915","20210425",14.4,16.25,FALSE
1630169,"Tyrese Haliburton","1610612758","Sacramento Kings",2021,"0022000915","20210425",-16.3,25.15,TRUE
1630169,"Tyrese Haliburton","1610612758","Sacramento Kings",2021,"0022000915","20210425",18.2,29.15,FALSE
1630169,"Tyrese Haliburton","1610612758","Sacramento Kings",2021,"0022000915","20210425",0.5,13.15,FALSE
1630169,"Tyrese Haliburton","1610612758","Sacramento Kings",2021,"0022000915","20210425",-1.1,7.75,TRUE
1630169,"Tyrese Haliburton","1610612758","Sacramento Kings",2021,"0022000915","20210425",-0.5,8.45,TRUE
1630169,"Tyrese Haliburton","1610612758","Sacramento Kings",2021,"0022000915","20210425",-14.4,33.85,TRUE
1630169,"Tyrese Haliburton","1610612758","Sacramento Kings",2021,"0022000915","20210425",0.3,16.25,TRUE
1630169,"Tyrese Haliburton","1610612758","Sacramento Kings",2021,"0022000915","20210425",-16.8,34.65,FALSE
1630169,"Tyrese Haliburton","1610612758","Sacramento Kings",2021,"0022000915","20210425",-0.6,9.85,TRUE
1630169,"Tyrese Haliburton","1610612758","Sacramento Kings",2021,"0022000915","20210425",0.6,8.85,TRUE
1630169,"Tyrese Haliburton","1610612758","Sacramento Kings",2021,"0022000915","20210425",-1.3,8.15,TRUE
1630169,"Tyrese Haliburton","1610612758","Sacramento Kings",2021,"0022000926","20210426",-7.3,31.65,FALSE
1630169,"Tyrese Haliburton","1610612758","Sacramento Kings",2021,"0022000926","20210426",-23.1,6.55,FALSE
1630169,"Tyrese Haliburton","1610612758","Sacramento Kings",2021,"0022000926","20210426",-0.7,12.95,TRUE
1630169,"Tyrese Haliburton","1610612758","Sacramento Kings",2021,"0022000926","20210426",-22.8,4.75,FALSE
1630169,"Tyrese Haliburton","1610612758","Sacramento Kings",2021,"0022000926","20210426",-3.8,13.25,TRUE
1630169,"Tyrese Haliburton","1610612758","Sacramento Kings",2021,"0022000926","20210426",-18.1,22.85,FALSE
1630169,"Tyrese Haliburton","1610612758","Sacramento Kings",2021,"0022000926","20210426",-13.9,27.35,TRUE
1630169,"Tyrese Haliburton","1610612758","Sacramento Kings",2021,"0022000926","20210426",12.7,13.85,FALSE
1630169,"Tyrese Haliburton","1610612758","Sacramento Kings",2021,"0022000926","20210426",-1.9,6.35,FALSE
1630169,"Tyrese Haliburton","1610612758","Sacramento Kings",2021,"0022000926","20210426",9.4,6.55,TRUE
1630169,"Tyrese Haliburton","1610612758","Sacramento Kings",2021,"0022000926","20210426",-0.5,30.55,TRUE
1630169,"Tyrese Haliburton","1610612758","Sacramento Kings",2021,"0022000926","20210426",-18.8,23.85,FALSE
1630169,"Tyrese Haliburton","1610612758","Sacramento Kings",2021,"0022000926","20210426",16.9,23.65,FALSE
1630169,"Tyrese Haliburton","1610612758","Sacramento Kings",2021,"0022000926","20210426",4.9,14.75,FALSE
1630169,"Tyrese Haliburton","1610612758","Sacramento Kings",2021,"0022000926","20210426",-10.6,18.65,TRUE
1630169,"Tyrese Haliburton","1610612758","Sacramento Kings",2021,"0022000926","20210426",-15,26.25,FALSE
1630169,"Tyrese Haliburton","1610612758","Sacramento Kings",2021,"0022000942","20210428",-0.8,15.85,TRUE
1630169,"Tyrese Haliburton","1610612758","Sacramento Kings",2021,"0022000942","20210428",-0.6,13.15,FALSE
1630169,"Tyrese Haliburton","1610612758","Sacramento Kings",2021,"0022000942","20210428",-1.9,6.45,FALSE
1630169,"Tyrese Haliburton","1610612758","Sacramento Kings",2021,"0022000942","20210428",-15.6,24.75,FALSE
1630169,"Tyrese Haliburton","1610612758","Sacramento Kings",2021,"0022000942","20210428",-0.5,20.95,FALSE
1630169,"Tyrese Haliburton","1610612758","Sacramento Kings",2021,"0022000942","20210428",12.8,8.45,FALSE
1630169,"Tyrese Haliburton","1610612758","Sacramento Kings",2021,"0022000942","20210428",0.8,11.75,FALSE
1630169,"Tyrese Haliburton","1610612758","Sacramento Kings",2021,"0022000942","20210428",-8.5,28.75,TRUE
1630169,"Tyrese Haliburton","1610612758","Sacramento Kings",2021,"0022000942","20210428",8.1,9.35,FALSE
1630169,"Tyrese Haliburton","1610612758","Sacramento Kings",2021,"0022000942","20210428",-0.1,6.25,TRUE
1630169,"Tyrese Haliburton","1610612758","Sacramento Kings",2021,"0022000942","20210428",3,20.85,TRUE
1630169,"Tyrese Haliburton","1610612758","Sacramento Kings",2021,"0022000942","20210428",0,15.35,TRUE
1630169,"Tyrese Haliburton","1610612758","Sacramento Kings",2021,"0022000942","20210428",0.4,6.95,TRUE
1630169,"Tyrese Haliburton","1610612758","Sacramento Kings",2021,"0022000942","20210428",9.3,31.35,FALSE
1630169,"Tyrese Haliburton","1610612758","Sacramento Kings",2021,"0022000956","20210430",-6.2,20.85,FALSE
1630169,"Tyrese Haliburton","1610612758","Sacramento Kings",2021,"0022000956","20210430",-17.2,25.05,TRUE
1630169,"Tyrese Haliburton","1610612758","Sacramento Kings",2021,"0022000956","20210430",10.9,30.05,FALSE
1630169,"Tyrese Haliburton","1610612758","Sacramento Kings",2021,"0022000956","20210430",-22.9,6.05,TRUE
1630169,"Tyrese Haliburton","1610612758","Sacramento Kings",2021,"0022000956","20210430",4.4,30.85,TRUE
1630169,"Tyrese Haliburton","1610612758","Sacramento Kings",2021,"0022000956","20210430",-2.7,24.15,TRUE
1630169,"Tyrese Haliburton","1610612758","Sacramento Kings",2021,"0022000956","20210430",0.4,27.05,FALSE
1630169,"Tyrese Haliburton","1610612758","Sacramento Kings",2021,"0022000956","20210430",-4.5,32.05,FALSE
1630169,"Tyrese Haliburton","1610612758","Sacramento Kings",2021,"0022000956","20210430",-19.6,23.05,TRUE
1630169,"Tyrese Haliburton","1610612758","Sacramento Kings",2021,"0022000956","20210430",-10.3,32.75,FALSE
1630169,"Tyrese Haliburton","1610612758","Sacramento Kings",2021,"0022000956","20210430",-4.8,6.85,TRUE
1630169,"Tyrese Haliburton","1610612758","Sacramento Kings",2021,"0022000956","20210430",-2.4,5.45,TRUE
1630169,"Tyrese Haliburton","1610612758","Sacramento Kings",2021,"0022000956","20210430",-0.4,5.75,TRUE
1630169,"Tyrese Haliburton","1610612758","Sacramento Kings",2021,"0022000956","20210430",-23.9,2.35,FALSE
1630169,"Tyrese Haliburton","1610612758","Sacramento Kings",2021,"0022000970","20210502",22.9,5.65,TRUE
1630169,"Tyrese Haliburton","1610612758","Sacramento Kings",2021,"0022000970","20210502",-0.2,7.75,TRUE
1630169,"Tyrese Haliburton","1610612758","Sacramento Kings",2021,"0022000970","20210502",-9.5,28.75,TRUE
1630169,"Tyrese Haliburton","1610612758","Sacramento Kings",2021,"0022000970","20210502",-2.4,16.95,FALSE
1630169,"Tyrese Haliburton","1610612758","Sacramento Kings",2021,"0022000970","20210502",-16.1,11.65,TRUE
1630169,"Tyrese Haliburton","1610612758","Sacramento Kings",2021,"0022000970","20210502",-23,3.15,FALSE
1630169,"Tyrese Haliburton","1610612758","Sacramento Kings",2021,"0022000970","20210502",1.3,7.65,FALSE
1630169,"Tyrese Haliburton","1610612758","Sacramento Kings",2021,"0022000970","20210502",-17.9,22.55,FALSE
1630169,"Tyrese Haliburton","1610612758","Sacramento Kings",2022,"0022100013","20211020",-4,15.75,FALSE
1630169,"Tyrese Haliburton","1610612758","Sacramento Kings",2022,"0022100013","20211020",-3.8,7.15,FALSE
1630169,"Tyrese Haliburton","1610612758","Sacramento Kings",2022,"0022100013","20211020",21.1,19.35,FALSE
1630169,"Tyrese Haliburton","1610612758","Sacramento Kings",2022,"0022100013","20211020",1.2,5.65,TRUE
1630169,"Tyrese Haliburton","1610612758","Sacramento Kings",2022,"0022100013","20211020",2.8,14.65,FALSE
1630169,"Tyrese Haliburton","1610612758","Sacramento Kings",2022,"0022100026","20211022",-9.1,17.55,TRUE
1630169,"Tyrese Haliburton","1610612758","Sacramento Kings",2022,"0022100026","20211022",-0.7,13.75,TRUE
1630169,"Tyrese Haliburton","1610612758","Sacramento Kings",2022,"0022100026","20211022",4.4,12.85,FALSE
1630169,"Tyrese Haliburton","1610612758","Sacramento Kings",2022,"0022100026","20211022",-1.2,5.65,TRUE
1630169,"Tyrese Haliburton","1610612758","Sacramento Kings",2022,"0022100026","20211022",-0.2,21.25,FALSE
1630169,"Tyrese Haliburton","1610612758","Sacramento Kings",2022,"0022100026","20211022",-18.8,25.45,FALSE
1630169,"Tyrese Haliburton","1610612758","Sacramento Kings",2022,"0022100026","20211022",5.4,15.35,TRUE
1630169,"Tyrese Haliburton","1610612758","Sacramento Kings",2022,"0022100026","20211022",2.5,16.75,TRUE
1630169,"Tyrese Haliburton","1610612758","Sacramento Kings",2022,"0022100026","20211022",-11.3,22.95,TRUE
1630169,"Tyrese Haliburton","1610612758","Sacramento Kings",2022,"0022100026","20211022",-9.6,24.15,FALSE
1630169,"Tyrese Haliburton","1610612758","Sacramento Kings",2022,"0022100026","20211022",0,6.75,TRUE
1630169,"Tyrese Haliburton","1610612758","Sacramento Kings",2022,"0022100026","20211022",-20,26.25,FALSE
1630169,"Tyrese Haliburton","1610612758","Sacramento Kings",2022,"0022100039","20211024",-9.6,21.85,FALSE
1630169,"Tyrese Haliburton","1610612758","Sacramento Kings",2022,"0022100039","20211024",19.6,20.35,TRUE
1630169,"Tyrese Haliburton","1610612758","Sacramento Kings",2022,"0022100039","20211024",11.6,27.65,TRUE
1630169,"Tyrese Haliburton","1610612758","Sacramento Kings",2022,"0022100039","20211024",-5.1,10.55,FALSE
1630169,"Tyrese Haliburton","1610612758","Sacramento Kings",2022,"0022100039","20211024",-13.8,27.75,FALSE
1630169,"Tyrese Haliburton","1610612758","Sacramento Kings",2022,"0022100039","20211024",19.1,22.15,FALSE
1630169,"Tyrese Haliburton","1610612758","Sacramento Kings",2022,"0022100039","20211024",6.6,10.25,TRUE
1630169,"Tyrese Haliburton","1610612758","Sacramento Kings",2022,"0022100039","20211024",-22.4,16.95,FALSE
1630169,"Tyrese Haliburton","1610612758","Sacramento Kings",2022,"0022100039","20211024",18.8,23.65,FALSE
1630169,"Tyrese Haliburton","1610612758","Sacramento Kings",2022,"0022100062","20211027",11.9,28.35,FALSE
1630169,"Tyrese Haliburton","1610612758","Sacramento Kings",2022,"0022100062","20211027",6.6,23.45,TRUE
1630169,"Tyrese Haliburton","1610612758","Sacramento Kings",2022,"0022100062","20211027",-1.5,6.85,TRUE
1630169,"Tyrese Haliburton","1610612758","Sacramento Kings",2022,"0022100062","20211027",12.5,27.45,FALSE
1630169,"Tyrese Haliburton","1610612758","Sacramento Kings",2022,"0022100062","20211027",-0.4,6.35,TRUE
1630169,"Tyrese Haliburton","1610612758","Sacramento Kings",2022,"0022100062","20211027",-6.2,16.95,TRUE
1630169,"Tyrese Haliburton","1610612758","Sacramento Kings",2022,"0022100062","20211027",-16.5,19.45,FALSE
1630169,"Tyrese Haliburton","1610612758","Sacramento Kings",2022,"0022100062","20211027",-1.8,6.45,FALSE
1630169,"Tyrese Haliburton","1610612758","Sacramento Kings",2022,"0022100062","20211027",-17.5,24.35,TRUE
1630169,"Tyrese Haliburton","1610612758","Sacramento Kings",2022,"0022100062","20211027",23,7.45,TRUE
1630169,"Tyrese Haliburton","1610612758","Sacramento Kings",2022,"0022100062","20211027",-10.2,32.75,FALSE
1630169,"Tyrese Haliburton","1610612758","Sacramento Kings",2022,"0022100074","20211029",-8.5,5.85,TRUE
1630169,"Tyrese Haliburton","1610612758","Sacramento Kings",2022,"0022100074","20211029",-5.6,16.25,FALSE
1630169,"Tyrese Haliburton","1610612758","Sacramento Kings",2022,"0022100074","20211029",1,34.95,FALSE
1630169,"Tyrese Haliburton","1610612758","Sacramento Kings",2022,"0022100074","20211029",22.2,3.95,TRUE
1630169,"Tyrese Haliburton","1610612758","Sacramento Kings",2022,"0022100074","20211029",8.2,16.25,FALSE
1630169,"Tyrese Haliburton","1610612758","Sacramento Kings",2022,"0022100074","20211029",-3.1,10.45,FALSE
1630169,"Tyrese Haliburton","1610612758","Sacramento Kings",2022,"0022100074","20211029",2,9.35,TRUE
1630169,"Tyrese Haliburton","1610612758","Sacramento Kings",2022,"0022100074","20211029",6.9,21.65,FALSE
1630169,"Tyrese Haliburton","1610612758","Sacramento Kings",2022,"0022100074","20211029",8.5,13.25,TRUE
1630169,"Tyrese Haliburton","1610612758","Sacramento Kings",2022,"0022100074","20211029",-1.7,5.95,TRUE
1630169,"Tyrese Haliburton","1610612758","Sacramento Kings",2022,"0022100074","20211029",2.7,15.75,TRUE
1630169,"Tyrese Haliburton","1610612758","Sacramento Kings",2022,"0022100074","20211029",12.7,20.45,TRUE
1630169,"Tyrese Haliburton","1610612758","Sacramento Kings",2022,"0022100089","20211031",3.8,14.15,FALSE
1630169,"Tyrese Haliburton","1610612758","Sacramento Kings",2022,"0022100089","20211031",7.6,13.15,TRUE
1630169,"Tyrese Haliburton","1610612758","Sacramento Kings",2022,"0022100089","20211031",23.3,7.75,FALSE
1630169,"Tyrese Haliburton","1610612758","Sacramento Kings",2022,"0022100089","20211031",-3.9,17.25,FALSE
1630169,"Tyrese Haliburton","1610612758","Sacramento Kings",2022,"0022100089","20211031",2.2,5.45,FALSE
1630169,"Tyrese Haliburton","1610612758","Sacramento Kings",2022,"0022100089","20211031",-8.9,18.35,FALSE
1630169,"Tyrese Haliburton","1610612758","Sacramento Kings",2022,"0022100089","20211031",0.1,6.15,TRUE
1630169,"Tyrese Haliburton","1610612758","Sacramento Kings",2022,"0022100089","20211031",0.2,17.45,TRUE
1630169,"Tyrese Haliburton","1610612758","Sacramento Kings",2022,"0022100089","20211031",-8.7,16.95,TRUE
1630169,"Tyrese Haliburton","1610612758","Sacramento Kings",2022,"0022100089","20211031",9.6,13.55,FALSE
1630169,"Tyrese Haliburton","1610612758","Sacramento Kings",2022,"0022100089","20211031",23.2,6.35,TRUE
1630169,"Tyrese Haliburton","1610612758","Sacramento Kings",2022,"0022100089","20211031",-1,18.25,FALSE
1630169,"Tyrese Haliburton","1610612758","Sacramento Kings",2022,"0022100089","20211031",1.2,32.25,FALSE
1630169,"Tyrese Haliburton","1610612758","Sacramento Kings",2022,"0022100089","20211031",16.7,24.85,FALSE
1630169,"Tyrese Haliburton","1610612758","Sacramento Kings",2022,"0022100105","20211102",-3.4,24.75,TRUE
1630169,"Tyrese Haliburton","1610612758","Sacramento Kings",2022,"0022100105","20211102",-18.9,10.55,TRUE
1630169,"Tyrese Haliburton","1610612758","Sacramento Kings",2022,"0022100105","20211102",-4.3,7.15,FALSE
1630169,"Tyrese Haliburton","1610612758","Sacramento Kings",2022,"0022100105","20211102",1,19.35,FALSE
1630169,"Tyrese Haliburton","1610612758","Sacramento Kings",2022,"0022100105","20211102",4.3,16.55,FALSE
1630169,"Tyrese Haliburton","1610612758","Sacramento Kings",2022,"0022100105","20211102",-2.3,5.05,TRUE
1630169,"Tyrese Haliburton","1610612758","Sacramento Kings",2022,"0022100105","20211102",3.3,15.55,FALSE
1630169,"Tyrese Haliburton","1610612758","Sacramento Kings",2022,"0022100105","20211102",3.9,14.85,FALSE
1630169,"Tyrese Haliburton","1610612758","Sacramento Kings",2022,"0022100105","20211102",7.2,17.35,TRUE
1630169,"Tyrese Haliburton","1610612758","Sacramento Kings",2022,"0022100105","20211102",2,19.45,FALSE
1630169,"Tyrese Haliburton","1610612758","Sacramento Kings",2022,"0022100105","20211102",-4.4,32.05,FALSE
1630169,"Tyrese Haliburton","1610612758","Sacramento Kings",2022,"0022100105","20211102",-7.1,30.35,TRUE
1630169,"Tyrese Haliburton","1610612758","Sacramento Kings",2022,"0022100105","20211102",9.9,11.75,TRUE
1630169,"Tyrese Haliburton","1610612758","Sacramento Kings",2022,"0022100105","20211102",-11,22.75,FALSE
1630169,"Tyrese Haliburton","1610612758","Sacramento Kings",2022,"0022100105","20211102",-2.9,8.05,FALSE
1630169,"Tyrese Haliburton","1610612758","Sacramento Kings",2022,"0022100105","20211102",17.5,81.55,FALSE
1630169,"Tyrese Haliburton","1610612758","Sacramento Kings",2022,"0022100118","20211103",-13,26.95,FALSE
1630169,"Tyrese Haliburton","1610612758","Sacramento Kings",2022,"0022100118","20211103",23,3.15,FALSE
1630169,"Tyrese Haliburton","1610612758","Sacramento Kings",2022,"0022100118","20211103",3.2,23.35,FALSE
1630169,"Tyrese Haliburton","1610612758","Sacramento Kings",2022,"0022100118","20211103",-3.1,11.55,TRUE
1630169,"Tyrese Haliburton","1610612758","Sacramento Kings",2022,"0022100118","20211103",-1.7,5.75,TRUE
1630169,"Tyrese Haliburton","1610612758","Sacramento Kings",2022,"0022100118","20211103",9.4,14.85,FALSE
1630169,"Tyrese Haliburton","1610612758","Sacramento Kings",2022,"0022100118","20211103",-0.7,6.75,TRUE
1630169,"Tyrese Haliburton","1610612758","Sacramento Kings",2022,"0022100118","20211103",-0.6,16.55,FALSE
1630169,"Tyrese Haliburton","1610612758","Sacramento Kings",2022,"0022100118","20211103",-0.1,20.75,TRUE
1630169,"Tyrese Haliburton","1610612758","Sacramento Kings",2022,"0022100118","20211103",-10,32.05,TRUE
1630169,"Tyrese Haliburton","1610612758","Sacramento Kings",2022,"0022100118","20211103",-0.6,5.85,TRUE
1630169,"Tyrese Haliburton","1610612758","Sacramento Kings",2022,"0022100132","20211105",0,6.25,TRUE
1630169,"Tyrese Haliburton","1610612758","Sacramento Kings",2022,"0022100132","20211105",-19,28.85,TRUE
1630169,"Tyrese Haliburton","1610612758","Sacramento Kings",2022,"0022100132","20211105",4.8,20.85,FALSE
1630169,"Tyrese Haliburton","1610612758","Sacramento Kings",2022,"0022100132","20211105",1.5,6.25,TRUE
1630169,"Tyrese Haliburton","1610612758","Sacramento Kings",2022,"0022100132","20211105",-0.9,6.45,TRUE
1630169,"Tyrese Haliburton","1610612758","Sacramento Kings",2022,"0022100132","20211105",18.8,21.95,TRUE
1630169,"Tyrese Haliburton","1610612758","Sacramento Kings",2022,"0022100132","20211105",-3.8,21.55,TRUE
1630169,"Tyrese Haliburton","1610612758","Sacramento Kings",2022,"0022100132","20211105",23.4,3.95,FALSE
1630169,"Tyrese Haliburton","1610612758","Sacramento Kings",2022,"0022100143","20211107",22.3,17.75,FALSE
1630169,"Tyrese Haliburton","1610612758","Sacramento Kings",2022,"0022100143","20211107",-2.3,9.45,FALSE
1630169,"Tyrese Haliburton","1610612758","Sacramento Kings",2022,"0022100143","20211107",-1.8,14.65,TRUE
1630169,"Tyrese Haliburton","1610612758","Sacramento Kings",2022,"0022100143","20211107",-22.8,5.45,FALSE
1630169,"Tyrese Haliburton","1610612758","Sacramento Kings",2022,"0022100143","20211107",-0.5,7.85,TRUE
1630169,"Tyrese Haliburton","1610612758","Sacramento Kings",2022,"0022100143","20211107",-7.1,10.95,TRUE
1630169,"Tyrese Haliburton","1610612758","Sacramento Kings",2022,"0022100143","20211107",-0.2,17.35,FALSE
1630169,"Tyrese Haliburton","1610612758","Sacramento Kings",2022,"0022100143","20211107",-14.6,27.15,TRUE
1630169,"Tyrese Haliburton","1610612758","Sacramento Kings",2022,"0022100143","20211107",-0.6,5.35,TRUE
1630169,"Tyrese Haliburton","1610612758","Sacramento Kings",2022,"0022100143","20211107",-3.3,6.85,FALSE
1630169,"Tyrese Haliburton","1610612758","Sacramento Kings",2022,"0022100143","20211107",-13.8,29.45,TRUE
1630169,"Tyrese Haliburton","1610612758","Sacramento Kings",2022,"0022100143","20211107",-5.3,6.05,FALSE
1630169,"Tyrese Haliburton","1610612758","Sacramento Kings",2022,"0022100143","20211107",-20.8,22.45,TRUE
1630169,"Tyrese Haliburton","1610612758","Sacramento Kings",2022,"0022100143","20211107",-21.4,26.95,FALSE
1630169,"Tyrese Haliburton","1610612758","Sacramento Kings",2022,"0022100180","20211112",-2.1,5.45,FALSE
1630169,"Tyrese Haliburton","1610612758","Sacramento Kings",2022,"0022100180","20211112",-2.7,21.95,TRUE
1630169,"Tyrese Haliburton","1610612758","Sacramento Kings",2022,"0022100180","20211112",6.1,18.25,FALSE
1630169,"Tyrese Haliburton","1610612758","Sacramento Kings",2022,"0022100180","20211112",-22.4,12.55,TRUE
1630169,"Tyrese Haliburton","1610612758","Sacramento Kings",2022,"0022100180","20211112",2.5,7.95,FALSE
1630169,"Tyrese Haliburton","1610612758","Sacramento Kings",2022,"0022100180","20211112",-10,30.15,TRUE
1630169,"Tyrese Haliburton","1610612758","Sacramento Kings",2022,"0022100180","20211112",8.2,10.85,FALSE
1630169,"Tyrese Haliburton","1610612758","Sacramento Kings",2022,"0022100180","20211112",20.6,18.85,FALSE
1630169,"Tyrese Haliburton","1610612758","Sacramento Kings",2022,"0022100180","20211112",-7.4,10.25,FALSE
1630169,"Tyrese Haliburton","1610612758","Sacramento Kings",2022,"0022100180","20211112",9.3,30.45,FALSE
1630169,"Tyrese Haliburton","1610612758","Sacramento Kings",2022,"0022100180","20211112",-11.4,28.75,FALSE
1630169,"Tyrese Haliburton","1610612758","Sacramento Kings",2022,"0022100180","20211112",-12,20.35,FALSE
1630169,"Tyrese Haliburton","1610612758","Sacramento Kings",2022,"0022100180","20211112",3.7,31.45,FALSE
1630169,"Tyrese Haliburton","1610612758","Sacramento Kings",2022,"0022100200","20211115",2.8,10.75,FALSE
1630169,"Tyrese Haliburton","1610612758","Sacramento Kings",2022,"0022100200","20211115",20.6,20.25,TRUE
1630169,"Tyrese Haliburton","1610612758","Sacramento Kings",2022,"0022100200","20211115",-18.1,22.65,TRUE
1630169,"Tyrese Haliburton","1610612758","Sacramento Kings",2022,"0022100200","20211115",-1.8,8.65,TRUE
1630169,"Tyrese Haliburton","1610612758","Sacramento Kings",2022,"0022100200","20211115",-8.6,32.15,TRUE
1630169,"Tyrese Haliburton","1610612758","Sacramento Kings",2022,"0022100200","20211115",-3.8,8.95,TRUE
1630169,"Tyrese Haliburton","1610612758","Sacramento Kings",2022,"0022100200","20211115",-4.7,12.35,FALSE
1630169,"Tyrese Haliburton","1610612758","Sacramento Kings",2022,"0022100200","20211115",1.3,6.05,FALSE
1630169,"Tyrese Haliburton","1610612758","Sacramento Kings",2022,"0022100200","20211115",-1.3,6.75,TRUE
1630169,"Tyrese Haliburton","1610612758","Sacramento Kings",2022,"0022100200","20211115",5.8,9.55,FALSE
1630169,"Tyrese Haliburton","1610612758","Sacramento Kings",2022,"0022100200","20211115",-2.9,5.35,TRUE
1630169,"Tyrese Haliburton","1610612758","Sacramento Kings",2022,"0022100220","20211117",22.9,9.95,FALSE
1630169,"Tyrese Haliburton","1610612758","Sacramento Kings",2022,"0022100220","20211117",20.1,20.95,FALSE
1630169,"Tyrese Haliburton","1610612758","Sacramento Kings",2022,"0022100220","20211117",-2.2,14.75,TRUE
1630169,"Tyrese Haliburton","1610612758","Sacramento Kings",2022,"0022100220","20211117",18.4,27.25,TRUE
1630169,"Tyrese Haliburton","1610612758","Sacramento Kings",2022,"0022100220","20211117",7.5,14.25,FALSE
1630169,"Tyrese Haliburton","1610612758","Sacramento Kings",2022,"0022100220","20211117",-6.9,17.15,TRUE
1630169,"Tyrese Haliburton","1610612758","Sacramento Kings",2022,"0022100220","20211117",-23.5,9.25,FALSE
1630169,"Tyrese Haliburton","1610612758","Sacramento Kings",2022,"0022100220","20211117",12.4,2.95,FALSE
1630169,"Tyrese Haliburton","1610612758","Sacramento Kings",2022,"0022100220","20211117",16.2,24.05,FALSE
1630169,"Tyrese Haliburton","1610612758","Sacramento Kings",2022,"0022100220","20211117",5.8,18.15,FALSE
1630169,"Tyrese Haliburton","1610612758","Sacramento Kings",2022,"0022100238","20211119",-0.4,5.35,TRUE
1630169,"Tyrese Haliburton","1610612758","Sacramento Kings",2022,"0022100238","20211119",-7.6,29.55,TRUE
1630169,"Tyrese Haliburton","1610612758","Sacramento Kings",2022,"0022100238","20211119",-20.2,20.55,TRUE
1630169,"Tyrese Haliburton","1610612758","Sacramento Kings",2022,"0022100238","20211119",-21.1,23.05,FALSE
1630169,"Tyrese Haliburton","1610612758","Sacramento Kings",2022,"0022100238","20211119",-0.6,29.85,FALSE
1630169,"Tyrese Haliburton","1610612758","Sacramento Kings",2022,"0022100247","20211120",-3.7,15.25,FALSE
1630169,"Tyrese Haliburton","1610612758","Sacramento Kings",2022,"0022100247","20211120",11.3,28.85,FALSE
1630169,"Tyrese Haliburton","1610612758","Sacramento Kings",2022,"0022100247","20211120",5.1,16.95,TRUE
1630169,"Tyrese Haliburton","1610612758","Sacramento Kings",2022,"0022100247","20211120",7.8,22.15,FALSE
1630169,"Tyrese Haliburton","1610612758","Sacramento Kings",2022,"0022100247","20211120",0.2,8.85,TRUE
1630169,"Tyrese Haliburton","1610612758","Sacramento Kings",2022,"0022100247","20211120",18.1,22.75,TRUE
1630169,"Tyrese Haliburton","1610612758","Sacramento Kings",2022,"0022100247","20211120",-3.1,31.15,FALSE
1630169,"Tyrese Haliburton","1610612758","Sacramento Kings",2022,"0022100247","20211120",2.7,10.55,TRUE
1630169,"Tyrese Haliburton","1610612758","Sacramento Kings",2022,"0022100247","20211120",7,7.75,FALSE
1630169,"Tyrese Haliburton","1610612758","Sacramento Kings",2022,"0022100247","20211120",-4.5,5.65,TRUE
1630169,"Tyrese Haliburton","1610612758","Sacramento Kings",2022,"0022100247","20211120",-0.9,6.15,TRUE
1630169,"Tyrese Haliburton","1610612758","Sacramento Kings",2022,"0022100247","20211120",-5.1,30.85,TRUE
1630169,"Tyrese Haliburton","1610612758","Sacramento Kings",2022,"0022100247","20211120",-18.6,22.05,FALSE
1630169,"Tyrese Haliburton","1610612758","Sacramento Kings",2022,"0022100262","20211122",1.1,29.95,FALSE
1630169,"Tyrese Haliburton","1610612758","Sacramento Kings",2022,"0022100262","20211122",-3.2,29.85,FALSE
1630169,"Tyrese Haliburton","1610612758","Sacramento Kings",2022,"0022100262","20211122",-2.5,6.55,FALSE
1630169,"Tyrese Haliburton","1610612758","Sacramento Kings",2022,"0022100262","20211122",-1.3,6.75,FALSE
1630169,"Tyrese Haliburton","1610612758","Sacramento Kings",2022,"0022100262","20211122",21.8,24.75,FALSE
1630169,"Tyrese Haliburton","1610612758","Sacramento Kings",2022,"0022100279","20211124",-1,12.45,TRUE
1630169,"Tyrese Haliburton","1610612758","Sacramento Kings",2022,"0022100279","20211124",23.2,5.35,FALSE
1630169,"Tyrese Haliburton","1610612758","Sacramento Kings",2022,"0022100279","20211124",-23.2,15.35,FALSE
1630169,"Tyrese Haliburton","1610612758","Sacramento Kings",2022,"0022100279","20211124",-16.9,24.95,TRUE
1630169,"Tyrese Haliburton","1610612758","Sacramento Kings",2022,"0022100279","20211124",5.3,15.35,FALSE
1630169,"Tyrese Haliburton","1610612758","Sacramento Kings",2022,"0022100279","20211124",18.9,22.85,FALSE
1630169,"Tyrese Haliburton","1610612758","Sacramento Kings",2022,"0022100279","20211124",-17.4,23.65,FALSE
1630169,"Tyrese Haliburton","1610612758","Sacramento Kings",2022,"0022100279","20211124",-23.3,12.35,FALSE
1630169,"Tyrese Haliburton","1610612758","Sacramento Kings",2022,"0022100279","20211124",-1.8,14.45,FALSE
1630169,"Tyrese Haliburton","1610612758","Sacramento Kings",2022,"0022100291","20211126",-13.5,28.45,FALSE
1630169,"Tyrese Haliburton","1610612758","Sacramento Kings",2022,"0022100291","20211126",-12.4,27.95,FALSE
1630169,"Tyrese Haliburton","1610612758","Sacramento Kings",2022,"0022100291","20211126",-22.7,7.25,TRUE
1630169,"Tyrese Haliburton","1610612758","Sacramento Kings",2022,"0022100291","20211126",0.1,8.35,FALSE
1630169,"Tyrese Haliburton","1610612758","Sacramento Kings",2022,"0022100291","20211126",1.2,6.05,FALSE
1630169,"Tyrese Haliburton","1610612758","Sacramento Kings",2022,"0022100291","20211126",-10.7,27.45,TRUE
1630169,"Tyrese Haliburton","1610612758","Sacramento Kings",2022,"0022100291","20211126",11.9,7.05,FALSE
1630169,"Tyrese Haliburton","1610612758","Sacramento Kings",2022,"0022100291","20211126",9.8,29.55,TRUE
1630169,"Tyrese Haliburton","1610612758","Sacramento Kings",2022,"0022100291","20211126",-24.1,4.45,TRUE
1630169,"Tyrese Haliburton","1610612758","Sacramento Kings",2022,"0022100291","20211126",-11.2,19.85,FALSE
1630169,"Tyrese Haliburton","1610612758","Sacramento Kings",2022,"0022100291","20211126",-0.6,6.65,TRUE
1630169,"Tyrese Haliburton","1610612758","Sacramento Kings",2022,"0022100291","20211126",-8.7,40.35,FALSE
1630169,"Tyrese Haliburton","1610612758","Sacramento Kings",2022,"0022100291","20211126",-15.4,27.75,FALSE
1630169,"Tyrese Haliburton","1610612758","Sacramento Kings",2022,"0022100291","20211126",1.3,7.95,TRUE
1630169,"Tyrese Haliburton","1610612758","Sacramento Kings",2022,"0022100291","20211126",-16.1,25.65,TRUE
1630169,"Tyrese Haliburton","1610612758","Sacramento Kings",2022,"0022100303","20211128",0.1,12.25,FALSE
1630169,"Tyrese Haliburton","1610612758","Sacramento Kings",2022,"0022100303","20211128",-12.1,8.95,TRUE
1630169,"Tyrese Haliburton","1610612758","Sacramento Kings",2022,"0022100303","20211128",3.1,5.75,FALSE
1630169,"Tyrese Haliburton","1610612758","Sacramento Kings",2022,"0022100303","20211128",-13.8,26.85,FALSE
1630169,"Tyrese Haliburton","1610612758","Sacramento Kings",2022,"0022100318","20211130",-15.8,8.25,TRUE
1630169,"Tyrese Haliburton","1610612758","Sacramento Kings",2022,"0022100318","20211130",-2,10.45,FALSE
1630169,"Tyrese Haliburton","1610612758","Sacramento Kings",2022,"0022100318","20211130",-2.8,15.25,FALSE
1630169,"Tyrese Haliburton","1610612758","Sacramento Kings",2022,"0022100318","20211130",22.8,12.65,FALSE
1630169,"Tyrese Haliburton","1610612758","Sacramento Kings",2022,"0022100318","20211130",-3.9,7.45,FALSE
1630169,"Tyrese Haliburton","1610612758","Sacramento Kings",2022,"0022100318","20211130",-15.9,5.15,FALSE
1630169,"Tyrese Haliburton","1610612758","Sacramento Kings",2022,"0022100318","20211130",-23.3,12.05,TRUE
1630169,"Tyrese Haliburton","1610612758","Sacramento Kings",2022,"0022100318","20211130",3.1,17.85,FALSE
1630169,"Tyrese Haliburton","1610612758","Sacramento Kings",2022,"0022100318","20211130",-3.3,7.35,FALSE
1630169,"Tyrese Haliburton","1610612758","Sacramento Kings",2022,"0022100318","20211130",0.1,16.25,FALSE
1630169,"Tyrese Haliburton","1610612758","Sacramento Kings",2022,"0022100327","20211201",-16.1,25.75,FALSE
1630169,"Tyrese Haliburton","1610612758","Sacramento Kings",2022,"0022100327","20211201",5.1,31.15,TRUE
1630169,"Tyrese Haliburton","1610612758","Sacramento Kings",2022,"0022100327","20211201",-5,31.55,FALSE
1630169,"Tyrese Haliburton","1610612758","Sacramento Kings",2022,"0022100327","20211201",0.1,15.65,TRUE
1630169,"Tyrese Haliburton","1610612758","Sacramento Kings",2022,"0022100327","20211201",0.1,6.25,TRUE
1630169,"Tyrese Haliburton","1610612758","Sacramento Kings",2022,"0022100327","20211201",-0.1,7.45,TRUE
1630169,"Tyrese Haliburton","1610612758","Sacramento Kings",2022,"0022100327","20211201",-22.1,16.15,FALSE
1630169,"Tyrese Haliburton","1610612758","Sacramento Kings",2022,"0022100327","20211201",7.5,28.85,TRUE
1630169,"Tyrese Haliburton","1610612758","Sacramento Kings",2022,"0022100327","20211201",7.7,16.15,FALSE
1630169,"Tyrese Haliburton","1610612758","Sacramento Kings",2022,"0022100327","20211201",-15.7,25.35,FALSE
1630169,"Tyrese Haliburton","1610612758","Sacramento Kings",2022,"0022100327","20211201",19,23.15,FALSE
1630169,"Tyrese Haliburton","1610612758","Sacramento Kings",2022,"0022100327","20211201",22.5,5.65,FALSE
1630169,"Tyrese Haliburton","1610612758","Sacramento Kings",2022,"0022100327","20211201",23,6.35,FALSE
1630169,"Tyrese Haliburton","1610612758","Sacramento Kings",2022,"0022100348","20211204",0,21.15,TRUE
1630169,"Tyrese Haliburton","1610612758","Sacramento Kings",2022,"0022100348","20211204",10.7,8.55,TRUE
1630169,"Tyrese Haliburton","1610612758","Sacramento Kings",2022,"0022100348","20211204",0,32.05,TRUE
1630169,"Tyrese Haliburton","1610612758","Sacramento Kings",2022,"0022100348","20211204",0,5.25,TRUE
1630169,"Tyrese Haliburton","1610612758","Sacramento Kings",2022,"0022100348","20211204",-13.8,6.35,FALSE
1630169,"Tyrese Haliburton","1610612758","Sacramento Kings",2022,"0022100348","20211204",2.8,32.65,TRUE
1630169,"Tyrese Haliburton","1610612758","Sacramento Kings",2022,"0022100348","20211204",17.5,24.05,TRUE
1630169,"Tyrese Haliburton","1610612758","Sacramento Kings",2022,"0022100348","20211204",23.4,6.75,FALSE
1630169,"Tyrese Haliburton","1610612758","Sacramento Kings",2022,"0022100348","20211204",-8.8,31.75,FALSE
1630169,"Tyrese Haliburton","1610612758","Sacramento Kings",2022,"0022100348","20211204",-4.3,14.75,FALSE
1630169,"Tyrese Haliburton","1610612758","Sacramento Kings",2022,"0022100348","20211204",-2.1,31.55,TRUE
1630169,"Tyrese Haliburton","1610612758","Sacramento Kings",2022,"0022100348","20211204",13.5,25.15,FALSE
1630169,"Tyrese Haliburton","1610612758","Sacramento Kings",2022,"0022100348","20211204",2.5,32.35,FALSE
1630169,"Tyrese Haliburton","1610612758","Sacramento Kings",2022,"0022100348","20211204",-2,6.95,FALSE
1630169,"Tyrese Haliburton","1610612758","Sacramento Kings",2022,"0022100377","20211208",23.4,4.25,TRUE
1630169,"Tyrese Haliburton","1610612758","Sacramento Kings",2022,"0022100377","20211208",0.9,16.75,FALSE
1630169,"Tyrese Haliburton","1610612758","Sacramento Kings",2022,"0022100377","20211208",20.7,21.55,FALSE
1630169,"Tyrese Haliburton","1610612758","Sacramento Kings",2022,"0022100377","20211208",-2.7,17.45,FALSE
1630169,"Tyrese Haliburton","1610612758","Sacramento Kings",2022,"0022100377","20211208",-19.1,21.15,TRUE
1630169,"Tyrese Haliburton","1610612758","Sacramento Kings",2022,"0022100377","20211208",14.7,25.75,TRUE
1630169,"Tyrese Haliburton","1610612758","Sacramento Kings",2022,"0022100377","20211208",-6.6,8.45,TRUE
1630169,"Tyrese Haliburton","1610612758","Sacramento Kings",2022,"0022100377","20211208",0.5,30.95,TRUE
1630169,"Tyrese Haliburton","1610612758","Sacramento Kings",2022,"0022100377","20211208",23.4,4.55,TRUE
1630169,"Tyrese Haliburton","1610612758","Sacramento Kings",2022,"0022100382","20211210",-3.4,29.95,TRUE
1630169,"Tyrese Haliburton","1610612758","Sacramento Kings",2022,"0022100382","20211210",0.1,5.15,FALSE
1630169,"Tyrese Haliburton","1610612758","Sacramento Kings",2022,"0022100382","20211210",-22.3,7.85,TRUE
1630169,"Tyrese Haliburton","1610612758","Sacramento Kings",2022,"0022100382","20211210",-23.4,8.35,TRUE
1630169,"Tyrese Haliburton","1610612758","Sacramento Kings",2022,"0022100382","20211210",-17,24.25,TRUE
1630169,"Tyrese Haliburton","1610612758","Sacramento Kings",2022,"0022100382","20211210",5,30.45,TRUE
1630169,"Tyrese Haliburton","1610612758","Sacramento Kings",2022,"0022100382","20211210",13.2,30.55,FALSE
1630169,"Tyrese Haliburton","1610612758","Sacramento Kings",2022,"0022100382","20211210",-1.7,61.05,FALSE
1630169,"Tyrese Haliburton","1610612758","Sacramento Kings",2022,"0022100382","20211210",22.1,17.55,FALSE
1630169,"Tyrese Haliburton","1610612758","Sacramento Kings",2022,"0022100393","20211211",-2.5,7.55,FALSE
1630169,"Tyrese Haliburton","1610612758","Sacramento Kings",2022,"0022100393","20211211",-18.9,21.95,FALSE
1630169,"Tyrese Haliburton","1610612758","Sacramento Kings",2022,"0022100393","20211211",-0.4,5.25,TRUE
1630169,"Tyrese Haliburton","1610612758","Sacramento Kings",2022,"0022100393","20211211",-10.5,21.35,TRUE
1630169,"Tyrese Haliburton","1610612758","Sacramento Kings",2022,"0022100393","20211211",5.8,14.75,TRUE
1630169,"Tyrese Haliburton","1610612758","Sacramento Kings",2022,"0022100393","20211211",0,5.25,TRUE
1630169,"Tyrese Haliburton","1610612758","Sacramento Kings",2022,"0022100393","20211211",2.3,11.95,FALSE
1630169,"Tyrese Haliburton","1610612758","Sacramento Kings",2022,"0022100393","20211211",20.7,24.55,FALSE
1630169,"Tyrese Haliburton","1610612758","Sacramento Kings",2022,"0022100406","20211213",-7.7,8.85,FALSE
1630169,"Tyrese Haliburton","1610612758","Sacramento Kings",2022,"0022100406","20211213",-22.5,16.25,TRUE
1630169,"Tyrese Haliburton","1610612758","Sacramento Kings",2022,"0022100427","20211215",22.4,5.75,FALSE
1630169,"Tyrese Haliburton","1610612758","Sacramento Kings",2022,"0022100427","20211215",-8.8,8.45,FALSE
1630169,"Tyrese Haliburton","1610612758","Sacramento Kings",2022,"0022100427","20211215",-4.3,12.75,TRUE
1630169,"Tyrese Haliburton","1610612758","Sacramento Kings",2022,"0022100427","20211215",-3.2,6.25,TRUE
1630169,"Tyrese Haliburton","1610612758","Sacramento Kings",2022,"0022100427","20211215",13.7,27.65,FALSE
1630169,"Tyrese Haliburton","1610612758","Sacramento Kings",2022,"0022100427","20211215",22.8,16.15,FALSE
1630169,"Tyrese Haliburton","1610612758","Sacramento Kings",2022,"0022100427","20211215",15.2,26.85,FALSE
1630169,"Tyrese Haliburton","1610612758","Sacramento Kings",2022,"0022100427","20211215",-1.7,9.45,TRUE
1630169,"Tyrese Haliburton","1610612758","Sacramento Kings",2022,"0022100427","20211215",-6.5,31.15,FALSE
1630169,"Tyrese Haliburton","1610612758","Sacramento Kings",2022,"0022100427","20211215",-1.3,17.25,TRUE
1630169,"Tyrese Haliburton","1610612758","Sacramento Kings",2022,"0022100427","20211215",12,27.75,FALSE
1630169,"Tyrese Haliburton","1610612758","Sacramento Kings",2022,"0022100427","20211215",0.7,6.45,FALSE
1630169,"Tyrese Haliburton","1610612758","Sacramento Kings",2022,"0022100440","20211217",11.5,14.05,FALSE
1630169,"Tyrese Haliburton","1610612758","Sacramento Kings",2022,"0022100440","20211217",12,28.95,FALSE
1630169,"Tyrese Haliburton","1610612758","Sacramento Kings",2022,"0022100440","20211217",0.1,10.25,TRUE
1630169,"Tyrese Haliburton","1610612758","Sacramento Kings",2022,"0022100440","20211217",3.4,6.85,FALSE
1630169,"Tyrese Haliburton","1610612758","Sacramento Kings",2022,"0022100440","20211217",-0.9,6.35,TRUE
1630169,"Tyrese Haliburton","1610612758","Sacramento Kings",2022,"0022100440","20211217",4.9,11.45,FALSE
1630169,"Tyrese Haliburton","1610612758","Sacramento Kings",2022,"0022100440","20211217",16.4,25.35,TRUE
1630169,"Tyrese Haliburton","1610612758","Sacramento Kings",2022,"0022100440","20211217",12.7,29.15,TRUE
1630169,"Tyrese Haliburton","1610612758","Sacramento Kings",2022,"0022100440","20211217",23.7,6.55,FALSE
1630169,"Tyrese Haliburton","1610612758","Sacramento Kings",2022,"0022100440","20211217",-12,16.35,TRUE
1630169,"Tyrese Haliburton","1610612758","Sacramento Kings",2022,"0022100440","20211217",9.1,28.35,TRUE
1630169,"Tyrese Haliburton","1610612758","Sacramento Kings",2022,"0022100440","20211217",-15.1,4.45,TRUE
1630169,"Tyrese Haliburton","1610612758","Sacramento Kings",2022,"0022100440","20211217",4.5,7.85,FALSE
1630169,"Tyrese Haliburton","1610612758","Sacramento Kings",2022,"0022100440","20211217",13.4,14.65,TRUE
1630169,"Tyrese Haliburton","1610612758","Sacramento Kings",2022,"0022100440","20211217",-4,11.05,TRUE
1630169,"Tyrese Haliburton","1610612758","Sacramento Kings",2022,"0022100440","20211217",-0.2,11.55,FALSE
1630169,"Tyrese Haliburton","1610612758","Sacramento Kings",2022,"0022100451","20211219",22.4,5.25,TRUE
1630169,"Tyrese Haliburton","1610612758","Sacramento Kings",2022,"0022100451","20211219",-17.4,23.45,TRUE
1630169,"Tyrese Haliburton","1610612758","Sacramento Kings",2022,"0022100451","20211219",-16.7,14.15,TRUE
1630169,"Tyrese Haliburton","1610612758","Sacramento Kings",2022,"0022100451","20211219",-4.7,7.65,FALSE
1630169,"Tyrese Haliburton","1610612758","Sacramento Kings",2022,"0022100451","20211219",-13.7,12.95,TRUE
1630169,"Tyrese Haliburton","1610612758","Sacramento Kings",2022,"0022100451","20211219",2,30.55,FALSE
1630169,"Tyrese Haliburton","1610612758","Sacramento Kings",2022,"0022100451","20211219",-1.7,5.85,TRUE
1630169,"Tyrese Haliburton","1610612758","Sacramento Kings",2022,"0022100451","20211219",8.2,23.75,TRUE
1630169,"Tyrese Haliburton","1610612758","Sacramento Kings",2022,"0022100451","20211219",14.8,22.75,TRUE
1630169,"Tyrese Haliburton","1610612758","Sacramento Kings",2022,"0022100451","20211219",-4.2,21.95,FALSE
1630169,"Tyrese Haliburton","1610612758","Sacramento Kings",2022,"0022100451","20211219",-1.7,5.85,TRUE
1630169,"Tyrese Haliburton","1610612758","Sacramento Kings",2022,"0022100451","20211219",-6.9,8.15,TRUE
1630169,"Tyrese Haliburton","1610612758","Sacramento Kings",2022,"0022100451","20211219",-1.1,5.85,TRUE
1630169,"Tyrese Haliburton","1610612758","Sacramento Kings",2022,"0022100451","20211219",-1.7,5.95,TRUE
1630169,"Tyrese Haliburton","1610612758","Sacramento Kings",2022,"0022100451","20211219",-1.8,5.85,FALSE
1630169,"Tyrese Haliburton","1610612758","Sacramento Kings",2022,"0022100451","20211219",20.7,23.75,TRUE
1630169,"Tyrese Haliburton","1610612758","Sacramento Kings",2022,"0022100451","20211219",4.2,30.85,FALSE
1630169,"Tyrese Haliburton","1610612758","Sacramento Kings",2022,"0022100451","20211219",-3.8,20.95,FALSE
1630169,"Tyrese Haliburton","1610612758","Sacramento Kings",2022,"0022100451","20211219",-2.3,10.45,FALSE
1630169,"Tyrese Haliburton","1610612758","Sacramento Kings",2022,"0022100462","20211220",-19,23.95,FALSE
1630169,"Tyrese Haliburton","1610612758","Sacramento Kings",2022,"0022100462","20211220",-6,10.55,FALSE
1630169,"Tyrese Haliburton","1610612758","Sacramento Kings",2022,"0022100462","20211220",-2,12.05,FALSE
1630169,"Tyrese Haliburton","1610612758","Sacramento Kings",2022,"0022100462","20211220",-16.7,6.25,TRUE
1630169,"Tyrese Haliburton","1610612758","Sacramento Kings",2022,"0022100462","20211220",-6.9,32.45,FALSE
1630169,"Tyrese Haliburton","1610612758","Sacramento Kings",2022,"0022100462","20211220",-14.8,14.65,TRUE
1630169,"Tyrese Haliburton","1610612758","Sacramento Kings",2022,"0022100462","20211220",0.5,8.15,TRUE
1630169,"Tyrese Haliburton","1610612758","Sacramento Kings",2022,"0022100462","20211220",-1.6,14.15,TRUE
1630169,"Tyrese Haliburton","1610612758","Sacramento Kings",2022,"0022100462","20211220",-23.2,16.65,TRUE
1630169,"Tyrese Haliburton","1610612758","Sacramento Kings",2022,"0022100462","20211220",5.4,20.45,FALSE
1630169,"Tyrese Haliburton","1610612758","Sacramento Kings",2022,"0022100462","20211220",-6.4,5.15,FALSE
1630169,"Tyrese Haliburton","1610612758","Sacramento Kings",2022,"0022100462","20211220",6.1,6.45,FALSE
1630169,"Tyrese Haliburton","1610612758","Sacramento Kings",2022,"0022100462","20211220",4.9,9.65,FALSE
1630169,"Tyrese Haliburton","1610612758","Sacramento Kings",2022,"0022100462","20211220",0.2,14.85,TRUE
1630169,"Tyrese Haliburton","1610612758","Sacramento Kings",2022,"0022100462","20211220",-4.5,7.75,TRUE
1630169,"Tyrese Haliburton","1610612758","Sacramento Kings",2022,"0022100462","20211220",5.5,8.05,FALSE
1630169,"Tyrese Haliburton","1610612758","Sacramento Kings",2022,"0022100462","20211220",-18.1,23.65,TRUE
1630169,"Tyrese Haliburton","1610612758","Sacramento Kings",2022,"0022100462","20211220",3.6,8.95,FALSE
1630169,"Tyrese Haliburton","1610612758","Sacramento Kings",2022,"0022100475","20211222",21.8,17.05,FALSE
1630169,"Tyrese Haliburton","1610612758","Sacramento Kings",2022,"0022100475","20211222",-1,8.15,TRUE
1630169,"Tyrese Haliburton","1610612758","Sacramento Kings",2022,"0022100475","20211222",-3.4,6.95,FALSE
1630169,"Tyrese Haliburton","1610612758","Sacramento Kings",2022,"0022100475","20211222",-14.2,26.65,TRUE
1630169,"Tyrese Haliburton","1610612758","Sacramento Kings",2022,"0022100475","20211222",20.6,26.45,FALSE
1630169,"Tyrese Haliburton","1610612758","Sacramento Kings",2022,"0022100475","20211222",14,26.75,TRUE
1630169,"Tyrese Haliburton","1610612758","Sacramento Kings",2022,"0022100475","20211222",-1.2,31.95,FALSE
1630169,"Tyrese Haliburton","1610612758","Sacramento Kings",2022,"0022100475","20211222",-20,12.75,FALSE
1630169,"Tyrese Haliburton","1610612758","Sacramento Kings",2022,"0022100475","20211222",5.1,15.85,TRUE
1630169,"Tyrese Haliburton","1610612758","Sacramento Kings",2022,"0022100475","20211222",3.3,21.85,TRUE
1630169,"Tyrese Haliburton","1610612758","Sacramento Kings",2022,"0022100475","20211222",-23.8,7.85,FALSE
1630169,"Tyrese Haliburton","1610612758","Sacramento Kings",2022,"0022100475","20211222",-2.2,5.85,TRUE
1630169,"Tyrese Haliburton","1610612758","Sacramento Kings",2022,"0022100475","20211222",5.5,7.75,FALSE
1630169,"Tyrese Haliburton","1610612758","Sacramento Kings",2022,"0022100475","20211222",3.8,30.75,TRUE
1630169,"Tyrese Haliburton","1610612758","Sacramento Kings",2022,"0022100475","20211222",0.9,29.85,FALSE
1630169,"Tyrese Haliburton","1610612758","Sacramento Kings",2022,"0022100496","20211226",-1.5,31.45,FALSE
1630169,"Tyrese Haliburton","1610612758","Sacramento Kings",2022,"0022100496","20211226",-4.2,30.85,TRUE
1630169,"Tyrese Haliburton","1610612758","Sacramento Kings",2022,"0022100496","20211226",-12.7,27.05,FALSE
1630169,"Tyrese Haliburton","1610612758","Sacramento Kings",2022,"0022100496","20211226",10.8,4.95,TRUE
1630169,"Tyrese Haliburton","1610612758","Sacramento Kings",2022,"0022100496","20211226",11,8.05,TRUE
1630169,"Tyrese Haliburton","1610612758","Sacramento Kings",2022,"0022100496","20211226",-10.7,28.95,FALSE
1630169,"Tyrese Haliburton","1610612758","Sacramento Kings",2022,"0022100496","20211226",-10.4,12.05,FALSE
1630169,"Tyrese Haliburton","1610612758","Sacramento Kings",2022,"0022100496","20211226",-12.5,20.55,TRUE
1630169,"Tyrese Haliburton","1610612758","Sacramento Kings",2022,"0022100496","20211226",-17,11.05,FALSE
1630169,"Tyrese Haliburton","1610612758","Sacramento Kings",2022,"0022100496","20211226",-23.7,7.15,TRUE
1630169,"Tyrese Haliburton","1610612758","Sacramento Kings",2022,"0022100496","20211226",-13.8,17.25,FALSE
1630169,"Tyrese Haliburton","1610612758","Sacramento Kings",2022,"0022100496","20211226",-6.2,7.85,FALSE
1630169,"Tyrese Haliburton","1610612758","Sacramento Kings",2022,"0022100515","20211228",2.1,12.65,FALSE
1630169,"Tyrese Haliburton","1610612758","Sacramento Kings",2022,"0022100515","20211228",-13,28.25,TRUE
1630169,"Tyrese Haliburton","1610612758","Sacramento Kings",2022,"0022100515","20211228",-2,11.85,FALSE
1630169,"Tyrese Haliburton","1610612758","Sacramento Kings",2022,"0022100515","20211228",-5.1,31.95,FALSE
1630169,"Tyrese Haliburton","1610612758","Sacramento Kings",2022,"0022100515","20211228",-9.2,16.15,TRUE
1630169,"Tyrese Haliburton","1610612758","Sacramento Kings",2022,"0022100515","20211228",-0.7,5.35,TRUE
1630169,"Tyrese Haliburton","1610612758","Sacramento Kings",2022,"0022100515","20211228",18.4,21.65,TRUE
1630169,"Tyrese Haliburton","1610612758","Sacramento Kings",2022,"0022100515","20211228",-18.5,22.45,FALSE
1630169,"Tyrese Haliburton","1610612758","Sacramento Kings",2022,"0022100515","20211228",16.9,24.35,TRUE
1630169,"Tyrese Haliburton","1610612758","Sacramento Kings",2022,"0022100515","20211228",-13.7,27.45,FALSE
1630169,"Tyrese Haliburton","1610612758","Sacramento Kings",2022,"0022100515","20211228",-10,28.95,TRUE
1630169,"Tyrese Haliburton","1610612758","Sacramento Kings",2022,"0022100515","20211228",0.9,14.15,TRUE
1630169,"Tyrese Haliburton","1610612758","Sacramento Kings",2022,"0022100515","20211228",-3.3,22.65,TRUE
1630169,"Tyrese Haliburton","1610612758","Sacramento Kings",2022,"0022100515","20211228",-10.2,28.75,TRUE
1630169,"Tyrese Haliburton","1610612758","Sacramento Kings",2022,"0022100524","20211229",-6.5,10.35,TRUE
1630169,"Tyrese Haliburton","1610612758","Sacramento Kings",2022,"0022100524","20211229",-12.4,14.05,FALSE
1630169,"Tyrese Haliburton","1610612758","Sacramento Kings",2022,"0022100524","20211229",-3.7,7.85,FALSE
1630169,"Tyrese Haliburton","1610612758","Sacramento Kings",2022,"0022100524","20211229",-14.6,5.75,FALSE
1630169,"Tyrese Haliburton","1610612758","Sacramento Kings",2022,"0022100524","20211229",7,6.55,TRUE
1630169,"Tyrese Haliburton","1610612758","Sacramento Kings",2022,"0022100524","20211229",-0.2,19.75,TRUE
1630169,"Tyrese Haliburton","1610612758","Sacramento Kings",2022,"0022100524","20211229",-21.1,18.75,FALSE
1630169,"Tyrese Haliburton","1610612758","Sacramento Kings",2022,"0022100524","20211229",-8.8,29.55,FALSE
1630169,"Tyrese Haliburton","1610612758","Sacramento Kings",2022,"0022100524","20211229",-23,5.95,FALSE
1630169,"Tyrese Haliburton","1610612758","Sacramento Kings",2022,"0022100524","20211229",7.7,20.95,FALSE
1630169,"Tyrese Haliburton","1610612758","Sacramento Kings",2022,"0022100524","20211229",-4.4,30.85,TRUE
1630169,"Tyrese Haliburton","1610612758","Sacramento Kings",2022,"0022100524","20211229",-3.3,7.35,FALSE
1630169,"Tyrese Haliburton","1610612758","Sacramento Kings",2022,"0022100524","20211229",-8,29.85,FALSE
1630169,"Tyrese Haliburton","1610612758","Sacramento Kings",2022,"0022100531","20211231",-18.4,25.25,TRUE
1630169,"Tyrese Haliburton","1610612758","Sacramento Kings",2022,"0022100531","20211231",12.4,26.55,TRUE
1630169,"Tyrese Haliburton","1610612758","Sacramento Kings",2022,"0022100531","20211231",-12.6,27.75,TRUE
1630169,"Tyrese Haliburton","1610612758","Sacramento Kings",2022,"0022100531","20211231",-2.5,23.15,TRUE
1630169,"Tyrese Haliburton","1610612758","Sacramento Kings",2022,"0022100531","20211231",-13.5,5.65,TRUE
1630169,"Tyrese Haliburton","1610612758","Sacramento Kings",2022,"0022100531","20211231",16.1,23.65,FALSE
1630169,"Tyrese Haliburton","1610612758","Sacramento Kings",2022,"0022100531","20211231",-14.3,27.35,TRUE
1630169,"Tyrese Haliburton","1610612758","Sacramento Kings",2022,"0022100531","20211231",-6.1,7.75,FALSE
1630169,"Tyrese Haliburton","1610612758","Sacramento Kings",2022,"0022100531","20211231",3.8,10.75,FALSE
1630169,"Tyrese Haliburton","1610612758","Sacramento Kings",2022,"0022100531","20211231",-16.5,8.35,FALSE
1630169,"Tyrese Haliburton","1610612758","Sacramento Kings",2022,"0022100548","20220102",-8.9,17.25,FALSE
1630169,"Tyrese Haliburton","1610612758","Sacramento Kings",2022,"0022100548","20220102",-0.4,14.75,FALSE
1630169,"Tyrese Haliburton","1610612758","Sacramento Kings",2022,"0022100548","20220102",0.7,15.65,TRUE
1630169,"Tyrese Haliburton","1610612758","Sacramento Kings",2022,"0022100548","20220102",16.9,26.75,TRUE
1630169,"Tyrese Haliburton","1610612758","Sacramento Kings",2022,"0022100548","20220102",8.9,6.95,FALSE
1630169,"Tyrese Haliburton","1610612758","Sacramento Kings",2022,"0022100548","20220102",9.4,19.45,TRUE
1630169,"Tyrese Haliburton","1610612758","Sacramento Kings",2022,"0022100566","20220104",0.6,10.15,TRUE
1630169,"Tyrese Haliburton","1610612758","Sacramento Kings",2022,"0022100566","20220104",-13.4,11.95,FALSE
1630169,"Tyrese Haliburton","1610612758","Sacramento Kings",2022,"0022100566","20220104",17.2,25.85,FALSE
1630169,"Tyrese Haliburton","1610612758","Sacramento Kings",2022,"0022100566","20220104",11.4,30.45,FALSE
1630169,"Tyrese Haliburton","1610612758","Sacramento Kings",2022,"0022100566","20220104",-2.7,30.95,FALSE
1630169,"Tyrese Haliburton","1610612758","Sacramento Kings",2022,"0022100566","20220104",-2.9,22.85,FALSE
1630169,"Tyrese Haliburton","1610612758","Sacramento Kings",2022,"0022100566","20220104",-0.2,8.35,FALSE
1630169,"Tyrese Haliburton","1610612758","Sacramento Kings",2022,"0022100566","20220104",-16.4,24.75,TRUE
1630169,"Tyrese Haliburton","1610612758","Sacramento Kings",2022,"0022100566","20220104",-22.7,6.75,FALSE
1630169,"Tyrese Haliburton","1610612758","Sacramento Kings",2022,"0022100566","20220104",-2.2,19.55,TRUE
1630169,"Tyrese Haliburton","1610612758","Sacramento Kings",2022,"0022100577","20220105",-16.8,10.95,FALSE
1630169,"Tyrese Haliburton","1610612758","Sacramento Kings",2022,"0022100577","20220105",-10.2,6.05,FALSE
1630169,"Tyrese Haliburton","1610612758","Sacramento Kings",2022,"0022100577","20220105",-16.5,24.75,TRUE
1630169,"Tyrese Haliburton","1610612758","Sacramento Kings",2022,"0022100577","20220105",-5.5,7.35,FALSE
1630169,"Tyrese Haliburton","1610612758","Sacramento Kings",2022,"0022100577","20220105",-0.2,5.35,TRUE
1630169,"Tyrese Haliburton","1610612758","Sacramento Kings",2022,"0022100577","20220105",3.9,7.75,FALSE
1630169,"Tyrese Haliburton","1610612758","Sacramento Kings",2022,"0022100577","20220105",-4.7,9.95,FALSE
1630169,"Tyrese Haliburton","1610612758","Sacramento Kings",2022,"0022100577","20220105",0.7,32.05,TRUE
1630169,"Tyrese Haliburton","1610612758","Sacramento Kings",2022,"0022100577","20220105",22.1,17.35,TRUE
1630169,"Tyrese Haliburton","1610612758","Sacramento Kings",2022,"0022100577","20220105",9.8,29.15,TRUE
1630169,"Tyrese Haliburton","1610612758","Sacramento Kings",2022,"0022100577","20220105",3.4,35.15,FALSE
1630169,"Tyrese Haliburton","1610612758","Sacramento Kings",2022,"0022100577","20220105",-8.9,18.85,FALSE
1630169,"Tyrese Haliburton","1610612758","Sacramento Kings",2022,"0022100577","20220105",21.1,19.55,FALSE
1630169,"Tyrese Haliburton","1610612758","Sacramento Kings",2022,"0022100577","20220105",2.7,15.25,TRUE
1630169,"Tyrese Haliburton","1610612758","Sacramento Kings",2022,"0022100577","20220105",0,5.25,TRUE
1630169,"Tyrese Haliburton","1610612758","Sacramento Kings",2022,"0022100577","20220105",-14.6,27.05,TRUE
1630169,"Tyrese Haliburton","1610612758","Sacramento Kings",2022,"0022100588","20220107",-18.3,22.35,TRUE
1630169,"Tyrese Haliburton","1610612758","Sacramento Kings",2022,"0022100588","20220107",-7.2,32.85,FALSE
1630169,"Tyrese Haliburton","1610612758","Sacramento Kings",2022,"0022100588","20220107",23.5,6.85,TRUE
1630169,"Tyrese Haliburton","1610612758","Sacramento Kings",2022,"0022100588","20220107",-4,15.05,FALSE
1630169,"Tyrese Haliburton","1610612758","Sacramento Kings",2022,"0022100588","20220107",-20.5,18.95,TRUE
1630169,"Tyrese Haliburton","1610612758","Sacramento Kings",2022,"0022100588","20220107",19.7,23.55,TRUE
1630169,"Tyrese Haliburton","1610612758","Sacramento Kings",2022,"0022100588","20220107",-5.1,18.85,TRUE
1630169,"Tyrese Haliburton","1610612758","Sacramento Kings",2022,"0022100605","20220109",-14.5,26.65,TRUE
1630169,"Tyrese Haliburton","1610612758","Sacramento Kings",2022,"0022100605","20220109",3.7,9.05,TRUE
1630169,"Tyrese Haliburton","1610612758","Sacramento Kings",2022,"0022100605","20220109",18.1,55.65,FALSE
1630169,"Tyrese Haliburton","1610612758","Sacramento Kings",2022,"0022100605","20220109",-7,31.25,FALSE
1630169,"Tyrese Haliburton","1610612758","Sacramento Kings",2022,"0022100605","20220109",8.2,29.75,FALSE
1630169,"Tyrese Haliburton","1610612758","Sacramento Kings",2022,"0022100605","20220109",15.3,26.15,TRUE
1630169,"Tyrese Haliburton","1610612758","Sacramento Kings",2022,"0022100605","20220109",14.7,32.05,FALSE
1630169,"Tyrese Haliburton","1610612758","Sacramento Kings",2022,"0022100605","20220109",-4.4,19.85,TRUE
1630169,"Tyrese Haliburton","1610612758","Sacramento Kings",2022,"0022100605","20220109",3.6,16.25,TRUE
1630169,"Tyrese Haliburton","1610612758","Sacramento Kings",2022,"0022100605","20220109",1.7,11.05,FALSE
1630169,"Tyrese Haliburton","1610612758","Sacramento Kings",2022,"0022100605","20220109",0.5,11.15,TRUE
1630169,"Tyrese Haliburton","1610612758","Sacramento Kings",2022,"0022100611","20220110",-13.2,27.65,TRUE
1630169,"Tyrese Haliburton","1610612758","Sacramento Kings",2022,"0022100611","20220110",20.3,19.25,FALSE
1630169,"Tyrese Haliburton","1610612758","Sacramento Kings",2022,"0022100611","20220110",-16.1,7.65,TRUE
1630169,"Tyrese Haliburton","1610612758","Sacramento Kings",2022,"0022100611","20220110",1.1,15.55,FALSE
1630169,"Tyrese Haliburton","1610612758","Sacramento Kings",2022,"0022100611","20220110",-2.2,5.85,TRUE
1630169,"Tyrese Haliburton","1610612758","Sacramento Kings",2022,"0022100611","20220110",9.9,11.55,TRUE
1630169,"Tyrese Haliburton","1610612758","Sacramento Kings",2022,"0022100611","20220110",-15.2,26.45,FALSE
1630169,"Tyrese Haliburton","1610612758","Sacramento Kings",2022,"0022100611","20220110",-11.4,14.05,TRUE
1630169,"Tyrese Haliburton","1610612758","Sacramento Kings",2022,"0022100611","20220110",3.3,17.25,FALSE
1630169,"Tyrese Haliburton","1610612758","Sacramento Kings",2022,"0022100611","20220110",-2.2,7.25,FALSE
1630169,"Tyrese Haliburton","1610612758","Sacramento Kings",2022,"0022100611","20220110",-1,13.15,TRUE
1630169,"Tyrese Haliburton","1610612758","Sacramento Kings",2022,"0022100611","20220110",-16.1,26.35,TRUE
1630169,"Tyrese Haliburton","1610612758","Sacramento Kings",2022,"0022100611","20220110",7.5,44.85,FALSE
1630169,"Tyrese Haliburton","1610612758","Sacramento Kings",2022,"0022100611","20220110",-23,14.35,FALSE
1630169,"Tyrese Haliburton","1610612758","Sacramento Kings",2022,"0022100611","20220110",-0.5,7.25,FALSE
1630169,"Tyrese Haliburton","1610612758","Sacramento Kings",2022,"0022100611","20220110",0.2,6.45,TRUE
1630169,"Tyrese Haliburton","1610612758","Sacramento Kings",2022,"0022100626","20220112",-5.6,10.85,FALSE
1630169,"Tyrese Haliburton","1610612758","Sacramento Kings",2022,"0022100626","20220112",-16.3,17.75,TRUE
1630169,"Tyrese Haliburton","1610612758","Sacramento Kings",2022,"0022100626","20220112",-16.7,15.15,TRUE
1630169,"Tyrese Haliburton","1610612758","Sacramento Kings",2022,"0022100626","20220112",-15.9,26.65,TRUE
1630169,"Tyrese Haliburton","1610612758","Sacramento Kings",2022,"0022100626","20220112",22.7,4.45,TRUE
1630169,"Tyrese Haliburton","1610612758","Sacramento Kings",2022,"0022100626","20220112",4.4,33.25,FALSE
1630169,"Tyrese Haliburton","1610612758","Sacramento Kings",2022,"0022100626","20220112",-14.7,28.85,FALSE
1630169,"Tyrese Haliburton","1610612758","Sacramento Kings",2022,"0022100626","20220112",-0.5,6.05,TRUE
1630169,"Tyrese Haliburton","1610612758","Sacramento Kings",2022,"0022100626","20220112",9.9,9.15,FALSE
1630169,"Tyrese Haliburton","1610612758","Sacramento Kings",2022,"0022100626","20220112",-16.3,24.55,FALSE
1630169,"Tyrese Haliburton","1610612758","Sacramento Kings",2022,"0022100640","20220114",13.1,29.35,FALSE
1630169,"Tyrese Haliburton","1610612758","Sacramento Kings",2022,"0022100640","20220114",-14,27.65,FALSE
1630169,"Tyrese Haliburton","1610612758","Sacramento Kings",2022,"0022100640","20220114",-1.1,6.55,TRUE
1630169,"Tyrese Haliburton","1610612758","Sacramento Kings",2022,"0022100640","20220114",8.5,15.15,TRUE
1630169,"Tyrese Haliburton","1610612758","Sacramento Kings",2022,"0022100640","20220114",-20,22.55,TRUE
1630169,"Tyrese Haliburton","1610612758","Sacramento Kings",2022,"0022100640","20220114",-17.9,23.05,FALSE
1630169,"Tyrese Haliburton","1610612758","Sacramento Kings",2022,"0022100640","20220114",-6.6,29.65,FALSE
1630169,"Tyrese Haliburton","1610612758","Sacramento Kings",2022,"0022100640","20220114",-14,26.15,FALSE
1630169,"Tyrese Haliburton","1610612758","Sacramento Kings",2022,"0022100696","20220122",-14.1,5.35,TRUE
1630169,"Tyrese Haliburton","1610612758","Sacramento Kings",2022,"0022100696","20220122",22.2,19.45,FALSE
1630169,"Tyrese Haliburton","1610612758","Sacramento Kings",2022,"0022100696","20220122",-16.2,27.35,TRUE
1630169,"Tyrese Haliburton","1610612758","Sacramento Kings",2022,"0022100696","20220122",0,5.25,TRUE
1630169,"Tyrese Haliburton","1610612758","Sacramento Kings",2022,"0022100696","20220122",-7.5,17.75,FALSE
1630169,"Tyrese Haliburton","1610612758","Sacramento Kings",2022,"0022100696","20220122",-6.6,7.55,FALSE
1630169,"Tyrese Haliburton","1610612758","Sacramento Kings",2022,"0022100696","20220122",-0.7,7.85,FALSE
1630169,"Tyrese Haliburton","1610612758","Sacramento Kings",2022,"0022100696","20220122",-8.2,19.45,TRUE
1630169,"Tyrese Haliburton","1610612758","Sacramento Kings",2022,"0022100696","20220122",5.8,31.05,TRUE
1630169,"Tyrese Haliburton","1610612758","Sacramento Kings",2022,"0022100696","20220122",-17.6,27.25,TRUE
1630169,"Tyrese Haliburton","1610612758","Sacramento Kings",2022,"0022100696","20220122",-6.7,32.85,TRUE
1630169,"Tyrese Haliburton","1610612758","Sacramento Kings",2022,"0022100696","20220122",7.7,33.55,FALSE
1630169,"Tyrese Haliburton","1610612758","Sacramento Kings",2022,"0022100696","20220122",-5.8,33.55,TRUE
1630169,"Tyrese Haliburton","1610612758","Sacramento Kings",2022,"0022100696","20220122",19.5,27.95,FALSE
1630169,"Tyrese Haliburton","1610612758","Sacramento Kings",2022,"0022100717","20220125",-14.8,29.35,FALSE
1630169,"Tyrese Haliburton","1610612758","Sacramento Kings",2022,"0022100717","20220125",-4.9,30.95,FALSE
1630169,"Tyrese Haliburton","1610612758","Sacramento Kings",2022,"0022100717","20220125",13.6,28.95,FALSE
1630169,"Tyrese Haliburton","1610612758","Sacramento Kings",2022,"0022100717","20220125",-10.7,11.45,FALSE
1630169,"Tyrese Haliburton","1610612758","Sacramento Kings",2022,"0022100717","20220125",-14,29.55,FALSE
1630169,"Tyrese Haliburton","1610612758","Sacramento Kings",2022,"0022100717","20220125",5.8,18.25,FALSE
1630169,"Tyrese Haliburton","1610612758","Sacramento Kings",2022,"0022100717","20220125",-11.2,30.45,FALSE
1630169,"Tyrese Haliburton","1610612758","Sacramento Kings",2022,"0022100717","20220125",-16.3,13.25,TRUE
1630169,"Tyrese Haliburton","1610612758","Sacramento Kings",2022,"0022100717","20220125",-4.4,8.15,TRUE
1630169,"Tyrese Haliburton","1610612758","Sacramento Kings",2022,"0022100725","20220126",8.9,4.75,TRUE
1630169,"Tyrese Haliburton","1610612758","Sacramento Kings",2022,"0022100725","20220126",7.6,10.05,TRUE
1630169,"Tyrese Haliburton","1610612758","Sacramento Kings",2022,"0022100725","20220126",11.9,13.25,FALSE
1630169,"Tyrese Haliburton","1610612758","Sacramento Kings",2022,"0022100725","20220126",8,21.85,FALSE
1630169,"Tyrese Haliburton","1610612758","Sacramento Kings",2022,"0022100725","20220126",4.7,30.45,FALSE
1630169,"Tyrese Haliburton","1610612758","Sacramento Kings",2022,"0022100725","20220126",-16.1,13.25,FALSE
1630169,"Tyrese Haliburton","1610612758","Sacramento Kings",2022,"0022100725","20220126",-22.4,7.95,FALSE
1630169,"Tyrese Haliburton","1610612758","Sacramento Kings",2022,"0022100725","20220126",-8.2,28.35,FALSE
1630169,"Tyrese Haliburton","1610612758","Sacramento Kings",2022,"0022100725","20220126",1.2,30.45,FALSE
1630169,"Tyrese Haliburton","1610612758","Sacramento Kings",2022,"0022100725","20220126",6.2,30.65,FALSE
1630169,"Tyrese Haliburton","1610612758","Sacramento Kings",2022,"0022100725","20220126",4.5,15.65,FALSE
1630169,"Tyrese Haliburton","1610612758","Sacramento Kings",2022,"0022100725","20220126",23.3,2.65,TRUE
1630169,"Tyrese Haliburton","1610612758","Sacramento Kings",2022,"0022100725","20220126",3.8,17.75,TRUE
1630169,"Tyrese Haliburton","1610612758","Sacramento Kings",2022,"0022100725","20220126",5.5,15.45,TRUE
1630169,"Tyrese Haliburton","1610612758","Sacramento Kings",2022,"0022100747","20220129",-5,21.75,TRUE
1630169,"Tyrese Haliburton","1610612758","Sacramento Kings",2022,"0022100747","20220129",20.1,23.65,FALSE
1630169,"Tyrese Haliburton","1610612758","Sacramento Kings",2022,"0022100747","20220129",-1,5.85,FALSE
1630169,"Tyrese Haliburton","1610612758","Sacramento Kings",2022,"0022100747","20220129",1,5.45,TRUE
1630169,"Tyrese Haliburton","1610612758","Sacramento Kings",2022,"0022100747","20220129",6,5.45,FALSE
1630169,"Tyrese Haliburton","1610612758","Sacramento Kings",2022,"0022100747","20220129",8,30.55,FALSE
1630169,"Tyrese Haliburton","1610612758","Sacramento Kings",2022,"0022100747","20220129",6.9,9.45,TRUE
1630169,"Tyrese Haliburton","1610612758","Sacramento Kings",2022,"0022100747","20220129",-20.8,19.15,TRUE
1630169,"Tyrese Haliburton","1610612758","Sacramento Kings",2022,"0022100747","20220129",-10.4,18.45,FALSE
1630169,"Tyrese Haliburton","1610612758","Sacramento Kings",2022,"0022100747","20220129",-0.2,5.35,TRUE
1630169,"Tyrese Haliburton","1610612758","Sacramento Kings",2022,"0022100747","20220129",5.9,10.05,FALSE
1630169,"Tyrese Haliburton","1610612758","Sacramento Kings",2022,"0022100747","20220129",-4.4,15.85,TRUE
1630169,"Tyrese Haliburton","1610612758","Sacramento Kings",2022,"0022100747","20220129",-17.6,22.95,FALSE
1630169,"Tyrese Haliburton","1610612758","Sacramento Kings",2022,"0022100747","20220129",-14,27.95,FALSE
1630169,"Tyrese Haliburton","1610612758","Sacramento Kings",2022,"0022100747","20220129",-0.1,30.85,TRUE
1630169,"Tyrese Haliburton","1610612758","Sacramento Kings",2022,"0022100747","20220129",-8.6,32.95,TRUE
1630169,"Tyrese Haliburton","1610612758","Sacramento Kings",2022,"0022100747","20220129",3.1,31.35,TRUE
1630169,"Tyrese Haliburton","1610612758","Sacramento Kings",2022,"0022100747","20220129",-0.6,6.05,TRUE
1630169,"Tyrese Haliburton","1610612758","Sacramento Kings",2022,"0022100747","20220129",-23.7,5.65,TRUE
1630169,"Tyrese Haliburton","1610612758","Sacramento Kings",2022,"0022100763","20220131",-1.8,8.15,FALSE
1630169,"Tyrese Haliburton","1610612758","Sacramento Kings",2022,"0022100763","20220131",16.9,24.25,TRUE
1630169,"Tyrese Haliburton","1610612758","Sacramento Kings",2022,"0022100763","20220131",-14.2,26.75,FALSE
1630169,"Tyrese Haliburton","1610612758","Sacramento Kings",2022,"0022100763","20220131",-15.7,16.75,FALSE
1630169,"Tyrese Haliburton","1610612758","Sacramento Kings",2022,"0022100763","20220131",7.1,23.65,FALSE
1630169,"Tyrese Haliburton","1610612758","Sacramento Kings",2022,"0022100763","20220131",-1.2,17.15,FALSE
1630169,"Tyrese Haliburton","1610612758","Sacramento Kings",2022,"0022100763","20220131",1.1,5.55,TRUE
1630169,"Tyrese Haliburton","1610612758","Sacramento Kings",2022,"0022100763","20220131",8.9,24.15,TRUE
1630169,"Tyrese Haliburton","1610612758","Sacramento Kings",2022,"0022100763","20220131",-11.9,31.65,FALSE
1630169,"Tyrese Haliburton","1610612758","Sacramento Kings",2022,"0022100763","20220131",12.3,20.35,TRUE
1630169,"Tyrese Haliburton","1610612758","Sacramento Kings",2022,"0022100763","20220131",-11.9,8.95,FALSE
1630169,"Tyrese Haliburton","1610612758","Sacramento Kings",2022,"0022100763","20220131",-0.6,6.05,TRUE
1630169,"Tyrese Haliburton","1610612758","Sacramento Kings",2022,"0022100763","20220131",3.6,7.95,FALSE
1630169,"Tyrese Haliburton","1610612758","Sacramento Kings",2022,"0022100763","20220131",17.5,24.05,FALSE
1630169,"Tyrese Haliburton","1610612758","Sacramento Kings",2022,"0022100763","20220131",-1.8,9.65,TRUE
1630169,"Tyrese Haliburton","1610612758","Sacramento Kings",2022,"0022100763","20220131",-20.1,21.15,TRUE
1630169,"Tyrese Haliburton","1610612758","Sacramento Kings",2022,"0022100780","20220202",-4.2,30.05,FALSE
1630169,"Tyrese Haliburton","1610612758","Sacramento Kings",2022,"0022100780","20220202",23.2,4.55,TRUE
1630169,"Tyrese Haliburton","1610612758","Sacramento Kings",2022,"0022100780","20220202",-11.3,20.75,FALSE
1630169,"Tyrese Haliburton","1610612758","Sacramento Kings",2022,"0022100780","20220202",-15,30.85,FALSE
1630169,"Tyrese Haliburton","1610612758","Sacramento Kings",2022,"0022100780","20220202",-12.6,16.15,TRUE
1630169,"Tyrese Haliburton","1610612758","Sacramento Kings",2022,"0022100780","20220202",-16.1,26.35,FALSE
1630169,"Tyrese Haliburton","1610612758","Sacramento Kings",2022,"0022100780","20220202",1.2,9.15,FALSE
1630169,"Tyrese Haliburton","1610612758","Sacramento Kings",2022,"0022100780","20220202",20.1,27.05,FALSE
1630169,"Tyrese Haliburton","1610612758","Sacramento Kings",2022,"0022100780","20220202",-2.6,6.35,FALSE
1630169,"Tyrese Haliburton","1610612758","Sacramento Kings",2022,"0022100780","20220202",2.1,6.55,FALSE
1630169,"Tyrese Haliburton","1610612758","Sacramento Kings",2022,"0022100780","20220202",0.9,12.55,TRUE
1630169,"Tyrese Haliburton","1610612758","Sacramento Kings",2022,"0022100780","20220202",-8.8,20.65,TRUE
1630169,"Tyrese Haliburton","1610612758","Sacramento Kings",2022,"0022100780","20220202",-1.7,6.45,TRUE
1630169,"Tyrese Haliburton","1610612758","Sacramento Kings",2022,"0022100780","20220202",13,29.15,FALSE
1630169,"Tyrese Haliburton","1610612758","Sacramento Kings",2022,"0022100780","20220202",-2.5,7.05,FALSE
1630169,"Tyrese Haliburton","1610612758","Sacramento Kings",2022,"0022100785","20220203",0.2,14.75,FALSE
1630169,"Tyrese Haliburton","1610612758","Sacramento Kings",2022,"0022100785","20220203",-6.2,12.95,FALSE
1630169,"Tyrese Haliburton","1610612758","Sacramento Kings",2022,"0022100785","20220203",-22.9,10.45,FALSE
1630169,"Tyrese Haliburton","1610612758","Sacramento Kings",2022,"0022100785","20220203",5.4,19.95,FALSE
1630169,"Tyrese Haliburton","1610612758","Sacramento Kings",2022,"0022100785","20220203",23.3,4.35,FALSE
1630169,"Tyrese Haliburton","1610612758","Sacramento Kings",2022,"0022100785","20220203",4.3,21.95,FALSE
1630169,"Tyrese Haliburton","1610612758","Sacramento Kings",2022,"0022100785","20220203",13,29.85,TRUE
1630169,"Tyrese Haliburton","1610612758","Sacramento Kings",2022,"0022100785","20220203",3.7,15.15,TRUE
1630169,"Tyrese Haliburton","1610612758","Sacramento Kings",2022,"0022100785","20220203",17.8,25.15,TRUE
1630169,"Tyrese Haliburton","1610612758","Sacramento Kings",2022,"0022100785","20220203",-20.5,22.75,FALSE
1630169,"Tyrese Haliburton","1610612758","Sacramento Kings",2022,"0022100785","20220203",-14.8,33.25,FALSE
1630169,"Tyrese Haliburton","1610612758","Sacramento Kings",2022,"0022100801","20220205",1.7,16.75,TRUE
1630169,"Tyrese Haliburton","1610612758","Sacramento Kings",2022,"0022100801","20220205",-12.7,27.45,FALSE
1630169,"Tyrese Haliburton","1610612758","Sacramento Kings",2022,"0022100801","20220205",1.3,17.65,TRUE
1630169,"Tyrese Haliburton","1610612758","Sacramento Kings",2022,"0022100801","20220205",1.1,19.85,FALSE
1630169,"Tyrese Haliburton","1610612758","Sacramento Kings",2022,"0022100801","20220205",-2.5,16.95,FALSE
1630169,"Tyrese Haliburton","1610612758","Sacramento Kings",2022,"0022100801","20220205",-2.2,6.55,TRUE
1630169,"Tyrese Haliburton","1610612758","Sacramento Kings",2022,"0022100801","20220205",-0.9,10.55,FALSE
1630169,"Tyrese Haliburton","1610612758","Sacramento Kings",2022,"0022100801","20220205",1.8,5.65,TRUE
1630169,"Tyrese Haliburton","1610612758","Sacramento Kings",2022,"0022100801","20220205",-2.5,26.65,FALSE
1630169,"Tyrese Haliburton","1610612758","Sacramento Kings",2022,"0022100801","20220205",2.9,28.05,FALSE
1630169,"Tyrese Haliburton","1610612758","Sacramento Kings",2022,"0022100801","20220205",17.2,25.85,FALSE
1630169,"Tyrese Haliburton","1610612758","Sacramento Kings",2022,"0022100801","20220205",1.7,6.35,FALSE
1630169,"Tyrese Haliburton","1610612758","Sacramento Kings",2022,"0022100801","20220205",2,6.05,TRUE
1630169,"Tyrese Haliburton","1610612758","Sacramento Kings",2022,"0022100839","20220211",-2.2,15.15,TRUE
1630169,"Tyrese Haliburton","1610612758","Sacramento Kings",2022,"0022100839","20220211",-23,7.85,TRUE
1630169,"Tyrese Haliburton","1610612758","Sacramento Kings",2022,"0022100839","20220211",-0.6,5.75,TRUE
1630169,"Tyrese Haliburton","1610612758","Sacramento Kings",2022,"0022100839","20220211",-22.8,5.35,TRUE
1630169,"Tyrese Haliburton","1610612758","Sacramento Kings",2022,"0022100839","20220211",6,16.25,TRUE
1630169,"Tyrese Haliburton","1610612758","Sacramento Kings",2022,"0022100839","20220211",-1.7,20.75,TRUE
1630169,"Tyrese Haliburton","1610612758","Sacramento Kings",2022,"0022100839","20220211",-0.9,6.05,FALSE
1630169,"Tyrese Haliburton","1610612758","Sacramento Kings",2022,"0022100839","20220211",1.1,12.75,FALSE
1630169,"Tyrese Haliburton","1610612758","Sacramento Kings",2022,"0022100839","20220211",-4.5,10.45,FALSE
1630169,"Tyrese Haliburton","1610612758","Sacramento Kings",2022,"0022100839","20220211",-7.6,21.55,TRUE
1630169,"Tyrese Haliburton","1610612758","Sacramento Kings",2022,"0022100839","20220211",7.2,26.05,FALSE
1630169,"Tyrese Haliburton","1610612758","Sacramento Kings",2022,"0022100839","20220211",3.3,30.55,TRUE
1630169,"Tyrese Haliburton","1610612758","Sacramento Kings",2022,"0022100839","20220211",22.4,8.15,FALSE
1630169,"Tyrese Haliburton","1610612758","Sacramento Kings",2022,"0022100839","20220211",-9.1,29.55,FALSE
1630169,"Tyrese Haliburton","1610612758","Sacramento Kings",2022,"0022100839","20220211",-8.6,31.45,TRUE
1630169,"Tyrese Haliburton","1610612758","Sacramento Kings",2022,"0022100857","20220213",19.2,21.75,FALSE
1630169,"Tyrese Haliburton","1610612758","Sacramento Kings",2022,"0022100857","20220213",4.5,31.25,TRUE
1630169,"Tyrese Haliburton","1610612758","Sacramento Kings",2022,"0022100857","20220213",-12.5,30.35,TRUE
1630169,"Tyrese Haliburton","1610612758","Sacramento Kings",2022,"0022100857","20220213",3.3,30.55,FALSE
1630169,"Tyrese Haliburton","1610612758","Sacramento Kings",2022,"0022100857","20220213",11.2,18.75,FALSE
1630169,"Tyrese Haliburton","1610612758","Sacramento Kings",2022,"0022100857","20220213",-23.2,15.05,TRUE
1630169,"Tyrese Haliburton","1610612758","Sacramento Kings",2022,"0022100857","20220213",-5.9,33.45,TRUE
1630169,"Tyrese Haliburton","1610612758","Sacramento Kings",2022,"0022100857","20220213",22.4,9.95,FALSE
1630169,"Tyrese Haliburton","1610612758","Sacramento Kings",2022,"0022100857","20220213",-7.4,9.95,TRUE
1630169,"Tyrese Haliburton","1610612758","Sacramento Kings",2022,"0022100857","20220213",-14.8,24.55,FALSE
1630169,"Tyrese Haliburton","1610612758","Sacramento Kings",2022,"0022100857","20220213",15.2,27.15,TRUE
1630169,"Tyrese Haliburton","1610612758","Sacramento Kings",2022,"0022100857","20220213",-13.7,32.35,TRUE
1630169,"Tyrese Haliburton","1610612758","Sacramento Kings",2022,"0022100857","20220213",-1,34.45,FALSE
1630169,"Tyrese Haliburton","1610612758","Sacramento Kings",2022,"0022100857","20220213",16.5,24.65,FALSE
1630169,"Tyrese Haliburton","1610612758","Sacramento Kings",2022,"0022100870","20220215",-8.9,28.85,TRUE
1630169,"Tyrese Haliburton","1610612758","Sacramento Kings",2022,"0022100870","20220215",-2.1,9.15,FALSE
1630169,"Tyrese Haliburton","1610612758","Sacramento Kings",2022,"0022100870","20220215",20.2,22.25,TRUE
1630169,"Tyrese Haliburton","1610612758","Sacramento Kings",2022,"0022100870","20220215",6.6,17.25,TRUE
1630169,"Tyrese Haliburton","1610612758","Sacramento Kings",2022,"0022100870","20220215",18,30.65,FALSE
1630169,"Tyrese Haliburton","1610612758","Sacramento Kings",2022,"0022100870","20220215",-4.7,34.65,FALSE
1630169,"Tyrese Haliburton","1610612758","Sacramento Kings",2022,"0022100870","20220215",-12,13.05,TRUE
1630169,"Tyrese Haliburton","1610612758","Sacramento Kings",2022,"0022100870","20220215",-6.5,12.05,FALSE
1630169,"Tyrese Haliburton","1610612758","Sacramento Kings",2022,"0022100870","20220215",-14.5,27.15,TRUE
1630169,"Tyrese Haliburton","1610612758","Sacramento Kings",2022,"0022100870","20220215",14.3,28.35,FALSE
1630169,"Tyrese Haliburton","1610612758","Sacramento Kings",2022,"0022100870","20220215",-1.7,7.35,TRUE
1630169,"Tyrese Haliburton","1610612758","Sacramento Kings",2022,"0022100870","20220215",-14.5,32.05,FALSE
1630169,"Tyrese Haliburton","1610612758","Sacramento Kings",2022,"0022100876","20220216",1,15.35,TRUE
1630169,"Tyrese Haliburton","1610612758","Sacramento Kings",2022,"0022100876","20220216",13.4,27.25,FALSE
1630169,"Tyrese Haliburton","1610612758","Sacramento Kings",2022,"0022100876","20220216",0.7,49.05,FALSE
1630169,"Tyrese Haliburton","1610612758","Sacramento Kings",2022,"0022100876","20220216",-0.9,10.25,TRUE
1630169,"Tyrese Haliburton","1610612758","Sacramento Kings",2022,"0022100876","20220216",0.5,6.55,TRUE
1630169,"Tyrese Haliburton","1610612758","Sacramento Kings",2022,"0022100876","20220216",-2.6,32.05,FALSE
1630169,"Tyrese Haliburton","1610612758","Sacramento Kings",2022,"0022100876","20220216",-17.3,26.15,FALSE
1630169,"Tyrese Haliburton","1610612758","Sacramento Kings",2022,"0022100876","20220216",-20.8,18.35,FALSE
1630169,"Tyrese Haliburton","1610612758","Sacramento Kings",2022,"0022100876","20220216",-5.4,11.35,TRUE
1630169,"Tyrese Haliburton","1610612758","Sacramento Kings",2022,"0022100876","20220216",-15,27.95,TRUE
1630169,"Tyrese Haliburton","1610612758","Sacramento Kings",2022,"0022100876","20220216",-5.1,20.85,FALSE
1630169,"Tyrese Haliburton","1610612758","Sacramento Kings",2022,"0022100876","20220216",-2.1,9.05,FALSE
1630169,"Tyrese Haliburton","1610612758","Sacramento Kings",2022,"0022100876","20220216",-12.1,21.05,TRUE
1630169,"Tyrese Haliburton","1610612758","Sacramento Kings",2022,"0022100876","20220216",-0.1,25.35,FALSE
1630169,"Tyrese Haliburton","1610612758","Sacramento Kings",2022,"0022100876","20220216",-18.5,12.95,FALSE
1630169,"Tyrese Haliburton","1610612758","Sacramento Kings",2022,"0022100876","20220216",0.1,13.45,FALSE
1630169,"Tyrese Haliburton","1610612758","Sacramento Kings",2022,"0022100876","20220216",-1.7,6.55,FALSE
1630169,"Tyrese Haliburton","1610612758","Sacramento Kings",2022,"0022100897","20220225",0.5,5.45,TRUE
1630169,"Tyrese Haliburton","1610612758","Sacramento Kings",2022,"0022100897","20220225",0.2,20.45,TRUE
1630169,"Tyrese Haliburton","1610612758","Sacramento Kings",2022,"0022100897","20220225",0.9,12.35,FALSE
1630169,"Tyrese Haliburton","1610612758","Sacramento Kings",2022,"0022100897","20220225",3.8,20.25,TRUE
1630169,"Tyrese Haliburton","1610612758","Sacramento Kings",2022,"0022100897","20220225",1.3,6.05,TRUE
1630169,"Tyrese Haliburton","1610612758","Sacramento Kings",2022,"0022100897","20220225",-7.5,30.35,TRUE
1630169,"Tyrese Haliburton","1610612758","Sacramento Kings",2022,"0022100897","20220225",-3.6,33.75,FALSE
1630169,"Tyrese Haliburton","1610612758","Sacramento Kings",2022,"0022100897","20220225",-2.5,15.85,FALSE
1630169,"Tyrese Haliburton","1610612758","Sacramento Kings",2022,"0022100897","20220225",-14.1,19.95,TRUE
1630169,"Tyrese Haliburton","1610612758","Sacramento Kings",2022,"0022100897","20220225",1.5,4.85,FALSE
1630169,"Tyrese Haliburton","1610612758","Sacramento Kings",2022,"0022100897","20220225",-16.5,27.25,FALSE
1630169,"Tyrese Haliburton","1610612758","Sacramento Kings",2022,"0022100914","20220227",11.6,30.95,TRUE
1630169,"Tyrese Haliburton","1610612758","Sacramento Kings",2022,"0022100914","20220227",1.7,30.85,TRUE
1630169,"Tyrese Haliburton","1610612758","Sacramento Kings",2022,"0022100914","20220227",-7.5,31.35,TRUE
1630169,"Tyrese Haliburton","1610612758","Sacramento Kings",2022,"0022100914","20220227",0.1,15.55,TRUE
1630169,"Tyrese Haliburton","1610612758","Sacramento Kings",2022,"0022100914","20220227",5.3,17.65,FALSE
1630169,"Tyrese Haliburton","1610612758","Sacramento Kings",2022,"0022100914","20220227",11,39.75,TRUE
1630169,"Tyrese Haliburton","1610612758","Sacramento Kings",2022,"0022100914","20220227",-2.3,34.75,FALSE
1630169,"Tyrese Haliburton","1610612758","Sacramento Kings",2022,"0022100914","20220227",-2,9.35,TRUE
1630169,"Tyrese Haliburton","1610612758","Sacramento Kings",2022,"0022100914","20220227",-16.2,7.45,FALSE
1630169,"Tyrese Haliburton","1610612758","Sacramento Kings",2022,"0022100914","20220227",-2.3,6.05,TRUE
1630169,"Tyrese Haliburton","1610612758","Sacramento Kings",2022,"0022100914","20220227",2.3,30.65,FALSE
1630169,"Tyrese Haliburton","1610612758","Sacramento Kings",2022,"0022100914","20220227",1.3,12.05,TRUE
1630169,"Tyrese Haliburton","1610612758","Sacramento Kings",2022,"0022100921","20220228",-7.5,9.35,TRUE
1630169,"Tyrese Haliburton","1610612758","Sacramento Kings",2022,"0022100921","20220228",1.7,21.75,FALSE
1630169,"Tyrese Haliburton","1610612758","Sacramento Kings",2022,"0022100921","20220228",15,27.75,TRUE
1630169,"Tyrese Haliburton","1610612758","Sacramento Kings",2022,"0022100921","20220228",-19.9,19.35,TRUE
1630169,"Tyrese Haliburton","1610612758","Sacramento Kings",2022,"0022100921","20220228",-22.8,6.85,FALSE
1630169,"Tyrese Haliburton","1610612758","Sacramento Kings",2022,"0022100921","20220228",15.7,26.95,FALSE
1630169,"Tyrese Haliburton","1610612758","Sacramento Kings",2022,"0022100921","20220228",1.1,10.75,TRUE
1630169,"Tyrese Haliburton","1610612758","Sacramento Kings",2022,"0022100921","20220228",-12.4,29.85,FALSE
1630169,"Tyrese Haliburton","1610612758","Sacramento Kings",2022,"0022100921","20220228",2.6,14.65,FALSE
1630169,"Tyrese Haliburton","1610612758","Sacramento Kings",2022,"0022100921","20220228",19.5,20.55,TRUE
1630169,"Tyrese Haliburton","1610612758","Sacramento Kings",2022,"0022100921","20220228",-13.7,17.75,TRUE
1630169,"Tyrese Haliburton","1610612758","Sacramento Kings",2022,"0022100921","20220228",-16.3,27.45,FALSE
1630169,"Tyrese Haliburton","1610612758","Sacramento Kings",2022,"0022100921","20220228",3.4,16.75,TRUE
1630169,"Tyrese Haliburton","1610612758","Sacramento Kings",2022,"0022100933","20220302",0.5,21.15,TRUE
1630169,"Tyrese Haliburton","1610612758","Sacramento Kings",2022,"0022100933","20220302",-3.1,8.05,FALSE
1630169,"Tyrese Haliburton","1610612758","Sacramento Kings",2022,"0022100933","20220302",-12.5,28.85,FALSE
1630169,"Tyrese Haliburton","1610612758","Sacramento Kings",2022,"0022100933","20220302",2.1,8.35,TRUE
1630169,"Tyrese Haliburton","1610612758","Sacramento Kings",2022,"0022100933","20220302",-0.6,6.95,TRUE
1630169,"Tyrese Haliburton","1610612758","Sacramento Kings",2022,"0022100933","20220302",-3.2,31.55,FALSE
1630169,"Tyrese Haliburton","1610612758","Sacramento Kings",2022,"0022100933","20220302",-13.8,17.25,FALSE
1630169,"Tyrese Haliburton","1610612758","Sacramento Kings",2022,"0022100933","20220302",-13,27.25,FALSE
1630169,"Tyrese Haliburton","1610612758","Sacramento Kings",2022,"0022100933","20220302",-17.6,26.75,FALSE
1630169,"Tyrese Haliburton","1610612758","Sacramento Kings",2022,"0022100933","20220302",-9.9,28.95,FALSE
1630169,"Tyrese Haliburton","1610612758","Sacramento Kings",2022,"0022100933","20220302",-12.7,28.15,TRUE
1630169,"Tyrese Haliburton","1610612758","Sacramento Kings",2022,"0022100933","20220302",18.1,20.95,TRUE
1630169,"Tyrese Haliburton","1610612758","Sacramento Kings",2022,"0022100933","20220302",-10.3,32.65,FALSE
1630169,"Tyrese Haliburton","1610612758","Sacramento Kings",2022,"0022100933","20220302",0,5.15,TRUE
1630169,"Tyrese Haliburton","1610612758","Sacramento Kings",2022,"0022100933","20220302",16.5,22.85,TRUE
1630169,"Tyrese Haliburton","1610612758","Sacramento Kings",2022,"0022100933","20220302",-9.3,30.45,FALSE
1630169,"Tyrese Haliburton","1610612758","Sacramento Kings",2022,"0022100946","20220304",-21.2,21.45,FALSE
1630169,"Tyrese Haliburton","1610612758","Sacramento Kings",2022,"0022100946","20220304",-10.8,29.15,FALSE
1630169,"Tyrese Haliburton","1610612758","Sacramento Kings",2022,"0022100946","20220304",-2.7,6.55,TRUE
1630169,"Tyrese Haliburton","1610612758","Sacramento Kings",2022,"0022100946","20220304",-2.8,6.45,FALSE
1630169,"Tyrese Haliburton","1610612758","Sacramento Kings",2022,"0022100946","20220304",-16.1,25.15,TRUE
1630169,"Tyrese Haliburton","1610612758","Sacramento Kings",2022,"0022100946","20220304",-1.7,7.55,TRUE
1630169,"Tyrese Haliburton","1610612758","Sacramento Kings",2022,"0022100946","20220304",-5.3,34.85,FALSE
1630169,"Tyrese Haliburton","1610612758","Sacramento Kings",2022,"0022100946","20220304",-8.5,30.95,FALSE
1630169,"Tyrese Haliburton","1610612758","Sacramento Kings",2022,"0022100963","20220306",-0.6,23.65,FALSE
1630169,"Tyrese Haliburton","1610612758","Sacramento Kings",2022,"0022100963","20220306",2.8,8.75,TRUE
1630169,"Tyrese Haliburton","1610612758","Sacramento Kings",2022,"0022100963","20220306",-22.8,4.75,FALSE
1630169,"Tyrese Haliburton","1610612758","Sacramento Kings",2022,"0022100963","20220306",-2.3,7.95,TRUE
1630169,"Tyrese Haliburton","1610612758","Sacramento Kings",2022,"0022100963","20220306",-4.2,9.25,TRUE
1630169,"Tyrese Haliburton","1610612758","Sacramento Kings",2022,"0022100963","20220306",-6.7,6.55,FALSE
1630169,"Tyrese Haliburton","1610612758","Sacramento Kings",2022,"0022100963","20220306",-20.5,22.05,FALSE
1630169,"Tyrese Haliburton","1610612758","Sacramento Kings",2022,"0022100963","20220306",2.2,6.55,TRUE
1630169,"Tyrese Haliburton","1610612758","Sacramento Kings",2022,"0022100963","20220306",17,26.65,TRUE
1630169,"Tyrese Haliburton","1610612758","Sacramento Kings",2022,"0022100963","20220306",13,29.45,FALSE
1630169,"Tyrese Haliburton","1610612758","Sacramento Kings",2022,"0022100963","20220306",-23.4,14.35,FALSE
1630169,"Tyrese Haliburton","1610612758","Sacramento Kings",2022,"0022100976","20220308",-18.8,26.95,FALSE
1630169,"Tyrese Haliburton","1610612758","Sacramento Kings",2022,"0022100976","20220308",-23.7,4.45,TRUE
1630169,"Tyrese Haliburton","1610612758","Sacramento Kings",2022,"0022100976","20220308",-6.6,11.55,FALSE
1630169,"Tyrese Haliburton","1610612758","Sacramento Kings",2022,"0022100976","20220308",-1.1,4.65,FALSE
1630169,"Tyrese Haliburton","1610612758","Sacramento Kings",2022,"0022100976","20220308",0.6,6.25,TRUE
1630169,"Tyrese Haliburton","1610612758","Sacramento Kings",2022,"0022100976","20220308",-0.5,5.75,TRUE
1630169,"Tyrese Haliburton","1610612758","Sacramento Kings",2022,"0022100976","20220308",-3.1,21.55,TRUE
1630169,"Tyrese Haliburton","1610612758","Sacramento Kings",2022,"0022100976","20220308",-2,11.05,TRUE
1630169,"Tyrese Haliburton","1610612758","Sacramento Kings",2022,"0022100976","20220308",19.7,21.65,TRUE
1630169,"Tyrese Haliburton","1610612758","Sacramento Kings",2022,"0022100976","20220308",13.4,27.95,TRUE
1630169,"Tyrese Haliburton","1610612758","Sacramento Kings",2022,"0022100976","20220308",9.6,7.25,TRUE
1630169,"Tyrese Haliburton","1610612758","Sacramento Kings",2022,"0022100976","20220308",18.6,22.85,TRUE
1630169,"Tyrese Haliburton","1610612758","Sacramento Kings",2022,"0022100976","20220308",-3.9,62.85,FALSE
1630169,"Tyrese Haliburton","1610612758","Sacramento Kings",2022,"0022100976","20220308",11.6,60.35,FALSE
1630169,"Tyrese Haliburton","1610612758","Sacramento Kings",2022,"0022101007","20220312",9.1,28.85,TRUE
1630169,"Tyrese Haliburton","1610612758","Sacramento Kings",2022,"0022101007","20220312",-9.2,12.15,TRUE
1630169,"Tyrese Haliburton","1610612758","Sacramento Kings",2022,"0022101007","20220312",0.5,16.15,FALSE
1630169,"Tyrese Haliburton","1610612758","Sacramento Kings",2022,"0022101007","20220312",-2.2,7.35,FALSE
1630169,"Tyrese Haliburton","1610612758","Sacramento Kings",2022,"0022101007","20220312",1.1,6.05,FALSE
1630169,"Tyrese Haliburton","1610612758","Sacramento Kings",2022,"0022101007","20220312",-17.3,25.05,FALSE
1630169,"Tyrese Haliburton","1610612758","Sacramento Kings",2022,"0022101007","20220312",-10,13.75,TRUE
1630169,"Tyrese Haliburton","1610612758","Sacramento Kings",2022,"0022101007","20220312",-0.4,9.35,TRUE
1630169,"Tyrese Haliburton","1610612758","Sacramento Kings",2022,"0022101007","20220312",23.9,8.85,TRUE
1630169,"Tyrese Haliburton","1610612758","Sacramento Kings",2022,"0022101007","20220312",23.7,5.95,FALSE
1630169,"Tyrese Haliburton","1610612758","Sacramento Kings",2022,"0022101007","20220312",-15.4,9.05,FALSE
1630169,"Tyrese Haliburton","1610612758","Sacramento Kings",2022,"0022101007","20220312",9.1,5.65,FALSE
1630169,"Tyrese Haliburton","1610612758","Sacramento Kings",2022,"0022101007","20220312",-9.3,19.95,FALSE
1630169,"Tyrese Haliburton","1610612758","Sacramento Kings",2022,"0022101007","20220312",-16.9,25.25,TRUE
1630169,"Tyrese Haliburton","1610612758","Sacramento Kings",2022,"0022101007","20220312",3.2,15.45,FALSE
1630169,"Tyrese Haliburton","1610612758","Sacramento Kings",2022,"0022101007","20220312",-1.3,6.25,TRUE
1630169,"Tyrese Haliburton","1610612758","Sacramento Kings",2022,"0022101007","20220312",-5.6,16.85,TRUE
1630169,"Tyrese Haliburton","1610612758","Sacramento Kings",2022,"0022101016","20220313",7.2,29.15,TRUE
1630169,"Tyrese Haliburton","1610612758","Sacramento Kings",2022,"0022101016","20220313",-14.1,9.55,FALSE
1630169,"Tyrese Haliburton","1610612758","Sacramento Kings",2022,"0022101016","20220313",-2,6.05,FALSE
1630169,"Tyrese Haliburton","1610612758","Sacramento Kings",2022,"0022101016","20220313",1.6,10.05,FALSE
1630169,"Tyrese Haliburton","1610612758","Sacramento Kings",2022,"0022101016","20220313",-0.1,6.45,TRUE
1630169,"Tyrese Haliburton","1610612758","Sacramento Kings",2022,"0022101016","20220313",11.5,13.55,TRUE
1630169,"Tyrese Haliburton","1610612758","Sacramento Kings",2022,"0022101016","20220313",3.2,34.05,FALSE
1630169,"Tyrese Haliburton","1610612758","Sacramento Kings",2022,"0022101016","20220313",-11.8,8.55,TRUE
1630169,"Tyrese Haliburton","1610612758","Sacramento Kings",2022,"0022101016","20220313",-19,22.45,TRUE
1630169,"Tyrese Haliburton","1610612758","Sacramento Kings",2022,"0022101016","20220313",-4.3,14.05,TRUE
1630169,"Tyrese Haliburton","1610612758","Sacramento Kings",2022,"0022101016","20220313",-12.9,14.35,TRUE
1630169,"Tyrese Haliburton","1610612758","Sacramento Kings",2022,"0022101016","20220313",1.6,19.55,FALSE
1630169,"Tyrese Haliburton","1610612758","Sacramento Kings",2022,"0022101016","20220313",0.7,16.15,TRUE
1630169,"Tyrese Haliburton","1610612758","Sacramento Kings",2022,"0022101016","20220313",-1.2,31.05,TRUE
1630169,"Tyrese Haliburton","1610612758","Sacramento Kings",2022,"0022101016","20220313",-11.9,28.35,FALSE
1630169,"Tyrese Haliburton","1610612758","Sacramento Kings",2022,"0022101029","20220315",23.9,4.25,FALSE
1630169,"Tyrese Haliburton","1610612758","Sacramento Kings",2022,"0022101029","20220315",1.6,12.55,TRUE
1630169,"Tyrese Haliburton","1610612758","Sacramento Kings",2022,"0022101029","20220315",-8.9,17.45,FALSE
1630169,"Tyrese Haliburton","1610612758","Sacramento Kings",2022,"0022101029","20220315",0,5.25,FALSE
1630169,"Tyrese Haliburton","1610612758","Sacramento Kings",2022,"0022101029","20220315",8.1,16.15,FALSE
1630169,"Tyrese Haliburton","1610612758","Sacramento Kings",2022,"0022101029","20220315",-4.9,55.25,FALSE
1630169,"Tyrese Haliburton","1610612758","Sacramento Kings",2022,"0022101029","20220315",-7.4,9.15,FALSE
1630169,"Tyrese Haliburton","1610612758","Sacramento Kings",2022,"0022101029","20220315",3.6,13.25,FALSE
1630169,"Tyrese Haliburton","1610612758","Sacramento Kings",2022,"0022101029","20220315",-0.5,17.35,TRUE
1630169,"Tyrese Haliburton","1610612758","Sacramento Kings",2022,"0022101029","20220315",-21.7,18.35,FALSE
1630169,"Tyrese Haliburton","1610612758","Sacramento Kings",2022,"0022101053","20220318",-13,28.85,FALSE
1630169,"Tyrese Haliburton","1610612758","Sacramento Kings",2022,"0022101053","20220318",0.6,6.35,TRUE
1630169,"Tyrese Haliburton","1610612758","Sacramento Kings",2022,"0022101053","20220318",-6.4,11.35,TRUE
1630169,"Tyrese Haliburton","1610612758","Sacramento Kings",2022,"0022101053","20220318",-6.9,9.45,TRUE
1630169,"Tyrese Haliburton","1610612758","Sacramento Kings",2022,"0022101053","20220318",13.8,27.05,FALSE
1630169,"Tyrese Haliburton","1610612758","Sacramento Kings",2022,"0022101053","20220318",16.5,26.25,FALSE
1630169,"Tyrese Haliburton","1610612758","Sacramento Kings",2022,"0022101053","20220318",-24.3,14.85,FALSE
1630169,"Tyrese Haliburton","1610612758","Sacramento Kings",2022,"0022101053","20220318",-21.3,20.35,FALSE
1630169,"Tyrese Haliburton","1610612758","Sacramento Kings",2022,"0022101053","20220318",22.8,13.55,TRUE
1630169,"Tyrese Haliburton","1610612758","Sacramento Kings",2022,"0022101062","20220320",-0.1,32.25,TRUE
1630169,"Tyrese Haliburton","1610612758","Sacramento Kings",2022,"0022101062","20220320",15.8,28.35,TRUE
1630169,"Tyrese Haliburton","1610612758","Sacramento Kings",2022,"0022101062","20220320",13.5,7.55,TRUE
1630169,"Tyrese Haliburton","1610612758","Sacramento Kings",2022,"0022101062","20220320",-23.4,10.45,FALSE
1630169,"Tyrese Haliburton","1610612758","Sacramento Kings",2022,"0022101062","20220320",-1.8,7.25,FALSE
1630169,"Tyrese Haliburton","1610612758","Sacramento Kings",2022,"0022101062","20220320",10.3,30.45,FALSE
1630169,"Tyrese Haliburton","1610612758","Sacramento Kings",2022,"0022101062","20220320",1.2,12.95,FALSE
1630169,"Tyrese Haliburton","1610612758","Sacramento Kings",2022,"0022101062","20220320",-1.3,6.05,TRUE
1630169,"Tyrese Haliburton","1610612758","Sacramento Kings",2022,"0022101086","20220323",1.2,26.65,FALSE
1630169,"Tyrese Haliburton","1610612758","Sacramento Kings",2022,"0022101086","20220323",4.4,18.95,FALSE
1630169,"Tyrese Haliburton","1610612758","Sacramento Kings",2022,"0022101086","20220323",-22.4,14.05,TRUE
1630169,"Tyrese Haliburton","1610612758","Sacramento Kings",2022,"0022101086","20220323",0.9,6.95,FALSE
1630169,"Tyrese Haliburton","1610612758","Sacramento Kings",2022,"0022101086","20220323",2.1,6.55,TRUE
1630169,"Tyrese Haliburton","1610612758","Sacramento Kings",2022,"0022101086","20220323",-2.6,7.35,FALSE
1630169,"Tyrese Haliburton","1610612758","Sacramento Kings",2022,"0022101086","20220323",1.6,7.75,TRUE
1630169,"Tyrese Haliburton","1610612758","Sacramento Kings",2022,"0022101086","20220323",5.4,31.45,FALSE
1630169,"Tyrese Haliburton","1610612758","Sacramento Kings",2022,"0022101086","20220323",0.1,6.55,TRUE
1630169,"Tyrese Haliburton","1610612758","Sacramento Kings",2022,"0022101086","20220323",-1.8,22.95,FALSE
1630169,"Tyrese Haliburton","1610612758","Sacramento Kings",2022,"0022101086","20220323",-3.6,14.55,FALSE
1630169,"Tyrese Haliburton","1610612758","Sacramento Kings",2022,"0022101086","20220323",-9.9,29.75,FALSE
1630169,"Tyrese Haliburton","1610612758","Sacramento Kings",2022,"0022101086","20220323",3.6,7.75,FALSE
1630169,"Tyrese Haliburton","1610612758","Sacramento Kings",2022,"0022101086","20220323",-2.1,6.35,FALSE
1630169,"Tyrese Haliburton","1610612758","Sacramento Kings",2022,"0022101096","20220324",-1.2,6.55,FALSE
1630169,"Tyrese Haliburton","1610612758","Sacramento Kings",2022,"0022101096","20220324",-2.3,16.35,FALSE
1630169,"Tyrese Haliburton","1610612758","Sacramento Kings",2022,"0022101096","20220324",9.2,12.65,FALSE
1630169,"Tyrese Haliburton","1610612758","Sacramento Kings",2022,"0022101096","20220324",-1.3,6.85,TRUE
1630169,"Tyrese Haliburton","1610612758","Sacramento Kings",2022,"0022101096","20220324",-13.8,28.75,FALSE
1630169,"Tyrese Haliburton","1610612758","Sacramento Kings",2022,"0022101096","20220324",0.4,5.35,TRUE
1630169,"Tyrese Haliburton","1610612758","Sacramento Kings",2022,"0022101096","20220324",-3.4,17.55,TRUE
1630169,"Tyrese Haliburton","1610612758","Sacramento Kings",2022,"0022101096","20220324",2.1,7.25,FALSE
1630169,"Tyrese Haliburton","1610612758","Sacramento Kings",2022,"0022101096","20220324",-4.5,15.25,TRUE
1630169,"Tyrese Haliburton","1610612758","Sacramento Kings",2022,"0022101109","20220326",14.6,4.55,TRUE
1630169,"Tyrese Haliburton","1610612758","Sacramento Kings",2022,"0022101109","20220326",-11.6,27.95,FALSE
1630169,"Tyrese Haliburton","1610612758","Sacramento Kings",2022,"0022101109","20220326",-2.7,30.95,FALSE
1630169,"Tyrese Haliburton","1610612758","Sacramento Kings",2022,"0022101109","20220326",-2.8,7.45,FALSE
1630169,"Tyrese Haliburton","1610612758","Sacramento Kings",2022,"0022101109","20220326",22.3,4.55,FALSE
1630169,"Tyrese Haliburton","1610612758","Sacramento Kings",2022,"0022101109","20220326",-23.2,3.75,TRUE
1630169,"Tyrese Haliburton","1610612758","Sacramento Kings",2022,"0022101109","20220326",-23.4,3.85,FALSE
1630169,"Tyrese Haliburton","1610612758","Sacramento Kings",2022,"0022101124","20220328",-4.2,7.95,FALSE
1630169,"Tyrese Haliburton","1610612758","Sacramento Kings",2022,"0022101124","20220328",1.2,6.45,FALSE
1630169,"Tyrese Haliburton","1610612758","Sacramento Kings",2022,"0022101124","20220328",-4.7,23.55,FALSE
1630169,"Tyrese Haliburton","1610612758","Sacramento Kings",2022,"0022101124","20220328",2.5,8.05,TRUE
1630169,"Tyrese Haliburton","1610612758","Sacramento Kings",2022,"0022101124","20220328",-16.3,5.25,FALSE
1630169,"Tyrese Haliburton","1610612758","Sacramento Kings",2022,"0022101124","20220328",-2.5,7.45,FALSE
1630169,"Tyrese Haliburton","1610612758","Sacramento Kings",2022,"0022101124","20220328",3.9,32.45,TRUE
1630169,"Tyrese Haliburton","1610612758","Sacramento Kings",2022,"0022101124","20220328",0.7,31.45,TRUE
1630169,"Tyrese Haliburton","1610612758","Sacramento Kings",2022,"0022101124","20220328",-6,21.65,TRUE
1630169,"Tyrese Haliburton","1610612758","Sacramento Kings",2022,"0022101124","20220328",-8.5,16.25,TRUE
1630169,"Tyrese Haliburton","1610612758","Sacramento Kings",2022,"0022101124","20220328",-11.6,30.45,TRUE
1630169,"Tyrese Haliburton","1610612758","Sacramento Kings",2022,"0022101124","20220328",11.3,30.45,FALSE
1630169,"Tyrese Haliburton","1610612758","Sacramento Kings",2022,"0022101124","20220328",-19.4,21.45,FALSE
1630169,"Tyrese Haliburton","1610612758","Sacramento Kings",2022,"0022101124","20220328",-10.8,31.55,FALSE
1630169,"Tyrese Haliburton","1610612758","Sacramento Kings",2022,"0022101124","20220328",-14.3,50.75,FALSE
1630169,"Tyrese Haliburton","1610612758","Sacramento Kings",2022,"0022101124","20220328",-1.6,6.15,TRUE
1630169,"Tyrese Haliburton","1610612758","Sacramento Kings",2022,"0022101124","20220328",-17.8,23.75,TRUE
1630169,"Tyrese Haliburton","1610612758","Sacramento Kings",2022,"0022101124","20220328",-5.5,11.45,TRUE
1630169,"Tyrese Haliburton","1610612758","Sacramento Kings",2022,"0022101124","20220328",9.2,32.45,FALSE
1630169,"Tyrese Haliburton","1610612758","Sacramento Kings",2022,"0022101137","20220330",19.1,12.85,FALSE
1630169,"Tyrese Haliburton","1610612758","Sacramento Kings",2022,"0022101137","20220330",-3.4,6.55,FALSE
1630169,"Tyrese Haliburton","1610612758","Sacramento Kings",2022,"0022101137","20220330",1.8,11.25,TRUE
1630169,"Tyrese Haliburton","1610612758","Sacramento Kings",2022,"0022101137","20220330",0,5.25,TRUE
1630169,"Tyrese Haliburton","1610612758","Sacramento Kings",2022,"0022101137","20220330",10.3,11.75,FALSE
1630169,"Tyrese Haliburton","1610612758","Sacramento Kings",2022,"0022101137","20220330",-10,12.05,FALSE
1630169,"Tyrese Haliburton","1610612758","Sacramento Kings",2022,"0022101137","20220330",11.3,61.35,FALSE
1630169,"Tyrese Haliburton","1610612758","Sacramento Kings",2022,"0022101137","20220330",-2.6,22.55,TRUE
1630169,"Tyrese Haliburton","1610612758","Sacramento Kings",2022,"0022101137","20220330",-0.5,4.85,TRUE
1630169,"Tyrese Haliburton","1610612758","Sacramento Kings",2022,"0022101137","20220330",0.6,6.05,TRUE
1630169,"Tyrese Haliburton","1610612758","Sacramento Kings",2022,"0022101137","20220330",-2.1,6.15,FALSE
1630169,"Tyrese Haliburton","1610612758","Sacramento Kings",2022,"0022101137","20220330",3.4,6.55,TRUE
1630169,"Tyrese Haliburton","1610612758","Sacramento Kings",2022,"0022101153","20220401",-6,14.55,TRUE
1630169,"Tyrese Haliburton","1610612758","Sacramento Kings",2022,"0022101153","20220401",21.8,17.15,TRUE
1630169,"Tyrese Haliburton","1610612758","Sacramento Kings",2022,"0022101153","20220401",-10.8,28.15,TRUE
1630169,"Tyrese Haliburton","1610612758","Sacramento Kings",2022,"0022101153","20220401",0.2,11.85,TRUE
1630169,"Tyrese Haliburton","1610612758","Sacramento Kings",2022,"0022101153","20220401",-5.4,6.95,FALSE
1630169,"Tyrese Haliburton","1610612758","Sacramento Kings",2022,"0022101153","20220401",-9.1,34.15,TRUE
1630169,"Tyrese Haliburton","1610612758","Sacramento Kings",2022,"0022101153","20220401",-12.4,29.35,TRUE
1630169,"Tyrese Haliburton","1610612758","Sacramento Kings",2022,"0022101153","20220401",-1.3,6.15,TRUE
1630169,"Tyrese Haliburton","1610612758","Sacramento Kings",2022,"0022101153","20220401",-2.1,9.45,TRUE
1630169,"Tyrese Haliburton","1610612758","Sacramento Kings",2022,"0022101153","20220401",17.4,29.15,TRUE
1630169,"Tyrese Haliburton","1610612758","Sacramento Kings",2022,"0022101153","20220401",-19,22.65,TRUE
1630169,"Tyrese Haliburton","1610612758","Sacramento Kings",2022,"0022101169","20220403",-2.9,6.25,FALSE
1630169,"Tyrese Haliburton","1610612758","Sacramento Kings",2022,"0022101169","20220403",0.9,5.75,TRUE
1630169,"Tyrese Haliburton","1610612758","Sacramento Kings",2022,"0022101169","20220403",1.6,17.05,TRUE
1630169,"Tyrese Haliburton","1610612758","Sacramento Kings",2022,"0022101169","20220403",15.4,32.25,FALSE
1630169,"Tyrese Haliburton","1610612758","Sacramento Kings",2022,"0022101169","20220403",-20.7,19.35,FALSE
1630169,"Tyrese Haliburton","1610612758","Sacramento Kings",2022,"0022101169","20220403",-0.7,5.85,TRUE
1630169,"Tyrese Haliburton","1610612758","Sacramento Kings",2022,"0022101169","20220403",-0.2,31.45,FALSE
1630169,"Tyrese Haliburton","1610612758","Sacramento Kings",2022,"0022101169","20220403",0.6,12.35,TRUE
1630169,"Tyrese Haliburton","1610612758","Sacramento Kings",2022,"0022101169","20220403",22.8,8.95,FALSE
1630169,"Tyrese Haliburton","1610612758","Sacramento Kings",2022,"0022101169","20220403",-6.2,16.15,TRUE
1630169,"Tyrese Haliburton","1610612758","Sacramento Kings",2022,"0022101169","20220403",19,27.05,FALSE
1630169,"Tyrese Haliburton","1610612758","Sacramento Kings",2022,"0022101169","20220403",-8.6,14.45,FALSE
1630169,"Tyrese Haliburton","1610612758","Sacramento Kings",2022,"0022101169","20220403",-6.4,13.55,TRUE
1630169,"Tyrese Haliburton","1610612758","Sacramento Kings",2022,"0022101178","20220405",0.5,16.95,FALSE
1630169,"Tyrese Haliburton","1610612758","Sacramento Kings",2022,"0022101178","20220405",3.6,21.15,FALSE
1630169,"Tyrese Haliburton","1610612758","Sacramento Kings",2022,"0022101178","20220405",2.5,7.05,TRUE
1630169,"Tyrese Haliburton","1610612758","Sacramento Kings",2022,"0022101178","20220405",-0.5,6.75,TRUE
1630169,"Tyrese Haliburton","1610612758","Sacramento Kings",2022,"0022101178","20220405",-10.2,32.95,TRUE
1630169,"Tyrese Haliburton","1610612758","Sacramento Kings",2022,"0022101178","20220405",-15.3,17.25,FALSE
1630169,"Tyrese Haliburton","1610612758","Sacramento Kings",2022,"0022101178","20220405",-0.2,6.55,TRUE
1630169,"Tyrese Haliburton","1610612758","Sacramento Kings",2022,"0022101178","20220405",19.1,23.95,TRUE
1630169,"Tyrese Haliburton","1610612758","Sacramento Kings",2022,"0022101178","20220405",0.7,12.55,FALSE
1630169,"Tyrese Haliburton","1610612758","Sacramento Kings",2022,"0022101178","20220405",1.2,6.05,TRUE
1630169,"Tyrese Haliburton","1610612758","Sacramento Kings",2022,"0022101178","20220405",-23.4,7.95,FALSE
1630169,"Tyrese Haliburton","1610612758","Sacramento Kings",2022,"0022101178","20220405",6.1,31.95,TRUE
1630169,"Tyrese Haliburton","1610612758","Sacramento Kings",2022,"0022101214","20220409",-18.5,22.85,FALSE
1630169,"Tyrese Haliburton","1610612758","Sacramento Kings",2022,"0022101214","20220409",-0.4,21.45,TRUE
1630169,"Tyrese Haliburton","1610612758","Sacramento Kings",2022,"0022101214","20220409",-1.3,6.75,FALSE
1630169,"Tyrese Haliburton","1610612758","Sacramento Kings",2022,"0022101214","20220409",14.2,17.55,FALSE
1630169,"Tyrese Haliburton","1610612758","Sacramento Kings",2022,"0022101214","20220409",0.1,12.65,TRUE
1630169,"Tyrese Haliburton","1610612758","Sacramento Kings",2022,"0022101214","20220409",-2.9,6.95,TRUE
1630169,"Tyrese Haliburton","1610612758","Sacramento Kings",2022,"0022101214","20220409",-0.6,18.65,TRUE
1630169,"Tyrese Haliburton","1610612758","Sacramento Kings",2022,"0022101214","20220409",1.7,22.05,TRUE
1630169,"Tyrese Haliburton","1610612758","Sacramento Kings",2022,"0022101214","20220409",0.2,8.65,TRUE
1630169,"Tyrese Haliburton","1610612758","Sacramento Kings",2022,"0022101214","20220409",-3.8,22.45,TRUE
1630169,"Tyrese Haliburton","1610612758","Sacramento Kings",2022,"0022101216","20220410",-15,24.65,FALSE
1630169,"Tyrese Haliburton","1610612758","Sacramento Kings",2022,"0022101216","20220410",-0.9,11.45,FALSE
1630169,"Tyrese Haliburton","1610612758","Sacramento Kings",2022,"0022101216","20220410",-0.2,27.05,FALSE
1630169,"Tyrese Haliburton","1610612758","Sacramento Kings",2022,"0022101216","20220410",1.8,22.15,TRUE
1630169,"Tyrese Haliburton","1610612758","Sacramento Kings",2022,"0022101216","20220410",-14.6,25.25,TRUE
1630169,"Tyrese Haliburton","1610612758","Sacramento Kings",2022,"0022101216","20220410",-3.4,17.15,TRUE
1630169,"Tyrese Haliburton","1610612758","Sacramento Kings",2022,"0022101216","20220410",-15.2,24.65,FALSE
1630169,"Tyrese Haliburton","1610612758","Sacramento Kings",2022,"0022101216","20220410",-23.5,9.85,TRUE
1630169,"Tyrese Haliburton","1610612758","Sacramento Kings",2022,"0022101216","20220410",-7,30.25,FALSE
1630169,"Tyrese Haliburton","1610612758","Sacramento Kings",2022,"0022101216","20220410",-12.7,9.85,TRUE
1630169,"Tyrese Haliburton","1610612758","Sacramento Kings",2022,"0022101216","20220410",-1.3,6.05,TRUE
1630169,"Tyrese Haliburton","1610612758","Sacramento Kings",2022,"0022101216","20220410",-2,5.85,FALSE
1630169,"Tyrese Haliburton","1610612758","Sacramento Kings",2022,"0022101216","20220410",-14.6,10.75,FALSE
1630169,"Tyrese Haliburton","1610612758","Sacramento Kings",2022,"0022101216","20220410",0.5,5.95,TRUE
1630169,"Tyrese Haliburton","1610612754","Indiana Pacers",2023,"0022200004","20221019",-9.2,29.15,TRUE
1630169,"Tyrese Haliburton","1610612754","Indiana Pacers",2023,"0022200004","20221019",8.9,29.65,TRUE
1630169,"Tyrese Haliburton","1610612754","Indiana Pacers",2023,"0022200004","20221019",-6,32.45,FALSE
1630169,"Tyrese Haliburton","1610612754","Indiana Pacers",2023,"0022200004","20221019",-16.3,11.15,TRUE
1630169,"Tyrese Haliburton","1610612754","Indiana Pacers",2023,"0022200004","20221019",-2,8.15,FALSE
1630169,"Tyrese Haliburton","1610612754","Indiana Pacers",2023,"0022200004","20221019",-2.8,30.95,FALSE
1630169,"Tyrese Haliburton","1610612754","Indiana Pacers",2023,"0022200004","20221019",-13.8,14.75,TRUE
1630169,"Tyrese Haliburton","1610612754","Indiana Pacers",2023,"0022200004","20221019",12.4,8.65,TRUE
1630169,"Tyrese Haliburton","1610612754","Indiana Pacers",2023,"0022200004","20221019",-19.1,21.05,TRUE
1630169,"Tyrese Haliburton","1610612754","Indiana Pacers",2023,"0022200004","20221019",0.2,5.65,TRUE
1630169,"Tyrese Haliburton","1610612754","Indiana Pacers",2023,"0022200004","20221019",-0.1,16.95,FALSE
1630169,"Tyrese Haliburton","1610612754","Indiana Pacers",2023,"0022200004","20221019",0.7,5.15,TRUE
1630169,"Tyrese Haliburton","1610612754","Indiana Pacers",2023,"0022200004","20221019",1.6,19.55,FALSE
1630169,"Tyrese Haliburton","1610612754","Indiana Pacers",2023,"0022200004","20221019",-14.5,6.65,FALSE
1630169,"Tyrese Haliburton","1610612754","Indiana Pacers",2023,"0022200004","20221019",-10.3,13.25,TRUE
1630169,"Tyrese Haliburton","1610612754","Indiana Pacers",2023,"0022200004","20221019",-9.9,18.75,TRUE
1630169,"Tyrese Haliburton","1610612754","Indiana Pacers",2023,"0022200004","20221019",-6.2,14.25,FALSE
1630169,"Tyrese Haliburton","1610612754","Indiana Pacers",2023,"0022200004","20221019",15.3,29.25,FALSE
1630169,"Tyrese Haliburton","1610612754","Indiana Pacers",2023,"0022200018","20221021",-20.1,19.55,FALSE
1630169,"Tyrese Haliburton","1610612754","Indiana Pacers",2023,"0022200018","20221021",-0.9,5.85,TRUE
1630169,"Tyrese Haliburton","1610612754","Indiana Pacers",2023,"0022200018","20221021",-15.6,7.05,FALSE
1630169,"Tyrese Haliburton","1610612754","Indiana Pacers",2023,"0022200018","20221021",-2.7,6.45,FALSE
1630169,"Tyrese Haliburton","1610612754","Indiana Pacers",2023,"0022200018","20221021",-0.2,21.45,TRUE
1630169,"Tyrese Haliburton","1610612754","Indiana Pacers",2023,"0022200018","20221021",7.5,22.45,FALSE
1630169,"Tyrese Haliburton","1610612754","Indiana Pacers",2023,"0022200018","20221021",-11.2,12.45,FALSE
1630169,"Tyrese Haliburton","1610612754","Indiana Pacers",2023,"0022200018","20221021",6.1,30.05,FALSE
1630169,"Tyrese Haliburton","1610612754","Indiana Pacers",2023,"0022200018","20221021",-3.8,9.95,FALSE
1630169,"Tyrese Haliburton","1610612754","Indiana Pacers",2023,"0022200018","20221021",1.1,11.35,TRUE
1630169,"Tyrese Haliburton","1610612754","Indiana Pacers",2023,"0022200018","20221021",-11,14.85,TRUE
1630169,"Tyrese Haliburton","1610612754","Indiana Pacers",2023,"0022200018","20221021",19.7,23.65,FALSE
1630169,"Tyrese Haliburton","1610612754","Indiana Pacers",2023,"0022200018","20221021",-9.9,29.95,TRUE
1630169,"Tyrese Haliburton","1610612754","Indiana Pacers",2023,"0022200018","20221021",1.3,6.35,TRUE
1630169,"Tyrese Haliburton","1610612754","Indiana Pacers",2023,"0022200018","20221021",0.2,10.25,TRUE
1630169,"Tyrese Haliburton","1610612754","Indiana Pacers",2023,"0022200018","20221021",13.5,26.85,FALSE
1630169,"Tyrese Haliburton","1610612754","Indiana Pacers",2023,"0022200018","20221021",2.5,6.15,TRUE
1630169,"Tyrese Haliburton","1610612754","Indiana Pacers",2023,"0022200018","20221021",-2.6,6.35,TRUE
1630169,"Tyrese Haliburton","1610612754","Indiana Pacers",2023,"0022200029","20221022",-1.2,11.05,FALSE
1630169,"Tyrese Haliburton","1610612754","Indiana Pacers",2023,"0022200029","20221022",-14.1,9.95,TRUE
1630169,"Tyrese Haliburton","1610612754","Indiana Pacers",2023,"0022200029","20221022",-13.5,14.85,TRUE
1630169,"Tyrese Haliburton","1610612754","Indiana Pacers",2023,"0022200029","20221022",6.5,17.35,FALSE
1630169,"Tyrese Haliburton","1610612754","Indiana Pacers",2023,"0022200029","20221022",0,5.25,FALSE
1630169,"Tyrese Haliburton","1610612754","Indiana Pacers",2023,"0022200029","20221022",23.2,6.05,FALSE
1630169,"Tyrese Haliburton","1610612754","Indiana Pacers",2023,"0022200029","20221022",-5.8,18.65,FALSE
1630169,"Tyrese Haliburton","1610612754","Indiana Pacers",2023,"0022200029","20221022",-2.1,7.25,FALSE
1630169,"Tyrese Haliburton","1610612754","Indiana Pacers",2023,"0022200029","20221022",-2.6,6.85,FALSE
1630169,"Tyrese Haliburton","1610612754","Indiana Pacers",2023,"0022200029","20221022",-19.7,20.95,FALSE
1630169,"Tyrese Haliburton","1610612754","Indiana Pacers",2023,"0022200029","20221022",12.6,29.95,TRUE
1630169,"Tyrese Haliburton","1610612754","Indiana Pacers",2023,"0022200029","20221022",15.8,27.25,FALSE
1630169,"Tyrese Haliburton","1610612754","Indiana Pacers",2023,"0022200029","20221022",-1.3,21.35,TRUE
1630169,"Tyrese Haliburton","1610612754","Indiana Pacers",2023,"0022200029","20221022",0.2,13.05,TRUE
1630169,"Tyrese Haliburton","1610612754","Indiana Pacers",2023,"0022200029","20221022",-17.9,24.75,TRUE
1630169,"Tyrese Haliburton","1610612754","Indiana Pacers",2023,"0022200029","20221022",-17.2,30.85,TRUE
1630169,"Tyrese Haliburton","1610612754","Indiana Pacers",2023,"0022200044","20221024",0,5.25,TRUE
1630169,"Tyrese Haliburton","1610612754","Indiana Pacers",2023,"0022200044","20221024",-8.6,12.05,FALSE
1630169,"Tyrese Haliburton","1610612754","Indiana Pacers",2023,"0022200044","20221024",14.3,33.75,FALSE
1630169,"Tyrese Haliburton","1610612754","Indiana Pacers",2023,"0022200044","20221024",-1.8,15.25,TRUE
1630169,"Tyrese Haliburton","1610612754","Indiana Pacers",2023,"0022200044","20221024",12.5,27.75,TRUE
1630169,"Tyrese Haliburton","1610612754","Indiana Pacers",2023,"0022200044","20221024",-10.7,30.85,TRUE
1630169,"Tyrese Haliburton","1610612754","Indiana Pacers",2023,"0022200044","20221024",1.6,32.35,FALSE
1630169,"Tyrese Haliburton","1610612754","Indiana Pacers",2023,"0022200044","20221024",-1.2,5.25,TRUE
1630169,"Tyrese Haliburton","1610612754","Indiana Pacers",2023,"0022200044","20221024",7.8,29.75,TRUE
1630169,"Tyrese Haliburton","1610612754","Indiana Pacers",2023,"0022200044","20221024",-3.2,32.65,FALSE
1630169,"Tyrese Haliburton","1610612754","Indiana Pacers",2023,"0022200044","20221024",0.7,18.35,TRUE
1630169,"Tyrese Haliburton","1610612754","Indiana Pacers",2023,"0022200061","20221026",15.8,27.95,TRUE
1630169,"Tyrese Haliburton","1610612754","Indiana Pacers",2023,"0022200061","20221026",-11.6,28.95,FALSE
1630169,"Tyrese Haliburton","1610612754","Indiana Pacers",2023,"0022200061","20221026",-7.2,21.15,FALSE
1630169,"Tyrese Haliburton","1610612754","Indiana Pacers",2023,"0022200061","20221026",-5,8.65,TRUE
1630169,"Tyrese Haliburton","1610612754","Indiana Pacers",2023,"0022200061","20221026",-6.1,6.75,FALSE
1630169,"Tyrese Haliburton","1610612754","Indiana Pacers",2023,"0022200061","20221026",-0.4,6.05,TRUE
1630169,"Tyrese Haliburton","1610612754","Indiana Pacers",2023,"0022200061","20221026",-15.4,58.45,FALSE
1630169,"Tyrese Haliburton","1610612754","Indiana Pacers",2023,"0022200061","20221026",-23.2,9.45,TRUE
1630169,"Tyrese Haliburton","1610612754","Indiana Pacers",2023,"0022200061","20221026",-18.3,29.85,FALSE
1630169,"Tyrese Haliburton","1610612754","Indiana Pacers",2023,"0022200061","20221026",-3.8,7.85,FALSE
1630169,"Tyrese Haliburton","1610612754","Indiana Pacers",2023,"0022200061","20221026",-2.1,6.05,TRUE
1630169,"Tyrese Haliburton","1610612754","Indiana Pacers",2023,"0022200061","20221026",2.1,6.35,TRUE
1630169,"Tyrese Haliburton","1610612754","Indiana Pacers",2023,"0022200061","20221026",-22.2,14.05,FALSE
1630169,"Tyrese Haliburton","1610612754","Indiana Pacers",2023,"0022200061","20221026",-19.4,4.55,FALSE
1630169,"Tyrese Haliburton","1610612754","Indiana Pacers",2023,"0022200061","20221026",-2.8,5.85,FALSE
1630169,"Tyrese Haliburton","1610612754","Indiana Pacers",2023,"0022200074","20221028",1.5,9.55,TRUE
1630169,"Tyrese Haliburton","1610612754","Indiana Pacers",2023,"0022200074","20221028",1.5,11.65,FALSE
1630169,"Tyrese Haliburton","1610612754","Indiana Pacers",2023,"0022200074","20221028",15.4,27.45,TRUE
1630169,"Tyrese Haliburton","1610612754","Indiana Pacers",2023,"0022200074","20221028",-22.1,11.65,TRUE
1630169,"Tyrese Haliburton","1610612754","Indiana Pacers",2023,"0022200074","20221028",1.6,8.75,TRUE
1630169,"Tyrese Haliburton","1610612754","Indiana Pacers",2023,"0022200074","20221028",1.1,13.95,FALSE
1630169,"Tyrese Haliburton","1610612754","Indiana Pacers",2023,"0022200074","20221028",1.2,15.55,FALSE
1630169,"Tyrese Haliburton","1610612754","Indiana Pacers",2023,"0022200074","20221028",-0.4,38.45,FALSE
1630169,"Tyrese Haliburton","1610612754","Indiana Pacers",2023,"0022200074","20221028",14.3,27.75,TRUE
1630169,"Tyrese Haliburton","1610612754","Indiana Pacers",2023,"0022200074","20221028",-5.8,6.95,TRUE
1630169,"Tyrese Haliburton","1610612754","Indiana Pacers",2023,"0022200074","20221028",7.8,32.05,FALSE
1630169,"Tyrese Haliburton","1610612754","Indiana Pacers",2023,"0022200074","20221028",8.3,19.05,TRUE
1630169,"Tyrese Haliburton","1610612754","Indiana Pacers",2023,"0022200074","20221028",-7.1,32.75,FALSE
1630169,"Tyrese Haliburton","1610612754","Indiana Pacers",2023,"0022200074","20221028",1.1,12.35,FALSE
1630169,"Tyrese Haliburton","1610612754","Indiana Pacers",2023,"0022200074","20221028",0.6,18.45,TRUE
1630169,"Tyrese Haliburton","1610612754","Indiana Pacers",2023,"0022200074","20221028",-0.2,7.95,TRUE
1630169,"Tyrese Haliburton","1610612754","Indiana Pacers",2023,"0022200083","20221029",6.4,33.75,TRUE
1630169,"Tyrese Haliburton","1610612754","Indiana Pacers",2023,"0022200083","20221029",-16.1,25.15,TRUE
1630169,"Tyrese Haliburton","1610612754","Indiana Pacers",2023,"0022200083","20221029",-14.6,10.85,FALSE
1630169,"Tyrese Haliburton","1610612754","Indiana Pacers",2023,"0022200083","20221029",-10.4,32.35,TRUE
1630169,"Tyrese Haliburton","1610612754","Indiana Pacers",2023,"0022200083","20221029",-10.3,29.35,TRUE
1630169,"Tyrese Haliburton","1610612754","Indiana Pacers",2023,"0022200083","20221029",-8.9,33.05,FALSE
1630169,"Tyrese Haliburton","1610612754","Indiana Pacers",2023,"0022200083","20221029",-2.7,5.55,TRUE
1630169,"Tyrese Haliburton","1610612754","Indiana Pacers",2023,"0022200083","20221029",0.4,11.05,FALSE
1630169,"Tyrese Haliburton","1610612754","Indiana Pacers",2023,"0022200083","20221029",16.1,26.45,TRUE
1630169,"Tyrese Haliburton","1610612754","Indiana Pacers",2023,"0022200083","20221029",22.3,5.95,TRUE
1630169,"Tyrese Haliburton","1610612754","Indiana Pacers",2023,"0022200083","20221029",-1.7,9.65,FALSE
1630169,"Tyrese Haliburton","1610612754","Indiana Pacers",2023,"0022200083","20221029",11.5,24.85,FALSE
1630169,"Tyrese Haliburton","1610612754","Indiana Pacers",2023,"0022200083","20221029",-22.7,6.55,FALSE
1630169,"Tyrese Haliburton","1610612754","Indiana Pacers",2023,"0022200083","20221029",-19.7,23.15,FALSE
1630169,"Tyrese Haliburton","1610612754","Indiana Pacers",2023,"0022200083","20221029",-2.8,14.15,FALSE
1630169,"Tyrese Haliburton","1610612754","Indiana Pacers",2023,"0022200083","20221029",2.5,32.45,FALSE
1630169,"Tyrese Haliburton","1610612754","Indiana Pacers",2023,"0022200098","20221031",-5.1,6.15,TRUE
1630169,"Tyrese Haliburton","1610612754","Indiana Pacers",2023,"0022200098","20221031",-5.5,6.15,TRUE
1630169,"Tyrese Haliburton","1610612754","Indiana Pacers",2023,"0022200098","20221031",3.3,30.95,FALSE
1630169,"Tyrese Haliburton","1610612754","Indiana Pacers",2023,"0022200098","20221031",-8.3,17.75,TRUE
1630169,"Tyrese Haliburton","1610612754","Indiana Pacers",2023,"0022200098","20221031",3.7,17.65,FALSE
1630169,"Tyrese Haliburton","1610612754","Indiana Pacers",2023,"0022200098","20221031",-13.4,27.45,TRUE
1630169,"Tyrese Haliburton","1610612754","Indiana Pacers",2023,"0022200098","20221031",13.6,29.95,FALSE
1630169,"Tyrese Haliburton","1610612754","Indiana Pacers",2023,"0022200098","20221031",5.3,15.45,FALSE
1630169,"Tyrese Haliburton","1610612754","Indiana Pacers",2023,"0022200098","20221031",1.8,12.75,FALSE
1630169,"Tyrese Haliburton","1610612754","Indiana Pacers",2023,"0022200098","20221031",-5.5,5.95,FALSE
1630169,"Tyrese Haliburton","1610612754","Indiana Pacers",2023,"0022200098","20221031",0,37.75,FALSE
1630169,"Tyrese Haliburton","1610612754","Indiana Pacers",2023,"0022200121","20221104",-0.1,5.85,TRUE
1630169,"Tyrese Haliburton","1610612754","Indiana Pacers",2023,"0022200121","20221104",-1,5.35,TRUE
1630169,"Tyrese Haliburton","1610612754","Indiana Pacers",2023,"0022200121","20221104",-7,30.45,FALSE
1630169,"Tyrese Haliburton","1610612754","Indiana Pacers",2023,"0022200121","20221104",-0.2,4.95,TRUE
1630169,"Tyrese Haliburton","1610612754","Indiana Pacers",2023,"0022200121","20221104",5.8,16.15,FALSE
1630169,"Tyrese Haliburton","1610612754","Indiana Pacers",2023,"0022200121","20221104",-9.4,22.75,FALSE
1630169,"Tyrese Haliburton","1610612754","Indiana Pacers",2023,"0022200121","20221104",19.5,22.85,TRUE
1630169,"Tyrese Haliburton","1610612754","Indiana Pacers",2023,"0022200121","20221104",-12,19.55,TRUE
1630169,"Tyrese Haliburton","1610612754","Indiana Pacers",2023,"0022200121","20221104",5.3,32.45,TRUE
1630169,"Tyrese Haliburton","1610612754","Indiana Pacers",2023,"0022200121","20221104",20.5,21.35,FALSE
1630169,"Tyrese Haliburton","1610612754","Indiana Pacers",2023,"0022200121","20221104",-0.9,16.95,TRUE
1630169,"Tyrese Haliburton","1610612754","Indiana Pacers",2023,"0022200121","20221104",-21.2,31.45,FALSE
1630169,"Tyrese Haliburton","1610612754","Indiana Pacers",2023,"0022200121","20221104",14.7,26.25,TRUE
1630169,"Tyrese Haliburton","1610612754","Indiana Pacers",2023,"0022200121","20221104",13.7,27.85,FALSE
1630169,"Tyrese Haliburton","1610612754","Indiana Pacers",2023,"0022200121","20221104",-0.1,6.75,TRUE
1630169,"Tyrese Haliburton","1610612754","Indiana Pacers",2023,"0022200121","20221104",1.3,35.45,FALSE
1630169,"Tyrese Haliburton","1610612754","Indiana Pacers",2023,"0022200147","20221107",-11.5,32.35,FALSE
1630169,"Tyrese Haliburton","1610612754","Indiana Pacers",2023,"0022200147","20221107",-9.6,12.45,FALSE
1630169,"Tyrese Haliburton","1610612754","Indiana Pacers",2023,"0022200147","20221107",10.5,30.45,TRUE
1630169,"Tyrese Haliburton","1610612754","Indiana Pacers",2023,"0022200147","20221107",-5.6,33.65,TRUE
1630169,"Tyrese Haliburton","1610612754","Indiana Pacers",2023,"0022200147","20221107",-11.3,30.65,TRUE
1630169,"Tyrese Haliburton","1610612754","Indiana Pacers",2023,"0022200147","20221107",-2.6,31.75,TRUE
1630169,"Tyrese Haliburton","1610612754","Indiana Pacers",2023,"0022200147","20221107",-16.4,27.85,TRUE
1630169,"Tyrese Haliburton","1610612754","Indiana Pacers",2023,"0022200147","20221107",20.2,25.15,FALSE
1630169,"Tyrese Haliburton","1610612754","Indiana Pacers",2023,"0022200147","20221107",-20.6,19.45,TRUE
1630169,"Tyrese Haliburton","1610612754","Indiana Pacers",2023,"0022200147","20221107",-2.9,8.85,FALSE
1630169,"Tyrese Haliburton","1610612754","Indiana Pacers",2023,"0022200147","20221107",0,5.25,FALSE
1630169,"Tyrese Haliburton","1610612754","Indiana Pacers",2023,"0022200147","20221107",-12.9,34.05,FALSE
1630169,"Tyrese Haliburton","1610612754","Indiana Pacers",2023,"0022200147","20221107",-2.1,6.75,TRUE
1630169,"Tyrese Haliburton","1610612754","Indiana Pacers",2023,"0022200147","20221107",-18.6,24.95,FALSE
1630169,"Tyrese Haliburton","1610612754","Indiana Pacers",2023,"0022200160","20221109",-10.7,11.45,TRUE
1630169,"Tyrese Haliburton","1610612754","Indiana Pacers",2023,"0022200160","20221109",13.1,30.05,TRUE
1630169,"Tyrese Haliburton","1610612754","Indiana Pacers",2023,"0022200160","20221109",13.1,31.95,TRUE
1630169,"Tyrese Haliburton","1610612754","Indiana Pacers",2023,"0022200160","20221109",-2.6,5.65,TRUE
1630169,"Tyrese Haliburton","1610612754","Indiana Pacers",2023,"0022200160","20221109",-2.1,5.85,FALSE
1630169,"Tyrese Haliburton","1610612754","Indiana Pacers",2023,"0022200160","20221109",-20.3,21.45,FALSE
1630169,"Tyrese Haliburton","1610612754","Indiana Pacers",2023,"0022200160","20221109",23.4,8.65,TRUE
1630169,"Tyrese Haliburton","1610612754","Indiana Pacers",2023,"0022200160","20221109",-16.8,29.75,FALSE
1630169,"Tyrese Haliburton","1610612754","Indiana Pacers",2023,"0022200160","20221109",-1.8,5.65,TRUE
1630169,"Tyrese Haliburton","1610612754","Indiana Pacers",2023,"0022200160","20221109",12.6,9.55,TRUE
1630169,"Tyrese Haliburton","1610612754","Indiana Pacers",2023,"0022200160","20221109",-7,31.55,FALSE
1630169,"Tyrese Haliburton","1610612754","Indiana Pacers",2023,"0022200160","20221109",22.2,15.65,FALSE
1630169,"Tyrese Haliburton","1610612754","Indiana Pacers",2023,"0022200160","20221109",7,26.25,TRUE
1630169,"Tyrese Haliburton","1610612754","Indiana Pacers",2023,"0022200160","20221109",-11,29.75,FALSE
1630169,"Tyrese Haliburton","1610612754","Indiana Pacers",2023,"0022200160","20221109",-2.1,8.35,TRUE
1630169,"Tyrese Haliburton","1610612754","Indiana Pacers",2023,"0022200187","20221112",1.6,33.05,FALSE
1630169,"Tyrese Haliburton","1610612754","Indiana Pacers",2023,"0022200187","20221112",16.4,26.15,FALSE
1630169,"Tyrese Haliburton","1610612754","Indiana Pacers",2023,"0022200187","20221112",-16.2,11.25,FALSE
1630169,"Tyrese Haliburton","1610612754","Indiana Pacers",2023,"0022200187","20221112",-24.4,7.75,FALSE
1630169,"Tyrese Haliburton","1610612754","Indiana Pacers",2023,"0022200187","20221112",-0.4,6.05,FALSE
1630169,"Tyrese Haliburton","1610612754","Indiana Pacers",2023,"0022200187","20221112",-0.9,6.25,TRUE
1630169,"Tyrese Haliburton","1610612754","Indiana Pacers",2023,"0022200187","20221112",-13,31.05,FALSE
1630169,"Tyrese Haliburton","1610612754","Indiana Pacers",2023,"0022200187","20221112",0,6.45,FALSE
1630169,"Tyrese Haliburton","1610612754","Indiana Pacers",2023,"0022200187","20221112",1.3,5.65,FALSE
1630169,"Tyrese Haliburton","1610612754","Indiana Pacers",2023,"0022200187","20221112",22.3,17.95,TRUE
1630169,"Tyrese Haliburton","1610612754","Indiana Pacers",2023,"0022200187","20221112",11.6,28.35,FALSE
1630169,"Tyrese Haliburton","1610612754","Indiana Pacers",2023,"0022200187","20221112",-15.8,28.35,FALSE
1630169,"Tyrese Haliburton","1610612754","Indiana Pacers",2023,"0022200187","20221112",-19.6,24.05,FALSE
1630169,"Tyrese Haliburton","1610612754","Indiana Pacers",2023,"0022200187","20221112",0.2,33.65,TRUE
1630169,"Tyrese Haliburton","1610612754","Indiana Pacers",2023,"0022200211","20221116",-1.1,5.65,TRUE
1630169,"Tyrese Haliburton","1610612754","Indiana Pacers",2023,"0022200211","20221116",-14.1,29.15,TRUE
1630169,"Tyrese Haliburton","1610612754","Indiana Pacers",2023,"0022200211","20221116",-2.7,6.35,TRUE
1630169,"Tyrese Haliburton","1610612754","Indiana Pacers",2023,"0022200211","20221116",4.5,17.75,TRUE
1630169,"Tyrese Haliburton","1610612754","Indiana Pacers",2023,"0022200211","20221116",2.5,5.65,FALSE
1630169,"Tyrese Haliburton","1610612754","Indiana Pacers",2023,"0022200211","20221116",-15.3,25.25,FALSE
1630169,"Tyrese Haliburton","1610612754","Indiana Pacers",2023,"0022200211","20221116",-1.7,6.55,TRUE
1630169,"Tyrese Haliburton","1610612754","Indiana Pacers",2023,"0022200211","20221116",-17.6,27.95,FALSE
1630169,"Tyrese Haliburton","1610612754","Indiana Pacers",2023,"0022200211","20221116",-22.9,7.55,TRUE
1630169,"Tyrese Haliburton","1610612754","Indiana Pacers",2023,"0022200211","20221116",9.1,30.85,FALSE
1630169,"Tyrese Haliburton","1610612754","Indiana Pacers",2023,"0022200211","20221116",-0.2,11.55,TRUE
1630169,"Tyrese Haliburton","1610612754","Indiana Pacers",2023,"0022200211","20221116",-11.2,30.15,FALSE
1630169,"Tyrese Haliburton","1610612754","Indiana Pacers",2023,"0022200211","20221116",-17.3,25.35,FALSE
1630169,"Tyrese Haliburton","1610612754","Indiana Pacers",2023,"0022200211","20221116",-17.5,24.15,TRUE
1630169,"Tyrese Haliburton","1610612754","Indiana Pacers",2023,"0022200211","20221116",-0.6,6.85,TRUE
1630169,"Tyrese Haliburton","1610612754","Indiana Pacers",2023,"0022200228","20221118",-21.9,18.95,FALSE
1630169,"Tyrese Haliburton","1610612754","Indiana Pacers",2023,"0022200228","20221118",22.4,13.05,FALSE
1630169,"Tyrese Haliburton","1610612754","Indiana Pacers",2023,"0022200228","20221118",-23.2,15.15,FALSE
1630169,"Tyrese Haliburton","1610612754","Indiana Pacers",2023,"0022200228","20221118",0,7.45,TRUE
1630169,"Tyrese Haliburton","1610612754","Indiana Pacers",2023,"0022200228","20221118",-23.8,5.75,FALSE
1630169,"Tyrese Haliburton","1610612754","Indiana Pacers",2023,"0022200228","20221118",2.2,6.05,FALSE
1630169,"Tyrese Haliburton","1610612754","Indiana Pacers",2023,"0022200228","20221118",-2.5,6.05,FALSE
1630169,"Tyrese Haliburton","1610612754","Indiana Pacers",2023,"0022200228","20221118",18.3,22.35,TRUE
1630169,"Tyrese Haliburton","1610612754","Indiana Pacers",2023,"0022200228","20221118",0.1,5.85,TRUE
1630169,"Tyrese Haliburton","1610612754","Indiana Pacers",2023,"0022200228","20221118",-0.1,16.85,TRUE
1630169,"Tyrese Haliburton","1610612754","Indiana Pacers",2023,"0022200228","20221118",-1.8,6.25,TRUE
1630169,"Tyrese Haliburton","1610612754","Indiana Pacers",2023,"0022200228","20221118",-15,26.35,FALSE
1630169,"Tyrese Haliburton","1610612754","Indiana Pacers",2023,"0022200228","20221118",-3.6,31.55,TRUE
1630169,"Tyrese Haliburton","1610612754","Indiana Pacers",2023,"0022200228","20221118",-18.5,25.15,FALSE
1630169,"Tyrese Haliburton","1610612754","Indiana Pacers",2023,"0022200228","20221118",-18.6,24.75,FALSE
1630169,"Tyrese Haliburton","1610612754","Indiana Pacers",2023,"0022200228","20221118",-3.3,5.25,TRUE
1630169,"Tyrese Haliburton","1610612754","Indiana Pacers",2023,"0022200236","20221119",-8.2,30.85,TRUE
1630169,"Tyrese Haliburton","1610612754","Indiana Pacers",2023,"0022200236","20221119",13.1,33.75,FALSE
1630169,"Tyrese Haliburton","1610612754","Indiana Pacers",2023,"0022200236","20221119",-14.5,16.85,TRUE
1630169,"Tyrese Haliburton","1610612754","Indiana Pacers",2023,"0022200236","20221119",-0.9,5.85,TRUE
1630169,"Tyrese Haliburton","1610612754","Indiana Pacers",2023,"0022200236","20221119",0.7,6.35,FALSE
1630169,"Tyrese Haliburton","1610612754","Indiana Pacers",2023,"0022200236","20221119",0.1,6.75,TRUE
1630169,"Tyrese Haliburton","1610612754","Indiana Pacers",2023,"0022200236","20221119",-11.4,29.45,FALSE
1630169,"Tyrese Haliburton","1610612754","Indiana Pacers",2023,"0022200236","20221119",16.9,48.55,TRUE
1630169,"Tyrese Haliburton","1610612754","Indiana Pacers",2023,"0022200236","20221119",-17.3,28.25,FALSE
1630169,"Tyrese Haliburton","1610612754","Indiana Pacers",2023,"0022200236","20221119",-0.7,6.75,TRUE
1630169,"Tyrese Haliburton","1610612754","Indiana Pacers",2023,"0022200236","20221119",0,4.45,TRUE
1630169,"Tyrese Haliburton","1610612754","Indiana Pacers",2023,"0022200236","20221119",1.3,32.35,FALSE
1630169,"Tyrese Haliburton","1610612754","Indiana Pacers",2023,"0022200236","20221119",-1.7,6.55,TRUE
1630169,"Tyrese Haliburton","1610612754","Indiana Pacers",2023,"0022200236","20221119",16.1,25.75,TRUE
1630169,"Tyrese Haliburton","1610612754","Indiana Pacers",2023,"0022200236","20221119",-1,6.35,FALSE
1630169,"Tyrese Haliburton","1610612754","Indiana Pacers",2023,"0022200236","20221119",-14.7,31.65,FALSE
1630169,"Tyrese Haliburton","1610612754","Indiana Pacers",2023,"0022200249","20221121",0.7,5.45,TRUE
1630169,"Tyrese Haliburton","1610612754","Indiana Pacers",2023,"0022200249","20221121",15.8,30.65,FALSE
1630169,"Tyrese Haliburton","1610612754","Indiana Pacers",2023,"0022200249","20221121",-0.5,4.95,TRUE
1630169,"Tyrese Haliburton","1610612754","Indiana Pacers",2023,"0022200249","20221121",-0.4,5.25,TRUE
1630169,"Tyrese Haliburton","1610612754","Indiana Pacers",2023,"0022200249","20221121",-18.6,22.75,TRUE
1630169,"Tyrese Haliburton","1610612754","Indiana Pacers",2023,"0022200249","20221121",-14.2,27.45,FALSE
1630169,"Tyrese Haliburton","1610612754","Indiana Pacers",2023,"0022200249","20221121",-18.1,6.25,FALSE
1630169,"Tyrese Haliburton","1610612754","Indiana Pacers",2023,"0022200249","20221121",-15.2,30.35,FALSE
1630169,"Tyrese Haliburton","1610612754","Indiana Pacers",2023,"0022200249","20221121",0.1,6.15,TRUE
1630169,"Tyrese Haliburton","1610612754","Indiana Pacers",2023,"0022200249","20221121",-13.5,31.85,FALSE
1630169,"Tyrese Haliburton","1610612754","Indiana Pacers",2023,"0022200249","20221121",0.5,4.65,TRUE
1630169,"Tyrese Haliburton","1610612754","Indiana Pacers",2023,"0022200249","20221121",0.6,5.85,TRUE
1630169,"Tyrese Haliburton","1610612754","Indiana Pacers",2023,"0022200262","20221123",0.6,5.65,FALSE
1630169,"Tyrese Haliburton","1610612754","Indiana Pacers",2023,"0022200262","20221123",-0.2,6.75,FALSE
1630169,"Tyrese Haliburton","1610612754","Indiana Pacers",2023,"0022200262","20221123",-18.9,26.15,FALSE
1630169,"Tyrese Haliburton","1610612754","Indiana Pacers",2023,"0022200262","20221123",-13.8,12.85,FALSE
1630169,"Tyrese Haliburton","1610612754","Indiana Pacers",2023,"0022200262","20221123",-14.5,28.05,FALSE
1630169,"Tyrese Haliburton","1610612754","Indiana Pacers",2023,"0022200262","20221123",-1.1,20.45,FALSE
1630169,"Tyrese Haliburton","1610612754","Indiana Pacers",2023,"0022200262","20221123",14.1,29.55,TRUE
1630169,"Tyrese Haliburton","1610612754","Indiana Pacers",2023,"0022200262","20221123",0.1,33.55,FALSE
1630169,"Tyrese Haliburton","1610612754","Indiana Pacers",2023,"0022200262","20221123",-11.6,33.55,FALSE
1630169,"Tyrese Haliburton","1610612754","Indiana Pacers",2023,"0022200262","20221123",0.6,5.05,FALSE
1630169,"Tyrese Haliburton","1610612754","Indiana Pacers",2023,"0022200262","20221123",-0.1,6.85,TRUE
1630169,"Tyrese Haliburton","1610612754","Indiana Pacers",2023,"0022200262","20221123",-1.3,6.25,TRUE
1630169,"Tyrese Haliburton","1610612754","Indiana Pacers",2023,"0022200262","20221123",-3.6,5.35,FALSE
1630169,"Tyrese Haliburton","1610612754","Indiana Pacers",2023,"0022200262","20221123",10.3,31.35,FALSE
1630169,"Tyrese Haliburton","1610612754","Indiana Pacers",2023,"0022200262","20221123",1,33.45,TRUE
1630169,"Tyrese Haliburton","1610612754","Indiana Pacers",2023,"0022200276","20221125",-22.1,12.05,FALSE
1630169,"Tyrese Haliburton","1610612754","Indiana Pacers",2023,"0022200276","20221125",-2.3,6.85,TRUE
1630169,"Tyrese Haliburton","1610612754","Indiana Pacers",2023,"0022200276","20221125",-11.4,28.95,FALSE
1630169,"Tyrese Haliburton","1610612754","Indiana Pacers",2023,"0022200276","20221125",-21.3,16.75,FALSE
1630169,"Tyrese Haliburton","1610612754","Indiana Pacers",2023,"0022200276","20221125",-1.8,6.05,TRUE
1630169,"Tyrese Haliburton","1610612754","Indiana Pacers",2023,"0022200276","20221125",-1.2,7.05,TRUE
1630169,"Tyrese Haliburton","1610612754","Indiana Pacers",2023,"0022200276","20221125",0.2,16.55,FALSE
1630169,"Tyrese Haliburton","1610612754","Indiana Pacers",2023,"0022200276","20221125",-3.8,30.65,FALSE
1630169,"Tyrese Haliburton","1610612754","Indiana Pacers",2023,"0022200276","20221125",-0.5,7.25,TRUE
1630169,"Tyrese Haliburton","1610612754","Indiana Pacers",2023,"0022200276","20221125",-14.7,29.35,TRUE
1630169,"Tyrese Haliburton","1610612754","Indiana Pacers",2023,"0022200276","20221125",-2.2,6.65,TRUE
1630169,"Tyrese Haliburton","1610612754","Indiana Pacers",2023,"0022200276","20221125",2.9,5.85,FALSE
1630169,"Tyrese Haliburton","1610612754","Indiana Pacers",2023,"0022200276","20221125",1.8,5.05,FALSE
1630169,"Tyrese Haliburton","1610612754","Indiana Pacers",2023,"0022200276","20221125",-21.4,18.85,FALSE
1630169,"Tyrese Haliburton","1610612754","Indiana Pacers",2023,"0022200276","20221125",1.5,6.55,TRUE
1630169,"Tyrese Haliburton","1610612754","Indiana Pacers",2023,"0022200292","20221127",-3.4,8.85,FALSE
1630169,"Tyrese Haliburton","1610612754","Indiana Pacers",2023,"0022200292","20221127",2.6,8.95,FALSE
1630169,"Tyrese Haliburton","1610612754","Indiana Pacers",2023,"0022200292","20221127",-11.5,29.45,TRUE
1630169,"Tyrese Haliburton","1610612754","Indiana Pacers",2023,"0022200292","20221127",-0.2,31.25,FALSE
1630169,"Tyrese Haliburton","1610612754","Indiana Pacers",2023,"0022200292","20221127",-2.1,6.75,TRUE
1630169,"Tyrese Haliburton","1610612754","Indiana Pacers",2023,"0022200292","20221127",-23.4,6.45,TRUE
1630169,"Tyrese Haliburton","1610612754","Indiana Pacers",2023,"0022200292","20221127",-0.1,5.85,TRUE
1630169,"Tyrese Haliburton","1610612754","Indiana Pacers",2023,"0022200292","20221127",-23,14.75,FALSE
1630169,"Tyrese Haliburton","1610612754","Indiana Pacers",2023,"0022200292","20221127",-2.2,35.85,FALSE
1630169,"Tyrese Haliburton","1610612754","Indiana Pacers",2023,"0022200292","20221127",2.1,11.05,TRUE
1630169,"Tyrese Haliburton","1610612754","Indiana Pacers",2023,"0022200292","20221127",3.4,6.75,FALSE
1630169,"Tyrese Haliburton","1610612754","Indiana Pacers",2023,"0022200292","20221127",5.3,13.05,FALSE
1630169,"Tyrese Haliburton","1610612754","Indiana Pacers",2023,"0022200292","20221127",22.7,7.95,FALSE
1630169,"Tyrese Haliburton","1610612754","Indiana Pacers",2023,"0022200292","20221127",0.2,17.45,FALSE
1630169,"Tyrese Haliburton","1610612754","Indiana Pacers",2023,"0022200292","20221127",13.6,25.85,TRUE
1630169,"Tyrese Haliburton","1610612754","Indiana Pacers",2023,"0022200292","20221127",16.2,26.05,FALSE
1630169,"Tyrese Haliburton","1610612754","Indiana Pacers",2023,"0022200308","20221128",-3.1,31.05,FALSE
1630169,"Tyrese Haliburton","1610612754","Indiana Pacers",2023,"0022200308","20221128",-0.7,8.15,FALSE
1630169,"Tyrese Haliburton","1610612754","Indiana Pacers",2023,"0022200308","20221128",18.3,30.95,FALSE
1630169,"Tyrese Haliburton","1610612754","Indiana Pacers",2023,"0022200308","20221128",3.7,10.45,FALSE
1630169,"Tyrese Haliburton","1610612754","Indiana Pacers",2023,"0022200308","20221128",3.1,15.35,TRUE
1630169,"Tyrese Haliburton","1610612754","Indiana Pacers",2023,"0022200308","20221128",1.2,7.05,TRUE
1630169,"Tyrese Haliburton","1610612754","Indiana Pacers",2023,"0022200308","20221128",14.2,27.85,TRUE
1630169,"Tyrese Haliburton","1610612754","Indiana Pacers",2023,"0022200308","20221128",4.5,31.55,TRUE
1630169,"Tyrese Haliburton","1610612754","Indiana Pacers",2023,"0022200308","20221128",-8.1,29.55,FALSE
1630169,"Tyrese Haliburton","1610612754","Indiana Pacers",2023,"0022200308","20221128",-2.2,8.45,FALSE
1630169,"Tyrese Haliburton","1610612754","Indiana Pacers",2023,"0022200308","20221128",-0.4,8.65,TRUE
1630169,"Tyrese Haliburton","1610612754","Indiana Pacers",2023,"0022200308","20221128",-6,14.75,FALSE
1630169,"Tyrese Haliburton","1610612754","Indiana Pacers",2023,"0022200308","20221128",-0.4,6.35,TRUE
1630169,"Tyrese Haliburton","1610612754","Indiana Pacers",2023,"0022200308","20221128",1.3,6.95,TRUE
1630169,"Tyrese Haliburton","1610612754","Indiana Pacers",2023,"0022200308","20221128",17.9,6.85,FALSE
1630169,"Tyrese Haliburton","1610612754","Indiana Pacers",2023,"0022200308","20221128",-0.7,10.85,TRUE
1630169,"Tyrese Haliburton","1610612754","Indiana Pacers",2023,"0022200308","20221128",-2.5,6.95,FALSE
1630169,"Tyrese Haliburton","1610612754","Indiana Pacers",2023,"0022200308","20221128",-0.1,5.15,FALSE
1630169,"Tyrese Haliburton","1610612754","Indiana Pacers",2023,"0022200308","20221128",-0.4,9.25,FALSE
1630169,"Tyrese Haliburton","1610612754","Indiana Pacers",2023,"0022200308","20221128",23.2,7.25,TRUE
1630169,"Tyrese Haliburton","1610612754","Indiana Pacers",2023,"0022200308","20221128",-22.8,4.55,FALSE
1630169,"Tyrese Haliburton","1610612754","Indiana Pacers",2023,"0022200308","20221128",0,7.75,TRUE
1630169,"Tyrese Haliburton","1610612754","Indiana Pacers",2023,"0022200323","20221130",21.7,17.75,TRUE
1630169,"Tyrese Haliburton","1610612754","Indiana Pacers",2023,"0022200323","20221130",7.8,30.85,FALSE
1630169,"Tyrese Haliburton","1610612754","Indiana Pacers",2023,"0022200323","20221130",2.6,7.75,FALSE
1630169,"Tyrese Haliburton","1610612754","Indiana Pacers",2023,"0022200323","20221130",-16.7,24.25,FALSE
1630169,"Tyrese Haliburton","1610612754","Indiana Pacers",2023,"0022200323","20221130",-2.2,6.45,TRUE
1630169,"Tyrese Haliburton","1610612754","Indiana Pacers",2023,"0022200323","20221130",-2.1,6.85,FALSE
1630169,"Tyrese Haliburton","1610612754","Indiana Pacers",2023,"0022200323","20221130",14.6,27.05,FALSE
1630169,"Tyrese Haliburton","1610612754","Indiana Pacers",2023,"0022200323","20221130",-1.8,6.75,TRUE
1630169,"Tyrese Haliburton","1610612754","Indiana Pacers",2023,"0022200323","20221130",-1.7,5.75,TRUE
1630169,"Tyrese Haliburton","1610612754","Indiana Pacers",2023,"0022200323","20221130",-7.5,14.95,FALSE
1630169,"Tyrese Haliburton","1610612754","Indiana Pacers",2023,"0022200323","20221130",3.1,18.65,FALSE
1630169,"Tyrese Haliburton","1610612754","Indiana Pacers",2023,"0022200323","20221130",-23.5,5.15,FALSE
1630169,"Tyrese Haliburton","1610612754","Indiana Pacers",2023,"0022200323","20221130",-16.7,24.65,FALSE
1630169,"Tyrese Haliburton","1610612754","Indiana Pacers",2023,"0022200335","20221202",13.1,25.85,FALSE
1630169,"Tyrese Haliburton","1610612754","Indiana Pacers",2023,"0022200335","20221202",-3.3,9.95,FALSE
1630169,"Tyrese Haliburton","1610612754","Indiana Pacers",2023,"0022200335","20221202",-7.8,32.55,FALSE
1630169,"Tyrese Haliburton","1610612754","Indiana Pacers",2023,"0022200335","20221202",22.5,1.45,FALSE
1630169,"Tyrese Haliburton","1610612754","Indiana Pacers",2023,"0022200335","20221202",-5,13.95,FALSE
1630169,"Tyrese Haliburton","1610612754","Indiana Pacers",2023,"0022200335","20221202",-16.1,25.05,TRUE
1630169,"Tyrese Haliburton","1610612754","Indiana Pacers",2023,"0022200335","20221202",-7.5,28.95,TRUE
1630169,"Tyrese Haliburton","1610612754","Indiana Pacers",2023,"0022200335","20221202",-2.9,14.25,FALSE
1630169,"Tyrese Haliburton","1610612754","Indiana Pacers",2023,"0022200335","20221202",-23.9,15.55,FALSE
1630169,"Tyrese Haliburton","1610612754","Indiana Pacers",2023,"0022200335","20221202",-3.6,7.45,TRUE
1630169,"Tyrese Haliburton","1610612754","Indiana Pacers",2023,"0022200335","20221202",-16.5,49.25,FALSE
1630169,"Tyrese Haliburton","1610612754","Indiana Pacers",2023,"0022200335","20221202",12.1,28.55,FALSE
1630169,"Tyrese Haliburton","1610612754","Indiana Pacers",2023,"0022200335","20221202",-4.8,7.55,TRUE
1630169,"Tyrese Haliburton","1610612754","Indiana Pacers",2023,"0022200335","20221202",-2.9,9.15,FALSE
1630169,"Tyrese Haliburton","1610612754","Indiana Pacers",2023,"0022200335","20221202",6.6,11.25,FALSE
1630169,"Tyrese Haliburton","1610612754","Indiana Pacers",2023,"0022200335","20221202",23.3,18.95,TRUE
1630169,"Tyrese Haliburton","1610612754","Indiana Pacers",2023,"0022200370","20221207",6.2,11.65,FALSE
1630169,"Tyrese Haliburton","1610612754","Indiana Pacers",2023,"0022200370","20221207",11.9,37.35,FALSE
1630169,"Tyrese Haliburton","1610612754","Indiana Pacers",2023,"0022200370","20221207",-2.7,7.45,TRUE
1630169,"Tyrese Haliburton","1610612754","Indiana Pacers",2023,"0022200370","20221207",8,15.35,TRUE
1630169,"Tyrese Haliburton","1610612754","Indiana Pacers",2023,"0022200370","20221207",15.4,26.35,TRUE
1630169,"Tyrese Haliburton","1610612754","Indiana Pacers",2023,"0022200370","20221207",8.5,28.45,TRUE
1630169,"Tyrese Haliburton","1610612754","Indiana Pacers",2023,"0022200370","20221207",-2.3,29.15,FALSE
1630169,"Tyrese Haliburton","1610612754","Indiana Pacers",2023,"0022200370","20221207",-16.3,24.65,FALSE
1630169,"Tyrese Haliburton","1610612754","Indiana Pacers",2023,"0022200370","20221207",-17.3,22.85,TRUE
1630169,"Tyrese Haliburton","1610612754","Indiana Pacers",2023,"0022200370","20221207",8.2,29.25,TRUE
1630169,"Tyrese Haliburton","1610612754","Indiana Pacers",2023,"0022200370","20221207",-12.1,27.45,FALSE
1630169,"Tyrese Haliburton","1610612754","Indiana Pacers",2023,"0022200370","20221207",-0.7,6.35,TRUE
1630169,"Tyrese Haliburton","1610612754","Indiana Pacers",2023,"0022200370","20221207",-3.3,29.85,TRUE
1630169,"Tyrese Haliburton","1610612754","Indiana Pacers",2023,"0022200370","20221207",-2.1,5.85,TRUE
1630169,"Tyrese Haliburton","1610612754","Indiana Pacers",2023,"0022200378","20221209",-0.9,12.05,TRUE
1630169,"Tyrese Haliburton","1610612754","Indiana Pacers",2023,"0022200378","20221209",-1,6.65,TRUE
1630169,"Tyrese Haliburton","1610612754","Indiana Pacers",2023,"0022200378","20221209",-1.5,5.55,TRUE
1630169,"Tyrese Haliburton","1610612754","Indiana Pacers",2023,"0022200378","20221209",-10.7,29.45,TRUE
1630169,"Tyrese Haliburton","1610612754","Indiana Pacers",2023,"0022200378","20221209",-0.9,5.85,TRUE
1630169,"Tyrese Haliburton","1610612754","Indiana Pacers",2023,"0022200378","20221209",-2.7,6.55,FALSE
1630169,"Tyrese Haliburton","1610612754","Indiana Pacers",2023,"0022200378","20221209",3.7,8.15,FALSE
1630169,"Tyrese Haliburton","1610612754","Indiana Pacers",2023,"0022200378","20221209",-2.7,7.25,FALSE
1630169,"Tyrese Haliburton","1610612754","Indiana Pacers",2023,"0022200378","20221209",-2.7,7.05,TRUE
1630169,"Tyrese Haliburton","1610612754","Indiana Pacers",2023,"0022200378","20221209",0,33.05,FALSE
1630169,"Tyrese Haliburton","1610612754","Indiana Pacers",2023,"0022200378","20221209",-2.2,7.05,TRUE
1630169,"Tyrese Haliburton","1610612754","Indiana Pacers",2023,"0022200378","20221209",12.9,7.95,FALSE
1630169,"Tyrese Haliburton","1610612754","Indiana Pacers",2023,"0022200378","20221209",2.2,33.85,TRUE
1630169,"Tyrese Haliburton","1610612754","Indiana Pacers",2023,"0022200378","20221209",-22.3,17.95,TRUE
1630169,"Tyrese Haliburton","1610612754","Indiana Pacers",2023,"0022200388","20221210",9.6,31.05,TRUE
1630169,"Tyrese Haliburton","1610612754","Indiana Pacers",2023,"0022200388","20221210",-1.7,30.95,TRUE
1630169,"Tyrese Haliburton","1610612754","Indiana Pacers",2023,"0022200388","20221210",15.8,26.35,TRUE
1630169,"Tyrese Haliburton","1610612754","Indiana Pacers",2023,"0022200388","20221210",1.1,20.45,TRUE
1630169,"Tyrese Haliburton","1610612754","Indiana Pacers",2023,"0022200388","20221210",-0.6,6.95,FALSE
1630169,"Tyrese Haliburton","1610612754","Indiana Pacers",2023,"0022200388","20221210",-2.2,7.35,TRUE
1630169,"Tyrese Haliburton","1610612754","Indiana Pacers",2023,"0022200388","20221210",3.6,9.55,TRUE
1630169,"Tyrese Haliburton","1610612754","Indiana Pacers",2023,"0022200388","20221210",-10.8,28.85,TRUE
1630169,"Tyrese Haliburton","1610612754","Indiana Pacers",2023,"0022200388","20221210",-19.6,20.45,TRUE
1630169,"Tyrese Haliburton","1610612754","Indiana Pacers",2023,"0022200388","20221210",-8.1,11.15,TRUE
1630169,"Tyrese Haliburton","1610612754","Indiana Pacers",2023,"0022200388","20221210",3.1,31.35,TRUE
1630169,"Tyrese Haliburton","1610612754","Indiana Pacers",2023,"0022200388","20221210",7.4,31.45,FALSE
1630169,"Tyrese Haliburton","1610612754","Indiana Pacers",2023,"0022200388","20221210",-4.5,33.55,TRUE
1630169,"Tyrese Haliburton","1610612754","Indiana Pacers",2023,"0022200388","20221210",-3.7,8.75,FALSE
1630169,"Tyrese Haliburton","1610612754","Indiana Pacers",2023,"0022200388","20221210",1.2,6.05,TRUE
1630169,"Tyrese Haliburton","1610612754","Indiana Pacers",2023,"0022200402","20221212",13.5,27.95,FALSE
1630169,"Tyrese Haliburton","1610612754","Indiana Pacers",2023,"0022200402","20221212",-2,6.85,FALSE
1630169,"Tyrese Haliburton","1610612754","Indiana Pacers",2023,"0022200402","20221212",16.2,25.35,FALSE
1630169,"Tyrese Haliburton","1610612754","Indiana Pacers",2023,"0022200402","20221212",-3.2,14.05,FALSE
1630169,"Tyrese Haliburton","1610612754","Indiana Pacers",2023,"0022200402","20221212",-21.1,21.65,FALSE
1630169,"Tyrese Haliburton","1610612754","Indiana Pacers",2023,"0022200402","20221212",-1.5,6.65,FALSE
1630169,"Tyrese Haliburton","1610612754","Indiana Pacers",2023,"0022200402","20221212",-12.4,30.75,FALSE
1630169,"Tyrese Haliburton","1610612754","Indiana Pacers",2023,"0022200402","20221212",-17.6,24.65,FALSE
1630169,"Tyrese Haliburton","1610612754","Indiana Pacers",2023,"0022200402","20221212",-18.4,22.85,FALSE
1630169,"Tyrese Haliburton","1610612754","Indiana Pacers",2023,"0022200415","20221214",-0.9,5.25,FALSE
1630169,"Tyrese Haliburton","1610612754","Indiana Pacers",2023,"0022200415","20221214",13.2,27.35,TRUE
1630169,"Tyrese Haliburton","1610612754","Indiana Pacers",2023,"0022200415","20221214",-12.9,27.45,FALSE
1630169,"Tyrese Haliburton","1610612754","Indiana Pacers",2023,"0022200415","20221214",16.8,26.85,TRUE
1630169,"Tyrese Haliburton","1610612754","Indiana Pacers",2023,"0022200415","20221214",4.9,31.65,FALSE
1630169,"Tyrese Haliburton","1610612754","Indiana Pacers",2023,"0022200415","20221214",1.5,8.85,TRUE
1630169,"Tyrese Haliburton","1610612754","Indiana Pacers",2023,"0022200415","20221214",8.1,31.05,TRUE
1630169,"Tyrese Haliburton","1610612754","Indiana Pacers",2023,"0022200415","20221214",17.8,28.45,TRUE
1630169,"Tyrese Haliburton","1610612754","Indiana Pacers",2023,"0022200415","20221214",-23.3,14.65,TRUE
1630169,"Tyrese Haliburton","1610612754","Indiana Pacers",2023,"0022200415","20221214",-1.6,5.65,FALSE
1630169,"Tyrese Haliburton","1610612754","Indiana Pacers",2023,"0022200415","20221214",22.4,19.85,FALSE
1630169,"Tyrese Haliburton","1610612754","Indiana Pacers",2023,"0022200415","20221214",2.7,30.55,FALSE
1630169,"Tyrese Haliburton","1610612754","Indiana Pacers",2023,"0022200415","20221214",17.5,23.75,FALSE
1630169,"Tyrese Haliburton","1610612754","Indiana Pacers",2023,"0022200415","20221214",1.7,6.05,TRUE
1630169,"Tyrese Haliburton","1610612754","Indiana Pacers",2023,"0022200415","20221214",1.8,6.05,TRUE
1630169,"Tyrese Haliburton","1610612754","Indiana Pacers",2023,"0022200415","20221214",-2.1,6.25,TRUE
1630169,"Tyrese Haliburton","1610612754","Indiana Pacers",2023,"0022200415","20221214",-4.8,13.15,FALSE
1630169,"Tyrese Haliburton","1610612754","Indiana Pacers",2023,"0022200431","20221216",-20.5,20.85,FALSE
1630169,"Tyrese Haliburton","1610612754","Indiana Pacers",2023,"0022200431","20221216",-12.5,29.55,FALSE
1630169,"Tyrese Haliburton","1610612754","Indiana Pacers",2023,"0022200431","20221216",0.9,6.75,TRUE
1630169,"Tyrese Haliburton","1610612754","Indiana Pacers",2023,"0022200431","20221216",0.6,6.35,TRUE
1630169,"Tyrese Haliburton","1610612754","Indiana Pacers",2023,"0022200431","20221216",6,33.75,FALSE
1630169,"Tyrese Haliburton","1610612754","Indiana Pacers",2023,"0022200431","20221216",-0.2,5.35,TRUE
1630169,"Tyrese Haliburton","1610612754","Indiana Pacers",2023,"0022200431","20221216",23.4,5.75,FALSE
1630169,"Tyrese Haliburton","1610612754","Indiana Pacers",2023,"0022200431","20221216",4.9,6.85,TRUE
1630169,"Tyrese Haliburton","1610612754","Indiana Pacers",2023,"0022200431","20221216",-9.1,30.35,FALSE
1630169,"Tyrese Haliburton","1610612754","Indiana Pacers",2023,"0022200431","20221216",-0.1,5.65,TRUE
1630169,"Tyrese Haliburton","1610612754","Indiana Pacers",2023,"0022200431","20221216",-14.8,36.75,FALSE
1630169,"Tyrese Haliburton","1610612754","Indiana Pacers",2023,"0022200431","20221216",-21.7,19.95,FALSE
1630169,"Tyrese Haliburton","1610612754","Indiana Pacers",2023,"0022200431","20221216",-18.9,22.55,FALSE
1630169,"Tyrese Haliburton","1610612754","Indiana Pacers",2023,"0022200446","20221218",0.2,6.55,FALSE
1630169,"Tyrese Haliburton","1610612754","Indiana Pacers",2023,"0022200446","20221218",-7.6,7.55,FALSE
1630169,"Tyrese Haliburton","1610612754","Indiana Pacers",2023,"0022200446","20221218",-5,30.65,TRUE
1630169,"Tyrese Haliburton","1610612754","Indiana Pacers",2023,"0022200446","20221218",-14.6,27.45,TRUE
1630169,"Tyrese Haliburton","1610612754","Indiana Pacers",2023,"0022200446","20221218",5.3,31.55,FALSE
1630169,"Tyrese Haliburton","1610612754","Indiana Pacers",2023,"0022200446","20221218",-1,6.35,FALSE
1630169,"Tyrese Haliburton","1610612754","Indiana Pacers",2023,"0022200446","20221218",-0.5,5.65,TRUE
1630169,"Tyrese Haliburton","1610612754","Indiana Pacers",2023,"0022200446","20221218",-0.6,6.35,FALSE
1630169,"Tyrese Haliburton","1610612754","Indiana Pacers",2023,"0022200446","20221218",-8.6,12.15,TRUE
1630169,"Tyrese Haliburton","1610612754","Indiana Pacers",2023,"0022200446","20221218",-0.1,25.15,FALSE
1630169,"Tyrese Haliburton","1610612754","Indiana Pacers",2023,"0022200446","20221218",-1.6,12.75,FALSE
1630169,"Tyrese Haliburton","1610612754","Indiana Pacers",2023,"0022200446","20221218",-0.1,5.05,FALSE
1630169,"Tyrese Haliburton","1610612754","Indiana Pacers",2023,"0022200446","20221218",-1.1,14.85,TRUE
1630169,"Tyrese Haliburton","1610612754","Indiana Pacers",2023,"0022200446","20221218",-15.3,27.75,FALSE
1630169,"Tyrese Haliburton","1610612754","Indiana Pacers",2023,"0022200446","20221218",-21,21.15,FALSE
1630169,"Tyrese Haliburton","1610612754","Indiana Pacers",2023,"0022200446","20221218",-2.1,49.15,FALSE
1630169,"Tyrese Haliburton","1610612754","Indiana Pacers",2023,"0022200469","20221221",-14.3,29.45,FALSE
1630169,"Tyrese Haliburton","1610612754","Indiana Pacers",2023,"0022200469","20221221",11.3,29.95,FALSE
1630169,"Tyrese Haliburton","1610612754","Indiana Pacers",2023,"0022200469","20221221",7.2,5.75,TRUE
1630169,"Tyrese Haliburton","1610612754","Indiana Pacers",2023,"0022200469","20221221",7.2,29.75,TRUE
1630169,"Tyrese Haliburton","1610612754","Indiana Pacers",2023,"0022200469","20221221",-18.5,23.25,TRUE
1630169,"Tyrese Haliburton","1610612754","Indiana Pacers",2023,"0022200469","20221221",-2.8,9.25,TRUE
1630169,"Tyrese Haliburton","1610612754","Indiana Pacers",2023,"0022200469","20221221",16.7,25.75,TRUE
1630169,"Tyrese Haliburton","1610612754","Indiana Pacers",2023,"0022200469","20221221",-14,27.85,FALSE
1630169,"Tyrese Haliburton","1610612754","Indiana Pacers",2023,"0022200469","20221221",17.5,26.25,FALSE
1630169,"Tyrese Haliburton","1610612754","Indiana Pacers",2023,"0022200469","20221221",-13.2,19.75,TRUE
1630169,"Tyrese Haliburton","1610612754","Indiana Pacers",2023,"0022200469","20221221",8.1,31.35,FALSE
1630169,"Tyrese Haliburton","1610612754","Indiana Pacers",2023,"0022200469","20221221",-3.2,9.45,TRUE
1630169,"Tyrese Haliburton","1610612754","Indiana Pacers",2023,"0022200469","20221221",-4.7,6.85,FALSE
1630169,"Tyrese Haliburton","1610612754","Indiana Pacers",2023,"0022200469","20221221",6.4,18.65,FALSE
1630169,"Tyrese Haliburton","1610612754","Indiana Pacers",2023,"0022200469","20221221",2.1,7.75,TRUE
1630169,"Tyrese Haliburton","1610612754","Indiana Pacers",2023,"0022200469","20221221",5,19.95,FALSE
1630169,"Tyrese Haliburton","1610612754","Indiana Pacers",2023,"0022200469","20221221",-7.5,12.75,TRUE
1630169,"Tyrese Haliburton","1610612754","Indiana Pacers",2023,"0022200469","20221221",-0.5,27.45,FALSE
1630169,"Tyrese Haliburton","1610612754","Indiana Pacers",2023,"0022200469","20221221",14.2,26.85,TRUE
1630169,"Tyrese Haliburton","1610612754","Indiana Pacers",2023,"0022200469","20221221",3.1,12.05,FALSE
1630169,"Tyrese Haliburton","1610612754","Indiana Pacers",2023,"0022200469","20221221",-14.6,26.75,TRUE
1630169,"Tyrese Haliburton","1610612754","Indiana Pacers",2023,"0022200469","20221221",20.2,22.85,FALSE
1630169,"Tyrese Haliburton","1610612754","Indiana Pacers",2023,"0022200469","20221221",-0.9,32.45,TRUE
1630169,"Tyrese Haliburton","1610612754","Indiana Pacers",2023,"0022200469","20221221",-16.5,24.35,FALSE
1630169,"Tyrese Haliburton","1610612754","Indiana Pacers",2023,"0022200486","20221223",6.6,30.85,FALSE
1630169,"Tyrese Haliburton","1610612754","Indiana Pacers",2023,"0022200486","20221223",18,28.85,TRUE
1630169,"Tyrese Haliburton","1610612754","Indiana Pacers",2023,"0022200486","20221223",-22.8,4.45,TRUE
1630169,"Tyrese Haliburton","1610612754","Indiana Pacers",2023,"0022200486","20221223",-14.7,27.55,TRUE
1630169,"Tyrese Haliburton","1610612754","Indiana Pacers",2023,"0022200486","20221223",-22.3,4.45,TRUE
1630169,"Tyrese Haliburton","1610612754","Indiana Pacers",2023,"0022200486","20221223",-1.6,35.85,TRUE
1630169,"Tyrese Haliburton","1610612754","Indiana Pacers",2023,"0022200486","20221223",4.4,32.15,FALSE
1630169,"Tyrese Haliburton","1610612754","Indiana Pacers",2023,"0022200486","20221223",-22.8,13.85,FALSE
1630169,"Tyrese Haliburton","1610612754","Indiana Pacers",2023,"0022200486","20221223",-16.4,24.55,FALSE
1630169,"Tyrese Haliburton","1610612754","Indiana Pacers",2023,"0022200486","20221223",-15,17.25,TRUE
1630169,"Tyrese Haliburton","1610612754","Indiana Pacers",2023,"0022200486","20221223",1.7,8.95,TRUE
1630169,"Tyrese Haliburton","1610612754","Indiana Pacers",2023,"0022200486","20221223",-13.8,27.05,TRUE
1630169,"Tyrese Haliburton","1610612754","Indiana Pacers",2023,"0022200486","20221223",12,30.25,TRUE
1630169,"Tyrese Haliburton","1610612754","Indiana Pacers",2023,"0022200486","20221223",-15.4,26.85,TRUE
1630169,"Tyrese Haliburton","1610612754","Indiana Pacers",2023,"0022200486","20221223",-13.6,32.95,FALSE
1630169,"Tyrese Haliburton","1610612754","Indiana Pacers",2023,"0022200486","20221223",-18.8,23.15,TRUE
1630169,"Tyrese Haliburton","1610612754","Indiana Pacers",2023,"0022200486","20221223",5.1,7.25,TRUE
1630169,"Tyrese Haliburton","1610612754","Indiana Pacers",2023,"0022200486","20221223",-7.7,10.85,TRUE
1630169,"Tyrese Haliburton","1610612754","Indiana Pacers",2023,"0022200486","20221223",-5.6,32.05,FALSE
1630169,"Tyrese Haliburton","1610612754","Indiana Pacers",2023,"0022200486","20221223",1.2,33.05,TRUE
1630169,"Tyrese Haliburton","1610612754","Indiana Pacers",2023,"0022200502","20221226",23.2,18.65,FALSE
1630169,"Tyrese Haliburton","1610612754","Indiana Pacers",2023,"0022200502","20221226",-1.8,5.65,FALSE
1630169,"Tyrese Haliburton","1610612754","Indiana Pacers",2023,"0022200502","20221226",-20.3,20.75,FALSE
1630169,"Tyrese Haliburton","1610612754","Indiana Pacers",2023,"0022200502","20221226",-17.9,22.95,FALSE
1630169,"Tyrese Haliburton","1610612754","Indiana Pacers",2023,"0022200502","20221226",-2.8,7.95,FALSE
1630169,"Tyrese Haliburton","1610612754","Indiana Pacers",2023,"0022200502","20221226",-2.5,5.15,TRUE
1630169,"Tyrese Haliburton","1610612754","Indiana Pacers",2023,"0022200502","20221226",-1.6,5.65,TRUE
1630169,"Tyrese Haliburton","1610612754","Indiana Pacers",2023,"0022200502","20221226",-3.1,5.75,FALSE
1630169,"Tyrese Haliburton","1610612754","Indiana Pacers",2023,"0022200502","20221226",12.3,28.75,FALSE
1630169,"Tyrese Haliburton","1610612754","Indiana Pacers",2023,"0022200502","20221226",-1.1,19.55,FALSE
1630169,"Tyrese Haliburton","1610612754","Indiana Pacers",2023,"0022200502","20221226",2,31.65,TRUE
1630169,"Tyrese Haliburton","1610612754","Indiana Pacers",2023,"0022200502","20221226",-1.2,15.65,TRUE
1630169,"Tyrese Haliburton","1610612754","Indiana Pacers",2023,"0022200508","20221227",2.8,33.05,FALSE
1630169,"Tyrese Haliburton","1610612754","Indiana Pacers",2023,"0022200508","20221227",-2,5.65,TRUE
1630169,"Tyrese Haliburton","1610612754","Indiana Pacers",2023,"0022200508","20221227",-1.5,7.45,TRUE
1630169,"Tyrese Haliburton","1610612754","Indiana Pacers",2023,"0022200508","20221227",0.1,7.75,FALSE
1630169,"Tyrese Haliburton","1610612754","Indiana Pacers",2023,"0022200508","20221227",18.3,29.05,TRUE
1630169,"Tyrese Haliburton","1610612754","Indiana Pacers",2023,"0022200508","20221227",-23.3,14.05,FALSE
1630169,"Tyrese Haliburton","1610612754","Indiana Pacers",2023,"0022200508","20221227",19.5,21.95,FALSE
1630169,"Tyrese Haliburton","1610612754","Indiana Pacers",2023,"0022200508","20221227",0.4,11.15,TRUE
1630169,"Tyrese Haliburton","1610612754","Indiana Pacers",2023,"0022200508","20221227",-6.1,8.65,FALSE
1630169,"Tyrese Haliburton","1610612754","Indiana Pacers",2023,"0022200508","20221227",0.1,10.35,TRUE
1630169,"Tyrese Haliburton","1610612754","Indiana Pacers",2023,"0022200508","20221227",-2.1,7.95,TRUE
1630169,"Tyrese Haliburton","1610612754","Indiana Pacers",2023,"0022200508","20221227",-13.4,25.65,FALSE
1630169,"Tyrese Haliburton","1610612754","Indiana Pacers",2023,"0022200508","20221227",-0.1,30.35,TRUE
1630169,"Tyrese Haliburton","1610612754","Indiana Pacers",2023,"0022200508","20221227",-13.8,25.65,TRUE
1630169,"Tyrese Haliburton","1610612754","Indiana Pacers",2023,"0022200508","20221227",-3.1,8.15,TRUE
1630169,"Tyrese Haliburton","1610612754","Indiana Pacers",2023,"0022200508","20221227",2.1,30.25,FALSE
1630169,"Tyrese Haliburton","1610612754","Indiana Pacers",2023,"0022200524","20221229",3.1,14.95,FALSE
1630169,"Tyrese Haliburton","1610612754","Indiana Pacers",2023,"0022200524","20221229",-11.2,27.95,TRUE
1630169,"Tyrese Haliburton","1610612754","Indiana Pacers",2023,"0022200524","20221229",-1.8,6.95,FALSE
1630169,"Tyrese Haliburton","1610612754","Indiana Pacers",2023,"0022200524","20221229",-2.3,11.15,FALSE
1630169,"Tyrese Haliburton","1610612754","Indiana Pacers",2023,"0022200524","20221229",11.5,8.15,FALSE
1630169,"Tyrese Haliburton","1610612754","Indiana Pacers",2023,"0022200524","20221229",2.5,19.85,TRUE
1630169,"Tyrese Haliburton","1610612754","Indiana Pacers",2023,"0022200524","20221229",-18.1,14.15,TRUE
1630169,"Tyrese Haliburton","1610612754","Indiana Pacers",2023,"0022200524","20221229",7.6,31.75,FALSE
1630169,"Tyrese Haliburton","1610612754","Indiana Pacers",2023,"0022200524","20221229",18.6,27.85,TRUE
1630169,"Tyrese Haliburton","1610612754","Indiana Pacers",2023,"0022200524","20221229",22.8,16.15,FALSE
1630169,"Tyrese Haliburton","1610612754","Indiana Pacers",2023,"0022200524","20221229",-2,6.85,TRUE
1630169,"Tyrese Haliburton","1610612754","Indiana Pacers",2023,"0022200524","20221229",-7.1,32.45,TRUE
1630169,"Tyrese Haliburton","1610612754","Indiana Pacers",2023,"0022200524","20221229",16.2,26.15,TRUE
1630169,"Tyrese Haliburton","1610612754","Indiana Pacers",2023,"0022200524","20221229",11.6,27.25,TRUE
1630169,"Tyrese Haliburton","1610612754","Indiana Pacers",2023,"0022200524","20221229",-11.2,32.95,TRUE
1630169,"Tyrese Haliburton","1610612754","Indiana Pacers",2023,"0022200524","20221229",-2.1,6.25,TRUE
1630169,"Tyrese Haliburton","1610612754","Indiana Pacers",2023,"0022200524","20221229",-17.5,6.85,FALSE
1630169,"Tyrese Haliburton","1610612754","Indiana Pacers",2023,"0022200524","20221229",-2.1,6.25,FALSE
1630169,"Tyrese Haliburton","1610612754","Indiana Pacers",2023,"0022200524","20221229",12.4,8.85,FALSE
1630169,"Tyrese Haliburton","1610612754","Indiana Pacers",2023,"0022200538","20221231",-9.9,11.15,TRUE
1630169,"Tyrese Haliburton","1610612754","Indiana Pacers",2023,"0022200538","20221231",-14.7,25.75,FALSE
1630169,"Tyrese Haliburton","1610612754","Indiana Pacers",2023,"0022200538","20221231",-2.8,9.25,TRUE
1630169,"Tyrese Haliburton","1610612754","Indiana Pacers",2023,"0022200538","20221231",-24.8,7.75,FALSE
1630169,"Tyrese Haliburton","1610612754","Indiana Pacers",2023,"0022200538","20221231",15.4,27.35,FALSE
1630169,"Tyrese Haliburton","1610612754","Indiana Pacers",2023,"0022200538","20221231",5.8,33.35,FALSE
1630169,"Tyrese Haliburton","1610612754","Indiana Pacers",2023,"0022200538","20221231",-4.7,10.25,TRUE
1630169,"Tyrese Haliburton","1610612754","Indiana Pacers",2023,"0022200538","20221231",-1.2,9.35,TRUE
1630169,"Tyrese Haliburton","1610612754","Indiana Pacers",2023,"0022200538","20221231",-14.2,26.75,TRUE
1630169,"Tyrese Haliburton","1610612754","Indiana Pacers",2023,"0022200538","20221231",-3.8,17.05,FALSE
1630169,"Tyrese Haliburton","1610612754","Indiana Pacers",2023,"0022200538","20221231",-11.6,28.05,TRUE
1630169,"Tyrese Haliburton","1610612754","Indiana Pacers",2023,"0022200538","20221231",-1.6,7.05,TRUE
1630169,"Tyrese Haliburton","1610612754","Indiana Pacers",2023,"0022200538","20221231",0.6,7.75,TRUE
1630169,"Tyrese Haliburton","1610612754","Indiana Pacers",2023,"0022200553","20230102",4,8.65,FALSE
1630169,"Tyrese Haliburton","1610612754","Indiana Pacers",2023,"0022200553","20230102",6.9,21.55,TRUE
1630169,"Tyrese Haliburton","1610612754","Indiana Pacers",2023,"0022200553","20230102",-4.8,20.55,FALSE
1630169,"Tyrese Haliburton","1610612754","Indiana Pacers",2023,"0022200553","20230102",-0.2,7.35,TRUE
1630169,"Tyrese Haliburton","1610612754","Indiana Pacers",2023,"0022200553","20230102",1.8,31.25,TRUE
1630169,"Tyrese Haliburton","1610612754","Indiana Pacers",2023,"0022200553","20230102",-9.1,31.15,FALSE
1630169,"Tyrese Haliburton","1610612754","Indiana Pacers",2023,"0022200553","20230102",-7.5,14.65,TRUE
1630169,"Tyrese Haliburton","1610612754","Indiana Pacers",2023,"0022200553","20230102",-1.7,6.55,TRUE
1630169,"Tyrese Haliburton","1610612754","Indiana Pacers",2023,"0022200553","20230102",4,13.15,TRUE
1630169,"Tyrese Haliburton","1610612754","Indiana Pacers",2023,"0022200553","20230102",22.7,18.75,FALSE
1630169,"Tyrese Haliburton","1610612754","Indiana Pacers",2023,"0022200553","20230102",3.7,7.45,FALSE
1630169,"Tyrese Haliburton","1610612754","Indiana Pacers",2023,"0022200553","20230102",-4.5,11.35,FALSE
1630169,"Tyrese Haliburton","1610612754","Indiana Pacers",2023,"0022200553","20230102",-12.6,31.55,TRUE
1630169,"Tyrese Haliburton","1610612754","Indiana Pacers",2023,"0022200553","20230102",-10.5,9.55,FALSE
1630169,"Tyrese Haliburton","1610612754","Indiana Pacers",2023,"0022200553","20230102",0.9,10.35,FALSE
1630169,"Tyrese Haliburton","1610612754","Indiana Pacers",2023,"0022200567","20230104",-20.8,22.25,FALSE
1630169,"Tyrese Haliburton","1610612754","Indiana Pacers",2023,"0022200567","20230104",-0.5,6.55,TRUE
1630169,"Tyrese Haliburton","1610612754","Indiana Pacers",2023,"0022200567","20230104",-0.7,6.05,TRUE
1630169,"Tyrese Haliburton","1610612754","Indiana Pacers",2023,"0022200567","20230104",-3.7,32.55,FALSE
1630169,"Tyrese Haliburton","1610612754","Indiana Pacers",2023,"0022200567","20230104",16.2,29.85,FALSE
1630169,"Tyrese Haliburton","1610612754","Indiana Pacers",2023,"0022200567","20230104",-1.5,32.15,TRUE
1630169,"Tyrese Haliburton","1610612754","Indiana Pacers",2023,"0022200567","20230104",-19.1,50.65,FALSE
1630169,"Tyrese Haliburton","1610612754","Indiana Pacers",2023,"0022200567","20230104",0.6,5.05,TRUE
1630169,"Tyrese Haliburton","1610612754","Indiana Pacers",2023,"0022200567","20230104",-2.9,30.25,TRUE
1630169,"Tyrese Haliburton","1610612754","Indiana Pacers",2023,"0022200567","20230104",0.6,5.05,TRUE
1630169,"Tyrese Haliburton","1610612754","Indiana Pacers",2023,"0022200567","20230104",-3.4,20.05,FALSE
1630169,"Tyrese Haliburton","1610612754","Indiana Pacers",2023,"0022200567","20230104",0.7,16.55,FALSE
1630169,"Tyrese Haliburton","1610612754","Indiana Pacers",2023,"0022200567","20230104",9.7,29.35,FALSE
1630169,"Tyrese Haliburton","1610612754","Indiana Pacers",2023,"0022200567","20230104",-1.1,5.25,TRUE
1630169,"Tyrese Haliburton","1610612754","Indiana Pacers",2023,"0022200580","20230106",15.4,25.85,FALSE
1630169,"Tyrese Haliburton","1610612754","Indiana Pacers",2023,"0022200580","20230106",3.2,31.65,FALSE
1630169,"Tyrese Haliburton","1610612754","Indiana Pacers",2023,"0022200580","20230106",-11.2,19.95,TRUE
1630169,"Tyrese Haliburton","1610612754","Indiana Pacers",2023,"0022200580","20230106",-11.4,16.85,FALSE
1630169,"Tyrese Haliburton","1610612754","Indiana Pacers",2023,"0022200580","20230106",0,33.15,FALSE
1630169,"Tyrese Haliburton","1610612754","Indiana Pacers",2023,"0022200580","20230106",-12.3,29.85,TRUE
1630169,"Tyrese Haliburton","1610612754","Indiana Pacers",2023,"0022200580","20230106",-0.9,5.75,FALSE
1630169,"Tyrese Haliburton","1610612754","Indiana Pacers",2023,"0022200580","20230106",15.2,26.85,TRUE
1630169,"Tyrese Haliburton","1610612754","Indiana Pacers",2023,"0022200580","20230106",17,27.55,FALSE
1630169,"Tyrese Haliburton","1610612754","Indiana Pacers",2023,"0022200580","20230106",-1,6.25,FALSE
1630169,"Tyrese Haliburton","1610612754","Indiana Pacers",2023,"0022200580","20230106",-7.4,5.95,TRUE
1630169,"Tyrese Haliburton","1610612754","Indiana Pacers",2023,"0022200580","20230106",17.5,28.75,FALSE
1630169,"Tyrese Haliburton","1610612754","Indiana Pacers",2023,"0022200580","20230106",-16.7,27.35,FALSE
1630169,"Tyrese Haliburton","1610612754","Indiana Pacers",2023,"0022200580","20230106",1.6,32.15,FALSE
1630169,"Tyrese Haliburton","1610612754","Indiana Pacers",2023,"0022200580","20230106",-22.4,18.05,TRUE
1630169,"Tyrese Haliburton","1610612754","Indiana Pacers",2023,"0022200598","20230108",0.4,15.15,TRUE
1630169,"Tyrese Haliburton","1610612754","Indiana Pacers",2023,"0022200598","20230108",-12,27.75,FALSE
1630169,"Tyrese Haliburton","1610612754","Indiana Pacers",2023,"0022200598","20230108",9.3,30.95,TRUE
1630169,"Tyrese Haliburton","1610612754","Indiana Pacers",2023,"0022200598","20230108",19,25.75,FALSE
1630169,"Tyrese Haliburton","1610612754","Indiana Pacers",2023,"0022200598","20230108",-2.2,6.35,TRUE
1630169,"Tyrese Haliburton","1610612754","Indiana Pacers",2023,"0022200598","20230108",-0.5,6.95,FALSE
1630169,"Tyrese Haliburton","1610612754","Indiana Pacers",2023,"0022200598","20230108",-5.8,8.75,FALSE
1630169,"Tyrese Haliburton","1610612754","Indiana Pacers",2023,"0022200598","20230108",11.4,28.95,TRUE
1630169,"Tyrese Haliburton","1610612754","Indiana Pacers",2023,"0022200598","20230108",5.6,29.85,FALSE
1630169,"Tyrese Haliburton","1610612754","Indiana Pacers",2023,"0022200598","20230108",-12.4,58.05,FALSE
1630169,"Tyrese Haliburton","1610612754","Indiana Pacers",2023,"0022200622","20230111",13.2,10.75,TRUE
1630169,"Tyrese Haliburton","1610612754","Indiana Pacers",2023,"0022200622","20230111",0.5,7.95,FALSE
1630169,"Tyrese Haliburton","1610612754","Indiana Pacers",2023,"0022200622","20230111",-18.6,25.35,FALSE
1630169,"Tyrese Haliburton","1610612754","Indiana Pacers",2023,"0022200622","20230111",-10.4,29.15,TRUE
1630169,"Tyrese Haliburton","1610612754","Indiana Pacers",2023,"0022200622","20230111",-19.6,22.85,FALSE
1630169,"Tyrese Haliburton","1610612754","Indiana Pacers",2023,"0022200622","20230111",-2.5,10.55,TRUE
1630169,"Tyrese Haliburton","1610612754","Indiana Pacers",2023,"0022200622","20230111",-16.9,24.25,FALSE
1630169,"Tyrese Haliburton","1610612754","Indiana Pacers",2023,"0022200622","20230111",9.9,29.15,FALSE
1630169,"Tyrese Haliburton","1610612754","Indiana Pacers",2023,"0022200622","20230111",0.4,6.35,TRUE
1630169,"Tyrese Haliburton","1610612754","Indiana Pacers",2023,"0022200622","20230111",0.9,4.85,TRUE
1630169,"Tyrese Haliburton","1610612754","Indiana Pacers",2023,"0022200622","20230111",1.8,5.65,TRUE
1630169,"Tyrese Haliburton","1610612754","Indiana Pacers",2023,"0022200622","20230111",3.2,4.65,FALSE
1630169,"Tyrese Haliburton","1610612754","Indiana Pacers",2023,"0022200778","20230202",-23.2,15.35,FALSE
1630169,"Tyrese Haliburton","1610612754","Indiana Pacers",2023,"0022200778","20230202",1.5,6.35,TRUE
1630169,"Tyrese Haliburton","1610612754","Indiana Pacers",2023,"0022200778","20230202",-9.4,28.95,TRUE
1630169,"Tyrese Haliburton","1610612754","Indiana Pacers",2023,"0022200778","20230202",17.4,22.15,FALSE
1630169,"Tyrese Haliburton","1610612754","Indiana Pacers",2023,"0022200778","20230202",-1.1,4.85,TRUE
1630169,"Tyrese Haliburton","1610612754","Indiana Pacers",2023,"0022200778","20230202",-9.9,14.45,TRUE
1630169,"Tyrese Haliburton","1610612754","Indiana Pacers",2023,"0022200778","20230202",-2.9,17.45,FALSE
1630169,"Tyrese Haliburton","1610612754","Indiana Pacers",2023,"0022200778","20230202",-0.4,17.35,TRUE
1630169,"Tyrese Haliburton","1610612754","Indiana Pacers",2023,"0022200778","20230202",-15.3,32.55,FALSE
1630169,"Tyrese Haliburton","1610612754","Indiana Pacers",2023,"0022200778","20230202",23,4.45,FALSE
1630169,"Tyrese Haliburton","1610612754","Indiana Pacers",2023,"0022200778","20230202",-23.5,8.95,TRUE
1630169,"Tyrese Haliburton","1610612754","Indiana Pacers",2023,"0022200778","20230202",-0.6,11.65,TRUE
1630169,"Tyrese Haliburton","1610612754","Indiana Pacers",2023,"0022200778","20230202",-15.8,25.35,FALSE
1630169,"Tyrese Haliburton","1610612754","Indiana Pacers",2023,"0022200778","20230202",-2,6.55,FALSE
1630169,"Tyrese Haliburton","1610612754","Indiana Pacers",2023,"0022200778","20230202",7.4,31.05,FALSE
1630169,"Tyrese Haliburton","1610612754","Indiana Pacers",2023,"0022200778","20230202",22.9,7.55,TRUE
1630169,"Tyrese Haliburton","1610612754","Indiana Pacers",2023,"0022200778","20230202",-3.6,12.55,TRUE
1630169,"Tyrese Haliburton","1610612754","Indiana Pacers",2023,"0022200778","20230202",1.3,7.35,TRUE
1630169,"Tyrese Haliburton","1610612754","Indiana Pacers",2023,"0022200778","20230202",-1.5,33.15,FALSE
1630169,"Tyrese Haliburton","1610612754","Indiana Pacers",2023,"0022200778","20230202",-15.7,30.85,FALSE
1630169,"Tyrese Haliburton","1610612754","Indiana Pacers",2023,"0022200778","20230202",14.2,26.35,TRUE
1630169,"Tyrese Haliburton","1610612754","Indiana Pacers",2023,"0022200778","20230202",23,10.75,FALSE
1630169,"Tyrese Haliburton","1610612754","Indiana Pacers",2023,"0022200778","20230202",9.8,10.25,FALSE
1630169,"Tyrese Haliburton","1610612754","Indiana Pacers",2023,"0022200778","20230202",2.8,6.85,FALSE
1630169,"Tyrese Haliburton","1610612754","Indiana Pacers",2023,"0022200786","20230203",-23.3,6.05,TRUE
1630169,"Tyrese Haliburton","1610612754","Indiana Pacers",2023,"0022200786","20230203",23,18.55,FALSE
1630169,"Tyrese Haliburton","1610612754","Indiana Pacers",2023,"0022200786","20230203",1.2,12.75,FALSE
1630169,"Tyrese Haliburton","1610612754","Indiana Pacers",2023,"0022200786","20230203",-2.3,6.55,FALSE
1630169,"Tyrese Haliburton","1610612754","Indiana Pacers",2023,"0022200786","20230203",-1.7,7.05,TRUE
1630169,"Tyrese Haliburton","1610612754","Indiana Pacers",2023,"0022200786","20230203",23.8,4.75,FALSE
1630169,"Tyrese Haliburton","1610612754","Indiana Pacers",2023,"0022200786","20230203",-20.3,22.15,TRUE
1630169,"Tyrese Haliburton","1610612754","Indiana Pacers",2023,"0022200786","20230203",9.2,29.85,FALSE
1630169,"Tyrese Haliburton","1610612754","Indiana Pacers",2023,"0022200786","20230203",-23.4,11.35,FALSE
1630169,"Tyrese Haliburton","1610612754","Indiana Pacers",2023,"0022200786","20230203",-1.7,7.65,FALSE
1630169,"Tyrese Haliburton","1610612754","Indiana Pacers",2023,"0022200786","20230203",-1,6.05,TRUE
1630169,"Tyrese Haliburton","1610612754","Indiana Pacers",2023,"0022200786","20230203",-12.1,34.65,FALSE
1630169,"Tyrese Haliburton","1610612754","Indiana Pacers",2023,"0022200803","20230205",15.9,26.15,TRUE
1630169,"Tyrese Haliburton","1610612754","Indiana Pacers",2023,"0022200803","20230205",-3.2,6.45,FALSE
1630169,"Tyrese Haliburton","1610612754","Indiana Pacers",2023,"0022200803","20230205",-3.1,7.05,FALSE
1630169,"Tyrese Haliburton","1610612754","Indiana Pacers",2023,"0022200803","20230205",-1.2,6.75,TRUE
1630169,"Tyrese Haliburton","1610612754","Indiana Pacers",2023,"0022200803","20230205",1.6,6.75,TRUE
1630169,"Tyrese Haliburton","1610612754","Indiana Pacers",2023,"0022200803","20230205",2.6,10.25,TRUE
1630169,"Tyrese Haliburton","1610612754","Indiana Pacers",2023,"0022200803","20230205",-18.3,24.45,FALSE
1630169,"Tyrese Haliburton","1610612754","Indiana Pacers",2023,"0022200803","20230205",2.1,17.25,FALSE
1630169,"Tyrese Haliburton","1610612754","Indiana Pacers",2023,"0022200803","20230205",0,5.25,TRUE
1630169,"Tyrese Haliburton","1610612754","Indiana Pacers",2023,"0022200803","20230205",2.7,8.85,FALSE
1630169,"Tyrese Haliburton","1610612754","Indiana Pacers",2023,"0022200825","20230208",2.1,32.05,FALSE
1630169,"Tyrese Haliburton","1610612754","Indiana Pacers",2023,"0022200825","20230208",-6.9,8.45,TRUE
1630169,"Tyrese Haliburton","1610612754","Indiana Pacers",2023,"0022200825","20230208",10.4,7.55,FALSE
1630169,"Tyrese Haliburton","1610612754","Indiana Pacers",2023,"0022200825","20230208",-23.3,7.95,TRUE
1630169,"Tyrese Haliburton","1610612754","Indiana Pacers",2023,"0022200825","20230208",-13.7,27.15,FALSE
1630169,"Tyrese Haliburton","1610612754","Indiana Pacers",2023,"0022200825","20230208",-23.7,13.25,FALSE
1630169,"Tyrese Haliburton","1610612754","Indiana Pacers",2023,"0022200825","20230208",-22.7,6.55,TRUE
1630169,"Tyrese Haliburton","1610612754","Indiana Pacers",2023,"0022200825","20230208",-19.9,23.05,FALSE
1630169,"Tyrese Haliburton","1610612754","Indiana Pacers",2023,"0022200836","20230210",-8.9,17.25,TRUE
1630169,"Tyrese Haliburton","1610612754","Indiana Pacers",2023,"0022200836","20230210",-2.5,7.75,TRUE
1630169,"Tyrese Haliburton","1610612754","Indiana Pacers",2023,"0022200836","20230210",-15.3,18.15,TRUE
1630169,"Tyrese Haliburton","1610612754","Indiana Pacers",2023,"0022200836","20230210",-10.4,28.25,FALSE
1630169,"Tyrese Haliburton","1610612754","Indiana Pacers",2023,"0022200836","20230210",-4.8,31.75,TRUE
1630169,"Tyrese Haliburton","1610612754","Indiana Pacers",2023,"0022200836","20230210",0.9,24.35,TRUE
1630169,"Tyrese Haliburton","1610612754","Indiana Pacers",2023,"0022200836","20230210",17.4,25.65,FALSE
1630169,"Tyrese Haliburton","1610612754","Indiana Pacers",2023,"0022200836","20230210",-2.3,5.65,TRUE
1630169,"Tyrese Haliburton","1610612754","Indiana Pacers",2023,"0022200836","20230210",-22.7,5.75,TRUE
1630169,"Tyrese Haliburton","1610612754","Indiana Pacers",2023,"0022200849","20230211",14.1,29.75,FALSE
1630169,"Tyrese Haliburton","1610612754","Indiana Pacers",2023,"0022200849","20230211",-1.7,6.05,TRUE
1630169,"Tyrese Haliburton","1610612754","Indiana Pacers",2023,"0022200849","20230211",-23.4,4.75,FALSE
1630169,"Tyrese Haliburton","1610612754","Indiana Pacers",2023,"0022200849","20230211",-19.9,23.45,TRUE
1630169,"Tyrese Haliburton","1610612754","Indiana Pacers",2023,"0022200849","20230211",-2,5.65,TRUE
1630169,"Tyrese Haliburton","1610612754","Indiana Pacers",2023,"0022200849","20230211",-18.3,7.65,FALSE
1630169,"Tyrese Haliburton","1610612754","Indiana Pacers",2023,"0022200849","20230211",16.7,27.25,TRUE
1630169,"Tyrese Haliburton","1610612754","Indiana Pacers",2023,"0022200849","20230211",1.1,9.95,FALSE
1630169,"Tyrese Haliburton","1610612754","Indiana Pacers",2023,"0022200849","20230211",-2.7,9.95,FALSE
1630169,"Tyrese Haliburton","1610612754","Indiana Pacers",2023,"0022200849","20230211",15.8,26.35,FALSE
1630169,"Tyrese Haliburton","1610612754","Indiana Pacers",2023,"0022200849","20230211",-9.6,9.65,FALSE
1630169,"Tyrese Haliburton","1610612754","Indiana Pacers",2023,"0022200849","20230211",13.5,27.45,TRUE
1630169,"Tyrese Haliburton","1610612754","Indiana Pacers",2023,"0022200849","20230211",2.3,5.65,TRUE
1630169,"Tyrese Haliburton","1610612754","Indiana Pacers",2023,"0022200849","20230211",-0.5,13.55,FALSE
1630169,"Tyrese Haliburton","1610612754","Indiana Pacers",2023,"0022200849","20230211",1.5,33.35,TRUE
1630169,"Tyrese Haliburton","1610612754","Indiana Pacers",2023,"0022200849","20230211",22.9,11.95,TRUE
1630169,"Tyrese Haliburton","1610612754","Indiana Pacers",2023,"0022200859","20230213",-1.1,31.95,TRUE
1630169,"Tyrese Haliburton","1610612754","Indiana Pacers",2023,"0022200859","20230213",-2.3,7.25,FALSE
1630169,"Tyrese Haliburton","1610612754","Indiana Pacers",2023,"0022200859","20230213",18.1,22.45,FALSE
1630169,"Tyrese Haliburton","1610612754","Indiana Pacers",2023,"0022200859","20230213",-19.6,5.85,FALSE
1630169,"Tyrese Haliburton","1610612754","Indiana Pacers",2023,"0022200859","20230213",-7.1,15.25,FALSE
1630169,"Tyrese Haliburton","1610612754","Indiana Pacers",2023,"0022200859","20230213",10.2,7.95,FALSE
1630169,"Tyrese Haliburton","1610612754","Indiana Pacers",2023,"0022200859","20230213",-1.2,17.95,FALSE
1630169,"Tyrese Haliburton","1610612754","Indiana Pacers",2023,"0022200859","20230213",2.2,6.25,TRUE
1630169,"Tyrese Haliburton","1610612754","Indiana Pacers",2023,"0022200859","20230213",-0.5,6.35,FALSE
1630169,"Tyrese Haliburton","1610612754","Indiana Pacers",2023,"0022200859","20230213",-3.1,6.25,TRUE
1630169,"Tyrese Haliburton","1610612754","Indiana Pacers",2023,"0022200859","20230213",-2.3,7.45,TRUE
1630169,"Tyrese Haliburton","1610612754","Indiana Pacers",2023,"0022200859","20230213",-2.1,7.05,TRUE
1630169,"Tyrese Haliburton","1610612754","Indiana Pacers",2023,"0022200859","20230213",-2.3,31.45,TRUE
1630169,"Tyrese Haliburton","1610612754","Indiana Pacers",2023,"0022200859","20230213",-7,23.65,TRUE
1630169,"Tyrese Haliburton","1610612754","Indiana Pacers",2023,"0022200859","20230213",23.4,5.65,FALSE
1630169,"Tyrese Haliburton","1610612754","Indiana Pacers",2023,"0022200859","20230213",-3.3,6.55,FALSE
1630169,"Tyrese Haliburton","1610612754","Indiana Pacers",2023,"0022200859","20230213",10.5,11.25,TRUE
1630169,"Tyrese Haliburton","1610612754","Indiana Pacers",2023,"0022200859","20230213",-1.7,6.55,TRUE
1630169,"Tyrese Haliburton","1610612754","Indiana Pacers",2023,"0022200859","20230213",-2.6,6.85,TRUE
1630169,"Tyrese Haliburton","1610612754","Indiana Pacers",2023,"0022200859","20230213",-1.6,6.45,TRUE
1630169,"Tyrese Haliburton","1610612754","Indiana Pacers",2023,"0022200859","20230213",0.6,31.65,FALSE
1630169,"Tyrese Haliburton","1610612754","Indiana Pacers",2023,"0022200859","20230213",-23.2,9.85,TRUE
1630169,"Tyrese Haliburton","1610612754","Indiana Pacers",2023,"0022200859","20230213",-17,24.15,FALSE
1630169,"Tyrese Haliburton","1610612754","Indiana Pacers",2023,"0022200859","20230213",-16.3,30.35,FALSE
1630169,"Tyrese Haliburton","1610612754","Indiana Pacers",2023,"0022200874","20230215",-14.7,18.35,FALSE
1630169,"Tyrese Haliburton","1610612754","Indiana Pacers",2023,"0022200874","20230215",-6.1,8.85,FALSE
1630169,"Tyrese Haliburton","1610612754","Indiana Pacers",2023,"0022200874","20230215",-15.8,24.95,FALSE
1630169,"Tyrese Haliburton","1610612754","Indiana Pacers",2023,"0022200874","20230215",2.1,5.75,TRUE
1630169,"Tyrese Haliburton","1610612754","Indiana Pacers",2023,"0022200874","20230215",-10,28.15,TRUE
1630169,"Tyrese Haliburton","1610612754","Indiana Pacers",2023,"0022200874","20230215",-2.2,22.95,FALSE
1630169,"Tyrese Haliburton","1610612754","Indiana Pacers",2023,"0022200874","20230215",2.5,10.45,FALSE
1630169,"Tyrese Haliburton","1610612754","Indiana Pacers",2023,"0022200874","20230215",-1.2,6.75,TRUE
1630169,"Tyrese Haliburton","1610612754","Indiana Pacers",2023,"0022200874","20230215",2.1,6.75,TRUE
1630169,"Tyrese Haliburton","1610612754","Indiana Pacers",2023,"0022200874","20230215",-2.7,8.15,FALSE
1630169,"Tyrese Haliburton","1610612754","Indiana Pacers",2023,"0022200874","20230215",-9.1,8.95,TRUE
1630169,"Tyrese Haliburton","1610612754","Indiana Pacers",2023,"0022200887","20230223",-22.9,11.75,FALSE
1630169,"Tyrese Haliburton","1610612754","Indiana Pacers",2023,"0022200887","20230223",-1.8,8.35,TRUE
1630169,"Tyrese Haliburton","1610612754","Indiana Pacers",2023,"0022200887","20230223",-3.8,32.65,FALSE
1630169,"Tyrese Haliburton","1610612754","Indiana Pacers",2023,"0022200887","20230223",-22.7,17.85,TRUE
1630169,"Tyrese Haliburton","1610612754","Indiana Pacers",2023,"0022200887","20230223",4,8.55,FALSE
1630169,"Tyrese Haliburton","1610612754","Indiana Pacers",2023,"0022200887","20230223",2.7,6.75,FALSE
1630169,"Tyrese Haliburton","1610612754","Indiana Pacers",2023,"0022200887","20230223",1.6,7.45,TRUE
1630169,"Tyrese Haliburton","1610612754","Indiana Pacers",2023,"0022200887","20230223",-2.2,6.95,TRUE
1630169,"Tyrese Haliburton","1610612754","Indiana Pacers",2023,"0022200887","20230223",-10.5,24.65,TRUE
1630169,"Tyrese Haliburton","1610612754","Indiana Pacers",2023,"0022200887","20230223",-1.7,33.75,TRUE
1630169,"Tyrese Haliburton","1610612754","Indiana Pacers",2023,"0022200887","20230223",0,32.45,TRUE
1630169,"Tyrese Haliburton","1610612754","Indiana Pacers",2023,"0022200887","20230223",-0.1,31.35,FALSE
1630169,"Tyrese Haliburton","1610612754","Indiana Pacers",2023,"0022200887","20230223",-2.7,33.05,FALSE
1630169,"Tyrese Haliburton","1610612754","Indiana Pacers",2023,"0022200887","20230223",-20.1,21.05,FALSE
1630169,"Tyrese Haliburton","1610612754","Indiana Pacers",2023,"0022200905","20230225",3.2,32.05,FALSE
1630169,"Tyrese Haliburton","1610612754","Indiana Pacers",2023,"0022200905","20230225",3.4,9.55,FALSE
1630169,"Tyrese Haliburton","1610612754","Indiana Pacers",2023,"0022200905","20230225",0.1,11.15,TRUE
1630169,"Tyrese Haliburton","1610612754","Indiana Pacers",2023,"0022200905","20230225",-3.4,7.45,TRUE
1630169,"Tyrese Haliburton","1610612754","Indiana Pacers",2023,"0022200905","20230225",13.8,26.25,TRUE
1630169,"Tyrese Haliburton","1610612754","Indiana Pacers",2023,"0022200905","20230225",6.1,21.95,FALSE
1630169,"Tyrese Haliburton","1610612754","Indiana Pacers",2023,"0022200905","20230225",-11.3,27.75,FALSE
1630169,"Tyrese Haliburton","1610612754","Indiana Pacers",2023,"0022200905","20230225",22.4,1.95,TRUE
1630169,"Tyrese Haliburton","1610612754","Indiana Pacers",2023,"0022200905","20230225",-1.7,5.15,TRUE
1630169,"Tyrese Haliburton","1610612754","Indiana Pacers",2023,"0022200929","20230228",-0.2,5.65,TRUE
1630169,"Tyrese Haliburton","1610612754","Indiana Pacers",2023,"0022200929","20230228",3.1,30.05,FALSE
1630169,"Tyrese Haliburton","1610612754","Indiana Pacers",2023,"0022200929","20230228",-6.5,10.35,FALSE
1630169,"Tyrese Haliburton","1610612754","Indiana Pacers",2023,"0022200929","20230228",6.4,31.25,FALSE
1630169,"Tyrese Haliburton","1610612754","Indiana Pacers",2023,"0022200929","20230228",-9.1,31.85,FALSE
1630169,"Tyrese Haliburton","1610612754","Indiana Pacers",2023,"0022200929","20230228",0.2,5.15,TRUE
1630169,"Tyrese Haliburton","1610612754","Indiana Pacers",2023,"0022200929","20230228",-4.8,7.35,TRUE
1630169,"Tyrese Haliburton","1610612754","Indiana Pacers",2023,"0022200929","20230228",16.4,20.05,TRUE
1630169,"Tyrese Haliburton","1610612754","Indiana Pacers",2023,"0022200929","20230228",-14.8,35.05,TRUE
1630169,"Tyrese Haliburton","1610612754","Indiana Pacers",2023,"0022200929","20230228",9.3,13.75,FALSE
1630169,"Tyrese Haliburton","1610612754","Indiana Pacers",2023,"0022200929","20230228",-4.9,7.35,TRUE
1630169,"Tyrese Haliburton","1610612754","Indiana Pacers",2023,"0022200929","20230228",-0.2,12.15,TRUE
1630169,"Tyrese Haliburton","1610612754","Indiana Pacers",2023,"0022200929","20230228",3.7,5.45,FALSE
1630169,"Tyrese Haliburton","1610612754","Indiana Pacers",2023,"0022200929","20230228",0,5.75,TRUE
1630169,"Tyrese Haliburton","1610612754","Indiana Pacers",2023,"0022200929","20230228",-19.6,20.45,TRUE
1630169,"Tyrese Haliburton","1610612754","Indiana Pacers",2023,"0022200929","20230228",4,14.75,FALSE
1630169,"Tyrese Haliburton","1610612754","Indiana Pacers",2023,"0022200929","20230228",5.1,30.05,FALSE
1630169,"Tyrese Haliburton","1610612754","Indiana Pacers",2023,"0022200929","20230228",-2.9,5.75,FALSE
1630169,"Tyrese Haliburton","1610612754","Indiana Pacers",2023,"0022200963","20230305",1.3,6.25,FALSE
1630169,"Tyrese Haliburton","1610612754","Indiana Pacers",2023,"0022200963","20230305",14.1,32.45,TRUE
1630169,"Tyrese Haliburton","1610612754","Indiana Pacers",2023,"0022200963","20230305",0.2,5.45,TRUE
1630169,"Tyrese Haliburton","1610612754","Indiana Pacers",2023,"0022200963","20230305",-14.7,26.45,TRUE
1630169,"Tyrese Haliburton","1610612754","Indiana Pacers",2023,"0022200963","20230305",0,5.85,TRUE
1630169,"Tyrese Haliburton","1610612754","Indiana Pacers",2023,"0022200963","20230305",14.1,26.95,TRUE
1630169,"Tyrese Haliburton","1610612754","Indiana Pacers",2023,"0022200963","20230305",-22.2,3.25,TRUE
1630169,"Tyrese Haliburton","1610612754","Indiana Pacers",2023,"0022200963","20230305",-2.5,6.05,FALSE
1630169,"Tyrese Haliburton","1610612754","Indiana Pacers",2023,"0022200963","20230305",-22.3,8.95,FALSE
1630169,"Tyrese Haliburton","1610612754","Indiana Pacers",2023,"0022200963","20230305",-17.4,30.95,TRUE
1630169,"Tyrese Haliburton","1610612754","Indiana Pacers",2023,"0022200963","20230305",-15.6,26.75,FALSE
1630169,"Tyrese Haliburton","1610612754","Indiana Pacers",2023,"0022200963","20230305",-1,4.85,TRUE
1630169,"Tyrese Haliburton","1610612754","Indiana Pacers",2023,"0022200963","20230305",1,18.75,TRUE
1630169,"Tyrese Haliburton","1610612754","Indiana Pacers",2023,"0022200963","20230305",14.1,26.15,FALSE
1630169,"Tyrese Haliburton","1610612754","Indiana Pacers",2023,"0022200963","20230305",-0.9,6.15,FALSE
1630169,"Tyrese Haliburton","1610612754","Indiana Pacers",2023,"0022200963","20230305",-9.7,22.55,TRUE
1630169,"Tyrese Haliburton","1610612754","Indiana Pacers",2023,"0022200963","20230305",6,34.75,TRUE
1630169,"Tyrese Haliburton","1610612754","Indiana Pacers",2023,"0022200972","20230306",-1.5,7.55,TRUE
1630169,"Tyrese Haliburton","1610612754","Indiana Pacers",2023,"0022200972","20230306",-0.4,5.15,FALSE
1630169,"Tyrese Haliburton","1610612754","Indiana Pacers",2023,"0022200972","20230306",-15.8,6.75,FALSE
1630169,"Tyrese Haliburton","1610612754","Indiana Pacers",2023,"0022200972","20230306",-10,29.95,FALSE
1630169,"Tyrese Haliburton","1610612754","Indiana Pacers",2023,"0022200972","20230306",-21.7,20.05,TRUE
1630169,"Tyrese Haliburton","1610612754","Indiana Pacers",2023,"0022200972","20230306",12.1,34.85,FALSE
1630169,"Tyrese Haliburton","1610612754","Indiana Pacers",2023,"0022200972","20230306",0.4,31.65,TRUE
1630169,"Tyrese Haliburton","1610612754","Indiana Pacers",2023,"0022200972","20230306",-0.4,6.75,TRUE
1630169,"Tyrese Haliburton","1610612754","Indiana Pacers",2023,"0022200972","20230306",-0.7,7.25,TRUE
1630169,"Tyrese Haliburton","1610612754","Indiana Pacers",2023,"0022200972","20230306",-13,9.95,TRUE
1630169,"Tyrese Haliburton","1610612754","Indiana Pacers",2023,"0022200972","20230306",-2,12.55,TRUE
1630169,"Tyrese Haliburton","1610612754","Indiana Pacers",2023,"0022200972","20230306",14.2,33.75,TRUE
1630169,"Tyrese Haliburton","1610612754","Indiana Pacers",2023,"0022200972","20230306",-14.1,29.15,FALSE
1630169,"Tyrese Haliburton","1610612754","Indiana Pacers",2023,"0022200972","20230306",-0.2,5.75,TRUE
1630169,"Tyrese Haliburton","1610612754","Indiana Pacers",2023,"0022200972","20230306",-15.4,29.75,FALSE
1630169,"Tyrese Haliburton","1610612754","Indiana Pacers",2023,"0022200972","20230306",-2.1,31.05,FALSE
1630169,"Tyrese Haliburton","1610612754","Indiana Pacers",2023,"0022200972","20230306",-19.1,26.35,TRUE
1630169,"Tyrese Haliburton","1610612754","Indiana Pacers",2023,"0022200972","20230306",-1.3,7.75,TRUE
1630169,"Tyrese Haliburton","1610612754","Indiana Pacers",2023,"0022200972","20230306",-12.3,33.65,TRUE
1630169,"Tyrese Haliburton","1610612754","Indiana Pacers",2023,"0022200993","20230309",15.8,24.55,FALSE
1630169,"Tyrese Haliburton","1610612754","Indiana Pacers",2023,"0022200993","20230309",9.2,30.05,FALSE
1630169,"Tyrese Haliburton","1610612754","Indiana Pacers",2023,"0022200993","20230309",-2,7.35,TRUE
1630169,"Tyrese Haliburton","1610612754","Indiana Pacers",2023,"0022200993","20230309",-21.1,20.05,FALSE
1630169,"Tyrese Haliburton","1610612754","Indiana Pacers",2023,"0022200993","20230309",-5.5,32.45,FALSE
1630169,"Tyrese Haliburton","1610612754","Indiana Pacers",2023,"0022200993","20230309",-2,5.35,TRUE
1630169,"Tyrese Haliburton","1610612754","Indiana Pacers",2023,"0022200993","20230309",2.5,12.35,TRUE
1630169,"Tyrese Haliburton","1610612754","Indiana Pacers",2023,"0022200993","20230309",-1.3,7.35,TRUE
1630169,"Tyrese Haliburton","1610612754","Indiana Pacers",2023,"0022200993","20230309",-15.6,29.75,FALSE
1630169,"Tyrese Haliburton","1610612754","Indiana Pacers",2023,"0022200993","20230309",-2.5,7.45,FALSE
1630169,"Tyrese Haliburton","1610612754","Indiana Pacers",2023,"0022200993","20230309",2.5,6.35,TRUE
1630169,"Tyrese Haliburton","1610612754","Indiana Pacers",2023,"0022200993","20230309",-13.2,27.25,FALSE
1630169,"Tyrese Haliburton","1610612754","Indiana Pacers",2023,"0022200993","20230309",-2.3,17.65,FALSE
1630169,"Tyrese Haliburton","1610612754","Indiana Pacers",2023,"0022200993","20230309",-2.3,8.35,FALSE
1630169,"Tyrese Haliburton","1610612754","Indiana Pacers",2023,"0022200993","20230309",-6.4,30.95,FALSE
1630169,"Tyrese Haliburton","1610612754","Indiana Pacers",2023,"0022200993","20230309",-1.1,6.85,FALSE
1630169,"Tyrese Haliburton","1610612754","Indiana Pacers",2023,"0022200993","20230309",-1.3,5.55,TRUE
1630169,"Tyrese Haliburton","1610612754","Indiana Pacers",2023,"0022200993","20230309",6.7,32.05,TRUE
1630169,"Tyrese Haliburton","1610612754","Indiana Pacers",2023,"0022200993","20230309",0,6.35,TRUE
1630169,"Tyrese Haliburton","1610612754","Indiana Pacers",2023,"0022200993","20230309",10.3,28.75,TRUE
1630169,"Tyrese Haliburton","1610612754","Indiana Pacers",2023,"0022201097","20230324",-9.1,31.55,FALSE
1630169,"Tyrese Haliburton","1610612754","Indiana Pacers",2023,"0022201097","20230324",-2.1,8.85,TRUE
1630169,"Tyrese Haliburton","1610612754","Indiana Pacers",2023,"0022201097","20230324",-5.3,11.85,FALSE
1630169,"Tyrese Haliburton","1610612754","Indiana Pacers",2023,"0022201097","20230324",-1.5,9.25,TRUE
1630169,"Tyrese Haliburton","1610612754","Indiana Pacers",2023,"0022201097","20230324",1.7,6.95,TRUE
1630169,"Tyrese Haliburton","1610612754","Indiana Pacers",2023,"0022201097","20230324",-15.2,26.85,FALSE
1630169,"Tyrese Haliburton","1610612754","Indiana Pacers",2023,"0022201097","20230324",7,15.05,TRUE
1630169,"Tyrese Haliburton","1610612754","Indiana Pacers",2023,"0022201097","20230324",-13.4,31.65,FALSE
1630169,"Tyrese Haliburton","1610612754","Indiana Pacers",2023,"0022201097","20230324",1.5,15.95,TRUE
1630169,"Tyrese Haliburton","1610612754","Indiana Pacers",2023,"0022201097","20230324",-3.3,8.85,TRUE
1630169,"Tyrese Haliburton","1610612754","Indiana Pacers",2023,"0022201097","20230324",21.4,18.25,TRUE
1630169,"Tyrese Haliburton","1610612754","Indiana Pacers",2023,"0022201097","20230324",3.8,31.75,FALSE
1630169,"Tyrese Haliburton","1610612754","Indiana Pacers",2023,"0022201097","20230324",7,17.75,FALSE
1630169,"Tyrese Haliburton","1610612754","Indiana Pacers",2023,"0022201107","20230325",-8.5,29.45,FALSE
1630169,"Tyrese Haliburton","1610612754","Indiana Pacers",2023,"0022201107","20230325",-0.6,6.25,FALSE
1630169,"Tyrese Haliburton","1610612754","Indiana Pacers",2023,"0022201107","20230325",0.4,6.15,TRUE
1630169,"Tyrese Haliburton","1610612754","Indiana Pacers",2023,"0022201107","20230325",0,6.05,TRUE
1630169,"Tyrese Haliburton","1610612754","Indiana Pacers",2023,"0022201107","20230325",10.3,29.25,FALSE
1630169,"Tyrese Haliburton","1610612754","Indiana Pacers",2023,"0022201107","20230325",-2.9,7.15,FALSE
1630169,"Tyrese Haliburton","1610612754","Indiana Pacers",2023,"0022201107","20230325",-1.1,6.25,TRUE
1630169,"Tyrese Haliburton","1610612754","Indiana Pacers",2023,"0022201107","20230325",-10.7,19.55,TRUE
1630169,"Tyrese Haliburton","1610612754","Indiana Pacers",2023,"0022201107","20230325",-22.8,14.05,FALSE
1630169,"Tyrese Haliburton","1610612754","Indiana Pacers",2023,"0022201107","20230325",13.5,28.35,TRUE
1630169,"Tyrese Haliburton","1610612754","Indiana Pacers",2023,"0022201107","20230325",0.5,5.75,FALSE
1630169,"Tyrese Haliburton","1610612754","Indiana Pacers",2023,"0022201107","20230325",0.4,5.35,TRUE
1630169,"Tyrese Haliburton","1610612754","Indiana Pacers",2023,"0022201107","20230325",11.5,26.95,TRUE
1630169,"Tyrese Haliburton","1610612754","Indiana Pacers",2024,"0022300001","20231103",12.9,29.15,FALSE
1630169,"Tyrese Haliburton","1610612754","Indiana Pacers",2024,"0022300001","20231103",8.5,9.45,FALSE
1630169,"Tyrese Haliburton","1610612754","Indiana Pacers",2024,"0022300001","20231103",-2.5,8.95,FALSE
1630169,"Tyrese Haliburton","1610612754","Indiana Pacers",2024,"0022300001","20231103",5.1,32.15,FALSE
1630169,"Tyrese Haliburton","1610612754","Indiana Pacers",2024,"0022300001","20231103",-2,6.25,TRUE
1630169,"Tyrese Haliburton","1610612754","Indiana Pacers",2024,"0022300001","20231103",-11.8,17.25,FALSE
1630169,"Tyrese Haliburton","1610612754","Indiana Pacers",2024,"0022300001","20231103",3.1,10.45,TRUE
1630169,"Tyrese Haliburton","1610612754","Indiana Pacers",2024,"0022300001","20231103",-8.8,28.15,FALSE
1630169,"Tyrese Haliburton","1610612754","Indiana Pacers",2024,"0022300001","20231103",-11,15.05,TRUE
1630169,"Tyrese Haliburton","1610612754","Indiana Pacers",2024,"0022300001","20231103",21.7,17.15,FALSE
1630169,"Tyrese Haliburton","1610612754","Indiana Pacers",2024,"0022300001","20231103",16.3,25.75,FALSE
1630169,"Tyrese Haliburton","1610612754","Indiana Pacers",2024,"0022300001","20231103",7.6,16.75,TRUE
1630169,"Tyrese Haliburton","1610612754","Indiana Pacers",2024,"0022300001","20231103",2.9,7.15,FALSE
1630169,"Tyrese Haliburton","1610612754","Indiana Pacers",2024,"0022300001","20231103",-10.3,25.55,TRUE
1630169,"Tyrese Haliburton","1610612754","Indiana Pacers",2024,"0022300019","20231114",7.1,30.25,TRUE
1630169,"Tyrese Haliburton","1610612754","Indiana Pacers",2024,"0022300019","20231114",0.7,32.45,TRUE
1630169,"Tyrese Haliburton","1610612754","Indiana Pacers",2024,"0022300019","20231114",-10.7,29.55,TRUE
1630169,"Tyrese Haliburton","1610612754","Indiana Pacers",2024,"0022300019","20231114",14.6,27.15,TRUE
1630169,"Tyrese Haliburton","1610612754","Indiana Pacers",2024,"0022300019","20231114",-0.7,9.35,TRUE
1630169,"Tyrese Haliburton","1610612754","Indiana Pacers",2024,"0022300019","20231114",-13.6,28.75,FALSE
1630169,"Tyrese Haliburton","1610612754","Indiana Pacers",2024,"0022300019","20231114",-13.2,28.85,TRUE
1630169,"Tyrese Haliburton","1610612754","Indiana Pacers",2024,"0022300019","20231114",-7.4,22.65,FALSE
1630169,"Tyrese Haliburton","1610612754","Indiana Pacers",2024,"0022300019","20231114",6.5,31.95,TRUE
1630169,"Tyrese Haliburton","1610612754","Indiana Pacers",2024,"0022300019","20231114",11.2,32.35,FALSE
1630169,"Tyrese Haliburton","1610612754","Indiana Pacers",2024,"0022300019","20231114",5.9,26.35,TRUE
1630169,"Tyrese Haliburton","1610612754","Indiana Pacers",2024,"0022300019","20231114",-2.8,14.25,TRUE
1630169,"Tyrese Haliburton","1610612754","Indiana Pacers",2024,"0022300019","20231114",0.4,33.05,FALSE
1630169,"Tyrese Haliburton","1610612754","Indiana Pacers",2024,"0022300019","20231114",-7.7,32.65,FALSE
1630169,"Tyrese Haliburton","1610612754","Indiana Pacers",2024,"0022300019","20231114",0,5.25,FALSE
1630169,"Tyrese Haliburton","1610612754","Indiana Pacers",2024,"0022300019","20231114",-2.5,7.95,TRUE
1630169,"Tyrese Haliburton","1610612754","Indiana Pacers",2024,"0022300019","20231114",-12.6,29.45,FALSE
1630169,"Tyrese Haliburton","1610612754","Indiana Pacers",2024,"0022300019","20231114",15.9,26.35,TRUE
1630169,"Tyrese Haliburton","1610612754","Indiana Pacers",2024,"0022300039","20231121",15.6,28.05,TRUE
1630169,"Tyrese Haliburton","1610612754","Indiana Pacers",2024,"0022300039","20231121",6.5,29.85,FALSE
1630169,"Tyrese Haliburton","1610612754","Indiana Pacers",2024,"0022300039","20231121",9.4,29.95,FALSE
1630169,"Tyrese Haliburton","1610612754","Indiana Pacers",2024,"0022300039","20231121",-14.1,4.85,TRUE
1630169,"Tyrese Haliburton","1610612754","Indiana Pacers",2024,"0022300039","20231121",-17.2,23.05,TRUE
1630169,"Tyrese Haliburton","1610612754","Indiana Pacers",2024,"0022300039","20231121",-16.1,26.65,FALSE
1630169,"Tyrese Haliburton","1610612754","Indiana Pacers",2024,"0022300039","20231121",1.1,6.95,FALSE
1630169,"Tyrese Haliburton","1610612754","Indiana Pacers",2024,"0022300039","20231121",4.2,35.25,FALSE
1630169,"Tyrese Haliburton","1610612754","Indiana Pacers",2024,"0022300039","20231121",9.7,28.25,TRUE
1630169,"Tyrese Haliburton","1610612754","Indiana Pacers",2024,"0022300039","20231121",14.2,25.85,TRUE
1630169,"Tyrese Haliburton","1610612754","Indiana Pacers",2024,"0022300039","20231121",-14.5,27.95,TRUE
1630169,"Tyrese Haliburton","1610612754","Indiana Pacers",2024,"0022300039","20231121",-3.1,11.45,TRUE
1630169,"Tyrese Haliburton","1610612754","Indiana Pacers",2024,"0022300039","20231121",-17.5,23.25,TRUE
1630169,"Tyrese Haliburton","1610612754","Indiana Pacers",2024,"0022300039","20231121",11.3,28.45,TRUE
1630169,"Tyrese Haliburton","1610612754","Indiana Pacers",2024,"0022300039","20231121",10.5,29.55,FALSE
1630169,"Tyrese Haliburton","1610612754","Indiana Pacers",2024,"0022300039","20231121",-17.2,24.25,TRUE
1630169,"Tyrese Haliburton","1610612754","Indiana Pacers",2024,"0022300039","20231121",11.5,27.65,TRUE
1630169,"Tyrese Haliburton","1610612754","Indiana Pacers",2024,"0022300039","20231121",13.4,27.15,FALSE
1630169,"Tyrese Haliburton","1610612754","Indiana Pacers",2024,"0022300047","20231124",2.1,8.35,FALSE
1630169,"Tyrese Haliburton","1610612754","Indiana Pacers",2024,"0022300047","20231124",-8.7,30.55,FALSE
1630169,"Tyrese Haliburton","1610612754","Indiana Pacers",2024,"0022300047","20231124",-12.9,9.75,FALSE
1630169,"Tyrese Haliburton","1610612754","Indiana Pacers",2024,"0022300047","20231124",-2.3,30.85,FALSE
1630169,"Tyrese Haliburton","1610612754","Indiana Pacers",2024,"0022300047","20231124",2.8,8.25,TRUE
1630169,"Tyrese Haliburton","1610612754","Indiana Pacers",2024,"0022300047","20231124",-3.4,7.95,TRUE
1630169,"Tyrese Haliburton","1610612754","Indiana Pacers",2024,"0022300047","20231124",-18.9,24.95,TRUE
1630169,"Tyrese Haliburton","1610612754","Indiana Pacers",2024,"0022300047","20231124",-16.9,24.95,TRUE
1630169,"Tyrese Haliburton","1610612754","Indiana Pacers",2024,"0022300047","20231124",6,31.45,FALSE
1630169,"Tyrese Haliburton","1610612754","Indiana Pacers",2024,"0022300047","20231124",13.5,28.85,FALSE
1630169,"Tyrese Haliburton","1610612754","Indiana Pacers",2024,"0022300047","20231124",12.1,11.55,FALSE
1630169,"Tyrese Haliburton","1610612754","Indiana Pacers",2024,"0022300047","20231124",-15.7,25.75,FALSE
1630169,"Tyrese Haliburton","1610612754","Indiana Pacers",2024,"0022300047","20231124",20.5,20.05,TRUE
1630169,"Tyrese Haliburton","1610612754","Indiana Pacers",2024,"0022300047","20231124",-2.6,6.75,FALSE
1630169,"Tyrese Haliburton","1610612754","Indiana Pacers",2024,"0022300047","20231124",17.3,29.45,FALSE
1630169,"Tyrese Haliburton","1610612754","Indiana Pacers",2024,"0022300047","20231124",-3.4,9.35,FALSE
1630169,"Tyrese Haliburton","1610612754","Indiana Pacers",2024,"0022300047","20231124",-1.7,32.45,TRUE
1630169,"Tyrese Haliburton","1610612754","Indiana Pacers",2024,"0022300047","20231124",-3.3,11.65,TRUE
1630169,"Tyrese Haliburton","1610612754","Indiana Pacers",2024,"0022300047","20231124",2,7.45,FALSE
1630169,"Tyrese Haliburton","1610612754","Indiana Pacers",2024,"0022300047","20231124",-3.3,32.05,FALSE
1630169,"Tyrese Haliburton","1610612754","Indiana Pacers",2024,"0022300047","20231124",-12.9,27.05,FALSE
1630169,"Tyrese Haliburton","1610612754","Indiana Pacers",2024,"0022300047","20231124",-20.3,20.35,TRUE
1630169,"Tyrese Haliburton","1610612754","Indiana Pacers",2024,"0022300047","20231124",-0.9,6.25,TRUE
1630169,"Tyrese Haliburton","1610612754","Indiana Pacers",2024,"0022300064","20231025",-11.4,18.25,TRUE
1630169,"Tyrese Haliburton","1610612754","Indiana Pacers",2024,"0022300064","20231025",15.6,25.15,TRUE
1630169,"Tyrese Haliburton","1610612754","Indiana Pacers",2024,"0022300064","20231025",-20,21.55,FALSE
1630169,"Tyrese Haliburton","1610612754","Indiana Pacers",2024,"0022300064","20231025",12,27.65,FALSE
1630169,"Tyrese Haliburton","1610612754","Indiana Pacers",2024,"0022300064","20231025",-0.6,5.75,TRUE
1630169,"Tyrese Haliburton","1610612754","Indiana Pacers",2024,"0022300064","20231025",-1.8,8.05,TRUE
1630169,"Tyrese Haliburton","1610612754","Indiana Pacers",2024,"0022300064","20231025",-5.1,9.65,FALSE
1630169,"Tyrese Haliburton","1610612754","Indiana Pacers",2024,"0022300064","20231025",-1.1,17.95,TRUE
1630169,"Tyrese Haliburton","1610612754","Indiana Pacers",2024,"0022300064","20231025",-3.1,9.55,TRUE
1630169,"Tyrese Haliburton","1610612754","Indiana Pacers",2024,"0022300064","20231025",-22.4,4.45,FALSE
1630169,"Tyrese Haliburton","1610612754","Indiana Pacers",2024,"0022300064","20231025",-24.3,9.85,TRUE
1630169,"Tyrese Haliburton","1610612754","Indiana Pacers",2024,"0022300064","20231025",17.4,7.75,FALSE
1630169,"Tyrese Haliburton","1610612754","Indiana Pacers",2024,"0022300064","20231025",-11,23.15,TRUE
1630169,"Tyrese Haliburton","1610612754","Indiana Pacers",2024,"0022300064","20231025",-1.3,5.95,TRUE
1630169,"Tyrese Haliburton","1610612754","Indiana Pacers",2024,"0022300064","20231025",-12.7,30.05,FALSE
1630169,"Tyrese Haliburton","1610612754","Indiana Pacers",2024,"0022300064","20231025",1,13.75,FALSE
1630169,"Tyrese Haliburton","1610612754","Indiana Pacers",2024,"0022300091","20231028",-13.5,21.05,FALSE
1630169,"Tyrese Haliburton","1610612754","Indiana Pacers",2024,"0022300091","20231028",-1.5,6.35,FALSE
1630169,"Tyrese Haliburton","1610612754","Indiana Pacers",2024,"0022300091","20231028",-14.2,27.25,FALSE
1630169,"Tyrese Haliburton","1610612754","Indiana Pacers",2024,"0022300091","20231028",-22.9,14.65,FALSE
1630169,"Tyrese Haliburton","1610612754","Indiana Pacers",2024,"0022300091","20231028",-0.1,5.25,TRUE
1630169,"Tyrese Haliburton","1610612754","Indiana Pacers",2024,"0022300091","20231028",5.5,8.05,FALSE
1630169,"Tyrese Haliburton","1610612754","Indiana Pacers",2024,"0022300091","20231028",-19,22.85,TRUE
1630169,"Tyrese Haliburton","1610612754","Indiana Pacers",2024,"0022300091","20231028",5.8,9.35,FALSE
1630169,"Tyrese Haliburton","1610612754","Indiana Pacers",2024,"0022300091","20231028",1,5.75,FALSE
1630169,"Tyrese Haliburton","1610612754","Indiana Pacers",2024,"0022300091","20231028",-15.7,27.95,FALSE
1630169,"Tyrese Haliburton","1610612754","Indiana Pacers",2024,"0022300091","20231028",0.4,6.15,TRUE
1630169,"Tyrese Haliburton","1610612754","Indiana Pacers",2024,"0022300091","20231028",0.4,7.35,TRUE
1630169,"Tyrese Haliburton","1610612754","Indiana Pacers",2024,"0022300091","20231028",-10.9,29.75,TRUE
1630169,"Tyrese Haliburton","1610612754","Indiana Pacers",2024,"0022300091","20231028",-17.5,25.75,TRUE
1630169,"Tyrese Haliburton","1610612754","Indiana Pacers",2024,"0022300091","20231028",-18.4,24.75,TRUE
1630169,"Tyrese Haliburton","1610612754","Indiana Pacers",2024,"0022300091","20231028",-1.2,6.65,FALSE
1630169,"Tyrese Haliburton","1610612754","Indiana Pacers",2024,"0022300102","20231030",-9.1,31.05,FALSE
1630169,"Tyrese Haliburton","1610612754","Indiana Pacers",2024,"0022300102","20231030",1,18.75,FALSE
1630169,"Tyrese Haliburton","1610612754","Indiana Pacers",2024,"0022300102","20231030",-3.6,35.05,FALSE
1630169,"Tyrese Haliburton","1610612754","Indiana Pacers",2024,"0022300102","20231030",-2,8.65,TRUE
1630169,"Tyrese Haliburton","1610612754","Indiana Pacers",2024,"0022300102","20231030",-15.6,25.65,TRUE
1630169,"Tyrese Haliburton","1610612754","Indiana Pacers",2024,"0022300102","20231030",-18.5,25.25,FALSE
1630169,"Tyrese Haliburton","1610612754","Indiana Pacers",2024,"0022300102","20231030",-14.7,29.55,FALSE
1630169,"Tyrese Haliburton","1610612754","Indiana Pacers",2024,"0022300102","20231030",10.9,7.45,FALSE
1630169,"Tyrese Haliburton","1610612754","Indiana Pacers",2024,"0022300102","20231030",-10.5,9.55,TRUE
1630169,"Tyrese Haliburton","1610612754","Indiana Pacers",2024,"0022300102","20231030",-2,5.65,TRUE
1630169,"Tyrese Haliburton","1610612754","Indiana Pacers",2024,"0022300102","20231030",17.8,26.95,FALSE
1630169,"Tyrese Haliburton","1610612754","Indiana Pacers",2024,"0022300102","20231030",1.5,7.05,TRUE
1630169,"Tyrese Haliburton","1610612754","Indiana Pacers",2024,"0022300102","20231030",0,8.15,TRUE
1630169,"Tyrese Haliburton","1610612754","Indiana Pacers",2024,"0022300102","20231030",-3.7,12.75,FALSE
1630169,"Tyrese Haliburton","1610612754","Indiana Pacers",2024,"0022300102","20231030",15.1,26.85,FALSE
1630169,"Tyrese Haliburton","1610612754","Indiana Pacers",2024,"0022300102","20231030",-18.8,23.35,FALSE
1630169,"Tyrese Haliburton","1610612754","Indiana Pacers",2024,"0022300133","20231104",-8.5,31.95,FALSE
1630169,"Tyrese Haliburton","1610612754","Indiana Pacers",2024,"0022300133","20231104",10,11.55,FALSE
1630169,"Tyrese Haliburton","1610612754","Indiana Pacers",2024,"0022300133","20231104",-1.3,6.15,FALSE
1630169,"Tyrese Haliburton","1610612754","Indiana Pacers",2024,"0022300133","20231104",0.9,30.45,FALSE
1630169,"Tyrese Haliburton","1610612754","Indiana Pacers",2024,"0022300133","20231104",-0.6,22.45,TRUE
1630169,"Tyrese Haliburton","1610612754","Indiana Pacers",2024,"0022300133","20231104",-1.5,10.45,TRUE
1630169,"Tyrese Haliburton","1610612754","Indiana Pacers",2024,"0022300133","20231104",-3.6,13.65,TRUE
1630169,"Tyrese Haliburton","1610612754","Indiana Pacers",2024,"0022300133","20231104",-19.2,21.85,TRUE
1630169,"Tyrese Haliburton","1610612754","Indiana Pacers",2024,"0022300133","20231104",15.1,28.25,TRUE
1630169,"Tyrese Haliburton","1610612754","Indiana Pacers",2024,"0022300133","20231104",-0.5,32.05,TRUE
1630169,"Tyrese Haliburton","1610612754","Indiana Pacers",2024,"0022300133","20231104",-7.6,30.85,TRUE
1630169,"Tyrese Haliburton","1610612754","Indiana Pacers",2024,"0022300133","20231104",-22.1,16.35,TRUE
1630169,"Tyrese Haliburton","1610612754","Indiana Pacers",2024,"0022300133","20231104",1.2,6.45,FALSE
1630169,"Tyrese Haliburton","1610612754","Indiana Pacers",2024,"0022300133","20231104",-2.2,6.75,TRUE
1630169,"Tyrese Haliburton","1610612754","Indiana Pacers",2024,"0022300133","20231104",-16.5,27.75,TRUE
1630169,"Tyrese Haliburton","1610612754","Indiana Pacers",2024,"0022300133","20231104",16.3,30.65,TRUE
1630169,"Tyrese Haliburton","1610612754","Indiana Pacers",2024,"0022300133","20231104",-22.3,17.25,FALSE
1630169,"Tyrese Haliburton","1610612754","Indiana Pacers",2024,"0022300133","20231104",-0.4,9.55,TRUE
1630169,"Tyrese Haliburton","1610612754","Indiana Pacers",2024,"0022300133","20231104",6.7,33.25,FALSE
1630169,"Tyrese Haliburton","1610612754","Indiana Pacers",2024,"0022300133","20231104",-12.3,15.95,TRUE
1630169,"Tyrese Haliburton","1610612754","Indiana Pacers",2024,"0022300133","20231104",5.1,37.15,TRUE
1630169,"Tyrese Haliburton","1610612754","Indiana Pacers",2024,"0022300146","20231106",-9.4,8.85,TRUE
1630169,"Tyrese Haliburton","1610612754","Indiana Pacers",2024,"0022300146","20231106",-2.6,6.55,FALSE
1630169,"Tyrese Haliburton","1610612754","Indiana Pacers",2024,"0022300146","20231106",-2.1,8.85,TRUE
1630169,"Tyrese Haliburton","1610612754","Indiana Pacers",2024,"0022300146","20231106",-2.5,6.35,FALSE
1630169,"Tyrese Haliburton","1610612754","Indiana Pacers",2024,"0022300146","20231106",-22.4,14.05,TRUE
1630169,"Tyrese Haliburton","1610612754","Indiana Pacers",2024,"0022300146","20231106",16.3,24.55,FALSE
1630169,"Tyrese Haliburton","1610612754","Indiana Pacers",2024,"0022300146","20231106",-1.3,6.45,FALSE
1630169,"Tyrese Haliburton","1610612754","Indiana Pacers",2024,"0022300146","20231106",0.4,28.55,TRUE
1630169,"Tyrese Haliburton","1610612754","Indiana Pacers",2024,"0022300146","20231106",3.4,30.85,TRUE
1630169,"Tyrese Haliburton","1610612754","Indiana Pacers",2024,"0022300146","20231106",-21.9,17.45,TRUE
1630169,"Tyrese Haliburton","1610612754","Indiana Pacers",2024,"0022300146","20231106",-14.1,15.65,TRUE
1630169,"Tyrese Haliburton","1610612754","Indiana Pacers",2024,"0022300146","20231106",-11.2,9.85,TRUE
1630169,"Tyrese Haliburton","1610612754","Indiana Pacers",2024,"0022300146","20231106",-16.3,24.65,FALSE
1630169,"Tyrese Haliburton","1610612754","Indiana Pacers",2024,"0022300146","20231106",-2.8,7.25,FALSE
1630169,"Tyrese Haliburton","1610612754","Indiana Pacers",2024,"0022300146","20231106",-14,13.75,FALSE
1630169,"Tyrese Haliburton","1610612754","Indiana Pacers",2024,"0022300146","20231106",20.8,20.85,FALSE
1630169,"Tyrese Haliburton","1610612754","Indiana Pacers",2024,"0022300146","20231106",3.7,17.95,FALSE
1630169,"Tyrese Haliburton","1610612754","Indiana Pacers",2024,"0022300146","20231106",-2.8,5.85,TRUE
1630169,"Tyrese Haliburton","1610612754","Indiana Pacers",2024,"0022300146","20231106",-13.5,29.15,FALSE
1630169,"Tyrese Haliburton","1610612754","Indiana Pacers",2024,"0022300158","20231108",-15.3,5.65,FALSE
1630169,"Tyrese Haliburton","1610612754","Indiana Pacers",2024,"0022300158","20231108",-19.1,25.85,FALSE
1630169,"Tyrese Haliburton","1610612754","Indiana Pacers",2024,"0022300158","20231108",1.5,16.15,TRUE
1630169,"Tyrese Haliburton","1610612754","Indiana Pacers",2024,"0022300158","20231108",2.8,30.45,FALSE
1630169,"Tyrese Haliburton","1610612754","Indiana Pacers",2024,"0022300158","20231108",9.6,15.15,TRUE
1630169,"Tyrese Haliburton","1610612754","Indiana Pacers",2024,"0022300158","20231108",-22.3,5.85,TRUE
1630169,"Tyrese Haliburton","1610612754","Indiana Pacers",2024,"0022300158","20231108",-11.5,33.75,FALSE
1630169,"Tyrese Haliburton","1610612754","Indiana Pacers",2024,"0022300158","20231108",-2.3,7.25,TRUE
1630169,"Tyrese Haliburton","1610612754","Indiana Pacers",2024,"0022300158","20231108",-4.8,9.55,TRUE
1630169,"Tyrese Haliburton","1610612754","Indiana Pacers",2024,"0022300158","20231108",-23.8,18.55,FALSE
1630169,"Tyrese Haliburton","1610612754","Indiana Pacers",2024,"0022300158","20231108",-1,30.85,FALSE
1630169,"Tyrese Haliburton","1610612754","Indiana Pacers",2024,"0022300158","20231108",-2.1,5.65,TRUE
1630169,"Tyrese Haliburton","1610612754","Indiana Pacers",2024,"0022300171","20231109",12.6,28.45,FALSE
1630169,"Tyrese Haliburton","1610612754","Indiana Pacers",2024,"0022300171","20231109",0,18.45,TRUE
1630169,"Tyrese Haliburton","1610612754","Indiana Pacers",2024,"0022300171","20231109",0.5,6.15,TRUE
1630169,"Tyrese Haliburton","1610612754","Indiana Pacers",2024,"0022300171","20231109",-1.6,31.05,TRUE
1630169,"Tyrese Haliburton","1610612754","Indiana Pacers",2024,"0022300171","20231109",20.7,21.05,TRUE
1630169,"Tyrese Haliburton","1610612754","Indiana Pacers",2024,"0022300171","20231109",-9.6,10.95,FALSE
1630169,"Tyrese Haliburton","1610612754","Indiana Pacers",2024,"0022300171","20231109",0.5,32.45,FALSE
1630169,"Tyrese Haliburton","1610612754","Indiana Pacers",2024,"0022300171","20231109",-11.9,31.45,TRUE
1630169,"Tyrese Haliburton","1610612754","Indiana Pacers",2024,"0022300171","20231109",-2.2,6.35,TRUE
1630169,"Tyrese Haliburton","1610612754","Indiana Pacers",2024,"0022300171","20231109",-17.4,15.45,FALSE
1630169,"Tyrese Haliburton","1610612754","Indiana Pacers",2024,"0022300171","20231109",13.7,7.95,FALSE
1630169,"Tyrese Haliburton","1610612754","Indiana Pacers",2024,"0022300171","20231109",8.5,29.95,FALSE
1630169,"Tyrese Haliburton","1610612754","Indiana Pacers",2024,"0022300171","20231109",-2.5,30.35,FALSE
1630169,"Tyrese Haliburton","1610612754","Indiana Pacers",2024,"0022300171","20231109",-2.3,6.35,TRUE
1630169,"Tyrese Haliburton","1610612754","Indiana Pacers",2024,"0022300171","20231109",-3.9,34.25,TRUE
1630169,"Tyrese Haliburton","1610612754","Indiana Pacers",2024,"0022300171","20231109",2.6,6.45,TRUE
1630169,"Tyrese Haliburton","1610612754","Indiana Pacers",2024,"0022300171","20231109",-20.1,22.45,TRUE
1630169,"Tyrese Haliburton","1610612754","Indiana Pacers",2024,"0022300180","20231112",12.5,21.55,FALSE
1630169,"Tyrese Haliburton","1610612754","Indiana Pacers",2024,"0022300180","20231112",-10.5,17.25,TRUE
1630169,"Tyrese Haliburton","1610612754","Indiana Pacers",2024,"0022300180","20231112",-1.1,6.95,TRUE
1630169,"Tyrese Haliburton","1610612754","Indiana Pacers",2024,"0022300180","20231112",-1,6.95,FALSE
1630169,"Tyrese Haliburton","1610612754","Indiana Pacers",2024,"0022300180","20231112",-0.1,9.45,TRUE
1630169,"Tyrese Haliburton","1610612754","Indiana Pacers",2024,"0022300180","20231112",-7.4,17.25,TRUE
1630169,"Tyrese Haliburton","1610612754","Indiana Pacers",2024,"0022300180","20231112",-8.5,31.55,TRUE
1630169,"Tyrese Haliburton","1610612754","Indiana Pacers",2024,"0022300180","20231112",-1.2,6.55,TRUE
1630169,"Tyrese Haliburton","1610612754","Indiana Pacers",2024,"0022300180","20231112",-11.3,29.95,TRUE
1630169,"Tyrese Haliburton","1610612754","Indiana Pacers",2024,"0022300180","20231112",-6.7,28.45,TRUE
1630169,"Tyrese Haliburton","1610612754","Indiana Pacers",2024,"0022300180","20231112",-1.2,30.85,FALSE
1630169,"Tyrese Haliburton","1610612754","Indiana Pacers",2024,"0022300180","20231112",-19.4,23.55,FALSE
1630169,"Tyrese Haliburton","1610612754","Indiana Pacers",2024,"0022300180","20231112",-0.6,6.15,TRUE
1630169,"Tyrese Haliburton","1610612754","Indiana Pacers",2024,"0022300180","20231112",-1.3,34.95,FALSE
1630169,"Tyrese Haliburton","1610612754","Indiana Pacers",2024,"0022300209","20231119",1.7,31.15,FALSE
1630169,"Tyrese Haliburton","1610612754","Indiana Pacers",2024,"0022300209","20231119",-0.9,5.75,FALSE
1630169,"Tyrese Haliburton","1610612754","Indiana Pacers",2024,"0022300209","20231119",-0.7,5.65,FALSE
1630169,"Tyrese Haliburton","1610612754","Indiana Pacers",2024,"0022300209","20231119",-0.2,6.05,FALSE
1630169,"Tyrese Haliburton","1610612754","Indiana Pacers",2024,"0022300209","20231119",-0.9,5.35,FALSE
1630169,"Tyrese Haliburton","1610612754","Indiana Pacers",2024,"0022300209","20231119",-0.4,8.05,FALSE
1630169,"Tyrese Haliburton","1610612754","Indiana Pacers",2024,"0022300209","20231119",-0.6,5.45,FALSE
1630169,"Tyrese Haliburton","1610612754","Indiana Pacers",2024,"0022300209","20231119",0.1,5.85,TRUE
1630169,"Tyrese Haliburton","1610612754","Indiana Pacers",2024,"0022300209","20231119",-2.5,13.75,TRUE
1630169,"Tyrese Haliburton","1610612754","Indiana Pacers",2024,"0022300209","20231119",-7.2,31.95,TRUE
1630169,"Tyrese Haliburton","1610612754","Indiana Pacers",2024,"0022300209","20231119",-9.8,33.55,FALSE
1630169,"Tyrese Haliburton","1610612754","Indiana Pacers",2024,"0022300209","20231119",0.1,5.65,FALSE
1630169,"Tyrese Haliburton","1610612754","Indiana Pacers",2024,"0022300209","20231119",0.9,8.25,TRUE
1630169,"Tyrese Haliburton","1610612754","Indiana Pacers",2024,"0022300209","20231119",2,6.75,FALSE
1630169,"Tyrese Haliburton","1610612754","Indiana Pacers",2024,"0022300230","20231122",1.6,30.75,TRUE
1630169,"Tyrese Haliburton","1610612754","Indiana Pacers",2024,"0022300230","20231122",13.7,27.95,FALSE
1630169,"Tyrese Haliburton","1610612754","Indiana Pacers",2024,"0022300230","20231122",-6.9,17.65,TRUE
1630169,"Tyrese Haliburton","1610612754","Indiana Pacers",2024,"0022300230","20231122",-3.3,38.25,FALSE
1630169,"Tyrese Haliburton","1610612754","Indiana Pacers",2024,"0022300230","20231122",-18.1,31.65,TRUE
1630169,"Tyrese Haliburton","1610612754","Indiana Pacers",2024,"0022300230","20231122",-12.3,11.45,FALSE
1630169,"Tyrese Haliburton","1610612754","Indiana Pacers",2024,"0022300230","20231122",-8.6,34.25,TRUE
1630169,"Tyrese Haliburton","1610612754","Indiana Pacers",2024,"0022300230","20231122",-6.5,22.45,FALSE
1630169,"Tyrese Haliburton","1610612754","Indiana Pacers",2024,"0022300230","20231122",-19.2,5.55,FALSE
1630169,"Tyrese Haliburton","1610612754","Indiana Pacers",2024,"0022300230","20231122",3.9,34.25,TRUE
1630169,"Tyrese Haliburton","1610612754","Indiana Pacers",2024,"0022300230","20231122",-16.1,25.35,FALSE
1630169,"Tyrese Haliburton","1610612754","Indiana Pacers",2024,"0022300230","20231122",0.1,5.25,TRUE
1630169,"Tyrese Haliburton","1610612754","Indiana Pacers",2024,"0022300230","20231122",0.1,5.95,FALSE
1630169,"Tyrese Haliburton","1610612754","Indiana Pacers",2024,"0022300230","20231122",0,5.25,TRUE
1630169,"Tyrese Haliburton","1610612754","Indiana Pacers",2024,"0022300230","20231122",-0.6,5.85,TRUE
1630169,"Tyrese Haliburton","1610612754","Indiana Pacers",2024,"0022300230","20231122",-22.9,5.85,FALSE
1630169,"Tyrese Haliburton","1610612754","Indiana Pacers",2024,"0022300230","20231122",0.7,11.15,TRUE
1630169,"Tyrese Haliburton","1610612754","Indiana Pacers",2024,"0022300230","20231122",-18.3,24.85,FALSE
1630169,"Tyrese Haliburton","1610612754","Indiana Pacers",2024,"0022300230","20231122",-16.9,24.75,TRUE
1630169,"Tyrese Haliburton","1610612754","Indiana Pacers",2024,"0022300230","20231122",0.1,5.75,TRUE
1630169,"Tyrese Haliburton","1610612754","Indiana Pacers",2024,"0022300230","20231122",-5.3,11.15,TRUE
1630169,"Tyrese Haliburton","1610612754","Indiana Pacers",2024,"0022300230","20231122",6.9,11.75,FALSE
1630169,"Tyrese Haliburton","1610612754","Indiana Pacers",2024,"0022300254","20231127",3.3,31.05,TRUE
1630169,"Tyrese Haliburton","1610612754","Indiana Pacers",2024,"0022300254","20231127",12.7,24.55,FALSE
1630169,"Tyrese Haliburton","1610612754","Indiana Pacers",2024,"0022300254","20231127",-13.8,28.05,TRUE
1630169,"Tyrese Haliburton","1610612754","Indiana Pacers",2024,"0022300254","20231127",-15.3,25.95,FALSE
1630169,"Tyrese Haliburton","1610612754","Indiana Pacers",2024,"0022300254","20231127",0.1,6.45,TRUE
1630169,"Tyrese Haliburton","1610612754","Indiana Pacers",2024,"0022300254","20231127",-14,7.95,TRUE
1630169,"Tyrese Haliburton","1610612754","Indiana Pacers",2024,"0022300254","20231127",1.7,7.25,TRUE
1630169,"Tyrese Haliburton","1610612754","Indiana Pacers",2024,"0022300254","20231127",-1.8,6.95,TRUE
1630169,"Tyrese Haliburton","1610612754","Indiana Pacers",2024,"0022300254","20231127",-2.2,6.25,TRUE
1630169,"Tyrese Haliburton","1610612754","Indiana Pacers",2024,"0022300254","20231127",-1.1,11.05,TRUE
1630169,"Tyrese Haliburton","1610612754","Indiana Pacers",2024,"0022300254","20231127",-11.9,20.05,FALSE
1630169,"Tyrese Haliburton","1610612754","Indiana Pacers",2024,"0022300254","20231127",-0.6,16.35,FALSE
1630169,"Tyrese Haliburton","1610612754","Indiana Pacers",2024,"0022300254","20231127",7.6,29.75,TRUE
1630169,"Tyrese Haliburton","1610612754","Indiana Pacers",2024,"0022300254","20231127",4.7,32.45,FALSE
1630169,"Tyrese Haliburton","1610612754","Indiana Pacers",2024,"0022300254","20231127",-19.1,20.95,FALSE
1630169,"Tyrese Haliburton","1610612754","Indiana Pacers",2024,"0022300254","20231127",-2.5,9.05,TRUE
1630169,"Tyrese Haliburton","1610612754","Indiana Pacers",2024,"0022300254","20231127",-2.3,7.85,TRUE
1630169,"Tyrese Haliburton","1610612754","Indiana Pacers",2024,"0022300267","20231130",-23.2,13.45,TRUE
1630169,"Tyrese Haliburton","1610612754","Indiana Pacers",2024,"0022300267","20231130",-16.5,34.55,TRUE
1630169,"Tyrese Haliburton","1610612754","Indiana Pacers",2024,"0022300267","20231130",22.7,3.65,FALSE
1630169,"Tyrese Haliburton","1610612754","Indiana Pacers",2024,"0022300267","20231130",-2.6,7.15,TRUE
1630169,"Tyrese Haliburton","1610612754","Indiana Pacers",2024,"0022300267","20231130",2.7,11.15,TRUE
1630169,"Tyrese Haliburton","1610612754","Indiana Pacers",2024,"0022300267","20231130",-16.4,17.35,FALSE
1630169,"Tyrese Haliburton","1610612754","Indiana Pacers",2024,"0022300267","20231130",16.5,25.55,FALSE
1630169,"Tyrese Haliburton","1610612754","Indiana Pacers",2024,"0022300267","20231130",-23.8,6.75,TRUE
1630169,"Tyrese Haliburton","1610612754","Indiana Pacers",2024,"0022300267","20231130",-0.5,9.65,TRUE
1630169,"Tyrese Haliburton","1610612754","Indiana Pacers",2024,"0022300267","20231130",-2,9.05,TRUE
1630169,"Tyrese Haliburton","1610612754","Indiana Pacers",2024,"0022300267","20231130",-7.8,32.15,TRUE
1630169,"Tyrese Haliburton","1610612754","Indiana Pacers",2024,"0022300267","20231130",-13.2,28.95,TRUE
1630169,"Tyrese Haliburton","1610612754","Indiana Pacers",2024,"0022300267","20231130",-15.6,27.05,FALSE
1630169,"Tyrese Haliburton","1610612754","Indiana Pacers",2024,"0022300267","20231130",-22.9,18.15,FALSE
1630169,"Tyrese Haliburton","1610612754","Indiana Pacers",2024,"0022300267","20231130",-9.3,10.75,FALSE
1630169,"Tyrese Haliburton","1610612754","Indiana Pacers",2024,"0022300267","20231130",-0.5,33.65,FALSE
1630169,"Tyrese Haliburton","1610612754","Indiana Pacers",2024,"0022300267","20231130",-0.4,12.15,TRUE
1630169,"Tyrese Haliburton","1610612754","Indiana Pacers",2024,"0022300267","20231130",-0.5,10.85,TRUE
1630169,"Tyrese Haliburton","1610612754","Indiana Pacers",2024,"0022300267","20231130",-17.9,36.35,FALSE
1630169,"Tyrese Haliburton","1610612754","Indiana Pacers",2024,"0022300267","20231130",-22.3,5.45,FALSE
1630169,"Tyrese Haliburton","1610612754","Indiana Pacers",2024,"0022300267","20231130",-4.2,12.15,TRUE
1630169,"Tyrese Haliburton","1610612754","Indiana Pacers",2024,"0022300267","20231130",15.3,28.95,FALSE
1630169,"Tyrese Haliburton","1610612754","Indiana Pacers",2024,"0022300267","20231130",14.5,27.95,FALSE
1630169,"Tyrese Haliburton","1610612754","Indiana Pacers",2024,"0022300267","20231130",-5.2,8.35,FALSE
1630169,"Tyrese Haliburton","1610612754","Indiana Pacers",2024,"0022300267","20231130",16.5,25.45,TRUE
1630169,"Tyrese Haliburton","1610612754","Indiana Pacers",2024,"0022300267","20231130",14.1,33.75,FALSE
1630169,"Tyrese Haliburton","1610612754","Indiana Pacers",2024,"0022300267","20231130",-0.4,11.25,TRUE
1630169,"Tyrese Haliburton","1610612754","Indiana Pacers",2024,"0022300267","20231130",-4.7,6.85,TRUE
1630169,"Tyrese Haliburton","1610612754","Indiana Pacers",2024,"0022300293","20231211",-4.7,35.45,TRUE
1630169,"Tyrese Haliburton","1610612754","Indiana Pacers",2024,"0022300293","20231211",-14.5,29.55,FALSE
1630169,"Tyrese Haliburton","1610612754","Indiana Pacers",2024,"0022300293","20231211",-5.5,9.65,FALSE
1630169,"Tyrese Haliburton","1610612754","Indiana Pacers",2024,"0022300293","20231211",-9.7,29.35,TRUE
1630169,"Tyrese Haliburton","1610612754","Indiana Pacers",2024,"0022300293","20231211",-0.9,9.65,FALSE
1630169,"Tyrese Haliburton","1610612754","Indiana Pacers",2024,"0022300293","20231211",3.9,44.85,FALSE
1630169,"Tyrese Haliburton","1610612754","Indiana Pacers",2024,"0022300293","20231211",-8.2,30.95,FALSE
1630169,"Tyrese Haliburton","1610612754","Indiana Pacers",2024,"0022300293","20231211",5,5.65,FALSE
1630169,"Tyrese Haliburton","1610612754","Indiana Pacers",2024,"0022300293","20231211",-11.5,11.15,TRUE
1630169,"Tyrese Haliburton","1610612754","Indiana Pacers",2024,"0022300293","20231211",-1.5,9.75,FALSE
1630169,"Tyrese Haliburton","1610612754","Indiana Pacers",2024,"0022300293","20231211",-15.9,28.45,TRUE
1630169,"Tyrese Haliburton","1610612754","Indiana Pacers",2024,"0022300293","20231211",1.8,8.25,TRUE
1630169,"Tyrese Haliburton","1610612754","Indiana Pacers",2024,"0022300315","20231213",23.4,5.85,TRUE
1630169,"Tyrese Haliburton","1610612754","Indiana Pacers",2024,"0022300315","20231213",-16.5,28.35,FALSE
1630169,"Tyrese Haliburton","1610612754","Indiana Pacers",2024,"0022300315","20231213",0.4,6.25,TRUE
1630169,"Tyrese Haliburton","1610612754","Indiana Pacers",2024,"0022300315","20231213",5.3,12.05,FALSE
1630169,"Tyrese Haliburton","1610612754","Indiana Pacers",2024,"0022300315","20231213",-1.6,19.75,TRUE
1630169,"Tyrese Haliburton","1610612754","Indiana Pacers",2024,"0022300315","20231213",-0.4,17.85,TRUE
1630169,"Tyrese Haliburton","1610612754","Indiana Pacers",2024,"0022300315","20231213",0.5,7.75,FALSE
1630169,"Tyrese Haliburton","1610612754","Indiana Pacers",2024,"0022300315","20231213",-6,10.75,TRUE
1630169,"Tyrese Haliburton","1610612754","Indiana Pacers",2024,"0022300315","20231213",12.5,29.55,FALSE
1630169,"Tyrese Haliburton","1610612754","Indiana Pacers",2024,"0022300315","20231213",9.1,12.95,TRUE
1630169,"Tyrese Haliburton","1610612754","Indiana Pacers",2024,"0022300315","20231213",0.5,6.55,TRUE
1630169,"Tyrese Haliburton","1610612754","Indiana Pacers",2024,"0022300315","20231213",0,6.45,TRUE
1630169,"Tyrese Haliburton","1610612754","Indiana Pacers",2024,"0022300315","20231213",-9.9,15.45,FALSE
1630169,"Tyrese Haliburton","1610612754","Indiana Pacers",2024,"0022300315","20231213",2.7,14.25,FALSE
1630169,"Tyrese Haliburton","1610612754","Indiana Pacers",2024,"0022300315","20231213",-10.2,29.65,FALSE
1630169,"Tyrese Haliburton","1610612754","Indiana Pacers",2024,"0022300315","20231213",-1.3,9.15,FALSE
1630169,"Tyrese Haliburton","1610612754","Indiana Pacers",2024,"0022300328","20231215",-3.6,7.35,FALSE
1630169,"Tyrese Haliburton","1610612754","Indiana Pacers",2024,"0022300328","20231215",-3.6,8.15,TRUE
1630169,"Tyrese Haliburton","1610612754","Indiana Pacers",2024,"0022300328","20231215",18.3,25.45,FALSE
1630169,"Tyrese Haliburton","1610612754","Indiana Pacers",2024,"0022300328","20231215",-5.8,7.25,FALSE
1630169,"Tyrese Haliburton","1610612754","Indiana Pacers",2024,"0022300328","20231215",-2.1,9.55,FALSE
1630169,"Tyrese Haliburton","1610612754","Indiana Pacers",2024,"0022300328","20231215",15.2,28.75,FALSE
1630169,"Tyrese Haliburton","1610612754","Indiana Pacers",2024,"0022300328","20231215",-4.8,7.85,FALSE
1630169,"Tyrese Haliburton","1610612754","Indiana Pacers",2024,"0022300328","20231215",13.8,28.55,FALSE
1630169,"Tyrese Haliburton","1610612754","Indiana Pacers",2024,"0022300328","20231215",17.4,29.85,FALSE
1630169,"Tyrese Haliburton","1610612754","Indiana Pacers",2024,"0022300328","20231215",0.7,31.05,TRUE
1630169,"Tyrese Haliburton","1610612754","Indiana Pacers",2024,"0022300328","20231215",1.5,7.05,TRUE
1630169,"Tyrese Haliburton","1610612754","Indiana Pacers",2024,"0022300328","20231215",7.6,7.65,TRUE
1630169,"Tyrese Haliburton","1610612754","Indiana Pacers",2024,"0022300328","20231215",-6.9,9.05,TRUE
1630169,"Tyrese Haliburton","1610612754","Indiana Pacers",2024,"0022300328","20231215",9.1,10.05,TRUE
1630169,"Tyrese Haliburton","1610612754","Indiana Pacers",2024,"0022300328","20231215",1.2,5.65,FALSE
1630169,"Tyrese Haliburton","1610612754","Indiana Pacers",2024,"0022300328","20231215",3.1,8.35,FALSE
1630169,"Tyrese Haliburton","1610612754","Indiana Pacers",2024,"0022300328","20231215",18.5,25.35,TRUE
1630169,"Tyrese Haliburton","1610612754","Indiana Pacers",2024,"0022300350","20231218",-23.2,6.95,FALSE
1630169,"Tyrese Haliburton","1610612754","Indiana Pacers",2024,"0022300350","20231218",-12.1,11.05,FALSE
1630169,"Tyrese Haliburton","1610612754","Indiana Pacers",2024,"0022300350","20231218",-11.9,29.55,FALSE
1630169,"Tyrese Haliburton","1610612754","Indiana Pacers",2024,"0022300350","20231218",11.8,13.65,TRUE
1630169,"Tyrese Haliburton","1610612754","Indiana Pacers",2024,"0022300350","20231218",-8.7,33.45,FALSE
1630169,"Tyrese Haliburton","1610612754","Indiana Pacers",2024,"0022300350","20231218",-11.4,3.85,FALSE
1630169,"Tyrese Haliburton","1610612754","Indiana Pacers",2024,"0022300350","20231218",-2.5,11.45,TRUE
1630169,"Tyrese Haliburton","1610612754","Indiana Pacers",2024,"0022300350","20231218",-0.5,9.45,FALSE
1630169,"Tyrese Haliburton","1610612754","Indiana Pacers",2024,"0022300350","20231218",-12,14.95,FALSE
1630169,"Tyrese Haliburton","1610612754","Indiana Pacers",2024,"0022300350","20231218",22.7,7.35,TRUE
1630169,"Tyrese Haliburton","1610612754","Indiana Pacers",2024,"0022300350","20231218",2.1,32.15,FALSE
1630169,"Tyrese Haliburton","1610612754","Indiana Pacers",2024,"0022300350","20231218",0,16.95,FALSE
1630169,"Tyrese Haliburton","1610612754","Indiana Pacers",2024,"0022300365","20231220",-6.5,30.05,FALSE
1630169,"Tyrese Haliburton","1610612754","Indiana Pacers",2024,"0022300365","20231220",-6.5,10.35,FALSE
1630169,"Tyrese Haliburton","1610612754","Indiana Pacers",2024,"0022300365","20231220",2.9,31.25,FALSE
1630169,"Tyrese Haliburton","1610612754","Indiana Pacers",2024,"0022300365","20231220",-23.2,11.65,TRUE
1630169,"Tyrese Haliburton","1610612754","Indiana Pacers",2024,"0022300365","20231220",0.6,12.35,TRUE
1630169,"Tyrese Haliburton","1610612754","Indiana Pacers",2024,"0022300365","20231220",5.3,35.45,FALSE
1630169,"Tyrese Haliburton","1610612754","Indiana Pacers",2024,"0022300365","20231220",-10.4,18.35,TRUE
1630169,"Tyrese Haliburton","1610612754","Indiana Pacers",2024,"0022300365","20231220",-1.8,4.75,TRUE
1630169,"Tyrese Haliburton","1610612754","Indiana Pacers",2024,"0022300365","20231220",1.6,22.25,FALSE
1630169,"Tyrese Haliburton","1610612754","Indiana Pacers",2024,"0022300365","20231220",-14.3,28.35,FALSE
1630169,"Tyrese Haliburton","1610612754","Indiana Pacers",2024,"0022300365","20231220",0.7,30.55,TRUE
1630169,"Tyrese Haliburton","1610612754","Indiana Pacers",2024,"0022300365","20231220",13.6,29.65,FALSE
1630169,"Tyrese Haliburton","1610612754","Indiana Pacers",2024,"0022300365","20231220",11.6,29.05,TRUE
1630169,"Tyrese Haliburton","1610612754","Indiana Pacers",2024,"0022300365","20231220",-12.1,29.35,FALSE
1630169,"Tyrese Haliburton","1610612754","Indiana Pacers",2024,"0022300377","20231221",-17.3,22.85,FALSE
1630169,"Tyrese Haliburton","1610612754","Indiana Pacers",2024,"0022300377","20231221",-7.7,28.95,FALSE
1630169,"Tyrese Haliburton","1610612754","Indiana Pacers",2024,"0022300377","20231221",-14.1,26.75,FALSE
1630169,"Tyrese Haliburton","1610612754","Indiana Pacers",2024,"0022300377","20231221",-1,5.35,TRUE
1630169,"Tyrese Haliburton","1610612754","Indiana Pacers",2024,"0022300377","20231221",-9.2,16.35,TRUE
1630169,"Tyrese Haliburton","1610612754","Indiana Pacers",2024,"0022300377","20231221",-14.5,26.05,FALSE
1630169,"Tyrese Haliburton","1610612754","Indiana Pacers",2024,"0022300377","20231221",-8.6,20.75,TRUE
1630169,"Tyrese Haliburton","1610612754","Indiana Pacers",2024,"0022300377","20231221",-13.7,14.65,FALSE
1630169,"Tyrese Haliburton","1610612754","Indiana Pacers",2024,"0022300377","20231221",-6,32.05,TRUE
1630169,"Tyrese Haliburton","1610612754","Indiana Pacers",2024,"0022300377","20231221",0.4,5.35,TRUE
1630169,"Tyrese Haliburton","1610612754","Indiana Pacers",2024,"0022300377","20231221",13.7,26.75,TRUE
1630169,"Tyrese Haliburton","1610612754","Indiana Pacers",2024,"0022300377","20231221",5,35.95,FALSE
1630169,"Tyrese Haliburton","1610612754","Indiana Pacers",2024,"0022300377","20231221",15.9,30.45,FALSE
1630169,"Tyrese Haliburton","1610612754","Indiana Pacers",2024,"0022300377","20231221",-9.1,19.45,FALSE
1630169,"Tyrese Haliburton","1610612754","Indiana Pacers",2024,"0022300377","20231221",21.8,16.95,FALSE
1630169,"Tyrese Haliburton","1610612754","Indiana Pacers",2024,"0022300377","20231221",-14.1,27.25,FALSE
1630169,"Tyrese Haliburton","1610612754","Indiana Pacers",2024,"0022300377","20231221",-13,27.35,FALSE
1630169,"Tyrese Haliburton","1610612754","Indiana Pacers",2024,"0022300377","20231221",-0.6,6.05,TRUE
1630169,"Tyrese Haliburton","1610612754","Indiana Pacers",2024,"0022300377","20231221",4.4,34.05,FALSE
1630169,"Tyrese Haliburton","1610612754","Indiana Pacers",2024,"0022300391","20231223",-5.3,20.75,FALSE
1630169,"Tyrese Haliburton","1610612754","Indiana Pacers",2024,"0022300391","20231223",2.7,22.65,FALSE
1630169,"Tyrese Haliburton","1610612754","Indiana Pacers",2024,"0022300391","20231223",12.7,13.75,TRUE
1630169,"Tyrese Haliburton","1610612754","Indiana Pacers",2024,"0022300391","20231223",-13.1,32.45,TRUE
1630169,"Tyrese Haliburton","1610612754","Indiana Pacers",2024,"0022300391","20231223",-2,8.05,TRUE
1630169,"Tyrese Haliburton","1610612754","Indiana Pacers",2024,"0022300391","20231223",22.5,7.35,TRUE
1630169,"Tyrese Haliburton","1610612754","Indiana Pacers",2024,"0022300391","20231223",1.6,6.55,FALSE
1630169,"Tyrese Haliburton","1610612754","Indiana Pacers",2024,"0022300391","20231223",-3.1,7.45,TRUE
1630169,"Tyrese Haliburton","1610612754","Indiana Pacers",2024,"0022300391","20231223",-0.7,7.55,TRUE
1630169,"Tyrese Haliburton","1610612754","Indiana Pacers",2024,"0022300391","20231223",-14.6,5.25,TRUE
1630169,"Tyrese Haliburton","1610612754","Indiana Pacers",2024,"0022300391","20231223",11.4,14.25,FALSE
1630169,"Tyrese Haliburton","1610612754","Indiana Pacers",2024,"0022300391","20231223",19.9,24.95,FALSE
1630169,"Tyrese Haliburton","1610612754","Indiana Pacers",2024,"0022300391","20231223",-1.8,7.35,FALSE
1630169,"Tyrese Haliburton","1610612754","Indiana Pacers",2024,"0022300391","20231223",7.1,31.05,TRUE
1630169,"Tyrese Haliburton","1610612754","Indiana Pacers",2024,"0022300391","20231223",-9.3,11.65,FALSE
1630169,"Tyrese Haliburton","1610612754","Indiana Pacers",2024,"0022300391","20231223",-0.5,17.35,FALSE
1630169,"Tyrese Haliburton","1610612754","Indiana Pacers",2024,"0022300391","20231223",-1.7,4.55,TRUE
1630169,"Tyrese Haliburton","1610612754","Indiana Pacers",2024,"0022300391","20231223",8.3,30.25,FALSE
1630169,"Tyrese Haliburton","1610612754","Indiana Pacers",2024,"0022300391","20231223",0.5,20.95,TRUE
1630169,"Tyrese Haliburton","1610612754","Indiana Pacers",2024,"0022300391","20231223",-13.2,17.25,TRUE
1630169,"Tyrese Haliburton","1610612754","Indiana Pacers",2024,"0022300391","20231223",-0.9,9.85,FALSE
1630169,"Tyrese Haliburton","1610612754","Indiana Pacers",2024,"0022300391","20231223",2.1,4.25,TRUE
1630169,"Tyrese Haliburton","1610612754","Indiana Pacers",2024,"0022300409","20231226",-2.9,7.75,TRUE
1630169,"Tyrese Haliburton","1610612754","Indiana Pacers",2024,"0022300409","20231226",19.2,22.65,TRUE
1630169,"Tyrese Haliburton","1610612754","Indiana Pacers",2024,"0022300409","20231226",-16.5,23.05,FALSE
1630169,"Tyrese Haliburton","1610612754","Indiana Pacers",2024,"0022300409","20231226",16.5,24.65,TRUE
1630169,"Tyrese Haliburton","1610612754","Indiana Pacers",2024,"0022300409","20231226",-4.4,7.15,TRUE
1630169,"Tyrese Haliburton","1610612754","Indiana Pacers",2024,"0022300409","20231226",-2.1,7.45,TRUE
1630169,"Tyrese Haliburton","1610612754","Indiana Pacers",2024,"0022300409","20231226",15.7,26.35,TRUE
1630169,"Tyrese Haliburton","1610612754","Indiana Pacers",2024,"0022300409","20231226",13.4,28.35,FALSE
1630169,"Tyrese Haliburton","1610612754","Indiana Pacers",2024,"0022300409","20231226",0,6.45,TRUE
1630169,"Tyrese Haliburton","1610612754","Indiana Pacers",2024,"0022300409","20231226",-6.6,20.45,TRUE
1630169,"Tyrese Haliburton","1610612754","Indiana Pacers",2024,"0022300409","20231226",14.6,30.35,TRUE
1630169,"Tyrese Haliburton","1610612754","Indiana Pacers",2024,"0022300409","20231226",-16.8,28.05,TRUE
1630169,"Tyrese Haliburton","1610612754","Indiana Pacers",2024,"0022300409","20231226",-5.8,34.05,FALSE
1630169,"Tyrese Haliburton","1610612754","Indiana Pacers",2024,"0022300409","20231226",1.3,8.15,FALSE
1630169,"Tyrese Haliburton","1610612754","Indiana Pacers",2024,"0022300409","20231226",-22.3,4.25,TRUE
1630169,"Tyrese Haliburton","1610612754","Indiana Pacers",2024,"0022300409","20231226",-16.5,25.25,FALSE
1630169,"Tyrese Haliburton","1610612754","Indiana Pacers",2024,"0022300409","20231226",15.4,26.45,FALSE
1630169,"Tyrese Haliburton","1610612754","Indiana Pacers",2024,"0022300409","20231226",-10.5,17.75,TRUE
1630169,"Tyrese Haliburton","1610612754","Indiana Pacers",2024,"0022300409","20231226",2.5,31.65,FALSE
1630169,"Tyrese Haliburton","1610612754","Indiana Pacers",2024,"0022300409","20231226",-10.2,17.55,FALSE
1630169,"Tyrese Haliburton","1610612754","Indiana Pacers",2024,"0022300409","20231226",-16.9,24.95,TRUE
1630169,"Tyrese Haliburton","1610612754","Indiana Pacers",2024,"0022300422","20231228",-22.7,16.35,TRUE
1630169,"Tyrese Haliburton","1610612754","Indiana Pacers",2024,"0022300422","20231228",-8.1,31.75,FALSE
1630169,"Tyrese Haliburton","1610612754","Indiana Pacers",2024,"0022300422","20231228",0.1,36.45,TRUE
1630169,"Tyrese Haliburton","1610612754","Indiana Pacers",2024,"0022300422","20231228",17.5,35.25,TRUE
1630169,"Tyrese Haliburton","1610612754","Indiana Pacers",2024,"0022300422","20231228",-7.2,31.65,FALSE
1630169,"Tyrese Haliburton","1610612754","Indiana Pacers",2024,"0022300422","20231228",-7.6,29.55,FALSE
1630169,"Tyrese Haliburton","1610612754","Indiana Pacers",2024,"0022300422","20231228",-17.6,23.95,FALSE
1630169,"Tyrese Haliburton","1610612754","Indiana Pacers",2024,"0022300422","20231228",13.2,26.85,TRUE
1630169,"Tyrese Haliburton","1610612754","Indiana Pacers",2024,"0022300422","20231228",5.4,31.65,FALSE
1630169,"Tyrese Haliburton","1610612754","Indiana Pacers",2024,"0022300422","20231228",-0.1,6.15,FALSE
1630169,"Tyrese Haliburton","1610612754","Indiana Pacers",2024,"0022300422","20231228",-10.5,22.45,FALSE
1630169,"Tyrese Haliburton","1610612754","Indiana Pacers",2024,"0022300422","20231228",0.4,31.35,FALSE
1630169,"Tyrese Haliburton","1610612754","Indiana Pacers",2024,"0022300422","20231228",-18,24.65,TRUE
1630169,"Tyrese Haliburton","1610612754","Indiana Pacers",2024,"0022300422","20231228",-23.5,4.85,TRUE
1630169,"Tyrese Haliburton","1610612754","Indiana Pacers",2024,"0022300422","20231228",-0.9,6.25,FALSE
1630169,"Tyrese Haliburton","1610612754","Indiana Pacers",2024,"0022300422","20231228",15.6,19.45,TRUE
1630169,"Tyrese Haliburton","1610612754","Indiana Pacers",2024,"0022300422","20231228",-5,32.85,FALSE
1630169,"Tyrese Haliburton","1610612754","Indiana Pacers",2024,"0022300441","20231230",20.5,20.45,FALSE
1630169,"Tyrese Haliburton","1610612754","Indiana Pacers",2024,"0022300441","20231230",-1.5,7.95,TRUE
1630169,"Tyrese Haliburton","1610612754","Indiana Pacers",2024,"0022300441","20231230",-15.2,26.85,TRUE
1630169,"Tyrese Haliburton","1610612754","Indiana Pacers",2024,"0022300441","20231230",-2.5,7.95,FALSE
1630169,"Tyrese Haliburton","1610612754","Indiana Pacers",2024,"0022300441","20231230",18.8,24.25,FALSE
1630169,"Tyrese Haliburton","1610612754","Indiana Pacers",2024,"0022300441","20231230",-21.3,17.85,TRUE
1630169,"Tyrese Haliburton","1610612754","Indiana Pacers",2024,"0022300441","20231230",21.8,53.95,FALSE
1630169,"Tyrese Haliburton","1610612754","Indiana Pacers",2024,"0022300441","20231230",-12.1,32.55,FALSE
1630169,"Tyrese Haliburton","1610612754","Indiana Pacers",2024,"0022300441","20231230",-15.8,9.45,TRUE
1630169,"Tyrese Haliburton","1610612754","Indiana Pacers",2024,"0022300441","20231230",-1.6,6.25,TRUE
1630169,"Tyrese Haliburton","1610612754","Indiana Pacers",2024,"0022300441","20231230",-23.7,11.45,FALSE
1630169,"Tyrese Haliburton","1610612754","Indiana Pacers",2024,"0022300441","20231230",2.1,5.75,TRUE
1630169,"Tyrese Haliburton","1610612754","Indiana Pacers",2024,"0022300441","20231230",-14.1,27.75,FALSE
1630169,"Tyrese Haliburton","1610612754","Indiana Pacers",2024,"0022300441","20231230",16.8,26.05,FALSE
1630169,"Tyrese Haliburton","1610612754","Indiana Pacers",2024,"0022300441","20231230",-1.3,5.85,TRUE
1630169,"Tyrese Haliburton","1610612754","Indiana Pacers",2024,"0022300441","20231230",-23.2,5.55,FALSE
1630169,"Tyrese Haliburton","1610612754","Indiana Pacers",2024,"0022300441","20231230",3.2,7.75,TRUE
1630169,"Tyrese Haliburton","1610612754","Indiana Pacers",2024,"0022300454","20240101",3.8,10.75,FALSE
1630169,"Tyrese Haliburton","1610612754","Indiana Pacers",2024,"0022300454","20240101",-12.1,28.75,FALSE
1630169,"Tyrese Haliburton","1610612754","Indiana Pacers",2024,"0022300454","20240101",2.1,15.25,TRUE
1630169,"Tyrese Haliburton","1610612754","Indiana Pacers",2024,"0022300454","20240101",-10.9,16.95,TRUE
1630169,"Tyrese Haliburton","1610612754","Indiana Pacers",2024,"0022300454","20240101",0,5.25,FALSE
1630169,"Tyrese Haliburton","1610612754","Indiana Pacers",2024,"0022300454","20240101",0.1,6.25,TRUE
1630169,"Tyrese Haliburton","1610612754","Indiana Pacers",2024,"0022300454","20240101",21.1,25.95,FALSE
1630169,"Tyrese Haliburton","1610612754","Indiana Pacers",2024,"0022300454","20240101",6.9,8.55,FALSE
1630169,"Tyrese Haliburton","1610612754","Indiana Pacers",2024,"0022300454","20240101",-22.1,16.85,FALSE
1630169,"Tyrese Haliburton","1610612754","Indiana Pacers",2024,"0022300454","20240101",-8.8,34.85,FALSE
1630169,"Tyrese Haliburton","1610612754","Indiana Pacers",2024,"0022300454","20240101",-0.4,7.85,FALSE
1630169,"Tyrese Haliburton","1610612754","Indiana Pacers",2024,"0022300454","20240101",-0.2,8.45,TRUE
1630169,"Tyrese Haliburton","1610612754","Indiana Pacers",2024,"0022300454","20240101",-15.8,16.15,TRUE
1630169,"Tyrese Haliburton","1610612754","Indiana Pacers",2024,"0022300454","20240101",-8.4,33.05,TRUE
1630169,"Tyrese Haliburton","1610612754","Indiana Pacers",2024,"0022300454","20240101",-0.7,20.85,TRUE
1630169,"Tyrese Haliburton","1610612754","Indiana Pacers",2024,"0022300454","20240101",-14.9,34.05,FALSE
1630169,"Tyrese Haliburton","1610612754","Indiana Pacers",2024,"0022300454","20240101",8,21.15,FALSE
1630169,"Tyrese Haliburton","1610612754","Indiana Pacers",2024,"0022300454","20240101",-15.2,11.65,TRUE
1630169,"Tyrese Haliburton","1610612754","Indiana Pacers",2024,"0022300454","20240101",-21.1,27.25,FALSE
1630169,"Tyrese Haliburton","1610612754","Indiana Pacers",2024,"0022300454","20240101",-14.1,16.75,TRUE
1630169,"Tyrese Haliburton","1610612754","Indiana Pacers",2024,"0022300454","20240101",-16.3,10.45,TRUE
1630169,"Tyrese Haliburton","1610612754","Indiana Pacers",2024,"0022300454","20240101",-4.9,14.95,TRUE
1630169,"Tyrese Haliburton","1610612754","Indiana Pacers",2024,"0022300466","20240103",21.7,17.95,FALSE
1630169,"Tyrese Haliburton","1610612754","Indiana Pacers",2024,"0022300466","20240103",12.5,6.85,TRUE
1630169,"Tyrese Haliburton","1610612754","Indiana Pacers",2024,"0022300466","20240103",-16.5,24.95,FALSE
1630169,"Tyrese Haliburton","1610612754","Indiana Pacers",2024,"0022300466","20240103",2.3,35.45,FALSE
1630169,"Tyrese Haliburton","1610612754","Indiana Pacers",2024,"0022300466","20240103",-0.6,10.05,TRUE
1630169,"Tyrese Haliburton","1610612754","Indiana Pacers",2024,"0022300466","20240103",-17.9,21.65,FALSE
1630169,"Tyrese Haliburton","1610612754","Indiana Pacers",2024,"0022300466","20240103",-16.3,5.75,FALSE
1630169,"Tyrese Haliburton","1610612754","Indiana Pacers",2024,"0022300466","20240103",-20,24.05,TRUE
1630169,"Tyrese Haliburton","1610612754","Indiana Pacers",2024,"0022300466","20240103",-2.8,7.95,TRUE
1630169,"Tyrese Haliburton","1610612754","Indiana Pacers",2024,"0022300466","20240103",-18.4,22.65,TRUE
1630169,"Tyrese Haliburton","1610612754","Indiana Pacers",2024,"0022300466","20240103",14,29.85,FALSE
1630169,"Tyrese Haliburton","1610612754","Indiana Pacers",2024,"0022300466","20240103",4.8,34.15,TRUE
1630169,"Tyrese Haliburton","1610612754","Indiana Pacers",2024,"0022300466","20240103",-19.5,20.75,FALSE
1630169,"Tyrese Haliburton","1610612754","Indiana Pacers",2024,"0022300466","20240103",-3.7,9.45,FALSE
1630169,"Tyrese Haliburton","1610612754","Indiana Pacers",2024,"0022300466","20240103",-3.3,6.85,TRUE
1630169,"Tyrese Haliburton","1610612754","Indiana Pacers",2024,"0022300466","20240103",-2,8.65,FALSE
1630169,"Tyrese Haliburton","1610612754","Indiana Pacers",2024,"0022300466","20240103",7.5,25.15,FALSE
1630169,"Tyrese Haliburton","1610612754","Indiana Pacers",2024,"0022300466","20240103",0.6,7.85,TRUE
1630169,"Tyrese Haliburton","1610612754","Indiana Pacers",2024,"0022300466","20240103",-1.6,33.85,TRUE
1630169,"Tyrese Haliburton","1610612754","Indiana Pacers",2024,"0022300466","20240103",9.2,33.85,TRUE
1630169,"Tyrese Haliburton","1610612754","Indiana Pacers",2024,"0022300480","20240105",18.6,28.45,FALSE
1630169,"Tyrese Haliburton","1610612754","Indiana Pacers",2024,"0022300480","20240105",-2.6,7.95,TRUE
1630169,"Tyrese Haliburton","1610612754","Indiana Pacers",2024,"0022300480","20240105",11.3,32.55,TRUE
1630169,"Tyrese Haliburton","1610612754","Indiana Pacers",2024,"0022300480","20240105",-1.5,6.35,TRUE
1630169,"Tyrese Haliburton","1610612754","Indiana Pacers",2024,"0022300480","20240105",-24.1,4.85,TRUE
1630169,"Tyrese Haliburton","1610612754","Indiana Pacers",2024,"0022300480","20240105",18.3,25.35,FALSE
1630169,"Tyrese Haliburton","1610612754","Indiana Pacers",2024,"0022300493","20240106",0.6,23.75,FALSE
1630169,"Tyrese Haliburton","1610612754","Indiana Pacers",2024,"0022300493","20240106",7.8,31.05,FALSE
1630169,"Tyrese Haliburton","1610612754","Indiana Pacers",2024,"0022300493","20240106",9.6,29.85,FALSE
1630169,"Tyrese Haliburton","1610612754","Indiana Pacers",2024,"0022300493","20240106",-0.5,5.25,FALSE
1630169,"Tyrese Haliburton","1610612754","Indiana Pacers",2024,"0022300493","20240106",5.4,30.75,TRUE
1630169,"Tyrese Haliburton","1610612754","Indiana Pacers",2024,"0022300493","20240106",8.5,30.45,FALSE
1630169,"Tyrese Haliburton","1610612754","Indiana Pacers",2024,"0022300493","20240106",-0.6,5.65,TRUE
1630169,"Tyrese Haliburton","1610612754","Indiana Pacers",2024,"0022300493","20240106",-0.4,6.05,TRUE
1630169,"Tyrese Haliburton","1610612754","Indiana Pacers",2024,"0022300493","20240106",-11.2,32.55,FALSE
1630169,"Tyrese Haliburton","1610612754","Indiana Pacers",2024,"0022300493","20240106",1.3,32.95,TRUE
1630169,"Tyrese Haliburton","1610612754","Indiana Pacers",2024,"0022300493","20240106",3.4,34.75,FALSE
1630169,"Tyrese Haliburton","1610612754","Indiana Pacers",2024,"0022300493","20240106",-14.3,31.25,FALSE
1630169,"Tyrese Haliburton","1610612754","Indiana Pacers",2024,"0022300493","20240106",0.5,14.35,FALSE
1630169,"Tyrese Haliburton","1610612754","Indiana Pacers",2024,"0022300493","20240106",-0.4,4.75,FALSE
1630169,"Tyrese Haliburton","1610612754","Indiana Pacers",2024,"0022300493","20240106",-1.6,5.95,TRUE
1630169,"Tyrese Haliburton","1610612754","Indiana Pacers",2024,"0022300493","20240106",-9.7,32.45,FALSE
1630169,"Tyrese Haliburton","1610612754","Indiana Pacers",2024,"0022300493","20240106",12.4,8.05,FALSE
1630169,"Tyrese Haliburton","1610612754","Indiana Pacers",2024,"0022300507","20240108",4.9,29.95,TRUE
1630169,"Tyrese Haliburton","1610612754","Indiana Pacers",2024,"0022300507","20240108",5.3,29.25,FALSE
1630169,"Tyrese Haliburton","1610612754","Indiana Pacers",2024,"0022300507","20240108",-8.5,10.35,TRUE
1630169,"Tyrese Haliburton","1610612754","Indiana Pacers",2024,"0022300507","20240108",20.8,19.25,FALSE
1630169,"Tyrese Haliburton","1610612754","Indiana Pacers",2024,"0022300507","20240108",2.1,7.75,TRUE
1630169,"Tyrese Haliburton","1610612754","Indiana Pacers",2024,"0022300590","20240119",9.2,32.95,TRUE
1630169,"Tyrese Haliburton","1610612754","Indiana Pacers",2024,"0022300590","20240119",-12.7,29.15,FALSE
1630169,"Tyrese Haliburton","1610612754","Indiana Pacers",2024,"0022300590","20240119",4,33.15,FALSE
1630169,"Tyrese Haliburton","1610612754","Indiana Pacers",2024,"0022300590","20240119",-1.2,19.05,FALSE
1630169,"Tyrese Haliburton","1610612754","Indiana Pacers",2024,"0022300590","20240119",1.7,6.95,TRUE
1630169,"Tyrese Haliburton","1610612754","Indiana Pacers",2024,"0022300590","20240119",-1.5,7.95,TRUE
1630169,"Tyrese Haliburton","1610612754","Indiana Pacers",2024,"0022300590","20240119",11.2,11.95,TRUE
1630169,"Tyrese Haliburton","1610612754","Indiana Pacers",2024,"0022300590","20240119",-3.1,8.75,FALSE
1630169,"Tyrese Haliburton","1610612754","Indiana Pacers",2024,"0022300590","20240119",-0.7,8.95,TRUE
1630169,"Tyrese Haliburton","1610612754","Indiana Pacers",2024,"0022300590","20240119",-19.1,21.95,FALSE
1630169,"Tyrese Haliburton","1610612754","Indiana Pacers",2024,"0022300590","20240119",-5.1,7.75,FALSE
1630169,"Tyrese Haliburton","1610612754","Indiana Pacers",2024,"0022300590","20240119",-4.5,31.95,TRUE
1630169,"Tyrese Haliburton","1610612754","Indiana Pacers",2024,"0022300590","20240119",7.7,31.95,FALSE
1630169,"Tyrese Haliburton","1610612754","Indiana Pacers",2024,"0022300590","20240119",23.2,6.65,FALSE
1630169,"Tyrese Haliburton","1610612754","Indiana Pacers",2024,"0022300670","20240130",12.6,30.75,FALSE
1630169,"Tyrese Haliburton","1610612754","Indiana Pacers",2024,"0022300670","20240130",-4.9,10.75,FALSE
1630169,"Tyrese Haliburton","1610612754","Indiana Pacers",2024,"0022300670","20240130",-10,30.05,FALSE
1630169,"Tyrese Haliburton","1610612754","Indiana Pacers",2024,"0022300670","20240130",-0.6,7.85,TRUE
1630169,"Tyrese Haliburton","1610612754","Indiana Pacers",2024,"0022300670","20240130",9.1,57.55,FALSE
1630169,"Tyrese Haliburton","1610612754","Indiana Pacers",2024,"0022300670","20240130",-6.2,13.65,FALSE
1630169,"Tyrese Haliburton","1610612754","Indiana Pacers",2024,"0022300670","20240130",-6.5,18.75,FALSE
1630169,"Tyrese Haliburton","1610612754","Indiana Pacers",2024,"0022300670","20240130",0,5.25,FALSE
1630169,"Tyrese Haliburton","1610612754","Indiana Pacers",2024,"0022300670","20240130",12.3,13.55,TRUE
1630169,"Tyrese Haliburton","1610612754","Indiana Pacers",2024,"0022300670","20240130",-1.1,7.35,FALSE
1630169,"Tyrese Haliburton","1610612754","Indiana Pacers",2024,"0022300670","20240130",-4.8,9.35,FALSE
1630169,"Tyrese Haliburton","1610612754","Indiana Pacers",2024,"0022300670","20240130",0,5.25,TRUE
1630169,"Tyrese Haliburton","1610612754","Indiana Pacers",2024,"0022300670","20240130",0,5.25,FALSE
1630169,"Tyrese Haliburton","1610612754","Indiana Pacers",2024,"0022300670","20240130",15.4,40.75,TRUE
1630169,"Tyrese Haliburton","1610612754","Indiana Pacers",2024,"0022300670","20240130",-2,6.45,TRUE
1630169,"Tyrese Haliburton","1610612754","Indiana Pacers",2024,"0022300670","20240130",-6.9,30.65,FALSE
1630169,"Tyrese Haliburton","1610612754","Indiana Pacers",2024,"0022300685","20240201",10.7,28.45,FALSE
1630169,"Tyrese Haliburton","1610612754","Indiana Pacers",2024,"0022300685","20240201",-17.9,22.55,TRUE
1630169,"Tyrese Haliburton","1610612754","Indiana Pacers",2024,"0022300685","20240201",10.3,31.05,FALSE
1630169,"Tyrese Haliburton","1610612754","Indiana Pacers",2024,"0022300685","20240201",0,5.75,TRUE
1630169,"Tyrese Haliburton","1610612754","Indiana Pacers",2024,"0022300685","20240201",-2.3,22.35,TRUE
1630169,"Tyrese Haliburton","1610612754","Indiana Pacers",2024,"0022300685","20240201",-2.1,13.35,TRUE
1630169,"Tyrese Haliburton","1610612754","Indiana Pacers",2024,"0022300685","20240201",16.7,24.25,TRUE
1630169,"Tyrese Haliburton","1610612754","Indiana Pacers",2024,"0022300685","20240201",-17.5,8.85,TRUE
1630169,"Tyrese Haliburton","1610612754","Indiana Pacers",2024,"0022300685","20240201",-21.4,16.95,FALSE
1630169,"Tyrese Haliburton","1610612754","Indiana Pacers",2024,"0022300685","20240201",-9.2,30.45,FALSE
1630169,"Tyrese Haliburton","1610612754","Indiana Pacers",2024,"0022300691","20240202",-12.4,12.75,TRUE
1630169,"Tyrese Haliburton","1610612754","Indiana Pacers",2024,"0022300691","20240202",-8.5,8.95,TRUE
1630169,"Tyrese Haliburton","1610612754","Indiana Pacers",2024,"0022300691","20240202",-6.6,33.15,FALSE
1630169,"Tyrese Haliburton","1610612754","Indiana Pacers",2024,"0022300691","20240202",8.9,14.45,FALSE
1630169,"Tyrese Haliburton","1610612754","Indiana Pacers",2024,"0022300691","20240202",-4.4,7.55,TRUE
1630169,"Tyrese Haliburton","1610612754","Indiana Pacers",2024,"0022300691","20240202",-1.8,6.05,FALSE
1630169,"Tyrese Haliburton","1610612754","Indiana Pacers",2024,"0022300691","20240202",-20,23.05,TRUE
1630169,"Tyrese Haliburton","1610612754","Indiana Pacers",2024,"0022300691","20240202",24.4,4.85,FALSE
1630169,"Tyrese Haliburton","1610612754","Indiana Pacers",2024,"0022300691","20240202",0.6,14.15,TRUE
1630169,"Tyrese Haliburton","1610612754","Indiana Pacers",2024,"0022300691","20240202",0.2,20.55,TRUE
1630169,"Tyrese Haliburton","1610612754","Indiana Pacers",2024,"0022300707","20240204",-17.6,25.15,FALSE
1630169,"Tyrese Haliburton","1610612754","Indiana Pacers",2024,"0022300707","20240204",-12.4,18.85,TRUE
1630169,"Tyrese Haliburton","1610612754","Indiana Pacers",2024,"0022300707","20240204",-21.4,20.15,FALSE
1630169,"Tyrese Haliburton","1610612754","Indiana Pacers",2024,"0022300707","20240204",4.2,33.15,TRUE
1630169,"Tyrese Haliburton","1610612754","Indiana Pacers",2024,"0022300707","20240204",-1,31.95,TRUE
1630169,"Tyrese Haliburton","1610612754","Indiana Pacers",2024,"0022300707","20240204",3.2,19.55,TRUE
1630169,"Tyrese Haliburton","1610612754","Indiana Pacers",2024,"0022300707","20240204",-15.9,29.15,TRUE
1630169,"Tyrese Haliburton","1610612754","Indiana Pacers",2024,"0022300707","20240204",-1,6.15,TRUE
1630169,"Tyrese Haliburton","1610612754","Indiana Pacers",2024,"0022300719","20240206",-11.5,16.95,FALSE
1630169,"Tyrese Haliburton","1610612754","Indiana Pacers",2024,"0022300719","20240206",-4.5,30.05,FALSE
1630169,"Tyrese Haliburton","1610612754","Indiana Pacers",2024,"0022300719","20240206",-2.5,12.05,TRUE
1630169,"Tyrese Haliburton","1610612754","Indiana Pacers",2024,"0022300719","20240206",8.6,11.45,TRUE
1630169,"Tyrese Haliburton","1610612754","Indiana Pacers",2024,"0022300719","20240206",17.5,23.75,FALSE
1630169,"Tyrese Haliburton","1610612754","Indiana Pacers",2024,"0022300719","20240206",-1.2,4.75,FALSE
1630169,"Tyrese Haliburton","1610612754","Indiana Pacers",2024,"0022300719","20240206",15,27.35,TRUE
1630169,"Tyrese Haliburton","1610612754","Indiana Pacers",2024,"0022300719","20240206",-2.5,5.85,TRUE
1630169,"Tyrese Haliburton","1610612754","Indiana Pacers",2024,"0022300719","20240206",-6.9,30.95,TRUE
1630169,"Tyrese Haliburton","1610612754","Indiana Pacers",2024,"0022300719","20240206",22.9,11.25,FALSE
1630169,"Tyrese Haliburton","1610612754","Indiana Pacers",2024,"0022300719","20240206",-12.3,28.75,FALSE
1630169,"Tyrese Haliburton","1610612754","Indiana Pacers",2024,"0022300719","20240206",-2.6,6.95,TRUE
1630169,"Tyrese Haliburton","1610612754","Indiana Pacers",2024,"0022300719","20240206",-1.3,26.85,TRUE
1630169,"Tyrese Haliburton","1610612754","Indiana Pacers",2024,"0022300719","20240206",-2.8,6.05,FALSE
1630169,"Tyrese Haliburton","1610612754","Indiana Pacers",2024,"0022300719","20240206",-3.2,8.55,TRUE
1630169,"Tyrese Haliburton","1610612754","Indiana Pacers",2024,"0022300733","20240208",-23,5.55,FALSE
1630169,"Tyrese Haliburton","1610612754","Indiana Pacers",2024,"0022300733","20240208",-6.9,32.65,FALSE
1630169,"Tyrese Haliburton","1610612754","Indiana Pacers",2024,"0022300733","20240208",-0.6,15.75,FALSE
1630169,"Tyrese Haliburton","1610612754","Indiana Pacers",2024,"0022300733","20240208",2.6,12.15,FALSE
1630169,"Tyrese Haliburton","1610612754","Indiana Pacers",2024,"0022300733","20240208",-11,29.35,FALSE
1630169,"Tyrese Haliburton","1610612754","Indiana Pacers",2024,"0022300733","20240208",3.1,30.95,TRUE
1630169,"Tyrese Haliburton","1610612754","Indiana Pacers",2024,"0022300733","20240208",2.1,13.25,TRUE
1630169,"Tyrese Haliburton","1610612754","Indiana Pacers",2024,"0022300755","20240210",14.1,27.35,FALSE
1630169,"Tyrese Haliburton","1610612754","Indiana Pacers",2024,"0022300755","20240210",-14.3,28.75,TRUE
1630169,"Tyrese Haliburton","1610612754","Indiana Pacers",2024,"0022300755","20240210",-23.5,5.25,TRUE
1630169,"Tyrese Haliburton","1610612754","Indiana Pacers",2024,"0022300755","20240210",-11.6,22.85,TRUE
1630169,"Tyrese Haliburton","1610612754","Indiana Pacers",2024,"0022300755","20240210",22.3,6.65,FALSE
1630169,"Tyrese Haliburton","1610612754","Indiana Pacers",2024,"0022300755","20240210",16.3,26.35,FALSE
1630169,"Tyrese Haliburton","1610612754","Indiana Pacers",2024,"0022300755","20240210",-0.2,12.15,FALSE
1630169,"Tyrese Haliburton","1610612754","Indiana Pacers",2024,"0022300755","20240210",8.6,9.45,FALSE
1630169,"Tyrese Haliburton","1610612754","Indiana Pacers",2024,"0022300755","20240210",-17.2,23.75,FALSE
1630169,"Tyrese Haliburton","1610612754","Indiana Pacers",2024,"0022300755","20240210",-12.6,33.15,TRUE
1630169,"Tyrese Haliburton","1610612754","Indiana Pacers",2024,"0022300755","20240210",-0.6,30.85,FALSE
1630169,"Tyrese Haliburton","1610612754","Indiana Pacers",2024,"0022300755","20240210",-0.5,4.75,TRUE
1630169,"Tyrese Haliburton","1610612754","Indiana Pacers",2024,"0022300755","20240210",22.9,18.05,TRUE
1630169,"Tyrese Haliburton","1610612754","Indiana Pacers",2024,"0022300755","20240210",5.3,7.75,TRUE
1630169,"Tyrese Haliburton","1610612754","Indiana Pacers",2024,"0022300761","20240212",-12.3,28.75,FALSE
1630169,"Tyrese Haliburton","1610612754","Indiana Pacers",2024,"0022300761","20240212",0.1,5.35,TRUE
1630169,"Tyrese Haliburton","1610612754","Indiana Pacers",2024,"0022300761","20240212",-1.6,6.95,FALSE
1630169,"Tyrese Haliburton","1610612754","Indiana Pacers",2024,"0022300761","20240212",15,26.05,TRUE
1630169,"Tyrese Haliburton","1610612754","Indiana Pacers",2024,"0022300761","20240212",-11.2,29.45,FALSE
1630169,"Tyrese Haliburton","1610612754","Indiana Pacers",2024,"0022300761","20240212",-1,5.55,TRUE
1630169,"Tyrese Haliburton","1610612754","Indiana Pacers",2024,"0022300761","20240212",-1.3,6.75,FALSE
1630169,"Tyrese Haliburton","1610612754","Indiana Pacers",2024,"0022300761","20240212",9.9,32.45,FALSE
1630169,"Tyrese Haliburton","1610612754","Indiana Pacers",2024,"0022300761","20240212",10.5,31.95,TRUE
1630169,"Tyrese Haliburton","1610612754","Indiana Pacers",2024,"0022300761","20240212",0,11.65,FALSE
1630169,"Tyrese Haliburton","1610612754","Indiana Pacers",2024,"0022300761","20240212",-10.3,12.15,FALSE
1630169,"Tyrese Haliburton","1610612754","Indiana Pacers",2024,"0022300761","20240212",14.6,28.25,FALSE
1630169,"Tyrese Haliburton","1610612754","Indiana Pacers",2024,"0022300761","20240212",-2.2,7.25,FALSE
1630169,"Tyrese Haliburton","1610612754","Indiana Pacers",2024,"0022300761","20240212",-2.3,34.75,TRUE
1630169,"Tyrese Haliburton","1610612754","Indiana Pacers",2024,"0022300761","20240212",-19.5,23.65,FALSE
1630169,"Tyrese Haliburton","1610612754","Indiana Pacers",2024,"0022300782","20240214",-1.3,16.85,FALSE
1630169,"Tyrese Haliburton","1610612754","Indiana Pacers",2024,"0022300782","20240214",-0.1,33.35,TRUE
1630169,"Tyrese Haliburton","1610612754","Indiana Pacers",2024,"0022300782","20240214",-19,22.85,TRUE
1630169,"Tyrese Haliburton","1610612754","Indiana Pacers",2024,"0022300782","20240214",14.7,25.75,TRUE
1630169,"Tyrese Haliburton","1610612754","Indiana Pacers",2024,"0022300782","20240214",16.8,26.35,FALSE
1630169,"Tyrese Haliburton","1610612754","Indiana Pacers",2024,"0022300782","20240214",7,32.95,FALSE
1630169,"Tyrese Haliburton","1610612754","Indiana Pacers",2024,"0022300782","20240214",6.4,30.35,TRUE
1630169,"Tyrese Haliburton","1610612754","Indiana Pacers",2024,"0022300782","20240214",5.8,12.55,TRUE
1630169,"Tyrese Haliburton","1610612754","Indiana Pacers",2024,"0022300782","20240214",-0.6,31.65,FALSE
1630169,"Tyrese Haliburton","1610612754","Indiana Pacers",2024,"0022300782","20240214",-10,20.95,FALSE
1630169,"Tyrese Haliburton","1610612754","Indiana Pacers",2024,"0022300782","20240214",10,30.85,TRUE
1630169,"Tyrese Haliburton","1610612754","Indiana Pacers",2024,"0022300782","20240214",-2.2,32.05,FALSE
1630169,"Tyrese Haliburton","1610612754","Indiana Pacers",2024,"0022300782","20240214",4.7,10.25,FALSE
1630169,"Tyrese Haliburton","1610612754","Indiana Pacers",2024,"0022300793","20240222",-1.1,31.65,TRUE
1630169,"Tyrese Haliburton","1610612754","Indiana Pacers",2024,"0022300793","20240222",-22.7,14.65,TRUE
1630169,"Tyrese Haliburton","1610612754","Indiana Pacers",2024,"0022300793","20240222",-13.1,28.85,TRUE
1630169,"Tyrese Haliburton","1610612754","Indiana Pacers",2024,"0022300793","20240222",2.6,6.15,TRUE
1630169,"Tyrese Haliburton","1610612754","Indiana Pacers",2024,"0022300793","20240222",5.6,36.75,FALSE
1630169,"Tyrese Haliburton","1610612754","Indiana Pacers",2024,"0022300793","20240222",-1.8,10.25,FALSE
1630169,"Tyrese Haliburton","1610612754","Indiana Pacers",2024,"0022300793","20240222",-0.7,6.85,TRUE
1630169,"Tyrese Haliburton","1610612754","Indiana Pacers",2024,"0022300793","20240222",-1,5.75,TRUE
1630169,"Tyrese Haliburton","1610612754","Indiana Pacers",2024,"0022300793","20240222",-7.5,30.25,FALSE
1630169,"Tyrese Haliburton","1610612754","Indiana Pacers",2024,"0022300793","20240222",10.2,10.25,FALSE
1630169,"Tyrese Haliburton","1610612754","Indiana Pacers",2024,"0022300793","20240222",1.3,32.55,TRUE
1630169,"Tyrese Haliburton","1610612754","Indiana Pacers",2024,"0022300793","20240222",-14.7,12.75,TRUE
1630169,"Tyrese Haliburton","1610612754","Indiana Pacers",2024,"0022300793","20240222",13.6,10.15,TRUE
1630169,"Tyrese Haliburton","1610612754","Indiana Pacers",2024,"0022300793","20240222",-4.2,31.65,FALSE
1630169,"Tyrese Haliburton","1610612754","Indiana Pacers",2024,"0022300793","20240222",22.9,18.25,FALSE
1630169,"Tyrese Haliburton","1610612754","Indiana Pacers",2024,"0022300793","20240222",-3.3,6.55,TRUE
1630169,"Tyrese Haliburton","1610612754","Indiana Pacers",2024,"0022300793","20240222",15.1,26.85,FALSE
1630169,"Tyrese Haliburton","1610612754","Indiana Pacers",2024,"0022300793","20240222",11.5,30.35,FALSE
1630169,"Tyrese Haliburton","1610612754","Indiana Pacers",2024,"0022300819","20240225",-13.4,15.35,TRUE
1630169,"Tyrese Haliburton","1610612754","Indiana Pacers",2024,"0022300819","20240225",2,6.45,FALSE
1630169,"Tyrese Haliburton","1610612754","Indiana Pacers",2024,"0022300819","20240225",-0.9,6.75,TRUE
1630169,"Tyrese Haliburton","1610612754","Indiana Pacers",2024,"0022300819","20240225",1.8,7.55,TRUE
1630169,"Tyrese Haliburton","1610612754","Indiana Pacers",2024,"0022300819","20240225",-13.8,16.55,FALSE
1630169,"Tyrese Haliburton","1610612754","Indiana Pacers",2024,"0022300819","20240225",-14.7,6.35,TRUE
1630169,"Tyrese Haliburton","1610612754","Indiana Pacers",2024,"0022300819","20240225",-3.4,6.75,TRUE
1630169,"Tyrese Haliburton","1610612754","Indiana Pacers",2024,"0022300819","20240225",1.1,30.95,FALSE
1630169,"Tyrese Haliburton","1610612754","Indiana Pacers",2024,"0022300819","20240225",-10.8,9.45,TRUE
1630169,"Tyrese Haliburton","1610612754","Indiana Pacers",2024,"0022300819","20240225",19.5,30.95,FALSE
1630169,"Tyrese Haliburton","1610612754","Indiana Pacers",2024,"0022300819","20240225",-3.8,31.05,TRUE
1630169,"Tyrese Haliburton","1610612754","Indiana Pacers",2024,"0022300819","20240225",-23.2,17.45,FALSE
1630169,"Tyrese Haliburton","1610612754","Indiana Pacers",2024,"0022300819","20240225",-2.8,5.75,TRUE
1630169,"Tyrese Haliburton","1610612754","Indiana Pacers",2024,"0022300819","20240225",7.8,29.45,FALSE
1630169,"Tyrese Haliburton","1610612754","Indiana Pacers",2024,"0022300819","20240225",4.2,9.35,FALSE
1630169,"Tyrese Haliburton","1610612754","Indiana Pacers",2024,"0022300829","20240226",-5.3,9.85,FALSE
1630169,"Tyrese Haliburton","1610612754","Indiana Pacers",2024,"0022300829","20240226",-13,29.15,FALSE
1630169,"Tyrese Haliburton","1610612754","Indiana Pacers",2024,"0022300829","20240226",-19.1,15.75,TRUE
1630169,"Tyrese Haliburton","1610612754","Indiana Pacers",2024,"0022300829","20240226",-17.5,29.25,FALSE
1630169,"Tyrese Haliburton","1610612754","Indiana Pacers",2024,"0022300829","20240226",-2.6,6.95,FALSE
1630169,"Tyrese Haliburton","1610612754","Indiana Pacers",2024,"0022300829","20240226",-23.3,5.85,FALSE
1630169,"Tyrese Haliburton","1610612754","Indiana Pacers",2024,"0022300829","20240226",1.2,6.75,FALSE
1630169,"Tyrese Haliburton","1610612754","Indiana Pacers",2024,"0022300829","20240226",-2.3,6.55,FALSE
1630169,"Tyrese Haliburton","1610612754","Indiana Pacers",2024,"0022300829","20240226",-23.2,5.35,FALSE
1630169,"Tyrese Haliburton","1610612754","Indiana Pacers",2024,"0022300829","20240226",13.1,27.95,TRUE
1630169,"Tyrese Haliburton","1610612754","Indiana Pacers",2024,"0022300829","20240226",-9.3,30.85,FALSE
1630169,"Tyrese Haliburton","1610612754","Indiana Pacers",2024,"0022300843","20240228",-2.2,7.35,FALSE
1630169,"Tyrese Haliburton","1610612754","Indiana Pacers",2024,"0022300843","20240228",-13.5,22.95,FALSE
1630169,"Tyrese Haliburton","1610612754","Indiana Pacers",2024,"0022300843","20240228",-21,18.45,TRUE
1630169,"Tyrese Haliburton","1610612754","Indiana Pacers",2024,"0022300843","20240228",-1.2,13.45,TRUE
1630169,"Tyrese Haliburton","1610612754","Indiana Pacers",2024,"0022300843","20240228",0.6,34.05,FALSE
1630169,"Tyrese Haliburton","1610612754","Indiana Pacers",2024,"0022300843","20240228",-3.1,14.65,FALSE
1630169,"Tyrese Haliburton","1610612754","Indiana Pacers",2024,"0022300843","20240228",21.9,19.55,FALSE
1630169,"Tyrese Haliburton","1610612754","Indiana Pacers",2024,"0022300843","20240228",12.1,12.65,TRUE
1630169,"Tyrese Haliburton","1610612754","Indiana Pacers",2024,"0022300843","20240228",17.8,28.75,FALSE
1630169,"Tyrese Haliburton","1610612754","Indiana Pacers",2024,"0022300843","20240228",23.4,18.85,FALSE
1630169,"Tyrese Haliburton","1610612754","Indiana Pacers",2024,"0022300843","20240228",20.7,21.95,TRUE
1630169,"Tyrese Haliburton","1610612754","Indiana Pacers",2024,"0022300843","20240228",-0.6,7.85,TRUE
1630169,"Tyrese Haliburton","1610612754","Indiana Pacers",2024,"0022300843","20240228",-10.3,18.25,TRUE
1630169,"Tyrese Haliburton","1610612754","Indiana Pacers",2024,"0022300843","20240228",-14.7,26.15,FALSE
1630169,"Tyrese Haliburton","1610612754","Indiana Pacers",2024,"0022300843","20240228",-10.5,28.85,TRUE
1630169,"Tyrese Haliburton","1610612754","Indiana Pacers",2024,"0022300863","20240301",18.4,23.05,FALSE
1630169,"Tyrese Haliburton","1610612754","Indiana Pacers",2024,"0022300863","20240301",-23.5,5.65,FALSE
1630169,"Tyrese Haliburton","1610612754","Indiana Pacers",2024,"0022300863","20240301",-22.2,22.85,FALSE
1630169,"Tyrese Haliburton","1610612754","Indiana Pacers",2024,"0022300863","20240301",-18.8,22.25,FALSE
1630169,"Tyrese Haliburton","1610612754","Indiana Pacers",2024,"0022300863","20240301",-8.1,11.15,FALSE
1630169,"Tyrese Haliburton","1610612754","Indiana Pacers",2024,"0022300863","20240301",20.6,21.15,FALSE
1630169,"Tyrese Haliburton","1610612754","Indiana Pacers",2024,"0022300863","20240301",21.4,19.05,FALSE
1630169,"Tyrese Haliburton","1610612754","Indiana Pacers",2024,"0022300877","20240303",8.3,30.15,FALSE
1630169,"Tyrese Haliburton","1610612754","Indiana Pacers",2024,"0022300877","20240303",0,11.25,TRUE
1630169,"Tyrese Haliburton","1610612754","Indiana Pacers",2024,"0022300877","20240303",-17.9,21.25,FALSE
1630169,"Tyrese Haliburton","1610612754","Indiana Pacers",2024,"0022300877","20240303",0.2,9.15,FALSE
1630169,"Tyrese Haliburton","1610612754","Indiana Pacers",2024,"0022300877","20240303",-0.1,11.65,FALSE
1630169,"Tyrese Haliburton","1610612754","Indiana Pacers",2024,"0022300877","20240303",0,5.25,TRUE
1630169,"Tyrese Haliburton","1610612754","Indiana Pacers",2024,"0022300877","20240303",-1.7,14.65,TRUE
1630169,"Tyrese Haliburton","1610612754","Indiana Pacers",2024,"0022300877","20240303",-13.1,30.05,FALSE
1630169,"Tyrese Haliburton","1610612754","Indiana Pacers",2024,"0022300877","20240303",0.4,6.25,FALSE
1630169,"Tyrese Haliburton","1610612754","Indiana Pacers",2024,"0022300877","20240303",-20.6,22.95,FALSE
1630169,"Tyrese Haliburton","1610612754","Indiana Pacers",2024,"0022300877","20240303",-1.7,5.75,TRUE
1630169,"Tyrese Haliburton","1610612754","Indiana Pacers",2024,"0022300877","20240303",0.4,10.25,FALSE
1630169,"Tyrese Haliburton","1610612754","Indiana Pacers",2024,"0022300877","20240303",-13.4,28.45,FALSE
1630169,"Tyrese Haliburton","1610612754","Indiana Pacers",2024,"0022300877","20240303",-7.4,23.05,FALSE
1630169,"Tyrese Haliburton","1610612754","Indiana Pacers",2024,"0022300877","20240303",-11.6,29.15,FALSE
1630169,"Tyrese Haliburton","1610612754","Indiana Pacers",2024,"0022300877","20240303",2.2,4.85,FALSE
1630169,"Tyrese Haliburton","1610612754","Indiana Pacers",2024,"0022300892","20240305",10.7,14.15,TRUE
1630169,"Tyrese Haliburton","1610612754","Indiana Pacers",2024,"0022300892","20240305",-7.1,32.05,FALSE
1630169,"Tyrese Haliburton","1610612754","Indiana Pacers",2024,"0022300892","20240305",-13.8,17.35,TRUE
1630169,"Tyrese Haliburton","1610612754","Indiana Pacers",2024,"0022300892","20240305",20.5,19.95,FALSE
1630169,"Tyrese Haliburton","1610612754","Indiana Pacers",2024,"0022300892","20240305",-0.4,5.85,TRUE
1630169,"Tyrese Haliburton","1610612754","Indiana Pacers",2024,"0022300892","20240305",-1.6,31.05,TRUE
1630169,"Tyrese Haliburton","1610612754","Indiana Pacers",2024,"0022300892","20240305",10.2,29.25,TRUE
1630169,"Tyrese Haliburton","1610612754","Indiana Pacers",2024,"0022300892","20240305",9.8,9.45,TRUE
1630169,"Tyrese Haliburton","1610612754","Indiana Pacers",2024,"0022300892","20240305",3.8,30.95,FALSE
1630169,"Tyrese Haliburton","1610612754","Indiana Pacers",2024,"0022300892","20240305",-1.7,7.25,TRUE
1630169,"Tyrese Haliburton","1610612754","Indiana Pacers",2024,"0022300892","20240305",-18.9,23.05,FALSE
1630169,"Tyrese Haliburton","1610612754","Indiana Pacers",2024,"0022300892","20240305",-16.2,25.15,FALSE
1630169,"Tyrese Haliburton","1610612754","Indiana Pacers",2024,"0022300892","20240305",17.3,22.65,FALSE
1630169,"Tyrese Haliburton","1610612754","Indiana Pacers",2024,"0022300892","20240305",-19.6,22.85,FALSE
1630169,"Tyrese Haliburton","1610612754","Indiana Pacers",2024,"0022300892","20240305",9.7,28.35,TRUE
1630169,"Tyrese Haliburton","1610612754","Indiana Pacers",2024,"0022300903","20240307",3.6,17.45,TRUE
1630169,"Tyrese Haliburton","1610612754","Indiana Pacers",2024,"0022300903","20240307",2.5,31.65,FALSE
1630169,"Tyrese Haliburton","1610612754","Indiana Pacers",2024,"0022300903","20240307",2.2,8.85,TRUE
1630169,"Tyrese Haliburton","1610612754","Indiana Pacers",2024,"0022300903","20240307",2.8,33.65,FALSE
1630169,"Tyrese Haliburton","1610612754","Indiana Pacers",2024,"0022300903","20240307",-11.8,29.15,FALSE
1630169,"Tyrese Haliburton","1610612754","Indiana Pacers",2024,"0022300903","20240307",-0.5,18.45,TRUE
1630169,"Tyrese Haliburton","1610612754","Indiana Pacers",2024,"0022300903","20240307",1.1,24.15,TRUE
1630169,"Tyrese Haliburton","1610612754","Indiana Pacers",2024,"0022300903","20240307",14.6,27.05,FALSE
1630169,"Tyrese Haliburton","1610612754","Indiana Pacers",2024,"0022300903","20240307",-0.1,8.05,TRUE
1630169,"Tyrese Haliburton","1610612754","Indiana Pacers",2024,"0022300903","20240307",6.1,16.85,FALSE
1630169,"Tyrese Haliburton","1610612754","Indiana Pacers",2024,"0022300903","20240307",-4.5,30.55,TRUE
1630169,"Tyrese Haliburton","1610612754","Indiana Pacers",2024,"0022300903","20240307",-0.4,33.25,TRUE
1630169,"Tyrese Haliburton","1610612754","Indiana Pacers",2024,"0022300903","20240307",1.6,13.25,TRUE
1630169,"Tyrese Haliburton","1610612754","Indiana Pacers",2024,"0022300903","20240307",-9.7,30.65,FALSE
1630169,"Tyrese Haliburton","1610612754","Indiana Pacers",2024,"0022300903","20240307",-3.2,6.85,TRUE
1630169,"Tyrese Haliburton","1610612754","Indiana Pacers",2024,"0022300928","20240310",-11.5,32.45,FALSE
1630169,"Tyrese Haliburton","1610612754","Indiana Pacers",2024,"0022300928","20240310",-23.3,10.65,FALSE
1630169,"Tyrese Haliburton","1610612754","Indiana Pacers",2024,"0022300928","20240310",4.9,19.95,FALSE
1630169,"Tyrese Haliburton","1610612754","Indiana Pacers",2024,"0022300928","20240310",-1.8,32.15,FALSE
1630169,"Tyrese Haliburton","1610612754","Indiana Pacers",2024,"0022300928","20240310",12.7,29.45,TRUE
1630169,"Tyrese Haliburton","1610612754","Indiana Pacers",2024,"0022300928","20240310",1.7,6.85,TRUE
1630169,"Tyrese Haliburton","1610612754","Indiana Pacers",2024,"0022300928","20240310",-13.6,32.65,FALSE
1630169,"Tyrese Haliburton","1610612754","Indiana Pacers",2024,"0022300928","20240310",2.2,15.65,FALSE
1630169,"Tyrese Haliburton","1610612754","Indiana Pacers",2024,"0022300928","20240310",-11.9,9.55,TRUE
1630169,"Tyrese Haliburton","1610612754","Indiana Pacers",2024,"0022300928","20240310",-0.9,7.25,TRUE
1630169,"Tyrese Haliburton","1610612754","Indiana Pacers",2024,"0022300928","20240310",-6.5,11.25,TRUE
1630169,"Tyrese Haliburton","1610612754","Indiana Pacers",2024,"0022300928","20240310",-1.3,7.05,TRUE
1630169,"Tyrese Haliburton","1610612754","Indiana Pacers",2024,"0022300928","20240310",-0.6,11.45,FALSE
1630169,"Tyrese Haliburton","1610612754","Indiana Pacers",2024,"0022300928","20240310",-17.5,24.65,FALSE
1630169,"Tyrese Haliburton","1610612754","Indiana Pacers",2024,"0022300928","20240310",0.2,7.25,FALSE
1630169,"Tyrese Haliburton","1610612754","Indiana Pacers",2024,"0022300941","20240312",-6.5,23.55,TRUE
1630169,"Tyrese Haliburton","1610612754","Indiana Pacers",2024,"0022300941","20240312",-14.2,12.15,FALSE
1630169,"Tyrese Haliburton","1610612754","Indiana Pacers",2024,"0022300941","20240312",9.1,29.95,FALSE
1630169,"Tyrese Haliburton","1610612754","Indiana Pacers",2024,"0022300941","20240312",-1.6,10.35,TRUE
1630169,"Tyrese Haliburton","1610612754","Indiana Pacers",2024,"0022300941","20240312",19.1,19.95,FALSE
1630169,"Tyrese Haliburton","1610612754","Indiana Pacers",2024,"0022300941","20240312",19.4,21.55,TRUE
1630169,"Tyrese Haliburton","1610612754","Indiana Pacers",2024,"0022300941","20240312",-3.9,8.35,TRUE
1630169,"Tyrese Haliburton","1610612754","Indiana Pacers",2024,"0022300941","20240312",-13.8,16.25,FALSE
1630169,"Tyrese Haliburton","1610612754","Indiana Pacers",2024,"0022300941","20240312",-3.7,7.05,TRUE
1630169,"Tyrese Haliburton","1610612754","Indiana Pacers",2024,"0022300941","20240312",-3.2,32.75,FALSE
1630169,"Tyrese Haliburton","1610612754","Indiana Pacers",2024,"0022300941","20240312",3.1,7.75,TRUE
1630169,"Tyrese Haliburton","1610612754","Indiana Pacers",2024,"0022300941","20240312",-21.1,18.45,FALSE
1630169,"Tyrese Haliburton","1610612754","Indiana Pacers",2024,"0022300941","20240312",-1.3,6.85,FALSE
1630169,"Tyrese Haliburton","1610612754","Indiana Pacers",2024,"0022300941","20240312",-0.6,6.85,TRUE
1630169,"Tyrese Haliburton","1610612754","Indiana Pacers",2024,"0022300941","20240312",9.4,32.95,TRUE
1630169,"Tyrese Haliburton","1610612754","Indiana Pacers",2024,"0022300948","20240313",2.6,8.15,TRUE
1630169,"Tyrese Haliburton","1610612754","Indiana Pacers",2024,"0022300948","20240313",-6.6,32.45,TRUE
1630169,"Tyrese Haliburton","1610612754","Indiana Pacers",2024,"0022300948","20240313",-3.6,8.25,FALSE
1630169,"Tyrese Haliburton","1610612754","Indiana Pacers",2024,"0022300948","20240313",-1.2,6.15,TRUE
1630169,"Tyrese Haliburton","1610612754","Indiana Pacers",2024,"0022300948","20240313",-14,16.65,TRUE
1630169,"Tyrese Haliburton","1610612754","Indiana Pacers",2024,"0022300948","20240313",9.4,51.35,FALSE
1630169,"Tyrese Haliburton","1610612754","Indiana Pacers",2024,"0022300948","20240313",-14.8,27.75,FALSE
1630169,"Tyrese Haliburton","1610612754","Indiana Pacers",2024,"0022300948","20240313",-12.4,27.95,FALSE
1630169,"Tyrese Haliburton","1610612754","Indiana Pacers",2024,"0022300948","20240313",-3.6,7.05,TRUE
1630169,"Tyrese Haliburton","1610612754","Indiana Pacers",2024,"0022300948","20240313",-1,32.65,FALSE
1630169,"Tyrese Haliburton","1610612754","Indiana Pacers",2024,"0022300948","20240313",-0.5,10.55,FALSE
1630169,"Tyrese Haliburton","1610612754","Indiana Pacers",2024,"0022300948","20240313",-0.7,8.95,TRUE
1630169,"Tyrese Haliburton","1610612754","Indiana Pacers",2024,"0022300948","20240313",-21.6,17.85,FALSE
1630169,"Tyrese Haliburton","1610612754","Indiana Pacers",2024,"0022300968","20240316",-0.4,4.95,FALSE
1630169,"Tyrese Haliburton","1610612754","Indiana Pacers",2024,"0022300968","20240316",2.8,32.15,FALSE
1630169,"Tyrese Haliburton","1610612754","Indiana Pacers",2024,"0022300968","20240316",-14.3,30.85,FALSE
1630169,"Tyrese Haliburton","1610612754","Indiana Pacers",2024,"0022300968","20240316",-10.7,21.75,FALSE
1630169,"Tyrese Haliburton","1610612754","Indiana Pacers",2024,"0022300968","20240316",5.8,31.45,FALSE
1630169,"Tyrese Haliburton","1610612754","Indiana Pacers",2024,"0022300968","20240316",13.4,29.85,FALSE
1630169,"Tyrese Haliburton","1610612754","Indiana Pacers",2024,"0022300968","20240316",-0.7,10.95,TRUE
1630169,"Tyrese Haliburton","1610612754","Indiana Pacers",2024,"0022300968","20240316",19.6,30.65,FALSE
1630169,"Tyrese Haliburton","1610612754","Indiana Pacers",2024,"0022300968","20240316",20.6,54.85,FALSE
1630169,"Tyrese Haliburton","1610612754","Indiana Pacers",2024,"0022300968","20240316",10,29.45,FALSE
1630169,"Tyrese Haliburton","1610612754","Indiana Pacers",2024,"0022300968","20240316",-0.7,5.75,FALSE
1630169,"Tyrese Haliburton","1610612754","Indiana Pacers",2024,"0022300968","20240316",-10.5,12.75,TRUE
1630169,"Tyrese Haliburton","1610612754","Indiana Pacers",2024,"0022300968","20240316",2.6,6.65,TRUE
1630169,"Tyrese Haliburton","1610612754","Indiana Pacers",2024,"0022300968","20240316",-2.3,9.05,TRUE
1630169,"Tyrese Haliburton","1610612754","Indiana Pacers",2024,"0022300968","20240316",11,31.05,FALSE
1630169,"Tyrese Haliburton","1610612754","Indiana Pacers",2024,"0022300968","20240316",2.6,4.15,TRUE
1630169,"Tyrese Haliburton","1610612754","Indiana Pacers",2024,"0022300968","20240316",-14.2,31.55,TRUE
1630169,"Tyrese Haliburton","1610612754","Indiana Pacers",2024,"0022300968","20240316",-0.9,7.35,FALSE
1630169,"Tyrese Haliburton","1610612754","Indiana Pacers",2024,"0022300983","20240318",-22.3,5.45,FALSE
1630169,"Tyrese Haliburton","1610612754","Indiana Pacers",2024,"0022300983","20240318",-10.3,22.15,TRUE
1630169,"Tyrese Haliburton","1610612754","Indiana Pacers",2024,"0022300983","20240318",19.1,21.45,FALSE
1630169,"Tyrese Haliburton","1610612754","Indiana Pacers",2024,"0022300983","20240318",-16.9,27.55,FALSE
1630169,"Tyrese Haliburton","1610612754","Indiana Pacers",2024,"0022300983","20240318",-0.9,18.95,FALSE
1630169,"Tyrese Haliburton","1610612754","Indiana Pacers",2024,"0022300983","20240318",-12.7,15.45,FALSE
1630169,"Tyrese Haliburton","1610612754","Indiana Pacers",2024,"0022300983","20240318",-23,6.05,TRUE
1630169,"Tyrese Haliburton","1610612754","Indiana Pacers",2024,"0022300983","20240318",-5.3,12.35,TRUE
1630169,"Tyrese Haliburton","1610612754","Indiana Pacers",2024,"0022300983","20240318",-21.6,18.25,FALSE
1630169,"Tyrese Haliburton","1610612754","Indiana Pacers",2024,"0022300983","20240318",23.8,16.85,FALSE
1630169,"Tyrese Haliburton","1610612754","Indiana Pacers",2024,"0022300983","20240318",9.2,7.65,TRUE
1630169,"Tyrese Haliburton","1610612754","Indiana Pacers",2024,"0022300983","20240318",-1.2,32.55,FALSE
1630169,"Tyrese Haliburton","1610612754","Indiana Pacers",2024,"0022300983","20240318",-24.5,9.25,FALSE
1630169,"Tyrese Haliburton","1610612754","Indiana Pacers",2024,"0022300983","20240318",-15.3,43.05,FALSE
1630169,"Tyrese Haliburton","1610612754","Indiana Pacers",2024,"0022300997","20240320",8.6,22.05,FALSE
1630169,"Tyrese Haliburton","1610612754","Indiana Pacers",2024,"0022300997","20240320",20.2,23.25,FALSE
1630169,"Tyrese Haliburton","1610612754","Indiana Pacers",2024,"0022300997","20240320",-3.7,24.65,TRUE
1630169,"Tyrese Haliburton","1610612754","Indiana Pacers",2024,"0022300997","20240320",-2.3,5.65,TRUE
1630169,"Tyrese Haliburton","1610612754","Indiana Pacers",2024,"0022300997","20240320",2,5.65,TRUE
1630169,"Tyrese Haliburton","1610612754","Indiana Pacers",2024,"0022300997","20240320",-3.3,5.75,TRUE
1630169,"Tyrese Haliburton","1610612754","Indiana Pacers",2024,"0022300997","20240320",-17.5,24.45,FALSE
1630169,"Tyrese Haliburton","1610612754","Indiana Pacers",2024,"0022300997","20240320",0,10.35,TRUE
1630169,"Tyrese Haliburton","1610612754","Indiana Pacers",2024,"0022300997","20240320",-3.6,6.15,TRUE
1630169,"Tyrese Haliburton","1610612754","Indiana Pacers",2024,"0022300997","20240320",-4.4,5.75,TRUE
1630169,"Tyrese Haliburton","1610612754","Indiana Pacers",2024,"0022300997","20240320",-18.9,25.05,TRUE
1630169,"Tyrese Haliburton","1610612754","Indiana Pacers",2024,"0022300997","20240320",-16.2,17.95,FALSE
1630169,"Tyrese Haliburton","1610612754","Indiana Pacers",2024,"0022300997","20240320",-0.2,12.15,TRUE
1630169,"Tyrese Haliburton","1610612754","Indiana Pacers",2024,"0022301016","20240322",5.4,22.65,FALSE
1630169,"Tyrese Haliburton","1610612754","Indiana Pacers",2024,"0022301016","20240322",9.8,10.45,TRUE
1630169,"Tyrese Haliburton","1610612754","Indiana Pacers",2024,"0022301016","20240322",22.2,20.35,FALSE
1630169,"Tyrese Haliburton","1610612754","Indiana Pacers",2024,"0022301016","20240322",-16.2,26.65,TRUE
1630169,"Tyrese Haliburton","1610612754","Indiana Pacers",2024,"0022301016","20240322",17,25.95,TRUE
1630169,"Tyrese Haliburton","1610612754","Indiana Pacers",2024,"0022301016","20240322",-15.4,34.55,TRUE
1630169,"Tyrese Haliburton","1610612754","Indiana Pacers",2024,"0022301016","20240322",-22.7,12.65,FALSE
1630169,"Tyrese Haliburton","1610612754","Indiana Pacers",2024,"0022301016","20240322",2.9,8.65,FALSE
1630169,"Tyrese Haliburton","1610612754","Indiana Pacers",2024,"0022301016","20240322",-2.9,8.65,TRUE
1630169,"Tyrese Haliburton","1610612754","Indiana Pacers",2024,"0022301016","20240322",-17,3.55,FALSE
1630169,"Tyrese Haliburton","1610612754","Indiana Pacers",2024,"0022301016","20240322",-5.3,8.35,TRUE
1630169,"Tyrese Haliburton","1610612754","Indiana Pacers",2024,"0022301016","20240322",-5.4,10.05,TRUE
1630169,"Tyrese Haliburton","1610612754","Indiana Pacers",2024,"0022301016","20240322",-16,22.45,TRUE
1630169,"Tyrese Haliburton","1610612754","Indiana Pacers",2024,"0022301016","20240322",17.3,27.25,FALSE
1630169,"Tyrese Haliburton","1610612754","Indiana Pacers",2024,"0022301016","20240322",-2.3,11.55,FALSE
1630169,"Tyrese Haliburton","1610612754","Indiana Pacers",2024,"0022301016","20240322",-19.5,31.45,TRUE
1630169,"Tyrese Haliburton","1610612754","Indiana Pacers",2024,"0022301016","20240322",-4.2,9.75,FALSE
1630169,"Tyrese Haliburton","1610612754","Indiana Pacers",2024,"0022301016","20240322",9.8,30.75,FALSE
1630169,"Tyrese Haliburton","1610612754","Indiana Pacers",2024,"0022301032","20240324",-0.1,5.75,FALSE
1630169,"Tyrese Haliburton","1610612754","Indiana Pacers",2024,"0022301032","20240324",0,11.85,TRUE
1630169,"Tyrese Haliburton","1610612754","Indiana Pacers",2024,"0022301032","20240324",0.7,7.95,TRUE
1630169,"Tyrese Haliburton","1610612754","Indiana Pacers",2024,"0022301032","20240324",4,10.65,FALSE
1630169,"Tyrese Haliburton","1610612754","Indiana Pacers",2024,"0022301032","20240324",-15.6,27.35,FALSE
1630169,"Tyrese Haliburton","1610612754","Indiana Pacers",2024,"0022301032","20240324",-21.4,18.85,FALSE
1630169,"Tyrese Haliburton","1610612754","Indiana Pacers",2024,"0022301032","20240324",2.5,8.95,FALSE
1630169,"Tyrese Haliburton","1610612754","Indiana Pacers",2024,"0022301032","20240324",-15.4,20.75,FALSE
1630169,"Tyrese Haliburton","1610612754","Indiana Pacers",2024,"0022301032","20240324",-11.2,21.15,TRUE
1630169,"Tyrese Haliburton","1610612754","Indiana Pacers",2024,"0022301032","20240324",16.1,26.25,TRUE
1630169,"Tyrese Haliburton","1610612754","Indiana Pacers",2024,"0022301032","20240324",13.4,28.35,TRUE
1630169,"Tyrese Haliburton","1610612754","Indiana Pacers",2024,"0022301032","20240324",-4,36.85,FALSE
1630169,"Tyrese Haliburton","1610612754","Indiana Pacers",2024,"0022301032","20240324",0.2,45.45,FALSE
1630169,"Tyrese Haliburton","1610612754","Indiana Pacers",2024,"0022301043","20240325",4.2,29.85,TRUE
1630169,"Tyrese Haliburton","1610612754","Indiana Pacers",2024,"0022301043","20240325",14,26.05,TRUE
1630169,"Tyrese Haliburton","1610612754","Indiana Pacers",2024,"0022301043","20240325",-21.2,19.25,TRUE
1630169,"Tyrese Haliburton","1610612754","Indiana Pacers",2024,"0022301043","20240325",-17.4,24.55,TRUE
1630169,"Tyrese Haliburton","1610612754","Indiana Pacers",2024,"0022301043","20240325",-20.2,22.05,TRUE
1630169,"Tyrese Haliburton","1610612754","Indiana Pacers",2024,"0022301043","20240325",6.1,33.55,FALSE
1630169,"Tyrese Haliburton","1610612754","Indiana Pacers",2024,"0022301043","20240325",20,22.05,FALSE
1630169,"Tyrese Haliburton","1610612754","Indiana Pacers",2024,"0022301043","20240325",7.4,30.95,FALSE
1630169,"Tyrese Haliburton","1610612754","Indiana Pacers",2024,"0022301043","20240325",-9.6,11.15,FALSE
1630169,"Tyrese Haliburton","1610612754","Indiana Pacers",2024,"0022301043","20240325",-1.2,6.95,FALSE
1630169,"Tyrese Haliburton","1610612754","Indiana Pacers",2024,"0022301043","20240325",-14,28.75,TRUE
1630169,"Tyrese Haliburton","1610612754","Indiana Pacers",2024,"0022301043","20240325",0.6,8.15,TRUE
1630169,"Tyrese Haliburton","1610612754","Indiana Pacers",2024,"0022301054","20240327",-22.8,11.35,TRUE
1630169,"Tyrese Haliburton","1610612754","Indiana Pacers",2024,"0022301054","20240327",-15.1,26.15,TRUE
1630169,"Tyrese Haliburton","1610612754","Indiana Pacers",2024,"0022301054","20240327",7.2,6.85,FALSE
1630169,"Tyrese Haliburton","1610612754","Indiana Pacers",2024,"0022301054","20240327",-23.2,11.15,FALSE
1630169,"Tyrese Haliburton","1610612754","Indiana Pacers",2024,"0022301054","20240327",20.7,19.55,FALSE
1630169,"Tyrese Haliburton","1610612754","Indiana Pacers",2024,"0022301054","20240327",-16.3,24.75,FALSE
1630169,"Tyrese Haliburton","1610612754","Indiana Pacers",2024,"0022301054","20240327",14.3,9.55,FALSE
1630169,"Tyrese Haliburton","1610612754","Indiana Pacers",2024,"0022301054","20240327",9.1,29.55,FALSE
1630169,"Tyrese Haliburton","1610612754","Indiana Pacers",2024,"0022301054","20240327",23.2,4.65,FALSE
1630169,"Tyrese Haliburton","1610612754","Indiana Pacers",2024,"0022301054","20240327",15.6,30.95,TRUE
1630169,"Tyrese Haliburton","1610612754","Indiana Pacers",2024,"0022301054","20240327",-0.5,5.85,TRUE
1630169,"Tyrese Haliburton","1610612754","Indiana Pacers",2024,"0022301054","20240327",-22.5,3.15,FALSE
1630169,"Tyrese Haliburton","1610612754","Indiana Pacers",2024,"0022301054","20240327",-14.3,27.75,FALSE
1630169,"Tyrese Haliburton","1610612754","Indiana Pacers",2024,"0022301054","20240327",-23.2,5.15,FALSE
1630169,"Tyrese Haliburton","1610612754","Indiana Pacers",2024,"0022301054","20240327",0.2,27.05,FALSE
1630169,"Tyrese Haliburton","1610612754","Indiana Pacers",2024,"0022301063","20240329",6,22.85,FALSE
1630169,"Tyrese Haliburton","1610612754","Indiana Pacers",2024,"0022301063","20240329",-1.1,14.35,TRUE
1630169,"Tyrese Haliburton","1610612754","Indiana Pacers",2024,"0022301063","20240329",-11.6,28.55,TRUE
1630169,"Tyrese Haliburton","1610612754","Indiana Pacers",2024,"0022301063","20240329",-7,7.25,FALSE
1630169,"Tyrese Haliburton","1610612754","Indiana Pacers",2024,"0022301063","20240329",22.5,17.35,FALSE
1630169,"Tyrese Haliburton","1610612754","Indiana Pacers",2024,"0022301063","20240329",14.6,39.95,FALSE
1630169,"Tyrese Haliburton","1610612754","Indiana Pacers",2024,"0022301063","20240329",8.6,28.95,FALSE
1630169,"Tyrese Haliburton","1610612754","Indiana Pacers",2024,"0022301063","20240329",5.6,29.25,FALSE
1630169,"Tyrese Haliburton","1610612754","Indiana Pacers",2024,"0022301063","20240329",-14.1,27.75,TRUE
1630169,"Tyrese Haliburton","1610612754","Indiana Pacers",2024,"0022301063","20240329",-10.3,19.95,TRUE
1630169,"Tyrese Haliburton","1610612754","Indiana Pacers",2024,"0022301063","20240329",-8.9,33.65,FALSE
1630169,"Tyrese Haliburton","1610612754","Indiana Pacers",2024,"0022301063","20240329",-10.9,10.75,TRUE
1630169,"Tyrese Haliburton","1610612754","Indiana Pacers",2024,"0022301063","20240329",0.2,22.05,TRUE
1630169,"Tyrese Haliburton","1610612754","Indiana Pacers",2024,"0022301063","20240329",3.2,14.65,FALSE
1630169,"Tyrese Haliburton","1610612754","Indiana Pacers",2024,"0022301063","20240329",-11,30.05,TRUE
1630169,"Tyrese Haliburton","1610612754","Indiana Pacers",2024,"0022301089","20240401",-2.5,17.05,TRUE
1630169,"Tyrese Haliburton","1610612754","Indiana Pacers",2024,"0022301089","20240401",-9.7,29.85,TRUE
1630169,"Tyrese Haliburton","1610612754","Indiana Pacers",2024,"0022301089","20240401",-5.1,30.35,TRUE
1630169,"Tyrese Haliburton","1610612754","Indiana Pacers",2024,"0022301089","20240401",-2.5,6.45,TRUE
1630169,"Tyrese Haliburton","1610612754","Indiana Pacers",2024,"0022301089","20240401",12.1,27.35,TRUE
1630169,"Tyrese Haliburton","1610612754","Indiana Pacers",2024,"0022301089","20240401",-4.8,8.35,FALSE
1630169,"Tyrese Haliburton","1610612754","Indiana Pacers",2024,"0022301089","20240401",12.3,35.15,FALSE
1630169,"Tyrese Haliburton","1610612754","Indiana Pacers",2024,"0022301089","20240401",19.2,23.55,FALSE
1630169,"Tyrese Haliburton","1610612754","Indiana Pacers",2024,"0022301089","20240401",-0.2,6.45,TRUE
1630169,"Tyrese Haliburton","1610612754","Indiana Pacers",2024,"0022301089","20240401",-1.3,6.75,TRUE
1630169,"Tyrese Haliburton","1610612754","Indiana Pacers",2024,"0022301089","20240401",-2.7,6.35,FALSE
1630169,"Tyrese Haliburton","1610612754","Indiana Pacers",2024,"0022301089","20240401",22.7,5.85,FALSE
1630169,"Tyrese Haliburton","1610612754","Indiana Pacers",2024,"0022301089","20240401",-2.7,22.55,FALSE
1630169,"Tyrese Haliburton","1610612754","Indiana Pacers",2024,"0022301089","20240401",3.1,31.65,TRUE
1630169,"Tyrese Haliburton","1610612754","Indiana Pacers",2024,"0022301089","20240401",0.4,6.75,TRUE
1630169,"Tyrese Haliburton","1610612754","Indiana Pacers",2024,"0022301106","20240403",5.1,29.55,FALSE
1630169,"Tyrese Haliburton","1610612754","Indiana Pacers",2024,"0022301106","20240403",-8.7,34.45,TRUE
1630169,"Tyrese Haliburton","1610612754","Indiana Pacers",2024,"0022301106","20240403",17.2,23.65,TRUE
1630169,"Tyrese Haliburton","1610612754","Indiana Pacers",2024,"0022301106","20240403",4.5,32.85,FALSE
1630169,"Tyrese Haliburton","1610612754","Indiana Pacers",2024,"0022301106","20240403",-0.4,34.25,FALSE
1630169,"Tyrese Haliburton","1610612754","Indiana Pacers",2024,"0022301106","20240403",-2.7,6.95,FALSE
1630169,"Tyrese Haliburton","1610612754","Indiana Pacers",2024,"0022301106","20240403",5.9,12.35,FALSE
1630169,"Tyrese Haliburton","1610612754","Indiana Pacers",2024,"0022301106","20240403",-1.1,5.35,TRUE
1630169,"Tyrese Haliburton","1610612754","Indiana Pacers",2024,"0022301106","20240403",4.3,14.45,FALSE
1630169,"Tyrese Haliburton","1610612754","Indiana Pacers",2024,"0022301106","20240403",0,7.55,TRUE
1630169,"Tyrese Haliburton","1610612754","Indiana Pacers",2024,"0022301106","20240403",-19.6,19.45,FALSE
1630169,"Tyrese Haliburton","1610612754","Indiana Pacers",2024,"0022301106","20240403",1.2,9.65,FALSE
1630169,"Tyrese Haliburton","1610612754","Indiana Pacers",2024,"0022301106","20240403",-1,5.75,TRUE
1630169,"Tyrese Haliburton","1610612754","Indiana Pacers",2024,"0022301106","20240403",19.1,25.45,FALSE
1630169,"Tyrese Haliburton","1610612754","Indiana Pacers",2024,"0022301106","20240403",-1.2,32.65,TRUE
1630169,"Tyrese Haliburton","1610612754","Indiana Pacers",2024,"0022301106","20240403",-15.6,11.55,TRUE
1630169,"Tyrese Haliburton","1610612754","Indiana Pacers",2024,"0022301106","20240403",18.4,29.55,FALSE
1630169,"Tyrese Haliburton","1610612754","Indiana Pacers",2024,"0022301106","20240403",-7.4,31.65,FALSE
1630169,"Tyrese Haliburton","1610612754","Indiana Pacers",2024,"0022301106","20240403",23.8,6.75,TRUE
1630169,"Tyrese Haliburton","1610612754","Indiana Pacers",2024,"0022301106","20240403",11.9,31.95,FALSE
1630169,"Tyrese Haliburton","1610612754","Indiana Pacers",2024,"0022301106","20240403",-14.3,27.45,FALSE
1630169,"Tyrese Haliburton","1610612754","Indiana Pacers",2024,"0022301106","20240403",-0.5,34.05,TRUE
1630169,"Tyrese Haliburton","1610612754","Indiana Pacers",2024,"0022301116","20240405",-23.2,5.15,FALSE
1630169,"Tyrese Haliburton","1610612754","Indiana Pacers",2024,"0022301116","20240405",3.6,11.95,FALSE
1630169,"Tyrese Haliburton","1610612754","Indiana Pacers",2024,"0022301116","20240405",-10.9,30.05,FALSE
1630169,"Tyrese Haliburton","1610612754","Indiana Pacers",2024,"0022301116","20240405",-15.1,24.75,TRUE
1630169,"Tyrese Haliburton","1610612754","Indiana Pacers",2024,"0022301116","20240405",-3.6,7.35,TRUE
1630169,"Tyrese Haliburton","1610612754","Indiana Pacers",2024,"0022301116","20240405",-22.8,16.25,TRUE
1630169,"Tyrese Haliburton","1610612754","Indiana Pacers",2024,"0022301116","20240405",-22.8,13.15,FALSE
1630169,"Tyrese Haliburton","1610612754","Indiana Pacers",2024,"0022301116","20240405",-18.6,26.15,FALSE
1630169,"Tyrese Haliburton","1610612754","Indiana Pacers",2024,"0022301133","20240407",-19.1,21.45,TRUE
1630169,"Tyrese Haliburton","1610612754","Indiana Pacers",2024,"0022301133","20240407",-6.7,32.15,TRUE
1630169,"Tyrese Haliburton","1610612754","Indiana Pacers",2024,"0022301133","20240407",19.2,30.85,FALSE
1630169,"Tyrese Haliburton","1610612754","Indiana Pacers",2024,"0022301133","20240407",19.2,24.15,FALSE
1630169,"Tyrese Haliburton","1610612754","Indiana Pacers",2024,"0022301133","20240407",-21.9,19.85,FALSE
1630169,"Tyrese Haliburton","1610612754","Indiana Pacers",2024,"0022301133","20240407",-14.8,30.35,FALSE
1630169,"Tyrese Haliburton","1610612754","Indiana Pacers",2024,"0022301133","20240407",-3.9,32.35,FALSE
1630169,"Tyrese Haliburton","1610612754","Indiana Pacers",2024,"0022301133","20240407",-0.5,5.55,TRUE
1630169,"Tyrese Haliburton","1610612754","Indiana Pacers",2024,"0022301133","20240407",3.8,7.65,FALSE
1630169,"Tyrese Haliburton","1610612754","Indiana Pacers",2024,"0022301133","20240407",-11,21.05,FALSE
1630169,"Tyrese Haliburton","1610612754","Indiana Pacers",2024,"0022301146","20240409",-16.8,24.35,TRUE
1630169,"Tyrese Haliburton","1610612754","Indiana Pacers",2024,"0022301146","20240409",-11.3,27.95,TRUE
1630169,"Tyrese Haliburton","1610612754","Indiana Pacers",2024,"0022301146","20240409",21.3,22.85,FALSE
1630169,"Tyrese Haliburton","1610612754","Indiana Pacers",2024,"0022301146","20240409",-1,5.75,TRUE
1630169,"Tyrese Haliburton","1610612754","Indiana Pacers",2024,"0022301146","20240409",-24.1,6.55,FALSE
1630169,"Tyrese Haliburton","1610612754","Indiana Pacers",2024,"0022301146","20240409",-16.7,21.25,TRUE
1630169,"Tyrese Haliburton","1610612754","Indiana Pacers",2024,"0022301146","20240409",23,12.35,FALSE
1630169,"Tyrese Haliburton","1610612754","Indiana Pacers",2024,"0022301146","20240409",0,7.35,TRUE
1630169,"Tyrese Haliburton","1610612754","Indiana Pacers",2024,"0022301146","20240409",-0.2,5.35,TRUE
1630169,"Tyrese Haliburton","1610612754","Indiana Pacers",2024,"0022301146","20240409",6,31.25,TRUE
1630169,"Tyrese Haliburton","1610612754","Indiana Pacers",2024,"0022301146","20240409",-3.7,5.85,TRUE
1630169,"Tyrese Haliburton","1610612754","Indiana Pacers",2024,"0022301146","20240409",-1.7,7.35,FALSE
1630169,"Tyrese Haliburton","1610612754","Indiana Pacers",2024,"0022301146","20240409",-0.7,34.45,FALSE
1630169,"Tyrese Haliburton","1610612754","Indiana Pacers",2024,"0022301146","20240409",-0.4,6.05,TRUE
1630169,"Tyrese Haliburton","1610612754","Indiana Pacers",2024,"0022301146","20240409",-19.4,22.35,FALSE
1630169,"Tyrese Haliburton","1610612754","Indiana Pacers",2024,"0022301146","20240409",-0.7,5.65,TRUE
1630169,"Tyrese Haliburton","1610612754","Indiana Pacers",2024,"0022301174","20240412",-0.1,5.25,TRUE
1630169,"Tyrese Haliburton","1610612754","Indiana Pacers",2024,"0022301174","20240412",23.2,20.45,FALSE
1630169,"Tyrese Haliburton","1610612754","Indiana Pacers",2024,"0022301174","20240412",19.4,24.15,TRUE
1630169,"Tyrese Haliburton","1610612754","Indiana Pacers",2024,"0022301174","20240412",22.9,17.05,FALSE
1630169,"Tyrese Haliburton","1610612754","Indiana Pacers",2024,"0022301174","20240412",-21.9,18.65,TRUE
1630169,"Tyrese Haliburton","1610612754","Indiana Pacers",2024,"0022301174","20240412",23.7,7.55,FALSE
1630169,"Tyrese Haliburton","1610612754","Indiana Pacers",2024,"0022301174","20240412",24.5,6.35,FALSE
1630169,"Tyrese Haliburton","1610612754","Indiana Pacers",2024,"0022301174","20240412",8.9,31.95,TRUE
1630169,"Tyrese Haliburton","1610612754","Indiana Pacers",2024,"0022301174","20240412",-14,6.65,TRUE
1630169,"Tyrese Haliburton","1610612754","Indiana Pacers",2024,"0022301174","20240412",0.4,5.85,TRUE
1630169,"Tyrese Haliburton","1610612754","Indiana Pacers",2024,"0022301174","20240412",-2.5,32.45,TRUE
1630169,"Tyrese Haliburton","1610612754","Indiana Pacers",2024,"0022301174","20240412",-8.6,29.35,FALSE
1630169,"Tyrese Haliburton","1610612754","Indiana Pacers",2024,"0022301174","20240412",10.4,30.05,FALSE
1630169,"Tyrese Haliburton","1610612754","Indiana Pacers",2024,"0022301188","20240414",-23.4,10.45,FALSE
1630169,"Tyrese Haliburton","1610612754","Indiana Pacers",2024,"0022301188","20240414",-1.7,8.15,TRUE
1630169,"Tyrese Haliburton","1610612754","Indiana Pacers",2024,"0022301188","20240414",-0.4,6.25,TRUE
1630169,"Tyrese Haliburton","1610612754","Indiana Pacers",2024,"0022301188","20240414",-6.6,14.25,FALSE
1630169,"Tyrese Haliburton","1610612754","Indiana Pacers",2024,"0022301188","20240414",-21.2,19.55,FALSE
1630169,"Tyrese Haliburton","1610612754","Indiana Pacers",2024,"0022301188","20240414",-2,6.85,TRUE
1630169,"Tyrese Haliburton","1610612754","Indiana Pacers",2024,"0022301188","20240414",-18.5,24.55,FALSE
1630169,"Tyrese Haliburton","1610612754","Indiana Pacers",2024,"0022301188","20240414",-4.2,8.85,TRUE
1630169,"Tyrese Haliburton","1610612754","Indiana Pacers",2024,"0022301188","20240414",-0.9,6.75,TRUE
1630169,"Tyrese Haliburton","1610612754","Indiana Pacers",2024,"0022301188","20240414",-2.1,32.55,FALSE
1630169,"Tyrese Haliburton","1610612754","Indiana Pacers",2024,"0022301202","20231204",3.4,29.45,FALSE
1630169,"Tyrese Haliburton","1610612754","Indiana Pacers",2024,"0022301202","20231204",-0.9,16.15,TRUE
1630169,"Tyrese Haliburton","1610612754","Indiana Pacers",2024,"0022301202","20231204",20.7,23.25,FALSE
1630169,"Tyrese Haliburton","1610612754","Indiana Pacers",2024,"0022301202","20231204",0,5.25,TRUE
1630169,"Tyrese Haliburton","1610612754","Indiana Pacers",2024,"0022301202","20231204",-6,35.75,TRUE
1630169,"Tyrese Haliburton","1610612754","Indiana Pacers",2024,"0022301202","20231204",3.9,7.45,FALSE
1630169,"Tyrese Haliburton","1610612754","Indiana Pacers",2024,"0022301202","20231204",18.8,26.35,FALSE
1630169,"Tyrese Haliburton","1610612754","Indiana Pacers",2024,"0022301202","20231204",0.6,13.75,FALSE
1630169,"Tyrese Haliburton","1610612754","Indiana Pacers",2024,"0022301202","20231204",9.3,33.25,TRUE
1630169,"Tyrese Haliburton","1610612754","Indiana Pacers",2024,"0022301202","20231204",1.3,6.35,TRUE
1630169,"Tyrese Haliburton","1610612754","Indiana Pacers",2024,"0022301202","20231204",18.1,25.35,TRUE
1630169,"Tyrese Haliburton","1610612754","Indiana Pacers",2024,"0022301202","20231204",13.4,28.95,FALSE
1630169,"Tyrese Haliburton","1610612754","Indiana Pacers",2024,"0022301202","20231204",0.9,7.75,TRUE
1630169,"Tyrese Haliburton","1610612754","Indiana Pacers",2024,"0022301202","20231204",-0.4,9.05,TRUE
1630169,"Tyrese Haliburton","1610612754","Indiana Pacers",2024,"0022301202","20231204",15.3,31.95,FALSE
1630169,"Tyrese Haliburton","1610612754","Indiana Pacers",2024,"0022301202","20231204",-1.3,33.75,FALSE
1630169,"Tyrese Haliburton","1610612754","Indiana Pacers",2024,"0022301202","20231204",-16.9,25.65,TRUE
1630169,"Tyrese Haliburton","1610612754","Indiana Pacers",2024,"0022301202","20231204",-3.4,32.05,TRUE
1630169,"Tyrese Haliburton","1610612754","Indiana Pacers",2024,"0022301229","20231207",-1.6,6.05,TRUE
1630169,"Tyrese Haliburton","1610612754","Indiana Pacers",2024,"0022301229","20231207",-7.1,8.45,TRUE
1630169,"Tyrese Haliburton","1610612754","Indiana Pacers",2024,"0022301229","20231207",5.3,10.05,TRUE
1630169,"Tyrese Haliburton","1610612754","Indiana Pacers",2024,"0022301229","20231207",0.9,13.55,FALSE
1630169,"Tyrese Haliburton","1610612754","Indiana Pacers",2024,"0022301229","20231207",5.6,31.15,TRUE
1630169,"Tyrese Haliburton","1610612754","Indiana Pacers",2024,"0022301229","20231207",-18,28.25,FALSE
1630169,"Tyrese Haliburton","1610612754","Indiana Pacers",2024,"0022301229","20231207",3.1,31.55,FALSE
1630169,"Tyrese Haliburton","1610612754","Indiana Pacers",2024,"0022301229","20231207",-19,21.45,FALSE
1630169,"Tyrese Haliburton","1610612754","Indiana Pacers",2024,"0022301229","20231207",-7,11.55,TRUE
1630169,"Tyrese Haliburton","1610612754","Indiana Pacers",2024,"0022301229","20231207",-0.6,21.55,TRUE
1630169,"Tyrese Haliburton","1610612754","Indiana Pacers",2024,"0022301229","20231207",1.8,33.35,FALSE
1630169,"Tyrese Haliburton","1610612754","Indiana Pacers",2024,"0022301229","20231207",-23.7,9.25,FALSE
1630169,"Tyrese Haliburton","1610612754","Indiana Pacers",2024,"0022301229","20231207",-3.3,17.15,TRUE
1630169,"Tyrese Haliburton","1610612754","Indiana Pacers",2024,"0022301229","20231207",5.3,34.45,TRUE
1630169,"Tyrese Haliburton","1610612754","Indiana Pacers",2024,"0022301229","20231207",0,5.25,TRUE
1630169,"Tyrese Haliburton","1610612754","Indiana Pacers",2024,"0022301229","20231207",-14.1,9.75,FALSE
1630169,"Tyrese Haliburton","1610612754","Indiana Pacers",2024,"0022301229","20231207",-2.3,4.85,TRUE
1630169,"Tyrese Haliburton","1610612754","Indiana Pacers",2024,"0022301229","20231207",-1.3,35.05,FALSE
1630169,"Tyrese Haliburton","1610612754","Indiana Pacers",2024,"0022301229","20231207",17.6,23.25,TRUE
1630169,"Tyrese Haliburton","1610612754","Indiana Pacers",2025,"0022400009","20241115",-22.8,20.65,FALSE
1630169,"Tyrese Haliburton","1610612754","Indiana Pacers",2025,"0022400009","20241115",-6.2,31.65,FALSE
1630169,"Tyrese Haliburton","1610612754","Indiana Pacers",2025,"0022400009","20241115",7.6,23.15,FALSE
1630169,"Tyrese Haliburton","1610612754","Indiana Pacers",2025,"0022400009","20241115",19,26.95,TRUE
1630169,"Tyrese Haliburton","1610612754","Indiana Pacers",2025,"0022400009","20241115",-4.4,15.35,FALSE
1630169,"Tyrese Haliburton","1610612754","Indiana Pacers",2025,"0022400009","20241115",-11.5,22.65,TRUE
1630169,"Tyrese Haliburton","1610612754","Indiana Pacers",2025,"0022400009","20241115",-5,29.95,TRUE
1630169,"Tyrese Haliburton","1610612754","Indiana Pacers",2025,"0022400009","20241115",13.8,28.85,TRUE
1630169,"Tyrese Haliburton","1610612754","Indiana Pacers",2025,"0022400009","20241115",-12.9,29.35,TRUE
1630169,"Tyrese Haliburton","1610612754","Indiana Pacers",2025,"0022400009","20241115",-15.1,29.15,FALSE
1630169,"Tyrese Haliburton","1610612754","Indiana Pacers",2025,"0022400009","20241115",11.8,28.45,FALSE
1630169,"Tyrese Haliburton","1610612754","Indiana Pacers",2025,"0022400009","20241115",-2.5,6.25,TRUE
1630169,"Tyrese Haliburton","1610612754","Indiana Pacers",2025,"0022400009","20241115",-0.2,14.75,TRUE
1630169,"Tyrese Haliburton","1610612754","Indiana Pacers",2025,"0022400009","20241115",-10.7,30.45,FALSE
1630169,"Tyrese Haliburton","1610612754","Indiana Pacers",2025,"0022400029","20241122",-2.8,17.75,TRUE
1630169,"Tyrese Haliburton","1610612754","Indiana Pacers",2025,"0022400029","20241122",-19.5,28.35,FALSE
1630169,"Tyrese Haliburton","1610612754","Indiana Pacers",2025,"0022400029","20241122",-1.2,32.55,FALSE
1630169,"Tyrese Haliburton","1610612754","Indiana Pacers",2025,"0022400029","20241122",0,6.25,TRUE
1630169,"Tyrese Haliburton","1610612754","Indiana Pacers",2025,"0022400029","20241122",-9.8,23.65,FALSE
1630169,"Tyrese Haliburton","1610612754","Indiana Pacers",2025,"0022400029","20241122",-6.7,34.65,FALSE
1630169,"Tyrese Haliburton","1610612754","Indiana Pacers",2025,"0022400029","20241122",-5.5,32.95,FALSE
1630169,"Tyrese Haliburton","1610612754","Indiana Pacers",2025,"0022400029","20241122",-1.8,7.55,FALSE
1630169,"Tyrese Haliburton","1610612754","Indiana Pacers",2025,"0022400029","20241122",-15.2,27.05,TRUE
1630169,"Tyrese Haliburton","1610612754","Indiana Pacers",2025,"0022400029","20241122",23.4,15.95,FALSE
1630169,"Tyrese Haliburton","1610612754","Indiana Pacers",2025,"0022400029","20241122",-14.5,28.55,TRUE
1630169,"Tyrese Haliburton","1610612754","Indiana Pacers",2025,"0022400029","20241122",-14,26.75,TRUE
1630169,"Tyrese Haliburton","1610612754","Indiana Pacers",2025,"0022400029","20241122",17.5,26.45,TRUE
1630169,"Tyrese Haliburton","1610612754","Indiana Pacers",2025,"0022400029","20241122",-12.1,27.45,FALSE
1630169,"Tyrese Haliburton","1610612754","Indiana Pacers",2025,"0022400045","20241129",0,33.85,TRUE
1630169,"Tyrese Haliburton","1610612754","Indiana Pacers",2025,"0022400045","20241129",-4,8.15,TRUE
1630169,"Tyrese Haliburton","1610612754","Indiana Pacers",2025,"0022400045","20241129",-14.2,30.05,FALSE
1630169,"Tyrese Haliburton","1610612754","Indiana Pacers",2025,"0022400045","20241129",-13.5,31.15,FALSE
1630169,"Tyrese Haliburton","1610612754","Indiana Pacers",2025,"0022400045","20241129",19.1,25.95,TRUE
1630169,"Tyrese Haliburton","1610612754","Indiana Pacers",2025,"0022400045","20241129",-3.1,6.85,TRUE
1630169,"Tyrese Haliburton","1610612754","Indiana Pacers",2025,"0022400045","20241129",-5.3,30.75,FALSE
1630169,"Tyrese Haliburton","1610612754","Indiana Pacers",2025,"0022400045","20241129",-4.7,8.25,TRUE
1630169,"Tyrese Haliburton","1610612754","Indiana Pacers",2025,"0022400045","20241129",-7.4,33.75,FALSE
1630169,"Tyrese Haliburton","1610612754","Indiana Pacers",2025,"0022400045","20241129",14.1,25.55,FALSE
1630169,"Tyrese Haliburton","1610612754","Indiana Pacers",2025,"0022400045","20241129",22.7,5.55,TRUE
1630169,"Tyrese Haliburton","1610612754","Indiana Pacers",2025,"0022400045","20241129",-3.6,11.45,TRUE
1630169,"Tyrese Haliburton","1610612754","Indiana Pacers",2025,"0022400045","20241129",-7.2,10.05,TRUE
1630169,"Tyrese Haliburton","1610612754","Indiana Pacers",2025,"0022400054","20241203",16.1,26.15,TRUE
1630169,"Tyrese Haliburton","1610612754","Indiana Pacers",2025,"0022400054","20241203",4.2,12.85,TRUE
1630169,"Tyrese Haliburton","1610612754","Indiana Pacers",2025,"0022400054","20241203",-6.2,30.85,TRUE
1630169,"Tyrese Haliburton","1610612754","Indiana Pacers",2025,"0022400054","20241203",5.8,13.65,TRUE
1630169,"Tyrese Haliburton","1610612754","Indiana Pacers",2025,"0022400054","20241203",-13.5,17.95,TRUE
1630169,"Tyrese Haliburton","1610612754","Indiana Pacers",2025,"0022400054","20241203",7.1,29.85,FALSE
1630169,"Tyrese Haliburton","1610612754","Indiana Pacers",2025,"0022400054","20241203",0.5,4.65,TRUE
1630169,"Tyrese Haliburton","1610612754","Indiana Pacers",2025,"0022400054","20241203",0.4,4.45,TRUE
1630169,"Tyrese Haliburton","1610612754","Indiana Pacers",2025,"0022400054","20241203",18.9,22.15,FALSE
1630169,"Tyrese Haliburton","1610612754","Indiana Pacers",2025,"0022400054","20241203",-9.8,28.35,TRUE
1630169,"Tyrese Haliburton","1610612754","Indiana Pacers",2025,"0022400054","20241203",-15.8,25.65,TRUE
1630169,"Tyrese Haliburton","1610612754","Indiana Pacers",2025,"0022400054","20241203",-0.7,5.75,TRUE
1630169,"Tyrese Haliburton","1610612754","Indiana Pacers",2025,"0022400054","20241203",4.9,29.75,FALSE
1630169,"Tyrese Haliburton","1610612754","Indiana Pacers",2025,"0022400054","20241203",-3.4,6.05,FALSE
1630169,"Tyrese Haliburton","1610612754","Indiana Pacers",2025,"0022400054","20241203",-16.3,24.95,FALSE
1630169,"Tyrese Haliburton","1610612754","Indiana Pacers",2025,"0022400054","20241203",-23.5,6.85,FALSE
1630169,"Tyrese Haliburton","1610612754","Indiana Pacers",2025,"0022400063","20241023",11.4,29.55,FALSE
1630169,"Tyrese Haliburton","1610612754","Indiana Pacers",2025,"0022400063","20241023",-4.9,11.15,FALSE
1630169,"Tyrese Haliburton","1610612754","Indiana Pacers",2025,"0022400063","20241023",-2,10.55,FALSE
1630169,"Tyrese Haliburton","1610612754","Indiana Pacers",2025,"0022400063","20241023",-22.7,13.25,FALSE
1630169,"Tyrese Haliburton","1610612754","Indiana Pacers",2025,"0022400063","20241023",-15.7,25.45,FALSE
1630169,"Tyrese Haliburton","1610612754","Indiana Pacers",2025,"0022400063","20241023",-11.3,28.55,FALSE
1630169,"Tyrese Haliburton","1610612754","Indiana Pacers",2025,"0022400063","20241023",-12.3,9.35,TRUE
1630169,"Tyrese Haliburton","1610612754","Indiana Pacers",2025,"0022400063","20241023",-5.8,8.35,FALSE
1630169,"Tyrese Haliburton","1610612754","Indiana Pacers",2025,"0022400063","20241023",0,10.75,TRUE
1630169,"Tyrese Haliburton","1610612754","Indiana Pacers",2025,"0022400063","20241023",-21.6,18.05,FALSE
1630169,"Tyrese Haliburton","1610612754","Indiana Pacers",2025,"0022400063","20241023",0,6.65,TRUE
1630169,"Tyrese Haliburton","1610612754","Indiana Pacers",2025,"0022400063","20241023",-11.8,19.55,TRUE
1630169,"Tyrese Haliburton","1610612754","Indiana Pacers",2025,"0022400063","20241023",-13.1,27.35,FALSE
1630169,"Tyrese Haliburton","1610612754","Indiana Pacers",2025,"0022400063","20241023",0.6,8.15,TRUE
1630169,"Tyrese Haliburton","1610612754","Indiana Pacers",2025,"0022400063","20241023",15.8,24.55,FALSE
1630169,"Tyrese Haliburton","1610612754","Indiana Pacers",2025,"0022400063","20241023",20.2,18.75,FALSE
1630169,"Tyrese Haliburton","1610612754","Indiana Pacers",2025,"0022400063","20241023",14.6,18.65,FALSE
1630169,"Tyrese Haliburton","1610612754","Indiana Pacers",2025,"0022400063","20241023",-17.2,23.95,TRUE
1630169,"Tyrese Haliburton","1610612754","Indiana Pacers",2025,"0022400081","20241025",-4.3,8.15,FALSE
1630169,"Tyrese Haliburton","1610612754","Indiana Pacers",2025,"0022400081","20241025",-16.2,24.65,FALSE
1630169,"Tyrese Haliburton","1610612754","Indiana Pacers",2025,"0022400081","20241025",-11.4,31.65,FALSE
1630169,"Tyrese Haliburton","1610612754","Indiana Pacers",2025,"0022400081","20241025",21.6,17.95,FALSE
1630169,"Tyrese Haliburton","1610612754","Indiana Pacers",2025,"0022400081","20241025",22.2,3.45,FALSE
1630169,"Tyrese Haliburton","1610612754","Indiana Pacers",2025,"0022400081","20241025",-13.4,48.05,FALSE
1630169,"Tyrese Haliburton","1610612754","Indiana Pacers",2025,"0022400081","20241025",-20.5,20.35,FALSE
1630169,"Tyrese Haliburton","1610612754","Indiana Pacers",2025,"0022400081","20241025",-0.4,30.65,FALSE
1630169,"Tyrese Haliburton","1610612754","Indiana Pacers",2025,"0022400097","20241027",1.2,9.95,TRUE
1630169,"Tyrese Haliburton","1610612754","Indiana Pacers",2025,"0022400097","20241027",-2.1,9.65,TRUE
1630169,"Tyrese Haliburton","1610612754","Indiana Pacers",2025,"0022400097","20241027",5,10.55,FALSE
1630169,"Tyrese Haliburton","1610612754","Indiana Pacers",2025,"0022400097","20241027",19.7,21.55,FALSE
1630169,"Tyrese Haliburton","1610612754","Indiana Pacers",2025,"0022400097","20241027",-1.7,5.75,TRUE
1630169,"Tyrese Haliburton","1610612754","Indiana Pacers",2025,"0022400097","20241027",5.8,11.75,TRUE
1630169,"Tyrese Haliburton","1610612754","Indiana Pacers",2025,"0022400097","20241027",12.7,19.05,FALSE
1630169,"Tyrese Haliburton","1610612754","Indiana Pacers",2025,"0022400097","20241027",-23.7,14.65,TRUE
1630169,"Tyrese Haliburton","1610612754","Indiana Pacers",2025,"0022400097","20241027",-23.2,7.45,FALSE
1630169,"Tyrese Haliburton","1610612754","Indiana Pacers",2025,"0022400097","20241027",19.5,22.35,TRUE
1630169,"Tyrese Haliburton","1610612754","Indiana Pacers",2025,"0022400097","20241027",15.8,27.05,FALSE
1630169,"Tyrese Haliburton","1610612754","Indiana Pacers",2025,"0022400097","20241027",6.5,17.25,FALSE
1630169,"Tyrese Haliburton","1610612754","Indiana Pacers",2025,"0022400097","20241027",-12.6,30.85,FALSE
1630169,"Tyrese Haliburton","1610612754","Indiana Pacers",2025,"0022400097","20241027",-17.6,15.35,FALSE
1630169,"Tyrese Haliburton","1610612754","Indiana Pacers",2025,"0022400097","20241027",-0.1,13.45,FALSE
1630169,"Tyrese Haliburton","1610612754","Indiana Pacers",2025,"0022400097","20241027",16.3,23.15,TRUE
1630169,"Tyrese Haliburton","1610612754","Indiana Pacers",2025,"0022400097","20241027",0.7,31.65,FALSE
1630169,"Tyrese Haliburton","1610612754","Indiana Pacers",2025,"0022400097","20241027",12.7,28.95,TRUE
1630169,"Tyrese Haliburton","1610612754","Indiana Pacers",2025,"0022400102","20241028",1.2,31.95,FALSE
1630169,"Tyrese Haliburton","1610612754","Indiana Pacers",2025,"0022400102","20241028",13.2,2.35,FALSE
1630169,"Tyrese Haliburton","1610612754","Indiana Pacers",2025,"0022400102","20241028",4.7,16.75,FALSE
1630169,"Tyrese Haliburton","1610612754","Indiana Pacers",2025,"0022400102","20241028",22.3,5.75,FALSE
1630169,"Tyrese Haliburton","1610612754","Indiana Pacers",2025,"0022400102","20241028",-13.2,26.65,TRUE
1630169,"Tyrese Haliburton","1610612754","Indiana Pacers",2025,"0022400102","20241028",-22.9,4.65,TRUE
1630169,"Tyrese Haliburton","1610612754","Indiana Pacers",2025,"0022400102","20241028",0.6,31.45,TRUE
1630169,"Tyrese Haliburton","1610612754","Indiana Pacers",2025,"0022400102","20241028",-0.6,7.35,TRUE
1630169,"Tyrese Haliburton","1610612754","Indiana Pacers",2025,"0022400102","20241028",-13,14.25,FALSE
1630169,"Tyrese Haliburton","1610612754","Indiana Pacers",2025,"0022400102","20241028",0.4,7.85,TRUE
1630169,"Tyrese Haliburton","1610612754","Indiana Pacers",2025,"0022400102","20241028",17,32.15,FALSE
1630169,"Tyrese Haliburton","1610612754","Indiana Pacers",2025,"0022400102","20241028",15.6,29.95,FALSE
1630169,"Tyrese Haliburton","1610612754","Indiana Pacers",2025,"0022400102","20241028",16.4,29.55,FALSE
1630169,"Tyrese Haliburton","1610612754","Indiana Pacers",2025,"0022400102","20241028",15.1,17.45,FALSE
1630169,"Tyrese Haliburton","1610612754","Indiana Pacers",2025,"0022400102","20241028",-13.4,29.95,TRUE
1630169,"Tyrese Haliburton","1610612754","Indiana Pacers",2025,"0022400119","20241030",-22.2,19.15,FALSE
1630169,"Tyrese Haliburton","1610612754","Indiana Pacers",2025,"0022400119","20241030",12.9,30.55,FALSE
1630169,"Tyrese Haliburton","1610612754","Indiana Pacers",2025,"0022400119","20241030",2.3,12.75,FALSE
1630169,"Tyrese Haliburton","1610612754","Indiana Pacers",2025,"0022400119","20241030",3.8,11.95,FALSE
1630169,"Tyrese Haliburton","1610612754","Indiana Pacers",2025,"0022400119","20241030",-11.5,8.15,FALSE
1630169,"Tyrese Haliburton","1610612754","Indiana Pacers",2025,"0022400119","20241030",4.4,17.95,TRUE
1630169,"Tyrese Haliburton","1610612754","Indiana Pacers",2025,"0022400119","20241030",-11.8,51.85,FALSE
1630169,"Tyrese Haliburton","1610612754","Indiana Pacers",2025,"0022400119","20241030",-22.9,18.95,FALSE
1630169,"Tyrese Haliburton","1610612754","Indiana Pacers",2025,"0022400119","20241030",-1.2,32.35,TRUE
1630169,"Tyrese Haliburton","1610612754","Indiana Pacers",2025,"0022400119","20241030",-14.5,23.25,FALSE
1630169,"Tyrese Haliburton","1610612754","Indiana Pacers",2025,"0022400119","20241030",-3.3,5.05,TRUE
1630169,"Tyrese Haliburton","1610612754","Indiana Pacers",2025,"0022400119","20241030",-3.2,6.95,TRUE
1630169,"Tyrese Haliburton","1610612754","Indiana Pacers",2025,"0022400119","20241030",1.1,31.55,FALSE
1630169,"Tyrese Haliburton","1610612754","Indiana Pacers",2025,"0022400119","20241030",12.5,8.75,TRUE
1630169,"Tyrese Haliburton","1610612754","Indiana Pacers",2025,"0022400119","20241030",-23.5,16.15,FALSE
1630169,"Tyrese Haliburton","1610612754","Indiana Pacers",2025,"0022400119","20241030",-11.6,29.75,FALSE
1630169,"Tyrese Haliburton","1610612754","Indiana Pacers",2025,"0022400119","20241030",1.5,19.55,TRUE
1630169,"Tyrese Haliburton","1610612754","Indiana Pacers",2025,"0022400119","20241030",12.3,27.65,FALSE
1630169,"Tyrese Haliburton","1610612754","Indiana Pacers",2025,"0022400119","20241030",-22.9,15.65,TRUE
1630169,"Tyrese Haliburton","1610612754","Indiana Pacers",2025,"0022400138","20241101",-2.2,32.95,FALSE
1630169,"Tyrese Haliburton","1610612754","Indiana Pacers",2025,"0022400138","20241101",-9.1,21.55,TRUE
1630169,"Tyrese Haliburton","1610612754","Indiana Pacers",2025,"0022400138","20241101",18.9,23.25,TRUE
1630169,"Tyrese Haliburton","1610612754","Indiana Pacers",2025,"0022400138","20241101",-11.6,29.65,FALSE
1630169,"Tyrese Haliburton","1610612754","Indiana Pacers",2025,"0022400138","20241101",0.4,6.95,FALSE
1630169,"Tyrese Haliburton","1610612754","Indiana Pacers",2025,"0022400138","20241101",-11.6,63.75,FALSE
1630169,"Tyrese Haliburton","1610612754","Indiana Pacers",2025,"0022400138","20241101",-13.8,28.35,FALSE
1630169,"Tyrese Haliburton","1610612754","Indiana Pacers",2025,"0022400138","20241101",-21.6,21.45,FALSE
1630169,"Tyrese Haliburton","1610612754","Indiana Pacers",2025,"0022400165","20241104",-13.2,31.25,TRUE
1630169,"Tyrese Haliburton","1610612754","Indiana Pacers",2025,"0022400165","20241104",0.1,32.15,FALSE
1630169,"Tyrese Haliburton","1610612754","Indiana Pacers",2025,"0022400165","20241104",-13.4,25.95,FALSE
1630169,"Tyrese Haliburton","1610612754","Indiana Pacers",2025,"0022400165","20241104",-1.7,5.35,TRUE
1630169,"Tyrese Haliburton","1610612754","Indiana Pacers",2025,"0022400165","20241104",-16.3,25.45,FALSE
1630169,"Tyrese Haliburton","1610612754","Indiana Pacers",2025,"0022400165","20241104",0,5.85,TRUE
1630169,"Tyrese Haliburton","1610612754","Indiana Pacers",2025,"0022400165","20241104",-1.7,6.15,TRUE
1630169,"Tyrese Haliburton","1610612754","Indiana Pacers",2025,"0022400165","20241104",2.9,14.05,TRUE
1630169,"Tyrese Haliburton","1610612754","Indiana Pacers",2025,"0022400165","20241104",-1.8,11.25,TRUE
1630169,"Tyrese Haliburton","1610612754","Indiana Pacers",2025,"0022400165","20241104",-6.5,33.65,TRUE
1630169,"Tyrese Haliburton","1610612754","Indiana Pacers",2025,"0022400165","20241104",-10.7,32.15,FALSE
1630169,"Tyrese Haliburton","1610612754","Indiana Pacers",2025,"0022400165","20241104",-1.3,58.75,FALSE
1630169,"Tyrese Haliburton","1610612754","Indiana Pacers",2025,"0022400165","20241104",-3.4,29.95,FALSE
1630169,"Tyrese Haliburton","1610612754","Indiana Pacers",2025,"0022400165","20241104",-2.8,13.25,TRUE
1630169,"Tyrese Haliburton","1610612754","Indiana Pacers",2025,"0022400165","20241104",-9.9,12.65,TRUE
1630169,"Tyrese Haliburton","1610612754","Indiana Pacers",2025,"0022400165","20241104",-2.1,21.95,TRUE
1630169,"Tyrese Haliburton","1610612754","Indiana Pacers",2025,"0022400170","20241106",-17.8,4.45,FALSE
1630169,"Tyrese Haliburton","1610612754","Indiana Pacers",2025,"0022400170","20241106",-10,10.25,FALSE
1630169,"Tyrese Haliburton","1610612754","Indiana Pacers",2025,"0022400170","20241106",-4.3,33.25,FALSE
1630169,"Tyrese Haliburton","1610612754","Indiana Pacers",2025,"0022400170","20241106",-16.5,25.35,TRUE
1630169,"Tyrese Haliburton","1610612754","Indiana Pacers",2025,"0022400170","20241106",-12.9,9.05,TRUE
1630169,"Tyrese Haliburton","1610612754","Indiana Pacers",2025,"0022400170","20241106",-7,16.25,TRUE
1630169,"Tyrese Haliburton","1610612754","Indiana Pacers",2025,"0022400170","20241106",16.7,24.75,TRUE
1630169,"Tyrese Haliburton","1610612754","Indiana Pacers",2025,"0022400170","20241106",0.9,4.45,TRUE
1630169,"Tyrese Haliburton","1610612754","Indiana Pacers",2025,"0022400170","20241106",1,7.45,FALSE
1630169,"Tyrese Haliburton","1610612754","Indiana Pacers",2025,"0022400170","20241106",0.2,31.85,FALSE
1630169,"Tyrese Haliburton","1610612754","Indiana Pacers",2025,"0022400170","20241106",-1.5,31.35,TRUE
1630169,"Tyrese Haliburton","1610612754","Indiana Pacers",2025,"0022400184","20241108",6.2,17.45,FALSE
1630169,"Tyrese Haliburton","1610612754","Indiana Pacers",2025,"0022400184","20241108",8,31.95,FALSE
1630169,"Tyrese Haliburton","1610612754","Indiana Pacers",2025,"0022400184","20241108",1.1,19.05,TRUE
1630169,"Tyrese Haliburton","1610612754","Indiana Pacers",2025,"0022400184","20241108",-5.1,31.45,FALSE
1630169,"Tyrese Haliburton","1610612754","Indiana Pacers",2025,"0022400184","20241108",-18.3,23.25,FALSE
1630169,"Tyrese Haliburton","1610612754","Indiana Pacers",2025,"0022400184","20241108",-1.2,6.25,FALSE
1630169,"Tyrese Haliburton","1610612754","Indiana Pacers",2025,"0022400184","20241108",-0.2,6.45,FALSE
1630169,"Tyrese Haliburton","1610612754","Indiana Pacers",2025,"0022400184","20241108",17,30.35,FALSE
1630169,"Tyrese Haliburton","1610612754","Indiana Pacers",2025,"0022400184","20241108",-0.5,17.25,TRUE
1630169,"Tyrese Haliburton","1610612754","Indiana Pacers",2025,"0022400184","20241108",-0.9,8.25,FALSE
1630169,"Tyrese Haliburton","1610612754","Indiana Pacers",2025,"0022400184","20241108",-6.2,19.05,FALSE
1630169,"Tyrese Haliburton","1610612754","Indiana Pacers",2025,"0022400203","20241110",19.4,22.65,TRUE
1630169,"Tyrese Haliburton","1610612754","Indiana Pacers",2025,"0022400203","20241110",22.2,18.45,FALSE
1630169,"Tyrese Haliburton","1610612754","Indiana Pacers",2025,"0022400203","20241110",16.4,11.05,FALSE
1630169,"Tyrese Haliburton","1610612754","Indiana Pacers",2025,"0022400203","20241110",3.2,11.75,TRUE
1630169,"Tyrese Haliburton","1610612754","Indiana Pacers",2025,"0022400203","20241110",-22.9,6.75,TRUE
1630169,"Tyrese Haliburton","1610612754","Indiana Pacers",2025,"0022400203","20241110",1.1,8.05,TRUE
1630169,"Tyrese Haliburton","1610612754","Indiana Pacers",2025,"0022400203","20241110",1.2,31.25,TRUE
1630169,"Tyrese Haliburton","1610612754","Indiana Pacers",2025,"0022400203","20241110",18,28.45,FALSE
1630169,"Tyrese Haliburton","1610612754","Indiana Pacers",2025,"0022400203","20241110",12,30.05,FALSE
1630169,"Tyrese Haliburton","1610612754","Indiana Pacers",2025,"0022400203","20241110",1.7,15.85,TRUE
1630169,"Tyrese Haliburton","1610612754","Indiana Pacers",2025,"0022400203","20241110",0,7.65,TRUE
1630169,"Tyrese Haliburton","1610612754","Indiana Pacers",2025,"0022400203","20241110",-18.1,30.25,FALSE
1630169,"Tyrese Haliburton","1610612754","Indiana Pacers",2025,"0022400203","20241110",-2.1,8.85,TRUE
1630169,"Tyrese Haliburton","1610612754","Indiana Pacers",2025,"0022400203","20241110",-4.9,13.75,TRUE
1630169,"Tyrese Haliburton","1610612754","Indiana Pacers",2025,"0022400203","20241110",-6.7,31.45,FALSE
1630169,"Tyrese Haliburton","1610612754","Indiana Pacers",2025,"0022400203","20241110",6.4,29.75,TRUE
1630169,"Tyrese Haliburton","1610612754","Indiana Pacers",2025,"0022400203","20241110",-3.9,34.25,FALSE
1630169,"Tyrese Haliburton","1610612754","Indiana Pacers",2025,"0022400203","20241110",2.3,26.55,TRUE
1630169,"Tyrese Haliburton","1610612754","Indiana Pacers",2025,"0022400217","20241113",-7.8,10.35,FALSE
1630169,"Tyrese Haliburton","1610612754","Indiana Pacers",2025,"0022400217","20241113",18.1,22.85,FALSE
1630169,"Tyrese Haliburton","1610612754","Indiana Pacers",2025,"0022400217","20241113",-13.2,9.95,FALSE
1630169,"Tyrese Haliburton","1610612754","Indiana Pacers",2025,"0022400217","20241113",8.9,29.55,FALSE
1630169,"Tyrese Haliburton","1610612754","Indiana Pacers",2025,"0022400217","20241113",8.5,6.75,FALSE
1630169,"Tyrese Haliburton","1610612754","Indiana Pacers",2025,"0022400217","20241113",1.2,14.25,FALSE
1630169,"Tyrese Haliburton","1610612754","Indiana Pacers",2025,"0022400217","20241113",2.8,31.45,TRUE
1630169,"Tyrese Haliburton","1610612754","Indiana Pacers",2025,"0022400217","20241113",7,31.95,TRUE
1630169,"Tyrese Haliburton","1610612754","Indiana Pacers",2025,"0022400217","20241113",-10.4,28.75,FALSE
1630169,"Tyrese Haliburton","1610612754","Indiana Pacers",2025,"0022400217","20241113",17.3,27.25,FALSE
1630169,"Tyrese Haliburton","1610612754","Indiana Pacers",2025,"0022400217","20241113",2.9,8.55,FALSE
1630169,"Tyrese Haliburton","1610612754","Indiana Pacers",2025,"0022400217","20241113",12.5,28.55,FALSE
1630169,"Tyrese Haliburton","1610612754","Indiana Pacers",2025,"0022400217","20241113",-2.7,7.05,TRUE
1630169,"Tyrese Haliburton","1610612754","Indiana Pacers",2025,"0022400217","20241113",-19.1,23.05,FALSE
1630169,"Tyrese Haliburton","1610612754","Indiana Pacers",2025,"0022400235","20241117",10.5,11.25,FALSE
1630169,"Tyrese Haliburton","1610612754","Indiana Pacers",2025,"0022400235","20241117",-6.5,8.15,TRUE
1630169,"Tyrese Haliburton","1610612754","Indiana Pacers",2025,"0022400235","20241117",2.1,8.55,FALSE
1630169,"Tyrese Haliburton","1610612754","Indiana Pacers",2025,"0022400235","20241117",-22.7,18.85,TRUE
1630169,"Tyrese Haliburton","1610612754","Indiana Pacers",2025,"0022400235","20241117",13.1,27.35,FALSE
1630169,"Tyrese Haliburton","1610612754","Indiana Pacers",2025,"0022400235","20241117",-23.3,6.95,FALSE
1630169,"Tyrese Haliburton","1610612754","Indiana Pacers",2025,"0022400235","20241117",-3.4,10.25,FALSE
1630169,"Tyrese Haliburton","1610612754","Indiana Pacers",2025,"0022400235","20241117",-15.4,32.55,FALSE
1630169,"Tyrese Haliburton","1610612754","Indiana Pacers",2025,"0022400235","20241117",0.2,11.65,FALSE
1630169,"Tyrese Haliburton","1610612754","Indiana Pacers",2025,"0022400235","20241117",-18.5,24.65,FALSE
1630169,"Tyrese Haliburton","1610612754","Indiana Pacers",2025,"0022400235","20241117",15.7,25.75,TRUE
1630169,"Tyrese Haliburton","1610612754","Indiana Pacers",2025,"0022400235","20241117",-16.2,28.85,TRUE
1630169,"Tyrese Haliburton","1610612754","Indiana Pacers",2025,"0022400235","20241117",-13.6,27.75,FALSE
1630169,"Tyrese Haliburton","1610612754","Indiana Pacers",2025,"0022400247","20241118",-13.8,25.85,FALSE
1630169,"Tyrese Haliburton","1610612754","Indiana Pacers",2025,"0022400247","20241118",-1.7,30.05,FALSE
1630169,"Tyrese Haliburton","1610612754","Indiana Pacers",2025,"0022400247","20241118",-13.4,28.65,FALSE
1630169,"Tyrese Haliburton","1610612754","Indiana Pacers",2025,"0022400247","20241118",0.6,5.65,TRUE
1630169,"Tyrese Haliburton","1610612754","Indiana Pacers",2025,"0022400247","20241118",21.2,17.75,TRUE
1630169,"Tyrese Haliburton","1610612754","Indiana Pacers",2025,"0022400247","20241118",-4.3,15.35,TRUE
1630169,"Tyrese Haliburton","1610612754","Indiana Pacers",2025,"0022400247","20241118",-12.6,13.15,FALSE
1630169,"Tyrese Haliburton","1610612754","Indiana Pacers",2025,"0022400247","20241118",-1.1,15.35,FALSE
1630169,"Tyrese Haliburton","1610612754","Indiana Pacers",2025,"0022400247","20241118",-2,31.95,FALSE
1630169,"Tyrese Haliburton","1610612754","Indiana Pacers",2025,"0022400247","20241118",-6,16.55,FALSE
1630169,"Tyrese Haliburton","1610612754","Indiana Pacers",2025,"0022400247","20241118",12,29.35,FALSE
1630169,"Tyrese Haliburton","1610612754","Indiana Pacers",2025,"0022400247","20241118",1.1,25.65,FALSE
1630169,"Tyrese Haliburton","1610612754","Indiana Pacers",2025,"0022400247","20241118",5.9,36.15,FALSE
1630169,"Tyrese Haliburton","1610612754","Indiana Pacers",2025,"0022400247","20241118",23.3,13.05,TRUE
1630169,"Tyrese Haliburton","1610612754","Indiana Pacers",2025,"0022400247","20241118",-14.3,7.25,FALSE
1630169,"Tyrese Haliburton","1610612754","Indiana Pacers",2025,"0022400247","20241118",11.8,10.25,FALSE
1630169,"Tyrese Haliburton","1610612754","Indiana Pacers",2025,"0022400247","20241118",-11.5,30.15,FALSE
1630169,"Tyrese Haliburton","1610612754","Indiana Pacers",2025,"0022400247","20241118",-3.7,8.15,TRUE
1630169,"Tyrese Haliburton","1610612754","Indiana Pacers",2025,"0022400254","20241120",-16.9,27.75,FALSE
1630169,"Tyrese Haliburton","1610612754","Indiana Pacers",2025,"0022400254","20241120",13.7,26.75,TRUE
1630169,"Tyrese Haliburton","1610612754","Indiana Pacers",2025,"0022400254","20241120",-8.8,33.05,FALSE
1630169,"Tyrese Haliburton","1610612754","Indiana Pacers",2025,"0022400254","20241120",8.8,20.55,FALSE
1630169,"Tyrese Haliburton","1610612754","Indiana Pacers",2025,"0022400254","20241120",13.2,28.75,FALSE
1630169,"Tyrese Haliburton","1610612754","Indiana Pacers",2025,"0022400254","20241120",14.6,27.35,FALSE
1630169,"Tyrese Haliburton","1610612754","Indiana Pacers",2025,"0022400254","20241120",1.7,6.35,FALSE
1630169,"Tyrese Haliburton","1610612754","Indiana Pacers",2025,"0022400272","20241124",-15,27.25,FALSE
1630169,"Tyrese Haliburton","1610612754","Indiana Pacers",2025,"0022400272","20241124",0.5,8.55,FALSE
1630169,"Tyrese Haliburton","1610612754","Indiana Pacers",2025,"0022400272","20241124",0.9,5.45,TRUE
1630169,"Tyrese Haliburton","1610612754","Indiana Pacers",2025,"0022400272","20241124",-13.8,5.65,FALSE
1630169,"Tyrese Haliburton","1610612754","Indiana Pacers",2025,"0022400272","20241124",-15.3,16.95,FALSE
1630169,"Tyrese Haliburton","1610612754","Indiana Pacers",2025,"0022400272","20241124",-0.5,13.65,FALSE
1630169,"Tyrese Haliburton","1610612754","Indiana Pacers",2025,"0022400272","20241124",-23,6.45,TRUE
1630169,"Tyrese Haliburton","1610612754","Indiana Pacers",2025,"0022400272","20241124",-13.2,28.05,FALSE
1630169,"Tyrese Haliburton","1610612754","Indiana Pacers",2025,"0022400272","20241124",-0.4,5.75,FALSE
1630169,"Tyrese Haliburton","1610612754","Indiana Pacers",2025,"0022400272","20241124",19.5,28.95,FALSE
1630169,"Tyrese Haliburton","1610612754","Indiana Pacers",2025,"0022400272","20241124",0,6.65,TRUE
1630169,"Tyrese Haliburton","1610612754","Indiana Pacers",2025,"0022400272","20241124",-15.1,30.75,TRUE
1630169,"Tyrese Haliburton","1610612754","Indiana Pacers",2025,"0022400272","20241124",-14.1,32.45,TRUE
1630169,"Tyrese Haliburton","1610612754","Indiana Pacers",2025,"0022400272","20241124",7.4,33.65,TRUE
1630169,"Tyrese Haliburton","1610612754","Indiana Pacers",2025,"0022400272","20241124",14.6,26.55,TRUE
1630169,"Tyrese Haliburton","1610612754","Indiana Pacers",2025,"0022400272","20241124",-7,32.95,FALSE
1630169,"Tyrese Haliburton","1610612754","Indiana Pacers",2025,"0022400272","20241124",-18.9,30.25,FALSE
1630169,"Tyrese Haliburton","1610612754","Indiana Pacers",2025,"0022400272","20241124",-12.3,34.25,FALSE
1630169,"Tyrese Haliburton","1610612754","Indiana Pacers",2025,"0022400279","20241125",2.2,32.85,TRUE
1630169,"Tyrese Haliburton","1610612754","Indiana Pacers",2025,"0022400279","20241125",-16.2,29.85,FALSE
1630169,"Tyrese Haliburton","1610612754","Indiana Pacers",2025,"0022400279","20241125",-14.2,12.65,FALSE
1630169,"Tyrese Haliburton","1610612754","Indiana Pacers",2025,"0022400279","20241125",-17,31.05,TRUE
1630169,"Tyrese Haliburton","1610612754","Indiana Pacers",2025,"0022400279","20241125",-1.6,34.05,TRUE
1630169,"Tyrese Haliburton","1610612754","Indiana Pacers",2025,"0022400279","20241125",-14.8,33.05,FALSE
1630169,"Tyrese Haliburton","1610612754","Indiana Pacers",2025,"0022400279","20241125",-18,27.65,TRUE
1630169,"Tyrese Haliburton","1610612754","Indiana Pacers",2025,"0022400279","20241125",3.4,18.95,TRUE
1630169,"Tyrese Haliburton","1610612754","Indiana Pacers",2025,"0022400279","20241125",-18,26.25,FALSE
1630169,"Tyrese Haliburton","1610612754","Indiana Pacers",2025,"0022400279","20241125",-18.1,31.65,FALSE
1630169,"Tyrese Haliburton","1610612754","Indiana Pacers",2025,"0022400279","20241125",-21.6,63.15,FALSE
1630169,"Tyrese Haliburton","1610612754","Indiana Pacers",2025,"0022400279","20241125",8.2,32.25,TRUE
1630169,"Tyrese Haliburton","1610612754","Indiana Pacers",2025,"0022400279","20241125",-15.3,26.85,FALSE
1630169,"Tyrese Haliburton","1610612754","Indiana Pacers",2025,"0022400279","20241125",-13.8,27.85,TRUE
1630169,"Tyrese Haliburton","1610612754","Indiana Pacers",2025,"0022400279","20241125",-0.2,33.55,TRUE
1630169,"Tyrese Haliburton","1610612754","Indiana Pacers",2025,"0022400279","20241125",12.3,33.15,FALSE
1630169,"Tyrese Haliburton","1610612754","Indiana Pacers",2025,"0022400279","20241125",-13.2,28.25,TRUE
1630169,"Tyrese Haliburton","1610612754","Indiana Pacers",2025,"0022400279","20241125",-1.2,6.35,TRUE
1630169,"Tyrese Haliburton","1610612754","Indiana Pacers",2025,"0022400279","20241125",-14.1,29.55,FALSE
1630169,"Tyrese Haliburton","1610612754","Indiana Pacers",2025,"0022400279","20241125",2.7,32.45,TRUE
1630169,"Tyrese Haliburton","1610612754","Indiana Pacers",2025,"0022400279","20241125",-1.3,3.75,TRUE
1630169,"Tyrese Haliburton","1610612754","Indiana Pacers",2025,"0022400279","20241125",-9.2,30.45,FALSE
1630169,"Tyrese Haliburton","1610612754","Indiana Pacers",2025,"0022400279","20241125",0.1,16.45,FALSE
1630169,"Tyrese Haliburton","1610612754","Indiana Pacers",2025,"0022400288","20241127",9.8,33.25,FALSE
1630169,"Tyrese Haliburton","1610612754","Indiana Pacers",2025,"0022400288","20241127",-5,32.95,FALSE
1630169,"Tyrese Haliburton","1610612754","Indiana Pacers",2025,"0022400288","20241127",20,31.55,TRUE
1630169,"Tyrese Haliburton","1610612754","Indiana Pacers",2025,"0022400288","20241127",0.5,5.65,TRUE
1630169,"Tyrese Haliburton","1610612754","Indiana Pacers",2025,"0022400288","20241127",-5.4,4.35,FALSE
1630169,"Tyrese Haliburton","1610612754","Indiana Pacers",2025,"0022400288","20241127",-11.9,3.55,TRUE
1630169,"Tyrese Haliburton","1610612754","Indiana Pacers",2025,"0022400288","20241127",1.8,32.75,FALSE
1630169,"Tyrese Haliburton","1610612754","Indiana Pacers",2025,"0022400288","20241127",-19.5,27.25,TRUE
1630169,"Tyrese Haliburton","1610612754","Indiana Pacers",2025,"0022400288","20241127",-23.4,4.05,TRUE
1630169,"Tyrese Haliburton","1610612754","Indiana Pacers",2025,"0022400288","20241127",21.1,20.35,FALSE
1630169,"Tyrese Haliburton","1610612754","Indiana Pacers",2025,"0022400288","20241127",-14.1,32.05,TRUE
1630169,"Tyrese Haliburton","1610612754","Indiana Pacers",2025,"0022400288","20241127",-21.3,23.25,FALSE
1630169,"Tyrese Haliburton","1610612754","Indiana Pacers",2025,"0022400288","20241127",8.8,31.65,TRUE
1630169,"Tyrese Haliburton","1610612754","Indiana Pacers",2025,"0022400288","20241127",0,5.25,FALSE
1630169,"Tyrese Haliburton","1610612754","Indiana Pacers",2025,"0022400288","20241127",-7.7,20.45,TRUE
1630169,"Tyrese Haliburton","1610612754","Indiana Pacers",2025,"0022400306","20241201",-18,23.25,FALSE
1630169,"Tyrese Haliburton","1610612754","Indiana Pacers",2025,"0022400306","20241201",-16.7,25.15,TRUE
1630169,"Tyrese Haliburton","1610612754","Indiana Pacers",2025,"0022400306","20241201",-19.2,22.65,FALSE
1630169,"Tyrese Haliburton","1610612754","Indiana Pacers",2025,"0022400306","20241201",2.8,31.35,FALSE
1630169,"Tyrese Haliburton","1610612754","Indiana Pacers",2025,"0022400306","20241201",-13.4,26.25,FALSE
1630169,"Tyrese Haliburton","1610612754","Indiana Pacers",2025,"0022400306","20241201",20.7,20.95,FALSE
1630169,"Tyrese Haliburton","1610612754","Indiana Pacers",2025,"0022400306","20241201",-5.8,11.15,TRUE
1630169,"Tyrese Haliburton","1610612754","Indiana Pacers",2025,"0022400306","20241201",-14.1,27.35,FALSE
1630169,"Tyrese Haliburton","1610612754","Indiana Pacers",2025,"0022400306","20241201",18.5,22.85,TRUE
1630169,"Tyrese Haliburton","1610612754","Indiana Pacers",2025,"0022400306","20241201",-0.7,35.15,FALSE
1630169,"Tyrese Haliburton","1610612754","Indiana Pacers",2025,"0022400320","20241204",-11,22.55,FALSE
1630169,"Tyrese Haliburton","1610612754","Indiana Pacers",2025,"0022400320","20241204",16.3,26.15,FALSE
1630169,"Tyrese Haliburton","1610612754","Indiana Pacers",2025,"0022400320","20241204",-22.2,4.65,FALSE
1630169,"Tyrese Haliburton","1610612754","Indiana Pacers",2025,"0022400320","20241204",-0.4,23.85,TRUE
1630169,"Tyrese Haliburton","1610612754","Indiana Pacers",2025,"0022400320","20241204",-2.6,7.35,FALSE
1630169,"Tyrese Haliburton","1610612754","Indiana Pacers",2025,"0022400320","20241204",15.7,53.95,FALSE
1630169,"Tyrese Haliburton","1610612754","Indiana Pacers",2025,"0022400320","20241204",-2,30.35,FALSE
1630169,"Tyrese Haliburton","1610612754","Indiana Pacers",2025,"0022400320","20241204",0.5,8.65,TRUE
1630169,"Tyrese Haliburton","1610612754","Indiana Pacers",2025,"0022400320","20241204",1.7,31.55,TRUE
1630169,"Tyrese Haliburton","1610612754","Indiana Pacers",2025,"0022400320","20241204",-0.2,13.25,TRUE
1630169,"Tyrese Haliburton","1610612754","Indiana Pacers",2025,"0022400320","20241204",-0.4,23.05,TRUE
1630169,"Tyrese Haliburton","1610612754","Indiana Pacers",2025,"0022400320","20241204",9.2,30.25,FALSE
1630169,"Tyrese Haliburton","1610612754","Indiana Pacers",2025,"0022400320","20241204",-4.7,29.95,FALSE
1630169,"Tyrese Haliburton","1610612754","Indiana Pacers",2025,"0022400336","20241206",-0.7,12.55,TRUE
1630169,"Tyrese Haliburton","1610612754","Indiana Pacers",2025,"0022400336","20241206",12,11.45,FALSE
1630169,"Tyrese Haliburton","1610612754","Indiana Pacers",2025,"0022400336","20241206",-2.1,6.35,TRUE
1630169,"Tyrese Haliburton","1610612754","Indiana Pacers",2025,"0022400336","20241206",-15.1,15.75,TRUE
1630169,"Tyrese Haliburton","1610612754","Indiana Pacers",2025,"0022400336","20241206",-7.8,32.35,TRUE
1630169,"Tyrese Haliburton","1610612754","Indiana Pacers",2025,"0022400336","20241206",-3.4,31.65,FALSE
1630169,"Tyrese Haliburton","1610612754","Indiana Pacers",2025,"0022400336","20241206",-15.6,26.55,TRUE
1630169,"Tyrese Haliburton","1610612754","Indiana Pacers",2025,"0022400336","20241206",-23.3,8.85,FALSE
1630169,"Tyrese Haliburton","1610612754","Indiana Pacers",2025,"0022400336","20241206",-1.8,30.35,FALSE
1630169,"Tyrese Haliburton","1610612754","Indiana Pacers",2025,"0022400336","20241206",-0.2,6.65,FALSE
1630169,"Tyrese Haliburton","1610612754","Indiana Pacers",2025,"0022400336","20241206",-22.9,7.45,TRUE
1630169,"Tyrese Haliburton","1610612754","Indiana Pacers",2025,"0022400336","20241206",18,27.45,FALSE
1630169,"Tyrese Haliburton","1610612754","Indiana Pacers",2025,"0022400336","20241206",2.9,9.95,FALSE
1630169,"Tyrese Haliburton","1610612754","Indiana Pacers",2025,"0022400336","20241206",0.1,30.15,TRUE
1630169,"Tyrese Haliburton","1610612754","Indiana Pacers",2025,"0022400336","20241206",-14.8,26.75,TRUE
1630169,"Tyrese Haliburton","1610612754","Indiana Pacers",2025,"0022400336","20241206",-21.1,5.15,FALSE
1630169,"Tyrese Haliburton","1610612754","Indiana Pacers",2025,"0022400336","20241206",-9.7,17.35,TRUE
1630169,"Tyrese Haliburton","1610612754","Indiana Pacers",2025,"0022400349","20241208",-1.7,24.75,FALSE
1630169,"Tyrese Haliburton","1610612754","Indiana Pacers",2025,"0022400349","20241208",7.6,31.75,FALSE
1630169,"Tyrese Haliburton","1610612754","Indiana Pacers",2025,"0022400349","20241208",-7.8,13.45,FALSE
1630169,"Tyrese Haliburton","1610612754","Indiana Pacers",2025,"0022400349","20241208",-1.3,16.25,TRUE
1630169,"Tyrese Haliburton","1610612754","Indiana Pacers",2025,"0022400349","20241208",4,19.95,TRUE
1630169,"Tyrese Haliburton","1610612754","Indiana Pacers",2025,"0022400349","20241208",22.5,19.05,FALSE
1630169,"Tyrese Haliburton","1610612754","Indiana Pacers",2025,"0022400349","20241208",-8.9,20.35,TRUE
1630169,"Tyrese Haliburton","1610612754","Indiana Pacers",2025,"0022400349","20241208",-21.2,19.55,FALSE
1630169,"Tyrese Haliburton","1610612754","Indiana Pacers",2025,"0022400349","20241208",-3.6,29.95,FALSE
1630169,"Tyrese Haliburton","1610612754","Indiana Pacers",2025,"0022400349","20241208",-11.2,18.65,TRUE
1630169,"Tyrese Haliburton","1610612754","Indiana Pacers",2025,"0022400369","20241219",15.3,26.75,FALSE
1630169,"Tyrese Haliburton","1610612754","Indiana Pacers",2025,"0022400369","20241219",-0.7,31.65,TRUE
1630169,"Tyrese Haliburton","1610612754","Indiana Pacers",2025,"0022400369","20241219",22.4,19.15,FALSE
1630169,"Tyrese Haliburton","1610612754","Indiana Pacers",2025,"0022400369","20241219",-10.2,30.65,TRUE
1630169,"Tyrese Haliburton","1610612754","Indiana Pacers",2025,"0022400369","20241219",16.2,24.15,TRUE
1630169,"Tyrese Haliburton","1610612754","Indiana Pacers",2025,"0022400369","20241219",6.7,30.25,TRUE
1630169,"Tyrese Haliburton","1610612754","Indiana Pacers",2025,"0022400369","20241219",-14.3,28.75,FALSE
1630169,"Tyrese Haliburton","1610612754","Indiana Pacers",2025,"0022400369","20241219",-15.4,27.95,FALSE
1630169,"Tyrese Haliburton","1610612754","Indiana Pacers",2025,"0022400369","20241219",-19.7,22.45,FALSE
1630169,"Tyrese Haliburton","1610612754","Indiana Pacers",2025,"0022400389","20241222",1.2,33.65,FALSE
1630169,"Tyrese Haliburton","1610612754","Indiana Pacers",2025,"0022400389","20241222",-16.1,26.55,FALSE
1630169,"Tyrese Haliburton","1610612754","Indiana Pacers",2025,"0022400389","20241222",13.2,29.35,FALSE
1630169,"Tyrese Haliburton","1610612754","Indiana Pacers",2025,"0022400389","20241222",14.7,27.95,FALSE
1630169,"Tyrese Haliburton","1610612754","Indiana Pacers",2025,"0022400389","20241222",-15.2,29.85,TRUE
1630169,"Tyrese Haliburton","1610612754","Indiana Pacers",2025,"0022400389","20241222",-15.1,30.05,TRUE
1630169,"Tyrese Haliburton","1610612754","Indiana Pacers",2025,"0022400389","20241222",20.5,23.85,TRUE
1630169,"Tyrese Haliburton","1610612754","Indiana Pacers",2025,"0022400389","20241222",-15.4,27.75,TRUE
1630169,"Tyrese Haliburton","1610612754","Indiana Pacers",2025,"0022400389","20241222",-11,30.55,FALSE
1630169,"Tyrese Haliburton","1610612754","Indiana Pacers",2025,"0022400389","20241222",-0.1,9.65,TRUE
1630169,"Tyrese Haliburton","1610612754","Indiana Pacers",2025,"0022400403","20241223",-15.2,27.95,FALSE
1630169,"Tyrese Haliburton","1610612754","Indiana Pacers",2025,"0022400403","20241223",-4.3,7.75,TRUE
1630169,"Tyrese Haliburton","1610612754","Indiana Pacers",2025,"0022400403","20241223",18.8,23.85,TRUE
1630169,"Tyrese Haliburton","1610612754","Indiana Pacers",2025,"0022400403","20241223",19.7,27.35,FALSE
1630169,"Tyrese Haliburton","1610612754","Indiana Pacers",2025,"0022400403","20241223",-4.2,8.15,TRUE
1630169,"Tyrese Haliburton","1610612754","Indiana Pacers",2025,"0022400403","20241223",-6.7,30.85,TRUE
1630169,"Tyrese Haliburton","1610612754","Indiana Pacers",2025,"0022400403","20241223",21,21.15,FALSE
1630169,"Tyrese Haliburton","1610612754","Indiana Pacers",2025,"0022400403","20241223",-15.7,16.35,TRUE
1630169,"Tyrese Haliburton","1610612754","Indiana Pacers",2025,"0022400403","20241223",-7.8,22.45,TRUE
1630169,"Tyrese Haliburton","1610612754","Indiana Pacers",2025,"0022400403","20241223",0.1,38.55,FALSE
1630169,"Tyrese Haliburton","1610612754","Indiana Pacers",2025,"0022400403","20241223",-20.8,23.55,FALSE
1630169,"Tyrese Haliburton","1610612754","Indiana Pacers",2025,"0022400410","20241226",11.2,31.65,FALSE
1630169,"Tyrese Haliburton","1610612754","Indiana Pacers",2025,"0022400410","20241226",-8.7,8.45,FALSE
1630169,"Tyrese Haliburton","1610612754","Indiana Pacers",2025,"0022400410","20241226",2,18.75,FALSE
1630169,"Tyrese Haliburton","1610612754","Indiana Pacers",2025,"0022400410","20241226",-4.5,14.05,TRUE
1630169,"Tyrese Haliburton","1610612754","Indiana Pacers",2025,"0022400410","20241226",15.3,27.75,FALSE
1630169,"Tyrese Haliburton","1610612754","Indiana Pacers",2025,"0022400410","20241226",1.1,12.95,TRUE
1630169,"Tyrese Haliburton","1610612754","Indiana Pacers",2025,"0022400420","20241227",-10.4,28.25,FALSE
1630169,"Tyrese Haliburton","1610612754","Indiana Pacers",2025,"0022400420","20241227",-17.8,23.65,FALSE
1630169,"Tyrese Haliburton","1610612754","Indiana Pacers",2025,"0022400420","20241227",13.8,21.45,TRUE
1630169,"Tyrese Haliburton","1610612754","Indiana Pacers",2025,"0022400420","20241227",-20.6,19.65,FALSE
1630169,"Tyrese Haliburton","1610612754","Indiana Pacers",2025,"0022400420","20241227",17.4,24.85,TRUE
1630169,"Tyrese Haliburton","1610612754","Indiana Pacers",2025,"0022400420","20241227",-18.1,23.35,TRUE
1630169,"Tyrese Haliburton","1610612754","Indiana Pacers",2025,"0022400420","20241227",-20.2,18.85,FALSE
1630169,"Tyrese Haliburton","1610612754","Indiana Pacers",2025,"0022400420","20241227",2.3,6.45,FALSE
1630169,"Tyrese Haliburton","1610612754","Indiana Pacers",2025,"0022400420","20241227",10.5,20.35,TRUE
1630169,"Tyrese Haliburton","1610612754","Indiana Pacers",2025,"0022400420","20241227",-0.1,20.85,TRUE
1630169,"Tyrese Haliburton","1610612754","Indiana Pacers",2025,"0022400420","20241227",-14,25.55,FALSE
1630169,"Tyrese Haliburton","1610612754","Indiana Pacers",2025,"0022400420","20241227",-14.7,27.35,TRUE
1630169,"Tyrese Haliburton","1610612754","Indiana Pacers",2025,"0022400420","20241227",3.4,6.25,FALSE
1630169,"Tyrese Haliburton","1610612754","Indiana Pacers",2025,"0022400437","20241229",-5.4,8.55,TRUE
1630169,"Tyrese Haliburton","1610612754","Indiana Pacers",2025,"0022400437","20241229",2.8,6.55,TRUE
1630169,"Tyrese Haliburton","1610612754","Indiana Pacers",2025,"0022400437","20241229",-4.9,22.75,TRUE
1630169,"Tyrese Haliburton","1610612754","Indiana Pacers",2025,"0022400437","20241229",-14.3,10.75,FALSE
1630169,"Tyrese Haliburton","1610612754","Indiana Pacers",2025,"0022400437","20241229",8.2,31.15,TRUE
1630169,"Tyrese Haliburton","1610612754","Indiana Pacers",2025,"0022400437","20241229",-6.6,16.35,TRUE
1630169,"Tyrese Haliburton","1610612754","Indiana Pacers",2025,"0022400437","20241229",-23.4,13.55,FALSE
1630169,"Tyrese Haliburton","1610612754","Indiana Pacers",2025,"0022400437","20241229",-3.4,8.45,TRUE
1630169,"Tyrese Haliburton","1610612754","Indiana Pacers",2025,"0022400437","20241229",-6,12.45,TRUE
1630169,"Tyrese Haliburton","1610612754","Indiana Pacers",2025,"0022400437","20241229",-5.4,6.55,TRUE
1630169,"Tyrese Haliburton","1610612754","Indiana Pacers",2025,"0022400437","20241229",-9.2,29.55,FALSE
1630169,"Tyrese Haliburton","1610612754","Indiana Pacers",2025,"0022400437","20241229",-4.3,7.15,FALSE
1630169,"Tyrese Haliburton","1610612754","Indiana Pacers",2025,"0022400437","20241229",-2.7,6.75,TRUE
1630169,"Tyrese Haliburton","1610612754","Indiana Pacers",2025,"0022400437","20241229",-22.8,8.75,FALSE
1630169,"Tyrese Haliburton","1610612754","Indiana Pacers",2025,"0022400437","20241229",4.5,8.85,FALSE
1630169,"Tyrese Haliburton","1610612754","Indiana Pacers",2025,"0022400437","20241229",-2.8,7.95,TRUE
1630169,"Tyrese Haliburton","1610612754","Indiana Pacers",2025,"0022400437","20241229",-15.6,25.65,FALSE
1630169,"Tyrese Haliburton","1610612754","Indiana Pacers",2025,"0022400437","20241229",-2,7.45,TRUE
1630169,"Tyrese Haliburton","1610612754","Indiana Pacers",2025,"0022400437","20241229",-8.6,29.75,FALSE
1630169,"Tyrese Haliburton","1610612754","Indiana Pacers",2025,"0022400450","20241231",-15.4,15.95,TRUE
1630169,"Tyrese Haliburton","1610612754","Indiana Pacers",2025,"0022400450","20241231",-12.3,14.45,TRUE
1630169,"Tyrese Haliburton","1610612754","Indiana Pacers",2025,"0022400450","20241231",-7.5,32.55,FALSE
1630169,"Tyrese Haliburton","1610612754","Indiana Pacers",2025,"0022400450","20241231",-15.9,14.65,FALSE
1630169,"Tyrese Haliburton","1610612754","Indiana Pacers",2025,"0022400450","20241231",-10.7,11.95,FALSE
1630169,"Tyrese Haliburton","1610612754","Indiana Pacers",2025,"0022400450","20241231",-9.1,31.15,FALSE
1630169,"Tyrese Haliburton","1610612754","Indiana Pacers",2025,"0022400450","20241231",7.4,15.25,FALSE
1630169,"Tyrese Haliburton","1610612754","Indiana Pacers",2025,"0022400450","20241231",-22.4,19.45,FALSE
1630169,"Tyrese Haliburton","1610612754","Indiana Pacers",2025,"0022400450","20241231",2.3,10.75,FALSE
1630169,"Tyrese Haliburton","1610612754","Indiana Pacers",2025,"0022400450","20241231",1.5,31.45,TRUE
1630169,"Tyrese Haliburton","1610612754","Indiana Pacers",2025,"0022400450","20241231",0.4,21.55,FALSE
1630169,"Tyrese Haliburton","1610612754","Indiana Pacers",2025,"0022400450","20241231",21.7,15.75,FALSE
1630169,"Tyrese Haliburton","1610612754","Indiana Pacers",2025,"0022400450","20241231",-21,22.55,FALSE
1630169,"Tyrese Haliburton","1610612754","Indiana Pacers",2025,"0022400463","20250102",5,30.75,TRUE
1630169,"Tyrese Haliburton","1610612754","Indiana Pacers",2025,"0022400463","20250102",23.4,10.25,TRUE
1630169,"Tyrese Haliburton","1610612754","Indiana Pacers",2025,"0022400463","20250102",5.9,29.75,TRUE
1630169,"Tyrese Haliburton","1610612754","Indiana Pacers",2025,"0022400463","20250102",-15.3,28.25,FALSE
1630169,"Tyrese Haliburton","1610612754","Indiana Pacers",2025,"0022400463","20250102",4.4,10.95,TRUE
1630169,"Tyrese Haliburton","1610612754","Indiana Pacers",2025,"0022400463","20250102",-5.9,17.85,TRUE
1630169,"Tyrese Haliburton","1610612754","Indiana Pacers",2025,"0022400463","20250102",-21.2,24.95,FALSE
1630169,"Tyrese Haliburton","1610612754","Indiana Pacers",2025,"0022400463","20250102",-1.7,32.15,TRUE
1630169,"Tyrese Haliburton","1610612754","Indiana Pacers",2025,"0022400463","20250102",-17.2,23.25,FALSE
1630169,"Tyrese Haliburton","1610612754","Indiana Pacers",2025,"0022400463","20250102",8.2,31.95,FALSE
1630169,"Tyrese Haliburton","1610612754","Indiana Pacers",2025,"0022400463","20250102",-8.6,30.95,FALSE
1630169,"Tyrese Haliburton","1610612754","Indiana Pacers",2025,"0022400463","20250102",-7.4,18.55,TRUE
1630169,"Tyrese Haliburton","1610612754","Indiana Pacers",2025,"0022400463","20250102",2.6,21.55,TRUE
1630169,"Tyrese Haliburton","1610612754","Indiana Pacers",2025,"0022400463","20250102",2.9,33.15,TRUE
1630169,"Tyrese Haliburton","1610612754","Indiana Pacers",2025,"0022400463","20250102",-22.4,11.95,FALSE
1630169,"Tyrese Haliburton","1610612754","Indiana Pacers",2025,"0022400463","20250102",-17.3,8.15,TRUE
1630169,"Tyrese Haliburton","1610612754","Indiana Pacers",2025,"0022400463","20250102",-14.8,26.95,TRUE
1630169,"Tyrese Haliburton","1610612754","Indiana Pacers",2025,"0022400463","20250102",-5,6.95,FALSE
1630169,"Tyrese Haliburton","1610612754","Indiana Pacers",2025,"0022400463","20250102",-4.2,9.15,TRUE
1630169,"Tyrese Haliburton","1610612754","Indiana Pacers",2025,"0022400463","20250102",-11.4,30.65,FALSE
1630169,"Tyrese Haliburton","1610612754","Indiana Pacers",2025,"0022400463","20250102",3.9,9.15,TRUE
1630169,"Tyrese Haliburton","1610612754","Indiana Pacers",2025,"0022400480","20250104",-0.4,21.15,TRUE
1630169,"Tyrese Haliburton","1610612754","Indiana Pacers",2025,"0022400480","20250104",2.7,23.75,TRUE
1630169,"Tyrese Haliburton","1610612754","Indiana Pacers",2025,"0022400480","20250104",11.6,29.15,TRUE
1630169,"Tyrese Haliburton","1610612754","Indiana Pacers",2025,"0022400480","20250104",22.1,18.45,FALSE
1630169,"Tyrese Haliburton","1610612754","Indiana Pacers",2025,"0022400480","20250104",14.8,29.35,FALSE
1630169,"Tyrese Haliburton","1610612754","Indiana Pacers",2025,"0022400480","20250104",0,5.25,FALSE
1630169,"Tyrese Haliburton","1610612754","Indiana Pacers",2025,"0022400480","20250104",-8.9,32.45,FALSE
1630169,"Tyrese Haliburton","1610612754","Indiana Pacers",2025,"0022400480","20250104",-17,27.75,FALSE
1630169,"Tyrese Haliburton","1610612754","Indiana Pacers",2025,"0022400480","20250104",23.7,5.35,TRUE
1630169,"Tyrese Haliburton","1610612754","Indiana Pacers",2025,"0022400480","20250104",2,24.25,FALSE
1630169,"Tyrese Haliburton","1610612754","Indiana Pacers",2025,"0022400480","20250104",-23.3,17.95,FALSE
1630169,"Tyrese Haliburton","1610612754","Indiana Pacers",2025,"0022400480","20250104",-21,22.45,FALSE
1630169,"Tyrese Haliburton","1610612754","Indiana Pacers",2025,"0022400480","20250104",-3.4,9.15,FALSE
1630169,"Tyrese Haliburton","1610612754","Indiana Pacers",2025,"0022400480","20250104",-15.7,5.35,FALSE
1630169,"Tyrese Haliburton","1610612754","Indiana Pacers",2025,"0022400480","20250104",-2.9,7.95,TRUE
1630169,"Tyrese Haliburton","1610612754","Indiana Pacers",2025,"0022400480","20250104",5.8,35.15,TRUE
1630169,"Tyrese Haliburton","1610612754","Indiana Pacers",2025,"0022400480","20250104",-17.2,26.25,FALSE
1630169,"Tyrese Haliburton","1610612754","Indiana Pacers",2025,"0022400480","20250104",6.4,31.75,TRUE
1630169,"Tyrese Haliburton","1610612754","Indiana Pacers",2025,"0022400480","20250104",-19.2,26.35,TRUE
1630169,"Tyrese Haliburton","1610612754","Indiana Pacers",2025,"0022400495","20250106",-0.6,37.95,TRUE
1630169,"Tyrese Haliburton","1610612754","Indiana Pacers",2025,"0022400495","20250106",18.1,23.25,FALSE
1630169,"Tyrese Haliburton","1610612754","Indiana Pacers",2025,"0022400495","20250106",11,14.35,FALSE
1630169,"Tyrese Haliburton","1610612754","Indiana Pacers",2025,"0022400495","20250106",-8.7,23.75,FALSE
1630169,"Tyrese Haliburton","1610612754","Indiana Pacers",2025,"0022400495","20250106",23.3,5.45,TRUE
1630169,"Tyrese Haliburton","1610612754","Indiana Pacers",2025,"0022400495","20250106",-8,29.85,TRUE
1630169,"Tyrese Haliburton","1610612754","Indiana Pacers",2025,"0022400495","20250106",10.7,20.05,TRUE
1630169,"Tyrese Haliburton","1610612754","Indiana Pacers",2025,"0022400495","20250106",-16.5,23.25,FALSE
1630169,"Tyrese Haliburton","1610612754","Indiana Pacers",2025,"0022400495","20250106",-1.2,20.85,FALSE
1630169,"Tyrese Haliburton","1610612754","Indiana Pacers",2025,"0022400495","20250106",-13.7,26.15,TRUE
1630169,"Tyrese Haliburton","1610612754","Indiana Pacers",2025,"0022400495","20250106",-14.2,29.35,FALSE
1630169,"Tyrese Haliburton","1610612754","Indiana Pacers",2025,"0022400495","20250106",-10.4,17.85,FALSE
1630169,"Tyrese Haliburton","1610612754","Indiana Pacers",2025,"0022400510","20250108",-16.5,16.75,FALSE
1630169,"Tyrese Haliburton","1610612754","Indiana Pacers",2025,"0022400510","20250108",-8.8,18.65,FALSE
1630169,"Tyrese Haliburton","1610612754","Indiana Pacers",2025,"0022400510","20250108",-1.6,25.55,TRUE
1630169,"Tyrese Haliburton","1610612754","Indiana Pacers",2025,"0022400510","20250108",0,6.35,FALSE
1630169,"Tyrese Haliburton","1610612754","Indiana Pacers",2025,"0022400510","20250108",-12.6,31.05,TRUE
1630169,"Tyrese Haliburton","1610612754","Indiana Pacers",2025,"0022400510","20250108",-12.9,31.95,FALSE
1630169,"Tyrese Haliburton","1610612754","Indiana Pacers",2025,"0022400510","20250108",-1,5.85,TRUE
1630169,"Tyrese Haliburton","1610612754","Indiana Pacers",2025,"0022400510","20250108",5.5,17.75,FALSE
1630169,"Tyrese Haliburton","1610612754","Indiana Pacers",2025,"0022400510","20250108",8.9,12.75,TRUE
1630169,"Tyrese Haliburton","1610612754","Indiana Pacers",2025,"0022400510","20250108",0,5.15,TRUE
1630169,"Tyrese Haliburton","1610612754","Indiana Pacers",2025,"0022400510","20250108",-19.5,23.05,TRUE
1630169,"Tyrese Haliburton","1610612754","Indiana Pacers",2025,"0022400510","20250108",-1.2,8.05,TRUE
1630169,"Tyrese Haliburton","1610612754","Indiana Pacers",2025,"0022400510","20250108",-9.2,9.35,FALSE
1630169,"Tyrese Haliburton","1610612754","Indiana Pacers",2025,"0022400525","20250110",24.1,6.55,FALSE
1630169,"Tyrese Haliburton","1610612754","Indiana Pacers",2025,"0022400525","20250110",-3.2,8.25,TRUE
1630169,"Tyrese Haliburton","1610612754","Indiana Pacers",2025,"0022400525","20250110",0.2,16.55,TRUE
1630169,"Tyrese Haliburton","1610612754","Indiana Pacers",2025,"0022400525","20250110",-16.1,29.95,TRUE
1630169,"Tyrese Haliburton","1610612754","Indiana Pacers",2025,"0022400525","20250110",-2.8,9.35,TRUE
1630169,"Tyrese Haliburton","1610612754","Indiana Pacers",2025,"0022400525","20250110",-0.1,33.65,FALSE
1630169,"Tyrese Haliburton","1610612754","Indiana Pacers",2025,"0022400525","20250110",3.4,10.45,TRUE
1630169,"Tyrese Haliburton","1610612754","Indiana Pacers",2025,"0022400525","20250110",-6.2,16.35,TRUE
1630169,"Tyrese Haliburton","1610612754","Indiana Pacers",2025,"0022400525","20250110",-23.4,6.85,TRUE
1630169,"Tyrese Haliburton","1610612754","Indiana Pacers",2025,"0022400525","20250110",-3.7,10.45,TRUE
1630169,"Tyrese Haliburton","1610612754","Indiana Pacers",2025,"0022400543","20250112",14.6,26.45,FALSE
1630169,"Tyrese Haliburton","1610612754","Indiana Pacers",2025,"0022400543","20250112",-2.5,12.75,FALSE
1630169,"Tyrese Haliburton","1610612754","Indiana Pacers",2025,"0022400543","20250112",11.5,7.05,TRUE
1630169,"Tyrese Haliburton","1610612754","Indiana Pacers",2025,"0022400543","20250112",-13.1,28.55,FALSE
1630169,"Tyrese Haliburton","1610612754","Indiana Pacers",2025,"0022400543","20250112",13.5,17.05,FALSE
1630169,"Tyrese Haliburton","1610612754","Indiana Pacers",2025,"0022400572","20250116",-4.2,6.95,FALSE
1630169,"Tyrese Haliburton","1610612754","Indiana Pacers",2025,"0022400572","20250116",-13.2,29.95,FALSE
1630169,"Tyrese Haliburton","1610612754","Indiana Pacers",2025,"0022400572","20250116",-4.3,6.05,FALSE
1630169,"Tyrese Haliburton","1610612754","Indiana Pacers",2025,"0022400572","20250116",-4.2,5.35,TRUE
1630169,"Tyrese Haliburton","1610612754","Indiana Pacers",2025,"0022400572","20250116",-16.4,26.15,FALSE
1630169,"Tyrese Haliburton","1610612754","Indiana Pacers",2025,"0022400572","20250116",-4.8,6.05,TRUE
1630169,"Tyrese Haliburton","1610612754","Indiana Pacers",2025,"0022400572","20250116",-16.1,25.65,FALSE
1630169,"Tyrese Haliburton","1610612754","Indiana Pacers",2025,"0022400572","20250116",-22.1,21.45,TRUE
1630169,"Tyrese Haliburton","1610612754","Indiana Pacers",2025,"0022400572","20250116",2.3,6.05,TRUE
1630169,"Tyrese Haliburton","1610612754","Indiana Pacers",2025,"0022400572","20250116",8.1,11.55,TRUE
1630169,"Tyrese Haliburton","1610612754","Indiana Pacers",2025,"0022400572","20250116",5.1,29.95,TRUE
1630169,"Tyrese Haliburton","1610612754","Indiana Pacers",2025,"0022400572","20250116",9.3,12.55,FALSE
1630169,"Tyrese Haliburton","1610612754","Indiana Pacers",2025,"0022400572","20250116",-2.8,7.45,TRUE
1630169,"Tyrese Haliburton","1610612754","Indiana Pacers",2025,"0022400572","20250116",-13.6,31.85,FALSE
1630169,"Tyrese Haliburton","1610612754","Indiana Pacers",2025,"0022400572","20250116",-16.1,15.65,FALSE
1630169,"Tyrese Haliburton","1610612754","Indiana Pacers",2025,"0022400588","20250118",-2,7.55,FALSE
1630169,"Tyrese Haliburton","1610612754","Indiana Pacers",2025,"0022400588","20250118",-9.4,8.65,TRUE
1630169,"Tyrese Haliburton","1610612754","Indiana Pacers",2025,"0022400588","20250118",-20.5,19.45,FALSE
1630169,"Tyrese Haliburton","1610612754","Indiana Pacers",2025,"0022400588","20250118",-17.8,23.35,FALSE
1630169,"Tyrese Haliburton","1610612754","Indiana Pacers",2025,"0022400588","20250118",-15.4,26.65,FALSE
1630169,"Tyrese Haliburton","1610612754","Indiana Pacers",2025,"0022400588","20250118",-11.3,19.55,TRUE
1630169,"Tyrese Haliburton","1610612754","Indiana Pacers",2025,"0022400588","20250118",-18.4,7.25,TRUE
1630169,"Tyrese Haliburton","1610612754","Indiana Pacers",2025,"0022400588","20250118",-6,32.05,FALSE
1630169,"Tyrese Haliburton","1610612754","Indiana Pacers",2025,"0022400588","20250118",-4.7,32.35,FALSE
1630169,"Tyrese Haliburton","1610612754","Indiana Pacers",2025,"0022400588","20250118",21.9,18.45,FALSE
1630169,"Tyrese Haliburton","1610612754","Indiana Pacers",2025,"0022400588","20250118",-9.1,30.55,TRUE
1630169,"Tyrese Haliburton","1610612754","Indiana Pacers",2025,"0022400621","20250123",2.3,31.95,TRUE
1630169,"Tyrese Haliburton","1610612754","Indiana Pacers",2025,"0022400621","20250123",18.1,25.95,FALSE
1630169,"Tyrese Haliburton","1610612754","Indiana Pacers",2025,"0022400621","20250123",-18.3,23.35,FALSE
1630169,"Tyrese Haliburton","1610612754","Indiana Pacers",2025,"0022400621","20250123",-10.6,14.05,FALSE
1630169,"Tyrese Haliburton","1610612754","Indiana Pacers",2025,"0022400621","20250123",-10.4,17.25,TRUE
1630169,"Tyrese Haliburton","1610612754","Indiana Pacers",2025,"0022400621","20250123",23.1,5.65,FALSE
1630169,"Tyrese Haliburton","1610612754","Indiana Pacers",2025,"0022400621","20250123",-0.9,33.55,TRUE
1630169,"Tyrese Haliburton","1610612754","Indiana Pacers",2025,"0022400621","20250123",11.3,29.05,TRUE
1630169,"Tyrese Haliburton","1610612754","Indiana Pacers",2025,"0022400621","20250123",20.6,7.95,FALSE
1630169,"Tyrese Haliburton","1610612754","Indiana Pacers",2025,"0022400621","20250123",-22.8,15.15,FALSE
1630169,"Tyrese Haliburton","1610612754","Indiana Pacers",2025,"0022400621","20250123",-1.9,11.45,TRUE
1630169,"Tyrese Haliburton","1610612754","Indiana Pacers",2025,"0022400633","20250125",-1.2,7.75,TRUE
1630169,"Tyrese Haliburton","1610612754","Indiana Pacers",2025,"0022400633","20250125",0,12.15,FALSE
1630169,"Tyrese Haliburton","1610612754","Indiana Pacers",2025,"0022400633","20250125",18,28.95,FALSE
1630169,"Tyrese Haliburton","1610612754","Indiana Pacers",2025,"0022400633","20250125",13,30.35,TRUE
1630169,"Tyrese Haliburton","1610612754","Indiana Pacers",2025,"0022400633","20250125",-13.6,29.95,TRUE
1630169,"Tyrese Haliburton","1610612754","Indiana Pacers",2025,"0022400633","20250125",18,27.35,FALSE
1630169,"Tyrese Haliburton","1610612754","Indiana Pacers",2025,"0022400633","20250125",-3.7,7.45,FALSE
1630169,"Tyrese Haliburton","1610612754","Indiana Pacers",2025,"0022400633","20250125",-11.9,30.05,FALSE
1630169,"Tyrese Haliburton","1610612754","Indiana Pacers",2025,"0022400633","20250125",3.2,8.55,TRUE
1630169,"Tyrese Haliburton","1610612754","Indiana Pacers",2025,"0022400633","20250125",1,7.65,FALSE
1630169,"Tyrese Haliburton","1610612754","Indiana Pacers",2025,"0022400633","20250125",0.7,5.15,TRUE
1630169,"Tyrese Haliburton","1610612754","Indiana Pacers",2025,"0022400633","20250125",-8.8,20.75,TRUE
1630169,"Tyrese Haliburton","1610612754","Indiana Pacers",2025,"0022400633","20250125",1,32.35,TRUE
1630169,"Tyrese Haliburton","1610612754","Indiana Pacers",2025,"0022400633","20250125",15.3,27.15,TRUE
1630169,"Tyrese Haliburton","1610612754","Indiana Pacers",2025,"0022400633","20250125",13.1,29.55,TRUE
1630169,"Tyrese Haliburton","1610612754","Indiana Pacers",2025,"0022400633","20250125",-8.6,26.15,TRUE
1630169,"Tyrese Haliburton","1610612754","Indiana Pacers",2025,"0022400633","20250125",-6.7,29.75,TRUE
1630169,"Tyrese Haliburton","1610612754","Indiana Pacers",2025,"0022400664","20250129",-10.7,27.75,TRUE
1630169,"Tyrese Haliburton","1610612754","Indiana Pacers",2025,"0022400664","20250129",19.7,27.35,FALSE
1630169,"Tyrese Haliburton","1610612754","Indiana Pacers",2025,"0022400664","20250129",-1.8,32.05,TRUE
1630169,"Tyrese Haliburton","1610612754","Indiana Pacers",2025,"0022400664","20250129",-21.1,20.45,TRUE
1630169,"Tyrese Haliburton","1610612754","Indiana Pacers",2025,"0022400664","20250129",-1,6.75,TRUE
1630169,"Tyrese Haliburton","1610612754","Indiana Pacers",2025,"0022400664","20250129",0.9,3.95,FALSE
1630169,"Tyrese Haliburton","1610612754","Indiana Pacers",2025,"0022400664","20250129",-0.1,8.95,TRUE
1630169,"Tyrese Haliburton","1610612754","Indiana Pacers",2025,"0022400664","20250129",-3.4,5.75,TRUE
1630169,"Tyrese Haliburton","1610612754","Indiana Pacers",2025,"0022400664","20250129",23.5,7.85,FALSE
1630169,"Tyrese Haliburton","1610612754","Indiana Pacers",2025,"0022400664","20250129",4.2,11.05,TRUE
1630169,"Tyrese Haliburton","1610612754","Indiana Pacers",2025,"0022400664","20250129",-1,21.55,TRUE
1630169,"Tyrese Haliburton","1610612754","Indiana Pacers",2025,"0022400664","20250129",-6.9,28.75,FALSE
1630169,"Tyrese Haliburton","1610612754","Indiana Pacers",2025,"0022400664","20250129",5,7.25,FALSE
1630169,"Tyrese Haliburton","1610612754","Indiana Pacers",2025,"0022400664","20250129",1.8,6.65,TRUE
1630169,"Tyrese Haliburton","1610612754","Indiana Pacers",2025,"0022400664","20250129",16.8,30.45,FALSE
1630169,"Tyrese Haliburton","1610612754","Indiana Pacers",2025,"0022400664","20250129",1.3,31.95,FALSE
1630169,"Tyrese Haliburton","1610612754","Indiana Pacers",2025,"0022400664","20250129",-7.5,31.85,TRUE
1630169,"Tyrese Haliburton","1610612754","Indiana Pacers",2025,"0022400686","20250201",-14,9.45,TRUE
1630169,"Tyrese Haliburton","1610612754","Indiana Pacers",2025,"0022400686","20250201",19,22.75,TRUE
1630169,"Tyrese Haliburton","1610612754","Indiana Pacers",2025,"0022400686","20250201",-13,26.45,TRUE
1630169,"Tyrese Haliburton","1610612754","Indiana Pacers",2025,"0022400686","20250201",-18,24.75,FALSE
1630169,"Tyrese Haliburton","1610612754","Indiana Pacers",2025,"0022400686","20250201",-4.5,12.55,FALSE
1630169,"Tyrese Haliburton","1610612754","Indiana Pacers",2025,"0022400686","20250201",-13.7,16.15,FALSE
1630169,"Tyrese Haliburton","1610612754","Indiana Pacers",2025,"0022400686","20250201",-10.7,6.55,TRUE
1630169,"Tyrese Haliburton","1610612754","Indiana Pacers",2025,"0022400686","20250201",-3.8,9.85,FALSE
1630169,"Tyrese Haliburton","1610612754","Indiana Pacers",2025,"0022400686","20250201",-21.6,23.05,TRUE
1630169,"Tyrese Haliburton","1610612754","Indiana Pacers",2025,"0022400686","20250201",-23.4,4.75,FALSE
1630169,"Tyrese Haliburton","1610612754","Indiana Pacers",2025,"0022400686","20250201",-12,12.75,FALSE
1630169,"Tyrese Haliburton","1610612754","Indiana Pacers",2025,"0022400686","20250201",15.3,29.85,FALSE
1630169,"Tyrese Haliburton","1610612754","Indiana Pacers",2025,"0022400707","20250203",-13.8,26.25,FALSE
1630169,"Tyrese Haliburton","1610612754","Indiana Pacers",2025,"0022400707","20250203",0.6,30.35,FALSE
1630169,"Tyrese Haliburton","1610612754","Indiana Pacers",2025,"0022400707","20250203",17.2,25.15,TRUE
1630169,"Tyrese Haliburton","1610612754","Indiana Pacers",2025,"0022400707","20250203",2.2,30.85,FALSE
1630169,"Tyrese Haliburton","1610612754","Indiana Pacers",2025,"0022400707","20250203",4,7.55,TRUE
1630169,"Tyrese Haliburton","1610612754","Indiana Pacers",2025,"0022400707","20250203",-22.8,17.05,FALSE
1630169,"Tyrese Haliburton","1610612754","Indiana Pacers",2025,"0022400707","20250203",-20.1,12.25,TRUE
1630169,"Tyrese Haliburton","1610612754","Indiana Pacers",2025,"0022400707","20250203",-5.4,29.85,TRUE
1630169,"Tyrese Haliburton","1610612754","Indiana Pacers",2025,"0022400707","20250203",2.8,30.45,FALSE
1630169,"Tyrese Haliburton","1610612754","Indiana Pacers",2025,"0022400707","20250203",-7.7,29.75,FALSE
1630169,"Tyrese Haliburton","1610612754","Indiana Pacers",2025,"0022400707","20250203",-1,9.05,TRUE
1630169,"Tyrese Haliburton","1610612754","Indiana Pacers",2025,"0022400707","20250203",-6.7,16.25,FALSE
1630169,"Tyrese Haliburton","1610612754","Indiana Pacers",2025,"0022400707","20250203",-0.6,8.15,FALSE
1630169,"Tyrese Haliburton","1610612754","Indiana Pacers",2025,"0022400707","20250203",-13.5,26.15,FALSE
1630169,"Tyrese Haliburton","1610612754","Indiana Pacers",2025,"0022400707","20250203",-21.3,20.35,TRUE
1630169,"Tyrese Haliburton","1610612754","Indiana Pacers",2025,"0022400716","20250204",-4.8,9.35,FALSE
1630169,"Tyrese Haliburton","1610612754","Indiana Pacers",2025,"0022400716","20250204",10.7,31.45,FALSE
1630169,"Tyrese Haliburton","1610612754","Indiana Pacers",2025,"0022400716","20250204",5.1,16.75,FALSE
1630169,"Tyrese Haliburton","1610612754","Indiana Pacers",2025,"0022400733","20250206",21.2,18.15,FALSE
1630169,"Tyrese Haliburton","1610612754","Indiana Pacers",2025,"0022400733","20250206",-18.4,22.55,FALSE
1630169,"Tyrese Haliburton","1610612754","Indiana Pacers",2025,"0022400733","20250206",-3.2,15.75,FALSE
1630169,"Tyrese Haliburton","1610612754","Indiana Pacers",2025,"0022400733","20250206",8.9,28.35,FALSE
1630169,"Tyrese Haliburton","1610612754","Indiana Pacers",2025,"0022400733","20250206",1,6.95,TRUE
1630169,"Tyrese Haliburton","1610612754","Indiana Pacers",2025,"0022400733","20250206",5,36.25,TRUE
1630169,"Tyrese Haliburton","1610612754","Indiana Pacers",2025,"0022400733","20250206",3.9,7.45,FALSE
1630169,"Tyrese Haliburton","1610612754","Indiana Pacers",2025,"0022400733","20250206",-14.8,30.95,FALSE
1630169,"Tyrese Haliburton","1610612754","Indiana Pacers",2025,"0022400733","20250206",-17,24.05,FALSE
1630169,"Tyrese Haliburton","1610612754","Indiana Pacers",2025,"0022400733","20250206",-6.5,30.35,TRUE
1630169,"Tyrese Haliburton","1610612754","Indiana Pacers",2025,"0022400733","20250206",-1.2,6.35,TRUE
1630169,"Tyrese Haliburton","1610612754","Indiana Pacers",2025,"0022400733","20250206",15.4,13.05,FALSE
1630169,"Tyrese Haliburton","1610612754","Indiana Pacers",2025,"0022400733","20250206",-2.3,6.35,TRUE
1630169,"Tyrese Haliburton","1610612754","Indiana Pacers",2025,"0022400742","20250208",8.8,13.05,FALSE
1630169,"Tyrese Haliburton","1610612754","Indiana Pacers",2025,"0022400742","20250208",-21.7,16.35,FALSE
1630169,"Tyrese Haliburton","1610612754","Indiana Pacers",2025,"0022400742","20250208",-5.5,17.25,FALSE
1630169,"Tyrese Haliburton","1610612754","Indiana Pacers",2025,"0022400742","20250208",0.1,12.35,FALSE
1630169,"Tyrese Haliburton","1610612754","Indiana Pacers",2025,"0022400742","20250208",-6.7,31.05,FALSE
1630169,"Tyrese Haliburton","1610612754","Indiana Pacers",2025,"0022400742","20250208",11.2,29.85,FALSE
1630169,"Tyrese Haliburton","1610612754","Indiana Pacers",2025,"0022400742","20250208",4.9,15.85,TRUE
1630169,"Tyrese Haliburton","1610612754","Indiana Pacers",2025,"0022400742","20250208",14.5,25.05,TRUE
1630169,"Tyrese Haliburton","1610612754","Indiana Pacers",2025,"0022400742","20250208",2.6,20.75,TRUE
1630169,"Tyrese Haliburton","1610612754","Indiana Pacers",2025,"0022400742","20250208",9.9,27.85,TRUE
1630169,"Tyrese Haliburton","1610612754","Indiana Pacers",2025,"0022400742","20250208",-15.7,24.95,TRUE
1630169,"Tyrese Haliburton","1610612754","Indiana Pacers",2025,"0022400742","20250208",-23.3,6.85,FALSE
1630169,"Tyrese Haliburton","1610612754","Indiana Pacers",2025,"0022400742","20250208",7.6,28.35,TRUE
1630169,"Tyrese Haliburton","1610612754","Indiana Pacers",2025,"0022400742","20250208",-9.2,29.35,FALSE
1630169,"Tyrese Haliburton","1610612754","Indiana Pacers",2025,"0022400742","20250208",0.2,6.75,TRUE
1630169,"Tyrese Haliburton","1610612754","Indiana Pacers",2025,"0022400765","20250211",-11.5,12.85,TRUE
1630169,"Tyrese Haliburton","1610612754","Indiana Pacers",2025,"0022400765","20250211",15.3,26.45,FALSE
1630169,"Tyrese Haliburton","1610612754","Indiana Pacers",2025,"0022400765","20250211",-20.6,22.05,TRUE
1630169,"Tyrese Haliburton","1610612754","Indiana Pacers",2025,"0022400765","20250211",-22.1,17.05,FALSE
1630169,"Tyrese Haliburton","1610612754","Indiana Pacers",2025,"0022400765","20250211",0.7,30.85,FALSE
1630169,"Tyrese Haliburton","1610612754","Indiana Pacers",2025,"0022400765","20250211",-3.4,49.95,FALSE
1630169,"Tyrese Haliburton","1610612754","Indiana Pacers",2025,"0022400765","20250211",-2.1,7.05,FALSE
1630169,"Tyrese Haliburton","1610612754","Indiana Pacers",2025,"0022400765","20250211",0.9,16.75,TRUE
1630169,"Tyrese Haliburton","1610612754","Indiana Pacers",2025,"0022400765","20250211",-6,17.75,FALSE
1630169,"Tyrese Haliburton","1610612754","Indiana Pacers",2025,"0022400765","20250211",-0.9,6.55,TRUE
1630169,"Tyrese Haliburton","1610612754","Indiana Pacers",2025,"0022400765","20250211",-11.6,11.85,TRUE
1630169,"Tyrese Haliburton","1610612754","Indiana Pacers",2025,"0022400765","20250211",0.1,7.85,TRUE
1630169,"Tyrese Haliburton","1610612754","Indiana Pacers",2025,"0022400765","20250211",-3.3,24.55,FALSE
1630169,"Tyrese Haliburton","1610612754","Indiana Pacers",2025,"0022400765","20250211",4.9,19.85,FALSE
1630169,"Tyrese Haliburton","1610612754","Indiana Pacers",2025,"0022400765","20250211",19.7,21.35,TRUE
1630169,"Tyrese Haliburton","1610612754","Indiana Pacers",2025,"0022400771","20250212",-19.6,25.35,TRUE
1630169,"Tyrese Haliburton","1610612754","Indiana Pacers",2025,"0022400771","20250212",0.1,5.75,TRUE
1630169,"Tyrese Haliburton","1610612754","Indiana Pacers",2025,"0022400771","20250212",-21.4,19.85,FALSE
1630169,"Tyrese Haliburton","1610612754","Indiana Pacers",2025,"0022400771","20250212",-0.4,13.15,FALSE
1630169,"Tyrese Haliburton","1610612754","Indiana Pacers",2025,"0022400771","20250212",15.7,14.25,TRUE
1630169,"Tyrese Haliburton","1610612754","Indiana Pacers",2025,"0022400771","20250212",-8.5,21.95,FALSE
1630169,"Tyrese Haliburton","1610612754","Indiana Pacers",2025,"0022400771","20250212",10.7,28.45,FALSE
1630169,"Tyrese Haliburton","1610612754","Indiana Pacers",2025,"0022400771","20250212",-6.9,18.35,TRUE
1630169,"Tyrese Haliburton","1610612754","Indiana Pacers",2025,"0022400771","20250212",20.6,20.35,TRUE
1630169,"Tyrese Haliburton","1610612754","Indiana Pacers",2025,"0022400771","20250212",-7.4,7.15,FALSE
1630169,"Tyrese Haliburton","1610612754","Indiana Pacers",2025,"0022400771","20250212",21.9,19.05,TRUE
1630169,"Tyrese Haliburton","1610612754","Indiana Pacers",2025,"0022400771","20250212",-8.8,10.25,FALSE
1630169,"Tyrese Haliburton","1610612754","Indiana Pacers",2025,"0022400771","20250212",3.7,6.55,FALSE
1630169,"Tyrese Haliburton","1610612754","Indiana Pacers",2025,"0022400771","20250212",2.5,30.35,TRUE
1630169,"Tyrese Haliburton","1610612754","Indiana Pacers",2025,"0022400771","20250212",10.5,9.55,FALSE
1630169,"Tyrese Haliburton","1610612754","Indiana Pacers",2025,"0022400771","20250212",5.5,30.45,FALSE
1630169,"Tyrese Haliburton","1610612754","Indiana Pacers",2025,"0022400771","20250212",16.7,24.55,FALSE
1630169,"Tyrese Haliburton","1610612754","Indiana Pacers",2025,"0022400771","20250212",1.1,5.15,TRUE
1630169,"Tyrese Haliburton","1610612754","Indiana Pacers",2025,"0022400788","20250220",-12,28.45,FALSE
1630169,"Tyrese Haliburton","1610612754","Indiana Pacers",2025,"0022400788","20250220",-2.8,12.15,FALSE
1630169,"Tyrese Haliburton","1610612754","Indiana Pacers",2025,"0022400788","20250220",-15.6,27.55,FALSE
1630169,"Tyrese Haliburton","1610612754","Indiana Pacers",2025,"0022400788","20250220",5.8,30.25,FALSE
1630169,"Tyrese Haliburton","1610612754","Indiana Pacers",2025,"0022400788","20250220",-20.1,24.95,FALSE
1630169,"Tyrese Haliburton","1610612754","Indiana Pacers",2025,"0022400788","20250220",-22.8,14.85,TRUE
1630169,"Tyrese Haliburton","1610612754","Indiana Pacers",2025,"0022400788","20250220",-10.6,31.35,TRUE
1630169,"Tyrese Haliburton","1610612754","Indiana Pacers",2025,"0022400788","20250220",-4,11.45,TRUE
1630169,"Tyrese Haliburton","1610612754","Indiana Pacers",2025,"0022400788","20250220",-2.5,15.05,TRUE
1630169,"Tyrese Haliburton","1610612754","Indiana Pacers",2025,"0022400788","20250220",1.7,31.35,TRUE
1630169,"Tyrese Haliburton","1610612754","Indiana Pacers",2025,"0022400788","20250220",-2.8,13.25,TRUE
1630169,"Tyrese Haliburton","1610612754","Indiana Pacers",2025,"0022400788","20250220",0.7,32.55,FALSE
1630169,"Tyrese Haliburton","1610612754","Indiana Pacers",2025,"0022400788","20250220",-8.5,9.15,TRUE
1630169,"Tyrese Haliburton","1610612754","Indiana Pacers",2025,"0022400788","20250220",-14.3,27.15,FALSE
1630169,"Tyrese Haliburton","1610612754","Indiana Pacers",2025,"0022400788","20250220",-2.6,10.85,TRUE
1630169,"Tyrese Haliburton","1610612754","Indiana Pacers",2025,"0022400788","20250220",-7,32.85,FALSE
1630169,"Tyrese Haliburton","1610612754","Indiana Pacers",2025,"0022400788","20250220",-1.9,33.15,TRUE
1630169,"Tyrese Haliburton","1610612754","Indiana Pacers",2025,"0022400813","20250223",11.6,18.45,FALSE
1630169,"Tyrese Haliburton","1610612754","Indiana Pacers",2025,"0022400813","20250223",-0.1,34.75,TRUE
1630169,"Tyrese Haliburton","1610612754","Indiana Pacers",2025,"0022400813","20250223",4.2,34.65,FALSE
1630169,"Tyrese Haliburton","1610612754","Indiana Pacers",2025,"0022400813","20250223",7.2,30.55,FALSE
1630169,"Tyrese Haliburton","1610612754","Indiana Pacers",2025,"0022400813","20250223",-4.2,18.25,TRUE
1630169,"Tyrese Haliburton","1610612754","Indiana Pacers",2025,"0022400813","20250223",-1,7.25,TRUE
1630169,"Tyrese Haliburton","1610612754","Indiana Pacers",2025,"0022400813","20250223",0.2,12.05,TRUE
1630169,"Tyrese Haliburton","1610612754","Indiana Pacers",2025,"0022400813","20250223",-0.4,6.25,TRUE
1630169,"Tyrese Haliburton","1610612754","Indiana Pacers",2025,"0022400813","20250223",-2.8,21.75,TRUE
1630169,"Tyrese Haliburton","1610612754","Indiana Pacers",2025,"0022400813","20250223",-2.6,31.55,TRUE
1630169,"Tyrese Haliburton","1610612754","Indiana Pacers",2025,"0022400813","20250223",-20.8,20.35,TRUE
1630169,"Tyrese Haliburton","1610612754","Indiana Pacers",2025,"0022400813","20250223",18.6,27.55,TRUE
1630169,"Tyrese Haliburton","1610612754","Indiana Pacers",2025,"0022400813","20250223",11.8,33.35,FALSE
1630169,"Tyrese Haliburton","1610612754","Indiana Pacers",2025,"0022400813","20250223",-4.4,36.65,FALSE
1630169,"Tyrese Haliburton","1610612754","Indiana Pacers",2025,"0022400822","20250224",23,17.85,TRUE
1630169,"Tyrese Haliburton","1610612754","Indiana Pacers",2025,"0022400822","20250224",23.2,6.55,FALSE
1630169,"Tyrese Haliburton","1610612754","Indiana Pacers",2025,"0022400822","20250224",-17.6,23.65,TRUE
1630169,"Tyrese Haliburton","1610612754","Indiana Pacers",2025,"0022400822","20250224",19,21.05,TRUE
1630169,"Tyrese Haliburton","1610612754","Indiana Pacers",2025,"0022400822","20250224",-10.4,33.45,FALSE
1630169,"Tyrese Haliburton","1610612754","Indiana Pacers",2025,"0022400822","20250224",20.3,19.95,TRUE
1630169,"Tyrese Haliburton","1610612754","Indiana Pacers",2025,"0022400822","20250224",11.6,32.35,TRUE
1630169,"Tyrese Haliburton","1610612754","Indiana Pacers",2025,"0022400822","20250224",0.1,32.45,FALSE
1630169,"Tyrese Haliburton","1610612754","Indiana Pacers",2025,"0022400822","20250224",0,5.55,TRUE
1630169,"Tyrese Haliburton","1610612754","Indiana Pacers",2025,"0022400822","20250224",12.7,27.05,FALSE
1630169,"Tyrese Haliburton","1610612754","Indiana Pacers",2025,"0022400822","20250224",-8.7,48.95,FALSE
1630169,"Tyrese Haliburton","1610612754","Indiana Pacers",2025,"0022400837","20250226",7.2,32.15,TRUE
1630169,"Tyrese Haliburton","1610612754","Indiana Pacers",2025,"0022400837","20250226",-19.7,27.95,TRUE
1630169,"Tyrese Haliburton","1610612754","Indiana Pacers",2025,"0022400837","20250226",12.3,28.95,TRUE
1630169,"Tyrese Haliburton","1610612754","Indiana Pacers",2025,"0022400837","20250226",-4.5,37.95,TRUE
1630169,"Tyrese Haliburton","1610612754","Indiana Pacers",2025,"0022400837","20250226",-10.8,31.65,FALSE
1630169,"Tyrese Haliburton","1610612754","Indiana Pacers",2025,"0022400837","20250226",9.8,32.15,FALSE
1630169,"Tyrese Haliburton","1610612754","Indiana Pacers",2025,"0022400837","20250226",-21.7,22.45,TRUE
1630169,"Tyrese Haliburton","1610612754","Indiana Pacers",2025,"0022400837","20250226",-0.5,16.35,TRUE
1630169,"Tyrese Haliburton","1610612754","Indiana Pacers",2025,"0022400837","20250226",-1.7,5.95,TRUE
1630169,"Tyrese Haliburton","1610612754","Indiana Pacers",2025,"0022400837","20250226",9.7,10.55,TRUE
1630169,"Tyrese Haliburton","1610612754","Indiana Pacers",2025,"0022400837","20250226",-1.6,6.55,TRUE
1630169,"Tyrese Haliburton","1610612754","Indiana Pacers",2025,"0022400837","20250226",-16.4,29.15,TRUE
1630169,"Tyrese Haliburton","1610612754","Indiana Pacers",2025,"0022400837","20250226",5.3,32.05,TRUE
1630169,"Tyrese Haliburton","1610612754","Indiana Pacers",2025,"0022400837","20250226",2.2,4.75,FALSE
1630169,"Tyrese Haliburton","1610612754","Indiana Pacers",2025,"0022400837","20250226",-1,5.25,TRUE
1630169,"Tyrese Haliburton","1610612754","Indiana Pacers",2025,"0022400854","20250228",-4.5,6.15,FALSE
1630169,"Tyrese Haliburton","1610612754","Indiana Pacers",2025,"0022400854","20250228",-0.7,20.25,FALSE
1630169,"Tyrese Haliburton","1610612754","Indiana Pacers",2025,"0022400854","20250228",-6.4,29.15,TRUE
1630169,"Tyrese Haliburton","1610612754","Indiana Pacers",2025,"0022400854","20250228",5,29.95,TRUE
1630169,"Tyrese Haliburton","1610612754","Indiana Pacers",2025,"0022400854","20250228",-21.3,19.05,TRUE
1630169,"Tyrese Haliburton","1610612754","Indiana Pacers",2025,"0022400854","20250228",-7,20.75,FALSE
1630169,"Tyrese Haliburton","1610612754","Indiana Pacers",2025,"0022400854","20250228",0.1,12.35,FALSE
1630169,"Tyrese Haliburton","1610612754","Indiana Pacers",2025,"0022400854","20250228",12.1,23.85,TRUE
1630169,"Tyrese Haliburton","1610612754","Indiana Pacers",2025,"0022400854","20250228",-9.3,9.85,TRUE
1630169,"Tyrese Haliburton","1610612754","Indiana Pacers",2025,"0022400854","20250228",-0.5,6.25,TRUE
1630169,"Tyrese Haliburton","1610612754","Indiana Pacers",2025,"0022400854","20250228",-2.6,6.45,FALSE
1630169,"Tyrese Haliburton","1610612754","Indiana Pacers",2025,"0022400854","20250228",-20.8,18.25,FALSE
1630169,"Tyrese Haliburton","1610612754","Indiana Pacers",2025,"0022400854","20250228",-0.5,36.15,FALSE
1630169,"Tyrese Haliburton","1610612754","Indiana Pacers",2025,"0022400854","20250228",0.1,5.75,TRUE
1630169,"Tyrese Haliburton","1610612754","Indiana Pacers",2025,"0022400854","20250228",-11.3,17.85,TRUE
1630169,"Tyrese Haliburton","1610612754","Indiana Pacers",2025,"0022400868","20250302",-1.8,15.05,TRUE
1630169,"Tyrese Haliburton","1610612754","Indiana Pacers",2025,"0022400868","20250302",-1.2,23.45,FALSE
1630169,"Tyrese Haliburton","1610612754","Indiana Pacers",2025,"0022400868","20250302",-11.2,33.75,FALSE
1630169,"Tyrese Haliburton","1610612754","Indiana Pacers",2025,"0022400868","20250302",-6.9,11.55,TRUE
1630169,"Tyrese Haliburton","1610612754","Indiana Pacers",2025,"0022400868","20250302",-7.4,33.45,TRUE
1630169,"Tyrese Haliburton","1610612754","Indiana Pacers",2025,"0022400868","20250302",-20.2,20.05,TRUE
1630169,"Tyrese Haliburton","1610612754","Indiana Pacers",2025,"0022400868","20250302",1.8,5.15,FALSE
1630169,"Tyrese Haliburton","1610612754","Indiana Pacers",2025,"0022400868","20250302",-12.6,16.85,TRUE
1630169,"Tyrese Haliburton","1610612754","Indiana Pacers",2025,"0022400868","20250302",-12.3,15.25,TRUE
1630169,"Tyrese Haliburton","1610612754","Indiana Pacers",2025,"0022400868","20250302",8.3,40.85,FALSE
1630169,"Tyrese Haliburton","1610612754","Indiana Pacers",2025,"0022400868","20250302",0,5.25,TRUE
1630169,"Tyrese Haliburton","1610612754","Indiana Pacers",2025,"0022400868","20250302",-15,12.55,FALSE
1630169,"Tyrese Haliburton","1610612754","Indiana Pacers",2025,"0022400882","20250304",-4.7,7.95,TRUE
1630169,"Tyrese Haliburton","1610612754","Indiana Pacers",2025,"0022400882","20250304",10.9,18.65,FALSE
1630169,"Tyrese Haliburton","1610612754","Indiana Pacers",2025,"0022400882","20250304",-0.7,21.15,FALSE
1630169,"Tyrese Haliburton","1610612754","Indiana Pacers",2025,"0022400882","20250304",-14.3,21.15,FALSE
1630169,"Tyrese Haliburton","1610612754","Indiana Pacers",2025,"0022400882","20250304",22.8,9.35,TRUE
1630169,"Tyrese Haliburton","1610612754","Indiana Pacers",2025,"0022400882","20250304",-7,31.45,FALSE
1630169,"Tyrese Haliburton","1610612754","Indiana Pacers",2025,"0022400882","20250304",0.4,30.35,TRUE
1630169,"Tyrese Haliburton","1610612754","Indiana Pacers",2025,"0022400882","20250304",4.9,32.55,TRUE
1630169,"Tyrese Haliburton","1610612754","Indiana Pacers",2025,"0022400882","20250304",-4.7,8.15,TRUE
1630169,"Tyrese Haliburton","1610612754","Indiana Pacers",2025,"0022400882","20250304",21.7,20.35,TRUE
1630169,"Tyrese Haliburton","1610612754","Indiana Pacers",2025,"0022400882","20250304",20.7,24.25,FALSE
1630169,"Tyrese Haliburton","1610612754","Indiana Pacers",2025,"0022400882","20250304",-1.2,8.35,TRUE
1630169,"Tyrese Haliburton","1610612754","Indiana Pacers",2025,"0022400882","20250304",-3.4,10.15,FALSE
1630169,"Tyrese Haliburton","1610612754","Indiana Pacers",2025,"0022400882","20250304",-11.4,9.55,TRUE
1630169,"Tyrese Haliburton","1610612754","Indiana Pacers",2025,"0022400882","20250304",10.7,30.65,TRUE
1630169,"Tyrese Haliburton","1610612754","Indiana Pacers",2025,"0022400882","20250304",-19.5,19.95,FALSE
1630169,"Tyrese Haliburton","1610612754","Indiana Pacers",2025,"0022400942","20250311",4.3,31.15,FALSE
1630169,"Tyrese Haliburton","1610612754","Indiana Pacers",2025,"0022400942","20250311",-14.2,25.65,FALSE
1630169,"Tyrese Haliburton","1610612754","Indiana Pacers",2025,"0022400942","20250311",0,8.35,TRUE
1630169,"Tyrese Haliburton","1610612754","Indiana Pacers",2025,"0022400942","20250311",-16.5,25.95,FALSE
1630169,"Tyrese Haliburton","1610612754","Indiana Pacers",2025,"0022400942","20250311",12.6,10.75,FALSE
1630169,"Tyrese Haliburton","1610612754","Indiana Pacers",2025,"0022400942","20250311",-1.7,16.55,FALSE
1630169,"Tyrese Haliburton","1610612754","Indiana Pacers",2025,"0022400942","20250311",10.5,30.85,TRUE
1630169,"Tyrese Haliburton","1610612754","Indiana Pacers",2025,"0022400942","20250311",-17.9,11.05,FALSE
1630169,"Tyrese Haliburton","1610612754","Indiana Pacers",2025,"0022400942","20250311",-1.7,8.65,TRUE
1630169,"Tyrese Haliburton","1610612754","Indiana Pacers",2025,"0022400942","20250311",-1.7,4.75,TRUE
1630169,"Tyrese Haliburton","1610612754","Indiana Pacers",2025,"0022400942","20250311",-21.6,24.55,FALSE
1630169,"Tyrese Haliburton","1610612754","Indiana Pacers",2025,"0022400942","20250311",22.2,3.65,TRUE
1630169,"Tyrese Haliburton","1610612754","Indiana Pacers",2025,"0022400959","20250314",12.4,27.05,FALSE
1630169,"Tyrese Haliburton","1610612754","Indiana Pacers",2025,"0022400959","20250314",14.3,29.15,FALSE
1630169,"Tyrese Haliburton","1610612754","Indiana Pacers",2025,"0022400959","20250314",-2.1,25.75,FALSE
1630169,"Tyrese Haliburton","1610612754","Indiana Pacers",2025,"0022400959","20250314",-1.5,16.25,FALSE
1630169,"Tyrese Haliburton","1610612754","Indiana Pacers",2025,"0022400959","20250314",-0.4,5.55,TRUE
1630169,"Tyrese Haliburton","1610612754","Indiana Pacers",2025,"0022400959","20250314",-22.7,16.75,FALSE
1630169,"Tyrese Haliburton","1610612754","Indiana Pacers",2025,"0022400959","20250314",0.4,6.85,FALSE
1630169,"Tyrese Haliburton","1610612754","Indiana Pacers",2025,"0022400959","20250314",-21.1,22.45,TRUE
1630169,"Tyrese Haliburton","1610612754","Indiana Pacers",2025,"0022400959","20250314",0.2,7.95,TRUE
1630169,"Tyrese Haliburton","1610612754","Indiana Pacers",2025,"0022400959","20250314",23.7,8.15,FALSE
1630169,"Tyrese Haliburton","1610612754","Indiana Pacers",2025,"0022400959","20250314",0,5.25,TRUE
1630169,"Tyrese Haliburton","1610612754","Indiana Pacers",2025,"0022400959","20250314",-3.8,32.95,TRUE
1630169,"Tyrese Haliburton","1610612754","Indiana Pacers",2025,"0022400959","20250314",-2.2,34.05,FALSE
1630169,"Tyrese Haliburton","1610612754","Indiana Pacers",2025,"0022400972","20250315",-13.1,31.05,TRUE
1630169,"Tyrese Haliburton","1610612754","Indiana Pacers",2025,"0022400972","20250315",11.6,28.85,TRUE
1630169,"Tyrese Haliburton","1610612754","Indiana Pacers",2025,"0022400972","20250315",-8.9,17.85,TRUE
1630169,"Tyrese Haliburton","1610612754","Indiana Pacers",2025,"0022400972","20250315",-21.2,23.65,FALSE
1630169,"Tyrese Haliburton","1610612754","Indiana Pacers",2025,"0022400972","20250315",0.6,5.15,TRUE
1630169,"Tyrese Haliburton","1610612754","Indiana Pacers",2025,"0022400972","20250315",-13.8,17.95,FALSE
1630169,"Tyrese Haliburton","1610612754","Indiana Pacers",2025,"0022400972","20250315",-19,25.65,FALSE
1630169,"Tyrese Haliburton","1610612754","Indiana Pacers",2025,"0022400972","20250315",-6,7.65,FALSE
1630169,"Tyrese Haliburton","1610612754","Indiana Pacers",2025,"0022400972","20250315",-22.4,6.05,FALSE
1630169,"Tyrese Haliburton","1610612754","Indiana Pacers",2025,"0022400972","20250315",-9.8,14.85,FALSE
1630169,"Tyrese Haliburton","1610612754","Indiana Pacers",2025,"0022400972","20250315",-0.5,6.55,TRUE
1630169,"Tyrese Haliburton","1610612754","Indiana Pacers",2025,"0022400972","20250315",-0.9,6.75,TRUE
1630169,"Tyrese Haliburton","1610612754","Indiana Pacers",2025,"0022400972","20250315",1.6,33.35,FALSE
1630169,"Tyrese Haliburton","1610612754","Indiana Pacers",2025,"0022400972","20250315",17.9,19.75,TRUE
1630169,"Tyrese Haliburton","1610612754","Indiana Pacers",2025,"0022400972","20250315",-0.2,6.05,TRUE
1630169,"Tyrese Haliburton","1610612754","Indiana Pacers",2025,"0022400972","20250315",-0.5,5.95,TRUE
1630169,"Tyrese Haliburton","1610612754","Indiana Pacers",2025,"0022401024","20250322",-0.5,16.25,TRUE
1630169,"Tyrese Haliburton","1610612754","Indiana Pacers",2025,"0022401024","20250322",-12.7,28.75,FALSE
1630169,"Tyrese Haliburton","1610612754","Indiana Pacers",2025,"0022401024","20250322",-4,7.25,TRUE
1630169,"Tyrese Haliburton","1610612754","Indiana Pacers",2025,"0022401024","20250322",-14.3,14.25,TRUE
1630169,"Tyrese Haliburton","1610612754","Indiana Pacers",2025,"0022401024","20250322",11,30.05,FALSE
1630169,"Tyrese Haliburton","1610612754","Indiana Pacers",2025,"0022401024","20250322",20.1,20.35,TRUE
1630169,"Tyrese Haliburton","1610612754","Indiana Pacers",2025,"0022401024","20250322",3.8,7.45,FALSE
1630169,"Tyrese Haliburton","1610612754","Indiana Pacers",2025,"0022401024","20250322",-10.9,29.55,FALSE
1630169,"Tyrese Haliburton","1610612754","Indiana Pacers",2025,"0022401024","20250322",5.4,13.75,TRUE
1630169,"Tyrese Haliburton","1610612754","Indiana Pacers",2025,"0022401024","20250322",-6.9,36.65,FALSE
1630169,"Tyrese Haliburton","1610612754","Indiana Pacers",2025,"0022401024","20250322",-20.6,22.35,FALSE
1630169,"Tyrese Haliburton","1610612754","Indiana Pacers",2025,"0022401024","20250322",-2.7,6.85,FALSE
1630169,"Tyrese Haliburton","1610612754","Indiana Pacers",2025,"0022401024","20250322",0,5.25,FALSE
1630169,"Tyrese Haliburton","1610612754","Indiana Pacers",2025,"0022401037","20250324",0,31.55,FALSE
1630169,"Tyrese Haliburton","1610612754","Indiana Pacers",2025,"0022401037","20250324",1.7,5.75,TRUE
1630169,"Tyrese Haliburton","1610612754","Indiana Pacers",2025,"0022401037","20250324",-7.7,14.15,TRUE
1630169,"Tyrese Haliburton","1610612754","Indiana Pacers",2025,"0022401037","20250324",15.9,17.25,FALSE
1630169,"Tyrese Haliburton","1610612754","Indiana Pacers",2025,"0022401037","20250324",3.6,6.85,TRUE
1630169,"Tyrese Haliburton","1610612754","Indiana Pacers",2025,"0022401037","20250324",-3.2,10.55,TRUE
1630169,"Tyrese Haliburton","1610612754","Indiana Pacers",2025,"0022401037","20250324",-9.7,21.35,FALSE
1630169,"Tyrese Haliburton","1610612754","Indiana Pacers",2025,"0022401037","20250324",-11.6,8.95,TRUE
1630169,"Tyrese Haliburton","1610612754","Indiana Pacers",2025,"0022401037","20250324",-16.5,23.15,FALSE
1630169,"Tyrese Haliburton","1610612754","Indiana Pacers",2025,"0022401037","20250324",18.3,24.75,TRUE
1630169,"Tyrese Haliburton","1610612754","Indiana Pacers",2025,"0022401037","20250324",-22.3,17.25,TRUE
1630169,"Tyrese Haliburton","1610612754","Indiana Pacers",2025,"0022401037","20250324",-11.5,30.55,TRUE
1630169,"Tyrese Haliburton","1610612754","Indiana Pacers",2025,"0022401037","20250324",11.5,24.35,TRUE
1630169,"Tyrese Haliburton","1610612754","Indiana Pacers",2025,"0022401037","20250324",13.1,30.15,FALSE
1630169,"Tyrese Haliburton","1610612754","Indiana Pacers",2025,"0022401037","20250324",-0.1,18.35,FALSE
1630169,"Tyrese Haliburton","1610612754","Indiana Pacers",2025,"0022401037","20250324",1,32.15,FALSE
1630169,"Tyrese Haliburton","1610612754","Indiana Pacers",2025,"0022401055","20250326",-23.2,11.55,FALSE
1630169,"Tyrese Haliburton","1610612754","Indiana Pacers",2025,"0022401055","20250326",-14.2,27.35,FALSE
1630169,"Tyrese Haliburton","1610612754","Indiana Pacers",2025,"0022401055","20250326",-2.2,32.65,TRUE
1630169,"Tyrese Haliburton","1610612754","Indiana Pacers",2025,"0022401055","20250326",-0.6,4.75,TRUE
1630169,"Tyrese Haliburton","1610612754","Indiana Pacers",2025,"0022401055","20250326",-8.2,31.25,FALSE
1630169,"Tyrese Haliburton","1610612754","Indiana Pacers",2025,"0022401055","20250326",-10.4,14.85,TRUE
1630169,"Tyrese Haliburton","1610612754","Indiana Pacers",2025,"0022401055","20250326",-6.9,30.05,FALSE
1630169,"Tyrese Haliburton","1610612754","Indiana Pacers",2025,"0022401055","20250326",2,6.95,FALSE
1630169,"Tyrese Haliburton","1610612754","Indiana Pacers",2025,"0022401055","20250326",-6.5,11.85,TRUE
1630169,"Tyrese Haliburton","1610612754","Indiana Pacers",2025,"0022401055","20250326",6,29.75,FALSE
1630169,"Tyrese Haliburton","1610612754","Indiana Pacers",2025,"0022401055","20250326",-13.1,28.75,FALSE
1630169,"Tyrese Haliburton","1610612754","Indiana Pacers",2025,"0022401055","20250326",-14.3,21.35,TRUE
1630169,"Tyrese Haliburton","1610612754","Indiana Pacers",2025,"0022401055","20250326",-7.5,30.75,FALSE
1630169,"Tyrese Haliburton","1610612754","Indiana Pacers",2025,"0022401055","20250326",-0.6,30.75,FALSE
1630169,"Tyrese Haliburton","1610612754","Indiana Pacers",2025,"0022401055","20250326",-1.1,6.95,TRUE
1630169,"Tyrese Haliburton","1610612754","Indiana Pacers",2025,"0022401055","20250326",-6.4,14.05,TRUE
1630169,"Tyrese Haliburton","1610612754","Indiana Pacers",2025,"0022401061","20250327",-11.6,29.45,TRUE
1630169,"Tyrese Haliburton","1610612754","Indiana Pacers",2025,"0022401061","20250327",-6.1,32.15,FALSE
1630169,"Tyrese Haliburton","1610612754","Indiana Pacers",2025,"0022401061","20250327",-23.3,11.55,TRUE
1630169,"Tyrese Haliburton","1610612754","Indiana Pacers",2025,"0022401061","20250327",-15.4,27.25,TRUE
1630169,"Tyrese Haliburton","1610612754","Indiana Pacers",2025,"0022401061","20250327",0.1,36.95,TRUE
1630169,"Tyrese Haliburton","1610612754","Indiana Pacers",2025,"0022401061","20250327",-9.4,23.25,TRUE
1630169,"Tyrese Haliburton","1610612754","Indiana Pacers",2025,"0022401061","20250327",13.2,40.15,FALSE
1630169,"Tyrese Haliburton","1610612754","Indiana Pacers",2025,"0022401061","20250327",-22.1,17.95,TRUE
1630169,"Tyrese Haliburton","1610612754","Indiana Pacers",2025,"0022401061","20250327",-16.4,24.35,FALSE
1630169,"Tyrese Haliburton","1610612754","Indiana Pacers",2025,"0022401061","20250327",-12.6,20.25,FALSE
1630169,"Tyrese Haliburton","1610612754","Indiana Pacers",2025,"0022401061","20250327",-1,5.75,TRUE
1630169,"Tyrese Haliburton","1610612754","Indiana Pacers",2025,"0022401061","20250327",-1.2,6.55,FALSE
1630169,"Tyrese Haliburton","1610612754","Indiana Pacers",2025,"0022401061","20250327",5.8,30.45,TRUE
1630169,"Tyrese Haliburton","1610612754","Indiana Pacers",2025,"0022401061","20250327",-15.3,30.95,TRUE
1630169,"Tyrese Haliburton","1610612754","Indiana Pacers",2025,"0022401061","20250327",-0.4,6.05,FALSE
1630169,"Tyrese Haliburton","1610612754","Indiana Pacers",2025,"0022401079","20250329",0.5,32.85,TRUE
1630169,"Tyrese Haliburton","1610612754","Indiana Pacers",2025,"0022401079","20250329",19.1,22.55,TRUE
1630169,"Tyrese Haliburton","1610612754","Indiana Pacers",2025,"0022401079","20250329",-12.1,30.55,FALSE
1630169,"Tyrese Haliburton","1610612754","Indiana Pacers",2025,"0022401079","20250329",10,32.35,FALSE
1630169,"Tyrese Haliburton","1610612754","Indiana Pacers",2025,"0022401079","20250329",-13.7,22.65,FALSE
1630169,"Tyrese Haliburton","1610612754","Indiana Pacers",2025,"0022401079","20250329",-1.7,30.95,TRUE
1630169,"Tyrese Haliburton","1610612754","Indiana Pacers",2025,"0022401079","20250329",0.2,30.95,FALSE
1630169,"Tyrese Haliburton","1610612754","Indiana Pacers",2025,"0022401079","20250329",-22.9,8.35,FALSE
1630169,"Tyrese Haliburton","1610612754","Indiana Pacers",2025,"0022401079","20250329",1.7,6.55,TRUE
1630169,"Tyrese Haliburton","1610612754","Indiana Pacers",2025,"0022401079","20250329",-0.9,6.55,TRUE
1630169,"Tyrese Haliburton","1610612754","Indiana Pacers",2025,"0022401079","20250329",-12.7,30.85,TRUE
1630169,"Tyrese Haliburton","1610612754","Indiana Pacers",2025,"0022401079","20250329",-15,25.95,FALSE
1630169,"Tyrese Haliburton","1610612754","Indiana Pacers",2025,"0022401090","20250331",-15.7,26.25,TRUE
1630169,"Tyrese Haliburton","1610612754","Indiana Pacers",2025,"0022401090","20250331",-1.8,6.85,FALSE
1630169,"Tyrese Haliburton","1610612754","Indiana Pacers",2025,"0022401090","20250331",-13.7,8.65,TRUE
1630169,"Tyrese Haliburton","1610612754","Indiana Pacers",2025,"0022401090","20250331",0.4,12.75,FALSE
1630169,"Tyrese Haliburton","1610612754","Indiana Pacers",2025,"0022401090","20250331",-2.3,6.55,FALSE
1630169,"Tyrese Haliburton","1610612754","Indiana Pacers",2025,"0022401090","20250331",-9.2,23.55,FALSE
1630169,"Tyrese Haliburton","1610612754","Indiana Pacers",2025,"0022401090","20250331",-1.2,6.95,TRUE
1630169,"Tyrese Haliburton","1610612754","Indiana Pacers",2025,"0022401090","20250331",-23,8.65,FALSE
1630169,"Tyrese Haliburton","1610612754","Indiana Pacers",2025,"0022401090","20250331",0.7,8.35,TRUE
1630169,"Tyrese Haliburton","1610612754","Indiana Pacers",2025,"0022401090","20250331",-19.7,23.45,FALSE
1630169,"Tyrese Haliburton","1610612754","Indiana Pacers",2025,"0022401090","20250331",-4.3,13.65,TRUE
1630169,"Tyrese Haliburton","1610612754","Indiana Pacers",2025,"0022401090","20250331",-4.7,8.95,TRUE
1630169,"Tyrese Haliburton","1610612754","Indiana Pacers",2025,"0022401090","20250331",-8.5,28.85,TRUE
1630169,"Tyrese Haliburton","1610612754","Indiana Pacers",2025,"0022401104","20250402",-3.1,17.85,TRUE
1630169,"Tyrese Haliburton","1610612754","Indiana Pacers",2025,"0022401104","20250402",-11.5,29.25,TRUE
1630169,"Tyrese Haliburton","1610612754","Indiana Pacers",2025,"0022401104","20250402",0.9,34.05,TRUE
1630169,"Tyrese Haliburton","1610612754","Indiana Pacers",2025,"0022401104","20250402",-2.7,11.35,FALSE
1630169,"Tyrese Haliburton","1610612754","Indiana Pacers",2025,"0022401104","20250402",20.3,19.45,FALSE
1630169,"Tyrese Haliburton","1610612754","Indiana Pacers",2025,"0022401104","20250402",1.3,21.45,FALSE
1630169,"Tyrese Haliburton","1610612754","Indiana Pacers",2025,"0022401104","20250402",-11.8,11.55,TRUE
1630169,"Tyrese Haliburton","1610612754","Indiana Pacers",2025,"0022401104","20250402",-20.6,20.85,FALSE
1630169,"Tyrese Haliburton","1610612754","Indiana Pacers",2025,"0022401104","20250402",4.7,11.85,TRUE
1630169,"Tyrese Haliburton","1610612754","Indiana Pacers",2025,"0022401104","20250402",0,6.25,TRUE
1630169,"Tyrese Haliburton","1610612754","Indiana Pacers",2025,"0022401104","20250402",11.9,9.05,FALSE
1630169,"Tyrese Haliburton","1610612754","Indiana Pacers",2025,"0022401104","20250402",-14.1,17.05,FALSE
1630169,"Tyrese Haliburton","1610612754","Indiana Pacers",2025,"0022401104","20250402",-22.5,5.65,TRUE
1630169,"Tyrese Haliburton","1610612754","Indiana Pacers",2025,"0022401104","20250402",-1.8,7.35,TRUE
1630169,"Tyrese Haliburton","1610612754","Indiana Pacers",2025,"0022401104","20250402",14.7,27.55,TRUE
1630169,"Tyrese Haliburton","1610612754","Indiana Pacers",2025,"0022401119","20250404",-9.1,34.25,FALSE
1630169,"Tyrese Haliburton","1610612754","Indiana Pacers",2025,"0022401119","20250404",17,25.15,FALSE
1630169,"Tyrese Haliburton","1610612754","Indiana Pacers",2025,"0022401119","20250404",-5,13.45,FALSE
1630169,"Tyrese Haliburton","1610612754","Indiana Pacers",2025,"0022401119","20250404",-5.4,31.35,TRUE
1630169,"Tyrese Haliburton","1610612754","Indiana Pacers",2025,"0022401119","20250404",-23.7,6.35,FALSE
1630169,"Tyrese Haliburton","1610612754","Indiana Pacers",2025,"0022401119","20250404",-18.5,25.55,FALSE
1630169,"Tyrese Haliburton","1610612754","Indiana Pacers",2025,"0022401119","20250404",-1.2,9.75,TRUE
1630169,"Tyrese Haliburton","1610612754","Indiana Pacers",2025,"0022401119","20250404",1.1,10.65,TRUE
1630169,"Tyrese Haliburton","1610612754","Indiana Pacers",2025,"0022401119","20250404",4.8,10.15,FALSE
1630169,"Tyrese Haliburton","1610612754","Indiana Pacers",2025,"0022401119","20250404",2.2,6.25,TRUE
1630169,"Tyrese Haliburton","1610612754","Indiana Pacers",2025,"0022401119","20250404",2.7,6.45,TRUE
1630169,"Tyrese Haliburton","1610612754","Indiana Pacers",2025,"0022401119","20250404",17.8,24.25,TRUE
1630169,"Tyrese Haliburton","1610612754","Indiana Pacers",2025,"0022401119","20250404",-5,19.65,TRUE
1630169,"Tyrese Haliburton","1610612754","Indiana Pacers",2025,"0022401142","20250406",17.6,57.15,FALSE
1630169,"Tyrese Haliburton","1610612754","Indiana Pacers",2025,"0022401142","20250406",12,28.25,FALSE
1630169,"Tyrese Haliburton","1610612754","Indiana Pacers",2025,"0022401142","20250406",-10.3,29.25,FALSE
1630169,"Tyrese Haliburton","1610612754","Indiana Pacers",2025,"0022401142","20250406",0.6,31.45,TRUE
1630169,"Tyrese Haliburton","1610612754","Indiana Pacers",2025,"0022401142","20250406",9.2,12.35,TRUE
1630169,"Tyrese Haliburton","1610612754","Indiana Pacers",2025,"0022401142","20250406",-2.6,13.55,TRUE
1630169,"Tyrese Haliburton","1610612754","Indiana Pacers",2025,"0022401142","20250406",-15.9,29.95,FALSE
1630169,"Tyrese Haliburton","1610612754","Indiana Pacers",2025,"0022401142","20250406",-16.1,25.35,FALSE
1630169,"Tyrese Haliburton","1610612754","Indiana Pacers",2025,"0022401148","20250408",-7.5,5.45,FALSE
1630169,"Tyrese Haliburton","1610612754","Indiana Pacers",2025,"0022401148","20250408",-0.4,3.95,FALSE
1630169,"Tyrese Haliburton","1610612754","Indiana Pacers",2025,"0022401148","20250408",-10.2,31.65,FALSE
1630169,"Tyrese Haliburton","1610612754","Indiana Pacers",2025,"0022401148","20250408",-1.3,11.15,TRUE
1630169,"Tyrese Haliburton","1610612754","Indiana Pacers",2025,"0022401148","20250408",-2,33.35,FALSE
1630169,"Tyrese Haliburton","1610612754","Indiana Pacers",2025,"0022401148","20250408",-24.4,8.35,TRUE
1630169,"Tyrese Haliburton","1610612754","Indiana Pacers",2025,"0022401148","20250408",4.2,33.45,FALSE
1630169,"Tyrese Haliburton","1610612754","Indiana Pacers",2025,"0022401148","20250408",-0.5,6.75,TRUE
1630169,"Tyrese Haliburton","1610612754","Indiana Pacers",2025,"0022401148","20250408",0,33.55,TRUE
1630169,"Tyrese Haliburton","1610612754","Indiana Pacers",2025,"0022401148","20250408",-11,31.65,FALSE
1630169,"Tyrese Haliburton","1610612754","Indiana Pacers",2025,"0022401148","20250408",8.7,30.75,TRUE
1630169,"Tyrese Haliburton","1610612754","Indiana Pacers",2025,"0022401168","20250410",-18.5,28.25,TRUE
1630169,"Tyrese Haliburton","1610612754","Indiana Pacers",2025,"0022401168","20250410",1.3,37.05,FALSE
1630169,"Tyrese Haliburton","1610612754","Indiana Pacers",2025,"0022401168","20250410",-11,30.05,FALSE
1630169,"Tyrese Haliburton","1610612754","Indiana Pacers",2025,"0022401168","20250410",-18.4,20.45,FALSE
1630169,"Tyrese Haliburton","1610612754","Indiana Pacers",2025,"0022401168","20250410",-8.8,19.25,TRUE
1630169,"Tyrese Haliburton","1610612754","Indiana Pacers",2025,"0022401168","20250410",-2,5.25,TRUE
1630169,"Tyrese Haliburton","1610612754","Indiana Pacers",2025,"0022401168","20250410",0,23.85,TRUE
1630169,"Tyrese Haliburton","1610612754","Indiana Pacers",2025,"0022401168","20250410",-19.9,24.35,FALSE
1630169,"Tyrese Haliburton","1610612754","Indiana Pacers",2025,"0022401168","20250410",22.9,5.85,TRUE
1630169,"Tyrese Haliburton","1610612754","Indiana Pacers",2025,"0022401168","20250410",-22.2,16.35,FALSE
1630169,"Tyrese Haliburton","1610612754","Indiana Pacers",2025,"0022401168","20250410",-0.9,6.45,FALSE
1630169,"Tyrese Haliburton","1610612754","Indiana Pacers",2025,"0022401168","20250410",1.3,6.95,TRUE
1630169,"Tyrese Haliburton","1610612754","Indiana Pacers",2025,"0022401168","20250410",-14.8,27.25,TRUE
1630169,"Tyrese Haliburton","1610612754","Indiana Pacers",2025,"0022401168","20250410",5.5,30.35,TRUE
1630169,"Tyrese Haliburton","1610612754","Indiana Pacers",2025,"0022401168","20250410",0.6,34.75,FALSE
1630169,"Tyrese Haliburton","1610612754","Indiana Pacers",2025,"0022401168","20250410",-17.5,25.65,FALSE
1630169,"Tyrese Haliburton","1610612754","Indiana Pacers",2025,"0022401209","20241213",-15.7,11.55,FALSE
1630169,"Tyrese Haliburton","1610612754","Indiana Pacers",2025,"0022401209","20241213",22.3,3.15,TRUE
1630169,"Tyrese Haliburton","1610612754","Indiana Pacers",2025,"0022401209","20241213",-16.8,27.05,TRUE
1630169,"Tyrese Haliburton","1610612754","Indiana Pacers",2025,"0022401209","20241213",23.7,11.65,FALSE
1630169,"Tyrese Haliburton","1610612754","Indiana Pacers",2025,"0022401209","20241213",15.2,24.45,FALSE
1630169,"Tyrese Haliburton","1610612754","Indiana Pacers",2025,"0022401209","20241213",-10.3,29.95,TRUE
1630169,"Tyrese Haliburton","1610612754","Indiana Pacers",2025,"0022401209","20241213",-14.1,27.25,TRUE
1630169,"Tyrese Haliburton","1610612754","Indiana Pacers",2025,"0022401209","20241213",-13.6,27.95,FALSE
1630169,"Tyrese Haliburton","1610612754","Indiana Pacers",2025,"0022401209","20241213",17.9,23.95,FALSE
1630169,"Tyrese Haliburton","1610612754","Indiana Pacers",2025,"0022401209","20241213",-4.2,11.85,FALSE
1630169,"Tyrese Haliburton","1610612754","Indiana Pacers",2025,"0022401209","20241213",-3.3,5.55,TRUE
1630169,"Tyrese Haliburton","1610612754","Indiana Pacers",2025,"0022401209","20241213",-15.7,17.45,TRUE
1630169,"Tyrese Haliburton","1610612754","Indiana Pacers",2025,"0022401209","20241213",-2.6,31.45,TRUE
1630169,"Tyrese Haliburton","1610612754","Indiana Pacers",2025,"0022401209","20241213",-19.5,29.25,FALSE
1630169,"Tyrese Haliburton","1610612754","Indiana Pacers",2025,"0022401209","20241213",4.3,6.15,FALSE
1630169,"Tyrese Haliburton","1610612754","Indiana Pacers",2025,"0022401209","20241213",0.1,7.95,TRUE
1630169,"Tyrese Haliburton","1610612754","Indiana Pacers",2025,"0022401209","20241213",-22.7,3.85,TRUE
1630169,"Tyrese Haliburton","1610612754","Indiana Pacers",2025,"0022401209","20241213",19,23.85,TRUE
1630169,"Tyrese Haliburton","1610612754","Indiana Pacers",2025,"0022401209","20241213",20.3,27.05,FALSE
1630169,"Tyrese Haliburton","1610612754","Indiana Pacers",2025,"0022401209","20241213",1.7,7.55,TRUE
1630169,"Tyrese Haliburton","1610612754","Indiana Pacers",2025,"0022401209","20241213",-15.2,27.55,FALSE
1630169,"Tyrese Haliburton","1610612754","Indiana Pacers",2025,"0022401209","20241213",-16.7,26.25,FALSE
1630169,"Tyrese Haliburton","1610612754","Indiana Pacers",2025,"0022401209","20241213",-1.7,15.35,TRUE
1630169,"Tyrese Haliburton","1610612754","Indiana Pacers",2025,"0022401216","20241215",0,30.45,FALSE
1630169,"Tyrese Haliburton","1610612754","Indiana Pacers",2025,"0022401216","20241215",-21.9,16.95,TRUE
1630169,"Tyrese Haliburton","1610612754","Indiana Pacers",2025,"0022401216","20241215",-14.3,26.55,TRUE
1630169,"Tyrese Haliburton","1610612754","Indiana Pacers",2025,"0022401216","20241215",-18,24.25,TRUE
1630169,"Tyrese Haliburton","1610612754","Indiana Pacers",2025,"0022401216","20241215",-16.3,29.55,FALSE
1630169,"Tyrese Haliburton","1610612754","Indiana Pacers",2025,"0022401216","20241215",-8.1,41.25,FALSE
1630169,"Tyrese Haliburton","1610612754","Indiana Pacers",2025,"0022401216","20241215",5.3,11.95,FALSE
1630169,"Tyrese Haliburton","1610612754","Indiana Pacers",2025,"0022401216","20241215",-22.4,14.75,TRUE
1630169,"Tyrese Haliburton","1610612754","Indiana Pacers",2025,"0022401216","20241215",0.7,6.25,TRUE
1630169,"Tyrese Haliburton","1610612754","Indiana Pacers",2025,"0022401216","20241215",1.8,8.95,TRUE
1630169,"Tyrese Haliburton","1610612754","Indiana Pacers",2025,"0022401216","20241215",-7,25.25,FALSE
1630169,"Tyrese Haliburton","1610612754","Indiana Pacers",2025,"0022401216","20241215",-23,5.65,FALSE
1630169,"Tyrese Haliburton","1610612754","Indiana Pacers",2025,"0022401216","20241215",0.5,18.25,FALSE
1630169,"Tyrese Haliburton","1610612754","Indiana Pacers",2025,"0022401216","20241215",-17.3,7.35,FALSE
